market_id,selection_id,runner_name,event_name,interval_pct,timestamp,ltp,market_time,inplay_start
1.122430932,2251410,Rafael Nadal,Rafael Nadal v David Ferrer,0,2015-12-31 15:49:38.253,1.32,2016-01-01 13:00:00,
1.122430932,2251410,Rafael Nadal,Rafael Nadal v David Ferrer,10,2015-12-31 18:03:02.731,1.63,2016-01-01 13:00:00,
1.122430932,2251410,Rafael Nadal,Rafael Nadal v David Ferrer,20,2015-12-31 23:36:29.275,1.44,2016-01-01 13:00:00,
1.122430932,2251410,Rafael Nadal,Rafael Nadal v David Ferrer,30,2016-01-01 03:06:49.897,1.48,2016-01-01 13:00:00,
1.122430932,2251410,Rafael Nadal,Rafael Nadal v David Ferrer,40,2016-01-01 06:34:19.604,1.49,2016-01-01 13:00:00,
1.122430932,2251410,Rafael Nadal,Rafael Nadal v David Ferrer,50,2016-01-01 09:05:12.357,1.48,2016-01-01 13:00:00,
1.122430932,2251410,Rafael Nadal,Rafael Nadal v David Ferrer,60,2016-01-01 09:41:30.409,1.49,2016-01-01 13:00:00,
1.122430932,2251410,Rafael Nadal,Rafael Nadal v David Ferrer,70,2016-01-01 10:44:07.573,1.51,2016-01-01 13:00:00,
1.122430932,2251410,Rafael Nadal,Rafael Nadal v David Ferrer,80,2016-01-01 11:36:31.618,1.5,2016-01-01 13:00:00,
1.122430932,2251410,Rafael Nadal,Rafael Nadal v David Ferrer,90,2016-01-01 12:38:31.953,1.49,2016-01-01 13:00:00,
1.122430932,2251410,Rafael Nadal,Rafael Nadal v David Ferrer,100,2016-01-01 12:59:27.094,1.47,2016-01-01 13:00:00,
1.122430932,2257314,David Ferrer,Rafael Nadal v David Ferrer,0,2015-12-31 17:21:27.111,3.1,2016-01-01 13:00:00,
1.122430932,2257314,David Ferrer,Rafael Nadal v David Ferrer,10,2015-12-31 17:55:28.685,2.72,2016-01-01 13:00:00,
1.122430932,2257314,David Ferrer,Rafael Nadal v David Ferrer,20,2015-12-31 19:21:32.072,3.3,2016-01-01 13:00:00,
1.122430932,2257314,David Ferrer,Rafael Nadal v David Ferrer,30,2016-01-01 03:35:28.412,3.2,2016-01-01 13:00:00,
1.122430932,2257314,David Ferrer,Rafael Nadal v David Ferrer,40,2016-01-01 07:49:25.069,3.15,2016-01-01 13:00:00,
1.122430932,2257314,David Ferrer,Rafael Nadal v David Ferrer,50,2016-01-01 09:17:12.751,3.15,2016-01-01 13:00:00,
1.122430932,2257314,David Ferrer,Rafael Nadal v David Ferrer,60,2016-01-01 10:59:19.292,2.96,2016-01-01 13:00:00,
1.122430932,2257314,David Ferrer,Rafael Nadal v David Ferrer,70,2016-01-01 11:28:17.595,2.98,2016-01-01 13:00:00,
1.122430932,2257314,David Ferrer,Rafael Nadal v David Ferrer,80,2016-01-01 12:32:29.597,3.05,2016-01-01 13:00:00,
1.122430932,2257314,David Ferrer,Rafael Nadal v David Ferrer,90,2016-01-01 12:45:29.811,3.15,2016-01-01 13:00:00,
1.122430932,2257314,David Ferrer,Rafael Nadal v David Ferrer,100,2016-01-01 12:58:31.466,3.05,2016-01-01 13:00:00,
1.122431815,4105819,Milos Raonic,Stan Wawrinka v Milos Raonic,0,2015-12-31 19:25:35.655,2.5,2016-01-01 15:00:00,
1.122431815,4105819,Milos Raonic,Stan Wawrinka v Milos Raonic,10,2016-01-01 08:04:06.228,2.36,2016-01-01 15:00:00,
1.122431815,4105819,Milos Raonic,Stan Wawrinka v Milos Raonic,20,2016-01-01 08:42:37.766,2.3,2016-01-01 15:00:00,
1.122431815,4105819,Milos Raonic,Stan Wawrinka v Milos Raonic,30,2016-01-01 09:31:50.802,2.38,2016-01-01 15:00:00,
1.122431815,4105819,Milos Raonic,Stan Wawrinka v Milos Raonic,40,2016-01-01 11:33:26.813,2.34,2016-01-01 15:00:00,
1.122431815,4105819,Milos Raonic,Stan Wawrinka v Milos Raonic,50,2016-01-01 12:07:00.592,2.34,2016-01-01 15:00:00,
1.122431815,4105819,Milos Raonic,Stan Wawrinka v Milos Raonic,60,2016-01-01 12:25:49.632,2.28,2016-01-01 15:00:00,
1.122431815,4105819,Milos Raonic,Stan Wawrinka v Milos Raonic,70,2016-01-01 13:08:38.168,2.26,2016-01-01 15:00:00,
1.122431815,4105819,Milos Raonic,Stan Wawrinka v Milos Raonic,80,2016-01-01 13:38:05.738,2.24,2016-01-01 15:00:00,
1.122431815,4105819,Milos Raonic,Stan Wawrinka v Milos Raonic,90,2016-01-01 14:04:17.300,2.26,2016-01-01 15:00:00,
1.122431815,4105819,Milos Raonic,Stan Wawrinka v Milos Raonic,100,2016-01-01 14:57:05.198,2.36,2016-01-01 15:00:00,
1.122431815,8597476,Stan Wawrinka,Stan Wawrinka v Milos Raonic,0,2015-12-31 19:25:35.655,1.66,2016-01-01 15:00:00,
1.122431815,8597476,Stan Wawrinka,Stan Wawrinka v Milos Raonic,10,2016-01-01 05:41:42.088,1.76,2016-01-01 15:00:00,
1.122431815,8597476,Stan Wawrinka,Stan Wawrinka v Milos Raonic,20,2016-01-01 08:10:01.277,1.72,2016-01-01 15:00:00,
1.122431815,8597476,Stan Wawrinka,Stan Wawrinka v Milos Raonic,30,2016-01-01 09:39:29.538,1.74,2016-01-01 15:00:00,
1.122431815,8597476,Stan Wawrinka,Stan Wawrinka v Milos Raonic,40,2016-01-01 11:48:49.304,1.75,2016-01-01 15:00:00,
1.122431815,8597476,Stan Wawrinka,Stan Wawrinka v Milos Raonic,50,2016-01-01 12:13:34.706,1.75,2016-01-01 15:00:00,
1.122431815,8597476,Stan Wawrinka,Stan Wawrinka v Milos Raonic,60,2016-01-01 13:24:57.711,1.79,2016-01-01 15:00:00,
1.122431815,8597476,Stan Wawrinka,Stan Wawrinka v Milos Raonic,70,2016-01-01 13:48:37.959,1.78,2016-01-01 15:00:00,
1.122431815,8597476,Stan Wawrinka,Stan Wawrinka v Milos Raonic,80,2016-01-01 14:08:06.991,1.77,2016-01-01 15:00:00,
1.122431815,8597476,Stan Wawrinka,Stan Wawrinka v Milos Raonic,90,2016-01-01 14:31:03.398,1.77,2016-01-01 15:00:00,
1.122431815,8597476,Stan Wawrinka,Stan Wawrinka v Milos Raonic,100,2016-01-01 14:57:42.164,1.74,2016-01-01 15:00:00,
1.122432625,3051579,Cagla Buyukakcay,Lu v Buyukakcay,0,2016-01-01 15:47:38.660,1.24,2016-01-02 03:00:00,
1.122432625,3051579,Cagla Buyukakcay,Lu v Buyukakcay,10,2016-01-01 20:22:47.032,1.19,2016-01-02 03:00:00,
1.122432625,3051579,Cagla Buyukakcay,Lu v Buyukakcay,20,2016-01-01 20:55:12.587,1.18,2016-01-02 03:00:00,
1.122432625,3051579,Cagla Buyukakcay,Lu v Buyukakcay,30,2016-01-01 22:57:23.741,1.16,2016-01-02 03:00:00,
1.122432625,3051579,Cagla Buyukakcay,Lu v Buyukakcay,40,2016-01-01 23:00:01.142,1.13,2016-01-02 03:00:00,
1.122432625,3051579,Cagla Buyukakcay,Lu v Buyukakcay,50,2016-01-01 23:03:02.845,1.11,2016-01-02 03:00:00,
1.122432625,3051579,Cagla Buyukakcay,Lu v Buyukakcay,60,2016-01-01 23:07:06.651,1.13,2016-01-02 03:00:00,
1.122432625,3051579,Cagla Buyukakcay,Lu v Buyukakcay,70,2016-01-02 00:06:25.138,1.12,2016-01-02 03:00:00,
1.122432625,3051579,Cagla Buyukakcay,Lu v Buyukakcay,80,2016-01-02 00:22:05.762,1.15,2016-01-02 03:00:00,
1.122432625,3051579,Cagla Buyukakcay,Lu v Buyukakcay,90,2016-01-02 02:57:37.696,1.14,2016-01-02 03:00:00,
1.122432625,3051579,Cagla Buyukakcay,Lu v Buyukakcay,100,2016-01-02 02:59:05.212,1.13,2016-01-02 03:00:00,
1.122439935,8505207,Cheong-Eui Kim,M Jankovic v Cheong- Kim,0,2016-01-02 09:18:02.564,2.16,2016-01-02 10:00:00,
1.122439935,8505207,Cheong-Eui Kim,M Jankovic v Cheong- Kim,10,2016-01-02 15:47:09.813,8.0,2016-01-03 05:15:00,2016-01-02 10:14:05.420
1.122439935,8505207,Cheong-Eui Kim,M Jankovic v Cheong- Kim,20,2016-01-02 16:59:17.912,11.0,2016-01-03 05:15:00,2016-01-02 10:14:05.420
1.122439935,8505207,Cheong-Eui Kim,M Jankovic v Cheong- Kim,30,2016-01-02 17:38:20.525,11.0,2016-01-03 05:15:00,2016-01-02 10:14:05.420
1.122439935,8505207,Cheong-Eui Kim,M Jankovic v Cheong- Kim,40,2016-01-02 19:00:03.382,12.5,2016-01-03 05:15:00,2016-01-02 10:14:05.420
1.122439935,8505207,Cheong-Eui Kim,M Jankovic v Cheong- Kim,50,2016-01-02 20:26:49.765,11.0,2016-01-03 05:15:00,2016-01-02 10:14:05.420
1.122439935,8505207,Cheong-Eui Kim,M Jankovic v Cheong- Kim,60,2016-01-02 21:32:31.169,13.0,2016-01-03 05:15:00,2016-01-02 10:14:05.420
1.122439935,8505207,Cheong-Eui Kim,M Jankovic v Cheong- Kim,70,2016-01-02 23:01:05.134,12.0,2016-01-03 05:15:00,2016-01-02 10:14:05.420
1.122439935,8505207,Cheong-Eui Kim,M Jankovic v Cheong- Kim,80,2016-01-02 23:33:13.619,17.5,2016-01-03 05:15:00,2016-01-02 10:14:05.420
1.122439935,8505207,Cheong-Eui Kim,M Jankovic v Cheong- Kim,90,2016-01-02 23:51:21.389,24.0,2016-01-03 05:15:00,2016-01-02 10:14:05.420
1.122439935,8505207,Cheong-Eui Kim,M Jankovic v Cheong- Kim,100,2016-01-03 02:55:22.857,13.5,2016-01-03 05:15:00,2016-01-02 10:14:05.420
1.122439935,8750030,Miki Jankovic,M Jankovic v Cheong- Kim,0,2016-01-02 07:32:19.658,1.82,2016-01-02 10:00:00,
1.122439935,8750030,Miki Jankovic,M Jankovic v Cheong- Kim,10,2016-01-02 12:44:37.614,1.08,2016-01-03 05:15:00,2016-01-02 10:14:05.420
1.122439935,8750030,Miki Jankovic,M Jankovic v Cheong- Kim,20,2016-01-02 14:29:48.358,1.12,2016-01-03 05:15:00,2016-01-02 10:14:05.420
1.122439935,8750030,Miki Jankovic,M Jankovic v Cheong- Kim,30,2016-01-02 15:51:52.847,1.12,2016-01-03 05:15:00,2016-01-02 10:14:05.420
1.122439935,8750030,Miki Jankovic,M Jankovic v Cheong- Kim,40,2016-01-02 17:26:01.240,1.1,2016-01-03 05:15:00,2016-01-02 10:14:05.420
1.122439935,8750030,Miki Jankovic,M Jankovic v Cheong- Kim,50,2016-01-02 18:54:46.159,1.09,2016-01-03 05:15:00,2016-01-02 10:14:05.420
1.122439935,8750030,Miki Jankovic,M Jankovic v Cheong- Kim,60,2016-01-02 20:04:34.430,1.09,2016-01-03 05:15:00,2016-01-02 10:14:05.420
1.122439935,8750030,Miki Jankovic,M Jankovic v Cheong- Kim,70,2016-01-02 22:19:44.095,1.09,2016-01-03 05:15:00,2016-01-02 10:14:05.420
1.122439935,8750030,Miki Jankovic,M Jankovic v Cheong- Kim,80,2016-01-02 23:40:16.389,1.03,2016-01-03 05:15:00,2016-01-02 10:14:05.420
1.122439935,8750030,Miki Jankovic,M Jankovic v Cheong- Kim,90,2016-01-03 01:22:10.087,1.09,2016-01-03 05:15:00,2016-01-02 10:14:05.420
1.122439935,8750030,Miki Jankovic,M Jankovic v Cheong- Kim,100,2016-01-03 05:06:22.090,1.12,2016-01-03 05:15:00,2016-01-02 10:14:05.420
1.122439947,3985858,Joshua Milton,Majchrzak v Milton,0,2016-01-02 07:16:39.775,1.9,2016-01-02 10:00:00,
1.122439947,3985858,Joshua Milton,Majchrzak v Milton,10,2016-01-02 13:08:31.491,2.38,2016-01-03 05:15:00,2016-01-02 09:59:30.918
1.122439947,3985858,Joshua Milton,Majchrzak v Milton,20,2016-01-02 17:05:35.130,2.0,2016-01-03 05:15:00,2016-01-02 09:59:30.918
1.122439947,3985858,Joshua Milton,Majchrzak v Milton,30,2016-01-02 17:34:31.796,1.9,2016-01-03 05:15:00,2016-01-02 09:59:30.918
1.122439947,3985858,Joshua Milton,Majchrzak v Milton,40,2016-01-02 19:14:48.633,1.8,2016-01-03 05:15:00,2016-01-02 09:59:30.918
1.122439947,3985858,Joshua Milton,Majchrzak v Milton,50,2016-01-02 20:50:57.936,1.92,2016-01-03 05:15:00,2016-01-02 09:59:30.918
1.122439947,3985858,Joshua Milton,Majchrzak v Milton,60,2016-01-02 22:15:35.228,1.79,2016-01-03 05:15:00,2016-01-02 09:59:30.918
1.122439947,3985858,Joshua Milton,Majchrzak v Milton,70,2016-01-02 23:23:58.483,1.84,2016-01-03 05:15:00,2016-01-02 09:59:30.918
1.122439947,3985858,Joshua Milton,Majchrzak v Milton,80,2016-01-02 23:51:57.794,1.76,2016-01-03 05:15:00,2016-01-02 09:59:30.918
1.122439947,3985858,Joshua Milton,Majchrzak v Milton,90,2016-01-03 00:36:56.265,1.89,2016-01-03 05:15:00,2016-01-02 09:59:30.918
1.122439947,3985858,Joshua Milton,Majchrzak v Milton,100,2016-01-03 03:39:59.577,1.84,2016-01-03 05:15:00,2016-01-02 09:59:30.918
1.122439947,8698678,Kamil Majchrzak,Majchrzak v Milton,0,2016-01-02 07:16:39.775,2.1,2016-01-02 10:00:00,
1.122439947,8698678,Kamil Majchrzak,Majchrzak v Milton,10,2016-01-02 12:27:59.971,1.89,2016-01-03 05:15:00,2016-01-02 09:59:30.918
1.122439947,8698678,Kamil Majchrzak,Majchrzak v Milton,20,2016-01-02 14:37:32.354,1.76,2016-01-03 05:15:00,2016-01-02 09:59:30.918
1.122439947,8698678,Kamil Majchrzak,Majchrzak v Milton,30,2016-01-02 16:50:59.534,1.79,2016-01-03 05:15:00,2016-01-02 09:59:30.918
1.122439947,8698678,Kamil Majchrzak,Majchrzak v Milton,40,2016-01-02 17:18:26.543,1.87,2016-01-03 05:15:00,2016-01-02 09:59:30.918
1.122439947,8698678,Kamil Majchrzak,Majchrzak v Milton,50,2016-01-02 18:39:09.725,2.0,2016-01-03 05:15:00,2016-01-02 09:59:30.918
1.122439947,8698678,Kamil Majchrzak,Majchrzak v Milton,60,2016-01-02 20:19:59.308,2.04,2016-01-03 05:15:00,2016-01-02 09:59:30.918
1.122439947,8698678,Kamil Majchrzak,Majchrzak v Milton,70,2016-01-02 22:12:59.823,2.02,2016-01-03 05:15:00,2016-01-02 09:59:30.918
1.122439947,8698678,Kamil Majchrzak,Majchrzak v Milton,80,2016-01-02 23:19:59.975,2.26,2016-01-03 05:15:00,2016-01-02 09:59:30.918
1.122439947,8698678,Kamil Majchrzak,Majchrzak v Milton,90,2016-01-03 00:04:49.174,2.08,2016-01-03 05:15:00,2016-01-02 09:59:30.918
1.122439947,8698678,Kamil Majchrzak,Majchrzak v Milton,100,2016-01-03 03:39:59.577,2.2,2016-01-03 05:15:00,2016-01-02 09:59:30.918
1.122447927,2257314,David Ferrer,Stan Wawrinka v David Ferrer,0,2016-01-01 22:55:17.177,2.12,2016-01-02 13:00:00,
1.122447927,2257314,David Ferrer,Stan Wawrinka v David Ferrer,10,2016-01-02 05:19:08.167,2.18,2016-01-02 13:00:00,
1.122447927,2257314,David Ferrer,Stan Wawrinka v David Ferrer,20,2016-01-02 07:35:37.157,2.12,2016-01-02 13:00:00,
1.122447927,2257314,David Ferrer,Stan Wawrinka v David Ferrer,30,2016-01-02 10:12:59.642,2.06,2016-01-02 13:00:00,
1.122447927,2257314,David Ferrer,Stan Wawrinka v David Ferrer,40,2016-01-02 10:45:32.500,2.04,2016-01-02 13:00:00,
1.122447927,2257314,David Ferrer,Stan Wawrinka v David Ferrer,50,2016-01-02 11:18:54.917,2.06,2016-01-02 13:00:00,
1.122447927,2257314,David Ferrer,Stan Wawrinka v David Ferrer,60,2016-01-02 11:37:51.693,2.04,2016-01-02 13:00:00,
1.122447927,2257314,David Ferrer,Stan Wawrinka v David Ferrer,70,2016-01-02 12:09:24.062,2.04,2016-01-02 13:00:00,
1.122447927,2257314,David Ferrer,Stan Wawrinka v David Ferrer,80,2016-01-02 12:25:14.015,2.06,2016-01-02 13:00:00,
1.122447927,2257314,David Ferrer,Stan Wawrinka v David Ferrer,90,2016-01-02 12:32:59.333,2.0,2016-01-02 13:00:00,
1.122447927,2257314,David Ferrer,Stan Wawrinka v David Ferrer,100,2016-01-02 12:56:00.114,2.02,2016-01-02 13:00:00,
1.122447927,8597476,Stan Wawrinka,Stan Wawrinka v David Ferrer,0,2016-01-01 23:59:10.892,1.89,2016-01-02 13:00:00,
1.122447927,8597476,Stan Wawrinka,Stan Wawrinka v David Ferrer,10,2016-01-02 07:56:47.749,1.91,2016-01-02 13:00:00,
1.122447927,8597476,Stan Wawrinka,Stan Wawrinka v David Ferrer,20,2016-01-02 09:56:39.099,1.93,2016-01-02 13:00:00,
1.122447927,8597476,Stan Wawrinka,Stan Wawrinka v David Ferrer,30,2016-01-02 10:39:17.959,1.95,2016-01-02 13:00:00,
1.122447927,8597476,Stan Wawrinka,Stan Wawrinka v David Ferrer,40,2016-01-02 11:11:56.023,1.95,2016-01-02 13:00:00,
1.122447927,8597476,Stan Wawrinka,Stan Wawrinka v David Ferrer,50,2016-01-02 11:37:51.693,1.94,2016-01-02 13:00:00,
1.122447927,8597476,Stan Wawrinka,Stan Wawrinka v David Ferrer,60,2016-01-02 12:25:14.015,1.94,2016-01-02 13:00:00,
1.122447927,8597476,Stan Wawrinka,Stan Wawrinka v David Ferrer,70,2016-01-02 12:30:42.073,1.98,2016-01-02 13:00:00,
1.122447927,8597476,Stan Wawrinka,Stan Wawrinka v David Ferrer,80,2016-01-02 12:45:57.448,1.99,2016-01-02 13:00:00,
1.122447927,8597476,Stan Wawrinka,Stan Wawrinka v David Ferrer,90,2016-01-02 12:54:51.071,1.96,2016-01-02 13:00:00,
1.122447927,8597476,Stan Wawrinka,Stan Wawrinka v David Ferrer,100,2016-01-02 12:59:59.711,1.96,2016-01-02 13:00:00,
1.122448473,2251410,Rafael Nadal,Milos Raonic v Rafael Nadal,0,2016-01-02 03:15:39.619,1.52,2016-01-02 15:00:00,
1.122448473,2251410,Rafael Nadal,Milos Raonic v Rafael Nadal,10,2016-01-02 08:40:17.878,1.49,2016-01-02 15:00:00,
1.122448473,2251410,Rafael Nadal,Milos Raonic v Rafael Nadal,20,2016-01-02 10:34:26.199,1.46,2016-01-02 15:00:00,
1.122448473,2251410,Rafael Nadal,Milos Raonic v Rafael Nadal,30,2016-01-02 11:08:42.755,1.45,2016-01-02 15:00:00,
1.122448473,2251410,Rafael Nadal,Milos Raonic v Rafael Nadal,40,2016-01-02 11:57:20.451,1.46,2016-01-02 15:00:00,
1.122448473,2251410,Rafael Nadal,Milos Raonic v Rafael Nadal,50,2016-01-02 13:03:45.668,1.44,2016-01-02 15:00:00,
1.122448473,2251410,Rafael Nadal,Milos Raonic v Rafael Nadal,60,2016-01-02 13:36:44.077,1.44,2016-01-02 15:00:00,
1.122448473,2251410,Rafael Nadal,Milos Raonic v Rafael Nadal,70,2016-01-02 14:13:19.779,1.43,2016-01-02 15:00:00,
1.122448473,2251410,Rafael Nadal,Milos Raonic v Rafael Nadal,80,2016-01-02 14:38:48.166,1.43,2016-01-02 15:00:00,
1.122448473,2251410,Rafael Nadal,Milos Raonic v Rafael Nadal,90,2016-01-02 14:48:39.096,1.4,2016-01-02 15:00:00,2016-01-02 14:43:45.670
1.122448473,2251410,Rafael Nadal,Milos Raonic v Rafael Nadal,100,2016-01-02 14:58:45.659,1.43,2016-01-02 15:00:00,2016-01-02 14:43:45.670
1.122448473,4105819,Milos Raonic,Milos Raonic v Rafael Nadal,0,2016-01-02 06:57:44.590,3.0,2016-01-02 15:00:00,
1.122448473,4105819,Milos Raonic,Milos Raonic v Rafael Nadal,10,2016-01-02 09:01:37.525,3.0,2016-01-02 15:00:00,
1.122448473,4105819,Milos Raonic,Milos Raonic v Rafael Nadal,20,2016-01-02 10:00:24.640,3.05,2016-01-02 15:00:00,
1.122448473,4105819,Milos Raonic,Milos Raonic v Rafael Nadal,30,2016-01-02 13:08:45.721,3.25,2016-01-02 15:00:00,
1.122448473,4105819,Milos Raonic,Milos Raonic v Rafael Nadal,40,2016-01-02 13:36:44.077,3.25,2016-01-02 15:00:00,
1.122448473,4105819,Milos Raonic,Milos Raonic v Rafael Nadal,50,2016-01-02 14:28:45.944,3.3,2016-01-02 15:00:00,
1.122448473,4105819,Milos Raonic,Milos Raonic v Rafael Nadal,60,2016-01-02 14:42:45.706,3.35,2016-01-02 15:00:00,
1.122448473,4105819,Milos Raonic,Milos Raonic v Rafael Nadal,70,2016-01-02 14:47:40.665,3.35,2016-01-02 15:00:00,2016-01-02 14:43:45.670
1.122448473,4105819,Milos Raonic,Milos Raonic v Rafael Nadal,80,2016-01-02 14:50:40.525,3.35,2016-01-02 15:00:00,2016-01-02 14:43:45.670
1.122448473,4105819,Milos Raonic,Milos Raonic v Rafael Nadal,90,2016-01-02 14:53:45.447,3.3,2016-01-02 15:00:00,2016-01-02 14:43:45.670
1.122448473,4105819,Milos Raonic,Milos Raonic v Rafael Nadal,100,2016-01-02 14:58:45.659,3.3,2016-01-02 15:00:00,2016-01-02 14:43:45.670
1.122450051,2263684,Michael Berrer,Ali Mutawa v Berrer,0,2016-01-01 21:51:19.095,1.04,2016-01-02 08:00:00,
1.122450051,2263684,Michael Berrer,Ali Mutawa v Berrer,10,2016-01-01 21:58:11.394,1.03,2016-01-02 08:00:00,
1.122450051,2263684,Michael Berrer,Ali Mutawa v Berrer,20,2016-01-02 00:00:00.729,1.02,2016-01-02 08:00:00,
1.122450051,2263684,Michael Berrer,Ali Mutawa v Berrer,30,2016-01-02 05:58:24.769,1.03,2016-01-02 08:00:00,
1.122450051,2263684,Michael Berrer,Ali Mutawa v Berrer,40,2016-01-02 07:00:15.912,1.04,2016-01-02 08:00:00,
1.122450051,2263684,Michael Berrer,Ali Mutawa v Berrer,50,2016-01-02 07:30:26.043,1.02,2016-01-02 08:00:00,
1.122450051,2263684,Michael Berrer,Ali Mutawa v Berrer,60,2016-01-02 07:57:17.032,1.03,2016-01-02 08:00:00,
1.122450051,2263684,Michael Berrer,Ali Mutawa v Berrer,70,2016-01-02 08:01:24.340,1.02,2016-01-02 08:08:00,
1.122450051,2263684,Michael Berrer,Ali Mutawa v Berrer,80,2016-01-02 08:03:44.436,1.01,2016-01-02 08:08:00,
1.122450051,2263684,Michael Berrer,Ali Mutawa v Berrer,90,2016-01-02 08:05:24.938,1.02,2016-01-02 08:08:00,
1.122450051,2263684,Michael Berrer,Ali Mutawa v Berrer,100,2016-01-02 08:07:14.480,1.03,2016-01-02 08:08:00,
1.122450312,8145584,Jordan Thompson,Jor Thompson v D King,0,2016-01-03 14:52:28.543,1.86,2016-01-04 01:45:00,
1.122450312,8145584,Jordan Thompson,Jor Thompson v D King,10,2016-01-03 19:45:14.388,1.76,2016-01-04 01:45:00,
1.122450312,8145584,Jordan Thompson,Jor Thompson v D King,20,2016-01-03 20:47:20.532,1.74,2016-01-04 01:45:00,
1.122450312,8145584,Jordan Thompson,Jor Thompson v D King,30,2016-01-03 22:04:34.607,1.71,2016-01-04 01:45:00,
1.122450312,8145584,Jordan Thompson,Jor Thompson v D King,40,2016-01-03 22:04:55.903,1.7,2016-01-04 01:45:00,
1.122450312,8145584,Jordan Thompson,Jor Thompson v D King,50,2016-01-03 23:12:19.596,1.74,2016-01-04 01:45:00,
1.122450312,8145584,Jordan Thompson,Jor Thompson v D King,60,2016-01-03 23:48:58.720,1.68,2016-01-04 01:45:00,
1.122450312,8145584,Jordan Thompson,Jor Thompson v D King,70,2016-01-04 00:45:23.833,1.66,2016-01-04 01:45:00,
1.122450312,8145584,Jordan Thompson,Jor Thompson v D King,80,2016-01-04 01:18:31.689,1.76,2016-01-04 01:45:00,
1.122450312,8145584,Jordan Thompson,Jor Thompson v D King,90,2016-01-04 01:21:35.591,1.61,2016-01-04 01:45:00,2016-01-04 01:21:35.591
1.122450312,8145584,Jordan Thompson,Jor Thompson v D King,100,2016-01-04 01:25:30.526,2.22,2016-01-04 01:45:00,2016-01-04 01:21:35.591
1.122450332,3034493,Jan Mertl,Calvin Hemery v Mertl,0,2016-01-03 15:17:46.077,2.08,2016-01-04 00:00:00,
1.122450332,3034493,Jan Mertl,Calvin Hemery v Mertl,10,2016-01-03 19:51:11.981,2.3,2016-01-04 00:00:00,
1.122450332,3034493,Jan Mertl,Calvin Hemery v Mertl,20,2016-01-03 22:54:10.748,2.44,2016-01-04 00:00:00,
1.122450332,3034493,Jan Mertl,Calvin Hemery v Mertl,30,2016-01-03 23:08:04.345,2.6,2016-01-04 00:00:00,
1.122450332,3034493,Jan Mertl,Calvin Hemery v Mertl,40,2016-01-03 23:24:02.668,2.48,2016-01-04 00:00:00,
1.122450332,3034493,Jan Mertl,Calvin Hemery v Mertl,50,2016-01-03 23:28:09.077,2.62,2016-01-04 00:00:00,
1.122450332,3034493,Jan Mertl,Calvin Hemery v Mertl,60,2016-01-03 23:33:06.644,2.64,2016-01-04 00:00:00,
1.122450332,3034493,Jan Mertl,Calvin Hemery v Mertl,70,2016-01-03 23:37:07.722,2.6,2016-01-04 00:00:00,
1.122450332,3034493,Jan Mertl,Calvin Hemery v Mertl,80,2016-01-03 23:44:08.151,2.56,2016-01-04 00:00:00,
1.122450332,3034493,Jan Mertl,Calvin Hemery v Mertl,90,2016-01-03 23:46:53.512,2.62,2016-01-04 00:00:00,
1.122450332,3034493,Jan Mertl,Calvin Hemery v Mertl,100,2016-01-03 23:53:53.006,2.56,2016-01-04 00:00:00,
1.122450332,8284525,Calvin Hemery ,Calvin Hemery v Mertl,0,2016-01-03 14:52:55.145,1.77,2016-01-04 00:00:00,
1.122450332,8284525,Calvin Hemery ,Calvin Hemery v Mertl,10,2016-01-03 19:51:11.981,1.78,2016-01-04 00:00:00,
1.122450332,8284525,Calvin Hemery ,Calvin Hemery v Mertl,20,2016-01-03 23:01:10.225,1.7,2016-01-04 00:00:00,
1.122450332,8284525,Calvin Hemery ,Calvin Hemery v Mertl,30,2016-01-03 23:07:10.724,1.64,2016-01-04 00:00:00,
1.122450332,8284525,Calvin Hemery ,Calvin Hemery v Mertl,40,2016-01-03 23:20:39.022,1.69,2016-01-04 00:00:00,
1.122450332,8284525,Calvin Hemery ,Calvin Hemery v Mertl,50,2016-01-03 23:28:09.077,1.63,2016-01-04 00:00:00,
1.122450332,8284525,Calvin Hemery ,Calvin Hemery v Mertl,60,2016-01-03 23:31:07.225,1.64,2016-01-04 00:00:00,
1.122450332,8284525,Calvin Hemery ,Calvin Hemery v Mertl,70,2016-01-03 23:34:02.059,1.61,2016-01-04 00:00:00,
1.122450332,8284525,Calvin Hemery ,Calvin Hemery v Mertl,80,2016-01-03 23:38:08.171,1.63,2016-01-04 00:00:00,
1.122450332,8284525,Calvin Hemery ,Calvin Hemery v Mertl,90,2016-01-03 23:46:53.512,1.62,2016-01-04 00:00:00,
1.122450332,8284525,Calvin Hemery ,Calvin Hemery v Mertl,100,2016-01-03 23:59:09.174,1.6,2016-01-04 00:00:00,
1.122450344,6344314,Henri Laaksonen,Laaksonen v Bourgue,0,2016-01-04 07:15:28.417,1.5,2016-01-05 00:00:00,
1.122450344,6344314,Henri Laaksonen,Laaksonen v Bourgue,10,2016-01-04 18:47:29.222,1.51,2016-01-05 00:00:00,
1.122450344,6344314,Henri Laaksonen,Laaksonen v Bourgue,20,2016-01-04 18:47:54.361,1.52,2016-01-05 00:00:00,
1.122450344,6344314,Henri Laaksonen,Laaksonen v Bourgue,30,2016-01-04 21:00:42.826,1.49,2016-01-05 00:00:00,
1.122450344,6344314,Henri Laaksonen,Laaksonen v Bourgue,40,2016-01-04 21:13:27.810,1.48,2016-01-05 00:00:00,
1.122450344,6344314,Henri Laaksonen,Laaksonen v Bourgue,50,2016-01-04 21:40:38.149,1.61,2016-01-05 00:00:00,
1.122450344,6344314,Henri Laaksonen,Laaksonen v Bourgue,60,2016-01-04 21:50:35.049,1.5,2016-01-05 00:00:00,
1.122450344,6344314,Henri Laaksonen,Laaksonen v Bourgue,70,2016-01-04 23:38:29.968,1.49,2016-01-05 00:00:00,
1.122450344,6344314,Henri Laaksonen,Laaksonen v Bourgue,80,2016-01-04 23:52:37.168,1.46,2016-01-05 00:00:00,
1.122450344,6344314,Henri Laaksonen,Laaksonen v Bourgue,90,2016-01-04 23:56:05.809,1.45,2016-01-05 00:02:00,
1.122450344,6344314,Henri Laaksonen,Laaksonen v Bourgue,100,2016-01-05 00:01:35.427,1.45,2016-01-05 00:02:00,
1.122450348,8257852,Maxime Janvier,Janvier v N'Godrela,0,2016-01-03 09:49:45.218,1.08,2016-01-04 00:00:00,
1.122450348,8257852,Maxime Janvier,Janvier v N'Godrela,10,2016-01-03 10:54:34.601,1.08,2016-01-04 00:00:00,
1.122450348,8257852,Maxime Janvier,Janvier v N'Godrela,20,2016-01-03 15:24:43.262,1.03,2016-01-04 00:00:00,
1.122450348,8257852,Maxime Janvier,Janvier v N'Godrela,30,2016-01-03 15:53:59.306,1.14,2016-01-04 00:00:00,
1.122450348,8257852,Maxime Janvier,Janvier v N'Godrela,40,2016-01-03 19:07:48.253,1.02,2016-01-04 00:00:00,
1.122450348,8257852,Maxime Janvier,Janvier v N'Godrela,50,2016-01-03 20:03:28.377,1.02,2016-01-04 00:00:00,
1.122450348,8257852,Maxime Janvier,Janvier v N'Godrela,60,2016-01-03 20:28:40.716,1.02,2016-01-04 00:00:00,
1.122450348,8257852,Maxime Janvier,Janvier v N'Godrela,70,2016-01-03 21:33:04.596,1.04,2016-01-04 00:00:00,
1.122450348,8257852,Maxime Janvier,Janvier v N'Godrela,80,2016-01-03 22:46:00.800,1.04,2016-01-04 00:00:00,
1.122450348,8257852,Maxime Janvier,Janvier v N'Godrela,90,2016-01-03 23:30:30.949,1.02,2016-01-04 00:00:00,
1.122450348,8257852,Maxime Janvier,Janvier v N'Godrela,100,2016-01-03 23:58:52.831,1.05,2016-01-04 00:00:00,
1.122450356,2263713,Yaroslava Shvedova,Shvedova v Buyukakcay,0,2016-01-02 20:05:06.363,1.42,2016-01-03 03:00:00,
1.122450356,2263713,Yaroslava Shvedova,Shvedova v Buyukakcay,10,2016-01-02 21:55:47.553,1.39,2016-01-03 03:00:00,
1.122450356,2263713,Yaroslava Shvedova,Shvedova v Buyukakcay,20,2016-01-02 23:08:44.061,1.38,2016-01-03 03:00:00,
1.122450356,2263713,Yaroslava Shvedova,Shvedova v Buyukakcay,30,2016-01-02 23:59:10.922,1.37,2016-01-03 03:00:00,
1.122450356,2263713,Yaroslava Shvedova,Shvedova v Buyukakcay,40,2016-01-03 01:07:03.804,1.42,2016-01-03 03:00:00,
1.122450356,2263713,Yaroslava Shvedova,Shvedova v Buyukakcay,50,2016-01-03 02:07:04.696,1.4,2016-01-03 03:00:00,
1.122450356,2263713,Yaroslava Shvedova,Shvedova v Buyukakcay,60,2016-01-03 02:25:06.550,1.38,2016-01-03 03:00:00,
1.122450356,2263713,Yaroslava Shvedova,Shvedova v Buyukakcay,70,2016-01-03 02:53:02.395,1.37,2016-01-03 03:30:00,
1.122450356,2263713,Yaroslava Shvedova,Shvedova v Buyukakcay,80,2016-01-03 02:59:06.528,1.36,2016-01-03 03:30:00,
1.122450356,2263713,Yaroslava Shvedova,Shvedova v Buyukakcay,90,2016-01-03 03:21:20.885,1.36,2016-01-03 03:30:00,
1.122450356,2263713,Yaroslava Shvedova,Shvedova v Buyukakcay,100,2016-01-03 03:33:45.265,1.3,2016-01-03 04:00:00,
1.122450422,3622149,Stefanie Voegele,Voegele v K Zhang,0,2016-01-02 15:06:33.795,2.08,2016-01-03 03:00:00,
1.122450422,3622149,Stefanie Voegele,Voegele v K Zhang,10,2016-01-02 18:25:14.923,1.81,2016-01-03 03:00:00,
1.122450422,3622149,Stefanie Voegele,Voegele v K Zhang,20,2016-01-02 22:46:37.679,1.86,2016-01-03 03:00:00,
1.122450422,3622149,Stefanie Voegele,Voegele v K Zhang,30,2016-01-02 22:59:22.197,1.76,2016-01-03 03:00:00,
1.122450422,3622149,Stefanie Voegele,Voegele v K Zhang,40,2016-01-02 23:53:08.889,1.82,2016-01-03 03:00:00,
1.122450422,3622149,Stefanie Voegele,Voegele v K Zhang,50,2016-01-02 23:53:25.054,1.81,2016-01-03 03:00:00,
1.122450422,3622149,Stefanie Voegele,Voegele v K Zhang,60,2016-01-03 00:20:03.000,1.8,2016-01-03 03:00:00,
1.122450422,3622149,Stefanie Voegele,Voegele v K Zhang,70,2016-01-03 01:24:06.593,1.77,2016-01-03 03:00:00,
1.122450422,3622149,Stefanie Voegele,Voegele v K Zhang,80,2016-01-03 01:32:20.710,1.79,2016-01-03 03:00:00,
1.122450422,3622149,Stefanie Voegele,Voegele v K Zhang,90,2016-01-03 02:47:18.393,1.78,2016-01-03 03:00:00,
1.122450422,3622149,Stefanie Voegele,Voegele v K Zhang,100,2016-01-03 03:25:21.319,1.77,2016-01-03 03:30:00,
1.122450474,3374117,Yuichi Sugita,Du Lee v Sugita,0,2016-01-03 19:21:56.678,1.72,2016-01-04 07:45:00,
1.122450474,3374117,Yuichi Sugita,Du Lee v Sugita,10,2016-01-03 20:01:36.397,1.62,2016-01-04 07:45:00,
1.122450474,3374117,Yuichi Sugita,Du Lee v Sugita,20,2016-01-04 01:28:02.326,1.69,2016-01-04 07:45:00,
1.122450474,3374117,Yuichi Sugita,Du Lee v Sugita,30,2016-01-04 06:18:53.546,1.71,2016-01-04 07:45:00,
1.122450474,3374117,Yuichi Sugita,Du Lee v Sugita,40,2016-01-04 06:36:47.659,1.69,2016-01-04 07:45:00,
1.122450474,3374117,Yuichi Sugita,Du Lee v Sugita,50,2016-01-04 06:42:52.175,1.61,2016-01-04 07:45:00,
1.122450474,3374117,Yuichi Sugita,Du Lee v Sugita,60,2016-01-04 06:45:33.855,1.61,2016-01-04 07:45:00,
1.122450474,3374117,Yuichi Sugita,Du Lee v Sugita,70,2016-01-04 06:49:58.392,1.76,2016-01-04 07:45:00,
1.122450474,3374117,Yuichi Sugita,Du Lee v Sugita,80,2016-01-04 07:34:57.590,1.58,2016-01-04 07:45:00,
1.122450474,3374117,Yuichi Sugita,Du Lee v Sugita,90,2016-01-04 07:38:06.890,1.5,2016-01-04 07:45:00,
1.122450474,3374117,Yuichi Sugita,Du Lee v Sugita,100,2016-01-04 07:44:57.182,1.52,2016-01-04 07:45:00,2016-01-04 07:44:57.182
1.122450474,8505197,Duckhee Lee,Du Lee v Sugita,0,2016-01-03 18:50:54.669,2.94,2016-01-04 07:45:00,
1.122450474,8505197,Duckhee Lee,Du Lee v Sugita,10,2016-01-03 19:23:42.804,2.3,2016-01-04 07:45:00,
1.122450474,8505197,Duckhee Lee,Du Lee v Sugita,20,2016-01-03 19:26:47.900,2.32,2016-01-04 07:45:00,
1.122450474,8505197,Duckhee Lee,Du Lee v Sugita,30,2016-01-03 20:01:36.397,2.62,2016-01-04 07:45:00,
1.122450474,8505197,Duckhee Lee,Du Lee v Sugita,40,2016-01-04 01:28:02.326,2.46,2016-01-04 07:45:00,
1.122450474,8505197,Duckhee Lee,Du Lee v Sugita,50,2016-01-04 06:18:53.546,2.4,2016-01-04 07:45:00,
1.122450474,8505197,Duckhee Lee,Du Lee v Sugita,60,2016-01-04 06:40:47.034,2.44,2016-01-04 07:45:00,
1.122450474,8505197,Duckhee Lee,Du Lee v Sugita,70,2016-01-04 06:43:56.310,2.56,2016-01-04 07:45:00,
1.122450474,8505197,Duckhee Lee,Du Lee v Sugita,80,2016-01-04 06:48:58.349,2.62,2016-01-04 07:45:00,
1.122450474,8505197,Duckhee Lee,Du Lee v Sugita,90,2016-01-04 06:51:58.214,2.4,2016-01-04 07:45:00,
1.122450474,8505197,Duckhee Lee,Du Lee v Sugita,100,2016-01-04 07:40:53.939,2.42,2016-01-04 07:45:00,
1.122450518,4946628,Nicole Gibbs,Gibbs v TorrÓ-Flor,0,2016-01-02 18:17:10.956,1.45,2016-01-03 03:00:00,
1.122450518,4946628,Nicole Gibbs,Gibbs v TorrÓ-Flor,10,2016-01-02 21:51:57.336,1.49,2016-01-03 03:00:00,
1.122450518,4946628,Nicole Gibbs,Gibbs v TorrÓ-Flor,20,2016-01-03 00:23:51.560,1.49,2016-01-03 03:00:00,
1.122450518,4946628,Nicole Gibbs,Gibbs v TorrÓ-Flor,30,2016-01-03 02:01:15.776,1.49,2016-01-03 03:00:00,
1.122450518,4946628,Nicole Gibbs,Gibbs v TorrÓ-Flor,40,2016-01-03 03:22:15.144,1.45,2016-01-03 03:30:00,
1.122450518,4946628,Nicole Gibbs,Gibbs v TorrÓ-Flor,50,2016-01-03 06:09:14.093,1.49,2016-01-03 06:10:00,
1.122450518,4946628,Nicole Gibbs,Gibbs v TorrÓ-Flor,60,2016-01-03 06:11:21.274,1.37,2016-01-03 06:20:00,2016-01-03 06:11:21.274
1.122450518,4946628,Nicole Gibbs,Gibbs v TorrÓ-Flor,70,2016-01-03 06:12:20.321,1.43,2016-01-03 06:20:00,2016-01-03 06:11:21.274
1.122450518,4946628,Nicole Gibbs,Gibbs v TorrÓ-Flor,80,2016-01-03 06:14:17.692,1.26,2016-01-03 06:20:00,2016-01-03 06:11:21.274
1.122450518,4946628,Nicole Gibbs,Gibbs v TorrÓ-Flor,90,2016-01-03 06:16:58.350,1.2,2016-01-03 06:20:00,2016-01-03 06:11:21.274
1.122450518,4946628,Nicole Gibbs,Gibbs v TorrÓ-Flor,100,2016-01-03 06:19:20.278,1.16,2016-01-03 06:20:00,2016-01-03 06:11:21.274
1.122450646,4148045,Bojana Jovanovski,Jovanovski v Friedsam,0,2016-01-02 15:01:59.858,2.08,2016-01-03 06:00:00,
1.122450646,4148045,Bojana Jovanovski,Jovanovski v Friedsam,10,2016-01-02 15:05:15.846,2.16,2016-01-03 06:00:00,
1.122450646,4148045,Bojana Jovanovski,Jovanovski v Friedsam,20,2016-01-02 19:52:24.639,2.28,2016-01-03 06:00:00,
1.122450646,4148045,Bojana Jovanovski,Jovanovski v Friedsam,30,2016-01-02 22:26:49.339,2.3,2016-01-03 06:00:00,
1.122450646,4148045,Bojana Jovanovski,Jovanovski v Friedsam,40,2016-01-03 00:19:26.987,2.24,2016-01-03 06:00:00,
1.122450646,4148045,Bojana Jovanovski,Jovanovski v Friedsam,50,2016-01-03 04:52:23.463,2.16,2016-01-03 06:00:00,
1.122450646,4148045,Bojana Jovanovski,Jovanovski v Friedsam,60,2016-01-03 05:43:18.937,2.24,2016-01-03 08:00:00,
1.122450646,4148045,Bojana Jovanovski,Jovanovski v Friedsam,70,2016-01-03 07:46:13.480,2.3,2016-01-03 09:00:00,
1.122450646,4148045,Bojana Jovanovski,Jovanovski v Friedsam,80,2016-01-03 10:25:03.115,2.14,2016-01-04 04:30:00,
1.122450646,4148045,Bojana Jovanovski,Jovanovski v Friedsam,90,2016-01-03 13:38:10.616,2.22,2016-01-04 04:30:00,
1.122450646,4148045,Bojana Jovanovski,Jovanovski v Friedsam,100,2016-01-04 02:30:07.279,2.24,2016-01-04 04:30:00,
1.122450646,7593369,Anna-Lena Friedsam,Jovanovski v Friedsam,0,2016-01-02 15:01:59.858,1.91,2016-01-03 06:00:00,
1.122450646,7593369,Anna-Lena Friedsam,Jovanovski v Friedsam,10,2016-01-02 16:24:15.450,2.0,2016-01-03 06:00:00,
1.122450646,7593369,Anna-Lena Friedsam,Jovanovski v Friedsam,20,2016-01-02 19:40:13.812,1.76,2016-01-03 06:00:00,
1.122450646,7593369,Anna-Lena Friedsam,Jovanovski v Friedsam,30,2016-01-02 20:27:20.882,1.88,2016-01-03 06:00:00,
1.122450646,7593369,Anna-Lena Friedsam,Jovanovski v Friedsam,40,2016-01-02 22:25:41.315,1.81,2016-01-03 06:00:00,
1.122450646,7593369,Anna-Lena Friedsam,Jovanovski v Friedsam,50,2016-01-02 23:22:01.037,1.81,2016-01-03 06:00:00,
1.122450646,7593369,Anna-Lena Friedsam,Jovanovski v Friedsam,60,2016-01-03 04:44:27.281,1.81,2016-01-03 06:00:00,
1.122450646,7593369,Anna-Lena Friedsam,Jovanovski v Friedsam,70,2016-01-03 04:52:23.463,1.87,2016-01-03 06:00:00,
1.122450646,7593369,Anna-Lena Friedsam,Jovanovski v Friedsam,80,2016-01-03 07:46:13.480,1.75,2016-01-03 09:00:00,
1.122450646,7593369,Anna-Lena Friedsam,Jovanovski v Friedsam,90,2016-01-03 08:56:23.553,1.75,2016-01-03 09:00:00,
1.122450646,7593369,Anna-Lena Friedsam,Jovanovski v Friedsam,100,2016-01-03 13:38:10.616,1.82,2016-01-04 04:30:00,
1.122450652,7642289,Irina-Camelia Begu,Begu v Arruabarrena,0,2016-01-02 16:20:53.988,1.34,2016-01-03 06:00:00,
1.122450652,7642289,Irina-Camelia Begu,Begu v Arruabarrena,10,2016-01-02 18:17:10.900,1.38,2016-01-03 06:00:00,
1.122450652,7642289,Irina-Camelia Begu,Begu v Arruabarrena,20,2016-01-02 22:38:25.307,1.41,2016-01-03 06:00:00,
1.122450652,7642289,Irina-Camelia Begu,Begu v Arruabarrena,30,2016-01-02 23:23:33.645,1.43,2016-01-03 06:00:00,
1.122450652,7642289,Irina-Camelia Begu,Begu v Arruabarrena,40,2016-01-03 06:07:21.860,1.42,2016-01-03 08:00:00,
1.122450652,7642289,Irina-Camelia Begu,Begu v Arruabarrena,50,2016-01-03 08:38:53.177,1.38,2016-01-03 08:45:00,
1.122450652,7642289,Irina-Camelia Begu,Begu v Arruabarrena,60,2016-01-03 08:43:04.659,1.38,2016-01-03 08:45:00,
1.122450652,7642289,Irina-Camelia Begu,Begu v Arruabarrena,70,2016-01-03 11:18:21.395,1.45,2016-01-04 04:30:00,
1.122450652,7642289,Irina-Camelia Begu,Begu v Arruabarrena,80,2016-01-03 18:10:07.692,1.45,2016-01-04 04:30:00,
1.122450652,7642289,Irina-Camelia Begu,Begu v Arruabarrena,90,2016-01-03 22:54:41.652,1.4,2016-01-04 04:30:00,
1.122450652,7642289,Irina-Camelia Begu,Begu v Arruabarrena,100,2016-01-04 04:29:11.180,1.41,2016-01-04 04:30:00,
1.122450678,2309528,Monica Niculescu,Sevastova v Niculescu,0,2016-01-02 16:35:24.660,1.5,2016-01-03 07:30:00,
1.122450678,2309528,Monica Niculescu,Sevastova v Niculescu,10,2016-01-03 15:57:06.630,1.44,2016-01-04 04:30:00,
1.122450678,2309528,Monica Niculescu,Sevastova v Niculescu,20,2016-01-03 16:51:06.067,1.44,2016-01-04 04:30:00,
1.122450678,2309528,Monica Niculescu,Sevastova v Niculescu,30,2016-01-03 18:23:15.407,1.45,2016-01-04 04:30:00,
1.122450678,2309528,Monica Niculescu,Sevastova v Niculescu,40,2016-01-03 19:58:36.445,1.45,2016-01-04 04:30:00,
1.122450678,2309528,Monica Niculescu,Sevastova v Niculescu,50,2016-01-03 21:13:32.389,1.45,2016-01-04 04:30:00,
1.122450678,2309528,Monica Niculescu,Sevastova v Niculescu,60,2016-01-03 22:21:30.064,1.44,2016-01-04 04:30:00,
1.122450678,2309528,Monica Niculescu,Sevastova v Niculescu,70,2016-01-03 23:49:36.443,1.44,2016-01-04 04:30:00,
1.122450678,2309528,Monica Niculescu,Sevastova v Niculescu,80,2016-01-04 01:04:45.039,1.45,2016-01-04 04:30:00,
1.122450678,2309528,Monica Niculescu,Sevastova v Niculescu,90,2016-01-04 02:28:14.731,1.45,2016-01-04 04:30:00,
1.122450678,2309528,Monica Niculescu,Sevastova v Niculescu,100,2016-01-04 03:36:35.204,1.45,2016-01-04 04:30:00,
1.122450687,8243878,Ying-Ying Duan,Su Hsieh v Y Duan,0,2016-01-02 20:17:28.178,2.74,2016-01-03 04:30:00,
1.122450687,8243878,Ying-Ying Duan,Su Hsieh v Y Duan,10,2016-01-02 21:57:11.755,2.7,2016-01-03 04:30:00,
1.122450687,8243878,Ying-Ying Duan,Su Hsieh v Y Duan,20,2016-01-03 00:30:26.652,2.62,2016-01-03 04:30:00,
1.122450687,8243878,Ying-Ying Duan,Su Hsieh v Y Duan,30,2016-01-03 04:11:33.135,2.62,2016-01-03 05:00:00,
1.122450687,8243878,Ying-Ying Duan,Su Hsieh v Y Duan,40,2016-01-03 06:01:15.757,2.42,2016-01-03 06:30:00,
1.122450687,8243878,Ying-Ying Duan,Su Hsieh v Y Duan,50,2016-01-03 11:52:25.117,2.44,2016-01-04 03:00:00,
1.122450687,8243878,Ying-Ying Duan,Su Hsieh v Y Duan,60,2016-01-03 15:56:17.797,2.46,2016-01-04 03:00:00,
1.122450687,8243878,Ying-Ying Duan,Su Hsieh v Y Duan,70,2016-01-03 18:01:00.369,2.52,2016-01-04 03:00:00,
1.122450687,8243878,Ying-Ying Duan,Su Hsieh v Y Duan,80,2016-01-03 21:34:36.606,2.54,2016-01-04 03:00:00,
1.122450687,8243878,Ying-Ying Duan,Su Hsieh v Y Duan,90,2016-01-04 02:35:34.963,2.5,2016-01-04 03:00:00,
1.122450687,8243878,Ying-Ying Duan,Su Hsieh v Y Duan,100,2016-01-04 02:59:34.423,2.5,2016-01-04 03:00:00,
1.122450687,8244521,Su-Wei Hsieh,Su Hsieh v Y Duan,0,2016-01-02 20:17:28.178,1.57,2016-01-03 04:30:00,
1.122450687,8244521,Su-Wei Hsieh,Su Hsieh v Y Duan,10,2016-01-02 22:09:42.727,1.61,2016-01-03 04:30:00,
1.122450687,8244521,Su-Wei Hsieh,Su Hsieh v Y Duan,20,2016-01-03 00:23:26.794,1.61,2016-01-03 04:30:00,
1.122450687,8244521,Su-Wei Hsieh,Su Hsieh v Y Duan,30,2016-01-03 01:41:03.915,1.61,2016-01-03 04:30:00,
1.122450687,8244521,Su-Wei Hsieh,Su Hsieh v Y Duan,40,2016-01-03 06:01:15.757,1.69,2016-01-03 06:30:00,
1.122450687,8244521,Su-Wei Hsieh,Su Hsieh v Y Duan,50,2016-01-03 06:41:06.587,1.6,2016-01-03 07:00:00,
1.122450687,8244521,Su-Wei Hsieh,Su Hsieh v Y Duan,60,2016-01-03 10:41:44.939,1.62,2016-01-04 03:00:00,
1.122450687,8244521,Su-Wei Hsieh,Su Hsieh v Y Duan,70,2016-01-03 12:50:30.259,1.65,2016-01-04 03:00:00,
1.122450687,8244521,Su-Wei Hsieh,Su Hsieh v Y Duan,80,2016-01-03 18:33:51.564,1.66,2016-01-04 03:00:00,
1.122450687,8244521,Su-Wei Hsieh,Su Hsieh v Y Duan,90,2016-01-03 22:30:22.561,1.67,2016-01-04 03:00:00,
1.122450687,8244521,Su-Wei Hsieh,Su Hsieh v Y Duan,100,2016-01-04 02:53:35.012,1.65,2016-01-04 03:00:00,
1.122450714,4174996,Annika Beck,Ann Beck v Riske,0,2016-01-02 18:03:28.794,1.75,2016-01-03 04:30:00,
1.122450714,4174996,Annika Beck,Ann Beck v Riske,10,2016-01-02 23:32:44.132,1.71,2016-01-03 04:30:00,
1.122450714,4174996,Annika Beck,Ann Beck v Riske,20,2016-01-03 04:02:31.026,1.74,2016-01-03 05:00:00,
1.122450714,4174996,Annika Beck,Ann Beck v Riske,30,2016-01-03 04:52:26.882,1.75,2016-01-03 05:30:00,
1.122450714,4174996,Annika Beck,Ann Beck v Riske,40,2016-01-03 07:11:36.993,1.73,2016-01-03 07:30:00,
1.122450714,4174996,Annika Beck,Ann Beck v Riske,50,2016-01-03 10:20:41.151,1.72,2016-01-04 03:00:00,
1.122450714,4174996,Annika Beck,Ann Beck v Riske,60,2016-01-03 10:42:40.900,1.72,2016-01-04 03:00:00,
1.122450714,4174996,Annika Beck,Ann Beck v Riske,70,2016-01-03 11:42:52.303,1.82,2016-01-04 03:00:00,
1.122450714,4174996,Annika Beck,Ann Beck v Riske,80,2016-01-03 13:39:27.557,1.76,2016-01-04 03:00:00,
1.122450714,4174996,Annika Beck,Ann Beck v Riske,90,2016-01-03 18:45:02.976,1.76,2016-01-04 03:00:00,
1.122450714,4174996,Annika Beck,Ann Beck v Riske,100,2016-01-04 02:58:25.638,1.73,2016-01-04 03:00:00,
1.122450714,4566011,Alison Riske,Ann Beck v Riske,0,2016-01-02 18:03:28.794,2.34,2016-01-03 04:30:00,
1.122450714,4566011,Alison Riske,Ann Beck v Riske,10,2016-01-02 23:32:44.132,2.4,2016-01-03 04:30:00,
1.122450714,4566011,Alison Riske,Ann Beck v Riske,20,2016-01-03 02:59:35.266,2.4,2016-01-03 05:00:00,
1.122450714,4566011,Alison Riske,Ann Beck v Riske,30,2016-01-03 04:14:21.598,2.3,2016-01-03 05:00:00,
1.122450714,4566011,Alison Riske,Ann Beck v Riske,40,2016-01-03 04:50:25.007,2.32,2016-01-03 05:30:00,
1.122450714,4566011,Alison Riske,Ann Beck v Riske,50,2016-01-03 06:30:28.967,2.34,2016-01-03 07:00:00,
1.122450714,4566011,Alison Riske,Ann Beck v Riske,60,2016-01-03 07:04:37.596,2.3,2016-01-03 07:30:00,
1.122450714,4566011,Alison Riske,Ann Beck v Riske,70,2016-01-03 10:54:11.984,2.22,2016-01-04 03:00:00,
1.122450714,4566011,Alison Riske,Ann Beck v Riske,80,2016-01-03 12:36:27.131,2.26,2016-01-04 03:00:00,
1.122450714,4566011,Alison Riske,Ann Beck v Riske,90,2016-01-04 00:57:57.445,2.32,2016-01-04 03:00:00,
1.122450714,4566011,Alison Riske,Ann Beck v Riske,100,2016-01-04 02:59:30.472,2.3,2016-01-04 03:00:00,
1.12245073,2415530,Evgeniya Rodina,Rodina v Babos,0,2016-01-03 04:15:36.038,2.82,2016-01-03 06:30:00,
1.12245073,2415530,Evgeniya Rodina,Rodina v Babos,10,2016-01-03 05:57:59.035,3.0,2016-01-03 06:30:00,
1.12245073,2415530,Evgeniya Rodina,Rodina v Babos,20,2016-01-03 06:02:00.655,2.8,2016-01-03 06:30:00,
1.12245073,2415530,Evgeniya Rodina,Rodina v Babos,30,2016-01-03 06:03:54.152,3.0,2016-01-03 06:30:00,
1.12245073,2415530,Evgeniya Rodina,Rodina v Babos,40,2016-01-03 07:10:52.177,2.92,2016-01-03 07:30:00,
1.12245073,2415530,Evgeniya Rodina,Rodina v Babos,50,2016-01-03 07:23:55.255,2.9,2016-01-03 07:30:00,
1.12245073,2415530,Evgeniya Rodina,Rodina v Babos,60,2016-01-03 10:42:02.268,3.2,2016-01-04 03:00:00,
1.12245073,2415530,Evgeniya Rodina,Rodina v Babos,70,2016-01-03 10:47:49.251,2.98,2016-01-04 03:00:00,
1.12245073,2415530,Evgeniya Rodina,Rodina v Babos,80,2016-01-03 22:33:37.054,2.94,2016-01-04 03:00:00,
1.12245073,2415530,Evgeniya Rodina,Rodina v Babos,90,2016-01-04 01:40:51.189,2.96,2016-01-04 03:00:00,
1.12245073,2415530,Evgeniya Rodina,Rodina v Babos,100,2016-01-04 02:21:56.690,2.92,2016-01-04 03:00:00,
1.12245073,4828174,Timea Babos,Rodina v Babos,0,2016-01-02 16:31:44.642,1.56,2016-01-03 06:00:00,
1.12245073,4828174,Timea Babos,Rodina v Babos,10,2016-01-02 20:17:28.178,1.52,2016-01-03 06:00:00,
1.12245073,4828174,Timea Babos,Rodina v Babos,20,2016-01-02 22:49:03.346,1.6,2016-01-03 06:00:00,
1.12245073,4828174,Timea Babos,Rodina v Babos,30,2016-01-03 05:29:08.066,1.54,2016-01-03 05:30:00,
1.12245073,4828174,Timea Babos,Rodina v Babos,40,2016-01-03 06:54:44.327,1.47,2016-01-03 07:00:00,
1.12245073,4828174,Timea Babos,Rodina v Babos,50,2016-01-03 10:14:54.040,1.48,2016-01-04 03:00:00,
1.12245073,4828174,Timea Babos,Rodina v Babos,60,2016-01-03 11:19:45.437,1.51,2016-01-04 03:00:00,
1.12245073,4828174,Timea Babos,Rodina v Babos,70,2016-01-03 12:51:58.361,1.5,2016-01-04 03:00:00,
1.12245073,4828174,Timea Babos,Rodina v Babos,80,2016-01-03 14:05:00.971,1.51,2016-01-04 03:00:00,
1.12245073,4828174,Timea Babos,Rodina v Babos,90,2016-01-03 15:37:34.048,1.51,2016-01-04 03:00:00,
1.12245073,4828174,Timea Babos,Rodina v Babos,100,2016-01-04 02:42:43.271,1.52,2016-01-04 03:00:00,
1.122450758,5704759,Eugenie Bouchard,Bouchard v Vekic,0,2016-01-03 09:58:34.122,1.61,2016-01-04 04:00:00,
1.122450758,5704759,Eugenie Bouchard,Bouchard v Vekic,10,2016-01-04 01:32:11.076,1.59,2016-01-05 04:00:00,
1.122450758,5704759,Eugenie Bouchard,Bouchard v Vekic,20,2016-01-04 18:02:10.264,1.57,2016-01-05 06:00:00,
1.122450758,5704759,Eugenie Bouchard,Bouchard v Vekic,30,2016-01-04 22:13:12.693,1.53,2016-01-05 06:00:00,
1.122450758,5704759,Eugenie Bouchard,Bouchard v Vekic,40,2016-01-05 00:06:58.864,1.56,2016-01-05 06:00:00,
1.122450758,5704759,Eugenie Bouchard,Bouchard v Vekic,50,2016-01-05 02:19:56.833,1.55,2016-01-05 06:00:00,
1.122450758,5704759,Eugenie Bouchard,Bouchard v Vekic,60,2016-01-05 05:02:15.059,1.5,2016-01-05 06:30:00,
1.122450758,5704759,Eugenie Bouchard,Bouchard v Vekic,70,2016-01-05 06:22:14.297,1.51,2016-01-05 06:30:00,
1.122450758,5704759,Eugenie Bouchard,Bouchard v Vekic,80,2016-01-05 07:31:18.384,1.52,2016-01-05 09:30:00,
1.122450758,5704759,Eugenie Bouchard,Bouchard v Vekic,90,2016-01-05 08:37:25.446,1.49,2016-01-05 08:45:00,
1.122450758,5704759,Eugenie Bouchard,Bouchard v Vekic,100,2016-01-05 08:44:25.369,1.42,2016-01-05 08:45:00,2016-01-05 08:44:25.369
1.122450774,2249846,Vania King,V King v Linette,0,2016-01-04 15:45:00.618,2.7,2016-01-05 04:00:00,
1.122450774,2249846,Vania King,V King v Linette,10,2016-01-04 16:50:21.119,2.58,2016-01-05 04:00:00,
1.122450774,2249846,Vania King,V King v Linette,20,2016-01-04 17:34:49.490,2.56,2016-01-05 04:30:00,
1.122450774,2249846,Vania King,V King v Linette,30,2016-01-04 19:37:57.079,2.72,2016-01-05 04:30:00,
1.122450774,2249846,Vania King,V King v Linette,40,2016-01-04 20:04:20.188,2.76,2016-01-05 04:30:00,
1.122450774,2249846,Vania King,V King v Linette,50,2016-01-04 20:34:22.906,2.76,2016-01-05 04:30:00,
1.122450774,2249846,Vania King,V King v Linette,60,2016-01-04 20:54:56.016,2.74,2016-01-05 04:30:00,
1.122450774,2249846,Vania King,V King v Linette,70,2016-01-05 01:57:55.514,2.68,2016-01-05 04:30:00,
1.122450774,2249846,Vania King,V King v Linette,80,2016-01-05 04:02:41.217,2.58,2016-01-05 05:15:00,
1.122450774,2249846,Vania King,V King v Linette,90,2016-01-05 06:45:45.630,2.58,2016-01-05 09:30:00,
1.122450774,2249846,Vania King,V King v Linette,100,2016-01-05 08:28:44.743,2.62,2016-01-05 09:30:00,
1.122450774,7083215,Magda Linette,V King v Linette,0,2016-01-04 07:05:09.054,1.54,2016-01-05 04:00:00,
1.122450774,7083215,Magda Linette,V King v Linette,10,2016-01-04 15:45:00.618,1.59,2016-01-05 04:00:00,
1.122450774,7083215,Magda Linette,V King v Linette,20,2016-01-04 17:37:33.575,1.6,2016-01-05 04:30:00,
1.122450774,7083215,Magda Linette,V King v Linette,30,2016-01-04 19:44:26.340,1.58,2016-01-05 04:30:00,
1.122450774,7083215,Magda Linette,V King v Linette,40,2016-01-04 21:44:25.905,1.58,2016-01-05 04:30:00,
1.122450774,7083215,Magda Linette,V King v Linette,50,2016-01-04 22:32:56.567,1.63,2016-01-05 04:30:00,
1.122450774,7083215,Magda Linette,V King v Linette,60,2016-01-05 02:12:39.305,1.64,2016-01-05 04:30:00,
1.122450774,7083215,Magda Linette,V King v Linette,70,2016-01-05 03:28:46.911,1.63,2016-01-05 05:15:00,
1.122450774,7083215,Magda Linette,V King v Linette,80,2016-01-05 05:02:58.072,1.63,2016-01-05 05:15:00,
1.122450774,7083215,Magda Linette,V King v Linette,90,2016-01-05 06:53:56.938,1.62,2016-01-05 09:30:00,
1.122450774,7083215,Magda Linette,V King v Linette,100,2016-01-05 09:02:09.616,1.61,2016-01-05 09:30:00,
1.122450791,2497008,Petra Kvitova,S Zheng v Kvitova,0,2016-01-02 19:23:57.154,1.13,2016-01-04 04:00:00,
1.122450791,2497008,Petra Kvitova,S Zheng v Kvitova,10,2016-01-02 20:27:09.450,1.1,2016-01-04 04:00:00,
1.122450791,2497008,Petra Kvitova,S Zheng v Kvitova,20,2016-01-04 17:15:51.311,1.12,2016-01-05 07:30:00,
1.122450791,2497008,Petra Kvitova,S Zheng v Kvitova,30,2016-01-04 19:12:59.837,1.12,2016-01-05 07:30:00,
1.122450791,2497008,Petra Kvitova,S Zheng v Kvitova,40,2016-01-04 21:24:05.761,1.12,2016-01-05 07:30:00,
1.122450791,2497008,Petra Kvitova,S Zheng v Kvitova,50,2016-01-04 22:40:02.067,1.11,2016-01-05 07:30:00,
1.122450791,2497008,Petra Kvitova,S Zheng v Kvitova,60,2016-01-04 23:35:18.109,1.11,2016-01-05 07:30:00,
1.122450791,2497008,Petra Kvitova,S Zheng v Kvitova,70,2016-01-05 04:57:05.948,1.11,2016-01-05 08:00:00,
1.122450791,2497008,Petra Kvitova,S Zheng v Kvitova,80,2016-01-05 08:16:13.519,1.11,2016-01-05 10:00:00,
1.122450791,2497008,Petra Kvitova,S Zheng v Kvitova,90,2016-01-05 08:36:43.832,1.11,2016-01-05 10:00:00,
1.122450791,2497008,Petra Kvitova,S Zheng v Kvitova,100,2016-01-05 10:46:11.608,1.1,2016-01-05 10:53:00,
1.122450791,5829453,Saisai Zheng,S Zheng v Kvitova,0,2016-01-04 19:12:59.837,9.4,2016-01-05 07:30:00,
1.122450791,5829453,Saisai Zheng,S Zheng v Kvitova,10,2016-01-05 06:44:38.468,11.0,2016-01-05 10:00:00,
1.122450791,5829453,Saisai Zheng,S Zheng v Kvitova,20,2016-01-05 07:24:54.552,10.0,2016-01-05 10:00:00,
1.122450791,5829453,Saisai Zheng,S Zheng v Kvitova,30,2016-01-05 07:33:27.288,10.5,2016-01-05 10:00:00,
1.122450791,5829453,Saisai Zheng,S Zheng v Kvitova,40,2016-01-05 07:45:56.986,11.0,2016-01-05 10:00:00,
1.122450791,5829453,Saisai Zheng,S Zheng v Kvitova,50,2016-01-05 09:18:19.847,10.5,2016-01-05 10:00:00,
1.122450791,5829453,Saisai Zheng,S Zheng v Kvitova,60,2016-01-05 09:32:19.898,11.0,2016-01-05 10:00:00,
1.122450791,5829453,Saisai Zheng,S Zheng v Kvitova,70,2016-01-05 09:53:20.306,10.5,2016-01-05 10:00:00,
1.122450791,5829453,Saisai Zheng,S Zheng v Kvitova,80,2016-01-05 09:54:16.358,10.0,2016-01-05 10:00:00,
1.122450791,5829453,Saisai Zheng,S Zheng v Kvitova,90,2016-01-05 09:59:18.360,10.5,2016-01-05 10:00:00,
1.122450791,5829453,Saisai Zheng,S Zheng v Kvitova,100,2016-01-05 09:59:42.119,10.0,2016-01-05 10:00:00,
1.122450807,2263577,Agnieszka Radwanska,A Radwanska v Krunic,0,2016-01-02 14:30:52.638,1.13,2016-01-04 04:00:00,
1.122450807,2263577,Agnieszka Radwanska,A Radwanska v Krunic,10,2016-01-03 06:10:44.201,1.1,2016-01-04 04:00:00,
1.122450807,2263577,Agnieszka Radwanska,A Radwanska v Krunic,20,2016-01-04 13:02:46.426,1.07,2016-01-05 04:30:00,
1.122450807,2263577,Agnieszka Radwanska,A Radwanska v Krunic,30,2016-01-04 14:47:05.960,1.08,2016-01-05 04:30:00,
1.122450807,2263577,Agnieszka Radwanska,A Radwanska v Krunic,40,2016-01-04 20:18:20.329,1.08,2016-01-05 04:30:00,
1.122450807,2263577,Agnieszka Radwanska,A Radwanska v Krunic,50,2016-01-04 21:24:42.588,1.07,2016-01-05 04:30:00,
1.122450807,2263577,Agnieszka Radwanska,A Radwanska v Krunic,60,2016-01-04 23:15:44.223,1.07,2016-01-05 04:30:00,
1.122450807,2263577,Agnieszka Radwanska,A Radwanska v Krunic,70,2016-01-05 01:24:13.339,1.06,2016-01-05 04:30:00,
1.122450807,2263577,Agnieszka Radwanska,A Radwanska v Krunic,80,2016-01-05 07:13:37.511,1.07,2016-01-05 08:00:00,
1.122450807,2263577,Agnieszka Radwanska,A Radwanska v Krunic,90,2016-01-05 07:23:40.943,1.08,2016-01-05 08:00:00,
1.122450807,2263577,Agnieszka Radwanska,A Radwanska v Krunic,100,2016-01-05 07:31:46.825,1.07,2016-01-05 07:33:00,
1.122450807,5300820,Aleksandra Krunic,A Radwanska v Krunic,0,2016-01-03 06:10:44.201,11.0,2016-01-04 04:00:00,
1.122450807,5300820,Aleksandra Krunic,A Radwanska v Krunic,10,2016-01-03 14:35:00.997,13.0,2016-01-05 04:00:00,
1.122450807,5300820,Aleksandra Krunic,A Radwanska v Krunic,20,2016-01-04 19:23:35.159,15.5,2016-01-05 04:30:00,
1.122450807,5300820,Aleksandra Krunic,A Radwanska v Krunic,30,2016-01-04 20:18:20.329,13.5,2016-01-05 04:30:00,
1.122450807,5300820,Aleksandra Krunic,A Radwanska v Krunic,40,2016-01-05 00:39:41.564,15.5,2016-01-05 04:30:00,
1.122450807,5300820,Aleksandra Krunic,A Radwanska v Krunic,50,2016-01-05 00:42:40.078,18.0,2016-01-05 04:30:00,
1.122450807,5300820,Aleksandra Krunic,A Radwanska v Krunic,60,2016-01-05 03:13:01.772,17.0,2016-01-05 04:30:00,
1.122450807,5300820,Aleksandra Krunic,A Radwanska v Krunic,70,2016-01-05 04:17:41.235,16.0,2016-01-05 05:00:00,
1.122450807,5300820,Aleksandra Krunic,A Radwanska v Krunic,80,2016-01-05 07:09:49.692,15.5,2016-01-05 08:00:00,
1.122450807,5300820,Aleksandra Krunic,A Radwanska v Krunic,90,2016-01-05 07:15:35.096,13.5,2016-01-05 08:00:00,
1.122450807,5300820,Aleksandra Krunic,A Radwanska v Krunic,100,2016-01-05 07:23:40.943,13.5,2016-01-05 08:00:00,
1.122450839,5596561,Johanna Konta,Q Wang v Konta,0,2016-01-03 10:47:50.577,1.31,2016-01-04 04:00:00,
1.122450839,5596561,Johanna Konta,Q Wang v Konta,10,2016-01-03 14:05:43.527,1.28,2016-01-04 04:00:00,
1.122450839,5596561,Johanna Konta,Q Wang v Konta,20,2016-01-04 03:40:32.665,1.28,2016-01-05 04:00:00,
1.122450839,5596561,Johanna Konta,Q Wang v Konta,30,2016-01-04 04:18:46.778,1.27,2016-01-05 04:00:00,
1.122450839,5596561,Johanna Konta,Q Wang v Konta,40,2016-01-04 04:54:34.468,1.27,2016-01-05 04:00:00,
1.122450839,5596561,Johanna Konta,Q Wang v Konta,50,2016-01-04 05:20:35.703,1.27,2016-01-05 04:00:00,
1.122450839,5596561,Johanna Konta,Q Wang v Konta,60,2016-01-04 05:53:15.608,1.27,2016-01-05 04:00:00,
1.122450839,5596561,Johanna Konta,Q Wang v Konta,70,2016-01-04 06:16:50.581,1.27,2016-01-05 04:00:00,
1.122450839,5596561,Johanna Konta,Q Wang v Konta,80,2016-01-04 06:41:08.553,1.27,2016-01-05 04:00:00,
1.122450839,5596561,Johanna Konta,Q Wang v Konta,90,2016-01-04 16:49:15.596,1.27,2016-01-05 03:00:00,
1.122450839,5596561,Johanna Konta,Q Wang v Konta,100,2016-01-05 06:32:43.739,1.48,2016-01-05 06:35:00,2016-01-05 03:40:52.138
1.122450839,6145777,Qiang Wang,Q Wang v Konta,0,2016-01-03 10:47:50.577,4.3,2016-01-04 04:00:00,
1.122450839,6145777,Qiang Wang,Q Wang v Konta,10,2016-01-04 20:12:52.172,4.4,2016-01-05 03:00:00,
1.122450839,6145777,Qiang Wang,Q Wang v Konta,20,2016-01-04 22:21:33.335,4.6,2016-01-05 03:00:00,
1.122450839,6145777,Qiang Wang,Q Wang v Konta,30,2016-01-04 23:02:31.399,4.5,2016-01-05 03:00:00,
1.122450839,6145777,Qiang Wang,Q Wang v Konta,40,2016-01-05 00:03:45.228,4.6,2016-01-05 03:00:00,
1.122450839,6145777,Qiang Wang,Q Wang v Konta,50,2016-01-05 00:10:42.433,4.8,2016-01-05 03:00:00,
1.122450839,6145777,Qiang Wang,Q Wang v Konta,60,2016-01-05 02:50:42.955,4.6,2016-01-05 03:00:00,
1.122450839,6145777,Qiang Wang,Q Wang v Konta,70,2016-01-05 02:56:33.711,4.4,2016-01-05 03:00:00,
1.122450839,6145777,Qiang Wang,Q Wang v Konta,80,2016-01-05 03:25:52.112,4.5,2016-01-05 03:31:00,
1.122450839,6145777,Qiang Wang,Q Wang v Konta,90,2016-01-05 06:27:50.815,3.3,2016-01-05 06:35:00,2016-01-05 03:40:52.138
1.122450839,6145777,Qiang Wang,Q Wang v Konta,100,2016-01-05 06:30:45.715,3.1,2016-01-05 06:35:00,2016-01-05 03:40:52.138
1.122450855,2386498,Shuai Zhang,S Zhang v Khromacheva,0,2016-01-04 13:02:46.426,1.44,2016-01-05 03:00:00,
1.122450855,2386498,Shuai Zhang,S Zhang v Khromacheva,10,2016-01-04 17:11:38.332,1.48,2016-01-05 04:00:00,
1.122450855,2386498,Shuai Zhang,S Zhang v Khromacheva,20,2016-01-04 20:49:15.722,1.45,2016-01-05 03:00:00,
1.122450855,2386498,Shuai Zhang,S Zhang v Khromacheva,30,2016-01-04 21:20:53.913,1.44,2016-01-05 03:00:00,
1.122450855,2386498,Shuai Zhang,S Zhang v Khromacheva,40,2016-01-04 21:53:19.711,1.47,2016-01-05 03:00:00,
1.122450855,2386498,Shuai Zhang,S Zhang v Khromacheva,50,2016-01-04 23:39:29.540,1.47,2016-01-05 03:00:00,
1.122450855,2386498,Shuai Zhang,S Zhang v Khromacheva,60,2016-01-05 02:15:05.157,1.45,2016-01-05 03:00:00,
1.122450855,2386498,Shuai Zhang,S Zhang v Khromacheva,70,2016-01-05 02:27:35.781,1.44,2016-01-05 03:00:00,
1.122450855,2386498,Shuai Zhang,S Zhang v Khromacheva,80,2016-01-05 03:36:15.951,1.5,2016-01-05 03:45:00,
1.122450855,2386498,Shuai Zhang,S Zhang v Khromacheva,90,2016-01-05 06:43:28.951,1.03,2016-01-05 06:46:00,2016-01-05 03:57:43.063
1.122450855,2386498,Shuai Zhang,S Zhang v Khromacheva,100,2016-01-05 06:45:39.243,1.03,2016-01-05 06:46:00,2016-01-05 03:57:43.063
1.122450902,2249398,Benjamin Becker,B Becker v Berrer,0,2016-01-02 21:03:01.593,1.84,2016-01-03 09:00:00,
1.122450902,2249398,Benjamin Becker,B Becker v Berrer,10,2016-01-02 23:14:53.018,1.89,2016-01-03 09:00:00,
1.122450902,2249398,Benjamin Becker,B Becker v Berrer,20,2016-01-03 08:22:13.832,1.86,2016-01-03 12:30:00,
1.122450902,2249398,Benjamin Becker,B Becker v Berrer,30,2016-01-03 08:56:13.763,1.91,2016-01-03 12:30:00,
1.122450902,2249398,Benjamin Becker,B Becker v Berrer,40,2016-01-03 09:38:02.180,1.85,2016-01-03 12:30:00,
1.122450902,2249398,Benjamin Becker,B Becker v Berrer,50,2016-01-03 10:27:54.856,1.84,2016-01-03 12:30:00,
1.122450902,2249398,Benjamin Becker,B Becker v Berrer,60,2016-01-03 10:44:57.360,1.83,2016-01-03 12:30:00,
1.122450902,2249398,Benjamin Becker,B Becker v Berrer,70,2016-01-03 12:20:58.759,1.8,2016-01-03 12:30:00,
1.122450902,2249398,Benjamin Becker,B Becker v Berrer,80,2016-01-03 12:24:50.515,1.69,2016-01-03 12:30:00,
1.122450902,2249398,Benjamin Becker,B Becker v Berrer,90,2016-01-03 12:26:13.285,1.8,2016-01-03 12:30:00,
1.122450902,2249398,Benjamin Becker,B Becker v Berrer,100,2016-01-03 12:28:59.997,1.75,2016-01-03 12:30:00,
1.122450915,8259098,Jan-Lennard Struff,Vanni v Struff,0,2016-01-02 17:11:58.577,1.88,2016-01-04 06:30:00,
1.122450915,8259098,Jan-Lennard Struff,Vanni v Struff,10,2016-01-02 23:02:20.645,1.94,2016-01-04 06:30:00,
1.122450915,8259098,Jan-Lennard Struff,Vanni v Struff,20,2016-01-04 13:04:11.131,1.76,2016-01-05 14:00:00,
1.122450915,8259098,Jan-Lennard Struff,Vanni v Struff,30,2016-01-04 18:36:25.502,1.87,2016-01-05 14:00:00,
1.122450915,8259098,Jan-Lennard Struff,Vanni v Struff,40,2016-01-04 20:52:33.990,1.8,2016-01-05 14:00:00,
1.122450915,8259098,Jan-Lennard Struff,Vanni v Struff,50,2016-01-05 03:32:22.641,1.78,2016-01-05 14:00:00,
1.122450915,8259098,Jan-Lennard Struff,Vanni v Struff,60,2016-01-05 09:19:34.580,1.76,2016-01-05 14:00:00,
1.122450915,8259098,Jan-Lennard Struff,Vanni v Struff,70,2016-01-05 12:17:33.125,1.79,2016-01-05 14:00:00,
1.122450915,8259098,Jan-Lennard Struff,Vanni v Struff,80,2016-01-05 12:40:13.797,1.81,2016-01-05 14:00:00,
1.122450915,8259098,Jan-Lennard Struff,Vanni v Struff,90,2016-01-05 13:08:05.165,1.83,2016-01-05 14:00:00,
1.122450915,8259098,Jan-Lennard Struff,Vanni v Struff,100,2016-01-05 13:59:11.400,1.8,2016-01-05 14:00:00,
1.122450915,8681900,Luca Vanni,Vanni v Struff,0,2016-01-02 22:18:30.020,2.02,2016-01-04 06:30:00,
1.122450915,8681900,Luca Vanni,Vanni v Struff,10,2016-01-04 00:12:30.588,2.22,2016-01-05 06:30:00,
1.122450915,8681900,Luca Vanni,Vanni v Struff,20,2016-01-04 13:07:19.875,2.18,2016-01-05 14:00:00,
1.122450915,8681900,Luca Vanni,Vanni v Struff,30,2016-01-04 19:01:08.661,2.18,2016-01-05 14:00:00,
1.122450915,8681900,Luca Vanni,Vanni v Struff,40,2016-01-04 21:03:31.973,2.24,2016-01-05 14:00:00,
1.122450915,8681900,Luca Vanni,Vanni v Struff,50,2016-01-04 21:44:25.800,2.24,2016-01-05 14:00:00,
1.122450915,8681900,Luca Vanni,Vanni v Struff,60,2016-01-05 08:12:22.197,2.24,2016-01-05 14:00:00,
1.122450915,8681900,Luca Vanni,Vanni v Struff,70,2016-01-05 12:39:25.289,2.24,2016-01-05 14:00:00,
1.122450915,8681900,Luca Vanni,Vanni v Struff,80,2016-01-05 13:06:23.993,2.24,2016-01-05 14:00:00,
1.122450915,8681900,Luca Vanni,Vanni v Struff,90,2016-01-05 13:12:25.530,2.24,2016-01-05 14:00:00,
1.122450915,8681900,Luca Vanni,Vanni v Struff,100,2016-01-05 14:34:34.170,2.24,2016-01-05 14:36:00,
1.12245097,3391304,Evgeny Donskoy,Millman v Donskoy,0,2016-01-03 19:15:44.680,2.46,2016-01-04 11:30:00,
1.12245097,3391304,Evgeny Donskoy,Millman v Donskoy,10,2016-01-04 08:10:50.142,2.5,2016-01-04 11:30:00,
1.12245097,3391304,Evgeny Donskoy,Millman v Donskoy,20,2016-01-04 08:29:44.669,2.5,2016-01-04 11:30:00,
1.12245097,3391304,Evgeny Donskoy,Millman v Donskoy,30,2016-01-04 09:19:47.181,2.56,2016-01-04 11:30:00,
1.12245097,3391304,Evgeny Donskoy,Millman v Donskoy,40,2016-01-04 09:38:23.249,2.56,2016-01-04 11:30:00,
1.12245097,3391304,Evgeny Donskoy,Millman v Donskoy,50,2016-01-04 09:57:39.902,2.58,2016-01-04 11:30:00,
1.12245097,3391304,Evgeny Donskoy,Millman v Donskoy,60,2016-01-04 10:16:40.199,2.58,2016-01-04 11:30:00,
1.12245097,3391304,Evgeny Donskoy,Millman v Donskoy,70,2016-01-04 10:53:47.858,2.56,2016-01-04 11:30:00,
1.12245097,3391304,Evgeny Donskoy,Millman v Donskoy,80,2016-01-04 11:07:22.588,2.52,2016-01-04 11:30:00,
1.12245097,3391304,Evgeny Donskoy,Millman v Donskoy,90,2016-01-04 11:12:47.681,2.52,2016-01-04 11:30:00,
1.12245097,3391304,Evgeny Donskoy,Millman v Donskoy,100,2016-01-04 11:20:44.808,2.5,2016-01-04 11:30:00,
1.12245097,4415206,John Millman,Millman v Donskoy,0,2016-01-03 19:15:44.680,1.68,2016-01-04 11:30:00,
1.12245097,4415206,John Millman,Millman v Donskoy,10,2016-01-03 21:44:29.393,1.67,2016-01-04 11:30:00,
1.12245097,4415206,John Millman,Millman v Donskoy,20,2016-01-04 07:10:47.260,1.65,2016-01-04 11:30:00,
1.12245097,4415206,John Millman,Millman v Donskoy,30,2016-01-04 07:51:38.669,1.65,2016-01-04 11:30:00,
1.12245097,4415206,John Millman,Millman v Donskoy,40,2016-01-04 08:27:11.783,1.65,2016-01-04 11:30:00,
1.12245097,4415206,John Millman,Millman v Donskoy,50,2016-01-04 10:16:40.199,1.64,2016-01-04 11:30:00,
1.12245097,4415206,John Millman,Millman v Donskoy,60,2016-01-04 10:53:47.858,1.64,2016-01-04 11:30:00,
1.12245097,4415206,John Millman,Millman v Donskoy,70,2016-01-04 11:06:39.663,1.65,2016-01-04 11:30:00,
1.12245097,4415206,John Millman,Millman v Donskoy,80,2016-01-04 11:12:47.681,1.66,2016-01-04 11:30:00,
1.12245097,4415206,John Millman,Millman v Donskoy,90,2016-01-04 11:25:25.952,1.66,2016-01-04 11:30:00,
1.12245097,4415206,John Millman,Millman v Donskoy,100,2016-01-04 11:29:38.605,1.69,2016-01-04 11:30:00,
1.122451029,2248579,Gilles Muller,Khachanov v G Muller,0,2016-01-02 19:56:52.234,1.38,2016-01-04 06:30:00,
1.122451029,2248579,Gilles Muller,Khachanov v G Muller,10,2016-01-04 21:23:37.866,1.44,2016-01-05 14:00:00,
1.122451029,2248579,Gilles Muller,Khachanov v G Muller,20,2016-01-04 23:23:51.088,1.42,2016-01-05 14:00:00,
1.122451029,2248579,Gilles Muller,Khachanov v G Muller,30,2016-01-05 01:22:19.593,1.42,2016-01-05 14:00:00,
1.122451029,2248579,Gilles Muller,Khachanov v G Muller,40,2016-01-05 02:50:45.145,1.4,2016-01-05 14:00:00,
1.122451029,2248579,Gilles Muller,Khachanov v G Muller,50,2016-01-05 04:21:37.837,1.41,2016-01-05 14:00:00,
1.122451029,2248579,Gilles Muller,Khachanov v G Muller,60,2016-01-05 05:52:22.168,1.39,2016-01-05 14:00:00,
1.122451029,2248579,Gilles Muller,Khachanov v G Muller,70,2016-01-05 07:43:44.098,1.4,2016-01-05 14:00:00,
1.122451029,2248579,Gilles Muller,Khachanov v G Muller,80,2016-01-05 09:52:12.659,1.39,2016-01-05 14:00:00,
1.122451029,2248579,Gilles Muller,Khachanov v G Muller,90,2016-01-05 12:16:45.455,1.37,2016-01-05 14:00:00,
1.122451029,2248579,Gilles Muller,Khachanov v G Muller,100,2016-01-05 13:56:40.831,1.37,2016-01-05 14:00:00,
1.122451029,7659623,Karen Khachanov,Khachanov v G Muller,0,2016-01-02 20:02:24.703,3.4,2016-01-04 06:30:00,
1.122451029,7659623,Karen Khachanov,Khachanov v G Muller,10,2016-01-02 20:53:16.013,3.4,2016-01-04 06:30:00,
1.122451029,7659623,Karen Khachanov,Khachanov v G Muller,20,2016-01-03 00:59:49.969,3.35,2016-01-04 06:30:00,
1.122451029,7659623,Karen Khachanov,Khachanov v G Muller,30,2016-01-04 06:11:42.873,3.15,2016-01-05 06:30:00,
1.122451029,7659623,Karen Khachanov,Khachanov v G Muller,40,2016-01-04 20:03:51.196,3.2,2016-01-05 14:00:00,
1.122451029,7659623,Karen Khachanov,Khachanov v G Muller,50,2016-01-05 02:13:49.617,3.45,2016-01-05 14:00:00,
1.122451029,7659623,Karen Khachanov,Khachanov v G Muller,60,2016-01-05 08:16:36.264,3.65,2016-01-05 14:00:00,
1.122451029,7659623,Karen Khachanov,Khachanov v G Muller,70,2016-01-05 12:20:51.973,3.6,2016-01-05 14:00:00,
1.122451029,7659623,Karen Khachanov,Khachanov v G Muller,80,2016-01-05 13:20:46.970,3.55,2016-01-05 14:00:00,
1.122451029,7659623,Karen Khachanov,Khachanov v G Muller,90,2016-01-05 13:33:52.709,3.7,2016-01-05 14:00:00,
1.122451029,7659623,Karen Khachanov,Khachanov v G Muller,100,2016-01-05 13:52:27.581,3.75,2016-01-05 14:00:00,
1.122451242,2488011,Rajeev Ram,R Ram v A Krajicek,0,2016-01-04 13:07:34.127,1.8,2016-01-05 12:15:00,
1.122451242,2488011,Rajeev Ram,R Ram v A Krajicek,10,2016-01-04 17:38:20.351,1.77,2016-01-05 12:15:00,
1.122451242,2488011,Rajeev Ram,R Ram v A Krajicek,20,2016-01-04 22:53:02.542,1.78,2016-01-05 12:15:00,
1.122451242,2488011,Rajeev Ram,R Ram v A Krajicek,30,2016-01-05 05:33:14.476,1.83,2016-01-05 12:15:00,
1.122451242,2488011,Rajeev Ram,R Ram v A Krajicek,40,2016-01-05 08:36:17.519,1.84,2016-01-05 12:15:00,
1.122451242,2488011,Rajeev Ram,R Ram v A Krajicek,50,2016-01-05 09:43:25.057,1.87,2016-01-05 12:15:00,
1.122451242,2488011,Rajeev Ram,R Ram v A Krajicek,60,2016-01-05 10:39:20.103,1.84,2016-01-05 12:15:00,
1.122451242,2488011,Rajeev Ram,R Ram v A Krajicek,70,2016-01-05 11:08:16.225,1.92,2016-01-05 12:15:00,
1.122451242,2488011,Rajeev Ram,R Ram v A Krajicek,80,2016-01-05 11:34:19.347,1.96,2016-01-05 12:15:00,
1.122451242,2488011,Rajeev Ram,R Ram v A Krajicek,90,2016-01-05 12:00:20.157,1.93,2016-01-05 12:04:00,
1.122451242,2488011,Rajeev Ram,R Ram v A Krajicek,100,2016-01-05 12:03:18.141,1.94,2016-01-05 12:04:00,
1.122451242,3288367,Austin Krajicek,R Ram v A Krajicek,0,2016-01-03 14:53:19.831,2.3,2016-01-04 06:30:00,
1.122451242,3288367,Austin Krajicek,R Ram v A Krajicek,10,2016-01-04 13:07:34.127,2.24,2016-01-05 12:15:00,
1.122451242,3288367,Austin Krajicek,R Ram v A Krajicek,20,2016-01-04 19:52:30.547,2.3,2016-01-05 12:15:00,
1.122451242,3288367,Austin Krajicek,R Ram v A Krajicek,30,2016-01-04 20:27:57.577,2.2,2016-01-05 12:15:00,
1.122451242,3288367,Austin Krajicek,R Ram v A Krajicek,40,2016-01-05 08:02:15.010,2.2,2016-01-05 12:15:00,
1.122451242,3288367,Austin Krajicek,R Ram v A Krajicek,50,2016-01-05 09:18:33.799,2.2,2016-01-05 12:15:00,
1.122451242,3288367,Austin Krajicek,R Ram v A Krajicek,60,2016-01-05 09:49:11.285,2.14,2016-01-05 12:15:00,
1.122451242,3288367,Austin Krajicek,R Ram v A Krajicek,70,2016-01-05 10:52:57.752,2.12,2016-01-05 12:15:00,
1.122451242,3288367,Austin Krajicek,R Ram v A Krajicek,80,2016-01-05 11:18:18.734,2.1,2016-01-05 12:15:00,
1.122451242,3288367,Austin Krajicek,R Ram v A Krajicek,90,2016-01-05 11:32:18.493,2.08,2016-01-05 12:15:00,
1.122451242,3288367,Austin Krajicek,R Ram v A Krajicek,100,2016-01-05 12:00:20.157,2.06,2016-01-05 12:04:00,
1.122451298,8173434,Taro Daniel,T Daniel v Garcia-Lopez,0,2016-01-04 22:01:20.720,2.94,2016-01-05 10:30:00,
1.122451298,8173434,Taro Daniel,T Daniel v Garcia-Lopez,10,2016-01-05 05:33:06.895,2.88,2016-01-05 10:30:00,
1.122451298,8173434,Taro Daniel,T Daniel v Garcia-Lopez,20,2016-01-05 07:19:24.784,2.74,2016-01-05 10:30:00,
1.122451298,8173434,Taro Daniel,T Daniel v Garcia-Lopez,30,2016-01-05 08:50:06.623,2.8,2016-01-05 10:30:00,
1.122451298,8173434,Taro Daniel,T Daniel v Garcia-Lopez,40,2016-01-05 09:22:28.400,2.88,2016-01-05 10:30:00,
1.122451298,8173434,Taro Daniel,T Daniel v Garcia-Lopez,50,2016-01-05 09:44:28.806,2.56,2016-01-05 10:30:00,
1.122451298,8173434,Taro Daniel,T Daniel v Garcia-Lopez,60,2016-01-05 09:51:29.458,2.56,2016-01-05 10:30:00,
1.122451298,8173434,Taro Daniel,T Daniel v Garcia-Lopez,70,2016-01-05 09:55:20.734,2.56,2016-01-05 10:30:00,
1.122451298,8173434,Taro Daniel,T Daniel v Garcia-Lopez,80,2016-01-05 10:00:18.387,2.6,2016-01-05 10:30:00,
1.122451298,8173434,Taro Daniel,T Daniel v Garcia-Lopez,90,2016-01-05 10:09:23.809,2.6,2016-01-05 10:30:00,
1.122451298,8173434,Taro Daniel,T Daniel v Garcia-Lopez,100,2016-01-05 10:29:26.353,2.64,2016-01-05 10:30:00,
1.122451298,8260126,Guillermo Garcia-Lopez,T Daniel v Garcia-Lopez,0,2016-01-02 23:05:20.797,1.58,2016-01-04 06:30:00,
1.122451298,8260126,Guillermo Garcia-Lopez,T Daniel v Garcia-Lopez,10,2016-01-04 19:49:44.384,1.51,2016-01-05 10:30:00,
1.122451298,8260126,Guillermo Garcia-Lopez,T Daniel v Garcia-Lopez,20,2016-01-04 22:58:23.179,1.48,2016-01-05 10:30:00,
1.122451298,8260126,Guillermo Garcia-Lopez,T Daniel v Garcia-Lopez,30,2016-01-05 03:39:24.367,1.51,2016-01-05 10:30:00,
1.122451298,8260126,Guillermo Garcia-Lopez,T Daniel v Garcia-Lopez,40,2016-01-05 06:24:28.455,1.57,2016-01-05 10:30:00,
1.122451298,8260126,Guillermo Garcia-Lopez,T Daniel v Garcia-Lopez,50,2016-01-05 08:41:29.410,1.54,2016-01-05 10:30:00,
1.122451298,8260126,Guillermo Garcia-Lopez,T Daniel v Garcia-Lopez,60,2016-01-05 09:22:28.400,1.54,2016-01-05 10:30:00,
1.122451298,8260126,Guillermo Garcia-Lopez,T Daniel v Garcia-Lopez,70,2016-01-05 09:44:28.806,1.65,2016-01-05 10:30:00,
1.122451298,8260126,Guillermo Garcia-Lopez,T Daniel v Garcia-Lopez,80,2016-01-05 09:51:29.458,1.66,2016-01-05 10:30:00,
1.122451298,8260126,Guillermo Garcia-Lopez,T Daniel v Garcia-Lopez,90,2016-01-05 10:05:22.825,1.57,2016-01-05 10:30:00,
1.122451298,8260126,Guillermo Garcia-Lopez,T Daniel v Garcia-Lopez,100,2016-01-05 10:29:26.353,1.62,2016-01-05 10:30:00,
1.122451358,4903598,Vasek Pospisil,V Pospisil v Al Bedene,0,2016-01-03 13:32:29.436,1.59,2016-01-04 06:30:00,
1.122451358,4903598,Vasek Pospisil,V Pospisil v Al Bedene,10,2016-01-04 11:11:21.934,1.57,2016-01-05 06:30:00,
1.122451358,4903598,Vasek Pospisil,V Pospisil v Al Bedene,20,2016-01-05 02:46:55.240,1.58,2016-01-05 13:30:00,
1.122451358,4903598,Vasek Pospisil,V Pospisil v Al Bedene,30,2016-01-05 07:12:53.064,1.6,2016-01-05 13:30:00,
1.122451358,4903598,Vasek Pospisil,V Pospisil v Al Bedene,40,2016-01-05 09:16:12.264,1.58,2016-01-05 13:30:00,
1.122451358,4903598,Vasek Pospisil,V Pospisil v Al Bedene,50,2016-01-05 12:00:36.798,1.57,2016-01-05 13:30:00,
1.122451358,4903598,Vasek Pospisil,V Pospisil v Al Bedene,60,2016-01-05 12:17:37.166,1.58,2016-01-05 13:30:00,
1.122451358,4903598,Vasek Pospisil,V Pospisil v Al Bedene,70,2016-01-05 12:27:21.503,1.61,2016-01-05 13:30:00,
1.122451358,4903598,Vasek Pospisil,V Pospisil v Al Bedene,80,2016-01-05 12:41:15.310,1.58,2016-01-05 13:30:00,
1.122451358,4903598,Vasek Pospisil,V Pospisil v Al Bedene,90,2016-01-05 13:23:12.713,1.6,2016-01-05 13:30:00,
1.122451358,4903598,Vasek Pospisil,V Pospisil v Al Bedene,100,2016-01-05 16:22:30.843,1.61,2016-01-05 16:45:00,
1.122451358,5706996,Aljaz Bedene,V Pospisil v Al Bedene,0,2016-01-03 13:32:29.436,2.68,2016-01-04 06:30:00,
1.122451358,5706996,Aljaz Bedene,V Pospisil v Al Bedene,10,2016-01-04 20:40:17.884,2.82,2016-01-05 13:30:00,
1.122451358,5706996,Aljaz Bedene,V Pospisil v Al Bedene,20,2016-01-05 02:46:55.240,2.7,2016-01-05 13:30:00,
1.122451358,5706996,Aljaz Bedene,V Pospisil v Al Bedene,30,2016-01-05 06:32:29.735,2.74,2016-01-05 13:30:00,
1.122451358,5706996,Aljaz Bedene,V Pospisil v Al Bedene,40,2016-01-05 11:16:22.889,2.76,2016-01-05 13:30:00,
1.122451358,5706996,Aljaz Bedene,V Pospisil v Al Bedene,50,2016-01-05 12:23:30.983,2.68,2016-01-05 13:30:00,
1.122451358,5706996,Aljaz Bedene,V Pospisil v Al Bedene,60,2016-01-05 12:39:01.488,2.74,2016-01-05 13:30:00,
1.122451358,5706996,Aljaz Bedene,V Pospisil v Al Bedene,70,2016-01-05 12:51:14.856,2.68,2016-01-05 13:30:00,
1.122451358,5706996,Aljaz Bedene,V Pospisil v Al Bedene,80,2016-01-05 13:11:34.575,2.64,2016-01-05 13:30:00,
1.122451358,5706996,Aljaz Bedene,V Pospisil v Al Bedene,90,2016-01-05 16:19:38.481,2.64,2016-01-05 16:45:00,
1.122451358,5706996,Aljaz Bedene,V Pospisil v Al Bedene,100,2016-01-05 16:26:29.756,2.58,2016-01-05 16:45:00,
1.122451439,2258415,Lukas Rosol,Giraldo v Rosol,0,2016-01-02 23:57:34.968,1.57,2016-01-04 06:30:00,
1.122451439,2258415,Lukas Rosol,Giraldo v Rosol,10,2016-01-04 06:26:16.236,1.59,2016-01-05 06:30:00,
1.122451439,2258415,Lukas Rosol,Giraldo v Rosol,20,2016-01-04 19:01:29.566,1.58,2016-01-05 12:15:00,
1.122451439,2258415,Lukas Rosol,Giraldo v Rosol,30,2016-01-04 21:14:00.968,1.61,2016-01-05 12:15:00,
1.122451439,2258415,Lukas Rosol,Giraldo v Rosol,40,2016-01-05 01:18:37.732,1.52,2016-01-05 12:15:00,
1.122451439,2258415,Lukas Rosol,Giraldo v Rosol,50,2016-01-05 09:50:20.937,1.54,2016-01-05 12:15:00,
1.122451439,2258415,Lukas Rosol,Giraldo v Rosol,60,2016-01-05 10:50:22.426,1.54,2016-01-05 12:15:00,
1.122451439,2258415,Lukas Rosol,Giraldo v Rosol,70,2016-01-05 11:23:57.426,1.53,2016-01-05 12:15:00,
1.122451439,2258415,Lukas Rosol,Giraldo v Rosol,80,2016-01-05 11:47:34.333,1.54,2016-01-05 12:15:00,
1.122451439,2258415,Lukas Rosol,Giraldo v Rosol,90,2016-01-05 12:10:26.679,1.52,2016-01-05 12:15:00,
1.122451439,2258415,Lukas Rosol,Giraldo v Rosol,100,2016-01-05 13:18:37.558,1.5,2016-01-05 13:20:00,
1.122451439,2415499,Santiago Giraldo,Giraldo v Rosol,0,2016-01-03 13:34:55.479,2.7,2016-01-04 06:30:00,
1.122451439,2415499,Santiago Giraldo,Giraldo v Rosol,10,2016-01-03 14:38:50.172,2.68,2016-01-04 06:30:00,
1.122451439,2415499,Santiago Giraldo,Giraldo v Rosol,20,2016-01-05 01:15:25.188,2.8,2016-01-05 12:15:00,
1.122451439,2415499,Santiago Giraldo,Giraldo v Rosol,30,2016-01-05 01:18:37.732,2.88,2016-01-05 12:15:00,
1.122451439,2415499,Santiago Giraldo,Giraldo v Rosol,40,2016-01-05 09:16:00.757,2.9,2016-01-05 12:15:00,
1.122451439,2415499,Santiago Giraldo,Giraldo v Rosol,50,2016-01-05 10:53:27.174,2.82,2016-01-05 12:15:00,
1.122451439,2415499,Santiago Giraldo,Giraldo v Rosol,60,2016-01-05 11:05:20.430,2.82,2016-01-05 12:15:00,
1.122451439,2415499,Santiago Giraldo,Giraldo v Rosol,70,2016-01-05 11:20:17.449,2.82,2016-01-05 12:15:00,
1.122451439,2415499,Santiago Giraldo,Giraldo v Rosol,80,2016-01-05 11:46:37.858,2.86,2016-01-05 12:15:00,
1.122451439,2415499,Santiago Giraldo,Giraldo v Rosol,90,2016-01-05 11:48:29.882,2.94,2016-01-05 12:15:00,
1.122451439,2415499,Santiago Giraldo,Giraldo v Rosol,100,2016-01-05 13:19:35.901,3.0,2016-01-05 13:20:00,
1.122451498,8173038,Ramkumar Ramanathan,Ramanathan v Gimeno-Traver,0,2016-01-03 10:34:37.080,2.16,2016-01-04 06:30:00,
1.122451498,8173038,Ramkumar Ramanathan,Ramanathan v Gimeno-Traver,10,2016-01-03 17:50:24.165,2.16,2016-01-05 06:30:00,
1.122451498,8173038,Ramkumar Ramanathan,Ramanathan v Gimeno-Traver,20,2016-01-04 11:32:33.887,2.14,2016-01-05 06:30:00,
1.122451498,8173038,Ramkumar Ramanathan,Ramanathan v Gimeno-Traver,30,2016-01-04 17:52:48.338,2.14,2016-01-05 13:15:00,
1.122451498,8173038,Ramkumar Ramanathan,Ramanathan v Gimeno-Traver,40,2016-01-04 18:58:43.709,2.1,2016-01-05 13:15:00,
1.122451498,8173038,Ramkumar Ramanathan,Ramanathan v Gimeno-Traver,50,2016-01-04 22:56:20.328,2.1,2016-01-05 13:15:00,
1.122451498,8173038,Ramkumar Ramanathan,Ramanathan v Gimeno-Traver,60,2016-01-05 09:20:22.926,2.06,2016-01-05 13:15:00,
1.122451498,8173038,Ramkumar Ramanathan,Ramanathan v Gimeno-Traver,70,2016-01-05 11:04:46.863,2.06,2016-01-05 13:15:00,
1.122451498,8173038,Ramkumar Ramanathan,Ramanathan v Gimeno-Traver,80,2016-01-05 12:22:47.417,2.14,2016-01-05 13:15:00,
1.122451498,8173038,Ramkumar Ramanathan,Ramanathan v Gimeno-Traver,90,2016-01-05 12:31:37.581,2.1,2016-01-05 13:15:00,
1.122451498,8173038,Ramkumar Ramanathan,Ramanathan v Gimeno-Traver,100,2016-01-05 13:39:48.769,2.16,2016-01-05 13:44:00,
1.122451498,8260127,Daniel Gimeno-Traver,Ramanathan v Gimeno-Traver,0,2016-01-03 10:22:48.175,1.83,2016-01-04 06:30:00,
1.122451498,8260127,Daniel Gimeno-Traver,Ramanathan v Gimeno-Traver,10,2016-01-03 14:05:37.151,1.89,2016-01-04 06:30:00,
1.122451498,8260127,Daniel Gimeno-Traver,Ramanathan v Gimeno-Traver,20,2016-01-04 00:44:25.592,1.88,2016-01-05 06:30:00,
1.122451498,8260127,Daniel Gimeno-Traver,Ramanathan v Gimeno-Traver,30,2016-01-04 15:48:31.540,1.88,2016-01-05 06:30:00,
1.122451498,8260127,Daniel Gimeno-Traver,Ramanathan v Gimeno-Traver,40,2016-01-04 18:44:57.997,1.89,2016-01-05 13:15:00,
1.122451498,8260127,Daniel Gimeno-Traver,Ramanathan v Gimeno-Traver,50,2016-01-04 19:40:38.208,1.93,2016-01-05 13:15:00,
1.122451498,8260127,Daniel Gimeno-Traver,Ramanathan v Gimeno-Traver,60,2016-01-05 05:01:32.267,1.96,2016-01-05 13:15:00,
1.122451498,8260127,Daniel Gimeno-Traver,Ramanathan v Gimeno-Traver,70,2016-01-05 11:38:13.659,1.89,2016-01-05 13:15:00,
1.122451498,8260127,Daniel Gimeno-Traver,Ramanathan v Gimeno-Traver,80,2016-01-05 12:20:48.780,1.88,2016-01-05 13:15:00,
1.122451498,8260127,Daniel Gimeno-Traver,Ramanathan v Gimeno-Traver,90,2016-01-05 12:34:40.576,1.89,2016-01-05 13:15:00,
1.122451498,8260127,Daniel Gimeno-Traver,Ramanathan v Gimeno-Traver,100,2016-01-05 13:43:48.168,1.83,2016-01-05 13:44:00,
1.122451559,3035263,Marcel Granollers,Coric v M Granollers,0,2016-01-03 10:19:55.688,2.76,2016-01-04 06:30:00,
1.122451559,3035263,Marcel Granollers,Coric v M Granollers,10,2016-01-03 21:27:00.729,2.98,2016-01-04 13:15:00,
1.122451559,3035263,Marcel Granollers,Coric v M Granollers,20,2016-01-03 21:49:28.182,2.96,2016-01-04 13:15:00,
1.122451559,3035263,Marcel Granollers,Coric v M Granollers,30,2016-01-04 05:27:53.091,3.05,2016-01-04 13:15:00,
1.122451559,3035263,Marcel Granollers,Coric v M Granollers,40,2016-01-04 06:02:23.470,3.05,2016-01-04 13:15:00,
1.122451559,3035263,Marcel Granollers,Coric v M Granollers,50,2016-01-04 08:58:57.787,3.2,2016-01-04 13:15:00,
1.122451559,3035263,Marcel Granollers,Coric v M Granollers,60,2016-01-04 09:42:42.699,3.05,2016-01-04 13:15:00,
1.122451559,3035263,Marcel Granollers,Coric v M Granollers,70,2016-01-04 10:19:55.567,3.2,2016-01-04 13:15:00,
1.122451559,3035263,Marcel Granollers,Coric v M Granollers,80,2016-01-04 12:33:51.436,3.1,2016-01-04 13:15:00,
1.122451559,3035263,Marcel Granollers,Coric v M Granollers,90,2016-01-04 12:53:57.582,3.0,2016-01-04 13:15:00,
1.122451559,3035263,Marcel Granollers,Coric v M Granollers,100,2016-01-04 13:10:55.624,3.0,2016-01-04 13:15:00,
1.122451559,7446579,Borna Coric,Coric v M Granollers,0,2016-01-03 07:51:30.257,1.57,2016-01-04 06:30:00,
1.122451559,7446579,Borna Coric,Coric v M Granollers,10,2016-01-03 19:19:57.794,1.51,2016-01-04 13:15:00,
1.122451559,7446579,Borna Coric,Coric v M Granollers,20,2016-01-03 21:10:38.160,1.52,2016-01-04 13:15:00,
1.122451559,7446579,Borna Coric,Coric v M Granollers,30,2016-01-04 05:27:53.091,1.44,2016-01-04 13:15:00,
1.122451559,7446579,Borna Coric,Coric v M Granollers,40,2016-01-04 07:50:57.777,1.47,2016-01-04 13:15:00,
1.122451559,7446579,Borna Coric,Coric v M Granollers,50,2016-01-04 09:22:38.514,1.45,2016-01-04 13:15:00,
1.122451559,7446579,Borna Coric,Coric v M Granollers,60,2016-01-04 10:25:47.299,1.46,2016-01-04 13:15:00,
1.122451559,7446579,Borna Coric,Coric v M Granollers,70,2016-01-04 12:23:52.983,1.47,2016-01-04 13:15:00,
1.122451559,7446579,Borna Coric,Coric v M Granollers,80,2016-01-04 12:53:57.582,1.49,2016-01-04 13:15:00,
1.122451559,7446579,Borna Coric,Coric v M Granollers,90,2016-01-04 13:00:57.007,1.48,2016-01-04 13:15:00,
1.122451559,7446579,Borna Coric,Coric v M Granollers,100,2016-01-04 13:13:42.579,1.5,2016-01-04 13:15:00,
1.122452078,5626817,Kyle Edmund,Edmund v Albot,0,2016-01-02 20:16:20.300,1.46,2016-01-03 09:00:00,
1.122452078,5626817,Kyle Edmund,Edmund v Albot,10,2016-01-02 21:48:51.115,1.43,2016-01-03 09:00:00,
1.122452078,5626817,Kyle Edmund,Edmund v Albot,20,2016-01-03 00:37:21.172,1.4,2016-01-03 09:00:00,
1.122452078,5626817,Kyle Edmund,Edmund v Albot,30,2016-01-03 01:34:17.753,1.37,2016-01-03 09:00:00,
1.122452078,5626817,Kyle Edmund,Edmund v Albot,40,2016-01-03 07:49:36.628,1.41,2016-01-03 12:30:00,
1.122452078,5626817,Kyle Edmund,Edmund v Albot,50,2016-01-03 08:05:36.767,1.41,2016-01-03 12:30:00,
1.122452078,5626817,Kyle Edmund,Edmund v Albot,60,2016-01-03 08:47:03.180,1.37,2016-01-03 12:30:00,
1.122452078,5626817,Kyle Edmund,Edmund v Albot,70,2016-01-03 09:15:36.826,1.35,2016-01-03 12:30:00,
1.122452078,5626817,Kyle Edmund,Edmund v Albot,80,2016-01-03 10:11:21.970,1.37,2016-01-03 12:30:00,
1.122452078,5626817,Kyle Edmund,Edmund v Albot,90,2016-01-03 10:45:28.060,1.36,2016-01-03 12:30:00,
1.122452078,5626817,Kyle Edmund,Edmund v Albot,100,2016-01-03 12:28:35.275,1.27,2016-01-03 12:30:00,
1.122452617,2263634,Lukas Lacko,Karatsev v Lacko,0,2016-01-02 20:17:28.178,1.43,2016-01-03 09:00:00,
1.122452617,2263634,Lukas Lacko,Karatsev v Lacko,10,2016-01-02 21:03:35.255,1.44,2016-01-03 09:00:00,
1.122452617,2263634,Lukas Lacko,Karatsev v Lacko,20,2016-01-02 21:04:29.605,1.43,2016-01-03 09:00:00,
1.122452617,2263634,Lukas Lacko,Karatsev v Lacko,30,2016-01-02 22:13:47.410,1.42,2016-01-03 09:00:00,
1.122452617,2263634,Lukas Lacko,Karatsev v Lacko,40,2016-01-02 22:55:27.183,1.49,2016-01-03 09:00:00,
1.122452617,2263634,Lukas Lacko,Karatsev v Lacko,50,2016-01-02 23:09:34.381,1.41,2016-01-03 09:00:00,
1.122452617,2263634,Lukas Lacko,Karatsev v Lacko,60,2016-01-03 08:40:28.549,1.42,2016-01-03 12:30:00,
1.122452617,2263634,Lukas Lacko,Karatsev v Lacko,70,2016-01-03 08:47:03.180,1.41,2016-01-03 12:30:00,
1.122452617,2263634,Lukas Lacko,Karatsev v Lacko,80,2016-01-03 10:30:28.741,1.42,2016-01-03 12:30:00,
1.122452617,2263634,Lukas Lacko,Karatsev v Lacko,90,2016-01-03 11:30:30.850,1.41,2016-01-03 12:30:00,
1.122452617,2263634,Lukas Lacko,Karatsev v Lacko,100,2016-01-03 11:31:19.526,1.35,2016-01-03 12:30:00,
1.122452823,9129308,Ali Mutawa/Jaziri,Chardy/Mathieu v Ali Mutawa/Jaziri,0,2016-01-03 20:19:49.232,8.2,2016-01-04 16:00:00,
1.122452823,9129308,Ali Mutawa/Jaziri,Chardy/Mathieu v Ali Mutawa/Jaziri,10,2016-01-04 11:40:10.649,15.0,2016-01-04 16:00:00,
1.122452823,9129308,Ali Mutawa/Jaziri,Chardy/Mathieu v Ali Mutawa/Jaziri,20,2016-01-04 15:20:39.393,17.5,2016-01-04 16:00:00,2016-01-04 15:16:35.708
1.122452823,9129308,Ali Mutawa/Jaziri,Chardy/Mathieu v Ali Mutawa/Jaziri,30,2016-01-04 15:21:37.397,15.0,2016-01-04 16:00:00,2016-01-04 15:16:35.708
1.122452823,9129308,Ali Mutawa/Jaziri,Chardy/Mathieu v Ali Mutawa/Jaziri,40,2016-01-04 15:23:32.907,12.5,2016-01-04 16:00:00,2016-01-04 15:16:35.708
1.122452823,9129308,Ali Mutawa/Jaziri,Chardy/Mathieu v Ali Mutawa/Jaziri,50,2016-01-04 15:28:39.315,17.5,2016-01-04 16:00:00,2016-01-04 15:16:35.708
1.122452823,9129308,Ali Mutawa/Jaziri,Chardy/Mathieu v Ali Mutawa/Jaziri,60,2016-01-04 15:29:27.403,34.0,2016-01-04 16:00:00,2016-01-04 15:16:35.708
1.122452823,9129308,Ali Mutawa/Jaziri,Chardy/Mathieu v Ali Mutawa/Jaziri,70,2016-01-04 15:30:28.107,26.0,2016-01-04 16:00:00,2016-01-04 15:16:35.708
1.122452823,9129308,Ali Mutawa/Jaziri,Chardy/Mathieu v Ali Mutawa/Jaziri,80,2016-01-04 15:50:37.150,46.0,2016-01-04 16:00:00,2016-01-04 15:16:35.708
1.122452823,9129308,Ali Mutawa/Jaziri,Chardy/Mathieu v Ali Mutawa/Jaziri,90,2016-01-04 15:52:37.327,50.0,2016-01-04 16:00:00,2016-01-04 15:16:35.708
1.122452823,9129308,Ali Mutawa/Jaziri,Chardy/Mathieu v Ali Mutawa/Jaziri,100,2016-01-04 15:56:33.096,100.0,2016-01-04 16:00:00,2016-01-04 15:16:35.708
1.122452823,10682722,Chardy/Mathieu,Chardy/Mathieu v Ali Mutawa/Jaziri,0,2016-01-03 19:24:53.449,1.17,2016-01-04 16:00:00,
1.122452823,10682722,Chardy/Mathieu,Chardy/Mathieu v Ali Mutawa/Jaziri,10,2016-01-03 20:19:49.232,1.14,2016-01-04 16:00:00,
1.122452823,10682722,Chardy/Mathieu,Chardy/Mathieu v Ali Mutawa/Jaziri,20,2016-01-04 11:23:24.571,1.07,2016-01-04 16:00:00,
1.122452823,10682722,Chardy/Mathieu,Chardy/Mathieu v Ali Mutawa/Jaziri,30,2016-01-04 15:21:37.397,1.07,2016-01-04 16:00:00,2016-01-04 15:16:35.708
1.122452823,10682722,Chardy/Mathieu,Chardy/Mathieu v Ali Mutawa/Jaziri,40,2016-01-04 15:22:28.207,1.08,2016-01-04 16:00:00,2016-01-04 15:16:35.708
1.122452823,10682722,Chardy/Mathieu,Chardy/Mathieu v Ali Mutawa/Jaziri,50,2016-01-04 15:25:33.264,1.05,2016-01-04 16:00:00,2016-01-04 15:16:35.708
1.122452823,10682722,Chardy/Mathieu,Chardy/Mathieu v Ali Mutawa/Jaziri,60,2016-01-04 15:29:27.403,1.03,2016-01-04 16:00:00,2016-01-04 15:16:35.708
1.122452823,10682722,Chardy/Mathieu,Chardy/Mathieu v Ali Mutawa/Jaziri,70,2016-01-04 15:30:28.107,1.04,2016-01-04 16:00:00,2016-01-04 15:16:35.708
1.122452823,10682722,Chardy/Mathieu,Chardy/Mathieu v Ali Mutawa/Jaziri,80,2016-01-04 15:36:35.338,1.04,2016-01-04 16:00:00,2016-01-04 15:16:35.708
1.122452823,10682722,Chardy/Mathieu,Chardy/Mathieu v Ali Mutawa/Jaziri,90,2016-01-04 15:48:29.092,1.01,2016-01-04 16:00:00,2016-01-04 15:16:35.708
1.122452823,10682722,Chardy/Mathieu,Chardy/Mathieu v Ali Mutawa/Jaziri,100,2016-01-04 15:56:33.096,1.01,2016-01-04 16:00:00,2016-01-04 15:16:35.708
1.122452934,3155551,Petzschner/Peya,Petzschner/Peya v Zayed/Zayid,0,2016-01-03 19:24:33.875,1.07,2016-01-04 09:00:00,
1.122452934,3155551,Petzschner/Peya,Petzschner/Peya v Zayed/Zayid,10,2016-01-04 15:58:44.808,1.05,2016-01-05 09:00:00,
1.122452934,3155551,Petzschner/Peya,Petzschner/Peya v Zayed/Zayid,20,2016-01-04 21:33:07.818,1.03,2016-01-05 12:30:00,
1.122452934,3155551,Petzschner/Peya,Petzschner/Peya v Zayed/Zayid,30,2016-01-05 08:46:57.020,1.02,2016-01-05 12:30:00,
1.122452934,3155551,Petzschner/Peya,Petzschner/Peya v Zayed/Zayid,40,2016-01-05 09:00:49.718,1.03,2016-01-05 12:30:00,
1.122452934,3155551,Petzschner/Peya,Petzschner/Peya v Zayed/Zayid,50,2016-01-05 10:50:00.264,1.02,2016-01-05 12:30:00,
1.122452934,3155551,Petzschner/Peya,Petzschner/Peya v Zayed/Zayid,60,2016-01-05 11:40:40.914,1.01,2016-01-05 12:30:00,
1.122452934,3155551,Petzschner/Peya,Petzschner/Peya v Zayed/Zayid,70,2016-01-05 12:10:28.063,1.02,2016-01-05 12:30:00,
1.122452934,3155551,Petzschner/Peya,Petzschner/Peya v Zayed/Zayid,80,2016-01-05 12:20:07.158,1.01,2016-01-05 12:30:00,
1.122452934,3155551,Petzschner/Peya,Petzschner/Peya v Zayed/Zayid,90,2016-01-05 12:22:59.515,1.02,2016-01-05 12:30:00,
1.122452934,3155551,Petzschner/Peya,Petzschner/Peya v Zayed/Zayid,100,2016-01-05 12:29:49.474,1.02,2016-01-05 12:34:00,
1.122457871,2304933,Jeremy Chardy,Chardy v Shannan Zayid,0,2016-01-03 03:05:42.373,1.03,2016-01-04 09:00:00,
1.122457871,2304933,Jeremy Chardy,Chardy v Shannan Zayid,10,2016-01-03 06:27:43.948,1.03,2016-01-04 09:00:00,
1.122457871,2304933,Jeremy Chardy,Chardy v Shannan Zayid,20,2016-01-03 08:09:41.201,1.01,2016-01-04 09:00:00,
1.122457871,2304933,Jeremy Chardy,Chardy v Shannan Zayid,30,2016-01-03 21:06:24.569,1.01,2016-01-04 12:30:00,
1.122457871,2304933,Jeremy Chardy,Chardy v Shannan Zayid,40,2016-01-04 04:40:12.104,1.01,2016-01-04 12:30:00,
1.122457871,2304933,Jeremy Chardy,Chardy v Shannan Zayid,50,2016-01-04 09:04:35.705,1.01,2016-01-04 12:30:00,
1.122457871,2304933,Jeremy Chardy,Chardy v Shannan Zayid,60,2016-01-04 09:32:49.226,1.01,2016-01-04 12:30:00,
1.122457871,2304933,Jeremy Chardy,Chardy v Shannan Zayid,70,2016-01-04 11:06:15.263,1.01,2016-01-04 12:30:00,
1.122457871,2304933,Jeremy Chardy,Chardy v Shannan Zayid,80,2016-01-04 11:40:20.579,1.01,2016-01-04 12:30:00,
1.122457871,2304933,Jeremy Chardy,Chardy v Shannan Zayid,90,2016-01-04 12:18:19.223,1.01,2016-01-04 12:30:00,
1.122457871,2304933,Jeremy Chardy,Chardy v Shannan Zayid,100,2016-01-04 12:28:56.360,1.01,2016-01-04 12:30:00,
1.122457873,2265109,Feliciano Lopez,Munoz-De La Nava v Fel Lopez,0,2016-01-03 15:03:29.059,1.19,2016-01-04 16:15:00,
1.122457873,2265109,Feliciano Lopez,Munoz-De La Nava v Fel Lopez,10,2016-01-04 06:31:19.948,1.19,2016-01-04 16:15:00,
1.122457873,2265109,Feliciano Lopez,Munoz-De La Nava v Fel Lopez,20,2016-01-04 11:58:28.079,1.19,2016-01-04 16:15:00,
1.122457873,2265109,Feliciano Lopez,Munoz-De La Nava v Fel Lopez,30,2016-01-04 13:40:11.064,1.19,2016-01-04 16:15:00,
1.122457873,2265109,Feliciano Lopez,Munoz-De La Nava v Fel Lopez,40,2016-01-04 15:29:31.364,1.21,2016-01-04 16:15:00,
1.122457873,2265109,Feliciano Lopez,Munoz-De La Nava v Fel Lopez,50,2016-01-04 15:51:12.715,1.22,2016-01-04 16:15:00,
1.122457873,2265109,Feliciano Lopez,Munoz-De La Nava v Fel Lopez,60,2016-01-04 15:57:25.369,1.2,2016-01-04 16:15:00,
1.122457873,2265109,Feliciano Lopez,Munoz-De La Nava v Fel Lopez,70,2016-01-04 16:04:31.064,1.21,2016-01-04 16:15:00,
1.122457873,2265109,Feliciano Lopez,Munoz-De La Nava v Fel Lopez,80,2016-01-04 16:08:31.729,1.21,2016-01-04 16:15:00,2016-01-04 16:08:31.729
1.122457873,2265109,Feliciano Lopez,Munoz-De La Nava v Fel Lopez,90,2016-01-04 16:11:30.259,1.19,2016-01-04 16:15:00,2016-01-04 16:08:31.729
1.122457873,2265109,Feliciano Lopez,Munoz-De La Nava v Fel Lopez,100,2016-01-04 16:14:31.543,1.25,2016-01-04 16:15:00,2016-01-04 16:08:31.729
1.122457873,10601736,Daniel Muñoz de la Nav,Munoz-De La Nava v Fel Lopez,0,2016-01-03 18:57:38.228,5.7,2016-01-04 16:15:00,
1.122457873,10601736,Daniel Muñoz de la Nav,Munoz-De La Nava v Fel Lopez,10,2016-01-04 09:11:30.358,5.5,2016-01-04 16:15:00,
1.122457873,10601736,Daniel Muñoz de la Nav,Munoz-De La Nava v Fel Lopez,20,2016-01-04 12:13:48.437,5.7,2016-01-04 16:15:00,
1.122457873,10601736,Daniel Muñoz de la Nav,Munoz-De La Nava v Fel Lopez,30,2016-01-04 14:02:21.647,6.2,2016-01-04 16:15:00,
1.122457873,10601736,Daniel Muñoz de la Nav,Munoz-De La Nava v Fel Lopez,40,2016-01-04 15:06:10.413,5.9,2016-01-04 16:15:00,
1.122457873,10601736,Daniel Muñoz de la Nav,Munoz-De La Nava v Fel Lopez,50,2016-01-04 15:29:31.364,6.0,2016-01-04 16:15:00,
1.122457873,10601736,Daniel Muñoz de la Nav,Munoz-De La Nava v Fel Lopez,60,2016-01-04 15:46:14.074,5.6,2016-01-04 16:15:00,
1.122457873,10601736,Daniel Muñoz de la Nav,Munoz-De La Nava v Fel Lopez,70,2016-01-04 16:05:31.378,6.0,2016-01-04 16:15:00,
1.122457873,10601736,Daniel Muñoz de la Nav,Munoz-De La Nava v Fel Lopez,80,2016-01-04 16:08:31.729,5.7,2016-01-04 16:15:00,2016-01-04 16:08:31.729
1.122457873,10601736,Daniel Muñoz de la Nav,Munoz-De La Nava v Fel Lopez,90,2016-01-04 16:10:31.230,4.6,2016-01-04 16:15:00,2016-01-04 16:08:31.729
1.122457873,10601736,Daniel Muñoz de la Nav,Munoz-De La Nava v Fel Lopez,100,2016-01-04 16:14:31.543,5.0,2016-01-04 16:15:00,2016-01-04 16:08:31.729
1.122457981,2251410,Rafael Nadal,Carreno Busta v Nadal,0,2016-01-03 07:54:01.477,1.08,2016-01-04 09:00:00,
1.122457981,2251410,Rafael Nadal,Carreno Busta v Nadal,10,2016-01-03 14:18:43.226,1.06,2016-01-04 09:00:00,
1.122457981,2251410,Rafael Nadal,Carreno Busta v Nadal,20,2016-01-04 12:41:44.355,1.05,2016-01-05 09:00:00,
1.122457981,2251410,Rafael Nadal,Carreno Busta v Nadal,30,2016-01-04 19:16:46.608,1.06,2016-01-05 16:00:00,
1.122457981,2251410,Rafael Nadal,Carreno Busta v Nadal,40,2016-01-04 21:43:04.703,1.05,2016-01-05 16:00:00,
1.122457981,2251410,Rafael Nadal,Carreno Busta v Nadal,50,2016-01-05 05:05:41.041,1.04,2016-01-05 16:00:00,
1.122457981,2251410,Rafael Nadal,Carreno Busta v Nadal,60,2016-01-05 11:42:37.358,1.05,2016-01-05 16:00:00,
1.122457981,2251410,Rafael Nadal,Carreno Busta v Nadal,70,2016-01-05 13:43:31.309,1.04,2016-01-05 16:00:00,
1.122457981,2251410,Rafael Nadal,Carreno Busta v Nadal,80,2016-01-05 14:51:57.758,1.05,2016-01-05 16:00:00,
1.122457981,2251410,Rafael Nadal,Carreno Busta v Nadal,90,2016-01-05 15:30:06.552,1.04,2016-01-05 16:00:00,
1.122457981,2251410,Rafael Nadal,Carreno Busta v Nadal,100,2016-01-05 16:48:06.198,1.05,2016-01-05 16:49:00,
1.122457981,5479878,Pablo Carreno Busta,Carreno Busta v Nadal,0,2016-01-03 08:50:43.594,17.5,2016-01-04 09:00:00,
1.122457981,5479878,Pablo Carreno Busta,Carreno Busta v Nadal,10,2016-01-04 19:23:56.409,19.0,2016-01-05 16:00:00,
1.122457981,5479878,Pablo Carreno Busta,Carreno Busta v Nadal,20,2016-01-04 20:00:43.873,21.0,2016-01-05 16:00:00,
1.122457981,5479878,Pablo Carreno Busta,Carreno Busta v Nadal,30,2016-01-05 07:46:46.866,24.0,2016-01-05 16:00:00,
1.122457981,5479878,Pablo Carreno Busta,Carreno Busta v Nadal,40,2016-01-05 09:23:35.394,24.0,2016-01-05 16:00:00,
1.122457981,5479878,Pablo Carreno Busta,Carreno Busta v Nadal,50,2016-01-05 13:40:04.446,23.0,2016-01-05 16:00:00,
1.122457981,5479878,Pablo Carreno Busta,Carreno Busta v Nadal,60,2016-01-05 14:12:09.437,23.0,2016-01-05 16:00:00,
1.122457981,5479878,Pablo Carreno Busta,Carreno Busta v Nadal,70,2016-01-05 14:51:57.758,21.0,2016-01-05 16:00:00,
1.122457981,5479878,Pablo Carreno Busta,Carreno Busta v Nadal,80,2016-01-05 15:33:06.181,22.0,2016-01-05 16:00:00,
1.122457981,5479878,Pablo Carreno Busta,Carreno Busta v Nadal,90,2016-01-05 16:44:03.775,24.0,2016-01-05 16:49:00,
1.122457981,5479878,Pablo Carreno Busta,Carreno Busta v Nadal,100,2016-01-05 16:48:06.198,25.0,2016-01-05 16:49:00,
1.12245804,6374165,Marco Cecchinato,Cecchinato v Dzumhur,0,2016-01-04 07:21:43.566,2.74,2016-01-04 12:30:00,
1.12245804,6374165,Marco Cecchinato,Cecchinato v Dzumhur,10,2016-01-04 08:31:01.224,2.68,2016-01-04 12:30:00,
1.12245804,6374165,Marco Cecchinato,Cecchinato v Dzumhur,20,2016-01-04 09:01:20.737,2.62,2016-01-04 12:30:00,
1.12245804,6374165,Marco Cecchinato,Cecchinato v Dzumhur,30,2016-01-04 10:06:27.500,2.74,2016-01-04 12:30:00,
1.12245804,6374165,Marco Cecchinato,Cecchinato v Dzumhur,40,2016-01-04 11:02:15.542,2.66,2016-01-04 12:30:00,
1.12245804,6374165,Marco Cecchinato,Cecchinato v Dzumhur,50,2016-01-04 11:29:33.410,2.64,2016-01-04 12:30:00,
1.12245804,6374165,Marco Cecchinato,Cecchinato v Dzumhur,60,2016-01-04 11:55:35.015,2.66,2016-01-04 12:30:00,
1.12245804,6374165,Marco Cecchinato,Cecchinato v Dzumhur,70,2016-01-04 11:56:36.053,2.72,2016-01-04 12:30:00,
1.12245804,6374165,Marco Cecchinato,Cecchinato v Dzumhur,80,2016-01-04 12:03:30.241,2.7,2016-01-04 12:30:00,
1.12245804,6374165,Marco Cecchinato,Cecchinato v Dzumhur,90,2016-01-04 12:04:35.834,2.76,2016-01-04 12:30:00,
1.12245804,6374165,Marco Cecchinato,Cecchinato v Dzumhur,100,2016-01-04 12:23:34.567,2.8,2016-01-04 12:30:00,
1.12245804,7414058,Damir Dzumhur,Cecchinato v Dzumhur,0,2016-01-03 19:27:53.134,1.62,2016-01-04 12:30:00,
1.12245804,7414058,Damir Dzumhur,Cecchinato v Dzumhur,10,2016-01-04 01:23:31.036,1.65,2016-01-04 12:30:00,
1.12245804,7414058,Damir Dzumhur,Cecchinato v Dzumhur,20,2016-01-04 06:22:02.294,1.61,2016-01-04 12:30:00,
1.12245804,7414058,Damir Dzumhur,Cecchinato v Dzumhur,30,2016-01-04 08:36:31.346,1.57,2016-01-04 12:30:00,
1.12245804,7414058,Damir Dzumhur,Cecchinato v Dzumhur,40,2016-01-04 09:15:27.360,1.62,2016-01-04 12:30:00,
1.12245804,7414058,Damir Dzumhur,Cecchinato v Dzumhur,50,2016-01-04 11:12:33.302,1.61,2016-01-04 12:30:00,
1.12245804,7414058,Damir Dzumhur,Cecchinato v Dzumhur,60,2016-01-04 11:29:33.410,1.62,2016-01-04 12:30:00,
1.12245804,7414058,Damir Dzumhur,Cecchinato v Dzumhur,70,2016-01-04 11:55:35.015,1.58,2016-01-04 12:30:00,
1.12245804,7414058,Damir Dzumhur,Cecchinato v Dzumhur,80,2016-01-04 12:16:34.889,1.55,2016-01-04 12:30:00,
1.12245804,7414058,Damir Dzumhur,Cecchinato v Dzumhur,90,2016-01-04 12:23:34.567,1.56,2016-01-04 12:30:00,
1.12245804,7414058,Damir Dzumhur,Cecchinato v Dzumhur,100,2016-01-04 12:28:31.971,1.54,2016-01-04 12:30:00,
1.122458049,2309797,Simone Bolelli,Gabashvili v Bolelli,0,2016-01-03 09:36:18.396,2.0,2016-01-04 09:00:00,
1.122458049,2309797,Simone Bolelli,Gabashvili v Bolelli,10,2016-01-03 10:08:17.320,1.98,2016-01-04 09:00:00,
1.122458049,2309797,Simone Bolelli,Gabashvili v Bolelli,20,2016-01-04 16:28:26.514,1.98,2016-01-05 09:00:00,
1.122458049,2309797,Simone Bolelli,Gabashvili v Bolelli,30,2016-01-04 20:30:23.165,1.98,2016-01-05 12:30:00,
1.122458049,2309797,Simone Bolelli,Gabashvili v Bolelli,40,2016-01-05 00:38:32.526,2.0,2016-01-05 12:30:00,
1.122458049,2309797,Simone Bolelli,Gabashvili v Bolelli,50,2016-01-05 09:15:23.773,2.02,2016-01-05 12:30:00,
1.122458049,2309797,Simone Bolelli,Gabashvili v Bolelli,60,2016-01-05 10:43:02.719,2.04,2016-01-05 12:30:00,
1.122458049,2309797,Simone Bolelli,Gabashvili v Bolelli,70,2016-01-05 11:39:38.463,2.0,2016-01-05 12:30:00,
1.122458049,2309797,Simone Bolelli,Gabashvili v Bolelli,80,2016-01-05 12:05:12.535,2.02,2016-01-05 12:30:00,
1.122458049,2309797,Simone Bolelli,Gabashvili v Bolelli,90,2016-01-05 12:25:34.346,1.98,2016-01-05 12:34:00,
1.122458049,2309797,Simone Bolelli,Gabashvili v Bolelli,100,2016-01-05 12:33:30.583,1.98,2016-01-05 12:34:00,
1.122458049,4877292,Teymuraz Gabashvili,Gabashvili v Bolelli,0,2016-01-03 09:36:18.396,2.0,2016-01-04 09:00:00,
1.122458049,4877292,Teymuraz Gabashvili,Gabashvili v Bolelli,10,2016-01-04 13:01:53.185,2.06,2016-01-05 09:00:00,
1.122458049,4877292,Teymuraz Gabashvili,Gabashvili v Bolelli,20,2016-01-05 05:02:51.460,2.02,2016-01-05 12:30:00,
1.122458049,4877292,Teymuraz Gabashvili,Gabashvili v Bolelli,30,2016-01-05 08:08:19.518,1.96,2016-01-05 12:30:00,
1.122458049,4877292,Teymuraz Gabashvili,Gabashvili v Bolelli,40,2016-01-05 11:45:34.916,2.0,2016-01-05 12:30:00,
1.122458049,4877292,Teymuraz Gabashvili,Gabashvili v Bolelli,50,2016-01-05 12:05:12.535,1.97,2016-01-05 12:30:00,
1.122458049,4877292,Teymuraz Gabashvili,Gabashvili v Bolelli,60,2016-01-05 12:12:34.141,2.02,2016-01-05 12:30:00,
1.122458049,4877292,Teymuraz Gabashvili,Gabashvili v Bolelli,70,2016-01-05 12:16:28.624,2.02,2016-01-05 12:30:00,
1.122458049,4877292,Teymuraz Gabashvili,Gabashvili v Bolelli,80,2016-01-05 12:26:15.548,2.02,2016-01-05 12:34:00,
1.122458049,4877292,Teymuraz Gabashvili,Gabashvili v Bolelli,90,2016-01-05 12:29:34.831,1.99,2016-01-05 12:34:00,
1.122458049,4877292,Teymuraz Gabashvili,Gabashvili v Bolelli,100,2016-01-05 12:33:30.583,2.02,2016-01-05 12:34:00,
1.12245815,2257314,David Ferrer,Marchenko v D Ferrer,0,2016-01-03 12:48:21.637,1.12,2016-01-04 09:00:00,
1.12245815,2257314,David Ferrer,Marchenko v D Ferrer,10,2016-01-03 18:33:44.908,1.1,2016-01-04 09:00:00,
1.12245815,2257314,David Ferrer,Marchenko v D Ferrer,20,2016-01-04 19:51:49.637,1.11,2016-01-05 14:15:00,
1.12245815,2257314,David Ferrer,Marchenko v D Ferrer,30,2016-01-05 01:53:45.591,1.08,2016-01-05 14:15:00,
1.12245815,2257314,David Ferrer,Marchenko v D Ferrer,40,2016-01-05 05:20:21.523,1.08,2016-01-05 14:15:00,
1.12245815,2257314,David Ferrer,Marchenko v D Ferrer,50,2016-01-05 11:25:18.531,1.09,2016-01-05 14:15:00,
1.12245815,2257314,David Ferrer,Marchenko v D Ferrer,60,2016-01-05 12:01:22.639,1.08,2016-01-05 14:15:00,
1.12245815,2257314,David Ferrer,Marchenko v D Ferrer,70,2016-01-05 12:51:29.868,1.08,2016-01-05 14:15:00,
1.12245815,2257314,David Ferrer,Marchenko v D Ferrer,80,2016-01-05 13:26:39.889,1.09,2016-01-05 14:15:00,
1.12245815,2257314,David Ferrer,Marchenko v D Ferrer,90,2016-01-05 14:00:34.940,1.08,2016-01-05 14:15:00,
1.12245815,2257314,David Ferrer,Marchenko v D Ferrer,100,2016-01-05 14:09:33.550,1.09,2016-01-05 14:12:00,
1.12245815,3691700,Illya Marchenko,Marchenko v D Ferrer,0,2016-01-03 14:19:33.824,9.2,2016-01-04 09:00:00,
1.12245815,3691700,Illya Marchenko,Marchenko v D Ferrer,10,2016-01-04 06:06:08.292,10.0,2016-01-05 09:00:00,
1.12245815,3691700,Illya Marchenko,Marchenko v D Ferrer,20,2016-01-04 12:25:47.065,10.0,2016-01-05 09:00:00,
1.12245815,3691700,Illya Marchenko,Marchenko v D Ferrer,30,2016-01-05 00:10:41.278,12.5,2016-01-05 14:15:00,
1.12245815,3691700,Illya Marchenko,Marchenko v D Ferrer,40,2016-01-05 11:06:47.169,13.0,2016-01-05 14:15:00,
1.12245815,3691700,Illya Marchenko,Marchenko v D Ferrer,50,2016-01-05 12:45:36.792,13.0,2016-01-05 14:15:00,
1.12245815,3691700,Illya Marchenko,Marchenko v D Ferrer,60,2016-01-05 13:30:46.927,12.0,2016-01-05 14:15:00,
1.12245815,3691700,Illya Marchenko,Marchenko v D Ferrer,70,2016-01-05 13:41:37.237,12.5,2016-01-05 14:15:00,
1.12245815,3691700,Illya Marchenko,Marchenko v D Ferrer,80,2016-01-05 13:55:42.230,12.5,2016-01-05 14:15:00,
1.12245815,3691700,Illya Marchenko,Marchenko v D Ferrer,90,2016-01-05 14:04:41.878,11.0,2016-01-05 14:12:00,
1.12245815,3691700,Illya Marchenko,Marchenko v D Ferrer,100,2016-01-05 14:10:46.832,11.5,2016-01-05 14:12:00,
1.122458205,2256480,Fernando Verdasco,Verdasco v Jaziri,0,2016-01-04 06:26:41.538,1.36,2016-01-05 09:00:00,
1.122458205,2256480,Fernando Verdasco,Verdasco v Jaziri,10,2016-01-04 20:04:19.033,1.36,2016-01-05 17:45:00,
1.122458205,2256480,Fernando Verdasco,Verdasco v Jaziri,20,2016-01-05 05:03:30.900,1.43,2016-01-05 17:45:00,
1.122458205,2256480,Fernando Verdasco,Verdasco v Jaziri,30,2016-01-05 12:50:12.651,1.49,2016-01-05 17:45:00,
1.122458205,2256480,Fernando Verdasco,Verdasco v Jaziri,40,2016-01-05 15:03:43.941,1.44,2016-01-05 17:45:00,
1.122458205,2256480,Fernando Verdasco,Verdasco v Jaziri,50,2016-01-05 16:07:42.180,1.47,2016-01-05 17:45:00,
1.122458205,2256480,Fernando Verdasco,Verdasco v Jaziri,60,2016-01-05 16:46:19.160,1.46,2016-01-05 17:45:00,
1.122458205,2256480,Fernando Verdasco,Verdasco v Jaziri,70,2016-01-05 17:04:19.398,1.44,2016-01-05 17:45:00,
1.122458205,2256480,Fernando Verdasco,Verdasco v Jaziri,80,2016-01-05 17:19:15.908,1.42,2016-01-05 17:45:00,
1.122458205,2256480,Fernando Verdasco,Verdasco v Jaziri,90,2016-01-05 19:07:18.894,1.42,2016-01-05 19:13:00,
1.122458205,2256480,Fernando Verdasco,Verdasco v Jaziri,100,2016-01-05 19:15:15.042,1.41,2016-01-05 19:16:00,
1.122458205,5776215,Malek Jaziri,Verdasco v Jaziri,0,2016-01-04 06:26:41.538,3.8,2016-01-05 09:00:00,
1.122458205,5776215,Malek Jaziri,Verdasco v Jaziri,10,2016-01-04 21:10:46.853,3.75,2016-01-05 17:45:00,
1.122458205,5776215,Malek Jaziri,Verdasco v Jaziri,20,2016-01-05 08:17:22.610,3.45,2016-01-05 17:45:00,
1.122458205,5776215,Malek Jaziri,Verdasco v Jaziri,30,2016-01-05 11:12:19.253,3.2,2016-01-05 17:45:00,
1.122458205,5776215,Malek Jaziri,Verdasco v Jaziri,40,2016-01-05 12:34:40.577,3.05,2016-01-05 17:45:00,
1.122458205,5776215,Malek Jaziri,Verdasco v Jaziri,50,2016-01-05 14:04:15.265,3.2,2016-01-05 17:45:00,
1.122458205,5776215,Malek Jaziri,Verdasco v Jaziri,60,2016-01-05 16:23:11.614,3.15,2016-01-05 17:45:00,
1.122458205,5776215,Malek Jaziri,Verdasco v Jaziri,70,2016-01-05 16:34:04.485,3.2,2016-01-05 17:45:00,
1.122458205,5776215,Malek Jaziri,Verdasco v Jaziri,80,2016-01-05 17:04:19.398,3.3,2016-01-05 17:45:00,
1.122458205,5776215,Malek Jaziri,Verdasco v Jaziri,90,2016-01-05 17:21:18.749,3.3,2016-01-05 17:45:00,
1.122458205,5776215,Malek Jaziri,Verdasco v Jaziri,100,2016-01-05 19:14:17.888,3.45,2016-01-05 19:16:00,
1.12245826,8259186,Paul-Henri Mathieu,Ramos-Vinolas v P Mathieu,0,2016-01-04 19:33:51.024,1.9,2016-01-05 14:15:00,
1.12245826,8259186,Paul-Henri Mathieu,Ramos-Vinolas v P Mathieu,10,2016-01-04 22:24:50.641,1.89,2016-01-05 14:15:00,
1.12245826,8259186,Paul-Henri Mathieu,Ramos-Vinolas v P Mathieu,20,2016-01-04 23:54:26.296,1.86,2016-01-05 14:15:00,
1.12245826,8259186,Paul-Henri Mathieu,Ramos-Vinolas v P Mathieu,30,2016-01-05 06:24:26.418,1.88,2016-01-05 14:15:00,
1.12245826,8259186,Paul-Henri Mathieu,Ramos-Vinolas v P Mathieu,40,2016-01-05 09:13:12.769,1.87,2016-01-05 14:15:00,
1.12245826,8259186,Paul-Henri Mathieu,Ramos-Vinolas v P Mathieu,50,2016-01-05 12:34:40.424,1.88,2016-01-05 14:15:00,
1.12245826,8259186,Paul-Henri Mathieu,Ramos-Vinolas v P Mathieu,60,2016-01-05 12:41:22.967,1.9,2016-01-05 14:15:00,
1.12245826,8259186,Paul-Henri Mathieu,Ramos-Vinolas v P Mathieu,70,2016-01-05 13:05:27.812,1.89,2016-01-05 14:15:00,
1.12245826,8259186,Paul-Henri Mathieu,Ramos-Vinolas v P Mathieu,80,2016-01-05 13:15:27.864,1.9,2016-01-05 14:15:00,
1.12245826,8259186,Paul-Henri Mathieu,Ramos-Vinolas v P Mathieu,90,2016-01-05 13:35:27.150,1.97,2016-01-05 13:41:00,
1.12245826,8259186,Paul-Henri Mathieu,Ramos-Vinolas v P Mathieu,100,2016-01-05 13:40:26.319,1.98,2016-01-05 13:41:00,
1.12245826,8621877,Albert Ramos-Vinolas,Ramos-Vinolas v P Mathieu,0,2016-01-04 19:06:57.111,2.12,2016-01-05 14:15:00,
1.12245826,8621877,Albert Ramos-Vinolas,Ramos-Vinolas v P Mathieu,10,2016-01-04 20:35:13.021,2.14,2016-01-05 14:15:00,
1.12245826,8621877,Albert Ramos-Vinolas,Ramos-Vinolas v P Mathieu,20,2016-01-04 23:53:17.343,2.08,2016-01-05 14:15:00,
1.12245826,8621877,Albert Ramos-Vinolas,Ramos-Vinolas v P Mathieu,30,2016-01-04 23:54:26.296,2.16,2016-01-05 14:15:00,
1.12245826,8621877,Albert Ramos-Vinolas,Ramos-Vinolas v P Mathieu,40,2016-01-05 11:37:20.792,2.08,2016-01-05 14:15:00,
1.12245826,8621877,Albert Ramos-Vinolas,Ramos-Vinolas v P Mathieu,50,2016-01-05 12:21:29.436,2.12,2016-01-05 14:15:00,
1.12245826,8621877,Albert Ramos-Vinolas,Ramos-Vinolas v P Mathieu,60,2016-01-05 13:03:20.420,2.14,2016-01-05 14:15:00,
1.12245826,8621877,Albert Ramos-Vinolas,Ramos-Vinolas v P Mathieu,70,2016-01-05 13:14:20.592,2.06,2016-01-05 14:15:00,
1.12245826,8621877,Albert Ramos-Vinolas,Ramos-Vinolas v P Mathieu,80,2016-01-05 13:24:25.865,2.14,2016-01-05 14:15:00,
1.12245826,8621877,Albert Ramos-Vinolas,Ramos-Vinolas v P Mathieu,90,2016-01-05 13:34:29.333,2.08,2016-01-05 13:41:00,
1.12245826,8621877,Albert Ramos-Vinolas,Ramos-Vinolas v P Mathieu,100,2016-01-05 13:39:29.446,2.02,2016-01-05 13:41:00,
1.122458315,4147957,Marsel Ilhan,Ilhan v An Kuznetsov,0,2016-01-04 14:47:04.064,2.62,2016-01-04 18:00:00,
1.122458315,4147957,Marsel Ilhan,Ilhan v An Kuznetsov,10,2016-01-04 15:13:21.666,2.64,2016-01-04 18:00:00,
1.122458315,4147957,Marsel Ilhan,Ilhan v An Kuznetsov,20,2016-01-04 15:57:26.691,2.68,2016-01-04 18:00:00,
1.122458315,4147957,Marsel Ilhan,Ilhan v An Kuznetsov,30,2016-01-04 16:04:34.638,2.58,2016-01-04 18:00:00,
1.122458315,4147957,Marsel Ilhan,Ilhan v An Kuznetsov,40,2016-01-04 16:16:38.097,2.64,2016-01-04 18:00:00,
1.122458315,4147957,Marsel Ilhan,Ilhan v An Kuznetsov,50,2016-01-04 16:48:29.105,2.66,2016-01-04 18:00:00,
1.122458315,4147957,Marsel Ilhan,Ilhan v An Kuznetsov,60,2016-01-04 17:07:29.090,2.68,2016-01-04 18:00:00,
1.122458315,4147957,Marsel Ilhan,Ilhan v An Kuznetsov,70,2016-01-04 17:18:25.507,2.7,2016-01-04 18:00:00,
1.122458315,4147957,Marsel Ilhan,Ilhan v An Kuznetsov,80,2016-01-04 17:54:16.877,2.62,2016-01-04 18:00:00,
1.122458315,4147957,Marsel Ilhan,Ilhan v An Kuznetsov,90,2016-01-04 18:39:36.432,2.66,2016-01-04 18:48:00,
1.122458315,4147957,Marsel Ilhan,Ilhan v An Kuznetsov,100,2016-01-04 18:47:38.174,2.6,2016-01-04 18:48:00,
1.122458315,4257454,Andrey Kuznetsov,Ilhan v An Kuznetsov,0,2016-01-04 09:57:13.036,1.55,2016-01-04 18:00:00,
1.122458315,4257454,Andrey Kuznetsov,Ilhan v An Kuznetsov,10,2016-01-04 11:59:41.234,1.61,2016-01-04 18:00:00,
1.122458315,4257454,Andrey Kuznetsov,Ilhan v An Kuznetsov,20,2016-01-04 13:31:34.068,1.6,2016-01-04 18:00:00,
1.122458315,4257454,Andrey Kuznetsov,Ilhan v An Kuznetsov,30,2016-01-04 15:41:20.479,1.61,2016-01-04 18:00:00,
1.122458315,4257454,Andrey Kuznetsov,Ilhan v An Kuznetsov,40,2016-01-04 16:03:37.115,1.61,2016-01-04 18:00:00,
1.122458315,4257454,Andrey Kuznetsov,Ilhan v An Kuznetsov,50,2016-01-04 16:20:31.563,1.6,2016-01-04 18:00:00,
1.122458315,4257454,Andrey Kuznetsov,Ilhan v An Kuznetsov,60,2016-01-04 17:05:53.451,1.59,2016-01-04 18:00:00,
1.122458315,4257454,Andrey Kuznetsov,Ilhan v An Kuznetsov,70,2016-01-04 17:18:25.507,1.59,2016-01-04 18:00:00,
1.122458315,4257454,Andrey Kuznetsov,Ilhan v An Kuznetsov,80,2016-01-04 17:54:16.877,1.61,2016-01-04 18:00:00,
1.122458315,4257454,Andrey Kuznetsov,Ilhan v An Kuznetsov,90,2016-01-04 18:41:08.238,1.59,2016-01-04 18:48:00,
1.122458315,4257454,Andrey Kuznetsov,Ilhan v An Kuznetsov,100,2016-01-04 18:47:38.174,1.62,2016-01-04 18:48:00,
1.12245837,2257535,Andreas Seppi,Seppi v Berankis,0,2016-01-03 17:41:21.338,1.63,2016-01-04 09:00:00,
1.12245837,2257535,Andreas Seppi,Seppi v Berankis,10,2016-01-05 00:03:55.562,1.65,2016-01-05 16:00:00,
1.12245837,2257535,Andreas Seppi,Seppi v Berankis,20,2016-01-05 11:29:03.963,1.68,2016-01-05 16:00:00,
1.12245837,2257535,Andreas Seppi,Seppi v Berankis,30,2016-01-05 12:34:40.578,1.67,2016-01-05 16:00:00,
1.12245837,2257535,Andreas Seppi,Seppi v Berankis,40,2016-01-05 14:17:01.787,1.62,2016-01-05 16:00:00,
1.12245837,2257535,Andreas Seppi,Seppi v Berankis,50,2016-01-05 14:37:05.371,1.61,2016-01-05 16:00:00,
1.12245837,2257535,Andreas Seppi,Seppi v Berankis,60,2016-01-05 14:52:04.119,1.66,2016-01-05 16:00:00,
1.12245837,2257535,Andreas Seppi,Seppi v Berankis,70,2016-01-05 15:08:03.351,1.59,2016-01-05 16:00:00,
1.12245837,2257535,Andreas Seppi,Seppi v Berankis,80,2016-01-05 15:33:46.747,1.61,2016-01-05 16:00:00,
1.12245837,2257535,Andreas Seppi,Seppi v Berankis,90,2016-01-05 15:55:36.640,1.62,2016-01-05 16:00:00,
1.12245837,2257535,Andreas Seppi,Seppi v Berankis,100,2016-01-05 16:40:05.586,1.62,2016-01-05 16:42:00,
1.12245837,2923248,Ricardas Berankis,Seppi v Berankis,0,2016-01-04 20:26:40.309,2.54,2016-01-05 16:00:00,
1.12245837,2923248,Ricardas Berankis,Seppi v Berankis,10,2016-01-05 11:23:22.175,2.52,2016-01-05 16:00:00,
1.12245837,2923248,Ricardas Berankis,Seppi v Berankis,20,2016-01-05 12:34:40.578,2.48,2016-01-05 16:00:00,
1.12245837,2923248,Ricardas Berankis,Seppi v Berankis,30,2016-01-05 14:17:01.787,2.6,2016-01-05 16:00:00,
1.12245837,2923248,Ricardas Berankis,Seppi v Berankis,40,2016-01-05 14:49:48.127,2.5,2016-01-05 16:00:00,
1.12245837,2923248,Ricardas Berankis,Seppi v Berankis,50,2016-01-05 14:56:05.966,2.62,2016-01-05 16:00:00,
1.12245837,2923248,Ricardas Berankis,Seppi v Berankis,60,2016-01-05 15:08:42.062,2.7,2016-01-05 16:00:00,
1.12245837,2923248,Ricardas Berankis,Seppi v Berankis,70,2016-01-05 15:43:53.192,2.6,2016-01-05 16:00:00,
1.12245837,2923248,Ricardas Berankis,Seppi v Berankis,80,2016-01-05 15:57:42.689,2.56,2016-01-05 16:00:00,
1.12245837,2923248,Ricardas Berankis,Seppi v Berankis,90,2016-01-05 16:36:38.811,2.66,2016-01-05 16:42:00,
1.12245837,2923248,Ricardas Berankis,Seppi v Berankis,100,2016-01-05 16:40:05.586,2.52,2016-01-05 16:42:00,
1.122458425,2256470,Tomas Berdych,Berdych v Stakhovsky,0,2016-01-03 13:28:32.521,1.14,2016-01-04 09:00:00,
1.122458425,2256470,Tomas Berdych,Berdych v Stakhovsky,10,2016-01-03 21:56:42.459,1.12,2016-01-05 09:00:00,
1.122458425,2256470,Tomas Berdych,Berdych v Stakhovsky,20,2016-01-04 16:05:19.732,1.13,2016-01-05 09:00:00,
1.122458425,2256470,Tomas Berdych,Berdych v Stakhovsky,30,2016-01-04 23:11:35.394,1.12,2016-01-05 12:30:00,
1.122458425,2256470,Tomas Berdych,Berdych v Stakhovsky,40,2016-01-05 01:09:00.202,1.12,2016-01-05 12:30:00,
1.122458425,2256470,Tomas Berdych,Berdych v Stakhovsky,50,2016-01-05 05:58:55.474,1.11,2016-01-05 12:30:00,
1.122458425,2256470,Tomas Berdych,Berdych v Stakhovsky,60,2016-01-05 07:40:16.519,1.11,2016-01-05 12:30:00,
1.122458425,2256470,Tomas Berdych,Berdych v Stakhovsky,70,2016-01-05 09:14:16.455,1.11,2016-01-05 12:30:00,
1.122458425,2256470,Tomas Berdych,Berdych v Stakhovsky,80,2016-01-05 11:25:50.506,1.1,2016-01-05 12:30:00,
1.122458425,2256470,Tomas Berdych,Berdych v Stakhovsky,90,2016-01-05 12:25:42.069,1.12,2016-01-05 12:34:00,
1.122458425,2256470,Tomas Berdych,Berdych v Stakhovsky,100,2016-01-05 12:31:36.474,1.11,2016-01-05 12:34:00,
1.122458425,2284304,Sergiy Stakhovsky,Berdych v Stakhovsky,0,2016-01-03 13:28:32.521,8.0,2016-01-04 09:00:00,
1.122458425,2284304,Sergiy Stakhovsky,Berdych v Stakhovsky,10,2016-01-03 18:17:37.760,8.6,2016-01-04 09:00:00,
1.122458425,2284304,Sergiy Stakhovsky,Berdych v Stakhovsky,20,2016-01-04 06:09:48.174,8.6,2016-01-05 09:00:00,
1.122458425,2284304,Sergiy Stakhovsky,Berdych v Stakhovsky,30,2016-01-04 17:43:48.196,9.0,2016-01-05 12:30:00,
1.122458425,2284304,Sergiy Stakhovsky,Berdych v Stakhovsky,40,2016-01-05 05:04:29.014,10.0,2016-01-05 12:30:00,
1.122458425,2284304,Sergiy Stakhovsky,Berdych v Stakhovsky,50,2016-01-05 07:17:31.817,9.6,2016-01-05 12:30:00,
1.122458425,2284304,Sergiy Stakhovsky,Berdych v Stakhovsky,60,2016-01-05 07:20:48.598,10.0,2016-01-05 12:30:00,
1.122458425,2284304,Sergiy Stakhovsky,Berdych v Stakhovsky,70,2016-01-05 09:34:43.995,9.8,2016-01-05 12:30:00,
1.122458425,2284304,Sergiy Stakhovsky,Berdych v Stakhovsky,80,2016-01-05 10:29:44.300,10.5,2016-01-05 12:30:00,
1.122458425,2284304,Sergiy Stakhovsky,Berdych v Stakhovsky,90,2016-01-05 11:17:28.035,10.5,2016-01-05 12:30:00,
1.122458425,2284304,Sergiy Stakhovsky,Berdych v Stakhovsky,100,2016-01-05 12:20:47.346,10.0,2016-01-05 12:30:00,
1.12245848,2303153,Pablo Andujar,Andujar v P Lorenzi,0,2016-01-03 17:12:21.478,2.22,2016-01-04 09:00:00,
1.12245848,2303153,Pablo Andujar,Andujar v P Lorenzi,10,2016-01-04 21:16:02.569,2.14,2016-01-05 12:30:00,
1.12245848,2303153,Pablo Andujar,Andujar v P Lorenzi,20,2016-01-04 22:07:41.051,2.14,2016-01-05 12:30:00,
1.12245848,2303153,Pablo Andujar,Andujar v P Lorenzi,30,2016-01-05 02:40:41.727,2.22,2016-01-05 12:30:00,
1.12245848,2303153,Pablo Andujar,Andujar v P Lorenzi,40,2016-01-05 08:15:26.237,2.34,2016-01-05 12:30:00,
1.12245848,2303153,Pablo Andujar,Andujar v P Lorenzi,50,2016-01-05 08:24:24.609,2.38,2016-01-05 12:30:00,
1.12245848,2303153,Pablo Andujar,Andujar v P Lorenzi,60,2016-01-05 09:00:43.060,2.4,2016-01-05 12:30:00,
1.12245848,2303153,Pablo Andujar,Andujar v P Lorenzi,70,2016-01-05 10:16:43.063,2.4,2016-01-05 12:30:00,
1.12245848,2303153,Pablo Andujar,Andujar v P Lorenzi,80,2016-01-05 11:05:26.819,2.3,2016-01-05 12:30:00,
1.12245848,2303153,Pablo Andujar,Andujar v P Lorenzi,90,2016-01-05 11:48:27.416,2.24,2016-01-05 12:30:00,
1.12245848,2303153,Pablo Andujar,Andujar v P Lorenzi,100,2016-01-05 12:30:43.103,2.36,2016-01-05 12:32:00,
1.12245848,2345099,Paolo Lorenzi,Andujar v P Lorenzi,0,2016-01-03 17:12:21.478,1.83,2016-01-04 09:00:00,
1.12245848,2345099,Paolo Lorenzi,Andujar v P Lorenzi,10,2016-01-04 20:29:31.971,1.88,2016-01-05 12:30:00,
1.12245848,2345099,Paolo Lorenzi,Andujar v P Lorenzi,20,2016-01-04 21:48:04.659,1.88,2016-01-05 12:30:00,
1.12245848,2345099,Paolo Lorenzi,Andujar v P Lorenzi,30,2016-01-05 02:40:41.727,1.84,2016-01-05 12:30:00,
1.12245848,2345099,Paolo Lorenzi,Andujar v P Lorenzi,40,2016-01-05 07:56:21.741,1.75,2016-01-05 12:30:00,
1.12245848,2345099,Paolo Lorenzi,Andujar v P Lorenzi,50,2016-01-05 08:56:22.003,1.75,2016-01-05 12:30:00,
1.12245848,2345099,Paolo Lorenzi,Andujar v P Lorenzi,60,2016-01-05 10:56:20.792,1.77,2016-01-05 12:30:00,
1.12245848,2345099,Paolo Lorenzi,Andujar v P Lorenzi,70,2016-01-05 11:12:31.560,1.73,2016-01-05 12:30:00,
1.12245848,2345099,Paolo Lorenzi,Andujar v P Lorenzi,80,2016-01-05 11:43:43.456,1.74,2016-01-05 12:30:00,
1.12245848,2345099,Paolo Lorenzi,Andujar v P Lorenzi,90,2016-01-05 12:13:42.553,1.75,2016-01-05 12:30:00,
1.12245848,2345099,Paolo Lorenzi,Andujar v P Lorenzi,100,2016-01-05 12:31:36.684,1.71,2016-01-05 12:32:00,
1.122458539,2395076,Daniel Brands,Frost v Brands,0,2016-01-04 00:57:15.512,1.14,2016-01-05 01:00:00,
1.122458539,2395076,Daniel Brands,Frost v Brands,10,2016-01-04 06:42:30.312,1.11,2016-01-05 00:00:00,
1.122458539,2395076,Daniel Brands,Frost v Brands,20,2016-01-04 20:38:24.382,1.09,2016-01-05 00:00:00,
1.122458539,2395076,Daniel Brands,Frost v Brands,30,2016-01-04 21:05:43.519,1.08,2016-01-05 00:00:00,
1.122458539,2395076,Daniel Brands,Frost v Brands,40,2016-01-04 22:32:56.670,1.09,2016-01-05 00:00:00,
1.122458539,2395076,Daniel Brands,Frost v Brands,50,2016-01-04 22:58:32.804,1.09,2016-01-05 00:00:00,
1.122458539,2395076,Daniel Brands,Frost v Brands,60,2016-01-04 23:00:00.353,1.12,2016-01-05 00:00:00,
1.122458539,2395076,Daniel Brands,Frost v Brands,70,2016-01-04 23:45:53.083,1.11,2016-01-05 00:00:00,
1.122458539,2395076,Daniel Brands,Frost v Brands,80,2016-01-04 23:47:09.946,1.09,2016-01-05 00:00:00,
1.122458539,2395076,Daniel Brands,Frost v Brands,90,2016-01-04 23:53:00.298,1.09,2016-01-05 00:01:00,
1.122458539,2395076,Daniel Brands,Frost v Brands,100,2016-01-04 23:58:57.389,1.12,2016-01-05 00:01:00,
1.122458551,585761,Julien Benneteau,Reynet v J Benneteau,0,2016-01-04 00:57:19.005,1.16,2016-01-05 01:00:00,
1.122458551,585761,Julien Benneteau,Reynet v J Benneteau,10,2016-01-04 16:56:19.241,1.1,2016-01-05 01:00:00,
1.122458551,585761,Julien Benneteau,Reynet v J Benneteau,20,2016-01-04 19:55:32.744,1.12,2016-01-05 04:00:00,
1.122458551,585761,Julien Benneteau,Reynet v J Benneteau,30,2016-01-04 22:59:27.801,1.1,2016-01-05 04:00:00,
1.122458551,585761,Julien Benneteau,Reynet v J Benneteau,40,2016-01-04 23:56:26.196,1.09,2016-01-05 04:00:00,
1.122458551,585761,Julien Benneteau,Reynet v J Benneteau,50,2016-01-05 00:43:09.258,1.12,2016-01-05 04:00:00,
1.122458551,585761,Julien Benneteau,Reynet v J Benneteau,60,2016-01-05 01:29:27.206,1.1,2016-01-05 04:00:00,
1.122458551,585761,Julien Benneteau,Reynet v J Benneteau,70,2016-01-05 03:26:08.527,1.09,2016-01-05 04:00:00,
1.122458551,585761,Julien Benneteau,Reynet v J Benneteau,80,2016-01-05 03:39:09.876,1.1,2016-01-05 04:00:00,
1.122458551,585761,Julien Benneteau,Reynet v J Benneteau,90,2016-01-05 03:51:49.359,1.09,2016-01-05 04:00:00,
1.122458551,585761,Julien Benneteau,Reynet v J Benneteau,100,2016-01-05 03:57:05.835,1.11,2016-01-05 04:00:00,
1.122459097,2263713,Yaroslava Shvedova,Shvedova v Kontaveit,0,2016-01-03 23:36:12.803,1.48,2016-01-05 04:00:00,
1.122459097,2263713,Yaroslava Shvedova,Shvedova v Kontaveit,10,2016-01-04 05:37:05.639,1.47,2016-01-05 04:00:00,
1.122459097,2263713,Yaroslava Shvedova,Shvedova v Kontaveit,20,2016-01-04 07:35:06.929,1.43,2016-01-05 04:00:00,
1.122459097,2263713,Yaroslava Shvedova,Shvedova v Kontaveit,30,2016-01-04 22:17:21.140,1.39,2016-01-05 04:30:00,
1.122459097,2263713,Yaroslava Shvedova,Shvedova v Kontaveit,40,2016-01-04 22:53:26.901,1.4,2016-01-05 04:30:00,
1.122459097,2263713,Yaroslava Shvedova,Shvedova v Kontaveit,50,2016-01-04 23:01:52.338,1.38,2016-01-05 04:30:00,
1.122459097,2263713,Yaroslava Shvedova,Shvedova v Kontaveit,60,2016-01-04 23:23:31.112,1.38,2016-01-05 04:30:00,
1.122459097,2263713,Yaroslava Shvedova,Shvedova v Kontaveit,70,2016-01-05 02:03:21.085,1.38,2016-01-05 04:30:00,
1.122459097,2263713,Yaroslava Shvedova,Shvedova v Kontaveit,80,2016-01-05 04:54:21.082,1.4,2016-01-05 05:15:00,
1.122459097,2263713,Yaroslava Shvedova,Shvedova v Kontaveit,90,2016-01-05 06:35:50.733,1.4,2016-01-05 08:00:00,
1.122459097,2263713,Yaroslava Shvedova,Shvedova v Kontaveit,100,2016-01-05 07:04:24.290,1.4,2016-01-05 07:05:00,
1.122459097,5300737,Anett Kontaveit,Shvedova v Kontaveit,0,2016-01-04 07:32:55.720,3.35,2016-01-05 04:00:00,
1.122459097,5300737,Anett Kontaveit,Shvedova v Kontaveit,10,2016-01-04 07:43:18.388,3.35,2016-01-05 04:00:00,
1.122459097,5300737,Anett Kontaveit,Shvedova v Kontaveit,20,2016-01-04 21:38:28.705,3.4,2016-01-05 04:30:00,
1.122459097,5300737,Anett Kontaveit,Shvedova v Kontaveit,30,2016-01-04 22:13:55.880,3.45,2016-01-05 04:30:00,
1.122459097,5300737,Anett Kontaveit,Shvedova v Kontaveit,40,2016-01-04 22:17:21.140,3.55,2016-01-05 04:30:00,
1.122459097,5300737,Anett Kontaveit,Shvedova v Kontaveit,50,2016-01-04 23:40:20.417,3.55,2016-01-05 04:30:00,
1.122459097,5300737,Anett Kontaveit,Shvedova v Kontaveit,60,2016-01-05 01:33:31.264,3.6,2016-01-05 04:30:00,
1.122459097,5300737,Anett Kontaveit,Shvedova v Kontaveit,70,2016-01-05 04:02:24.148,3.6,2016-01-05 05:15:00,
1.122459097,5300737,Anett Kontaveit,Shvedova v Kontaveit,80,2016-01-05 04:47:26.033,3.5,2016-01-05 05:15:00,
1.122459097,5300737,Anett Kontaveit,Shvedova v Kontaveit,90,2016-01-05 06:35:50.733,3.5,2016-01-05 08:00:00,
1.122459097,5300737,Anett Kontaveit,Shvedova v Kontaveit,100,2016-01-05 07:04:24.290,3.45,2016-01-05 07:05:00,
1.122459125,4946628,Nicole Gibbs,Gibbs v Smitkova,0,2016-01-03 14:16:47.935,1.42,2016-01-04 04:00:00,
1.122459125,4946628,Nicole Gibbs,Gibbs v Smitkova,10,2016-01-04 08:39:06.399,1.43,2016-01-05 03:00:00,
1.122459125,4946628,Nicole Gibbs,Gibbs v Smitkova,20,2016-01-04 10:06:47.059,1.45,2016-01-05 03:00:00,
1.122459125,4946628,Nicole Gibbs,Gibbs v Smitkova,30,2016-01-04 11:23:57.393,1.45,2016-01-05 03:00:00,
1.122459125,4946628,Nicole Gibbs,Gibbs v Smitkova,40,2016-01-04 12:35:27.678,1.42,2016-01-05 03:00:00,
1.122459125,4946628,Nicole Gibbs,Gibbs v Smitkova,50,2016-01-04 13:46:56.854,1.45,2016-01-05 03:00:00,
1.122459125,4946628,Nicole Gibbs,Gibbs v Smitkova,60,2016-01-04 15:30:59.846,1.43,2016-01-05 03:00:00,
1.122459125,4946628,Nicole Gibbs,Gibbs v Smitkova,70,2016-01-04 16:44:54.495,1.46,2016-01-05 03:00:00,
1.122459125,4946628,Nicole Gibbs,Gibbs v Smitkova,80,2016-01-04 17:59:02.319,1.43,2016-01-05 03:00:00,
1.122459125,4946628,Nicole Gibbs,Gibbs v Smitkova,90,2016-01-04 19:33:45.718,1.45,2016-01-05 03:00:00,
1.122459125,4946628,Nicole Gibbs,Gibbs v Smitkova,100,2016-01-05 03:45:20.220,1.42,2016-01-05 03:51:00,
1.122460634,2257310,Nicolas Almagro,Almagro v A Pavic,0,2016-01-03 20:23:19.598,1.47,2016-01-04 11:30:00,
1.122460634,2257310,Nicolas Almagro,Almagro v A Pavic,10,2016-01-04 02:17:03.841,1.49,2016-01-04 11:30:00,
1.122460634,2257310,Nicolas Almagro,Almagro v A Pavic,20,2016-01-04 04:50:18.024,1.5,2016-01-04 11:30:00,
1.122460634,2257310,Nicolas Almagro,Almagro v A Pavic,30,2016-01-04 06:32:54.736,1.47,2016-01-04 11:30:00,
1.122460634,2257310,Nicolas Almagro,Almagro v A Pavic,40,2016-01-04 08:47:07.157,1.47,2016-01-04 11:30:00,
1.122460634,2257310,Nicolas Almagro,Almagro v A Pavic,50,2016-01-04 09:13:44.981,1.48,2016-01-04 11:30:00,
1.122460634,2257310,Nicolas Almagro,Almagro v A Pavic,60,2016-01-04 10:04:57.156,1.46,2016-01-04 11:30:00,
1.122460634,2257310,Nicolas Almagro,Almagro v A Pavic,70,2016-01-04 10:34:44.467,1.45,2016-01-04 11:30:00,
1.122460634,2257310,Nicolas Almagro,Almagro v A Pavic,80,2016-01-04 10:48:42.685,1.44,2016-01-04 11:30:00,
1.122460634,2257310,Nicolas Almagro,Almagro v A Pavic,90,2016-01-04 11:21:50.715,1.42,2016-01-04 11:30:00,
1.122460634,2257310,Nicolas Almagro,Almagro v A Pavic,100,2016-01-04 11:53:15.203,1.51,2016-01-04 11:54:00,2016-01-04 11:47:16.027
1.122460634,5224080,Ante Pavic,Almagro v A Pavic,0,2016-01-03 20:02:38.941,3.15,2016-01-04 11:30:00,
1.122460634,5224080,Ante Pavic,Almagro v A Pavic,10,2016-01-04 02:17:03.841,3.0,2016-01-04 11:30:00,
1.122460634,5224080,Ante Pavic,Almagro v A Pavic,20,2016-01-04 03:28:12.752,3.0,2016-01-04 11:30:00,
1.122460634,5224080,Ante Pavic,Almagro v A Pavic,30,2016-01-04 05:02:47.452,3.0,2016-01-04 11:30:00,
1.122460634,5224080,Ante Pavic,Almagro v A Pavic,40,2016-01-04 05:04:43.237,3.1,2016-01-04 11:30:00,
1.122460634,5224080,Ante Pavic,Almagro v A Pavic,50,2016-01-04 10:02:14.635,3.2,2016-01-04 11:30:00,
1.122460634,5224080,Ante Pavic,Almagro v A Pavic,60,2016-01-04 10:34:44.467,3.25,2016-01-04 11:30:00,
1.122460634,5224080,Ante Pavic,Almagro v A Pavic,70,2016-01-04 10:57:47.741,3.25,2016-01-04 11:30:00,
1.122460634,5224080,Ante Pavic,Almagro v A Pavic,80,2016-01-04 11:20:16.064,3.25,2016-01-04 11:30:00,
1.122460634,5224080,Ante Pavic,Almagro v A Pavic,90,2016-01-04 11:23:09.123,3.35,2016-01-04 11:30:00,
1.122460634,5224080,Ante Pavic,Almagro v A Pavic,100,2016-01-04 11:53:15.203,3.0,2016-01-04 11:54:00,2016-01-04 11:47:16.027
1.122460708,3019240,Thomas Fabbiano,Fabbiano v Kovalik,0,2016-01-04 13:29:30.027,1.63,2016-01-05 06:30:00,
1.122460708,3019240,Thomas Fabbiano,Fabbiano v Kovalik,10,2016-01-04 18:59:47.665,1.67,2016-01-05 13:30:00,
1.122460708,3019240,Thomas Fabbiano,Fabbiano v Kovalik,20,2016-01-05 05:26:23.413,1.62,2016-01-05 13:30:00,
1.122460708,3019240,Thomas Fabbiano,Fabbiano v Kovalik,30,2016-01-05 10:26:14.922,1.59,2016-01-05 13:30:00,
1.122460708,3019240,Thomas Fabbiano,Fabbiano v Kovalik,40,2016-01-05 11:36:15.501,1.58,2016-01-05 13:30:00,
1.122460708,3019240,Thomas Fabbiano,Fabbiano v Kovalik,50,2016-01-05 11:48:07.619,1.59,2016-01-05 13:30:00,
1.122460708,3019240,Thomas Fabbiano,Fabbiano v Kovalik,60,2016-01-05 13:00:24.116,1.58,2016-01-05 13:30:00,
1.122460708,3019240,Thomas Fabbiano,Fabbiano v Kovalik,70,2016-01-05 13:08:15.462,1.57,2016-01-05 13:30:00,
1.122460708,3019240,Thomas Fabbiano,Fabbiano v Kovalik,80,2016-01-05 13:29:18.695,1.55,2016-01-05 13:30:00,
1.122460708,3019240,Thomas Fabbiano,Fabbiano v Kovalik,90,2016-01-05 16:19:23.979,1.54,2016-01-05 16:24:00,
1.122460708,3019240,Thomas Fabbiano,Fabbiano v Kovalik,100,2016-01-05 16:23:23.430,1.62,2016-01-05 16:24:00,2016-01-05 16:23:23.430
1.122460713,3261618,Somdev Devvarman,Rublev v Devvarman,0,2016-01-04 17:37:02.612,2.12,2016-01-05 11:30:00,
1.122460713,3261618,Somdev Devvarman,Rublev v Devvarman,10,2016-01-04 23:35:33.266,2.3,2016-01-05 11:30:00,
1.122460713,3261618,Somdev Devvarman,Rublev v Devvarman,20,2016-01-05 09:16:00.968,2.26,2016-01-05 11:30:00,
1.122460713,3261618,Somdev Devvarman,Rublev v Devvarman,30,2016-01-05 09:20:15.103,2.28,2016-01-05 11:30:00,
1.122460713,3261618,Somdev Devvarman,Rublev v Devvarman,40,2016-01-05 09:58:14.479,2.28,2016-01-05 11:30:00,
1.122460713,3261618,Somdev Devvarman,Rublev v Devvarman,50,2016-01-05 09:59:56.582,2.3,2016-01-05 11:30:00,
1.122460713,3261618,Somdev Devvarman,Rublev v Devvarman,60,2016-01-05 10:01:09.588,2.4,2016-01-05 11:30:00,
1.122460713,3261618,Somdev Devvarman,Rublev v Devvarman,70,2016-01-05 10:55:14.509,2.36,2016-01-05 11:30:00,
1.122460713,3261618,Somdev Devvarman,Rublev v Devvarman,80,2016-01-05 10:56:18.159,2.38,2016-01-05 11:30:00,
1.122460713,3261618,Somdev Devvarman,Rublev v Devvarman,90,2016-01-05 11:18:38.343,2.34,2016-01-05 11:30:00,
1.122460713,3261618,Somdev Devvarman,Rublev v Devvarman,100,2016-01-05 11:32:15.541,2.26,2016-01-05 11:35:00,
1.122460713,7797771,Andrey Rublev,Rublev v Devvarman,0,2016-01-04 15:31:58.007,1.8,2016-01-05 06:30:00,
1.122460713,7797771,Andrey Rublev,Rublev v Devvarman,10,2016-01-04 22:31:34.288,1.82,2016-01-05 11:30:00,
1.122460713,7797771,Andrey Rublev,Rublev v Devvarman,20,2016-01-05 05:01:39.356,1.81,2016-01-05 11:30:00,
1.122460713,7797771,Andrey Rublev,Rublev v Devvarman,30,2016-01-05 09:50:05.968,1.79,2016-01-05 11:30:00,
1.122460713,7797771,Andrey Rublev,Rublev v Devvarman,40,2016-01-05 09:59:56.582,1.78,2016-01-05 11:30:00,
1.122460713,7797771,Andrey Rublev,Rublev v Devvarman,50,2016-01-05 10:50:02.903,1.75,2016-01-05 11:30:00,
1.122460713,7797771,Andrey Rublev,Rublev v Devvarman,60,2016-01-05 11:06:08.540,1.74,2016-01-05 11:30:00,
1.122460713,7797771,Andrey Rublev,Rublev v Devvarman,70,2016-01-05 11:13:13.040,1.73,2016-01-05 11:30:00,
1.122460713,7797771,Andrey Rublev,Rublev v Devvarman,80,2016-01-05 11:25:05.662,1.76,2016-01-05 11:30:00,
1.122460713,7797771,Andrey Rublev,Rublev v Devvarman,90,2016-01-05 11:30:00.547,1.76,2016-01-05 11:35:00,
1.122460713,7797771,Andrey Rublev,Rublev v Devvarman,100,2016-01-05 11:34:15.601,1.78,2016-01-05 11:35:00,
1.122464071,2249398,Benjamin Becker,B Becker v L Mayer,0,2016-01-03 20:15:42.680,2.44,2016-01-05 09:00:00,
1.122464071,2249398,Benjamin Becker,B Becker v L Mayer,10,2016-01-03 20:16:54.707,2.46,2016-01-05 09:00:00,
1.122464071,2249398,Benjamin Becker,B Becker v L Mayer,20,2016-01-03 21:52:25.106,2.5,2016-01-05 09:00:00,
1.122464071,2249398,Benjamin Becker,B Becker v L Mayer,30,2016-01-04 19:57:50.362,2.68,2016-01-05 14:15:00,
1.122464071,2249398,Benjamin Becker,B Becker v L Mayer,40,2016-01-04 20:17:52.825,2.64,2016-01-05 14:15:00,
1.122464071,2249398,Benjamin Becker,B Becker v L Mayer,50,2016-01-04 20:29:20.884,2.54,2016-01-05 14:15:00,
1.122464071,2249398,Benjamin Becker,B Becker v L Mayer,60,2016-01-04 21:38:18.116,2.7,2016-01-05 14:15:00,
1.122464071,2249398,Benjamin Becker,B Becker v L Mayer,70,2016-01-05 13:01:59.072,2.58,2016-01-05 14:15:00,
1.122464071,2249398,Benjamin Becker,B Becker v L Mayer,80,2016-01-05 13:35:59.137,2.56,2016-01-05 14:15:00,
1.122464071,2249398,Benjamin Becker,B Becker v L Mayer,90,2016-01-05 14:03:44.610,2.62,2016-01-05 14:15:00,
1.122464071,2249398,Benjamin Becker,B Becker v L Mayer,100,2016-01-05 14:12:09.755,2.62,2016-01-05 14:15:00,
1.122464071,3186303,Leonardo Mayer,B Becker v L Mayer,0,2016-01-03 18:18:01.038,1.73,2016-01-04 09:00:00,
1.122464071,3186303,Leonardo Mayer,B Becker v L Mayer,10,2016-01-03 20:20:41.086,1.63,2016-01-05 09:00:00,
1.122464071,3186303,Leonardo Mayer,B Becker v L Mayer,20,2016-01-04 17:12:50.718,1.63,2016-01-05 09:00:00,
1.122464071,3186303,Leonardo Mayer,B Becker v L Mayer,30,2016-01-04 20:18:44.774,1.65,2016-01-05 14:15:00,
1.122464071,3186303,Leonardo Mayer,B Becker v L Mayer,40,2016-01-04 21:31:43.708,1.61,2016-01-05 14:15:00,
1.122464071,3186303,Leonardo Mayer,B Becker v L Mayer,50,2016-01-04 22:29:44.650,1.58,2016-01-05 14:15:00,
1.122464071,3186303,Leonardo Mayer,B Becker v L Mayer,60,2016-01-05 11:51:16.260,1.61,2016-01-05 14:15:00,
1.122464071,3186303,Leonardo Mayer,B Becker v L Mayer,70,2016-01-05 12:34:40.424,1.59,2016-01-05 14:15:00,
1.122464071,3186303,Leonardo Mayer,B Becker v L Mayer,80,2016-01-05 13:11:54.872,1.61,2016-01-05 14:15:00,
1.122464071,3186303,Leonardo Mayer,B Becker v L Mayer,90,2016-01-05 13:56:54.971,1.63,2016-01-05 14:15:00,
1.122464071,3186303,Leonardo Mayer,B Becker v L Mayer,100,2016-01-05 14:10:37.554,1.62,2016-01-05 14:15:00,
1.122464131,2249229,Novak Djokovic,N Djokovic v Du Brown,0,2016-01-03 17:30:54.387,1.04,2016-01-04 14:30:00,
1.122464131,2249229,Novak Djokovic,N Djokovic v Du Brown,10,2016-01-03 18:39:15.657,1.04,2016-01-04 14:30:00,
1.122464131,2249229,Novak Djokovic,N Djokovic v Du Brown,20,2016-01-03 19:07:16.987,1.04,2016-01-04 14:30:00,
1.122464131,2249229,Novak Djokovic,N Djokovic v Du Brown,30,2016-01-03 23:23:42.491,1.02,2016-01-04 14:30:00,
1.122464131,2249229,Novak Djokovic,N Djokovic v Du Brown,40,2016-01-04 06:48:06.779,1.03,2016-01-04 14:30:00,
1.122464131,2249229,Novak Djokovic,N Djokovic v Du Brown,50,2016-01-04 07:00:54.506,1.03,2016-01-04 14:30:00,
1.122464131,2249229,Novak Djokovic,N Djokovic v Du Brown,60,2016-01-04 07:59:58.852,1.03,2016-01-04 14:30:00,
1.122464131,2249229,Novak Djokovic,N Djokovic v Du Brown,70,2016-01-04 10:02:25.246,1.04,2016-01-04 14:30:00,
1.122464131,2249229,Novak Djokovic,N Djokovic v Du Brown,80,2016-01-04 11:13:13.253,1.04,2016-01-04 14:30:00,
1.122464131,2249229,Novak Djokovic,N Djokovic v Du Brown,90,2016-01-04 13:38:18.214,1.04,2016-01-04 14:30:00,
1.122464131,2249229,Novak Djokovic,N Djokovic v Du Brown,100,2016-01-04 14:11:23.274,1.03,2016-01-04 14:30:00,
1.122464131,4486603,Dustin Brown,N Djokovic v Du Brown,0,2016-01-03 18:39:15.657,26.0,2016-01-04 14:30:00,
1.122464131,4486603,Dustin Brown,N Djokovic v Du Brown,10,2016-01-03 22:25:11.529,36.0,2016-01-04 14:30:00,
1.122464131,4486603,Dustin Brown,N Djokovic v Du Brown,20,2016-01-04 09:35:06.996,34.0,2016-01-04 14:30:00,
1.122464131,4486603,Dustin Brown,N Djokovic v Du Brown,30,2016-01-04 10:52:59.867,32.0,2016-01-04 14:30:00,
1.122464131,4486603,Dustin Brown,N Djokovic v Du Brown,40,2016-01-04 11:02:23.440,32.0,2016-01-04 14:30:00,
1.122464131,4486603,Dustin Brown,N Djokovic v Du Brown,50,2016-01-04 11:36:37.707,32.0,2016-01-04 14:30:00,
1.122464131,4486603,Dustin Brown,N Djokovic v Du Brown,60,2016-01-04 12:45:49.004,34.0,2016-01-04 14:30:00,
1.122464131,4486603,Dustin Brown,N Djokovic v Du Brown,70,2016-01-04 13:24:22.455,34.0,2016-01-04 14:30:00,
1.122464131,4486603,Dustin Brown,N Djokovic v Du Brown,80,2016-01-04 13:52:25.221,34.0,2016-01-04 14:30:00,
1.122464131,4486603,Dustin Brown,N Djokovic v Du Brown,90,2016-01-04 14:18:20.494,34.0,2016-01-04 14:30:00,
1.122464131,4486603,Dustin Brown,N Djokovic v Du Brown,100,2016-01-04 14:28:15.745,32.0,2016-01-04 14:30:00,
1.122464191,2309796,Robin Haase,R Haase v Karatsev,0,2016-01-03 18:22:34.668,1.6,2016-01-04 16:00:00,
1.122464191,2309796,Robin Haase,R Haase v Karatsev,10,2016-01-04 11:47:33.329,1.62,2016-01-04 16:00:00,
1.122464191,2309796,Robin Haase,R Haase v Karatsev,20,2016-01-04 12:57:24.024,1.62,2016-01-04 16:00:00,
1.122464191,2309796,Robin Haase,R Haase v Karatsev,30,2016-01-04 13:55:43.091,1.58,2016-01-04 16:00:00,
1.122464191,2309796,Robin Haase,R Haase v Karatsev,40,2016-01-04 14:39:55.436,1.58,2016-01-04 16:00:00,
1.122464191,2309796,Robin Haase,R Haase v Karatsev,50,2016-01-04 15:06:11.210,1.57,2016-01-04 16:00:00,
1.122464191,2309796,Robin Haase,R Haase v Karatsev,60,2016-01-04 15:28:39.841,1.55,2016-01-04 16:00:00,
1.122464191,2309796,Robin Haase,R Haase v Karatsev,70,2016-01-04 15:38:41.248,1.54,2016-01-04 16:00:00,
1.122464191,2309796,Robin Haase,R Haase v Karatsev,80,2016-01-04 15:46:44.341,1.48,2016-01-04 16:00:00,2016-01-04 15:44:43.666
1.122464191,2309796,Robin Haase,R Haase v Karatsev,90,2016-01-04 15:51:43.469,1.56,2016-01-04 16:00:00,2016-01-04 15:44:43.666
1.122464191,2309796,Robin Haase,R Haase v Karatsev,100,2016-01-04 15:59:44.337,1.61,2016-01-04 16:00:00,2016-01-04 15:44:43.666
1.122464191,7659748,Aslan Karatsev,R Haase v Karatsev,0,2016-01-03 18:22:34.668,2.66,2016-01-04 16:00:00,
1.122464191,7659748,Aslan Karatsev,R Haase v Karatsev,10,2016-01-04 09:42:44.784,2.6,2016-01-04 16:00:00,
1.122464191,7659748,Aslan Karatsev,R Haase v Karatsev,20,2016-01-04 12:47:35.347,2.68,2016-01-04 16:00:00,
1.122464191,7659748,Aslan Karatsev,R Haase v Karatsev,30,2016-01-04 13:30:57.440,2.66,2016-01-04 16:00:00,
1.122464191,7659748,Aslan Karatsev,R Haase v Karatsev,40,2016-01-04 14:10:42.542,2.68,2016-01-04 16:00:00,
1.122464191,7659748,Aslan Karatsev,R Haase v Karatsev,50,2016-01-04 15:10:37.743,2.72,2016-01-04 16:00:00,
1.122464191,7659748,Aslan Karatsev,R Haase v Karatsev,60,2016-01-04 15:42:38.275,2.78,2016-01-04 16:00:00,
1.122464191,7659748,Aslan Karatsev,R Haase v Karatsev,70,2016-01-04 15:48:44.176,2.66,2016-01-04 16:00:00,2016-01-04 15:44:43.666
1.122464191,7659748,Aslan Karatsev,R Haase v Karatsev,80,2016-01-04 15:52:39.021,2.96,2016-01-04 16:00:00,2016-01-04 15:44:43.666
1.122464191,7659748,Aslan Karatsev,R Haase v Karatsev,90,2016-01-04 15:55:37.281,2.58,2016-01-04 16:00:00,2016-01-04 15:44:43.666
1.122464191,7659748,Aslan Karatsev,R Haase v Karatsev,100,2016-01-04 15:59:44.337,2.66,2016-01-04 16:00:00,2016-01-04 15:44:43.666
1.122464253,2496035,Martin Klizan,Edmund v Klizan,0,2016-01-03 20:07:00.051,2.32,2016-01-04 14:15:00,
1.122464253,2496035,Martin Klizan,Edmund v Klizan,10,2016-01-04 07:45:43.130,2.22,2016-01-04 14:15:00,
1.122464253,2496035,Martin Klizan,Edmund v Klizan,20,2016-01-04 10:39:12.229,2.16,2016-01-04 14:15:00,
1.122464253,2496035,Martin Klizan,Edmund v Klizan,30,2016-01-04 12:02:33.563,2.22,2016-01-04 14:15:00,
1.122464253,2496035,Martin Klizan,Edmund v Klizan,40,2016-01-04 12:42:01.766,2.12,2016-01-04 14:15:00,
1.122464253,2496035,Martin Klizan,Edmund v Klizan,50,2016-01-04 13:22:26.820,2.12,2016-01-04 14:15:00,
1.122464253,2496035,Martin Klizan,Edmund v Klizan,60,2016-01-04 13:44:28.920,2.2,2016-01-04 14:15:00,2016-01-04 13:44:28.920
1.122464253,2496035,Martin Klizan,Edmund v Klizan,70,2016-01-04 13:51:27.764,2.22,2016-01-04 14:15:00,2016-01-04 13:44:28.920
1.122464253,2496035,Martin Klizan,Edmund v Klizan,80,2016-01-04 13:59:28.564,2.8,2016-01-04 14:15:00,2016-01-04 13:44:28.920
1.122464253,2496035,Martin Klizan,Edmund v Klizan,90,2016-01-04 14:05:28.653,3.5,2016-01-04 14:15:00,2016-01-04 13:44:28.920
1.122464253,2496035,Martin Klizan,Edmund v Klizan,100,2016-01-04 14:14:29.029,4.5,2016-01-04 14:15:00,2016-01-04 13:44:28.920
1.122464253,5626817,Kyle Edmund,Edmund v Klizan,0,2016-01-03 20:07:00.051,1.76,2016-01-04 14:15:00,
1.122464253,5626817,Kyle Edmund,Edmund v Klizan,10,2016-01-04 09:10:59.247,1.81,2016-01-04 14:15:00,
1.122464253,5626817,Kyle Edmund,Edmund v Klizan,20,2016-01-04 10:50:45.241,1.85,2016-01-04 14:15:00,
1.122464253,5626817,Kyle Edmund,Edmund v Klizan,30,2016-01-04 11:48:11.164,1.87,2016-01-04 14:15:00,
1.122464253,5626817,Kyle Edmund,Edmund v Klizan,40,2016-01-04 12:44:27.759,1.89,2016-01-04 14:15:00,
1.122464253,5626817,Kyle Edmund,Edmund v Klizan,50,2016-01-04 13:21:21.351,1.89,2016-01-04 14:15:00,
1.122464253,5626817,Kyle Edmund,Edmund v Klizan,60,2016-01-04 13:42:06.913,1.83,2016-01-04 14:15:00,
1.122464253,5626817,Kyle Edmund,Edmund v Klizan,70,2016-01-04 13:49:26.070,1.79,2016-01-04 14:15:00,2016-01-04 13:44:28.920
1.122464253,5626817,Kyle Edmund,Edmund v Klizan,80,2016-01-04 13:57:28.737,1.77,2016-01-04 14:15:00,2016-01-04 13:44:28.920
1.122464253,5626817,Kyle Edmund,Edmund v Klizan,90,2016-01-04 14:04:28.632,1.44,2016-01-04 14:15:00,2016-01-04 13:44:28.920
1.122464253,5626817,Kyle Edmund,Edmund v Klizan,100,2016-01-04 14:13:29.015,1.3,2016-01-04 14:15:00,2016-01-04 13:44:28.920
1.122464519,4994683,Axel Michon,Michon v Bangoura,0,2016-01-04 07:56:31.948,1.82,2016-01-05 15:00:00,
1.122464519,4994683,Axel Michon,Michon v Bangoura,10,2016-01-05 06:30:24.436,1.79,2016-01-05 17:45:00,
1.122464519,4994683,Axel Michon,Michon v Bangoura,20,2016-01-05 12:34:40.578,1.75,2016-01-05 17:45:00,
1.122464519,4994683,Axel Michon,Michon v Bangoura,30,2016-01-05 12:38:30.384,1.72,2016-01-05 17:45:00,
1.122464519,4994683,Axel Michon,Michon v Bangoura,40,2016-01-05 16:00:27.993,1.69,2016-01-05 19:45:00,
1.122464519,4994683,Axel Michon,Michon v Bangoura,50,2016-01-05 16:10:06.603,1.7,2016-01-05 19:45:00,
1.122464519,4994683,Axel Michon,Michon v Bangoura,60,2016-01-05 19:13:21.845,1.72,2016-01-05 20:00:00,
1.122464519,4994683,Axel Michon,Michon v Bangoura,70,2016-01-05 19:27:47.885,1.71,2016-01-05 20:00:00,
1.122464519,4994683,Axel Michon,Michon v Bangoura,80,2016-01-05 19:32:08.697,1.75,2016-01-05 20:00:00,
1.122464519,4994683,Axel Michon,Michon v Bangoura,90,2016-01-05 19:55:06.140,1.79,2016-01-05 20:00:00,
1.122464519,4994683,Axel Michon,Michon v Bangoura,100,2016-01-05 21:11:16.826,1.71,2016-01-05 21:15:00,
1.122464535,2426230,Jonathan Eysseric,J Eysseric v G Escobar,0,2016-01-04 06:34:05.120,2.32,2016-01-05 15:00:00,
1.122464535,2426230,Jonathan Eysseric,J Eysseric v G Escobar,10,2016-01-06 01:32:40.028,1.39,2016-01-06 15:45:00,2016-01-05 22:13:46.163
1.122464535,2426230,Jonathan Eysseric,J Eysseric v G Escobar,20,2016-01-06 05:32:47.310,1.07,2016-01-06 15:45:00,2016-01-05 22:13:46.163
1.122464535,2426230,Jonathan Eysseric,J Eysseric v G Escobar,30,2016-01-06 07:44:02.068,1.42,2016-01-06 15:45:00,2016-01-05 22:13:46.163
1.122464535,2426230,Jonathan Eysseric,J Eysseric v G Escobar,40,2016-01-06 08:45:13.967,1.35,2016-01-06 15:45:00,2016-01-05 22:13:46.163
1.122464535,2426230,Jonathan Eysseric,J Eysseric v G Escobar,50,2016-01-06 09:22:44.586,1.31,2016-01-06 15:45:00,2016-01-05 22:13:46.163
1.122464535,2426230,Jonathan Eysseric,J Eysseric v G Escobar,60,2016-01-06 10:04:38.446,1.35,2016-01-06 15:45:00,2016-01-05 22:13:46.163
1.122464535,2426230,Jonathan Eysseric,J Eysseric v G Escobar,70,2016-01-06 10:49:07.641,1.31,2016-01-06 15:45:00,2016-01-05 22:13:46.163
1.122464535,2426230,Jonathan Eysseric,J Eysseric v G Escobar,80,2016-01-06 12:02:23.807,1.34,2016-01-06 15:45:00,2016-01-05 22:13:46.163
1.122464535,2426230,Jonathan Eysseric,J Eysseric v G Escobar,90,2016-01-06 13:35:47.093,1.32,2016-01-06 15:45:00,2016-01-05 22:13:46.163
1.122464535,2426230,Jonathan Eysseric,J Eysseric v G Escobar,100,2016-01-06 15:18:33.046,1.41,2016-01-06 15:20:00,2016-01-05 22:13:46.163
1.122464535,7660810,Gonzalo Escobar,J Eysseric v G Escobar,0,2016-01-04 06:34:05.120,1.76,2016-01-05 15:00:00,
1.122464535,7660810,Gonzalo Escobar,J Eysseric v G Escobar,10,2016-01-05 17:01:45.154,1.75,2016-01-05 19:45:00,
1.122464535,7660810,Gonzalo Escobar,J Eysseric v G Escobar,20,2016-01-06 03:22:13.224,3.0,2016-01-06 15:45:00,2016-01-05 22:13:46.163
1.122464535,7660810,Gonzalo Escobar,J Eysseric v G Escobar,30,2016-01-06 07:18:35.310,4.3,2016-01-06 15:45:00,2016-01-05 22:13:46.163
1.122464535,7660810,Gonzalo Escobar,J Eysseric v G Escobar,40,2016-01-06 07:59:44.657,3.8,2016-01-06 15:45:00,2016-01-05 22:13:46.163
1.122464535,7660810,Gonzalo Escobar,J Eysseric v G Escobar,50,2016-01-06 08:28:37.005,3.6,2016-01-06 15:45:00,2016-01-05 22:13:46.163
1.122464535,7660810,Gonzalo Escobar,J Eysseric v G Escobar,60,2016-01-06 08:59:58.077,3.5,2016-01-06 15:45:00,2016-01-05 22:13:46.163
1.122464535,7660810,Gonzalo Escobar,J Eysseric v G Escobar,70,2016-01-06 10:04:38.446,3.7,2016-01-06 15:45:00,2016-01-05 22:13:46.163
1.122464535,7660810,Gonzalo Escobar,J Eysseric v G Escobar,80,2016-01-06 10:58:41.865,4.0,2016-01-06 15:45:00,2016-01-05 22:13:46.163
1.122464535,7660810,Gonzalo Escobar,J Eysseric v G Escobar,90,2016-01-06 12:30:59.909,4.1,2016-01-06 15:45:00,2016-01-05 22:13:46.163
1.122464535,7660810,Gonzalo Escobar,J Eysseric v G Escobar,100,2016-01-06 14:18:07.390,3.85,2016-01-06 15:45:00,2016-01-05 22:13:46.163
1.122464569,6129383,Facundo Arguello,F Arguello v J Paz,0,2016-01-04 20:06:03.149,1.18,2016-01-05 19:00:00,
1.122464569,6129383,Facundo Arguello,F Arguello v J Paz,10,2016-01-05 10:55:34.513,1.12,2016-01-05 19:00:00,
1.122464569,6129383,Facundo Arguello,F Arguello v J Paz,20,2016-01-05 12:38:44.350,1.12,2016-01-05 19:00:00,
1.122464569,6129383,Facundo Arguello,F Arguello v J Paz,30,2016-01-05 20:42:52.596,1.12,2016-01-05 22:30:00,
1.122464569,6129383,Facundo Arguello,F Arguello v J Paz,40,2016-01-05 21:38:56.105,1.1,2016-01-05 22:30:00,
1.122464569,6129383,Facundo Arguello,F Arguello v J Paz,50,2016-01-05 22:01:07.759,1.09,2016-01-05 22:30:00,
1.122464569,6129383,Facundo Arguello,F Arguello v J Paz,60,2016-01-05 22:18:47.289,1.15,2016-01-05 22:30:00,
1.122464569,6129383,Facundo Arguello,F Arguello v J Paz,70,2016-01-05 22:24:10.726,1.1,2016-01-05 22:30:00,
1.122464569,6129383,Facundo Arguello,F Arguello v J Paz,80,2016-01-06 01:54:09.672,1.15,2016-01-06 17:30:00,
1.122464569,6129383,Facundo Arguello,F Arguello v J Paz,90,2016-01-06 08:56:57.351,1.17,2016-01-06 17:30:00,
1.122464569,6129383,Facundo Arguello,F Arguello v J Paz,100,2016-01-06 16:16:11.399,1.09,2016-01-06 17:30:00,
1.122464569,8461061,Juan Pablo Paz,F Arguello v J Paz,0,2016-01-05 09:31:50.498,6.8,2016-01-05 19:00:00,
1.122464569,8461061,Juan Pablo Paz,F Arguello v J Paz,10,2016-01-05 10:53:11.015,7.4,2016-01-05 19:00:00,
1.122464569,8461061,Juan Pablo Paz,F Arguello v J Paz,20,2016-01-05 12:34:40.576,8.6,2016-01-05 19:00:00,
1.122464569,8461061,Juan Pablo Paz,F Arguello v J Paz,30,2016-01-05 12:38:44.350,9.4,2016-01-05 19:00:00,
1.122464569,8461061,Juan Pablo Paz,F Arguello v J Paz,40,2016-01-05 12:47:28.141,13.0,2016-01-05 19:00:00,
1.122464569,8461061,Juan Pablo Paz,F Arguello v J Paz,50,2016-01-05 19:05:12.948,11.0,2016-01-05 22:30:00,
1.122464569,8461061,Juan Pablo Paz,F Arguello v J Paz,60,2016-01-05 22:15:31.601,8.0,2016-01-05 22:30:00,
1.122464569,8461061,Juan Pablo Paz,F Arguello v J Paz,70,2016-01-05 22:25:06.256,7.8,2016-01-05 22:30:00,
1.122464569,8461061,Juan Pablo Paz,F Arguello v J Paz,80,2016-01-06 01:54:09.672,7.8,2016-01-06 17:30:00,
1.122464569,8461061,Juan Pablo Paz,F Arguello v J Paz,90,2016-01-06 09:52:59.864,5.3,2016-01-06 17:30:00,
1.122464569,8461061,Juan Pablo Paz,F Arguello v J Paz,100,2016-01-06 16:16:11.399,11.0,2016-01-06 17:30:00,
1.122464577,2489416,Maximo Gonzalez,Collarini v Ma Gonzalez,0,2016-01-05 16:30:23.199,1.2,2016-01-05 23:45:00,
1.122464577,2489416,Maximo Gonzalez,Collarini v Ma Gonzalez,10,2016-01-05 19:11:16.611,1.24,2016-01-05 23:45:00,
1.122464577,2489416,Maximo Gonzalez,Collarini v Ma Gonzalez,20,2016-01-05 19:42:53.663,1.2,2016-01-05 23:45:00,
1.122464577,2489416,Maximo Gonzalez,Collarini v Ma Gonzalez,30,2016-01-05 21:03:47.486,1.26,2016-01-05 23:45:00,
1.122464577,2489416,Maximo Gonzalez,Collarini v Ma Gonzalez,40,2016-01-05 21:45:40.683,1.26,2016-01-05 23:45:00,
1.122464577,2489416,Maximo Gonzalez,Collarini v Ma Gonzalez,50,2016-01-05 22:12:54.714,1.27,2016-01-05 23:45:00,
1.122464577,2489416,Maximo Gonzalez,Collarini v Ma Gonzalez,60,2016-01-05 22:43:22.170,1.25,2016-01-05 23:45:00,
1.122464577,2489416,Maximo Gonzalez,Collarini v Ma Gonzalez,70,2016-01-05 23:35:07.020,1.24,2016-01-05 23:45:00,
1.122464577,2489416,Maximo Gonzalez,Collarini v Ma Gonzalez,80,2016-01-05 23:40:07.081,1.27,2016-01-05 23:45:00,
1.122464577,2489416,Maximo Gonzalez,Collarini v Ma Gonzalez,90,2016-01-05 23:44:22.851,1.26,2016-01-05 23:45:00,
1.122464577,2489416,Maximo Gonzalez,Collarini v Ma Gonzalez,100,2016-01-06 01:51:56.336,1.27,2016-01-06 01:53:00,
1.122464605,8257792,Enrique Lopez-Perez,Lopez-Perez v Bahamonde,0,2016-01-05 09:36:42.982,3.7,2016-01-05 22:00:00,
1.122464605,8257792,Enrique Lopez-Perez,Lopez-Perez v Bahamonde,10,2016-01-05 11:01:03.556,3.45,2016-01-05 22:00:00,
1.122464605,8257792,Enrique Lopez-Perez,Lopez-Perez v Bahamonde,20,2016-01-05 16:41:15.019,3.55,2016-01-05 22:00:00,
1.122464605,8257792,Enrique Lopez-Perez,Lopez-Perez v Bahamonde,30,2016-01-05 16:48:46.390,3.55,2016-01-05 22:00:00,
1.122464605,8257792,Enrique Lopez-Perez,Lopez-Perez v Bahamonde,40,2016-01-05 17:21:00.451,3.5,2016-01-05 22:00:00,
1.122464605,8257792,Enrique Lopez-Perez,Lopez-Perez v Bahamonde,50,2016-01-05 19:12:20.855,3.9,2016-01-05 22:00:00,
1.122464605,8257792,Enrique Lopez-Perez,Lopez-Perez v Bahamonde,60,2016-01-05 20:54:42.127,3.5,2016-01-05 22:00:00,
1.122464605,8257792,Enrique Lopez-Perez,Lopez-Perez v Bahamonde,70,2016-01-05 20:59:19.145,3.85,2016-01-05 22:00:00,
1.122464605,8257792,Enrique Lopez-Perez,Lopez-Perez v Bahamonde,80,2016-01-05 21:29:46.464,3.65,2016-01-05 22:00:00,
1.122464605,8257792,Enrique Lopez-Perez,Lopez-Perez v Bahamonde,90,2016-01-05 21:30:17.661,3.45,2016-01-05 22:00:00,
1.122464605,8257792,Enrique Lopez-Perez,Lopez-Perez v Bahamonde,100,2016-01-05 21:54:05.170,3.45,2016-01-05 22:00:00,
1.122464605,8460149,Francisco Bahamonde,Lopez-Perez v Bahamonde,0,2016-01-04 09:00:29.799,1.36,2016-01-05 15:00:00,
1.122464605,8460149,Francisco Bahamonde,Lopez-Perez v Bahamonde,10,2016-01-04 17:19:45.496,1.27,2016-01-05 15:00:00,
1.122464605,8460149,Francisco Bahamonde,Lopez-Perez v Bahamonde,20,2016-01-05 09:36:42.982,1.38,2016-01-05 22:00:00,
1.122464605,8460149,Francisco Bahamonde,Lopez-Perez v Bahamonde,30,2016-01-05 17:21:00.451,1.4,2016-01-05 22:00:00,
1.122464605,8460149,Francisco Bahamonde,Lopez-Perez v Bahamonde,40,2016-01-05 19:12:20.855,1.35,2016-01-05 22:00:00,
1.122464605,8460149,Francisco Bahamonde,Lopez-Perez v Bahamonde,50,2016-01-05 20:54:42.127,1.4,2016-01-05 22:00:00,
1.122464605,8460149,Francisco Bahamonde,Lopez-Perez v Bahamonde,60,2016-01-05 21:03:41.203,1.35,2016-01-05 22:00:00,
1.122464605,8460149,Francisco Bahamonde,Lopez-Perez v Bahamonde,70,2016-01-05 21:22:40.025,1.36,2016-01-05 22:00:00,
1.122464605,8460149,Francisco Bahamonde,Lopez-Perez v Bahamonde,80,2016-01-05 21:29:46.464,1.38,2016-01-05 22:00:00,
1.122464605,8460149,Francisco Bahamonde,Lopez-Perez v Bahamonde,90,2016-01-05 21:50:42.729,1.37,2016-01-05 22:00:00,
1.122464605,8460149,Francisco Bahamonde,Lopez-Perez v Bahamonde,100,2016-01-05 21:55:06.802,1.41,2016-01-05 22:00:00,
1.122464609,6603914,Guido Andreozzi,Andreozzi v Jarry,0,2016-01-04 11:00:24.148,1.42,2016-01-05 15:00:00,
1.122464609,6603914,Guido Andreozzi,Andreozzi v Jarry,10,2016-01-04 13:02:46.426,1.32,2016-01-05 15:00:00,
1.122464609,6603914,Guido Andreozzi,Andreozzi v Jarry,20,2016-01-04 13:06:48.784,1.31,2016-01-05 15:00:00,
1.122464609,6603914,Guido Andreozzi,Andreozzi v Jarry,30,2016-01-04 20:18:08.951,1.32,2016-01-05 15:00:00,
1.122464609,6603914,Guido Andreozzi,Andreozzi v Jarry,40,2016-01-05 22:57:38.866,1.29,2016-01-06 15:00:00,
1.122464609,6603914,Guido Andreozzi,Andreozzi v Jarry,50,2016-01-06 06:23:54.608,1.27,2016-01-06 17:00:00,
1.122464609,6603914,Guido Andreozzi,Andreozzi v Jarry,60,2016-01-06 09:51:48.497,1.37,2016-01-06 17:00:00,
1.122464609,6603914,Guido Andreozzi,Andreozzi v Jarry,70,2016-01-06 14:13:40.951,1.3,2016-01-06 17:00:00,
1.122464609,6603914,Guido Andreozzi,Andreozzi v Jarry,80,2016-01-06 16:16:40.206,1.32,2016-01-06 17:00:00,
1.122464609,6603914,Guido Andreozzi,Andreozzi v Jarry,90,2016-01-06 16:35:49.395,1.31,2016-01-06 17:00:00,
1.122464609,6603914,Guido Andreozzi,Andreozzi v Jarry,100,2016-01-06 16:55:18.350,1.34,2016-01-06 17:00:00,
1.122464621,4876705,Gerald Melzer,G Melzer v Kicker,0,2016-01-05 06:26:56.795,1.86,2016-01-05 16:00:00,
1.122464621,4876705,Gerald Melzer,G Melzer v Kicker,10,2016-01-05 08:06:59.397,1.83,2016-01-05 16:00:00,
1.122464621,4876705,Gerald Melzer,G Melzer v Kicker,20,2016-01-05 11:36:50.602,1.88,2016-01-05 16:00:00,
1.122464621,4876705,Gerald Melzer,G Melzer v Kicker,30,2016-01-05 12:15:52.560,1.83,2016-01-05 16:00:00,
1.122464621,4876705,Gerald Melzer,G Melzer v Kicker,40,2016-01-05 14:53:34.608,1.78,2016-01-05 16:00:00,
1.122464621,4876705,Gerald Melzer,G Melzer v Kicker,50,2016-01-05 16:00:34.721,1.74,2016-01-05 18:00:00,
1.122464621,4876705,Gerald Melzer,G Melzer v Kicker,60,2016-01-05 17:30:49.677,1.81,2016-01-05 18:00:00,
1.122464621,4876705,Gerald Melzer,G Melzer v Kicker,70,2016-01-05 17:42:00.465,1.8,2016-01-05 18:00:00,
1.122464621,4876705,Gerald Melzer,G Melzer v Kicker,80,2016-01-05 18:31:51.989,1.8,2016-01-05 19:00:00,
1.122464621,4876705,Gerald Melzer,G Melzer v Kicker,90,2016-01-05 19:06:56.309,1.9,2016-01-05 19:11:00,
1.122464621,4876705,Gerald Melzer,G Melzer v Kicker,100,2016-01-05 19:10:54.628,1.9,2016-01-05 19:11:00,
1.122467021,2309528,Monica Niculescu,Babos v Niculescu,0,2016-01-04 16:50:24.523,1.66,2016-01-05 04:00:00,
1.122467021,2309528,Monica Niculescu,Babos v Niculescu,10,2016-01-05 08:48:26.346,1.7,2016-01-06 04:00:00,
1.122467021,2309528,Monica Niculescu,Babos v Niculescu,20,2016-01-05 21:33:39.724,1.71,2016-01-06 03:00:00,
1.122467021,2309528,Monica Niculescu,Babos v Niculescu,30,2016-01-05 21:44:33.909,1.7,2016-01-06 03:00:00,
1.122467021,2309528,Monica Niculescu,Babos v Niculescu,40,2016-01-05 22:35:58.263,1.7,2016-01-06 03:00:00,
1.122467021,2309528,Monica Niculescu,Babos v Niculescu,50,2016-01-05 23:07:15.993,1.7,2016-01-06 03:00:00,
1.122467021,2309528,Monica Niculescu,Babos v Niculescu,60,2016-01-06 00:35:57.686,1.7,2016-01-06 03:00:00,
1.122467021,2309528,Monica Niculescu,Babos v Niculescu,70,2016-01-06 01:00:46.105,1.72,2016-01-06 03:00:00,
1.122467021,2309528,Monica Niculescu,Babos v Niculescu,80,2016-01-06 02:46:43.583,1.72,2016-01-06 03:00:00,
1.122467021,2309528,Monica Niculescu,Babos v Niculescu,90,2016-01-06 02:48:38.432,1.72,2016-01-06 03:00:00,
1.122467021,2309528,Monica Niculescu,Babos v Niculescu,100,2016-01-06 02:59:43.988,1.71,2016-01-06 03:01:00,
1.122467021,4828174,Timea Babos,Babos v Niculescu,0,2016-01-04 13:41:27.388,2.44,2016-01-05 04:00:00,
1.122467021,4828174,Timea Babos,Babos v Niculescu,10,2016-01-05 08:48:26.346,2.42,2016-01-06 04:00:00,
1.122467021,4828174,Timea Babos,Babos v Niculescu,20,2016-01-05 19:40:39.755,2.4,2016-01-06 03:00:00,
1.122467021,4828174,Timea Babos,Babos v Niculescu,30,2016-01-05 21:33:39.724,2.44,2016-01-06 03:00:00,
1.122467021,4828174,Timea Babos,Babos v Niculescu,40,2016-01-05 21:35:17.638,2.46,2016-01-06 03:00:00,
1.122467021,4828174,Timea Babos,Babos v Niculescu,50,2016-01-05 22:23:00.028,2.42,2016-01-06 03:00:00,
1.122467021,4828174,Timea Babos,Babos v Niculescu,60,2016-01-05 23:58:00.769,2.44,2016-01-06 03:00:00,
1.122467021,4828174,Timea Babos,Babos v Niculescu,70,2016-01-06 00:06:36.886,2.4,2016-01-06 03:00:00,
1.122467021,4828174,Timea Babos,Babos v Niculescu,80,2016-01-06 00:38:45.247,2.36,2016-01-06 03:00:00,
1.122467021,4828174,Timea Babos,Babos v Niculescu,90,2016-01-06 02:46:43.583,2.38,2016-01-06 03:00:00,
1.122467021,4828174,Timea Babos,Babos v Niculescu,100,2016-01-06 02:48:38.432,2.4,2016-01-06 03:00:00,
1.122467037,7593369,Anna-Lena Friedsam,Begu v Friedsam,0,2016-01-04 16:01:00.809,3.0,2016-01-05 06:00:00,
1.122467037,7593369,Anna-Lena Friedsam,Begu v Friedsam,10,2016-01-04 22:46:52.563,2.96,2016-01-05 06:00:00,
1.122467037,7593369,Anna-Lena Friedsam,Begu v Friedsam,20,2016-01-05 05:43:02.164,2.88,2016-01-05 06:45:00,
1.122467037,7593369,Anna-Lena Friedsam,Begu v Friedsam,30,2016-01-05 11:09:54.565,2.78,2016-01-06 03:00:00,
1.122467037,7593369,Anna-Lena Friedsam,Begu v Friedsam,40,2016-01-05 18:26:10.500,2.84,2016-01-06 03:00:00,
1.122467037,7593369,Anna-Lena Friedsam,Begu v Friedsam,50,2016-01-05 20:46:11.116,2.68,2016-01-06 03:00:00,
1.122467037,7593369,Anna-Lena Friedsam,Begu v Friedsam,60,2016-01-05 20:48:11.469,2.6,2016-01-06 03:00:00,
1.122467037,7593369,Anna-Lena Friedsam,Begu v Friedsam,70,2016-01-05 21:44:07.508,2.68,2016-01-06 03:00:00,
1.122467037,7593369,Anna-Lena Friedsam,Begu v Friedsam,80,2016-01-05 21:49:55.168,2.82,2016-01-06 03:00:00,
1.122467037,7593369,Anna-Lena Friedsam,Begu v Friedsam,90,2016-01-05 22:18:04.164,2.82,2016-01-06 03:00:00,
1.122467037,7593369,Anna-Lena Friedsam,Begu v Friedsam,100,2016-01-06 02:58:09.833,2.72,2016-01-06 03:01:00,
1.122467037,7642289,Irina-Camelia Begu,Begu v Friedsam,0,2016-01-04 16:01:00.809,1.5,2016-01-05 06:00:00,
1.122467037,7642289,Irina-Camelia Begu,Begu v Friedsam,10,2016-01-04 22:17:52.422,1.5,2016-01-05 06:00:00,
1.122467037,7642289,Irina-Camelia Begu,Begu v Friedsam,20,2016-01-04 23:01:06.557,1.52,2016-01-05 06:00:00,
1.122467037,7642289,Irina-Camelia Begu,Begu v Friedsam,30,2016-01-05 05:44:52.470,1.54,2016-01-05 06:45:00,
1.122467037,7642289,Irina-Camelia Begu,Begu v Friedsam,40,2016-01-05 11:13:03.091,1.57,2016-01-06 03:00:00,
1.122467037,7642289,Irina-Camelia Begu,Begu v Friedsam,50,2016-01-05 20:48:11.469,1.64,2016-01-06 03:00:00,
1.122467037,7642289,Irina-Camelia Begu,Begu v Friedsam,60,2016-01-05 21:31:30.759,1.55,2016-01-06 03:00:00,
1.122467037,7642289,Irina-Camelia Begu,Begu v Friedsam,70,2016-01-05 21:49:55.168,1.55,2016-01-06 03:00:00,
1.122467037,7642289,Irina-Camelia Begu,Begu v Friedsam,80,2016-01-05 22:41:02.789,1.56,2016-01-06 03:00:00,
1.122467037,7642289,Irina-Camelia Begu,Begu v Friedsam,90,2016-01-06 00:51:07.357,1.57,2016-01-06 03:00:00,
1.122467037,7642289,Irina-Camelia Begu,Begu v Friedsam,100,2016-01-06 02:59:56.604,1.59,2016-01-06 03:01:00,
1.122467072,4566011,Alison Riske,Riske v Su Hsieh,0,2016-01-04 20:33:13.917,1.77,2016-01-05 06:00:00,
1.122467072,4566011,Alison Riske,Riske v Su Hsieh,10,2016-01-04 21:21:37.554,1.78,2016-01-05 06:00:00,
1.122467072,4566011,Alison Riske,Riske v Su Hsieh,20,2016-01-04 23:17:44.763,1.77,2016-01-05 06:00:00,
1.122467072,4566011,Alison Riske,Riske v Su Hsieh,30,2016-01-05 01:02:35.721,1.81,2016-01-05 06:00:00,
1.122467072,4566011,Alison Riske,Riske v Su Hsieh,40,2016-01-05 01:48:15.947,1.81,2016-01-05 06:00:00,
1.122467072,4566011,Alison Riske,Riske v Su Hsieh,50,2016-01-05 06:44:19.237,1.8,2016-01-05 06:45:00,
1.122467072,4566011,Alison Riske,Riske v Su Hsieh,60,2016-01-05 20:54:26.387,1.87,2016-01-06 03:00:00,
1.122467072,4566011,Alison Riske,Riske v Su Hsieh,70,2016-01-05 21:13:50.118,1.87,2016-01-06 03:00:00,
1.122467072,4566011,Alison Riske,Riske v Su Hsieh,80,2016-01-05 22:53:55.604,1.82,2016-01-06 03:00:00,
1.122467072,4566011,Alison Riske,Riske v Su Hsieh,90,2016-01-05 23:32:42.695,1.81,2016-01-06 03:00:00,
1.122467072,4566011,Alison Riske,Riske v Su Hsieh,100,2016-01-06 02:55:06.627,1.81,2016-01-06 03:00:00,
1.122467072,8244521,Su-Wei Hsieh,Riske v Su Hsieh,0,2016-01-04 20:08:53.311,2.26,2016-01-05 06:00:00,
1.122467072,8244521,Su-Wei Hsieh,Riske v Su Hsieh,10,2016-01-04 20:44:45.285,2.28,2016-01-05 06:00:00,
1.122467072,8244521,Su-Wei Hsieh,Riske v Su Hsieh,20,2016-01-04 21:22:43.811,2.2,2016-01-05 06:00:00,
1.122467072,8244521,Su-Wei Hsieh,Riske v Su Hsieh,30,2016-01-04 22:37:09.236,2.18,2016-01-05 06:00:00,
1.122467072,8244521,Su-Wei Hsieh,Riske v Su Hsieh,40,2016-01-04 22:44:29.410,2.18,2016-01-05 06:00:00,
1.122467072,8244521,Su-Wei Hsieh,Riske v Su Hsieh,50,2016-01-04 23:00:55.410,2.2,2016-01-05 06:00:00,
1.122467072,8244521,Su-Wei Hsieh,Riske v Su Hsieh,60,2016-01-04 23:06:50.251,2.2,2016-01-05 06:00:00,
1.122467072,8244521,Su-Wei Hsieh,Riske v Su Hsieh,70,2016-01-05 00:20:50.899,2.24,2016-01-05 06:00:00,
1.122467072,8244521,Su-Wei Hsieh,Riske v Su Hsieh,80,2016-01-05 13:05:48.946,2.26,2016-01-06 03:00:00,
1.122467072,8244521,Su-Wei Hsieh,Riske v Su Hsieh,90,2016-01-05 22:14:42.846,2.26,2016-01-06 03:00:00,
1.122467072,8244521,Su-Wei Hsieh,Riske v Su Hsieh,100,2016-01-05 23:32:42.695,2.22,2016-01-06 03:00:00,
1.122467219,4045175,Zarina Diyas,Siniakova v Diyas,0,2016-01-04 15:34:18.506,1.91,2016-01-05 04:00:00,
1.122467219,4045175,Zarina Diyas,Siniakova v Diyas,10,2016-01-04 22:59:34.042,1.91,2016-01-06 04:00:00,
1.122467219,4045175,Zarina Diyas,Siniakova v Diyas,20,2016-01-05 11:17:20.159,1.95,2016-01-06 04:30:00,
1.122467219,4045175,Zarina Diyas,Siniakova v Diyas,30,2016-01-05 19:51:23.269,1.89,2016-01-06 04:30:00,
1.122467219,4045175,Zarina Diyas,Siniakova v Diyas,40,2016-01-05 21:28:03.976,1.89,2016-01-06 04:30:00,
1.122467219,4045175,Zarina Diyas,Siniakova v Diyas,50,2016-01-05 21:45:16.626,1.89,2016-01-06 04:30:00,
1.122467219,4045175,Zarina Diyas,Siniakova v Diyas,60,2016-01-05 22:38:16.018,1.85,2016-01-06 04:30:00,
1.122467219,4045175,Zarina Diyas,Siniakova v Diyas,70,2016-01-06 01:00:33.644,1.85,2016-01-06 04:30:00,
1.122467219,4045175,Zarina Diyas,Siniakova v Diyas,80,2016-01-06 04:03:34.469,1.89,2016-01-06 04:30:00,
1.122467219,4045175,Zarina Diyas,Siniakova v Diyas,90,2016-01-06 04:09:09.364,1.89,2016-01-06 04:30:00,
1.122467219,4045175,Zarina Diyas,Siniakova v Diyas,100,2016-01-06 05:16:21.500,1.84,2016-01-06 05:23:00,
1.122472508,8861023,Clezar/Neis,Clezar/Neis v De Gregorio/Jofre,0,2016-01-05 07:16:53.349,1.05,2016-01-05 16:00:00,
1.122472508,8861023,Clezar/Neis,Clezar/Neis v De Gregorio/Jofre,10,2016-01-05 09:20:36.823,1.08,2016-01-05 16:00:00,
1.122472508,8861023,Clezar/Neis,Clezar/Neis v De Gregorio/Jofre,20,2016-01-05 12:08:25.821,1.06,2016-01-05 16:00:00,
1.122472508,8861023,Clezar/Neis,Clezar/Neis v De Gregorio/Jofre,30,2016-01-05 13:20:36.333,1.07,2016-01-05 16:00:00,
1.122472508,8861023,Clezar/Neis,Clezar/Neis v De Gregorio/Jofre,40,2016-01-05 15:34:05.330,1.03,2016-01-05 21:30:00,
1.122472508,8861023,Clezar/Neis,Clezar/Neis v De Gregorio/Jofre,50,2016-01-05 15:40:06.500,1.1,2016-01-05 21:30:00,
1.122472508,8861023,Clezar/Neis,Clezar/Neis v De Gregorio/Jofre,60,2016-01-05 15:50:23.471,1.03,2016-01-05 21:30:00,
1.122472508,8861023,Clezar/Neis,Clezar/Neis v De Gregorio/Jofre,70,2016-01-05 19:53:42.064,1.04,2016-01-05 21:30:00,
1.122472508,8861023,Clezar/Neis,Clezar/Neis v De Gregorio/Jofre,80,2016-01-05 19:57:33.008,1.11,2016-01-05 21:30:00,
1.122472508,8861023,Clezar/Neis,Clezar/Neis v De Gregorio/Jofre,90,2016-01-05 21:27:14.937,1.13,2016-01-05 21:30:00,
1.122472508,8861023,Clezar/Neis,Clezar/Neis v De Gregorio/Jofre,100,2016-01-06 16:57:14.148,1.11,2016-01-06 16:59:00,
1.122472525,10409109,Peralta/Zeballos,Peralta/Zeballos v Andreozzi/Behar,0,2016-01-05 12:36:11.806,1.53,2016-01-05 16:00:00,
1.122472525,10409109,Peralta/Zeballos,Peralta/Zeballos v Andreozzi/Behar,10,2016-01-05 13:35:32.846,1.49,2016-01-05 16:00:00,
1.122472525,10409109,Peralta/Zeballos,Peralta/Zeballos v Andreozzi/Behar,20,2016-01-05 17:42:36.762,1.42,2016-01-05 21:30:00,
1.122472525,10409109,Peralta/Zeballos,Peralta/Zeballos v Andreozzi/Behar,30,2016-01-05 17:44:27.044,1.47,2016-01-05 21:30:00,
1.122472525,10409109,Peralta/Zeballos,Peralta/Zeballos v Andreozzi/Behar,40,2016-01-05 20:03:18.173,1.52,2016-01-05 21:30:00,
1.122472525,10409109,Peralta/Zeballos,Peralta/Zeballos v Andreozzi/Behar,50,2016-01-06 19:26:35.724,1.55,2016-01-06 23:45:00,
1.122472525,10409109,Peralta/Zeballos,Peralta/Zeballos v Andreozzi/Behar,60,2016-01-06 23:31:18.882,1.54,2016-01-06 23:45:00,
1.122472525,10409109,Peralta/Zeballos,Peralta/Zeballos v Andreozzi/Behar,70,2016-01-06 23:33:32.676,1.55,2016-01-06 23:45:00,
1.122472525,10409109,Peralta/Zeballos,Peralta/Zeballos v Andreozzi/Behar,80,2016-01-06 23:38:12.618,1.54,2016-01-06 23:45:00,
1.122472525,10409109,Peralta/Zeballos,Peralta/Zeballos v Andreozzi/Behar,90,2016-01-07 01:15:41.350,1.56,2016-01-07 01:20:00,
1.122472525,10409109,Peralta/Zeballos,Peralta/Zeballos v Andreozzi/Behar,100,2016-01-07 01:18:40.729,1.75,2016-01-07 01:20:00,
1.122472674,10602406,Ao Gai,AO Gai v Miyabi Inoue,0,2016-01-04 21:09:55.099,2.66,2016-01-05 03:30:00,
1.122472674,10602406,Ao Gai,AO Gai v Miyabi Inoue,10,2016-01-04 21:19:07.103,3.25,2016-01-05 03:30:00,
1.122472674,10602406,Ao Gai,AO Gai v Miyabi Inoue,20,2016-01-04 22:24:55.070,3.15,2016-01-05 03:30:00,
1.122472674,10602406,Ao Gai,AO Gai v Miyabi Inoue,30,2016-01-05 02:58:12.739,2.68,2016-01-05 06:30:00,
1.122472674,10602406,Ao Gai,AO Gai v Miyabi Inoue,40,2016-01-05 02:59:14.987,2.66,2016-01-05 06:30:00,
1.122472674,10602406,Ao Gai,AO Gai v Miyabi Inoue,50,2016-01-05 03:00:06.840,2.64,2016-01-05 06:30:00,
1.122472674,10602406,Ao Gai,AO Gai v Miyabi Inoue,60,2016-01-05 08:22:12.339,3.95,2016-01-06 02:00:00,2016-01-05 08:22:12.339
1.122472674,10602406,Ao Gai,AO Gai v Miyabi Inoue,70,2016-01-05 17:56:13.548,2.2,2016-01-06 02:00:00,2016-01-05 08:22:12.339
1.122472674,10602406,Ao Gai,AO Gai v Miyabi Inoue,80,2016-01-05 21:52:12.916,2.18,2016-01-06 02:00:00,2016-01-05 08:22:12.339
1.122472674,10602406,Ao Gai,AO Gai v Miyabi Inoue,90,2016-01-05 21:52:51.883,2.0,2016-01-06 02:00:00,2016-01-05 08:22:12.339
1.122472674,10602406,Ao Gai,AO Gai v Miyabi Inoue,100,2016-01-05 21:55:14.808,2.28,2016-01-06 02:00:00,2016-01-05 08:22:12.339
1.12247269,2403863,Kristyna Pliskova,Kristyna Pliskova v Ching Wen Hsu,0,2016-01-04 19:27:56.973,1.09,2016-01-05 03:30:00,
1.12247269,2403863,Kristyna Pliskova,Kristyna Pliskova v Ching Wen Hsu,10,2016-01-04 22:20:15.764,1.11,2016-01-05 03:30:00,
1.12247269,2403863,Kristyna Pliskova,Kristyna Pliskova v Ching Wen Hsu,20,2016-01-05 00:13:31.065,1.11,2016-01-05 03:30:00,
1.12247269,2403863,Kristyna Pliskova,Kristyna Pliskova v Ching Wen Hsu,30,2016-01-05 06:20:58.206,1.08,2016-01-05 08:30:00,
1.12247269,2403863,Kristyna Pliskova,Kristyna Pliskova v Ching Wen Hsu,40,2016-01-05 07:53:03.227,1.11,2016-01-06 03:30:00,
1.12247269,2403863,Kristyna Pliskova,Kristyna Pliskova v Ching Wen Hsu,50,2016-01-05 08:55:42.792,1.06,2016-01-06 03:30:00,2016-01-05 08:21:47.773
1.12247269,2403863,Kristyna Pliskova,Kristyna Pliskova v Ching Wen Hsu,60,2016-01-05 08:58:03.387,1.06,2016-01-06 03:30:00,2016-01-05 08:21:47.773
1.12247269,2403863,Kristyna Pliskova,Kristyna Pliskova v Ching Wen Hsu,70,2016-01-05 10:58:29.868,1.05,2016-01-06 03:30:00,2016-01-05 08:21:47.773
1.12247269,2403863,Kristyna Pliskova,Kristyna Pliskova v Ching Wen Hsu,80,2016-01-05 12:43:01.223,1.16,2016-01-06 03:30:00,2016-01-05 08:21:47.773
1.12247269,2403863,Kristyna Pliskova,Kristyna Pliskova v Ching Wen Hsu,90,2016-01-05 16:16:04.009,1.08,2016-01-06 03:30:00,2016-01-05 08:21:47.773
1.12247269,2403863,Kristyna Pliskova,Kristyna Pliskova v Ching Wen Hsu,100,2016-01-05 21:03:56.540,1.16,2016-01-06 03:30:00,2016-01-05 08:21:47.773
1.12247269,7920996,Ching Wen Hsu,Kristyna Pliskova v Ching Wen Hsu,0,2016-01-04 21:11:45.598,10.0,2016-01-05 03:30:00,
1.12247269,7920996,Ching Wen Hsu,Kristyna Pliskova v Ching Wen Hsu,10,2016-01-04 22:20:15.764,10.5,2016-01-05 03:30:00,
1.12247269,7920996,Ching Wen Hsu,Kristyna Pliskova v Ching Wen Hsu,20,2016-01-04 22:37:12.531,10.0,2016-01-05 03:30:00,
1.12247269,7920996,Ching Wen Hsu,Kristyna Pliskova v Ching Wen Hsu,30,2016-01-05 00:30:37.041,10.5,2016-01-05 03:30:00,
1.12247269,7920996,Ching Wen Hsu,Kristyna Pliskova v Ching Wen Hsu,40,2016-01-05 03:00:12.928,11.0,2016-01-05 06:30:00,
1.12247269,7920996,Ching Wen Hsu,Kristyna Pliskova v Ching Wen Hsu,50,2016-01-05 07:30:00.258,8.0,2016-01-06 03:30:00,
1.12247269,7920996,Ching Wen Hsu,Kristyna Pliskova v Ching Wen Hsu,60,2016-01-05 07:53:03.227,10.5,2016-01-06 03:30:00,
1.12247269,7920996,Ching Wen Hsu,Kristyna Pliskova v Ching Wen Hsu,70,2016-01-05 08:48:40.875,7.2,2016-01-06 03:30:00,2016-01-05 08:21:47.773
1.12247269,7920996,Ching Wen Hsu,Kristyna Pliskova v Ching Wen Hsu,80,2016-01-05 10:33:55.970,7.8,2016-01-06 03:30:00,2016-01-05 08:21:47.773
1.12247269,7920996,Ching Wen Hsu,Kristyna Pliskova v Ching Wen Hsu,90,2016-01-05 12:43:01.223,7.2,2016-01-06 03:30:00,2016-01-05 08:21:47.773
1.12247269,7920996,Ching Wen Hsu,Kristyna Pliskova v Ching Wen Hsu,100,2016-01-05 21:03:56.540,7.0,2016-01-06 03:30:00,2016-01-05 08:21:47.773
1.122472691,6390238,Marina Melnikova,Marina Melnikova v Ying Zhang,0,2016-01-04 20:10:38.882,1.19,2016-01-05 02:00:00,
1.122472691,6390238,Marina Melnikova,Marina Melnikova v Ying Zhang,10,2016-01-04 22:13:53.200,1.17,2016-01-05 02:00:00,
1.122472691,6390238,Marina Melnikova,Marina Melnikova v Ying Zhang,20,2016-01-04 23:07:13.224,1.17,2016-01-05 02:00:00,
1.122472691,6390238,Marina Melnikova,Marina Melnikova v Ying Zhang,30,2016-01-05 01:20:10.016,1.16,2016-01-05 02:00:00,
1.122472691,6390238,Marina Melnikova,Marina Melnikova v Ying Zhang,40,2016-01-05 01:53:02.871,1.16,2016-01-05 03:00:00,
1.122472691,6390238,Marina Melnikova,Marina Melnikova v Ying Zhang,50,2016-01-05 05:59:40.306,1.42,2016-01-05 07:00:00,2016-01-05 05:00:47.298
1.122472691,6390238,Marina Melnikova,Marina Melnikova v Ying Zhang,60,2016-01-05 09:22:12.663,1.11,2016-01-06 02:00:00,2016-01-05 05:00:47.298
1.122472691,6390238,Marina Melnikova,Marina Melnikova v Ying Zhang,70,2016-01-05 10:53:51.483,1.36,2016-01-06 02:00:00,2016-01-05 05:00:47.298
1.122472691,6390238,Marina Melnikova,Marina Melnikova v Ying Zhang,80,2016-01-05 12:22:16.145,1.11,2016-01-06 02:00:00,2016-01-05 05:00:47.298
1.122472691,6390238,Marina Melnikova,Marina Melnikova v Ying Zhang,90,2016-01-05 17:20:32.038,1.29,2016-01-06 02:00:00,2016-01-05 05:00:47.298
1.122472691,6390238,Marina Melnikova,Marina Melnikova v Ying Zhang,100,2016-01-06 01:04:24.158,1.11,2016-01-06 02:00:00,2016-01-05 05:00:47.298
1.122472694,2548776,Stephanie Vogt,Stephanie Vogt v Katherine IP,0,2016-01-04 20:50:15.961,1.08,2016-01-05 02:00:00,
1.122472694,2548776,Stephanie Vogt,Stephanie Vogt v Katherine IP,10,2016-01-04 20:51:43.341,1.09,2016-01-05 02:00:00,
1.122472694,2548776,Stephanie Vogt,Stephanie Vogt v Katherine IP,20,2016-01-04 21:21:36.521,1.05,2016-01-05 02:00:00,
1.122472694,2548776,Stephanie Vogt,Stephanie Vogt v Katherine IP,30,2016-01-04 23:12:54.581,1.05,2016-01-05 02:00:00,
1.122472694,2548776,Stephanie Vogt,Stephanie Vogt v Katherine IP,40,2016-01-05 01:22:20.595,1.04,2016-01-05 02:00:00,
1.122472694,2548776,Stephanie Vogt,Stephanie Vogt v Katherine IP,50,2016-01-05 05:35:47.851,1.02,2016-01-05 07:00:00,2016-01-05 05:00:26.209
1.122472694,2548776,Stephanie Vogt,Stephanie Vogt v Katherine IP,60,2016-01-05 05:39:44.325,1.01,2016-01-05 07:00:00,2016-01-05 05:00:26.209
1.122472694,2548776,Stephanie Vogt,Stephanie Vogt v Katherine IP,70,2016-01-05 06:04:12.714,1.05,2016-01-05 07:00:00,2016-01-05 05:00:26.209
1.122472694,2548776,Stephanie Vogt,Stephanie Vogt v Katherine IP,80,2016-01-05 12:21:15.878,1.03,2016-01-06 02:00:00,2016-01-05 05:00:26.209
1.122472694,2548776,Stephanie Vogt,Stephanie Vogt v Katherine IP,90,2016-01-05 23:37:41.542,1.05,2016-01-06 02:00:00,2016-01-05 05:00:26.209
1.122472694,2548776,Stephanie Vogt,Stephanie Vogt v Katherine IP,100,2016-01-06 01:19:41.732,1.05,2016-01-06 02:00:00,2016-01-05 05:00:26.209
1.122472715,8596708,Luca Margaroli,Alp Sentay v Luca Margaroli,0,2016-01-05 00:53:40.426,1.24,2016-01-05 10:30:00,
1.122472715,8596708,Luca Margaroli,Alp Sentay v Luca Margaroli,10,2016-01-05 17:17:51.816,1.16,2016-01-06 08:30:00,2016-01-05 09:06:06.578
1.122472715,8596708,Luca Margaroli,Alp Sentay v Luca Margaroli,20,2016-01-06 08:00:02.252,1.11,2016-01-06 08:30:00,2016-01-05 09:06:06.578
1.122472715,8596708,Luca Margaroli,Alp Sentay v Luca Margaroli,30,2016-01-06 08:20:11.905,1.1,2016-01-06 08:30:00,2016-01-05 09:06:06.578
1.122472715,8596708,Luca Margaroli,Alp Sentay v Luca Margaroli,40,2016-01-07 17:10:39.908,1.09,2016-01-08 09:30:00,2016-01-05 09:06:06.578
1.122472715,8596708,Luca Margaroli,Alp Sentay v Luca Margaroli,50,2016-01-07 18:05:58.150,1.03,2016-01-08 09:30:00,2016-01-05 09:06:06.578
1.122472715,8596708,Luca Margaroli,Alp Sentay v Luca Margaroli,60,2016-01-07 23:05:44.117,1.04,2016-01-08 09:30:00,2016-01-05 09:06:06.578
1.122472715,8596708,Luca Margaroli,Alp Sentay v Luca Margaroli,70,2016-01-07 23:40:59.530,1.02,2016-01-08 09:30:00,2016-01-05 09:06:06.578
1.122472715,8596708,Luca Margaroli,Alp Sentay v Luca Margaroli,80,2016-01-08 00:02:13.804,1.18,2016-01-08 09:30:00,2016-01-05 09:06:06.578
1.122472715,8596708,Luca Margaroli,Alp Sentay v Luca Margaroli,90,2016-01-08 03:11:53.547,1.15,2016-01-08 09:30:00,2016-01-05 09:06:06.578
1.122472715,8596708,Luca Margaroli,Alp Sentay v Luca Margaroli,100,2016-01-08 08:25:46.902,1.09,2016-01-08 09:30:00,2016-01-05 09:06:06.578
1.122472717,9625845,Christoph Negritu,Christoph Negritu v Vadim Alekseenko,0,2016-01-07 14:56:15.373,1.26,2016-01-08 09:00:00,2016-01-05 09:06:06.471
1.122472717,9625845,Christoph Negritu,Christoph Negritu v Vadim Alekseenko,10,2016-01-07 15:01:53.408,1.34,2016-01-08 09:00:00,2016-01-05 09:06:06.471
1.122472717,9625845,Christoph Negritu,Christoph Negritu v Vadim Alekseenko,20,2016-01-07 17:03:23.771,1.14,2016-01-08 09:00:00,2016-01-05 09:06:06.471
1.122472717,9625845,Christoph Negritu,Christoph Negritu v Vadim Alekseenko,30,2016-01-07 17:39:32.742,1.4,2016-01-08 09:00:00,2016-01-05 09:06:06.471
1.122472717,9625845,Christoph Negritu,Christoph Negritu v Vadim Alekseenko,40,2016-01-07 17:40:23.245,1.25,2016-01-08 09:00:00,2016-01-05 09:06:06.471
1.122472717,9625845,Christoph Negritu,Christoph Negritu v Vadim Alekseenko,50,2016-01-07 18:10:24.237,1.39,2016-01-08 09:00:00,2016-01-05 09:06:06.471
1.122472717,9625845,Christoph Negritu,Christoph Negritu v Vadim Alekseenko,60,2016-01-07 20:25:50.103,1.37,2016-01-08 09:00:00,2016-01-05 09:06:06.471
1.122472717,9625845,Christoph Negritu,Christoph Negritu v Vadim Alekseenko,70,2016-01-07 23:27:59.760,1.23,2016-01-08 09:00:00,2016-01-05 09:06:06.471
1.122472717,9625845,Christoph Negritu,Christoph Negritu v Vadim Alekseenko,80,2016-01-08 02:40:01.596,1.1,2016-01-08 09:00:00,2016-01-05 09:06:06.471
1.122472717,9625845,Christoph Negritu,Christoph Negritu v Vadim Alekseenko,90,2016-01-08 05:31:56.403,1.11,2016-01-08 09:00:00,2016-01-05 09:06:06.471
1.122472717,9625845,Christoph Negritu,Christoph Negritu v Vadim Alekseenko,100,2016-01-08 08:44:46.066,1.3,2016-01-08 09:00:00,2016-01-05 09:06:06.471
1.122472718,8522533,Michal Konecny,Michal Konecny v Fedor Chervyakov,0,2016-01-04 23:09:49.787,1.22,2016-01-05 09:00:00,
1.122472718,8522533,Michal Konecny,Michal Konecny v Fedor Chervyakov,10,2016-01-04 23:18:48.499,1.25,2016-01-05 09:00:00,
1.122472718,8522533,Michal Konecny,Michal Konecny v Fedor Chervyakov,20,2016-01-05 00:52:54.303,1.23,2016-01-05 09:00:00,
1.122472718,8522533,Michal Konecny,Michal Konecny v Fedor Chervyakov,30,2016-01-05 09:04:00.381,1.28,2016-01-05 10:00:00,
1.122472718,8522533,Michal Konecny,Michal Konecny v Fedor Chervyakov,40,2016-01-05 09:15:01.724,1.19,2016-01-05 10:00:00,2016-01-05 09:06:06.368
1.122472718,8522533,Michal Konecny,Michal Konecny v Fedor Chervyakov,50,2016-01-05 13:42:40.356,1.18,2016-01-06 08:00:00,2016-01-05 09:06:06.368
1.122472718,8522533,Michal Konecny,Michal Konecny v Fedor Chervyakov,60,2016-01-06 08:20:06.849,1.09,2016-01-06 08:30:00,2016-01-05 09:06:06.368
1.122472718,8522533,Michal Konecny,Michal Konecny v Fedor Chervyakov,70,2016-01-07 17:24:39.248,1.18,2016-01-08 09:00:00,2016-01-05 09:06:06.368
1.122472718,8522533,Michal Konecny,Michal Konecny v Fedor Chervyakov,80,2016-01-07 22:42:34.390,1.1,2016-01-08 09:00:00,2016-01-05 09:06:06.368
1.122472718,8522533,Michal Konecny,Michal Konecny v Fedor Chervyakov,90,2016-01-08 01:25:06.998,1.2,2016-01-08 09:00:00,2016-01-05 09:06:06.368
1.122472718,8522533,Michal Konecny,Michal Konecny v Fedor Chervyakov,100,2016-01-08 08:30:31.428,1.24,2016-01-08 09:00:00,2016-01-05 09:06:06.368
1.122472721,9625001,Muhammet Haylaz,Sarp Agabigun v Muhammet Haylaz,0,2016-01-06 08:17:42.412,2.42,2016-01-06 08:30:00,2016-01-05 09:06:06.368
1.122472721,9625001,Muhammet Haylaz,Sarp Agabigun v Muhammet Haylaz,10,2016-01-07 15:00:57.712,1.87,2016-01-08 09:00:00,2016-01-05 09:06:06.368
1.122472721,9625001,Muhammet Haylaz,Sarp Agabigun v Muhammet Haylaz,20,2016-01-07 17:19:56.086,1.83,2016-01-08 09:00:00,2016-01-05 09:06:06.368
1.122472721,9625001,Muhammet Haylaz,Sarp Agabigun v Muhammet Haylaz,30,2016-01-07 17:20:15.894,1.54,2016-01-08 09:00:00,2016-01-05 09:06:06.368
1.122472721,9625001,Muhammet Haylaz,Sarp Agabigun v Muhammet Haylaz,40,2016-01-07 22:02:59.579,1.54,2016-01-08 09:00:00,2016-01-05 09:06:06.368
1.122472721,9625001,Muhammet Haylaz,Sarp Agabigun v Muhammet Haylaz,50,2016-01-07 22:24:38.705,1.53,2016-01-08 09:00:00,2016-01-05 09:06:06.368
1.122472721,9625001,Muhammet Haylaz,Sarp Agabigun v Muhammet Haylaz,60,2016-01-07 23:04:57.383,1.54,2016-01-08 09:00:00,2016-01-05 09:06:06.368
1.122472721,9625001,Muhammet Haylaz,Sarp Agabigun v Muhammet Haylaz,70,2016-01-08 05:07:55.722,1.54,2016-01-08 09:00:00,2016-01-05 09:06:06.368
1.122472721,9625001,Muhammet Haylaz,Sarp Agabigun v Muhammet Haylaz,80,2016-01-08 05:08:09.748,1.53,2016-01-08 09:00:00,2016-01-05 09:06:06.368
1.122472721,9625001,Muhammet Haylaz,Sarp Agabigun v Muhammet Haylaz,90,2016-01-08 07:07:36.871,1.67,2016-01-08 09:00:00,2016-01-05 09:06:06.368
1.122472721,9625001,Muhammet Haylaz,Sarp Agabigun v Muhammet Haylaz,100,2016-01-08 08:36:18.296,1.6,2016-01-08 09:00:00,2016-01-05 09:06:06.368
1.122472722,3957838,Tomislav Brkic,Vadym Ursu v Tomislav Brkic,0,2016-01-05 01:00:59.575,1.15,2016-01-05 10:30:00,
1.122472722,3957838,Tomislav Brkic,Vadym Ursu v Tomislav Brkic,10,2016-01-05 11:04:15.100,1.16,2016-01-05 12:00:00,2016-01-05 10:54:09.703
1.122472722,3957838,Tomislav Brkic,Vadym Ursu v Tomislav Brkic,20,2016-01-07 15:03:56.334,1.51,2016-01-08 09:00:00,2016-01-05 10:54:09.703
1.122472722,3957838,Tomislav Brkic,Vadym Ursu v Tomislav Brkic,30,2016-01-07 15:40:28.138,1.82,2016-01-08 09:00:00,2016-01-05 10:54:09.703
1.122472722,3957838,Tomislav Brkic,Vadym Ursu v Tomislav Brkic,40,2016-01-07 15:53:36.348,1.67,2016-01-08 09:00:00,2016-01-05 10:54:09.703
1.122472722,3957838,Tomislav Brkic,Vadym Ursu v Tomislav Brkic,50,2016-01-07 17:34:48.554,1.78,2016-01-08 09:00:00,2016-01-05 10:54:09.703
1.122472722,3957838,Tomislav Brkic,Vadym Ursu v Tomislav Brkic,60,2016-01-07 17:54:57.668,1.76,2016-01-08 09:00:00,2016-01-05 10:54:09.703
1.122472722,3957838,Tomislav Brkic,Vadym Ursu v Tomislav Brkic,70,2016-01-07 18:55:00.294,1.84,2016-01-08 09:00:00,2016-01-05 10:54:09.703
1.122472722,3957838,Tomislav Brkic,Vadym Ursu v Tomislav Brkic,80,2016-01-07 22:21:51.226,1.59,2016-01-08 09:00:00,2016-01-05 10:54:09.703
1.122472722,3957838,Tomislav Brkic,Vadym Ursu v Tomislav Brkic,90,2016-01-08 06:19:52.115,1.75,2016-01-08 09:00:00,2016-01-05 10:54:09.703
1.122472722,3957838,Tomislav Brkic,Vadym Ursu v Tomislav Brkic,100,2016-01-08 07:18:13.743,1.75,2016-01-08 09:00:00,2016-01-05 10:54:09.703
1.122472722,8490625,Vadym Ursu,Vadym Ursu v Tomislav Brkic,0,2016-01-05 01:00:59.575,7.0,2016-01-05 10:30:00,
1.122472722,8490625,Vadym Ursu,Vadym Ursu v Tomislav Brkic,10,2016-01-06 08:06:53.960,12.0,2016-01-06 08:30:00,2016-01-05 10:54:09.703
1.122472722,8490625,Vadym Ursu,Vadym Ursu v Tomislav Brkic,20,2016-01-07 15:54:42.980,2.04,2016-01-08 09:00:00,2016-01-05 10:54:09.703
1.122472722,8490625,Vadym Ursu,Vadym Ursu v Tomislav Brkic,30,2016-01-07 16:31:48.789,2.06,2016-01-08 09:00:00,2016-01-05 10:54:09.703
1.122472722,8490625,Vadym Ursu,Vadym Ursu v Tomislav Brkic,40,2016-01-07 17:34:48.554,2.28,2016-01-08 09:00:00,2016-01-05 10:54:09.703
1.122472722,8490625,Vadym Ursu,Vadym Ursu v Tomislav Brkic,50,2016-01-07 18:04:17.022,2.04,2016-01-08 09:00:00,2016-01-05 10:54:09.703
1.122472722,8490625,Vadym Ursu,Vadym Ursu v Tomislav Brkic,60,2016-01-07 19:35:46.221,2.18,2016-01-08 09:00:00,2016-01-05 10:54:09.703
1.122472722,8490625,Vadym Ursu,Vadym Ursu v Tomislav Brkic,70,2016-01-07 20:44:26.450,2.68,2016-01-08 09:00:00,2016-01-05 10:54:09.703
1.122472722,8490625,Vadym Ursu,Vadym Ursu v Tomislav Brkic,80,2016-01-08 06:19:52.115,2.32,2016-01-08 09:00:00,2016-01-05 10:54:09.703
1.122472722,8490625,Vadym Ursu,Vadym Ursu v Tomislav Brkic,90,2016-01-08 06:48:35.294,2.62,2016-01-08 09:00:00,2016-01-05 10:54:09.703
1.122472722,8490625,Vadym Ursu,Vadym Ursu v Tomislav Brkic,100,2016-01-08 07:07:36.871,2.34,2016-01-08 09:00:00,2016-01-05 10:54:09.703
1.122472906,9546313,Klaasen/Ram,Klaasen/Ram v Rosol/Zelenay,0,2016-01-06 19:48:22.168,1.51,2016-01-07 13:30:00,
1.122472906,9546313,Klaasen/Ram,Klaasen/Ram v Rosol/Zelenay,10,2016-01-06 20:11:38.872,1.41,2016-01-07 13:30:00,
1.122472906,9546313,Klaasen/Ram,Klaasen/Ram v Rosol/Zelenay,20,2016-01-06 22:34:57.099,1.42,2016-01-07 13:30:00,
1.122472906,9546313,Klaasen/Ram,Klaasen/Ram v Rosol/Zelenay,30,2016-01-07 09:32:05.446,1.51,2016-01-07 13:30:00,
1.122472906,9546313,Klaasen/Ram,Klaasen/Ram v Rosol/Zelenay,40,2016-01-07 09:32:37.539,1.55,2016-01-07 13:30:00,
1.122472906,9546313,Klaasen/Ram,Klaasen/Ram v Rosol/Zelenay,50,2016-01-07 10:02:34.592,1.44,2016-01-07 13:30:00,
1.122472906,9546313,Klaasen/Ram,Klaasen/Ram v Rosol/Zelenay,60,2016-01-07 11:23:55.448,1.54,2016-01-07 13:30:00,
1.122472906,9546313,Klaasen/Ram,Klaasen/Ram v Rosol/Zelenay,70,2016-01-07 12:21:51.681,1.46,2016-01-07 13:30:00,
1.122472906,9546313,Klaasen/Ram,Klaasen/Ram v Rosol/Zelenay,80,2016-01-07 13:27:05.519,1.46,2016-01-07 13:30:00,
1.122472906,9546313,Klaasen/Ram,Klaasen/Ram v Rosol/Zelenay,90,2016-01-07 14:29:07.773,1.44,2016-01-07 14:35:00,2016-01-07 14:28:12.648
1.122472906,9546313,Klaasen/Ram,Klaasen/Ram v Rosol/Zelenay,100,2016-01-07 14:32:07.791,1.27,2016-01-07 14:35:00,2016-01-07 14:28:12.648
1.122472923,4290403,Roberto Bautista Agut,Millman v Bautista Agut,0,2016-01-05 19:45:45.779,1.33,2016-01-06 15:00:00,
1.122472923,4290403,Roberto Bautista Agut,Millman v Bautista Agut,10,2016-01-06 08:15:00.764,1.33,2016-01-06 15:00:00,
1.122472923,4290403,Roberto Bautista Agut,Millman v Bautista Agut,20,2016-01-06 08:53:01.091,1.33,2016-01-06 15:00:00,
1.122472923,4290403,Roberto Bautista Agut,Millman v Bautista Agut,30,2016-01-06 09:30:59.088,1.35,2016-01-06 15:00:00,
1.122472923,4290403,Roberto Bautista Agut,Millman v Bautista Agut,40,2016-01-06 10:20:57.852,1.35,2016-01-06 15:00:00,
1.122472923,4290403,Roberto Bautista Agut,Millman v Bautista Agut,50,2016-01-06 11:15:54.089,1.35,2016-01-06 15:00:00,
1.122472923,4290403,Roberto Bautista Agut,Millman v Bautista Agut,60,2016-01-06 11:52:36.001,1.37,2016-01-06 15:00:00,
1.122472923,4290403,Roberto Bautista Agut,Millman v Bautista Agut,70,2016-01-06 12:34:51.070,1.36,2016-01-06 15:00:00,
1.122472923,4290403,Roberto Bautista Agut,Millman v Bautista Agut,80,2016-01-06 13:35:09.238,1.36,2016-01-06 15:00:00,
1.122472923,4290403,Roberto Bautista Agut,Millman v Bautista Agut,90,2016-01-06 14:17:00.353,1.37,2016-01-06 15:00:00,
1.122472923,4290403,Roberto Bautista Agut,Millman v Bautista Agut,100,2016-01-06 14:50:09.659,1.35,2016-01-06 14:51:00,
1.122472923,4415206,John Millman,Millman v Bautista Agut,0,2016-01-05 20:23:55.823,4.1,2016-01-06 15:00:00,
1.122472923,4415206,John Millman,Millman v Bautista Agut,10,2016-01-06 01:30:09.497,4.4,2016-01-06 15:00:00,
1.122472923,4415206,John Millman,Millman v Bautista Agut,20,2016-01-06 09:27:06.700,3.9,2016-01-06 15:00:00,
1.122472923,4415206,John Millman,Millman v Bautista Agut,30,2016-01-06 09:52:37.346,3.95,2016-01-06 15:00:00,
1.122472923,4415206,John Millman,Millman v Bautista Agut,40,2016-01-06 11:19:00.757,4.4,2016-01-06 15:00:00,
1.122472923,4415206,John Millman,Millman v Bautista Agut,50,2016-01-06 12:33:03.655,3.75,2016-01-06 15:00:00,
1.122472923,4415206,John Millman,Millman v Bautista Agut,60,2016-01-06 13:42:02.001,3.9,2016-01-06 15:00:00,
1.122472923,4415206,John Millman,Millman v Bautista Agut,70,2016-01-06 14:04:08.999,3.65,2016-01-06 15:00:00,
1.122472923,4415206,John Millman,Millman v Bautista Agut,80,2016-01-06 14:17:00.353,3.6,2016-01-06 15:00:00,
1.122472923,4415206,John Millman,Millman v Bautista Agut,90,2016-01-06 14:43:08.233,3.5,2016-01-06 15:00:00,
1.122472923,4415206,John Millman,Millman v Bautista Agut,100,2016-01-06 14:50:09.659,3.75,2016-01-06 14:51:00,
1.122473077,5626817,Kyle Edmund,Edmund v Munoz-De La Nava,0,2016-01-05 07:54:47.914,1.43,2016-01-06 09:00:00,
1.122473077,5626817,Kyle Edmund,Edmund v Munoz-De La Nava,10,2016-01-06 00:12:19.559,1.32,2016-01-06 16:00:00,
1.122473077,5626817,Kyle Edmund,Edmund v Munoz-De La Nava,20,2016-01-06 09:29:49.860,1.35,2016-01-06 16:00:00,
1.122473077,5626817,Kyle Edmund,Edmund v Munoz-De La Nava,30,2016-01-06 10:51:18.255,1.39,2016-01-06 16:00:00,
1.122473077,5626817,Kyle Edmund,Edmund v Munoz-De La Nava,40,2016-01-06 13:24:57.820,1.36,2016-01-06 16:00:00,
1.122473077,5626817,Kyle Edmund,Edmund v Munoz-De La Nava,50,2016-01-06 14:00:01.579,1.38,2016-01-06 16:00:00,
1.122473077,5626817,Kyle Edmund,Edmund v Munoz-De La Nava,60,2016-01-06 14:36:22.051,1.4,2016-01-06 16:00:00,
1.122473077,5626817,Kyle Edmund,Edmund v Munoz-De La Nava,70,2016-01-06 14:46:00.619,1.38,2016-01-06 16:00:00,
1.122473077,5626817,Kyle Edmund,Edmund v Munoz-De La Nava,80,2016-01-06 15:23:06.371,1.4,2016-01-06 16:00:00,
1.122473077,5626817,Kyle Edmund,Edmund v Munoz-De La Nava,90,2016-01-06 15:27:05.626,1.41,2016-01-06 16:00:00,
1.122473077,5626817,Kyle Edmund,Edmund v Munoz-De La Nava,100,2016-01-06 16:03:07.034,1.43,2016-01-06 16:04:00,
1.122473077,10689374,Munoz dela Nava,Edmund v Munoz-De La Nava,0,2016-01-05 07:54:47.914,3.3,2016-01-06 09:00:00,
1.122473077,10689374,Munoz dela Nava,Edmund v Munoz-De La Nava,10,2016-01-05 12:26:00.455,2.76,2016-01-06 09:00:00,
1.122473077,10689374,Munoz dela Nava,Edmund v Munoz-De La Nava,20,2016-01-05 21:56:51.107,3.6,2016-01-06 16:00:00,
1.122473077,10689374,Munoz dela Nava,Edmund v Munoz-De La Nava,30,2016-01-06 09:36:52.614,3.75,2016-01-06 16:00:00,
1.122473077,10689374,Munoz dela Nava,Edmund v Munoz-De La Nava,40,2016-01-06 12:04:56.398,3.6,2016-01-06 16:00:00,
1.122473077,10689374,Munoz dela Nava,Edmund v Munoz-De La Nava,50,2016-01-06 13:53:40.970,3.6,2016-01-06 16:00:00,
1.122473077,10689374,Munoz dela Nava,Edmund v Munoz-De La Nava,60,2016-01-06 14:46:00.619,3.65,2016-01-06 16:00:00,
1.122473077,10689374,Munoz dela Nava,Edmund v Munoz-De La Nava,70,2016-01-06 15:23:06.371,3.5,2016-01-06 16:00:00,
1.122473077,10689374,Munoz dela Nava,Edmund v Munoz-De La Nava,80,2016-01-06 15:42:05.657,3.4,2016-01-06 16:00:00,
1.122473077,10689374,Munoz dela Nava,Edmund v Munoz-De La Nava,90,2016-01-06 15:54:01.558,3.4,2016-01-06 16:00:00,
1.122473077,10689374,Munoz dela Nava,Edmund v Munoz-De La Nava,100,2016-01-06 16:03:07.034,3.3,2016-01-06 16:04:00,
1.122473111,3506037,Horacio Zeballos,H Zeballos v Estevez,0,2016-01-05 15:53:06.459,1.34,2016-01-06 15:00:00,
1.122473111,3506037,Horacio Zeballos,H Zeballos v Estevez,10,2016-01-05 16:18:05.449,1.19,2016-01-06 15:00:00,
1.122473111,3506037,Horacio Zeballos,H Zeballos v Estevez,20,2016-01-05 22:26:02.033,1.18,2016-01-06 15:00:00,
1.122473111,3506037,Horacio Zeballos,H Zeballos v Estevez,30,2016-01-06 10:15:19.572,1.13,2016-01-06 18:45:00,
1.122473111,3506037,Horacio Zeballos,H Zeballos v Estevez,40,2016-01-06 17:02:07.421,1.09,2016-01-06 18:45:00,
1.122473111,3506037,Horacio Zeballos,H Zeballos v Estevez,50,2016-01-06 17:05:00.432,1.12,2016-01-06 18:45:00,
1.122473111,3506037,Horacio Zeballos,H Zeballos v Estevez,60,2016-01-06 17:38:07.337,1.1,2016-01-06 18:45:00,
1.122473111,3506037,Horacio Zeballos,H Zeballos v Estevez,70,2016-01-06 18:25:46.549,1.13,2016-01-06 18:45:00,
1.122473111,3506037,Horacio Zeballos,H Zeballos v Estevez,80,2016-01-06 18:35:16.081,1.12,2016-01-06 18:45:00,
1.122473111,3506037,Horacio Zeballos,H Zeballos v Estevez,90,2016-01-06 18:40:11.219,1.14,2016-01-06 18:45:00,
1.122473111,3506037,Horacio Zeballos,H Zeballos v Estevez,100,2016-01-06 19:57:00.208,1.13,2016-01-06 19:58:00,
1.122473131,2301068,Rogerio Dutra Silva,T Monteiro v Dutra Silva,0,2016-01-05 14:17:21.684,1.42,2016-01-05 17:45:00,
1.122473131,2301068,Rogerio Dutra Silva,T Monteiro v Dutra Silva,10,2016-01-05 16:39:54.683,1.42,2016-01-05 18:00:00,
1.122473131,2301068,Rogerio Dutra Silva,T Monteiro v Dutra Silva,20,2016-01-05 17:31:54.819,1.43,2016-01-05 18:00:00,
1.122473131,2301068,Rogerio Dutra Silva,T Monteiro v Dutra Silva,30,2016-01-05 17:39:53.927,1.42,2016-01-05 18:00:00,
1.122473131,2301068,Rogerio Dutra Silva,T Monteiro v Dutra Silva,40,2016-01-05 17:54:40.714,1.45,2016-01-05 18:00:00,
1.122473131,2301068,Rogerio Dutra Silva,T Monteiro v Dutra Silva,50,2016-01-05 20:17:46.709,1.38,2016-01-05 20:45:00,
1.122473131,2301068,Rogerio Dutra Silva,T Monteiro v Dutra Silva,60,2016-01-05 21:09:54.930,1.32,2016-01-05 21:17:00,2016-01-05 21:05:24.372
1.122473131,2301068,Rogerio Dutra Silva,T Monteiro v Dutra Silva,70,2016-01-05 21:12:54.643,1.7,2016-01-05 21:21:00,2016-01-05 21:05:24.372
1.122473131,2301068,Rogerio Dutra Silva,T Monteiro v Dutra Silva,80,2016-01-05 21:14:51.142,1.58,2016-01-05 21:21:00,2016-01-05 21:05:24.372
1.122473131,2301068,Rogerio Dutra Silva,T Monteiro v Dutra Silva,90,2016-01-05 21:17:50.468,1.39,2016-01-05 21:21:00,2016-01-05 21:05:24.372
1.122473131,2301068,Rogerio Dutra Silva,T Monteiro v Dutra Silva,100,2016-01-05 21:20:54.463,1.46,2016-01-05 21:21:00,2016-01-05 21:05:24.372
1.122473144,5829495,Torebko,Torebko v Hamou,0,2016-01-06 11:49:43.085,2.36,2016-01-06 22:00:00,
1.122473144,5829495,Torebko,Torebko v Hamou,10,2016-01-06 14:10:55.748,2.16,2016-01-06 22:00:00,
1.122473144,5829495,Torebko,Torebko v Hamou,20,2016-01-06 17:51:36.927,2.46,2016-01-06 22:00:00,
1.122473144,5829495,Torebko,Torebko v Hamou,30,2016-01-06 20:02:34.459,2.44,2016-01-06 22:00:00,
1.122473144,5829495,Torebko,Torebko v Hamou,40,2016-01-06 20:32:45.200,2.56,2016-01-06 22:00:00,
1.122473144,5829495,Torebko,Torebko v Hamou,50,2016-01-06 21:02:39.363,2.46,2016-01-06 22:00:00,
1.122473144,5829495,Torebko,Torebko v Hamou,60,2016-01-06 21:03:23.695,2.44,2016-01-06 22:00:00,
1.122473144,5829495,Torebko,Torebko v Hamou,70,2016-01-06 21:25:44.836,2.32,2016-01-06 22:00:00,
1.122473144,5829495,Torebko,Torebko v Hamou,80,2016-01-06 21:40:43.481,2.26,2016-01-06 22:00:00,
1.122473144,5829495,Torebko,Torebko v Hamou,90,2016-01-06 21:54:41.861,2.4,2016-01-06 22:00:00,
1.122473144,5829495,Torebko,Torebko v Hamou,100,2016-01-06 21:57:46.589,2.42,2016-01-06 22:00:00,
1.122473144,8859457,Hamou,Torebko v Hamou,0,2016-01-06 10:34:43.322,1.82,2016-01-06 22:00:00,
1.122473144,8859457,Hamou,Torebko v Hamou,10,2016-01-06 11:49:43.085,1.74,2016-01-06 22:00:00,
1.122473144,8859457,Hamou,Torebko v Hamou,20,2016-01-06 16:52:15.988,1.69,2016-01-06 22:00:00,
1.122473144,8859457,Hamou,Torebko v Hamou,30,2016-01-06 17:41:02.643,1.69,2016-01-06 22:00:00,
1.122473144,8859457,Hamou,Torebko v Hamou,40,2016-01-06 19:17:43.485,1.69,2016-01-06 22:00:00,
1.122473144,8859457,Hamou,Torebko v Hamou,50,2016-01-06 20:32:45.200,1.64,2016-01-06 22:00:00,
1.122473144,8859457,Hamou,Torebko v Hamou,60,2016-01-06 21:03:23.695,1.69,2016-01-06 22:00:00,
1.122473144,8859457,Hamou,Torebko v Hamou,70,2016-01-06 21:15:02.678,1.65,2016-01-06 22:00:00,
1.122473144,8859457,Hamou,Torebko v Hamou,80,2016-01-06 21:40:43.481,1.79,2016-01-06 22:00:00,
1.122473144,8859457,Hamou,Torebko v Hamou,90,2016-01-06 21:55:06.968,1.8,2016-01-06 22:00:00,
1.122473144,8859457,Hamou,Torebko v Hamou,100,2016-01-06 22:26:45.217,1.71,2016-01-06 22:28:00,
1.122473176,3066621,Adrian Mannarino,A Mannarino v Janvier,0,2016-01-05 19:28:22.679,1.06,2016-01-06 00:00:00,
1.122473176,3066621,Adrian Mannarino,A Mannarino v Janvier,10,2016-01-05 20:06:55.513,1.08,2016-01-06 00:00:00,
1.122473176,3066621,Adrian Mannarino,A Mannarino v Janvier,20,2016-01-05 20:43:18.439,1.05,2016-01-06 00:00:00,
1.122473176,3066621,Adrian Mannarino,A Mannarino v Janvier,30,2016-01-05 22:01:06.667,1.05,2016-01-06 00:00:00,
1.122473176,3066621,Adrian Mannarino,A Mannarino v Janvier,40,2016-01-05 22:09:08.099,1.07,2016-01-06 00:00:00,
1.122473176,3066621,Adrian Mannarino,A Mannarino v Janvier,50,2016-01-05 23:17:58.204,1.06,2016-01-06 00:00:00,
1.122473176,3066621,Adrian Mannarino,A Mannarino v Janvier,60,2016-01-05 23:18:21.887,1.04,2016-01-06 00:00:00,
1.122473176,3066621,Adrian Mannarino,A Mannarino v Janvier,70,2016-01-05 23:21:10.616,1.06,2016-01-06 00:00:00,
1.122473176,3066621,Adrian Mannarino,A Mannarino v Janvier,80,2016-01-05 23:55:06.456,1.06,2016-01-06 00:00:00,
1.122473176,3066621,Adrian Mannarino,A Mannarino v Janvier,90,2016-01-05 23:59:06.146,1.04,2016-01-06 00:00:00,
1.122473176,3066621,Adrian Mannarino,A Mannarino v Janvier,100,2016-01-06 00:16:05.899,1.13,2016-01-06 00:17:00,2016-01-06 00:13:09.075
1.122473594,585761,Julien Benneteau,Bourgue v J Benneteau,0,2016-01-05 11:17:09.835,1.49,2016-01-06 01:45:00,
1.122473594,585761,Julien Benneteau,Bourgue v J Benneteau,10,2016-01-05 16:03:46.917,1.53,2016-01-06 01:45:00,
1.122473594,585761,Julien Benneteau,Bourgue v J Benneteau,20,2016-01-05 18:17:46.289,1.57,2016-01-06 01:45:00,
1.122473594,585761,Julien Benneteau,Bourgue v J Benneteau,30,2016-01-05 18:18:47.666,1.54,2016-01-06 01:45:00,
1.122473594,585761,Julien Benneteau,Bourgue v J Benneteau,40,2016-01-05 18:50:45.437,1.57,2016-01-06 01:45:00,
1.122473594,585761,Julien Benneteau,Bourgue v J Benneteau,50,2016-01-05 19:32:25.287,1.5,2016-01-06 01:45:00,
1.122473594,585761,Julien Benneteau,Bourgue v J Benneteau,60,2016-01-05 19:33:08.888,1.49,2016-01-06 01:45:00,
1.122473594,585761,Julien Benneteau,Bourgue v J Benneteau,70,2016-01-05 21:32:40.377,1.46,2016-01-06 01:45:00,
1.122473594,585761,Julien Benneteau,Bourgue v J Benneteau,80,2016-01-05 22:13:47.809,1.45,2016-01-06 01:45:00,
1.122473594,585761,Julien Benneteau,Bourgue v J Benneteau,90,2016-01-05 23:02:50.277,1.43,2016-01-06 01:45:00,
1.122473594,585761,Julien Benneteau,Bourgue v J Benneteau,100,2016-01-06 01:34:34.438,1.43,2016-01-06 01:35:00,
1.122473622,7364095,Kimmer Coppejans,Y Mertens v Coppejans,0,2016-01-05 18:23:19.249,1.52,2016-01-06 03:00:00,
1.122473622,7364095,Kimmer Coppejans,Y Mertens v Coppejans,10,2016-01-05 19:33:25.647,1.53,2016-01-06 03:00:00,
1.122473622,7364095,Kimmer Coppejans,Y Mertens v Coppejans,20,2016-01-05 21:06:49.378,1.59,2016-01-06 03:00:00,
1.122473622,7364095,Kimmer Coppejans,Y Mertens v Coppejans,30,2016-01-05 21:42:04.367,1.53,2016-01-06 03:00:00,
1.122473622,7364095,Kimmer Coppejans,Y Mertens v Coppejans,40,2016-01-05 22:31:07.588,1.59,2016-01-06 03:00:00,
1.122473622,7364095,Kimmer Coppejans,Y Mertens v Coppejans,50,2016-01-06 00:49:56.789,1.55,2016-01-06 03:00:00,
1.122473622,7364095,Kimmer Coppejans,Y Mertens v Coppejans,60,2016-01-06 01:01:02.369,1.54,2016-01-06 03:00:00,
1.122473622,7364095,Kimmer Coppejans,Y Mertens v Coppejans,70,2016-01-06 01:05:25.501,1.53,2016-01-06 03:00:00,
1.122473622,7364095,Kimmer Coppejans,Y Mertens v Coppejans,80,2016-01-06 01:36:15.281,1.54,2016-01-06 03:00:00,
1.122473622,7364095,Kimmer Coppejans,Y Mertens v Coppejans,90,2016-01-06 01:37:27.493,1.53,2016-01-06 03:00:00,
1.122473622,7364095,Kimmer Coppejans,Y Mertens v Coppejans,100,2016-01-06 01:38:05.414,1.54,2016-01-06 03:00:00,
1.122480732,7797772,Egor Gerasimov,Gerasimov v Popko,0,2016-01-05 22:30:01.753,1.6,2016-01-07 05:00:00,
1.122480732,7797772,Egor Gerasimov,Gerasimov v Popko,10,2016-01-06 16:47:38.530,1.49,2016-01-07 03:00:00,
1.122480732,7797772,Egor Gerasimov,Gerasimov v Popko,20,2016-01-06 16:48:31.696,1.47,2016-01-07 03:00:00,
1.122480732,7797772,Egor Gerasimov,Gerasimov v Popko,30,2016-01-06 19:02:05.234,1.45,2016-01-07 03:00:00,
1.122480732,7797772,Egor Gerasimov,Gerasimov v Popko,40,2016-01-06 20:11:29.528,1.51,2016-01-07 03:00:00,
1.122480732,7797772,Egor Gerasimov,Gerasimov v Popko,50,2016-01-06 20:12:46.500,1.58,2016-01-07 03:00:00,
1.122480732,7797772,Egor Gerasimov,Gerasimov v Popko,60,2016-01-06 22:02:01.168,1.5,2016-01-07 03:00:00,
1.122480732,7797772,Egor Gerasimov,Gerasimov v Popko,70,2016-01-07 00:02:05.095,1.6,2016-01-07 03:00:00,
1.122480732,7797772,Egor Gerasimov,Gerasimov v Popko,80,2016-01-07 01:19:47.271,1.55,2016-01-07 03:00:00,
1.122480732,7797772,Egor Gerasimov,Gerasimov v Popko,90,2016-01-07 02:55:11.041,1.67,2016-01-07 03:00:00,
1.122480732,7797772,Egor Gerasimov,Gerasimov v Popko,100,2016-01-07 03:00:00.924,1.66,2016-01-07 03:05:00,
1.122481909,4946628,Nicole Gibbs,Bouchard v Gibbs,0,2016-01-05 21:56:28.766,2.16,2016-01-06 04:30:00,
1.122481909,4946628,Nicole Gibbs,Bouchard v Gibbs,10,2016-01-05 22:18:53.053,2.1,2016-01-06 04:30:00,
1.122481909,4946628,Nicole Gibbs,Bouchard v Gibbs,20,2016-01-05 22:23:57.466,2.04,2016-01-06 04:30:00,
1.122481909,4946628,Nicole Gibbs,Bouchard v Gibbs,30,2016-01-05 22:25:29.710,2.16,2016-01-06 04:30:00,
1.122481909,4946628,Nicole Gibbs,Bouchard v Gibbs,40,2016-01-06 00:36:31.712,2.06,2016-01-06 04:30:00,
1.122481909,4946628,Nicole Gibbs,Bouchard v Gibbs,50,2016-01-06 00:50:59.636,2.12,2016-01-06 04:30:00,
1.122481909,4946628,Nicole Gibbs,Bouchard v Gibbs,60,2016-01-06 02:46:01.424,2.04,2016-01-06 04:30:00,
1.122481909,4946628,Nicole Gibbs,Bouchard v Gibbs,70,2016-01-06 03:54:54.467,1.98,2016-01-06 04:30:00,
1.122481909,4946628,Nicole Gibbs,Bouchard v Gibbs,80,2016-01-06 04:00:58.751,2.0,2016-01-06 04:30:00,
1.122481909,4946628,Nicole Gibbs,Bouchard v Gibbs,90,2016-01-06 04:09:48.325,1.98,2016-01-06 04:30:00,
1.122481909,4946628,Nicole Gibbs,Bouchard v Gibbs,100,2016-01-06 04:56:53.097,2.06,2016-01-06 05:00:00,
1.122481909,5704759,Eugenie Bouchard,Bouchard v Gibbs,0,2016-01-05 21:49:47.432,1.85,2016-01-06 04:30:00,
1.122481909,5704759,Eugenie Bouchard,Bouchard v Gibbs,10,2016-01-05 22:18:53.053,1.9,2016-01-06 04:30:00,
1.122481909,5704759,Eugenie Bouchard,Bouchard v Gibbs,20,2016-01-06 00:08:39.899,1.89,2016-01-06 04:30:00,
1.122481909,5704759,Eugenie Bouchard,Bouchard v Gibbs,30,2016-01-06 00:40:54.547,1.89,2016-01-06 04:30:00,
1.122481909,5704759,Eugenie Bouchard,Bouchard v Gibbs,40,2016-01-06 01:47:02.380,1.92,2016-01-06 04:30:00,
1.122481909,5704759,Eugenie Bouchard,Bouchard v Gibbs,50,2016-01-06 02:22:25.577,1.97,2016-01-06 04:30:00,
1.122481909,5704759,Eugenie Bouchard,Bouchard v Gibbs,60,2016-01-06 03:25:01.958,1.99,2016-01-06 04:30:00,
1.122481909,5704759,Eugenie Bouchard,Bouchard v Gibbs,70,2016-01-06 03:36:24.525,1.99,2016-01-06 04:30:00,
1.122481909,5704759,Eugenie Bouchard,Bouchard v Gibbs,80,2016-01-06 03:54:54.467,2.02,2016-01-06 04:30:00,
1.122481909,5704759,Eugenie Bouchard,Bouchard v Gibbs,90,2016-01-06 04:09:48.325,2.02,2016-01-06 04:30:00,
1.122481909,5704759,Eugenie Bouchard,Bouchard v Gibbs,100,2016-01-06 04:58:00.718,1.93,2016-01-06 05:00:00,
1.122481946,2263577,Agnieszka Radwanska,A Radwanska v S Zhang,0,2016-01-05 22:22:32.716,1.08,2016-01-06 06:00:00,
1.122481946,2263577,Agnieszka Radwanska,A Radwanska v S Zhang,10,2016-01-05 22:30:05.200,1.06,2016-01-06 06:00:00,
1.122481946,2263577,Agnieszka Radwanska,A Radwanska v S Zhang,20,2016-01-06 00:29:44.227,1.06,2016-01-06 06:00:00,
1.122481946,2263577,Agnieszka Radwanska,A Radwanska v S Zhang,30,2016-01-06 02:53:11.782,1.06,2016-01-06 06:00:00,
1.122481946,2263577,Agnieszka Radwanska,A Radwanska v S Zhang,40,2016-01-06 03:47:51.237,1.05,2016-01-06 06:00:00,
1.122481946,2263577,Agnieszka Radwanska,A Radwanska v S Zhang,50,2016-01-06 04:21:16.124,1.05,2016-01-06 06:00:00,
1.122481946,2263577,Agnieszka Radwanska,A Radwanska v S Zhang,60,2016-01-06 05:15:48.269,1.05,2016-01-06 06:00:00,
1.122481946,2263577,Agnieszka Radwanska,A Radwanska v S Zhang,70,2016-01-06 05:46:10.410,1.06,2016-01-06 06:00:00,
1.122481946,2263577,Agnieszka Radwanska,A Radwanska v S Zhang,80,2016-01-06 05:50:07.238,1.06,2016-01-06 06:00:00,
1.122481946,2263577,Agnieszka Radwanska,A Radwanska v S Zhang,90,2016-01-06 05:58:17.847,1.06,2016-01-06 06:00:00,
1.122481946,2263577,Agnieszka Radwanska,A Radwanska v S Zhang,100,2016-01-06 06:31:00.436,1.07,2016-01-06 06:32:00,
1.122481964,5300737,Anett Kontaveit,Kontaveit v S Zheng,0,2016-01-05 22:22:40.592,1.75,2016-01-06 07:30:00,
1.122481964,5300737,Anett Kontaveit,Kontaveit v S Zheng,10,2016-01-05 23:00:59.088,1.83,2016-01-06 07:30:00,
1.122481964,5300737,Anett Kontaveit,Kontaveit v S Zheng,20,2016-01-05 23:19:04.186,1.81,2016-01-06 07:30:00,
1.122481964,5300737,Anett Kontaveit,Kontaveit v S Zheng,30,2016-01-06 04:08:24.319,1.86,2016-01-06 07:30:00,
1.122481964,5300737,Anett Kontaveit,Kontaveit v S Zheng,40,2016-01-06 05:58:56.379,1.88,2016-01-06 07:30:00,
1.122481964,5300737,Anett Kontaveit,Kontaveit v S Zheng,50,2016-01-06 06:29:49.459,1.84,2016-01-06 07:30:00,
1.122481964,5300737,Anett Kontaveit,Kontaveit v S Zheng,60,2016-01-06 07:07:37.363,1.83,2016-01-06 07:30:00,
1.122481964,5300737,Anett Kontaveit,Kontaveit v S Zheng,70,2016-01-06 07:25:00.327,1.86,2016-01-06 07:30:00,
1.122481964,5300737,Anett Kontaveit,Kontaveit v S Zheng,80,2016-01-06 07:26:56.981,1.86,2016-01-06 07:30:00,
1.122481964,5300737,Anett Kontaveit,Kontaveit v S Zheng,90,2016-01-06 07:54:41.213,1.97,2016-01-06 08:01:00,
1.122481964,5300737,Anett Kontaveit,Kontaveit v S Zheng,100,2016-01-06 08:00:59.894,1.95,2016-01-06 08:01:00,
1.122481964,5829453,Saisai Zheng,Kontaveit v S Zheng,0,2016-01-05 22:22:40.592,2.32,2016-01-06 07:30:00,
1.122481964,5829453,Saisai Zheng,Kontaveit v S Zheng,10,2016-01-05 23:00:59.088,2.2,2016-01-06 07:30:00,
1.122481964,5829453,Saisai Zheng,Kontaveit v S Zheng,20,2016-01-05 23:07:06.909,2.22,2016-01-06 07:30:00,
1.122481964,5829453,Saisai Zheng,Kontaveit v S Zheng,30,2016-01-06 01:06:48.626,2.24,2016-01-06 07:30:00,
1.122481964,5829453,Saisai Zheng,Kontaveit v S Zheng,40,2016-01-06 02:25:51.895,2.2,2016-01-06 07:30:00,
1.122481964,5829453,Saisai Zheng,Kontaveit v S Zheng,50,2016-01-06 03:21:26.888,2.22,2016-01-06 07:30:00,
1.122481964,5829453,Saisai Zheng,Kontaveit v S Zheng,60,2016-01-06 05:58:56.379,2.16,2016-01-06 07:30:00,
1.122481964,5829453,Saisai Zheng,Kontaveit v S Zheng,70,2016-01-06 07:07:37.363,2.18,2016-01-06 07:30:00,
1.122481964,5829453,Saisai Zheng,Kontaveit v S Zheng,80,2016-01-06 07:22:59.512,2.22,2016-01-06 07:30:00,
1.122481964,5829453,Saisai Zheng,Kontaveit v S Zheng,90,2016-01-06 07:25:00.327,2.16,2016-01-06 07:30:00,
1.122481964,5829453,Saisai Zheng,Kontaveit v S Zheng,100,2016-01-06 07:55:58.303,2.04,2016-01-06 08:01:00,
1.12248198,2304933,Jeremy Chardy,Chardy v P Mathieu,0,2016-01-05 23:03:27.431,1.57,2016-01-06 12:30:00,
1.12248198,2304933,Jeremy Chardy,Chardy v P Mathieu,10,2016-01-06 04:03:29.223,1.5,2016-01-06 12:30:00,
1.12248198,2304933,Jeremy Chardy,Chardy v P Mathieu,20,2016-01-06 04:19:59.294,1.46,2016-01-06 12:30:00,
1.12248198,2304933,Jeremy Chardy,Chardy v P Mathieu,30,2016-01-06 04:43:42.666,1.47,2016-01-06 12:30:00,
1.12248198,2304933,Jeremy Chardy,Chardy v P Mathieu,40,2016-01-06 06:20:45.472,1.43,2016-01-06 12:30:00,
1.12248198,2304933,Jeremy Chardy,Chardy v P Mathieu,50,2016-01-06 08:24:20.703,1.42,2016-01-06 12:30:00,
1.12248198,2304933,Jeremy Chardy,Chardy v P Mathieu,60,2016-01-06 09:59:58.577,1.44,2016-01-06 12:30:00,
1.12248198,2304933,Jeremy Chardy,Chardy v P Mathieu,70,2016-01-06 11:18:23.598,1.46,2016-01-06 12:30:00,
1.12248198,2304933,Jeremy Chardy,Chardy v P Mathieu,80,2016-01-06 11:51:59.310,1.45,2016-01-06 12:30:00,
1.12248198,2304933,Jeremy Chardy,Chardy v P Mathieu,90,2016-01-06 12:02:45.881,1.43,2016-01-06 12:30:00,
1.12248198,2304933,Jeremy Chardy,Chardy v P Mathieu,100,2016-01-06 12:27:58.233,1.43,2016-01-06 12:29:00,
1.122482166,2303153,Pablo Andujar,Andujar v L Mayer,0,2016-01-06 02:21:49.185,3.75,2016-01-06 12:30:00,
1.122482166,2303153,Pablo Andujar,Andujar v L Mayer,10,2016-01-06 08:55:43.959,3.95,2016-01-06 12:30:00,
1.122482166,2303153,Pablo Andujar,Andujar v L Mayer,20,2016-01-06 09:18:58.260,4.2,2016-01-06 12:30:00,
1.122482166,2303153,Pablo Andujar,Andujar v L Mayer,30,2016-01-06 10:19:01.934,3.9,2016-01-06 12:30:00,
1.122482166,2303153,Pablo Andujar,Andujar v L Mayer,40,2016-01-06 10:46:57.180,3.85,2016-01-06 12:30:00,
1.122482166,2303153,Pablo Andujar,Andujar v L Mayer,50,2016-01-06 11:21:52.114,3.85,2016-01-06 12:30:00,
1.122482166,2303153,Pablo Andujar,Andujar v L Mayer,60,2016-01-06 11:27:37.338,3.95,2016-01-06 12:30:00,
1.122482166,2303153,Pablo Andujar,Andujar v L Mayer,70,2016-01-06 11:39:08.236,3.9,2016-01-06 12:30:00,
1.122482166,2303153,Pablo Andujar,Andujar v L Mayer,80,2016-01-06 11:53:45.088,3.9,2016-01-06 12:30:00,
1.122482166,2303153,Pablo Andujar,Andujar v L Mayer,90,2016-01-06 12:13:43.450,4.1,2016-01-06 12:30:00,
1.122482166,2303153,Pablo Andujar,Andujar v L Mayer,100,2016-01-06 12:27:45.814,4.3,2016-01-06 12:30:00,
1.122482166,3186303,Leonardo Mayer,Andujar v L Mayer,0,2016-01-06 00:10:58.246,1.36,2016-01-06 12:30:00,
1.122482166,3186303,Leonardo Mayer,Andujar v L Mayer,10,2016-01-06 06:30:26.328,1.35,2016-01-06 12:30:00,
1.122482166,3186303,Leonardo Mayer,Andujar v L Mayer,20,2016-01-06 09:52:56.554,1.35,2016-01-06 12:30:00,
1.122482166,3186303,Leonardo Mayer,Andujar v L Mayer,30,2016-01-06 10:40:42.425,1.34,2016-01-06 12:30:00,
1.122482166,3186303,Leonardo Mayer,Andujar v L Mayer,40,2016-01-06 10:58:43.403,1.34,2016-01-06 12:30:00,
1.122482166,3186303,Leonardo Mayer,Andujar v L Mayer,50,2016-01-06 11:26:49.623,1.34,2016-01-06 12:30:00,
1.122482166,3186303,Leonardo Mayer,Andujar v L Mayer,60,2016-01-06 11:47:37.249,1.32,2016-01-06 12:30:00,
1.122482166,3186303,Leonardo Mayer,Andujar v L Mayer,70,2016-01-06 11:56:49.100,1.32,2016-01-06 12:30:00,
1.122482166,3186303,Leonardo Mayer,Andujar v L Mayer,80,2016-01-06 12:22:53.486,1.31,2016-01-06 12:30:00,
1.122482166,3186303,Leonardo Mayer,Andujar v L Mayer,90,2016-01-06 12:34:57.347,1.31,2016-01-06 12:42:00,
1.122482166,3186303,Leonardo Mayer,Andujar v L Mayer,100,2016-01-06 12:41:56.662,1.3,2016-01-06 12:42:00,
1.122482187,2249229,Novak Djokovic,N Djokovic v Verdasco,0,2016-01-05 22:32:38.945,1.03,2016-01-06 14:00:00,
1.122482187,2249229,Novak Djokovic,N Djokovic v Verdasco,10,2016-01-06 00:56:39.172,1.03,2016-01-06 14:00:00,
1.122482187,2249229,Novak Djokovic,N Djokovic v Verdasco,20,2016-01-06 04:06:04.301,1.04,2016-01-06 14:00:00,
1.122482187,2249229,Novak Djokovic,N Djokovic v Verdasco,30,2016-01-06 08:33:37.500,1.04,2016-01-06 14:00:00,
1.122482187,2249229,Novak Djokovic,N Djokovic v Verdasco,40,2016-01-06 09:42:13.768,1.03,2016-01-06 14:00:00,
1.122482187,2249229,Novak Djokovic,N Djokovic v Verdasco,50,2016-01-06 10:58:50.390,1.03,2016-01-06 14:00:00,
1.122482187,2249229,Novak Djokovic,N Djokovic v Verdasco,60,2016-01-06 12:00:46.512,1.04,2016-01-06 14:00:00,
1.122482187,2249229,Novak Djokovic,N Djokovic v Verdasco,70,2016-01-06 13:04:00.031,1.03,2016-01-06 14:00:00,
1.122482187,2249229,Novak Djokovic,N Djokovic v Verdasco,80,2016-01-06 13:28:45.748,1.03,2016-01-06 14:00:00,
1.122482187,2249229,Novak Djokovic,N Djokovic v Verdasco,90,2016-01-06 13:42:55.353,1.05,2016-01-06 14:00:00,
1.122482187,2249229,Novak Djokovic,N Djokovic v Verdasco,100,2016-01-06 14:02:49.833,1.05,2016-01-06 14:03:00,
1.122482187,2256480,Fernando Verdasco,N Djokovic v Verdasco,0,2016-01-06 00:35:42.694,26.0,2016-01-06 14:00:00,
1.122482187,2256480,Fernando Verdasco,N Djokovic v Verdasco,10,2016-01-06 01:44:21.071,36.0,2016-01-06 14:00:00,
1.122482187,2256480,Fernando Verdasco,N Djokovic v Verdasco,20,2016-01-06 09:51:09.755,27.0,2016-01-06 14:00:00,
1.122482187,2256480,Fernando Verdasco,N Djokovic v Verdasco,30,2016-01-06 10:19:33.718,32.0,2016-01-06 14:00:00,
1.122482187,2256480,Fernando Verdasco,N Djokovic v Verdasco,40,2016-01-06 11:04:24.951,28.0,2016-01-06 14:00:00,
1.122482187,2256480,Fernando Verdasco,N Djokovic v Verdasco,50,2016-01-06 12:17:49.864,30.0,2016-01-06 14:00:00,
1.122482187,2256480,Fernando Verdasco,N Djokovic v Verdasco,60,2016-01-06 13:03:14.098,29.0,2016-01-06 14:00:00,
1.122482187,2256480,Fernando Verdasco,N Djokovic v Verdasco,70,2016-01-06 13:26:53.432,29.0,2016-01-06 14:00:00,
1.122482187,2256480,Fernando Verdasco,N Djokovic v Verdasco,80,2016-01-06 13:39:54.556,27.0,2016-01-06 14:00:00,
1.122482187,2256480,Fernando Verdasco,N Djokovic v Verdasco,90,2016-01-06 13:52:53.543,21.0,2016-01-06 14:00:00,
1.122482187,2256480,Fernando Verdasco,N Djokovic v Verdasco,100,2016-01-06 13:58:56.233,22.0,2016-01-06 14:03:00,
1.122482207,2923248,Ricardas Berankis,Berankis v An Kuznetsov,0,2016-01-06 00:11:21.816,1.88,2016-01-06 14:15:00,
1.122482207,2923248,Ricardas Berankis,Berankis v An Kuznetsov,10,2016-01-06 05:17:02.554,1.9,2016-01-06 14:15:00,
1.122482207,2923248,Ricardas Berankis,Berankis v An Kuznetsov,20,2016-01-06 07:09:53.303,1.91,2016-01-06 14:15:00,
1.122482207,2923248,Ricardas Berankis,Berankis v An Kuznetsov,30,2016-01-06 09:28:05.083,1.85,2016-01-06 14:15:00,
1.122482207,2923248,Ricardas Berankis,Berankis v An Kuznetsov,40,2016-01-06 10:25:44.447,1.85,2016-01-06 14:15:00,
1.122482207,2923248,Ricardas Berankis,Berankis v An Kuznetsov,50,2016-01-06 11:23:56.890,1.88,2016-01-06 14:15:00,
1.122482207,2923248,Ricardas Berankis,Berankis v An Kuznetsov,60,2016-01-06 12:52:20.269,1.91,2016-01-06 14:15:00,
1.122482207,2923248,Ricardas Berankis,Berankis v An Kuznetsov,70,2016-01-06 13:24:02.611,1.92,2016-01-06 14:15:00,
1.122482207,2923248,Ricardas Berankis,Berankis v An Kuznetsov,80,2016-01-06 13:52:49.119,1.95,2016-01-06 14:15:00,
1.122482207,2923248,Ricardas Berankis,Berankis v An Kuznetsov,90,2016-01-06 14:06:48.785,1.91,2016-01-06 14:15:00,
1.122482207,2923248,Ricardas Berankis,Berankis v An Kuznetsov,100,2016-01-06 14:15:02.422,1.94,2016-01-06 14:17:00,
1.122482207,4257454,Andrey Kuznetsov,Berankis v An Kuznetsov,0,2016-01-06 04:01:01.252,2.06,2016-01-06 14:15:00,
1.122482207,4257454,Andrey Kuznetsov,Berankis v An Kuznetsov,10,2016-01-06 05:50:43.632,2.2,2016-01-06 14:15:00,
1.122482207,4257454,Andrey Kuznetsov,Berankis v An Kuznetsov,20,2016-01-06 08:04:48.835,2.16,2016-01-06 14:15:00,
1.122482207,4257454,Andrey Kuznetsov,Berankis v An Kuznetsov,30,2016-01-06 08:43:58.961,2.2,2016-01-06 14:15:00,
1.122482207,4257454,Andrey Kuznetsov,Berankis v An Kuznetsov,40,2016-01-06 09:30:25.375,2.2,2016-01-06 14:15:00,
1.122482207,4257454,Andrey Kuznetsov,Berankis v An Kuznetsov,50,2016-01-06 09:59:43.804,2.16,2016-01-06 14:15:00,
1.122482207,4257454,Andrey Kuznetsov,Berankis v An Kuznetsov,60,2016-01-06 10:42:29.430,2.12,2016-01-06 14:15:00,
1.122482207,4257454,Andrey Kuznetsov,Berankis v An Kuznetsov,70,2016-01-06 12:28:39.762,2.1,2016-01-06 14:15:00,
1.122482207,4257454,Andrey Kuznetsov,Berankis v An Kuznetsov,80,2016-01-06 12:41:03.439,2.08,2016-01-06 14:15:00,
1.122482207,4257454,Andrey Kuznetsov,Berankis v An Kuznetsov,90,2016-01-06 13:57:58.979,2.08,2016-01-06 14:15:00,
1.122482207,4257454,Andrey Kuznetsov,Berankis v An Kuznetsov,100,2016-01-06 14:15:44.163,2.06,2016-01-06 14:17:00,
1.122482232,2251410,Rafael Nadal,R Haase v Nadal,0,2016-01-05 22:58:06.088,1.12,2016-01-06 15:45:00,
1.122482232,2251410,Rafael Nadal,R Haase v Nadal,10,2016-01-05 23:38:17.201,1.1,2016-01-06 15:45:00,
1.122482232,2251410,Rafael Nadal,R Haase v Nadal,20,2016-01-06 07:33:56.846,1.07,2016-01-06 15:45:00,
1.122482232,2251410,Rafael Nadal,R Haase v Nadal,30,2016-01-06 10:01:03.409,1.07,2016-01-06 15:45:00,
1.122482232,2251410,Rafael Nadal,R Haase v Nadal,40,2016-01-06 11:07:12.986,1.06,2016-01-06 15:45:00,
1.122482232,2251410,Rafael Nadal,R Haase v Nadal,50,2016-01-06 11:55:54.104,1.06,2016-01-06 15:45:00,
1.122482232,2251410,Rafael Nadal,R Haase v Nadal,60,2016-01-06 13:59:22.812,1.06,2016-01-06 15:45:00,
1.122482232,2251410,Rafael Nadal,R Haase v Nadal,70,2016-01-06 14:40:08.130,1.07,2016-01-06 15:45:00,
1.122482232,2251410,Rafael Nadal,R Haase v Nadal,80,2016-01-06 15:25:07.815,1.07,2016-01-06 15:45:00,
1.122482232,2251410,Rafael Nadal,R Haase v Nadal,90,2016-01-06 15:36:10.696,1.07,2016-01-06 15:45:00,
1.122482232,2251410,Rafael Nadal,R Haase v Nadal,100,2016-01-06 15:46:16.524,1.07,2016-01-06 15:47:00,
1.122482232,2309796,Robin Haase,R Haase v Nadal,0,2016-01-05 23:38:17.201,11.0,2016-01-06 15:45:00,
1.122482232,2309796,Robin Haase,R Haase v Nadal,10,2016-01-06 09:13:17.823,15.0,2016-01-06 15:45:00,
1.122482232,2309796,Robin Haase,R Haase v Nadal,20,2016-01-06 12:51:07.875,16.5,2016-01-06 15:45:00,
1.122482232,2309796,Robin Haase,R Haase v Nadal,30,2016-01-06 14:36:12.761,15.5,2016-01-06 15:45:00,
1.122482232,2309796,Robin Haase,R Haase v Nadal,40,2016-01-06 14:38:15.751,15.5,2016-01-06 15:45:00,
1.122482232,2309796,Robin Haase,R Haase v Nadal,50,2016-01-06 15:17:08.271,15.5,2016-01-06 15:45:00,
1.122482232,2309796,Robin Haase,R Haase v Nadal,60,2016-01-06 15:30:08.427,17.0,2016-01-06 15:45:00,
1.122482232,2309796,Robin Haase,R Haase v Nadal,70,2016-01-06 15:33:17.648,17.0,2016-01-06 15:45:00,
1.122482232,2309796,Robin Haase,R Haase v Nadal,80,2016-01-06 15:40:17.571,16.5,2016-01-06 15:47:00,
1.122482232,2309796,Robin Haase,R Haase v Nadal,90,2016-01-06 15:42:17.771,18.0,2016-01-06 15:47:00,
1.122482232,2309796,Robin Haase,R Haase v Nadal,100,2016-01-06 15:46:16.524,17.0,2016-01-06 15:47:00,
1.122482252,2256470,Tomas Berdych,Berdych v Dzumhur,0,2016-01-05 22:13:12.902,1.06,2016-01-06 17:30:00,
1.122482252,2256470,Tomas Berdych,Berdych v Dzumhur,10,2016-01-06 01:19:42.777,1.06,2016-01-06 17:30:00,
1.122482252,2256470,Tomas Berdych,Berdych v Dzumhur,20,2016-01-06 05:43:47.470,1.06,2016-01-06 17:30:00,
1.122482252,2256470,Tomas Berdych,Berdych v Dzumhur,30,2016-01-06 10:32:53.640,1.06,2016-01-06 17:30:00,
1.122482252,2256470,Tomas Berdych,Berdych v Dzumhur,40,2016-01-06 12:15:46.002,1.06,2016-01-06 17:30:00,
1.122482252,2256470,Tomas Berdych,Berdych v Dzumhur,50,2016-01-06 15:32:32.605,1.06,2016-01-06 17:30:00,
1.122482252,2256470,Tomas Berdych,Berdych v Dzumhur,60,2016-01-06 16:21:31.600,1.06,2016-01-06 17:30:00,
1.122482252,2256470,Tomas Berdych,Berdych v Dzumhur,70,2016-01-06 16:30:54.925,1.06,2016-01-06 17:30:00,
1.122482252,2256470,Tomas Berdych,Berdych v Dzumhur,80,2016-01-06 16:58:55.084,1.06,2016-01-06 17:30:00,
1.122482252,2256470,Tomas Berdych,Berdych v Dzumhur,90,2016-01-06 17:04:53.554,1.06,2016-01-06 17:30:00,
1.122482252,2256470,Tomas Berdych,Berdych v Dzumhur,100,2016-01-06 17:12:56.139,1.06,2016-01-06 17:13:00,
1.122482252,7414058,Damir Dzumhur,Berdych v Dzumhur,0,2016-01-06 11:04:24.954,15.0,2016-01-06 17:30:00,
1.122482252,7414058,Damir Dzumhur,Berdych v Dzumhur,10,2016-01-06 13:34:33.432,15.5,2016-01-06 17:30:00,
1.122482252,7414058,Damir Dzumhur,Berdych v Dzumhur,20,2016-01-06 16:02:45.447,16.5,2016-01-06 17:30:00,
1.122482252,7414058,Damir Dzumhur,Berdych v Dzumhur,30,2016-01-06 16:26:40.809,15.5,2016-01-06 17:30:00,
1.122482252,7414058,Damir Dzumhur,Berdych v Dzumhur,40,2016-01-06 16:38:37.543,15.5,2016-01-06 17:30:00,
1.122482252,7414058,Damir Dzumhur,Berdych v Dzumhur,50,2016-01-06 16:47:53.493,16.0,2016-01-06 17:30:00,
1.122482252,7414058,Damir Dzumhur,Berdych v Dzumhur,60,2016-01-06 16:57:54.171,16.5,2016-01-06 17:30:00,
1.122482252,7414058,Damir Dzumhur,Berdych v Dzumhur,70,2016-01-06 17:06:45.855,16.5,2016-01-06 17:13:00,
1.122482252,7414058,Damir Dzumhur,Berdych v Dzumhur,80,2016-01-06 17:07:42.382,17.0,2016-01-06 17:13:00,
1.122482252,7414058,Damir Dzumhur,Berdych v Dzumhur,90,2016-01-06 17:10:51.340,16.0,2016-01-06 17:13:00,
1.122482252,7414058,Damir Dzumhur,Berdych v Dzumhur,100,2016-01-06 17:12:56.139,16.0,2016-01-06 17:13:00,
1.122482293,3288367,Austin Krajicek,Coric v A Krajicek,0,2016-01-05 22:49:58.527,3.75,2016-01-06 11:30:00,
1.122482293,3288367,Austin Krajicek,Coric v A Krajicek,10,2016-01-05 22:54:45.652,4.0,2016-01-06 11:30:00,
1.122482293,3288367,Austin Krajicek,Coric v A Krajicek,20,2016-01-06 08:47:37.006,3.9,2016-01-06 11:30:00,
1.122482293,3288367,Austin Krajicek,Coric v A Krajicek,30,2016-01-06 09:16:32.436,3.9,2016-01-06 11:30:00,
1.122482293,3288367,Austin Krajicek,Coric v A Krajicek,40,2016-01-06 09:20:49.501,3.95,2016-01-06 11:30:00,
1.122482293,3288367,Austin Krajicek,Coric v A Krajicek,50,2016-01-06 09:51:28.506,3.95,2016-01-06 11:30:00,
1.122482293,3288367,Austin Krajicek,Coric v A Krajicek,60,2016-01-06 10:31:54.749,4.0,2016-01-06 11:30:00,
1.122482293,3288367,Austin Krajicek,Coric v A Krajicek,70,2016-01-06 10:53:47.383,4.1,2016-01-06 11:30:00,
1.122482293,3288367,Austin Krajicek,Coric v A Krajicek,80,2016-01-06 10:57:56.802,3.85,2016-01-06 11:30:00,
1.122482293,3288367,Austin Krajicek,Coric v A Krajicek,90,2016-01-06 11:06:46.902,4.0,2016-01-06 11:30:00,
1.122482293,3288367,Austin Krajicek,Coric v A Krajicek,100,2016-01-06 11:28:55.489,4.0,2016-01-06 11:29:00,
1.122482293,7446579,Borna Coric,Coric v A Krajicek,0,2016-01-05 22:49:58.527,1.36,2016-01-06 11:30:00,
1.122482293,7446579,Borna Coric,Coric v A Krajicek,10,2016-01-06 00:08:43.669,1.35,2016-01-06 11:30:00,
1.122482293,7446579,Borna Coric,Coric v A Krajicek,20,2016-01-06 04:22:53.837,1.34,2016-01-06 11:30:00,
1.122482293,7446579,Borna Coric,Coric v A Krajicek,30,2016-01-06 06:45:31.865,1.34,2016-01-06 11:30:00,
1.122482293,7446579,Borna Coric,Coric v A Krajicek,40,2016-01-06 09:20:49.501,1.33,2016-01-06 11:30:00,
1.122482293,7446579,Borna Coric,Coric v A Krajicek,50,2016-01-06 09:59:53.137,1.34,2016-01-06 11:30:00,
1.122482293,7446579,Borna Coric,Coric v A Krajicek,60,2016-01-06 10:25:25.783,1.34,2016-01-06 11:30:00,
1.122482293,7446579,Borna Coric,Coric v A Krajicek,70,2016-01-06 10:54:56.756,1.34,2016-01-06 11:30:00,
1.122482293,7446579,Borna Coric,Coric v A Krajicek,80,2016-01-06 11:04:41.191,1.33,2016-01-06 11:30:00,
1.122482293,7446579,Borna Coric,Coric v A Krajicek,90,2016-01-06 11:20:46.071,1.32,2016-01-06 11:30:00,
1.122482293,7446579,Borna Coric,Coric v A Krajicek,100,2016-01-06 11:28:55.489,1.33,2016-01-06 11:29:00,
1.12248232,2257309,Stanislas Wawrinka,S Wawrinka v Rublev,0,2016-01-05 22:18:04.537,1.1,2016-01-06 13:15:00,
1.12248232,2257309,Stanislas Wawrinka,S Wawrinka v Rublev,10,2016-01-06 04:04:55.758,1.13,2016-01-06 13:15:00,
1.12248232,2257309,Stanislas Wawrinka,S Wawrinka v Rublev,20,2016-01-06 06:51:03.811,1.13,2016-01-06 13:15:00,
1.12248232,2257309,Stanislas Wawrinka,S Wawrinka v Rublev,30,2016-01-06 09:14:53.891,1.13,2016-01-06 13:15:00,
1.12248232,2257309,Stanislas Wawrinka,S Wawrinka v Rublev,40,2016-01-06 11:21:03.206,1.13,2016-01-06 13:15:00,
1.12248232,2257309,Stanislas Wawrinka,S Wawrinka v Rublev,50,2016-01-06 12:05:55.067,1.12,2016-01-06 13:15:00,
1.12248232,2257309,Stanislas Wawrinka,S Wawrinka v Rublev,60,2016-01-06 12:50:11.111,1.14,2016-01-06 13:15:00,
1.12248232,2257309,Stanislas Wawrinka,S Wawrinka v Rublev,70,2016-01-06 12:59:14.230,1.16,2016-01-06 13:15:00,
1.12248232,2257309,Stanislas Wawrinka,S Wawrinka v Rublev,80,2016-01-06 13:06:06.808,1.16,2016-01-06 13:15:00,
1.12248232,2257309,Stanislas Wawrinka,S Wawrinka v Rublev,90,2016-01-06 13:12:05.751,1.15,2016-01-06 13:15:00,
1.12248232,2257309,Stanislas Wawrinka,S Wawrinka v Rublev,100,2016-01-06 13:30:13.872,1.15,2016-01-06 13:35:00,
1.12248232,7797771,Andrey Rublev,S Wawrinka v Rublev,0,2016-01-06 06:51:03.811,8.6,2016-01-06 13:15:00,
1.12248232,7797771,Andrey Rublev,S Wawrinka v Rublev,10,2016-01-06 09:27:38.715,8.8,2016-01-06 13:15:00,
1.12248232,7797771,Andrey Rublev,S Wawrinka v Rublev,20,2016-01-06 11:46:14.254,9.6,2016-01-06 13:15:00,
1.12248232,7797771,Andrey Rublev,S Wawrinka v Rublev,30,2016-01-06 12:20:06.047,9.0,2016-01-06 13:15:00,
1.12248232,7797771,Andrey Rublev,S Wawrinka v Rublev,40,2016-01-06 12:22:54.651,9.4,2016-01-06 13:15:00,
1.12248232,7797771,Andrey Rublev,S Wawrinka v Rublev,50,2016-01-06 12:48:07.628,8.8,2016-01-06 13:15:00,
1.12248232,7797771,Andrey Rublev,S Wawrinka v Rublev,60,2016-01-06 12:53:07.065,8.2,2016-01-06 13:15:00,
1.12248232,7797771,Andrey Rublev,S Wawrinka v Rublev,70,2016-01-06 12:58:02.869,8.0,2016-01-06 13:15:00,
1.12248232,7797771,Andrey Rublev,S Wawrinka v Rublev,80,2016-01-06 13:00:11.765,7.8,2016-01-06 13:15:00,
1.12248232,7797771,Andrey Rublev,S Wawrinka v Rublev,90,2016-01-06 13:07:08.813,7.4,2016-01-06 13:15:00,
1.12248232,7797771,Andrey Rublev,S Wawrinka v Rublev,100,2016-01-06 13:33:07.686,7.6,2016-01-06 13:35:00,
1.122482346,5224080,Ante Pavic,A Pavic v Garcia-Lopez,0,2016-01-06 07:57:50.354,3.35,2016-01-06 13:15:00,
1.122482346,5224080,Ante Pavic,A Pavic v Garcia-Lopez,10,2016-01-06 09:05:06.645,3.3,2016-01-06 13:15:00,
1.122482346,5224080,Ante Pavic,A Pavic v Garcia-Lopez,20,2016-01-06 09:15:32.868,3.35,2016-01-06 13:15:00,
1.122482346,5224080,Ante Pavic,A Pavic v Garcia-Lopez,30,2016-01-06 09:28:58.410,3.35,2016-01-06 13:15:00,
1.122482346,5224080,Ante Pavic,A Pavic v Garcia-Lopez,40,2016-01-06 09:31:06.474,3.3,2016-01-06 13:15:00,
1.122482346,5224080,Ante Pavic,A Pavic v Garcia-Lopez,50,2016-01-06 10:57:44.279,3.25,2016-01-06 13:15:00,
1.122482346,5224080,Ante Pavic,A Pavic v Garcia-Lopez,60,2016-01-06 11:42:08.806,3.1,2016-01-06 13:15:00,
1.122482346,5224080,Ante Pavic,A Pavic v Garcia-Lopez,70,2016-01-06 12:19:06.170,3.25,2016-01-06 13:15:00,
1.122482346,5224080,Ante Pavic,A Pavic v Garcia-Lopez,80,2016-01-06 12:47:08.299,3.3,2016-01-06 13:15:00,
1.122482346,5224080,Ante Pavic,A Pavic v Garcia-Lopez,90,2016-01-06 13:09:14.683,3.25,2016-01-06 13:15:00,
1.122482346,5224080,Ante Pavic,A Pavic v Garcia-Lopez,100,2016-01-06 13:12:07.190,3.45,2016-01-06 13:15:00,
1.122482346,8260126,Guillermo Garcia-Lopez,A Pavic v Garcia-Lopez,0,2016-01-05 23:54:20.068,1.42,2016-01-06 13:15:00,
1.122482346,8260126,Guillermo Garcia-Lopez,A Pavic v Garcia-Lopez,10,2016-01-06 04:03:52.332,1.43,2016-01-06 13:15:00,
1.122482346,8260126,Guillermo Garcia-Lopez,A Pavic v Garcia-Lopez,20,2016-01-06 09:33:04.707,1.44,2016-01-06 13:15:00,
1.122482346,8260126,Guillermo Garcia-Lopez,A Pavic v Garcia-Lopez,30,2016-01-06 10:34:36.201,1.42,2016-01-06 13:15:00,
1.122482346,8260126,Guillermo Garcia-Lopez,A Pavic v Garcia-Lopez,40,2016-01-06 11:38:39.547,1.45,2016-01-06 13:15:00,
1.122482346,8260126,Guillermo Garcia-Lopez,A Pavic v Garcia-Lopez,50,2016-01-06 11:42:55.157,1.46,2016-01-06 13:15:00,
1.122482346,8260126,Guillermo Garcia-Lopez,A Pavic v Garcia-Lopez,60,2016-01-06 11:53:59.871,1.44,2016-01-06 13:15:00,
1.122482346,8260126,Guillermo Garcia-Lopez,A Pavic v Garcia-Lopez,70,2016-01-06 12:30:12.149,1.44,2016-01-06 13:15:00,
1.122482346,8260126,Guillermo Garcia-Lopez,A Pavic v Garcia-Lopez,80,2016-01-06 13:04:40.809,1.44,2016-01-06 13:15:00,
1.122482346,8260126,Guillermo Garcia-Lopez,A Pavic v Garcia-Lopez,90,2016-01-06 13:09:14.683,1.44,2016-01-06 13:15:00,
1.122482346,8260126,Guillermo Garcia-Lopez,A Pavic v Garcia-Lopez,100,2016-01-06 13:14:16.132,1.4,2016-01-06 13:15:00,
1.122482426,3691700,Illya Marchenko,Gabashvili v Marchenko,0,2016-01-06 00:12:53.657,2.14,2016-01-06 12:30:00,
1.122482426,3691700,Illya Marchenko,Gabashvili v Marchenko,10,2016-01-06 04:07:16.487,1.98,2016-01-06 12:30:00,
1.122482426,3691700,Illya Marchenko,Gabashvili v Marchenko,20,2016-01-06 05:27:23.788,1.99,2016-01-06 12:30:00,
1.122482426,3691700,Illya Marchenko,Gabashvili v Marchenko,30,2016-01-06 08:46:18.948,2.04,2016-01-06 12:30:00,
1.122482426,3691700,Illya Marchenko,Gabashvili v Marchenko,40,2016-01-06 09:25:43.634,2.08,2016-01-06 12:30:00,
1.122482426,3691700,Illya Marchenko,Gabashvili v Marchenko,50,2016-01-06 10:25:38.023,2.02,2016-01-06 12:30:00,
1.122482426,3691700,Illya Marchenko,Gabashvili v Marchenko,60,2016-01-06 11:01:22.858,2.04,2016-01-06 12:30:00,
1.122482426,3691700,Illya Marchenko,Gabashvili v Marchenko,70,2016-01-06 11:40:13.637,1.96,2016-01-06 12:30:00,
1.122482426,3691700,Illya Marchenko,Gabashvili v Marchenko,80,2016-01-06 11:57:17.344,1.92,2016-01-06 12:30:00,
1.122482426,3691700,Illya Marchenko,Gabashvili v Marchenko,90,2016-01-06 12:19:19.555,1.93,2016-01-06 12:30:00,
1.122482426,3691700,Illya Marchenko,Gabashvili v Marchenko,100,2016-01-06 12:29:15.024,1.94,2016-01-06 12:31:00,
1.122482426,4877292,Teymuraz Gabashvili,Gabashvili v Marchenko,0,2016-01-06 00:12:53.657,1.87,2016-01-06 12:30:00,
1.122482426,4877292,Teymuraz Gabashvili,Gabashvili v Marchenko,10,2016-01-06 04:07:16.487,2.02,2016-01-06 12:30:00,
1.122482426,4877292,Teymuraz Gabashvili,Gabashvili v Marchenko,20,2016-01-06 07:07:53.578,2.0,2016-01-06 12:30:00,
1.122482426,4877292,Teymuraz Gabashvili,Gabashvili v Marchenko,30,2016-01-06 08:47:18.112,1.97,2016-01-06 12:30:00,
1.122482426,4877292,Teymuraz Gabashvili,Gabashvili v Marchenko,40,2016-01-06 09:41:00.233,1.94,2016-01-06 12:30:00,
1.122482426,4877292,Teymuraz Gabashvili,Gabashvili v Marchenko,50,2016-01-06 10:21:47.504,1.96,2016-01-06 12:30:00,
1.122482426,4877292,Teymuraz Gabashvili,Gabashvili v Marchenko,60,2016-01-06 10:47:23.821,1.98,2016-01-06 12:30:00,
1.122482426,4877292,Teymuraz Gabashvili,Gabashvili v Marchenko,70,2016-01-06 11:16:23.558,1.95,2016-01-06 12:30:00,
1.122482426,4877292,Teymuraz Gabashvili,Gabashvili v Marchenko,80,2016-01-06 11:24:58.979,1.94,2016-01-06 12:30:00,
1.122482426,4877292,Teymuraz Gabashvili,Gabashvili v Marchenko,90,2016-01-06 12:03:06.159,2.06,2016-01-06 12:30:00,
1.122482426,4877292,Teymuraz Gabashvili,Gabashvili v Marchenko,100,2016-01-06 12:29:15.024,2.06,2016-01-06 12:31:00,
1.122482581,5706996,Aljaz Bedene,Al Bedene v Vanni,0,2016-01-06 07:23:05.761,1.49,2016-01-07 06:30:00,
1.122482581,5706996,Aljaz Bedene,Al Bedene v Vanni,10,2016-01-06 19:58:41.363,1.49,2016-01-07 13:15:00,
1.122482581,5706996,Aljaz Bedene,Al Bedene v Vanni,20,2016-01-06 21:44:50.374,1.46,2016-01-07 13:15:00,
1.122482581,5706996,Aljaz Bedene,Al Bedene v Vanni,30,2016-01-06 22:43:01.082,1.43,2016-01-07 13:15:00,
1.122482581,5706996,Aljaz Bedene,Al Bedene v Vanni,40,2016-01-07 04:21:24.696,1.43,2016-01-07 13:15:00,
1.122482581,5706996,Aljaz Bedene,Al Bedene v Vanni,50,2016-01-07 07:21:05.966,1.42,2016-01-07 13:15:00,
1.122482581,5706996,Aljaz Bedene,Al Bedene v Vanni,60,2016-01-07 10:55:57.029,1.42,2016-01-07 13:15:00,
1.122482581,5706996,Aljaz Bedene,Al Bedene v Vanni,70,2016-01-07 12:00:00.329,1.41,2016-01-07 13:15:00,
1.122482581,5706996,Aljaz Bedene,Al Bedene v Vanni,80,2016-01-07 12:17:51.712,1.43,2016-01-07 13:15:00,
1.122482581,5706996,Aljaz Bedene,Al Bedene v Vanni,90,2016-01-07 13:07:04.269,1.43,2016-01-07 13:15:00,
1.122482581,5706996,Aljaz Bedene,Al Bedene v Vanni,100,2016-01-07 13:14:06.111,1.38,2016-01-07 13:15:00,2016-01-07 13:13:03.965
1.122482581,8681900,Luca Vanni,Al Bedene v Vanni,0,2016-01-06 21:31:03.622,3.25,2016-01-07 13:15:00,
1.122482581,8681900,Luca Vanni,Al Bedene v Vanni,10,2016-01-06 22:43:01.082,3.3,2016-01-07 13:15:00,
1.122482581,8681900,Luca Vanni,Al Bedene v Vanni,20,2016-01-06 23:38:34.399,3.3,2016-01-07 13:15:00,
1.122482581,8681900,Luca Vanni,Al Bedene v Vanni,30,2016-01-07 10:56:45.227,3.35,2016-01-07 13:15:00,
1.122482581,8681900,Luca Vanni,Al Bedene v Vanni,40,2016-01-07 11:35:57.663,3.3,2016-01-07 13:15:00,
1.122482581,8681900,Luca Vanni,Al Bedene v Vanni,50,2016-01-07 11:53:53.778,3.4,2016-01-07 13:15:00,
1.122482581,8681900,Luca Vanni,Al Bedene v Vanni,60,2016-01-07 12:05:57.622,3.4,2016-01-07 13:15:00,
1.122482581,8681900,Luca Vanni,Al Bedene v Vanni,70,2016-01-07 12:33:01.030,3.4,2016-01-07 13:15:00,
1.122482581,8681900,Luca Vanni,Al Bedene v Vanni,80,2016-01-07 13:08:05.371,3.35,2016-01-07 13:15:00,
1.122482581,8681900,Luca Vanni,Al Bedene v Vanni,90,2016-01-07 13:10:59.381,3.4,2016-01-07 13:15:00,
1.122482581,8681900,Luca Vanni,Al Bedene v Vanni,100,2016-01-07 13:14:06.111,3.5,2016-01-07 13:15:00,2016-01-07 13:13:03.965
1.122482601,2248579,Gilles Muller,Fabbiano v G Muller,0,2016-01-06 04:04:16.804,1.34,2016-01-07 06:30:00,
1.122482601,2248579,Gilles Muller,Fabbiano v G Muller,10,2016-01-06 15:09:12.167,1.28,2016-01-07 11:30:00,
1.122482601,2248579,Gilles Muller,Fabbiano v G Muller,20,2016-01-06 15:14:01.479,1.28,2016-01-07 11:30:00,
1.122482601,2248579,Gilles Muller,Fabbiano v G Muller,30,2016-01-06 15:21:00.690,1.28,2016-01-07 11:30:00,
1.122482601,2248579,Gilles Muller,Fabbiano v G Muller,40,2016-01-06 18:09:05.719,1.24,2016-01-07 11:30:00,
1.122482601,2248579,Gilles Muller,Fabbiano v G Muller,50,2016-01-07 03:29:38.457,1.23,2016-01-07 11:30:00,
1.122482601,2248579,Gilles Muller,Fabbiano v G Muller,60,2016-01-07 07:46:00.509,1.21,2016-01-07 11:30:00,
1.122482601,2248579,Gilles Muller,Fabbiano v G Muller,70,2016-01-07 09:48:06.575,1.21,2016-01-07 11:30:00,
1.122482601,2248579,Gilles Muller,Fabbiano v G Muller,80,2016-01-07 10:31:08.426,1.22,2016-01-07 11:30:00,
1.122482601,2248579,Gilles Muller,Fabbiano v G Muller,90,2016-01-07 11:08:05.165,1.2,2016-01-07 11:30:00,
1.122482601,2248579,Gilles Muller,Fabbiano v G Muller,100,2016-01-07 11:27:04.920,1.21,2016-01-07 11:30:00,
1.122482601,3019240,Thomas Fabbiano,Fabbiano v G Muller,0,2016-01-06 09:31:40.134,4.7,2016-01-07 06:30:00,
1.122482601,3019240,Thomas Fabbiano,Fabbiano v G Muller,10,2016-01-06 22:21:11.084,5.6,2016-01-07 11:30:00,
1.122482601,3019240,Thomas Fabbiano,Fabbiano v G Muller,20,2016-01-07 03:29:38.457,5.3,2016-01-07 11:30:00,
1.122482601,3019240,Thomas Fabbiano,Fabbiano v G Muller,30,2016-01-07 07:51:29.990,5.6,2016-01-07 11:30:00,
1.122482601,3019240,Thomas Fabbiano,Fabbiano v G Muller,40,2016-01-07 08:19:49.365,5.6,2016-01-07 11:30:00,
1.122482601,3019240,Thomas Fabbiano,Fabbiano v G Muller,50,2016-01-07 09:39:08.621,5.5,2016-01-07 11:30:00,
1.122482601,3019240,Thomas Fabbiano,Fabbiano v G Muller,60,2016-01-07 10:11:10.579,5.5,2016-01-07 11:30:00,
1.122482601,3019240,Thomas Fabbiano,Fabbiano v G Muller,70,2016-01-07 10:45:56.680,5.8,2016-01-07 11:30:00,
1.122482601,3019240,Thomas Fabbiano,Fabbiano v G Muller,80,2016-01-07 11:14:12.103,5.9,2016-01-07 11:30:00,
1.122482601,3019240,Thomas Fabbiano,Fabbiano v G Muller,90,2016-01-07 11:22:58.522,5.8,2016-01-07 11:30:00,
1.122482601,3019240,Thomas Fabbiano,Fabbiano v G Muller,100,2016-01-07 11:28:09.910,5.8,2016-01-07 11:30:00,
1.122482621,2258415,Lukas Rosol,Paire v Rosol,0,2016-01-06 04:09:43.737,2.48,2016-01-07 06:30:00,
1.122482621,2258415,Lukas Rosol,Paire v Rosol,10,2016-01-06 11:51:30.148,2.54,2016-01-07 06:30:00,
1.122482621,2258415,Lukas Rosol,Paire v Rosol,20,2016-01-06 20:48:07.093,2.6,2016-01-07 11:30:00,
1.122482621,2258415,Lukas Rosol,Paire v Rosol,30,2016-01-07 06:54:16.480,2.7,2016-01-07 11:30:00,
1.122482621,2258415,Lukas Rosol,Paire v Rosol,40,2016-01-07 07:44:38.862,2.72,2016-01-07 11:30:00,
1.122482621,2258415,Lukas Rosol,Paire v Rosol,50,2016-01-07 09:25:48.482,2.7,2016-01-07 11:30:00,
1.122482621,2258415,Lukas Rosol,Paire v Rosol,60,2016-01-07 10:30:16.859,2.68,2016-01-07 11:30:00,
1.122482621,2258415,Lukas Rosol,Paire v Rosol,70,2016-01-07 11:00:41.714,2.72,2016-01-07 11:30:00,
1.122482621,2258415,Lukas Rosol,Paire v Rosol,80,2016-01-07 11:08:43.750,2.72,2016-01-07 11:30:00,
1.122482621,2258415,Lukas Rosol,Paire v Rosol,90,2016-01-07 11:21:42.654,2.68,2016-01-07 11:28:00,
1.122482621,2258415,Lukas Rosol,Paire v Rosol,100,2016-01-07 11:27:51.537,2.64,2016-01-07 11:28:00,
1.122482621,3911345,Benoit Paire,Paire v Rosol,0,2016-01-06 04:09:43.737,1.66,2016-01-07 06:30:00,
1.122482621,3911345,Benoit Paire,Paire v Rosol,10,2016-01-06 17:00:41.863,1.63,2016-01-07 11:30:00,
1.122482621,3911345,Benoit Paire,Paire v Rosol,20,2016-01-06 22:07:18.476,1.65,2016-01-07 11:30:00,
1.122482621,3911345,Benoit Paire,Paire v Rosol,30,2016-01-07 03:58:51.474,1.61,2016-01-07 11:30:00,
1.122482621,3911345,Benoit Paire,Paire v Rosol,40,2016-01-07 06:25:59.216,1.59,2016-01-07 11:30:00,
1.122482621,3911345,Benoit Paire,Paire v Rosol,50,2016-01-07 07:44:38.862,1.58,2016-01-07 11:30:00,
1.122482621,3911345,Benoit Paire,Paire v Rosol,60,2016-01-07 09:25:48.482,1.59,2016-01-07 11:30:00,
1.122482621,3911345,Benoit Paire,Paire v Rosol,70,2016-01-07 10:16:51.561,1.58,2016-01-07 11:30:00,
1.122482621,3911345,Benoit Paire,Paire v Rosol,80,2016-01-07 11:00:41.714,1.59,2016-01-07 11:30:00,
1.122482621,3911345,Benoit Paire,Paire v Rosol,90,2016-01-07 11:17:49.678,1.6,2016-01-07 11:30:00,
1.122482621,3911345,Benoit Paire,Paire v Rosol,100,2016-01-07 11:27:51.537,1.63,2016-01-07 11:28:00,
1.12248272,4876705,Gerald Melzer,G Melzer v H Casanova,0,2016-01-07 07:49:58.933,1.34,2016-01-07 17:45:00,
1.12248272,4876705,Gerald Melzer,G Melzer v H Casanova,10,2016-01-08 07:57:57.917,1.38,2016-01-08 15:00:00,
1.12248272,4876705,Gerald Melzer,G Melzer v H Casanova,20,2016-01-08 09:08:56.202,1.38,2016-01-08 15:00:00,
1.12248272,4876705,Gerald Melzer,G Melzer v H Casanova,30,2016-01-08 09:49:41.298,1.38,2016-01-08 15:00:00,
1.12248272,4876705,Gerald Melzer,G Melzer v H Casanova,40,2016-01-08 10:23:32.788,1.37,2016-01-08 15:00:00,
1.12248272,4876705,Gerald Melzer,G Melzer v H Casanova,50,2016-01-08 10:43:43.822,1.36,2016-01-08 15:00:00,
1.12248272,4876705,Gerald Melzer,G Melzer v H Casanova,60,2016-01-08 11:15:31.177,1.36,2016-01-08 15:00:00,
1.12248272,4876705,Gerald Melzer,G Melzer v H Casanova,70,2016-01-08 12:00:56.952,1.33,2016-01-08 15:00:00,
1.12248272,4876705,Gerald Melzer,G Melzer v H Casanova,80,2016-01-08 12:51:21.645,1.33,2016-01-08 15:00:00,
1.12248272,4876705,Gerald Melzer,G Melzer v H Casanova,90,2016-01-08 13:23:32.664,1.33,2016-01-08 15:00:00,
1.12248272,4876705,Gerald Melzer,G Melzer v H Casanova,100,2016-01-08 14:02:46.425,1.35,2016-01-08 14:04:00,
1.122482724,8257792,Enrique Lopez-Perez,Lopez-Perez v Collarini,0,2016-01-07 12:08:25.387,3.7,2016-01-07 17:45:00,
1.122482724,8257792,Enrique Lopez-Perez,Lopez-Perez v Collarini,10,2016-01-07 16:54:22.748,3.5,2016-01-07 21:00:00,
1.122482724,8257792,Enrique Lopez-Perez,Lopez-Perez v Collarini,20,2016-01-07 17:05:55.743,3.95,2016-01-07 21:00:00,
1.122482724,8257792,Enrique Lopez-Perez,Lopez-Perez v Collarini,30,2016-01-07 17:07:37.453,4.0,2016-01-07 21:00:00,
1.122482724,8257792,Enrique Lopez-Perez,Lopez-Perez v Collarini,40,2016-01-07 18:04:44.614,3.55,2016-01-07 21:15:00,
1.122482724,8257792,Enrique Lopez-Perez,Lopez-Perez v Collarini,50,2016-01-07 20:43:52.233,4.3,2016-01-07 22:15:00,
1.122482724,8257792,Enrique Lopez-Perez,Lopez-Perez v Collarini,60,2016-01-07 20:45:03.268,4.4,2016-01-07 22:15:00,
1.122482724,8257792,Enrique Lopez-Perez,Lopez-Perez v Collarini,70,2016-01-07 21:12:54.226,4.6,2016-01-07 22:15:00,
1.122482724,8257792,Enrique Lopez-Perez,Lopez-Perez v Collarini,80,2016-01-07 21:14:07.690,4.5,2016-01-07 22:15:00,
1.122482724,8257792,Enrique Lopez-Perez,Lopez-Perez v Collarini,90,2016-01-07 22:04:01.937,4.1,2016-01-07 22:15:00,
1.122482724,8257792,Enrique Lopez-Perez,Lopez-Perez v Collarini,100,2016-01-07 22:12:08.305,3.9,2016-01-07 22:15:00,
1.122482724,8284716,Andrea Collarini,Lopez-Perez v Collarini,0,2016-01-06 15:28:50.826,1.37,2016-01-07 15:00:00,
1.122482724,8284716,Andrea Collarini,Lopez-Perez v Collarini,10,2016-01-06 17:12:08.798,1.37,2016-01-07 15:00:00,
1.122482724,8284716,Andrea Collarini,Lopez-Perez v Collarini,20,2016-01-06 19:00:57.995,1.28,2016-01-07 15:00:00,
1.122482724,8284716,Andrea Collarini,Lopez-Perez v Collarini,30,2016-01-06 20:39:03.122,1.27,2016-01-07 15:00:00,
1.122482724,8284716,Andrea Collarini,Lopez-Perez v Collarini,40,2016-01-06 21:59:50.295,1.37,2016-01-07 15:00:00,
1.122482724,8284716,Andrea Collarini,Lopez-Perez v Collarini,50,2016-01-06 23:16:56.051,1.37,2016-01-07 15:00:00,
1.122482724,8284716,Andrea Collarini,Lopez-Perez v Collarini,60,2016-01-07 01:31:37.356,1.36,2016-01-07 17:45:00,
1.122482724,8284716,Andrea Collarini,Lopez-Perez v Collarini,70,2016-01-07 03:10:55.688,1.36,2016-01-07 17:45:00,
1.122482724,8284716,Andrea Collarini,Lopez-Perez v Collarini,80,2016-01-07 04:41:46.691,1.28,2016-01-07 17:45:00,
1.122482724,8284716,Andrea Collarini,Lopez-Perez v Collarini,90,2016-01-07 06:38:00.607,1.28,2016-01-07 17:45:00,
1.122482724,8284716,Andrea Collarini,Lopez-Perez v Collarini,100,2016-01-07 22:12:08.305,1.35,2016-01-07 22:15:00,
1.122482754,2263577,Agnieszka Radwanska,A Radwanska v Q Wang,0,2016-01-06 08:30:06.203,1.08,2016-01-07 04:00:00,
1.122482754,2263577,Agnieszka Radwanska,A Radwanska v Q Wang,10,2016-01-06 12:35:03.055,1.07,2016-01-07 07:00:00,
1.122482754,2263577,Agnieszka Radwanska,A Radwanska v Q Wang,20,2016-01-06 21:11:15.246,1.07,2016-01-07 07:00:00,
1.122482754,2263577,Agnieszka Radwanska,A Radwanska v Q Wang,30,2016-01-06 22:57:45.446,1.05,2016-01-07 07:00:00,
1.122482754,2263577,Agnieszka Radwanska,A Radwanska v Q Wang,40,2016-01-07 03:38:02.099,1.05,2016-01-07 07:00:00,
1.122482754,2263577,Agnieszka Radwanska,A Radwanska v Q Wang,50,2016-01-07 05:27:20.327,1.07,2016-01-07 07:00:00,
1.122482754,2263577,Agnieszka Radwanska,A Radwanska v Q Wang,60,2016-01-07 06:16:59.876,1.07,2016-01-07 07:00:00,
1.122482754,2263577,Agnieszka Radwanska,A Radwanska v Q Wang,70,2016-01-07 06:36:23.121,1.07,2016-01-07 07:00:00,
1.122482754,2263577,Agnieszka Radwanska,A Radwanska v Q Wang,80,2016-01-07 06:51:17.029,1.07,2016-01-07 07:00:00,
1.122482754,2263577,Agnieszka Radwanska,A Radwanska v Q Wang,90,2016-01-07 07:31:11.661,1.08,2016-01-07 07:38:00,
1.122482754,2263577,Agnieszka Radwanska,A Radwanska v Q Wang,100,2016-01-07 07:37:22.337,1.06,2016-01-07 07:38:00,
1.12248277,4828174,Timea Babos,Bouchard v Babos,0,2016-01-06 18:24:51.777,2.58,2016-01-07 05:30:00,
1.12248277,4828174,Timea Babos,Bouchard v Babos,10,2016-01-06 20:03:48.242,2.66,2016-01-07 05:30:00,
1.12248277,4828174,Timea Babos,Bouchard v Babos,20,2016-01-06 23:46:47.322,2.68,2016-01-07 05:30:00,
1.12248277,4828174,Timea Babos,Bouchard v Babos,30,2016-01-07 00:15:44.747,2.68,2016-01-07 05:30:00,
1.12248277,4828174,Timea Babos,Bouchard v Babos,40,2016-01-07 00:37:53.952,2.6,2016-01-07 05:30:00,
1.12248277,4828174,Timea Babos,Bouchard v Babos,50,2016-01-07 03:29:42.994,2.48,2016-01-07 05:30:00,
1.12248277,4828174,Timea Babos,Bouchard v Babos,60,2016-01-07 04:12:43.797,2.48,2016-01-07 05:30:00,
1.12248277,4828174,Timea Babos,Bouchard v Babos,70,2016-01-07 04:14:54.178,2.44,2016-01-07 05:30:00,
1.12248277,4828174,Timea Babos,Bouchard v Babos,80,2016-01-07 05:25:53.389,2.42,2016-01-07 05:30:00,
1.12248277,4828174,Timea Babos,Bouchard v Babos,90,2016-01-07 05:41:54.541,2.36,2016-01-07 05:50:00,
1.12248277,4828174,Timea Babos,Bouchard v Babos,100,2016-01-07 05:46:52.865,2.32,2016-01-07 05:50:00,
1.12248277,5704759,Eugenie Bouchard,Bouchard v Babos,0,2016-01-06 12:43:45.300,1.67,2016-01-07 05:30:00,
1.12248277,5704759,Eugenie Bouchard,Bouchard v Babos,10,2016-01-06 17:47:22.666,1.65,2016-01-07 05:30:00,
1.12248277,5704759,Eugenie Bouchard,Bouchard v Babos,20,2016-01-06 20:47:06.757,1.59,2016-01-07 05:30:00,
1.12248277,5704759,Eugenie Bouchard,Bouchard v Babos,30,2016-01-06 22:06:55.577,1.58,2016-01-07 05:30:00,
1.12248277,5704759,Eugenie Bouchard,Bouchard v Babos,40,2016-01-06 23:51:20.917,1.58,2016-01-07 05:30:00,
1.12248277,5704759,Eugenie Bouchard,Bouchard v Babos,50,2016-01-07 00:15:44.747,1.6,2016-01-07 05:30:00,
1.12248277,5704759,Eugenie Bouchard,Bouchard v Babos,60,2016-01-07 00:38:52.322,1.62,2016-01-07 05:30:00,
1.12248277,5704759,Eugenie Bouchard,Bouchard v Babos,70,2016-01-07 02:17:45.745,1.63,2016-01-07 05:30:00,
1.12248277,5704759,Eugenie Bouchard,Bouchard v Babos,80,2016-01-07 04:14:54.178,1.73,2016-01-07 05:30:00,
1.12248277,5704759,Eugenie Bouchard,Bouchard v Babos,90,2016-01-07 05:17:53.983,1.72,2016-01-07 05:30:00,
1.12248277,5704759,Eugenie Bouchard,Bouchard v Babos,100,2016-01-07 05:48:54.312,1.76,2016-01-07 05:50:00,
1.122482786,7137442,Katerina Siniakova,Friedsam v Siniakova,0,2016-01-06 11:53:06.854,1.87,2016-01-07 08:30:00,
1.122482786,7137442,Katerina Siniakova,Friedsam v Siniakova,10,2016-01-06 17:14:26.224,1.86,2016-01-07 08:30:00,
1.122482786,7137442,Katerina Siniakova,Friedsam v Siniakova,20,2016-01-06 21:11:55.647,1.89,2016-01-07 08:30:00,
1.122482786,7137442,Katerina Siniakova,Friedsam v Siniakova,30,2016-01-06 22:56:08.332,1.88,2016-01-07 08:30:00,
1.122482786,7137442,Katerina Siniakova,Friedsam v Siniakova,40,2016-01-07 01:25:33.549,1.88,2016-01-07 08:30:00,
1.122482786,7137442,Katerina Siniakova,Friedsam v Siniakova,50,2016-01-07 03:09:35.211,1.86,2016-01-07 08:30:00,
1.122482786,7137442,Katerina Siniakova,Friedsam v Siniakova,60,2016-01-07 04:49:36.336,1.9,2016-01-07 08:30:00,
1.122482786,7137442,Katerina Siniakova,Friedsam v Siniakova,70,2016-01-07 07:06:36.212,1.88,2016-01-07 08:30:00,
1.122482786,7137442,Katerina Siniakova,Friedsam v Siniakova,80,2016-01-07 07:49:35.892,1.88,2016-01-07 08:30:00,
1.122482786,7137442,Katerina Siniakova,Friedsam v Siniakova,90,2016-01-07 07:57:33.519,1.88,2016-01-07 08:30:00,
1.122482786,7137442,Katerina Siniakova,Friedsam v Siniakova,100,2016-01-07 08:55:32.488,1.89,2016-01-07 08:58:00,
1.122484467,3066621,Adrian Mannarino,A Mannarino v McGee,0,2016-01-06 17:05:11.564,1.19,2016-01-07 04:00:00,
1.122484467,3066621,Adrian Mannarino,A Mannarino v McGee,10,2016-01-06 19:43:04.814,1.13,2016-01-07 04:00:00,
1.122484467,3066621,Adrian Mannarino,A Mannarino v McGee,20,2016-01-06 19:43:42.397,1.12,2016-01-07 04:00:00,
1.122484467,3066621,Adrian Mannarino,A Mannarino v McGee,30,2016-01-06 21:31:08.718,1.13,2016-01-07 04:00:00,
1.122484467,3066621,Adrian Mannarino,A Mannarino v McGee,40,2016-01-06 21:31:46.524,1.11,2016-01-07 04:00:00,
1.122484467,3066621,Adrian Mannarino,A Mannarino v McGee,50,2016-01-06 21:42:38.886,1.13,2016-01-07 04:00:00,
1.122484467,3066621,Adrian Mannarino,A Mannarino v McGee,60,2016-01-07 01:15:09.136,1.18,2016-01-07 04:00:00,
1.122484467,3066621,Adrian Mannarino,A Mannarino v McGee,70,2016-01-07 02:28:11.893,1.22,2016-01-07 04:00:00,
1.122484467,3066621,Adrian Mannarino,A Mannarino v McGee,80,2016-01-07 03:50:09.338,1.16,2016-01-07 04:00:00,
1.122484467,3066621,Adrian Mannarino,A Mannarino v McGee,90,2016-01-07 03:51:53.714,1.22,2016-01-07 04:00:00,
1.122484467,3066621,Adrian Mannarino,A Mannarino v McGee,100,2016-01-07 03:57:59.829,1.15,2016-01-07 04:00:00,
1.122484636,2395076,Daniel Brands,Halys v Brands,0,2016-01-06 15:16:12.952,1.52,2016-01-07 05:45:00,
1.122484636,2395076,Daniel Brands,Halys v Brands,10,2016-01-06 16:48:06.562,1.47,2016-01-07 05:45:00,
1.122484636,2395076,Daniel Brands,Halys v Brands,20,2016-01-06 17:05:16.827,1.49,2016-01-07 05:45:00,
1.122484636,2395076,Daniel Brands,Halys v Brands,30,2016-01-06 22:37:28.035,1.53,2016-01-07 05:45:00,
1.122484636,2395076,Daniel Brands,Halys v Brands,40,2016-01-06 23:35:53.521,1.57,2016-01-07 05:45:00,
1.122484636,2395076,Daniel Brands,Halys v Brands,50,2016-01-07 00:03:00.931,1.64,2016-01-07 05:45:00,
1.122484636,2395076,Daniel Brands,Halys v Brands,60,2016-01-07 00:24:42.728,1.62,2016-01-07 05:45:00,
1.122484636,2395076,Daniel Brands,Halys v Brands,70,2016-01-07 02:02:31.877,1.63,2016-01-07 05:45:00,
1.122484636,2395076,Daniel Brands,Halys v Brands,80,2016-01-07 03:46:07.149,1.67,2016-01-07 05:45:00,
1.122484636,2395076,Daniel Brands,Halys v Brands,90,2016-01-07 03:46:52.832,1.69,2016-01-07 05:45:00,
1.122484636,2395076,Daniel Brands,Halys v Brands,100,2016-01-07 04:49:09.104,1.7,2016-01-07 05:45:00,
1.122484636,7287690,Quentin Halys,Halys v Brands,0,2016-01-06 14:35:55.418,2.58,2016-01-07 05:45:00,
1.122484636,7287690,Quentin Halys,Halys v Brands,10,2016-01-06 18:09:07.300,3.0,2016-01-07 05:45:00,
1.122484636,7287690,Quentin Halys,Halys v Brands,20,2016-01-06 21:48:09.570,2.7,2016-01-07 05:45:00,
1.122484636,7287690,Quentin Halys,Halys v Brands,30,2016-01-06 23:35:53.521,2.74,2016-01-07 05:45:00,
1.122484636,7287690,Quentin Halys,Halys v Brands,40,2016-01-07 00:03:00.931,2.58,2016-01-07 05:45:00,
1.122484636,7287690,Quentin Halys,Halys v Brands,50,2016-01-07 00:24:42.728,2.6,2016-01-07 05:45:00,
1.122484636,7287690,Quentin Halys,Halys v Brands,60,2016-01-07 00:30:51.722,2.58,2016-01-07 05:45:00,
1.122484636,7287690,Quentin Halys,Halys v Brands,70,2016-01-07 02:16:10.795,2.56,2016-01-07 05:45:00,
1.122484636,7287690,Quentin Halys,Halys v Brands,80,2016-01-07 02:49:32.807,2.6,2016-01-07 05:45:00,
1.122484636,7287690,Quentin Halys,Halys v Brands,90,2016-01-07 03:46:07.149,2.44,2016-01-07 05:45:00,
1.122484636,7287690,Quentin Halys,Halys v Brands,100,2016-01-07 04:50:05.881,2.44,2016-01-07 05:45:00,
1.122484668,6498878,Marco Trungelliti,Jor Thompson v Trungelliti,0,2016-01-06 18:02:05.528,3.2,2016-01-07 04:00:00,
1.122484668,6498878,Marco Trungelliti,Jor Thompson v Trungelliti,10,2016-01-06 18:04:42.718,2.9,2016-01-07 04:00:00,
1.122484668,6498878,Marco Trungelliti,Jor Thompson v Trungelliti,20,2016-01-06 22:01:01.568,2.96,2016-01-07 04:00:00,
1.122484668,6498878,Marco Trungelliti,Jor Thompson v Trungelliti,30,2016-01-06 22:46:07.928,2.92,2016-01-07 04:00:00,
1.122484668,6498878,Marco Trungelliti,Jor Thompson v Trungelliti,40,2016-01-06 23:31:09.808,2.52,2016-01-07 04:00:00,
1.122484668,6498878,Marco Trungelliti,Jor Thompson v Trungelliti,50,2016-01-07 02:04:11.203,2.84,2016-01-07 04:00:00,
1.122484668,6498878,Marco Trungelliti,Jor Thompson v Trungelliti,60,2016-01-07 02:49:30.322,2.72,2016-01-07 04:00:00,
1.122484668,6498878,Marco Trungelliti,Jor Thompson v Trungelliti,70,2016-01-07 02:54:58.385,2.58,2016-01-07 04:00:00,
1.122484668,6498878,Marco Trungelliti,Jor Thompson v Trungelliti,80,2016-01-07 03:23:37.096,2.58,2016-01-07 04:00:00,
1.122484668,6498878,Marco Trungelliti,Jor Thompson v Trungelliti,90,2016-01-07 03:37:32.662,2.7,2016-01-07 04:00:00,
1.122484668,6498878,Marco Trungelliti,Jor Thompson v Trungelliti,100,2016-01-07 04:03:01.466,2.7,2016-01-07 04:09:00,
1.122484668,8145584,Jordan Thompson,Jor Thompson v Trungelliti,0,2016-01-06 21:00:12.197,1.52,2016-01-07 04:00:00,
1.122484668,8145584,Jordan Thompson,Jor Thompson v Trungelliti,10,2016-01-06 21:57:41.735,1.48,2016-01-07 04:00:00,
1.122484668,8145584,Jordan Thompson,Jor Thompson v Trungelliti,20,2016-01-06 22:01:01.568,1.51,2016-01-07 04:00:00,
1.122484668,8145584,Jordan Thompson,Jor Thompson v Trungelliti,30,2016-01-06 22:46:07.928,1.52,2016-01-07 04:00:00,
1.122484668,8145584,Jordan Thompson,Jor Thompson v Trungelliti,40,2016-01-07 01:21:10.901,1.58,2016-01-07 04:00:00,
1.122484668,8145584,Jordan Thompson,Jor Thompson v Trungelliti,50,2016-01-07 02:29:09.374,1.55,2016-01-07 04:00:00,
1.122484668,8145584,Jordan Thompson,Jor Thompson v Trungelliti,60,2016-01-07 02:45:14.404,1.54,2016-01-07 04:00:00,
1.122484668,8145584,Jordan Thompson,Jor Thompson v Trungelliti,70,2016-01-07 02:49:07.216,1.58,2016-01-07 04:00:00,
1.122484668,8145584,Jordan Thompson,Jor Thompson v Trungelliti,80,2016-01-07 02:57:09.205,1.64,2016-01-07 04:00:00,
1.122484668,8145584,Jordan Thompson,Jor Thompson v Trungelliti,90,2016-01-07 03:23:37.096,1.62,2016-01-07 04:00:00,
1.122484668,8145584,Jordan Thompson,Jor Thompson v Trungelliti,100,2016-01-07 04:03:01.466,1.58,2016-01-07 04:09:00,
1.122486071,4566011,Alison Riske,Riske v Kontaveit,0,2016-01-06 14:02:46.074,1.88,2016-01-07 04:00:00,
1.122486071,4566011,Alison Riske,Riske v Kontaveit,10,2016-01-06 19:11:17.423,1.93,2016-01-07 04:00:00,
1.122486071,4566011,Alison Riske,Riske v Kontaveit,20,2016-01-06 20:57:23.054,1.92,2016-01-07 04:00:00,
1.122486071,4566011,Alison Riske,Riske v Kontaveit,30,2016-01-06 21:12:06.861,1.89,2016-01-07 04:00:00,
1.122486071,4566011,Alison Riske,Riske v Kontaveit,40,2016-01-06 21:49:20.743,1.97,2016-01-07 04:00:00,
1.122486071,4566011,Alison Riske,Riske v Kontaveit,50,2016-01-06 22:32:20.672,1.92,2016-01-07 04:00:00,
1.122486071,4566011,Alison Riske,Riske v Kontaveit,60,2016-01-07 00:14:56.064,1.94,2016-01-07 04:00:00,
1.122486071,4566011,Alison Riske,Riske v Kontaveit,70,2016-01-07 02:05:20.266,1.98,2016-01-07 04:00:00,
1.122486071,4566011,Alison Riske,Riske v Kontaveit,80,2016-01-07 02:54:23.483,1.99,2016-01-07 04:00:00,
1.122486071,4566011,Alison Riske,Riske v Kontaveit,90,2016-01-07 03:32:11.100,1.96,2016-01-07 04:00:00,
1.122486071,4566011,Alison Riske,Riske v Kontaveit,100,2016-01-07 03:50:23.363,1.94,2016-01-07 04:00:00,
1.122486071,5300737,Anett Kontaveit,Riske v Kontaveit,0,2016-01-06 14:02:46.074,2.12,2016-01-07 04:00:00,
1.122486071,5300737,Anett Kontaveit,Riske v Kontaveit,10,2016-01-06 19:22:00.282,2.08,2016-01-07 04:00:00,
1.122486071,5300737,Anett Kontaveit,Riske v Kontaveit,20,2016-01-06 19:49:30.214,2.04,2016-01-07 04:00:00,
1.122486071,5300737,Anett Kontaveit,Riske v Kontaveit,30,2016-01-06 21:12:06.861,2.12,2016-01-07 04:00:00,
1.122486071,5300737,Anett Kontaveit,Riske v Kontaveit,40,2016-01-06 22:09:26.137,2.04,2016-01-07 04:00:00,
1.122486071,5300737,Anett Kontaveit,Riske v Kontaveit,50,2016-01-06 22:32:58.832,2.04,2016-01-07 04:00:00,
1.122486071,5300737,Anett Kontaveit,Riske v Kontaveit,60,2016-01-06 23:09:19.600,2.06,2016-01-07 04:00:00,
1.122486071,5300737,Anett Kontaveit,Riske v Kontaveit,70,2016-01-07 01:22:21.498,2.0,2016-01-07 04:00:00,
1.122486071,5300737,Anett Kontaveit,Riske v Kontaveit,80,2016-01-07 02:50:14.719,2.02,2016-01-07 04:00:00,
1.122486071,5300737,Anett Kontaveit,Riske v Kontaveit,90,2016-01-07 03:13:17.121,2.04,2016-01-07 04:00:00,
1.122486071,5300737,Anett Kontaveit,Riske v Kontaveit,100,2016-01-07 03:50:23.363,2.06,2016-01-07 04:00:00,
1.122486691,2249835,Go Soeda,Soeda v Coppejans,0,2016-01-07 17:31:41.053,1.64,2016-01-08 03:00:00,
1.122486691,2249835,Go Soeda,Soeda v Coppejans,10,2016-01-07 21:16:26.200,1.62,2016-01-08 03:00:00,
1.122486691,2249835,Go Soeda,Soeda v Coppejans,20,2016-01-07 22:40:24.352,1.57,2016-01-08 03:00:00,
1.122486691,2249835,Go Soeda,Soeda v Coppejans,30,2016-01-07 23:21:59.919,1.6,2016-01-08 03:00:00,
1.122486691,2249835,Go Soeda,Soeda v Coppejans,40,2016-01-07 23:38:46.466,1.59,2016-01-08 03:00:00,
1.122486691,2249835,Go Soeda,Soeda v Coppejans,50,2016-01-07 23:51:39.560,1.58,2016-01-08 03:00:00,
1.122486691,2249835,Go Soeda,Soeda v Coppejans,60,2016-01-07 23:52:11.950,1.62,2016-01-08 03:00:00,
1.122486691,2249835,Go Soeda,Soeda v Coppejans,70,2016-01-08 02:07:27.579,1.59,2016-01-08 03:00:00,
1.122486691,2249835,Go Soeda,Soeda v Coppejans,80,2016-01-08 02:23:48.611,1.58,2016-01-08 03:00:00,
1.122486691,2249835,Go Soeda,Soeda v Coppejans,90,2016-01-08 02:24:17.348,1.62,2016-01-08 03:00:00,
1.122486691,2249835,Go Soeda,Soeda v Coppejans,100,2016-01-08 02:54:59.186,1.66,2016-01-08 03:00:00,
1.122486699,3374117,Yuichi Sugita,Kravchuk v Sugita,0,2016-01-06 23:34:16.381,1.97,2016-01-08 05:00:00,
1.122486699,3374117,Yuichi Sugita,Kravchuk v Sugita,10,2016-01-07 15:34:35.042,1.9,2016-01-08 03:00:00,
1.122486699,3374117,Yuichi Sugita,Kravchuk v Sugita,20,2016-01-07 15:35:13.319,1.89,2016-01-08 03:00:00,
1.122486699,3374117,Yuichi Sugita,Kravchuk v Sugita,30,2016-01-07 15:48:32.536,1.91,2016-01-08 03:00:00,
1.122486699,3374117,Yuichi Sugita,Kravchuk v Sugita,40,2016-01-07 20:17:19.716,1.76,2016-01-08 03:00:00,
1.122486699,3374117,Yuichi Sugita,Kravchuk v Sugita,50,2016-01-07 22:10:32.283,1.79,2016-01-08 03:00:00,
1.122486699,3374117,Yuichi Sugita,Kravchuk v Sugita,60,2016-01-07 23:11:34.039,1.73,2016-01-08 03:00:00,
1.122486699,3374117,Yuichi Sugita,Kravchuk v Sugita,70,2016-01-07 23:11:56.220,1.83,2016-01-08 03:00:00,
1.122486699,3374117,Yuichi Sugita,Kravchuk v Sugita,80,2016-01-08 02:49:10.406,1.82,2016-01-08 03:00:00,
1.122486699,3374117,Yuichi Sugita,Kravchuk v Sugita,90,2016-01-08 02:55:35.875,1.81,2016-01-08 03:00:00,
1.122486699,3374117,Yuichi Sugita,Kravchuk v Sugita,100,2016-01-08 03:00:27.683,1.73,2016-01-08 03:04:00,
1.122486711,2304933,Jeremy Chardy,Chardy v Marchenko,0,2016-01-06 20:06:45.840,1.62,2016-01-07 12:30:00,
1.122486711,2304933,Jeremy Chardy,Chardy v Marchenko,10,2016-01-07 00:21:12.836,1.5,2016-01-07 12:30:00,
1.122486711,2304933,Jeremy Chardy,Chardy v Marchenko,20,2016-01-07 02:47:40.352,1.43,2016-01-07 12:30:00,
1.122486711,2304933,Jeremy Chardy,Chardy v Marchenko,30,2016-01-07 09:20:47.583,1.46,2016-01-07 12:30:00,
1.122486711,2304933,Jeremy Chardy,Chardy v Marchenko,40,2016-01-07 10:07:06.492,1.47,2016-01-07 12:30:00,
1.122486711,2304933,Jeremy Chardy,Chardy v Marchenko,50,2016-01-07 10:54:54.466,1.43,2016-01-07 12:30:00,
1.122486711,2304933,Jeremy Chardy,Chardy v Marchenko,60,2016-01-07 11:16:50.893,1.43,2016-01-07 12:30:00,
1.122486711,2304933,Jeremy Chardy,Chardy v Marchenko,70,2016-01-07 11:37:53.892,1.43,2016-01-07 12:30:00,
1.122486711,2304933,Jeremy Chardy,Chardy v Marchenko,80,2016-01-07 12:01:52.994,1.43,2016-01-07 12:30:00,
1.122486711,2304933,Jeremy Chardy,Chardy v Marchenko,90,2016-01-07 12:18:54.130,1.43,2016-01-07 12:30:00,
1.122486711,2304933,Jeremy Chardy,Chardy v Marchenko,100,2016-01-07 12:36:56.973,1.42,2016-01-07 12:38:00,
1.122486711,3691700,Illya Marchenko,Chardy v Marchenko,0,2016-01-07 00:07:46.245,3.05,2016-01-07 12:30:00,
1.122486711,3691700,Illya Marchenko,Chardy v Marchenko,10,2016-01-07 01:24:51.810,2.86,2016-01-07 12:30:00,
1.122486711,3691700,Illya Marchenko,Chardy v Marchenko,20,2016-01-07 08:58:27.555,3.15,2016-01-07 12:30:00,
1.122486711,3691700,Illya Marchenko,Chardy v Marchenko,30,2016-01-07 10:16:51.614,3.1,2016-01-07 12:30:00,
1.122486711,3691700,Illya Marchenko,Chardy v Marchenko,40,2016-01-07 11:09:42.794,3.25,2016-01-07 12:30:00,
1.122486711,3691700,Illya Marchenko,Chardy v Marchenko,50,2016-01-07 11:34:20.571,3.25,2016-01-07 12:30:00,
1.122486711,3691700,Illya Marchenko,Chardy v Marchenko,60,2016-01-07 11:44:54.571,3.4,2016-01-07 12:30:00,
1.122486711,3691700,Illya Marchenko,Chardy v Marchenko,70,2016-01-07 11:54:57.082,3.3,2016-01-07 12:30:00,
1.122486711,3691700,Illya Marchenko,Chardy v Marchenko,80,2016-01-07 12:09:53.746,3.35,2016-01-07 12:30:00,
1.122486711,3691700,Illya Marchenko,Chardy v Marchenko,90,2016-01-07 12:21:49.982,3.35,2016-01-07 12:30:00,
1.122486711,3691700,Illya Marchenko,Chardy v Marchenko,100,2016-01-07 12:37:56.711,3.45,2016-01-07 12:38:00,
1.122487207,5908538,Alexander Kudryavtsev,Ramanathan v Kudryavtsev,0,2016-01-06 22:34:26.936,2.26,2016-01-07 13:15:00,
1.122487207,5908538,Alexander Kudryavtsev,Ramanathan v Kudryavtsev,10,2016-01-07 07:54:51.474,2.04,2016-01-07 13:15:00,
1.122487207,5908538,Alexander Kudryavtsev,Ramanathan v Kudryavtsev,20,2016-01-07 08:28:44.153,2.04,2016-01-07 13:15:00,
1.122487207,5908538,Alexander Kudryavtsev,Ramanathan v Kudryavtsev,30,2016-01-07 10:07:36.847,2.04,2016-01-07 13:15:00,
1.122487207,5908538,Alexander Kudryavtsev,Ramanathan v Kudryavtsev,40,2016-01-07 11:24:18.507,2.08,2016-01-07 13:15:00,
1.122487207,5908538,Alexander Kudryavtsev,Ramanathan v Kudryavtsev,50,2016-01-07 11:57:13.346,2.06,2016-01-07 13:15:00,
1.122487207,5908538,Alexander Kudryavtsev,Ramanathan v Kudryavtsev,60,2016-01-07 12:30:20.820,2.02,2016-01-07 13:15:00,
1.122487207,5908538,Alexander Kudryavtsev,Ramanathan v Kudryavtsev,70,2016-01-07 12:49:14.674,2.02,2016-01-07 13:15:00,
1.122487207,5908538,Alexander Kudryavtsev,Ramanathan v Kudryavtsev,80,2016-01-07 13:09:56.781,2.0,2016-01-07 13:15:00,
1.122487207,5908538,Alexander Kudryavtsev,Ramanathan v Kudryavtsev,90,2016-01-07 13:20:20.382,2.04,2016-01-07 13:26:00,
1.122487207,5908538,Alexander Kudryavtsev,Ramanathan v Kudryavtsev,100,2016-01-07 13:25:18.713,1.95,2016-01-07 13:26:00,
1.122487207,8173038,Ramkumar Ramanathan,Ramanathan v Kudryavtsev,0,2016-01-06 19:47:52.400,1.76,2016-01-07 13:15:00,
1.122487207,8173038,Ramkumar Ramanathan,Ramanathan v Kudryavtsev,10,2016-01-07 06:28:14.032,1.8,2016-01-07 13:15:00,
1.122487207,8173038,Ramkumar Ramanathan,Ramanathan v Kudryavtsev,20,2016-01-07 07:54:51.474,1.97,2016-01-07 13:15:00,
1.122487207,8173038,Ramkumar Ramanathan,Ramanathan v Kudryavtsev,30,2016-01-07 09:56:04.656,1.96,2016-01-07 13:15:00,
1.122487207,8173038,Ramkumar Ramanathan,Ramanathan v Kudryavtsev,40,2016-01-07 11:16:05.710,1.93,2016-01-07 13:15:00,
1.122487207,8173038,Ramkumar Ramanathan,Ramanathan v Kudryavtsev,50,2016-01-07 11:32:08.647,1.92,2016-01-07 13:15:00,
1.122487207,8173038,Ramkumar Ramanathan,Ramanathan v Kudryavtsev,60,2016-01-07 11:57:13.346,1.93,2016-01-07 13:15:00,
1.122487207,8173038,Ramkumar Ramanathan,Ramanathan v Kudryavtsev,70,2016-01-07 12:21:16.211,1.96,2016-01-07 13:15:00,
1.122487207,8173038,Ramkumar Ramanathan,Ramanathan v Kudryavtsev,80,2016-01-07 12:41:17.552,1.98,2016-01-07 13:15:00,
1.122487207,8173038,Ramkumar Ramanathan,Ramanathan v Kudryavtsev,90,2016-01-07 13:13:21.430,1.99,2016-01-07 13:15:00,
1.122487207,8173038,Ramkumar Ramanathan,Ramanathan v Kudryavtsev,100,2016-01-07 13:24:20.624,2.04,2016-01-07 13:26:00,
1.12248803,8260126,Guillermo Garcia-Lopez,S Wawrinka v Garcia-Lopez,0,2016-01-06 21:12:18.533,5.4,2016-01-08 06:30:00,
1.12248803,8260126,Guillermo Garcia-Lopez,S Wawrinka v Garcia-Lopez,10,2016-01-07 20:39:07.290,5.3,2016-01-08 11:30:00,
1.12248803,8260126,Guillermo Garcia-Lopez,S Wawrinka v Garcia-Lopez,20,2016-01-07 23:29:34.250,5.4,2016-01-08 11:30:00,
1.12248803,8260126,Guillermo Garcia-Lopez,S Wawrinka v Garcia-Lopez,30,2016-01-08 07:32:09.169,5.5,2016-01-08 11:30:00,
1.12248803,8260126,Guillermo Garcia-Lopez,S Wawrinka v Garcia-Lopez,40,2016-01-08 09:25:19.400,6.0,2016-01-08 11:30:00,
1.12248803,8260126,Guillermo Garcia-Lopez,S Wawrinka v Garcia-Lopez,50,2016-01-08 09:58:01.545,5.9,2016-01-08 11:30:00,
1.12248803,8260126,Guillermo Garcia-Lopez,S Wawrinka v Garcia-Lopez,60,2016-01-08 10:45:34.274,5.9,2016-01-08 11:30:00,
1.12248803,8260126,Guillermo Garcia-Lopez,S Wawrinka v Garcia-Lopez,70,2016-01-08 10:54:42.430,6.2,2016-01-08 11:30:00,
1.12248803,8260126,Guillermo Garcia-Lopez,S Wawrinka v Garcia-Lopez,80,2016-01-08 11:11:43.973,6.0,2016-01-08 11:30:00,
1.12248803,8260126,Guillermo Garcia-Lopez,S Wawrinka v Garcia-Lopez,90,2016-01-08 11:19:42.549,6.4,2016-01-08 11:30:00,
1.12248803,8260126,Guillermo Garcia-Lopez,S Wawrinka v Garcia-Lopez,100,2016-01-08 11:27:50.765,6.4,2016-01-08 11:29:00,
1.12248803,8597476,Stan Wawrinka,S Wawrinka v Garcia-Lopez,0,2016-01-06 21:12:18.533,1.23,2016-01-08 06:30:00,
1.12248803,8597476,Stan Wawrinka,S Wawrinka v Garcia-Lopez,10,2016-01-07 06:35:25.819,1.24,2016-01-08 06:30:00,
1.12248803,8597476,Stan Wawrinka,S Wawrinka v Garcia-Lopez,20,2016-01-07 20:39:07.290,1.23,2016-01-08 11:30:00,
1.12248803,8597476,Stan Wawrinka,S Wawrinka v Garcia-Lopez,30,2016-01-08 04:14:39.763,1.22,2016-01-08 11:30:00,
1.12248803,8597476,Stan Wawrinka,S Wawrinka v Garcia-Lopez,40,2016-01-08 07:32:09.169,1.22,2016-01-08 11:30:00,
1.12248803,8597476,Stan Wawrinka,S Wawrinka v Garcia-Lopez,50,2016-01-08 08:38:03.093,1.21,2016-01-08 11:30:00,
1.12248803,8597476,Stan Wawrinka,S Wawrinka v Garcia-Lopez,60,2016-01-08 09:35:50.373,1.21,2016-01-08 11:30:00,
1.12248803,8597476,Stan Wawrinka,S Wawrinka v Garcia-Lopez,70,2016-01-08 10:34:42.043,1.2,2016-01-08 11:30:00,
1.12248803,8597476,Stan Wawrinka,S Wawrinka v Garcia-Lopez,80,2016-01-08 10:53:46.759,1.21,2016-01-08 11:30:00,
1.12248803,8597476,Stan Wawrinka,S Wawrinka v Garcia-Lopez,90,2016-01-08 11:04:27.733,1.19,2016-01-08 11:30:00,
1.12248803,8597476,Stan Wawrinka,S Wawrinka v Garcia-Lopez,100,2016-01-08 11:18:20.778,1.19,2016-01-08 11:30:00,
1.12248908,2249229,Novak Djokovic,N Djokovic v L Mayer,0,2016-01-06 15:39:04.353,1.04,2016-01-07 09:00:00,
1.12248908,2249229,Novak Djokovic,N Djokovic v L Mayer,10,2016-01-06 17:34:11.775,1.04,2016-01-07 09:00:00,
1.12248908,2249229,Novak Djokovic,N Djokovic v L Mayer,20,2016-01-07 08:25:15.003,1.03,2016-01-07 16:00:00,
1.12248908,2249229,Novak Djokovic,N Djokovic v L Mayer,30,2016-01-07 11:19:18.532,1.04,2016-01-07 16:00:00,
1.12248908,2249229,Novak Djokovic,N Djokovic v L Mayer,40,2016-01-07 12:12:10.837,1.04,2016-01-07 16:00:00,
1.12248908,2249229,Novak Djokovic,N Djokovic v L Mayer,50,2016-01-07 13:02:07.503,1.03,2016-01-07 16:00:00,
1.12248908,2249229,Novak Djokovic,N Djokovic v L Mayer,60,2016-01-07 14:12:29.264,1.04,2016-01-07 16:00:00,
1.12248908,2249229,Novak Djokovic,N Djokovic v L Mayer,70,2016-01-07 14:33:55.389,1.04,2016-01-07 16:00:00,
1.12248908,2249229,Novak Djokovic,N Djokovic v L Mayer,80,2016-01-07 15:02:12.082,1.03,2016-01-07 16:00:00,
1.12248908,2249229,Novak Djokovic,N Djokovic v L Mayer,90,2016-01-07 15:55:16.241,1.04,2016-01-07 16:00:00,
1.12248908,2249229,Novak Djokovic,N Djokovic v L Mayer,100,2016-01-07 17:08:06.850,1.04,2016-01-07 17:10:00,
1.12248908,3186303,Leonardo Mayer,N Djokovic v L Mayer,0,2016-01-06 16:11:15.547,27.0,2016-01-07 09:00:00,
1.12248908,3186303,Leonardo Mayer,N Djokovic v L Mayer,10,2016-01-07 02:09:22.368,26.0,2016-01-07 16:00:00,
1.12248908,3186303,Leonardo Mayer,N Djokovic v L Mayer,20,2016-01-07 11:04:01.718,32.0,2016-01-07 16:00:00,
1.12248908,3186303,Leonardo Mayer,N Djokovic v L Mayer,30,2016-01-07 11:45:01.869,30.0,2016-01-07 16:00:00,
1.12248908,3186303,Leonardo Mayer,N Djokovic v L Mayer,40,2016-01-07 11:57:04.963,32.0,2016-01-07 16:00:00,
1.12248908,3186303,Leonardo Mayer,N Djokovic v L Mayer,50,2016-01-07 13:30:14.006,29.0,2016-01-07 16:00:00,
1.12248908,3186303,Leonardo Mayer,N Djokovic v L Mayer,60,2016-01-07 13:58:17.444,30.0,2016-01-07 16:00:00,
1.12248908,3186303,Leonardo Mayer,N Djokovic v L Mayer,70,2016-01-07 15:13:13.053,32.0,2016-01-07 16:00:00,
1.12248908,3186303,Leonardo Mayer,N Djokovic v L Mayer,80,2016-01-07 15:34:16.413,30.0,2016-01-07 16:00:00,
1.12248908,3186303,Leonardo Mayer,N Djokovic v L Mayer,90,2016-01-07 15:50:14.693,32.0,2016-01-07 16:00:00,
1.12248908,3186303,Leonardo Mayer,N Djokovic v L Mayer,100,2016-01-07 17:05:15.315,30.0,2016-01-07 17:10:00,
1.12248984,4290403,Roberto Bautista Agut,Coric v Bautista Agut,0,2016-01-07 07:23:06.199,1.46,2016-01-08 06:30:00,
1.12248984,4290403,Roberto Bautista Agut,Coric v Bautista Agut,10,2016-01-07 09:19:45.599,1.45,2016-01-08 06:30:00,
1.12248984,4290403,Roberto Bautista Agut,Coric v Bautista Agut,20,2016-01-07 10:50:22.310,1.45,2016-01-08 06:30:00,
1.12248984,4290403,Roberto Bautista Agut,Coric v Bautista Agut,30,2016-01-07 12:15:40.827,1.44,2016-01-08 06:30:00,
1.12248984,4290403,Roberto Bautista Agut,Coric v Bautista Agut,40,2016-01-07 13:32:40.202,1.46,2016-01-08 06:30:00,
1.12248984,4290403,Roberto Bautista Agut,Coric v Bautista Agut,50,2016-01-07 14:49:37.789,1.44,2016-01-08 06:30:00,
1.12248984,4290403,Roberto Bautista Agut,Coric v Bautista Agut,60,2016-01-07 16:01:46.302,1.44,2016-01-08 15:00:00,
1.12248984,4290403,Roberto Bautista Agut,Coric v Bautista Agut,70,2016-01-07 17:47:08.411,1.46,2016-01-08 15:00:00,
1.12248984,4290403,Roberto Bautista Agut,Coric v Bautista Agut,80,2016-01-07 19:16:14.294,1.46,2016-01-08 15:00:00,
1.12248984,4290403,Roberto Bautista Agut,Coric v Bautista Agut,90,2016-01-08 07:43:44.086,1.43,2016-01-08 15:00:00,
1.12248984,4290403,Roberto Bautista Agut,Coric v Bautista Agut,100,2016-01-08 16:01:48.040,1.45,2016-01-08 16:02:00,
1.12248984,7446579,Borna Coric,Coric v Bautista Agut,0,2016-01-07 07:23:06.199,3.2,2016-01-08 06:30:00,
1.12248984,7446579,Borna Coric,Coric v Bautista Agut,10,2016-01-08 06:09:17.644,3.2,2016-01-08 15:00:00,
1.12248984,7446579,Borna Coric,Coric v Bautista Agut,20,2016-01-08 08:13:33.883,3.35,2016-01-08 15:00:00,
1.12248984,7446579,Borna Coric,Coric v Bautista Agut,30,2016-01-08 12:22:43.891,3.25,2016-01-08 15:00:00,
1.12248984,7446579,Borna Coric,Coric v Bautista Agut,40,2016-01-08 12:44:49.783,3.35,2016-01-08 15:00:00,
1.12248984,7446579,Borna Coric,Coric v Bautista Agut,50,2016-01-08 13:37:25.543,3.3,2016-01-08 15:00:00,
1.12248984,7446579,Borna Coric,Coric v Bautista Agut,60,2016-01-08 13:51:48.453,3.3,2016-01-08 15:00:00,
1.12248984,7446579,Borna Coric,Coric v Bautista Agut,70,2016-01-08 14:01:42.015,3.3,2016-01-08 15:00:00,
1.12248984,7446579,Borna Coric,Coric v Bautista Agut,80,2016-01-08 14:34:48.699,3.25,2016-01-08 15:00:00,
1.12248984,7446579,Borna Coric,Coric v Bautista Agut,90,2016-01-08 14:54:49.505,3.25,2016-01-08 15:00:00,
1.12248984,7446579,Borna Coric,Coric v Bautista Agut,100,2016-01-08 15:57:45.245,3.2,2016-01-08 16:02:00,
1.122489902,2426230,Jonathan Eysseric,J Eysseric v T Monteiro,0,2016-01-07 13:49:46.737,2.38,2016-01-07 16:00:00,
1.122489902,2426230,Jonathan Eysseric,J Eysseric v T Monteiro,10,2016-01-07 15:31:37.974,2.5,2016-01-07 17:30:00,
1.122489902,2426230,Jonathan Eysseric,J Eysseric v T Monteiro,20,2016-01-07 16:00:05.193,2.52,2016-01-07 17:30:00,
1.122489902,2426230,Jonathan Eysseric,J Eysseric v T Monteiro,30,2016-01-07 17:29:44.532,2.74,2016-01-07 17:30:00,
1.122489902,2426230,Jonathan Eysseric,J Eysseric v T Monteiro,40,2016-01-07 19:27:38.017,2.72,2016-01-07 19:30:00,
1.122489902,2426230,Jonathan Eysseric,J Eysseric v T Monteiro,50,2016-01-07 20:29:52.578,2.54,2016-01-07 21:00:00,
1.122489902,2426230,Jonathan Eysseric,J Eysseric v T Monteiro,60,2016-01-07 20:53:41.415,2.66,2016-01-07 21:00:00,
1.122489902,2426230,Jonathan Eysseric,J Eysseric v T Monteiro,70,2016-01-08 09:11:39.135,2.56,2016-01-08 14:00:00,
1.122489902,2426230,Jonathan Eysseric,J Eysseric v T Monteiro,80,2016-01-08 10:18:46.076,2.44,2016-01-08 14:00:00,
1.122489902,2426230,Jonathan Eysseric,J Eysseric v T Monteiro,90,2016-01-08 13:21:39.861,2.66,2016-01-08 14:00:00,
1.122489902,2426230,Jonathan Eysseric,J Eysseric v T Monteiro,100,2016-01-08 14:17:44.446,2.46,2016-01-08 14:18:00,2016-01-08 14:16:46.553
1.122489902,8326656,Thiago Monteiro,J Eysseric v T Monteiro,0,2016-01-07 10:50:37.917,1.81,2016-01-07 16:00:00,
1.122489902,8326656,Thiago Monteiro,J Eysseric v T Monteiro,10,2016-01-07 14:00:44.882,1.66,2016-01-07 16:00:00,
1.122489902,8326656,Thiago Monteiro,J Eysseric v T Monteiro,20,2016-01-07 15:34:44.676,1.59,2016-01-07 17:30:00,
1.122489902,8326656,Thiago Monteiro,J Eysseric v T Monteiro,30,2016-01-07 17:18:42.036,1.6,2016-01-07 17:30:00,
1.122489902,8326656,Thiago Monteiro,J Eysseric v T Monteiro,40,2016-01-07 18:01:34.015,1.63,2016-01-07 19:30:00,
1.122489902,8326656,Thiago Monteiro,J Eysseric v T Monteiro,50,2016-01-07 19:40:31.112,1.65,2016-01-07 20:30:00,
1.122489902,8326656,Thiago Monteiro,J Eysseric v T Monteiro,60,2016-01-07 20:41:30.087,1.56,2016-01-07 21:00:00,
1.122489902,8326656,Thiago Monteiro,J Eysseric v T Monteiro,70,2016-01-08 03:56:59.474,1.53,2016-01-08 14:00:00,
1.122489902,8326656,Thiago Monteiro,J Eysseric v T Monteiro,80,2016-01-08 09:20:46.151,1.67,2016-01-08 14:00:00,
1.122489902,8326656,Thiago Monteiro,J Eysseric v T Monteiro,90,2016-01-08 13:15:32.304,1.67,2016-01-08 14:00:00,
1.122489902,8326656,Thiago Monteiro,J Eysseric v T Monteiro,100,2016-01-08 14:16:46.553,1.68,2016-01-08 14:18:00,2016-01-08 14:16:46.553
1.122490258,8176467,Rojer/Tecau,Rojer/Tecau v Petzschner/Peya,0,2016-01-07 01:18:38.404,1.33,2016-01-07 13:00:00,
1.122490258,8176467,Rojer/Tecau,Rojer/Tecau v Petzschner/Peya,10,2016-01-07 06:46:42.333,1.35,2016-01-07 13:00:00,
1.122490258,8176467,Rojer/Tecau,Rojer/Tecau v Petzschner/Peya,20,2016-01-07 07:55:55.827,1.32,2016-01-07 13:00:00,
1.122490258,8176467,Rojer/Tecau,Rojer/Tecau v Petzschner/Peya,30,2016-01-07 10:39:33.655,1.29,2016-01-07 13:00:00,
1.122490258,8176467,Rojer/Tecau,Rojer/Tecau v Petzschner/Peya,40,2016-01-07 11:25:43.104,1.32,2016-01-07 13:00:00,
1.122490258,8176467,Rojer/Tecau,Rojer/Tecau v Petzschner/Peya,50,2016-01-07 11:40:40.806,1.34,2016-01-07 13:00:00,
1.122490258,8176467,Rojer/Tecau,Rojer/Tecau v Petzschner/Peya,60,2016-01-07 11:51:46.481,1.33,2016-01-07 13:00:00,
1.122490258,8176467,Rojer/Tecau,Rojer/Tecau v Petzschner/Peya,70,2016-01-07 11:52:22.783,1.26,2016-01-07 13:00:00,
1.122490258,8176467,Rojer/Tecau,Rojer/Tecau v Petzschner/Peya,80,2016-01-07 12:13:41.628,1.32,2016-01-07 13:00:00,
1.122490258,8176467,Rojer/Tecau,Rojer/Tecau v Petzschner/Peya,90,2016-01-07 12:40:41.422,1.33,2016-01-07 13:00:00,
1.122490258,8176467,Rojer/Tecau,Rojer/Tecau v Petzschner/Peya,100,2016-01-07 12:57:29.723,1.4,2016-01-07 13:00:00,
1.122490342,2251410,Rafael Nadal,An Kuznetsov v Nadal,0,2016-01-06 17:15:04.176,1.06,2016-01-07 09:00:00,
1.122490342,2251410,Rafael Nadal,An Kuznetsov v Nadal,10,2016-01-06 20:58:29.483,1.04,2016-01-07 14:15:00,
1.122490342,2251410,Rafael Nadal,An Kuznetsov v Nadal,20,2016-01-06 23:10:57.631,1.04,2016-01-07 14:15:00,
1.122490342,2251410,Rafael Nadal,An Kuznetsov v Nadal,30,2016-01-07 08:14:57.434,1.05,2016-01-07 14:15:00,
1.122490342,2251410,Rafael Nadal,An Kuznetsov v Nadal,40,2016-01-07 10:05:05.403,1.05,2016-01-07 14:15:00,
1.122490342,2251410,Rafael Nadal,An Kuznetsov v Nadal,50,2016-01-07 12:29:10.121,1.04,2016-01-07 14:15:00,
1.122490342,2251410,Rafael Nadal,An Kuznetsov v Nadal,60,2016-01-07 12:50:06.667,1.04,2016-01-07 14:15:00,
1.122490342,2251410,Rafael Nadal,An Kuznetsov v Nadal,70,2016-01-07 13:21:09.923,1.04,2016-01-07 14:15:00,
1.122490342,2251410,Rafael Nadal,An Kuznetsov v Nadal,80,2016-01-07 13:38:49.675,1.05,2016-01-07 14:15:00,
1.122490342,2251410,Rafael Nadal,An Kuznetsov v Nadal,90,2016-01-07 14:08:58.991,1.05,2016-01-07 14:15:00,
1.122490342,2251410,Rafael Nadal,An Kuznetsov v Nadal,100,2016-01-07 14:29:08.739,1.06,2016-01-07 14:31:00,
1.122490342,4257454,Andrey Kuznetsov,An Kuznetsov v Nadal,0,2016-01-06 18:57:18.575,22.0,2016-01-07 14:15:00,
1.122490342,4257454,Andrey Kuznetsov,An Kuznetsov v Nadal,10,2016-01-07 05:45:39.075,23.0,2016-01-07 14:15:00,
1.122490342,4257454,Andrey Kuznetsov,An Kuznetsov v Nadal,20,2016-01-07 09:11:05.721,24.0,2016-01-07 14:15:00,
1.122490342,4257454,Andrey Kuznetsov,An Kuznetsov v Nadal,30,2016-01-07 11:07:41.345,24.0,2016-01-07 14:15:00,
1.122490342,4257454,Andrey Kuznetsov,An Kuznetsov v Nadal,40,2016-01-07 12:15:01.191,23.0,2016-01-07 14:15:00,
1.122490342,4257454,Andrey Kuznetsov,An Kuznetsov v Nadal,50,2016-01-07 13:09:16.581,22.0,2016-01-07 14:15:00,
1.122490342,4257454,Andrey Kuznetsov,An Kuznetsov v Nadal,60,2016-01-07 13:32:40.525,24.0,2016-01-07 14:15:00,
1.122490342,4257454,Andrey Kuznetsov,An Kuznetsov v Nadal,70,2016-01-07 14:02:52.652,22.0,2016-01-07 14:15:00,
1.122490342,4257454,Andrey Kuznetsov,An Kuznetsov v Nadal,80,2016-01-07 14:14:56.305,21.0,2016-01-07 14:15:00,
1.122490342,4257454,Andrey Kuznetsov,An Kuznetsov v Nadal,90,2016-01-07 14:27:10.175,18.5,2016-01-07 14:31:00,
1.122490342,4257454,Andrey Kuznetsov,An Kuznetsov v Nadal,100,2016-01-07 14:29:57.446,19.0,2016-01-07 14:31:00,
1.122490929,4520808,Facundo Bagnis,Clezar v Bagnis,0,2016-01-07 07:53:41.126,1.7,2016-01-07 16:00:00,
1.122490929,4520808,Facundo Bagnis,Clezar v Bagnis,10,2016-01-07 12:49:49.147,1.7,2016-01-07 16:00:00,
1.122490929,4520808,Facundo Bagnis,Clezar v Bagnis,20,2016-01-07 14:02:51.620,1.79,2016-01-07 16:00:00,
1.122490929,4520808,Facundo Bagnis,Clezar v Bagnis,30,2016-01-07 14:41:23.854,1.78,2016-01-07 16:00:00,
1.122490929,4520808,Facundo Bagnis,Clezar v Bagnis,40,2016-01-07 15:15:34.335,1.77,2016-01-07 17:30:00,
1.122490929,4520808,Facundo Bagnis,Clezar v Bagnis,50,2016-01-07 15:48:57.824,1.74,2016-01-07 17:30:00,
1.122490929,4520808,Facundo Bagnis,Clezar v Bagnis,60,2016-01-07 16:40:48.508,1.7,2016-01-07 17:30:00,
1.122490929,4520808,Facundo Bagnis,Clezar v Bagnis,70,2016-01-07 16:51:37.411,1.72,2016-01-07 17:30:00,
1.122490929,4520808,Facundo Bagnis,Clezar v Bagnis,80,2016-01-07 17:29:49.246,1.76,2016-01-07 17:30:00,
1.122490929,4520808,Facundo Bagnis,Clezar v Bagnis,90,2016-01-07 18:53:44.261,1.72,2016-01-07 19:30:00,
1.122490929,4520808,Facundo Bagnis,Clezar v Bagnis,100,2016-01-07 21:03:33.229,1.82,2016-01-07 21:05:00,
1.122490929,5304142,Guilherme Clezar,Clezar v Bagnis,0,2016-01-07 11:23:56.991,2.18,2016-01-07 16:00:00,
1.122490929,5304142,Guilherme Clezar,Clezar v Bagnis,10,2016-01-07 12:51:53.665,2.44,2016-01-07 16:00:00,
1.122490929,5304142,Guilherme Clezar,Clezar v Bagnis,20,2016-01-07 14:01:33.485,2.26,2016-01-07 16:00:00,
1.122490929,5304142,Guilherme Clezar,Clezar v Bagnis,30,2016-01-07 14:41:23.854,2.3,2016-01-07 16:00:00,
1.122490929,5304142,Guilherme Clezar,Clezar v Bagnis,40,2016-01-07 15:48:57.824,2.28,2016-01-07 17:30:00,
1.122490929,5304142,Guilherme Clezar,Clezar v Bagnis,50,2016-01-07 16:23:47.883,2.4,2016-01-07 17:30:00,
1.122490929,5304142,Guilherme Clezar,Clezar v Bagnis,60,2016-01-07 16:28:54.310,2.36,2016-01-07 17:30:00,
1.122490929,5304142,Guilherme Clezar,Clezar v Bagnis,70,2016-01-07 16:40:48.508,2.42,2016-01-07 17:30:00,
1.122490929,5304142,Guilherme Clezar,Clezar v Bagnis,80,2016-01-07 16:51:37.411,2.38,2016-01-07 17:30:00,
1.122490929,5304142,Guilherme Clezar,Clezar v Bagnis,90,2016-01-07 17:28:52.803,2.32,2016-01-07 17:30:00,
1.122490929,5304142,Guilherme Clezar,Clezar v Bagnis,100,2016-01-07 20:58:22.321,2.2,2016-01-07 21:05:00,
1.122490948,4720523,Gianni Mina,G Mina v Carballes Baena,0,2016-01-07 09:58:42.670,3.6,2016-01-07 16:00:00,
1.122490948,4720523,Gianni Mina,G Mina v Carballes Baena,10,2016-01-07 12:46:21.000,4.4,2016-01-07 16:00:00,
1.122490948,4720523,Gianni Mina,G Mina v Carballes Baena,20,2016-01-07 13:05:57.605,3.7,2016-01-07 16:00:00,
1.122490948,4720523,Gianni Mina,G Mina v Carballes Baena,30,2016-01-07 14:31:45.340,4.3,2016-01-07 16:00:00,
1.122490948,4720523,Gianni Mina,G Mina v Carballes Baena,40,2016-01-07 15:03:47.840,4.2,2016-01-07 16:00:00,
1.122490948,4720523,Gianni Mina,G Mina v Carballes Baena,50,2016-01-07 15:49:03.416,3.75,2016-01-07 19:15:00,
1.122490948,4720523,Gianni Mina,G Mina v Carballes Baena,60,2016-01-07 16:30:17.063,3.9,2016-01-07 19:15:00,
1.122490948,4720523,Gianni Mina,G Mina v Carballes Baena,70,2016-01-07 17:15:35.968,4.0,2016-01-07 19:15:00,
1.122490948,4720523,Gianni Mina,G Mina v Carballes Baena,80,2016-01-07 17:45:58.410,4.3,2016-01-07 19:15:00,
1.122490948,4720523,Gianni Mina,G Mina v Carballes Baena,90,2016-01-08 04:56:47.729,4.7,2016-01-08 14:00:00,
1.122490948,4720523,Gianni Mina,G Mina v Carballes Baena,100,2016-01-08 13:46:42.688,4.4,2016-01-08 14:00:00,
1.122490948,7185192,Roberto Carballes Baena,G Mina v Carballes Baena,0,2016-01-07 07:54:01.226,1.23,2016-01-07 16:00:00,
1.122490948,7185192,Roberto Carballes Baena,G Mina v Carballes Baena,10,2016-01-07 12:46:21.000,1.29,2016-01-07 16:00:00,
1.122490948,7185192,Roberto Carballes Baena,G Mina v Carballes Baena,20,2016-01-07 13:22:21.465,1.3,2016-01-07 16:00:00,
1.122490948,7185192,Roberto Carballes Baena,G Mina v Carballes Baena,30,2016-01-07 14:31:45.340,1.3,2016-01-07 16:00:00,
1.122490948,7185192,Roberto Carballes Baena,G Mina v Carballes Baena,40,2016-01-07 15:31:30.739,1.31,2016-01-07 19:15:00,
1.122490948,7185192,Roberto Carballes Baena,G Mina v Carballes Baena,50,2016-01-07 15:57:05.568,1.37,2016-01-07 19:15:00,
1.122490948,7185192,Roberto Carballes Baena,G Mina v Carballes Baena,60,2016-01-07 17:48:46.595,1.3,2016-01-07 19:15:00,
1.122490948,7185192,Roberto Carballes Baena,G Mina v Carballes Baena,70,2016-01-07 22:33:47.428,1.26,2016-01-07 22:45:00,
1.122490948,7185192,Roberto Carballes Baena,G Mina v Carballes Baena,80,2016-01-07 22:40:11.440,1.3,2016-01-07 22:45:00,
1.122490948,7185192,Roberto Carballes Baena,G Mina v Carballes Baena,90,2016-01-08 11:54:25.286,1.24,2016-01-08 14:00:00,
1.122490948,7185192,Roberto Carballes Baena,G Mina v Carballes Baena,100,2016-01-08 13:54:33.487,1.25,2016-01-08 13:56:00,
1.122490962,2256470,Tomas Berdych,Berdych v Edmund,0,2016-01-06 18:48:17.663,1.05,2016-01-07 17:45:00,
1.122490962,2256470,Tomas Berdych,Berdych v Edmund,10,2016-01-06 23:24:43.344,1.14,2016-01-07 17:45:00,
1.122490962,2256470,Tomas Berdych,Berdych v Edmund,20,2016-01-07 10:42:38.148,1.13,2016-01-07 17:45:00,
1.122490962,2256470,Tomas Berdych,Berdych v Edmund,30,2016-01-07 12:41:02.399,1.14,2016-01-07 17:45:00,
1.122490962,2256470,Tomas Berdych,Berdych v Edmund,40,2016-01-07 13:22:55.795,1.12,2016-01-07 17:45:00,
1.122490962,2256470,Tomas Berdych,Berdych v Edmund,50,2016-01-07 14:36:58.472,1.13,2016-01-07 17:45:00,
1.122490962,2256470,Tomas Berdych,Berdych v Edmund,60,2016-01-07 15:12:56.455,1.12,2016-01-07 17:45:00,
1.122490962,2256470,Tomas Berdych,Berdych v Edmund,70,2016-01-07 16:04:24.037,1.13,2016-01-07 17:45:00,
1.122490962,2256470,Tomas Berdych,Berdych v Edmund,80,2016-01-07 17:05:50.270,1.12,2016-01-07 17:45:00,
1.122490962,2256470,Tomas Berdych,Berdych v Edmund,90,2016-01-07 17:35:57.933,1.13,2016-01-07 17:45:00,
1.122490962,2256470,Tomas Berdych,Berdych v Edmund,100,2016-01-07 19:00:56.185,1.13,2016-01-07 19:04:00,
1.122490962,5626817,Kyle Edmund,Berdych v Edmund,0,2016-01-07 01:43:36.999,8.8,2016-01-07 17:45:00,
1.122490962,5626817,Kyle Edmund,Berdych v Edmund,10,2016-01-07 10:31:00.823,9.0,2016-01-07 17:45:00,
1.122490962,5626817,Kyle Edmund,Berdych v Edmund,20,2016-01-07 13:26:57.301,9.0,2016-01-07 17:45:00,
1.122490962,5626817,Kyle Edmund,Berdych v Edmund,30,2016-01-07 14:46:35.593,8.8,2016-01-07 17:45:00,
1.122490962,5626817,Kyle Edmund,Berdych v Edmund,40,2016-01-07 15:17:48.272,8.8,2016-01-07 17:45:00,
1.122490962,5626817,Kyle Edmund,Berdych v Edmund,50,2016-01-07 16:09:56.486,9.0,2016-01-07 17:45:00,
1.122490962,5626817,Kyle Edmund,Berdych v Edmund,60,2016-01-07 16:38:48.896,9.0,2016-01-07 17:45:00,
1.122490962,5626817,Kyle Edmund,Berdych v Edmund,70,2016-01-07 17:02:56.450,9.2,2016-01-07 17:45:00,
1.122490962,5626817,Kyle Edmund,Berdych v Edmund,80,2016-01-07 17:35:57.933,9.0,2016-01-07 17:45:00,
1.122490962,5626817,Kyle Edmund,Berdych v Edmund,90,2016-01-07 17:43:52.751,9.2,2016-01-07 17:45:00,
1.122490962,5626817,Kyle Edmund,Berdych v Edmund,100,2016-01-07 19:01:56.965,8.4,2016-01-07 19:04:00,
1.122491031,4994683,Axel Michon,J Paz v Michon,0,2016-01-07 10:16:51.615,1.57,2016-01-07 21:00:00,
1.122491031,4994683,Axel Michon,J Paz v Michon,10,2016-01-07 11:24:02.251,1.65,2016-01-07 21:00:00,
1.122491031,4994683,Axel Michon,J Paz v Michon,20,2016-01-07 14:37:56.002,1.58,2016-01-07 21:00:00,
1.122491031,4994683,Axel Michon,J Paz v Michon,30,2016-01-07 17:03:04.555,1.56,2016-01-07 21:00:00,
1.122491031,4994683,Axel Michon,J Paz v Michon,40,2016-01-07 17:28:52.470,1.57,2016-01-07 21:00:00,
1.122491031,4994683,Axel Michon,J Paz v Michon,50,2016-01-07 19:59:51.438,1.59,2016-01-07 21:00:00,
1.122491031,4994683,Axel Michon,J Paz v Michon,60,2016-01-07 20:36:49.258,1.6,2016-01-07 21:00:00,
1.122491031,4994683,Axel Michon,J Paz v Michon,70,2016-01-07 20:44:06.725,1.59,2016-01-07 21:00:00,
1.122491031,4994683,Axel Michon,J Paz v Michon,80,2016-01-07 20:53:04.463,1.53,2016-01-07 21:00:00,
1.122491031,4994683,Axel Michon,J Paz v Michon,90,2016-01-07 22:43:05.113,1.56,2016-01-07 22:51:00,
1.122491031,4994683,Axel Michon,J Paz v Michon,100,2016-01-07 22:49:00.419,1.56,2016-01-07 22:51:00,
1.122491133,6603914,Guido Andreozzi,Heras v Andreozzi,0,2016-01-07 12:53:17.780,1.24,2016-01-07 19:30:00,
1.122491133,6603914,Guido Andreozzi,Heras v Andreozzi,10,2016-01-07 16:51:56.097,1.32,2016-01-07 19:15:00,
1.122491133,6603914,Guido Andreozzi,Heras v Andreozzi,20,2016-01-07 16:57:09.644,1.36,2016-01-07 19:15:00,
1.122491133,6603914,Guido Andreozzi,Heras v Andreozzi,30,2016-01-07 17:11:14.466,1.37,2016-01-07 19:15:00,
1.122491133,6603914,Guido Andreozzi,Heras v Andreozzi,40,2016-01-07 17:16:44.591,1.29,2016-01-07 19:15:00,
1.122491133,6603914,Guido Andreozzi,Heras v Andreozzi,50,2016-01-07 19:27:11.146,1.32,2016-01-07 23:00:00,
1.122491133,6603914,Guido Andreozzi,Heras v Andreozzi,60,2016-01-07 20:30:55.531,1.29,2016-01-08 00:00:00,
1.122491133,6603914,Guido Andreozzi,Heras v Andreozzi,70,2016-01-07 23:50:38.374,1.28,2016-01-08 00:00:00,
1.122491133,6603914,Guido Andreozzi,Heras v Andreozzi,80,2016-01-07 23:59:32.594,1.29,2016-01-08 00:00:00,
1.122491133,6603914,Guido Andreozzi,Heras v Andreozzi,90,2016-01-08 12:44:36.007,1.33,2016-01-08 14:00:00,
1.122491133,6603914,Guido Andreozzi,Heras v Andreozzi,100,2016-01-08 13:45:43.501,1.32,2016-01-08 14:00:00,
1.122491314,4597116,Viktoriya Tomova,Viktoriya Tomova v Victoria Smirnova,0,2016-01-08 07:07:31.880,1.24,2016-01-08 10:30:00,
1.122491314,4597116,Viktoriya Tomova,Viktoriya Tomova v Victoria Smirnova,10,2016-01-08 10:57:50.524,1.05,2016-01-08 12:00:00,2016-01-08 10:02:40.613
1.122491314,4597116,Viktoriya Tomova,Viktoriya Tomova v Victoria Smirnova,20,2016-01-08 11:05:38.696,2.0,2016-01-08 12:00:00,2016-01-08 10:02:40.613
1.122491314,4597116,Viktoriya Tomova,Viktoriya Tomova v Victoria Smirnova,30,2016-01-08 11:21:49.279,1.4,2016-01-08 12:00:00,2016-01-08 10:02:40.613
1.122491314,4597116,Viktoriya Tomova,Viktoriya Tomova v Victoria Smirnova,40,2016-01-08 11:27:41.166,1.6,2016-01-08 12:00:00,2016-01-08 10:02:40.613
1.122491314,4597116,Viktoriya Tomova,Viktoriya Tomova v Victoria Smirnova,50,2016-01-08 11:28:45.004,1.52,2016-01-08 12:00:00,2016-01-08 10:02:40.613
1.122491314,4597116,Viktoriya Tomova,Viktoriya Tomova v Victoria Smirnova,60,2016-01-08 11:32:41.625,1.4,2016-01-08 12:00:00,2016-01-08 10:02:40.613
1.122491314,4597116,Viktoriya Tomova,Viktoriya Tomova v Victoria Smirnova,70,2016-01-08 11:35:10.500,1.33,2016-01-08 12:00:00,2016-01-08 10:02:40.613
1.122491314,4597116,Viktoriya Tomova,Viktoriya Tomova v Victoria Smirnova,80,2016-01-08 11:36:47.602,1.32,2016-01-08 12:00:00,2016-01-08 10:02:40.613
1.122491314,4597116,Viktoriya Tomova,Viktoriya Tomova v Victoria Smirnova,90,2016-01-08 11:37:47.242,1.31,2016-01-08 12:00:00,2016-01-08 10:02:40.613
1.122491314,4597116,Viktoriya Tomova,Viktoriya Tomova v Victoria Smirnova,100,2016-01-08 11:39:49.023,1.35,2016-01-08 12:00:00,2016-01-08 10:02:40.613
1.122491314,9632850,Victoria Smirnova,Viktoriya Tomova v Victoria Smirnova,0,2016-01-08 07:07:31.880,5.1,2016-01-08 10:30:00,
1.122491314,9632850,Victoria Smirnova,Viktoriya Tomova v Victoria Smirnova,10,2016-01-08 11:09:06.337,2.7,2016-01-08 12:00:00,2016-01-08 10:02:40.613
1.122491314,9632850,Victoria Smirnova,Viktoriya Tomova v Victoria Smirnova,20,2016-01-08 11:13:45.528,2.62,2016-01-08 12:00:00,2016-01-08 10:02:40.613
1.122491314,9632850,Victoria Smirnova,Viktoriya Tomova v Victoria Smirnova,30,2016-01-08 11:14:41.441,3.0,2016-01-08 12:00:00,2016-01-08 10:02:40.613
1.122491314,9632850,Victoria Smirnova,Viktoriya Tomova v Victoria Smirnova,40,2016-01-08 11:22:49.701,3.1,2016-01-08 12:00:00,2016-01-08 10:02:40.613
1.122491314,9632850,Victoria Smirnova,Viktoriya Tomova v Victoria Smirnova,50,2016-01-08 11:23:43.327,2.48,2016-01-08 12:00:00,2016-01-08 10:02:40.613
1.122491314,9632850,Victoria Smirnova,Viktoriya Tomova v Victoria Smirnova,60,2016-01-08 11:25:24.267,2.04,2016-01-08 12:00:00,2016-01-08 10:02:40.613
1.122491314,9632850,Victoria Smirnova,Viktoriya Tomova v Victoria Smirnova,70,2016-01-08 11:28:45.004,2.66,2016-01-08 12:00:00,2016-01-08 10:02:40.613
1.122491314,9632850,Victoria Smirnova,Viktoriya Tomova v Victoria Smirnova,80,2016-01-08 11:29:47.298,2.8,2016-01-08 12:00:00,2016-01-08 10:02:40.613
1.122491314,9632850,Victoria Smirnova,Viktoriya Tomova v Victoria Smirnova,90,2016-01-08 11:34:40.302,3.85,2016-01-08 12:00:00,2016-01-08 10:02:40.613
1.122491314,9632850,Victoria Smirnova,Viktoriya Tomova v Victoria Smirnova,100,2016-01-08 11:36:47.602,4.1,2016-01-08 12:00:00,2016-01-08 10:02:40.613
1.122491367,10689065,Bagnis/Molteni,Sabanov/Sabanov v Bagnis/Molteni,0,2016-01-07 11:24:02.251,1.9,2016-01-07 19:00:00,
1.122491367,10689065,Bagnis/Molteni,Sabanov/Sabanov v Bagnis/Molteni,10,2016-01-07 14:38:24.915,1.61,2016-01-07 19:00:00,
1.122491367,10689065,Bagnis/Molteni,Sabanov/Sabanov v Bagnis/Molteni,20,2016-01-07 16:55:21.848,1.62,2016-01-07 20:00:00,
1.122491367,10689065,Bagnis/Molteni,Sabanov/Sabanov v Bagnis/Molteni,30,2016-01-08 11:25:38.289,1.59,2016-01-08 19:15:00,
1.122491367,10689065,Bagnis/Molteni,Sabanov/Sabanov v Bagnis/Molteni,40,2016-01-08 11:27:47.161,1.6,2016-01-08 19:15:00,
1.122491367,10689065,Bagnis/Molteni,Sabanov/Sabanov v Bagnis/Molteni,50,2016-01-08 16:00:39.933,1.64,2016-01-08 19:15:00,
1.122491367,10689065,Bagnis/Molteni,Sabanov/Sabanov v Bagnis/Molteni,60,2016-01-08 18:01:23.663,1.59,2016-01-08 20:15:00,
1.122491367,10689065,Bagnis/Molteni,Sabanov/Sabanov v Bagnis/Molteni,70,2016-01-08 19:34:40.151,1.62,2016-01-08 20:15:00,
1.122491367,10689065,Bagnis/Molteni,Sabanov/Sabanov v Bagnis/Molteni,80,2016-01-08 20:10:00.705,1.64,2016-01-08 20:15:00,
1.122491367,10689065,Bagnis/Molteni,Sabanov/Sabanov v Bagnis/Molteni,90,2016-01-08 20:24:47.667,1.57,2016-01-08 20:29:00,
1.122491367,10689065,Bagnis/Molteni,Sabanov/Sabanov v Bagnis/Molteni,100,2016-01-08 20:28:32.249,1.6,2016-01-08 20:29:00,
1.122491456,7593393,Maximiliano Estevez,Estevez v Torebko,0,2016-01-07 11:50:32.607,1.84,2016-01-07 17:45:00,
1.122491456,7593393,Maximiliano Estevez,Estevez v Torebko,10,2016-01-07 11:51:29.751,1.98,2016-01-07 17:45:00,
1.122491456,7593393,Maximiliano Estevez,Estevez v Torebko,20,2016-01-07 15:25:47.377,1.74,2016-01-07 17:30:00,
1.122491456,7593393,Maximiliano Estevez,Estevez v Torebko,30,2016-01-07 15:51:31.792,1.85,2016-01-07 17:30:00,
1.122491456,7593393,Maximiliano Estevez,Estevez v Torebko,40,2016-01-07 16:10:47.311,1.84,2016-01-07 17:30:00,
1.122491456,7593393,Maximiliano Estevez,Estevez v Torebko,50,2016-01-07 17:08:37.419,1.82,2016-01-07 17:30:00,
1.122491456,7593393,Maximiliano Estevez,Estevez v Torebko,60,2016-01-07 17:12:22.933,1.86,2016-01-07 17:30:00,
1.122491456,7593393,Maximiliano Estevez,Estevez v Torebko,70,2016-01-07 17:29:41.062,1.82,2016-01-07 17:30:00,
1.122491456,7593393,Maximiliano Estevez,Estevez v Torebko,80,2016-01-07 18:40:49.665,1.79,2016-01-07 19:30:00,
1.122491456,7593393,Maximiliano Estevez,Estevez v Torebko,90,2016-01-07 19:02:49.073,1.8,2016-01-07 19:30:00,
1.122491456,7593393,Maximiliano Estevez,Estevez v Torebko,100,2016-01-07 19:48:26.242,1.8,2016-01-07 19:50:00,
1.122491487,4566011,Alison Riske,Babos v Riske,0,2016-01-07 10:24:06.907,2.66,2016-01-08 04:00:00,
1.122491487,4566011,Alison Riske,Babos v Riske,10,2016-01-07 17:26:34.299,2.72,2016-01-08 04:00:00,
1.122491487,4566011,Alison Riske,Babos v Riske,20,2016-01-07 19:04:14.237,2.74,2016-01-08 04:00:00,
1.122491487,4566011,Alison Riske,Babos v Riske,30,2016-01-07 21:01:30.139,2.84,2016-01-08 04:00:00,
1.122491487,4566011,Alison Riske,Babos v Riske,40,2016-01-07 21:44:44.943,2.74,2016-01-08 04:00:00,
1.122491487,4566011,Alison Riske,Babos v Riske,50,2016-01-07 22:13:19.509,2.88,2016-01-08 04:00:00,
1.122491487,4566011,Alison Riske,Babos v Riske,60,2016-01-07 22:31:09.069,2.86,2016-01-08 04:00:00,
1.122491487,4566011,Alison Riske,Babos v Riske,70,2016-01-07 22:43:24.094,2.78,2016-01-08 04:00:00,
1.122491487,4566011,Alison Riske,Babos v Riske,80,2016-01-07 23:29:22.106,2.74,2016-01-08 04:00:00,
1.122491487,4566011,Alison Riske,Babos v Riske,90,2016-01-07 23:42:27.914,2.78,2016-01-08 04:00:00,
1.122491487,4566011,Alison Riske,Babos v Riske,100,2016-01-08 02:14:25.594,2.74,2016-01-08 04:00:00,
1.122491487,4828174,Timea Babos,Babos v Riske,0,2016-01-07 09:54:29.016,1.6,2016-01-08 04:00:00,
1.122491487,4828174,Timea Babos,Babos v Riske,10,2016-01-07 15:41:59.873,1.58,2016-01-08 04:00:00,
1.122491487,4828174,Timea Babos,Babos v Riske,20,2016-01-07 17:32:28.139,1.55,2016-01-08 04:00:00,
1.122491487,4828174,Timea Babos,Babos v Riske,30,2016-01-07 20:09:19.352,1.55,2016-01-08 04:00:00,
1.122491487,4828174,Timea Babos,Babos v Riske,40,2016-01-07 22:13:19.509,1.54,2016-01-08 04:00:00,
1.122491487,4828174,Timea Babos,Babos v Riske,50,2016-01-07 22:26:12.461,1.55,2016-01-08 04:00:00,
1.122491487,4828174,Timea Babos,Babos v Riske,60,2016-01-07 22:43:24.094,1.56,2016-01-08 04:00:00,
1.122491487,4828174,Timea Babos,Babos v Riske,70,2016-01-07 23:32:22.681,1.58,2016-01-08 04:00:00,
1.122491487,4828174,Timea Babos,Babos v Riske,80,2016-01-08 02:14:25.594,1.57,2016-01-08 04:00:00,
1.122491487,4828174,Timea Babos,Babos v Riske,90,2016-01-08 02:55:24.705,1.56,2016-01-08 04:00:00,
1.122491487,4828174,Timea Babos,Babos v Riske,100,2016-01-08 04:03:34.231,1.57,2016-01-08 04:04:00,
1.122491608,2263536,Mikhail Youzhny,Youzhny v Gerasimov,0,2016-01-07 12:27:28.029,1.32,2016-01-08 06:30:00,
1.122491608,2263536,Mikhail Youzhny,Youzhny v Gerasimov,10,2016-01-07 21:35:17.414,1.34,2016-01-08 06:30:00,
1.122491608,2263536,Mikhail Youzhny,Youzhny v Gerasimov,20,2016-01-07 22:39:12.412,1.36,2016-01-08 06:30:00,
1.122491608,2263536,Mikhail Youzhny,Youzhny v Gerasimov,30,2016-01-07 23:24:04.616,1.46,2016-01-08 06:30:00,
1.122491608,2263536,Mikhail Youzhny,Youzhny v Gerasimov,40,2016-01-08 00:11:08.738,1.39,2016-01-08 06:30:00,
1.122491608,2263536,Mikhail Youzhny,Youzhny v Gerasimov,50,2016-01-08 01:02:02.064,1.46,2016-01-08 06:30:00,
1.122491608,2263536,Mikhail Youzhny,Youzhny v Gerasimov,60,2016-01-08 02:03:07.852,1.46,2016-01-08 06:30:00,
1.122491608,2263536,Mikhail Youzhny,Youzhny v Gerasimov,70,2016-01-08 03:05:15.590,1.48,2016-01-08 06:30:00,
1.122491608,2263536,Mikhail Youzhny,Youzhny v Gerasimov,80,2016-01-08 04:10:17.826,1.48,2016-01-08 06:30:00,
1.122491608,2263536,Mikhail Youzhny,Youzhny v Gerasimov,90,2016-01-08 05:41:19.695,1.49,2016-01-08 06:30:00,
1.122491608,2263536,Mikhail Youzhny,Youzhny v Gerasimov,100,2016-01-08 07:16:21.759,1.53,2016-01-08 07:17:00,2016-01-08 07:16:21.759
1.122496066,2263577,Agnieszka Radwanska,A Radwanska v Friedsam,0,2016-01-07 12:08:53.746,1.08,2016-01-08 06:00:00,
1.122496066,2263577,Agnieszka Radwanska,A Radwanska v Friedsam,10,2016-01-07 17:20:46.600,1.08,2016-01-08 06:00:00,
1.122496066,2263577,Agnieszka Radwanska,A Radwanska v Friedsam,20,2016-01-07 19:04:12.529,1.08,2016-01-08 06:00:00,
1.122496066,2263577,Agnieszka Radwanska,A Radwanska v Friedsam,30,2016-01-07 20:42:33.847,1.08,2016-01-08 06:00:00,
1.122496066,2263577,Agnieszka Radwanska,A Radwanska v Friedsam,40,2016-01-07 22:06:58.377,1.07,2016-01-08 06:00:00,
1.122496066,2263577,Agnieszka Radwanska,A Radwanska v Friedsam,50,2016-01-07 23:10:07.651,1.1,2016-01-08 06:00:00,
1.122496066,2263577,Agnieszka Radwanska,A Radwanska v Friedsam,60,2016-01-08 00:01:14.123,1.1,2016-01-08 06:00:00,
1.122496066,2263577,Agnieszka Radwanska,A Radwanska v Friedsam,70,2016-01-08 01:01:28.650,1.08,2016-01-08 06:00:00,
1.122496066,2263577,Agnieszka Radwanska,A Radwanska v Friedsam,80,2016-01-08 02:46:51.001,1.09,2016-01-08 06:00:00,
1.122496066,2263577,Agnieszka Radwanska,A Radwanska v Friedsam,90,2016-01-08 04:00:01.325,1.09,2016-01-08 06:00:00,
1.122496066,2263577,Agnieszka Radwanska,A Radwanska v Friedsam,100,2016-01-08 05:51:08.248,1.09,2016-01-08 06:00:00,
1.122496066,7593369,Anna-Lena Friedsam,A Radwanska v Friedsam,0,2016-01-07 12:18:52.336,13.5,2016-01-08 06:00:00,
1.122496066,7593369,Anna-Lena Friedsam,A Radwanska v Friedsam,10,2016-01-07 18:29:46.297,13.5,2016-01-08 06:00:00,
1.122496066,7593369,Anna-Lena Friedsam,A Radwanska v Friedsam,20,2016-01-07 19:13:46.630,15.5,2016-01-08 06:00:00,
1.122496066,7593369,Anna-Lena Friedsam,A Radwanska v Friedsam,30,2016-01-07 21:47:10.662,12.0,2016-01-08 06:00:00,
1.122496066,7593369,Anna-Lena Friedsam,A Radwanska v Friedsam,40,2016-01-07 21:56:04.552,11.0,2016-01-08 06:00:00,
1.122496066,7593369,Anna-Lena Friedsam,A Radwanska v Friedsam,50,2016-01-07 22:01:05.496,12.5,2016-01-08 06:00:00,
1.122496066,7593369,Anna-Lena Friedsam,A Radwanska v Friedsam,60,2016-01-07 23:01:17.427,12.5,2016-01-08 06:00:00,
1.122496066,7593369,Anna-Lena Friedsam,A Radwanska v Friedsam,70,2016-01-08 00:09:47.686,13.5,2016-01-08 06:00:00,
1.122496066,7593369,Anna-Lena Friedsam,A Radwanska v Friedsam,80,2016-01-08 02:06:14.247,12.0,2016-01-08 06:00:00,
1.122496066,7593369,Anna-Lena Friedsam,A Radwanska v Friedsam,90,2016-01-08 05:45:59.634,12.5,2016-01-08 06:00:00,
1.122496066,7593369,Anna-Lena Friedsam,A Radwanska v Friedsam,100,2016-01-08 06:00:11.520,12.0,2016-01-08 06:02:00,
1.122510536,3019240,Thomas Fabbiano,Paire v Fabbiano,0,2016-01-07 22:04:45.149,5.5,2016-01-08 11:30:00,
1.122510536,3019240,Thomas Fabbiano,Paire v Fabbiano,10,2016-01-07 23:45:42.893,5.4,2016-01-08 11:30:00,
1.122510536,3019240,Thomas Fabbiano,Paire v Fabbiano,20,2016-01-08 01:31:58.226,5.1,2016-01-08 11:30:00,
1.122510536,3019240,Thomas Fabbiano,Paire v Fabbiano,30,2016-01-08 05:18:27.956,5.0,2016-01-08 11:30:00,
1.122510536,3019240,Thomas Fabbiano,Paire v Fabbiano,40,2016-01-08 08:24:43.177,5.3,2016-01-08 11:30:00,
1.122510536,3019240,Thomas Fabbiano,Paire v Fabbiano,50,2016-01-08 08:48:54.935,5.0,2016-01-08 11:30:00,
1.122510536,3019240,Thomas Fabbiano,Paire v Fabbiano,60,2016-01-08 10:04:56.515,5.2,2016-01-08 11:30:00,
1.122510536,3019240,Thomas Fabbiano,Paire v Fabbiano,70,2016-01-08 10:33:57.426,5.2,2016-01-08 11:30:00,
1.122510536,3019240,Thomas Fabbiano,Paire v Fabbiano,80,2016-01-08 11:02:56.470,5.2,2016-01-08 11:30:00,
1.122510536,3019240,Thomas Fabbiano,Paire v Fabbiano,90,2016-01-08 11:17:48.822,5.2,2016-01-08 11:23:00,
1.122510536,3019240,Thomas Fabbiano,Paire v Fabbiano,100,2016-01-08 11:22:38.517,5.1,2016-01-08 11:23:00,
1.122510536,3911345,Benoit Paire,Paire v Fabbiano,0,2016-01-07 22:04:45.149,1.22,2016-01-08 11:30:00,
1.122510536,3911345,Benoit Paire,Paire v Fabbiano,10,2016-01-08 00:52:57.780,1.21,2016-01-08 11:30:00,
1.122510536,3911345,Benoit Paire,Paire v Fabbiano,20,2016-01-08 06:24:41.198,1.24,2016-01-08 11:30:00,
1.122510536,3911345,Benoit Paire,Paire v Fabbiano,30,2016-01-08 08:12:46.416,1.23,2016-01-08 11:30:00,
1.122510536,3911345,Benoit Paire,Paire v Fabbiano,40,2016-01-08 09:29:43.383,1.25,2016-01-08 11:30:00,
1.122510536,3911345,Benoit Paire,Paire v Fabbiano,50,2016-01-08 09:52:58.903,1.24,2016-01-08 11:30:00,
1.122510536,3911345,Benoit Paire,Paire v Fabbiano,60,2016-01-08 10:10:56.793,1.23,2016-01-08 11:30:00,
1.122510536,3911345,Benoit Paire,Paire v Fabbiano,70,2016-01-08 10:23:50.054,1.25,2016-01-08 11:30:00,
1.122510536,3911345,Benoit Paire,Paire v Fabbiano,80,2016-01-08 10:53:19.275,1.25,2016-01-08 11:30:00,
1.122510536,3911345,Benoit Paire,Paire v Fabbiano,90,2016-01-08 11:04:49.130,1.24,2016-01-08 11:30:00,
1.122510536,3911345,Benoit Paire,Paire v Fabbiano,100,2016-01-08 11:22:38.517,1.24,2016-01-08 11:23:00,
1.122512394,5706996,Aljaz Bedene,Al Bedene v Ramanathan,0,2016-01-07 18:19:19.505,1.2,2016-01-08 13:15:00,
1.122512394,5706996,Aljaz Bedene,Al Bedene v Ramanathan,10,2016-01-07 23:18:32.772,1.2,2016-01-08 13:15:00,
1.122512394,5706996,Aljaz Bedene,Al Bedene v Ramanathan,20,2016-01-08 07:53:11.122,1.22,2016-01-08 13:15:00,
1.122512394,5706996,Aljaz Bedene,Al Bedene v Ramanathan,30,2016-01-08 10:16:34.750,1.21,2016-01-08 13:15:00,
1.122512394,5706996,Aljaz Bedene,Al Bedene v Ramanathan,40,2016-01-08 10:51:42.518,1.22,2016-01-08 13:15:00,
1.122512394,5706996,Aljaz Bedene,Al Bedene v Ramanathan,50,2016-01-08 11:51:49.798,1.21,2016-01-08 13:15:00,
1.122512394,5706996,Aljaz Bedene,Al Bedene v Ramanathan,60,2016-01-08 12:48:43.759,1.22,2016-01-08 13:15:00,
1.122512394,5706996,Aljaz Bedene,Al Bedene v Ramanathan,70,2016-01-08 13:07:00.913,1.22,2016-01-08 13:15:00,
1.122512394,5706996,Aljaz Bedene,Al Bedene v Ramanathan,80,2016-01-08 13:21:01.523,1.2,2016-01-08 13:24:00,
1.122512394,5706996,Aljaz Bedene,Al Bedene v Ramanathan,90,2016-01-08 13:29:01.570,1.26,2016-01-08 13:35:00,2016-01-08 13:26:00.060
1.122512394,5706996,Aljaz Bedene,Al Bedene v Ramanathan,100,2016-01-08 13:34:01.488,1.23,2016-01-08 13:35:00,2016-01-08 13:26:00.060
1.122512394,8173038,Ramkumar Ramanathan,Al Bedene v Ramanathan,0,2016-01-07 19:22:51.258,5.9,2016-01-08 13:15:00,
1.122512394,8173038,Ramkumar Ramanathan,Al Bedene v Ramanathan,10,2016-01-07 21:27:43.851,5.9,2016-01-08 13:15:00,
1.122512394,8173038,Ramkumar Ramanathan,Al Bedene v Ramanathan,20,2016-01-08 08:13:16.023,5.9,2016-01-08 13:15:00,
1.122512394,8173038,Ramkumar Ramanathan,Al Bedene v Ramanathan,30,2016-01-08 11:26:55.949,5.5,2016-01-08 13:15:00,
1.122512394,8173038,Ramkumar Ramanathan,Al Bedene v Ramanathan,40,2016-01-08 12:33:31.729,5.8,2016-01-08 13:15:00,
1.122512394,8173038,Ramkumar Ramanathan,Al Bedene v Ramanathan,50,2016-01-08 13:07:00.913,5.5,2016-01-08 13:15:00,
1.122512394,8173038,Ramkumar Ramanathan,Al Bedene v Ramanathan,60,2016-01-08 13:12:01.493,6.0,2016-01-08 13:15:00,
1.122512394,8173038,Ramkumar Ramanathan,Al Bedene v Ramanathan,70,2016-01-08 13:20:01.415,5.7,2016-01-08 13:24:00,
1.122512394,8173038,Ramkumar Ramanathan,Al Bedene v Ramanathan,80,2016-01-08 13:28:00.674,6.0,2016-01-08 13:35:00,2016-01-08 13:26:00.060
1.122512394,8173038,Ramkumar Ramanathan,Al Bedene v Ramanathan,90,2016-01-08 13:31:01.219,5.4,2016-01-08 13:35:00,2016-01-08 13:26:00.060
1.122512394,8173038,Ramkumar Ramanathan,Al Bedene v Ramanathan,100,2016-01-08 13:34:01.488,5.1,2016-01-08 13:35:00,2016-01-08 13:26:00.060
1.122514345,2251410,Rafael Nadal,Marchenko v Nadal,0,2016-01-07 18:00:35.743,1.12,2016-01-08 09:00:00,
1.122514345,2251410,Rafael Nadal,Marchenko v Nadal,10,2016-01-07 21:51:04.887,1.11,2016-01-08 15:15:00,
1.122514345,2251410,Rafael Nadal,Marchenko v Nadal,20,2016-01-08 06:00:09.719,1.12,2016-01-08 15:15:00,
1.122514345,2251410,Rafael Nadal,Marchenko v Nadal,30,2016-01-08 08:29:17.161,1.12,2016-01-08 15:15:00,
1.122514345,2251410,Rafael Nadal,Marchenko v Nadal,40,2016-01-08 11:51:22.014,1.12,2016-01-08 15:15:00,
1.122514345,2251410,Rafael Nadal,Marchenko v Nadal,50,2016-01-08 12:55:49.762,1.13,2016-01-08 15:15:00,
1.122514345,2251410,Rafael Nadal,Marchenko v Nadal,60,2016-01-08 13:50:00.511,1.12,2016-01-08 15:15:00,
1.122514345,2251410,Rafael Nadal,Marchenko v Nadal,70,2016-01-08 14:07:59.788,1.12,2016-01-08 15:15:00,
1.122514345,2251410,Rafael Nadal,Marchenko v Nadal,80,2016-01-08 14:41:46.209,1.13,2016-01-08 15:15:00,
1.122514345,2251410,Rafael Nadal,Marchenko v Nadal,90,2016-01-08 14:57:00.515,1.12,2016-01-08 15:15:00,
1.122514345,2251410,Rafael Nadal,Marchenko v Nadal,100,2016-01-08 15:18:59.996,1.11,2016-01-08 15:20:00,
1.122514345,3691700,Illya Marchenko,Marchenko v Nadal,0,2016-01-07 18:00:35.743,9.4,2016-01-08 09:00:00,
1.122514345,3691700,Illya Marchenko,Marchenko v Nadal,10,2016-01-07 23:32:02.406,9.6,2016-01-08 15:15:00,
1.122514345,3691700,Illya Marchenko,Marchenko v Nadal,20,2016-01-08 09:10:10.091,9.2,2016-01-08 15:15:00,
1.122514345,3691700,Illya Marchenko,Marchenko v Nadal,30,2016-01-08 12:18:53.681,9.0,2016-01-08 15:15:00,
1.122514345,3691700,Illya Marchenko,Marchenko v Nadal,40,2016-01-08 12:57:31.081,8.8,2016-01-08 15:15:00,
1.122514345,3691700,Illya Marchenko,Marchenko v Nadal,50,2016-01-08 13:24:26.133,9.2,2016-01-08 15:15:00,
1.122514345,3691700,Illya Marchenko,Marchenko v Nadal,60,2016-01-08 13:53:39.626,9.0,2016-01-08 15:15:00,
1.122514345,3691700,Illya Marchenko,Marchenko v Nadal,70,2016-01-08 14:08:55.072,9.0,2016-01-08 15:15:00,
1.122514345,3691700,Illya Marchenko,Marchenko v Nadal,80,2016-01-08 14:33:55.820,8.8,2016-01-08 15:15:00,
1.122514345,3691700,Illya Marchenko,Marchenko v Nadal,90,2016-01-08 15:04:52.990,9.4,2016-01-08 15:15:00,
1.122514345,3691700,Illya Marchenko,Marchenko v Nadal,100,2016-01-08 15:18:59.996,9.4,2016-01-08 15:20:00,
1.122514746,9546313,Klaasen/Ram,Klaasen/Ram v Marach/Martin,0,2016-01-08 02:55:45.286,1.5,2016-01-08 13:15:00,
1.122514746,9546313,Klaasen/Ram,Klaasen/Ram v Marach/Martin,10,2016-01-08 08:57:52.609,1.42,2016-01-08 13:15:00,
1.122514746,9546313,Klaasen/Ram,Klaasen/Ram v Marach/Martin,20,2016-01-08 11:22:26.328,1.47,2016-01-08 13:15:00,
1.122514746,9546313,Klaasen/Ram,Klaasen/Ram v Marach/Martin,30,2016-01-08 12:31:54.244,1.47,2016-01-08 13:15:00,
1.122514746,9546313,Klaasen/Ram,Klaasen/Ram v Marach/Martin,40,2016-01-08 13:09:40.889,1.44,2016-01-08 13:15:00,
1.122514746,9546313,Klaasen/Ram,Klaasen/Ram v Marach/Martin,50,2016-01-08 13:16:28.168,1.44,2016-01-08 13:22:00,
1.122514746,9546313,Klaasen/Ram,Klaasen/Ram v Marach/Martin,60,2016-01-08 13:21:55.513,1.45,2016-01-08 13:22:00,
1.122514746,9546313,Klaasen/Ram,Klaasen/Ram v Marach/Martin,70,2016-01-08 13:27:54.027,1.6,2016-01-08 13:35:00,2016-01-08 13:25:55.802
1.122514746,9546313,Klaasen/Ram,Klaasen/Ram v Marach/Martin,80,2016-01-08 13:29:53.075,1.3,2016-01-08 13:35:00,2016-01-08 13:25:55.802
1.122514746,9546313,Klaasen/Ram,Klaasen/Ram v Marach/Martin,90,2016-01-08 13:30:52.180,1.65,2016-01-08 13:35:00,2016-01-08 13:25:55.802
1.122514746,9546313,Klaasen/Ram,Klaasen/Ram v Marach/Martin,100,2016-01-08 13:34:35.528,1.35,2016-01-08 13:35:00,2016-01-08 13:25:55.802
1.12251776,2249229,Novak Djokovic,N Djokovic v Berdych,0,2016-01-07 21:23:41.782,1.09,2016-01-08 17:00:00,
1.12251776,2249229,Novak Djokovic,N Djokovic v Berdych,10,2016-01-08 04:30:33.940,1.09,2016-01-08 17:00:00,
1.12251776,2249229,Novak Djokovic,N Djokovic v Berdych,20,2016-01-08 08:05:06.603,1.11,2016-01-08 17:00:00,
1.12251776,2249229,Novak Djokovic,N Djokovic v Berdych,30,2016-01-08 11:04:00.084,1.11,2016-01-08 17:00:00,
1.12251776,2249229,Novak Djokovic,N Djokovic v Berdych,40,2016-01-08 11:51:43.660,1.11,2016-01-08 17:00:00,
1.12251776,2249229,Novak Djokovic,N Djokovic v Berdych,50,2016-01-08 12:43:44.672,1.11,2016-01-08 17:00:00,
1.12251776,2249229,Novak Djokovic,N Djokovic v Berdych,60,2016-01-08 13:20:07.844,1.11,2016-01-08 17:00:00,
1.12251776,2249229,Novak Djokovic,N Djokovic v Berdych,70,2016-01-08 15:16:34.232,1.13,2016-01-08 17:00:00,
1.12251776,2249229,Novak Djokovic,N Djokovic v Berdych,80,2016-01-08 16:29:04.495,1.11,2016-01-08 17:00:00,
1.12251776,2249229,Novak Djokovic,N Djokovic v Berdych,90,2016-01-08 16:44:02.938,1.11,2016-01-08 17:00:00,
1.12251776,2249229,Novak Djokovic,N Djokovic v Berdych,100,2016-01-08 16:57:08.269,1.12,2016-01-08 16:58:00,
1.12251776,2256470,Tomas Berdych,N Djokovic v Berdych,0,2016-01-07 21:23:41.782,12.5,2016-01-08 17:00:00,
1.12251776,2256470,Tomas Berdych,N Djokovic v Berdych,10,2016-01-08 08:43:45.168,9.4,2016-01-08 17:00:00,
1.12251776,2256470,Tomas Berdych,N Djokovic v Berdych,20,2016-01-08 11:04:57.646,9.4,2016-01-08 17:00:00,
1.12251776,2256470,Tomas Berdych,N Djokovic v Berdych,30,2016-01-08 11:41:55.672,9.4,2016-01-08 17:00:00,
1.12251776,2256470,Tomas Berdych,N Djokovic v Berdych,40,2016-01-08 14:23:07.172,9.4,2016-01-08 17:00:00,
1.12251776,2256470,Tomas Berdych,N Djokovic v Berdych,50,2016-01-08 15:29:02.257,9.6,2016-01-08 17:00:00,
1.12251776,2256470,Tomas Berdych,N Djokovic v Berdych,60,2016-01-08 16:01:07.614,9.2,2016-01-08 17:00:00,
1.12251776,2256470,Tomas Berdych,N Djokovic v Berdych,70,2016-01-08 16:27:50.884,9.2,2016-01-08 17:00:00,
1.12251776,2256470,Tomas Berdych,N Djokovic v Berdych,80,2016-01-08 16:34:49.652,9.6,2016-01-08 17:00:00,
1.12251776,2256470,Tomas Berdych,N Djokovic v Berdych,90,2016-01-08 16:49:07.863,9.6,2016-01-08 17:00:00,
1.12251776,2256470,Tomas Berdych,N Djokovic v Berdych,100,2016-01-08 16:56:07.867,9.4,2016-01-08 16:58:00,
1.12251949,4994683,Axel Michon,Michon v Lopez-Perez,0,2016-01-08 13:00:38.717,1.43,2016-01-08 17:00:00,
1.12251949,4994683,Axel Michon,Michon v Lopez-Perez,10,2016-01-08 13:44:49.701,1.47,2016-01-08 17:00:00,
1.12251949,4994683,Axel Michon,Michon v Lopez-Perez,20,2016-01-08 15:51:07.579,1.5,2016-01-08 17:00:00,
1.12251949,4994683,Axel Michon,Michon v Lopez-Perez,30,2016-01-08 16:02:09.338,1.46,2016-01-08 17:00:00,
1.12251949,4994683,Axel Michon,Michon v Lopez-Perez,40,2016-01-08 16:28:01.648,1.5,2016-01-08 17:00:00,
1.12251949,4994683,Axel Michon,Michon v Lopez-Perez,50,2016-01-08 16:54:59.580,1.57,2016-01-08 17:00:00,
1.12251949,4994683,Axel Michon,Michon v Lopez-Perez,60,2016-01-08 17:23:09.269,1.96,2016-01-08 17:31:00,2016-01-08 17:22:09.999
1.12251949,4994683,Axel Michon,Michon v Lopez-Perez,70,2016-01-08 17:24:06.696,1.76,2016-01-08 17:31:00,2016-01-08 17:22:09.999
1.12251949,4994683,Axel Michon,Michon v Lopez-Perez,80,2016-01-08 17:26:09.407,1.51,2016-01-08 17:31:00,2016-01-08 17:22:09.999
1.12251949,4994683,Axel Michon,Michon v Lopez-Perez,90,2016-01-08 17:28:09.847,1.97,2016-01-08 17:31:00,2016-01-08 17:22:09.999
1.12251949,4994683,Axel Michon,Michon v Lopez-Perez,100,2016-01-08 17:30:07.679,1.8,2016-01-08 17:31:00,2016-01-08 17:22:09.999
1.12251949,8257792,Enrique Lopez-Perez,Michon v Lopez-Perez,0,2016-01-08 14:23:03.688,2.84,2016-01-08 17:00:00,
1.12251949,8257792,Enrique Lopez-Perez,Michon v Lopez-Perez,10,2016-01-08 16:01:09.050,3.05,2016-01-08 17:00:00,
1.12251949,8257792,Enrique Lopez-Perez,Michon v Lopez-Perez,20,2016-01-08 16:02:09.338,3.15,2016-01-08 17:00:00,
1.12251949,8257792,Enrique Lopez-Perez,Michon v Lopez-Perez,30,2016-01-08 16:03:47.549,3.2,2016-01-08 17:00:00,
1.12251949,8257792,Enrique Lopez-Perez,Michon v Lopez-Perez,40,2016-01-08 16:28:01.648,2.64,2016-01-08 17:00:00,
1.12251949,8257792,Enrique Lopez-Perez,Michon v Lopez-Perez,50,2016-01-08 17:23:09.269,2.1,2016-01-08 17:31:00,2016-01-08 17:22:09.999
1.12251949,8257792,Enrique Lopez-Perez,Michon v Lopez-Perez,60,2016-01-08 17:24:06.696,2.24,2016-01-08 17:31:00,2016-01-08 17:22:09.999
1.12251949,8257792,Enrique Lopez-Perez,Michon v Lopez-Perez,70,2016-01-08 17:25:08.854,2.66,2016-01-08 17:31:00,2016-01-08 17:22:09.999
1.12251949,8257792,Enrique Lopez-Perez,Michon v Lopez-Perez,80,2016-01-08 17:26:09.407,2.96,2016-01-08 17:31:00,2016-01-08 17:22:09.999
1.12251949,8257792,Enrique Lopez-Perez,Michon v Lopez-Perez,90,2016-01-08 17:27:09.856,2.42,2016-01-08 17:31:00,2016-01-08 17:22:09.999
1.12251949,8257792,Enrique Lopez-Perez,Michon v Lopez-Perez,100,2016-01-08 17:30:07.679,2.24,2016-01-08 17:31:00,2016-01-08 17:22:09.999
1.122519494,2249835,Go Soeda,Soeda v Kravchuk,0,2016-01-08 14:01:01.472,1.81,2016-01-09 03:00:00,
1.122519494,2249835,Go Soeda,Soeda v Kravchuk,10,2016-01-08 18:01:52.526,1.7,2016-01-09 03:00:00,
1.122519494,2249835,Go Soeda,Soeda v Kravchuk,20,2016-01-08 18:44:41.843,1.66,2016-01-09 03:00:00,
1.122519494,2249835,Go Soeda,Soeda v Kravchuk,30,2016-01-08 19:12:04.658,1.79,2016-01-09 03:00:00,
1.122519494,2249835,Go Soeda,Soeda v Kravchuk,40,2016-01-08 19:13:08.288,1.87,2016-01-09 03:00:00,
1.122519494,2249835,Go Soeda,Soeda v Kravchuk,50,2016-01-08 20:56:38.319,1.8,2016-01-09 03:00:00,
1.122519494,2249835,Go Soeda,Soeda v Kravchuk,60,2016-01-08 21:53:49.465,1.78,2016-01-09 03:00:00,
1.122519494,2249835,Go Soeda,Soeda v Kravchuk,70,2016-01-08 22:58:06.915,1.8,2016-01-09 03:00:00,
1.122519494,2249835,Go Soeda,Soeda v Kravchuk,80,2016-01-08 23:53:43.956,1.79,2016-01-09 03:00:00,
1.122519494,2249835,Go Soeda,Soeda v Kravchuk,90,2016-01-08 23:56:40.731,1.8,2016-01-09 03:00:00,
1.122519494,2249835,Go Soeda,Soeda v Kravchuk,100,2016-01-09 02:58:03.634,1.74,2016-01-09 03:00:00,
1.122519504,2284300,Alejandro Falla,A Mannarino v Falla,0,2016-01-08 18:45:53.205,2.86,2016-01-09 06:00:00,
1.122519504,2284300,Alejandro Falla,A Mannarino v Falla,10,2016-01-08 20:48:48.779,2.96,2016-01-09 06:00:00,
1.122519504,2284300,Alejandro Falla,A Mannarino v Falla,20,2016-01-08 21:25:51.856,2.74,2016-01-09 06:00:00,
1.122519504,2284300,Alejandro Falla,A Mannarino v Falla,30,2016-01-08 21:26:38.691,2.68,2016-01-09 06:00:00,
1.122519504,2284300,Alejandro Falla,A Mannarino v Falla,40,2016-01-08 21:58:27.301,2.96,2016-01-09 06:00:00,
1.122519504,2284300,Alejandro Falla,A Mannarino v Falla,50,2016-01-08 22:25:30.401,2.98,2016-01-09 06:00:00,
1.122519504,2284300,Alejandro Falla,A Mannarino v Falla,60,2016-01-09 00:33:00.522,3.15,2016-01-09 06:00:00,
1.122519504,2284300,Alejandro Falla,A Mannarino v Falla,70,2016-01-09 01:17:02.078,3.0,2016-01-09 06:00:00,
1.122519504,2284300,Alejandro Falla,A Mannarino v Falla,80,2016-01-09 02:28:53.486,3.35,2016-01-09 06:00:00,
1.122519504,2284300,Alejandro Falla,A Mannarino v Falla,90,2016-01-09 03:19:20.394,3.05,2016-01-09 06:00:00,
1.122519504,2284300,Alejandro Falla,A Mannarino v Falla,100,2016-01-09 05:37:59.477,3.2,2016-01-09 06:00:00,
1.122519504,3066621,Adrian Mannarino,A Mannarino v Falla,0,2016-01-08 16:35:35.525,1.43,2016-01-09 06:00:00,
1.122519504,3066621,Adrian Mannarino,A Mannarino v Falla,10,2016-01-08 16:52:50.637,1.42,2016-01-09 06:00:00,
1.122519504,3066621,Adrian Mannarino,A Mannarino v Falla,20,2016-01-08 20:46:00.429,1.51,2016-01-09 06:00:00,
1.122519504,3066621,Adrian Mannarino,A Mannarino v Falla,30,2016-01-08 21:58:27.301,1.51,2016-01-09 06:00:00,
1.122519504,3066621,Adrian Mannarino,A Mannarino v Falla,40,2016-01-08 22:11:58.789,1.5,2016-01-09 06:00:00,
1.122519504,3066621,Adrian Mannarino,A Mannarino v Falla,50,2016-01-09 00:23:29.568,1.5,2016-01-09 06:00:00,
1.122519504,3066621,Adrian Mannarino,A Mannarino v Falla,60,2016-01-09 01:17:02.078,1.5,2016-01-09 06:00:00,
1.122519504,3066621,Adrian Mannarino,A Mannarino v Falla,70,2016-01-09 02:03:39.911,1.43,2016-01-09 06:00:00,
1.122519504,3066621,Adrian Mannarino,A Mannarino v Falla,80,2016-01-09 03:33:51.376,1.44,2016-01-09 06:00:00,
1.122519504,3066621,Adrian Mannarino,A Mannarino v Falla,90,2016-01-09 05:37:59.477,1.45,2016-01-09 06:00:00,
1.122519504,3066621,Adrian Mannarino,A Mannarino v Falla,100,2016-01-09 06:02:52.470,1.37,2016-01-09 06:05:00,
1.122519509,2263577,Agnieszka Radwanska,A Radwanska v Riske,0,2016-01-08 11:46:25.593,1.13,2016-01-09 06:00:00,
1.122519509,2263577,Agnieszka Radwanska,A Radwanska v Riske,10,2016-01-08 14:42:17.488,1.12,2016-01-09 06:00:00,
1.122519509,2263577,Agnieszka Radwanska,A Radwanska v Riske,20,2016-01-08 17:38:13.614,1.12,2016-01-09 06:00:00,
1.122519509,2263577,Agnieszka Radwanska,A Radwanska v Riske,30,2016-01-08 21:36:10.533,1.11,2016-01-09 06:00:00,
1.122519509,2263577,Agnieszka Radwanska,A Radwanska v Riske,40,2016-01-08 22:44:39.036,1.11,2016-01-09 06:00:00,
1.122519509,2263577,Agnieszka Radwanska,A Radwanska v Riske,50,2016-01-08 23:25:21.180,1.11,2016-01-09 06:00:00,
1.122519509,2263577,Agnieszka Radwanska,A Radwanska v Riske,60,2016-01-09 00:17:50.883,1.1,2016-01-09 06:00:00,
1.122519509,2263577,Agnieszka Radwanska,A Radwanska v Riske,70,2016-01-09 02:29:59.027,1.1,2016-01-09 06:00:00,
1.122519509,2263577,Agnieszka Radwanska,A Radwanska v Riske,80,2016-01-09 05:33:50.379,1.1,2016-01-09 06:00:00,
1.122519509,2263577,Agnieszka Radwanska,A Radwanska v Riske,90,2016-01-09 05:53:07.545,1.12,2016-01-09 06:00:00,
1.122519509,2263577,Agnieszka Radwanska,A Radwanska v Riske,100,2016-01-09 06:03:05.230,1.11,2016-01-09 06:05:00,
1.122519509,4566011,Alison Riske,A Radwanska v Riske,0,2016-01-08 11:46:25.593,8.6,2016-01-09 06:00:00,
1.122519509,4566011,Alison Riske,A Radwanska v Riske,10,2016-01-08 21:27:38.289,8.4,2016-01-09 06:00:00,
1.122519509,4566011,Alison Riske,A Radwanska v Riske,20,2016-01-08 22:39:45.111,10.0,2016-01-09 06:00:00,
1.122519509,4566011,Alison Riske,A Radwanska v Riske,30,2016-01-08 23:50:47.871,10.0,2016-01-09 06:00:00,
1.122519509,4566011,Alison Riske,A Radwanska v Riske,40,2016-01-09 03:08:11.754,10.5,2016-01-09 06:00:00,
1.122519509,4566011,Alison Riske,A Radwanska v Riske,50,2016-01-09 04:08:48.619,10.5,2016-01-09 06:00:00,
1.122519509,4566011,Alison Riske,A Radwanska v Riske,60,2016-01-09 05:25:05.528,10.5,2016-01-09 06:00:00,
1.122519509,4566011,Alison Riske,A Radwanska v Riske,70,2016-01-09 05:45:06.846,11.0,2016-01-09 06:00:00,
1.122519509,4566011,Alison Riske,A Radwanska v Riske,80,2016-01-09 05:54:11.509,9.8,2016-01-09 06:00:00,
1.122519509,4566011,Alison Riske,A Radwanska v Riske,90,2016-01-09 06:00:10.929,9.4,2016-01-09 06:05:00,
1.122519509,4566011,Alison Riske,A Radwanska v Riske,100,2016-01-09 06:04:10.428,9.4,2016-01-09 06:05:00,
1.122519876,2263536,Mikhail Youzhny,Chiudinelli v Youzhny,0,2016-01-08 15:12:54.943,1.37,2016-01-09 04:45:00,
1.122519876,2263536,Mikhail Youzhny,Chiudinelli v Youzhny,10,2016-01-08 16:08:30.371,1.31,2016-01-09 04:45:00,
1.122519876,2263536,Mikhail Youzhny,Chiudinelli v Youzhny,20,2016-01-08 17:54:45.187,1.31,2016-01-09 04:45:00,
1.122519876,2263536,Mikhail Youzhny,Chiudinelli v Youzhny,30,2016-01-08 18:50:28.109,1.37,2016-01-09 04:45:00,
1.122519876,2263536,Mikhail Youzhny,Chiudinelli v Youzhny,40,2016-01-08 19:31:42.532,1.37,2016-01-09 04:45:00,
1.122519876,2263536,Mikhail Youzhny,Chiudinelli v Youzhny,50,2016-01-08 20:31:50.590,1.31,2016-01-09 04:45:00,
1.122519876,2263536,Mikhail Youzhny,Chiudinelli v Youzhny,60,2016-01-08 21:23:02.250,1.37,2016-01-09 04:45:00,
1.122519876,2263536,Mikhail Youzhny,Chiudinelli v Youzhny,70,2016-01-08 22:10:47.329,1.34,2016-01-09 04:45:00,
1.122519876,2263536,Mikhail Youzhny,Chiudinelli v Youzhny,80,2016-01-08 22:52:37.533,1.36,2016-01-09 04:45:00,
1.122519876,2263536,Mikhail Youzhny,Chiudinelli v Youzhny,90,2016-01-09 00:16:54.659,1.4,2016-01-09 04:45:00,
1.122519876,2263536,Mikhail Youzhny,Chiudinelli v Youzhny,100,2016-01-09 04:37:00.845,1.43,2016-01-09 04:41:00,
1.122519876,2263632,Marco Chiudinelli,Chiudinelli v Youzhny,0,2016-01-08 22:00:56.559,4.1,2016-01-09 04:45:00,
1.122519876,2263632,Marco Chiudinelli,Chiudinelli v Youzhny,10,2016-01-08 22:01:53.381,4.0,2016-01-09 04:45:00,
1.122519876,2263632,Marco Chiudinelli,Chiudinelli v Youzhny,20,2016-01-08 22:21:00.401,3.9,2016-01-09 04:45:00,
1.122519876,2263632,Marco Chiudinelli,Chiudinelli v Youzhny,30,2016-01-08 23:30:03.161,3.85,2016-01-09 04:45:00,
1.122519876,2263632,Marco Chiudinelli,Chiudinelli v Youzhny,40,2016-01-08 23:32:51.488,3.8,2016-01-09 04:45:00,
1.122519876,2263632,Marco Chiudinelli,Chiudinelli v Youzhny,50,2016-01-08 23:59:57.382,3.75,2016-01-09 04:45:00,
1.122519876,2263632,Marco Chiudinelli,Chiudinelli v Youzhny,60,2016-01-09 00:00:41.487,3.7,2016-01-09 04:45:00,
1.122519876,2263632,Marco Chiudinelli,Chiudinelli v Youzhny,70,2016-01-09 01:45:06.043,3.85,2016-01-09 04:45:00,
1.122519876,2263632,Marco Chiudinelli,Chiudinelli v Youzhny,80,2016-01-09 04:10:47.745,3.55,2016-01-09 04:45:00,
1.122519876,2263632,Marco Chiudinelli,Chiudinelli v Youzhny,90,2016-01-09 04:31:00.264,3.5,2016-01-09 04:45:00,
1.122519876,2263632,Marco Chiudinelli,Chiudinelli v Youzhny,100,2016-01-09 04:37:00.845,3.35,2016-01-09 04:41:00,
1.122528521,3911345,Benoit Paire,S Wawrinka v Paire,0,2016-01-08 20:15:16.548,4.9,2016-01-09 11:30:00,
1.122528521,3911345,Benoit Paire,S Wawrinka v Paire,10,2016-01-08 21:39:44.308,5.0,2016-01-09 11:30:00,
1.122528521,3911345,Benoit Paire,S Wawrinka v Paire,20,2016-01-08 22:11:09.133,5.1,2016-01-09 11:30:00,
1.122528521,3911345,Benoit Paire,S Wawrinka v Paire,30,2016-01-09 03:23:44.815,5.0,2016-01-09 11:30:00,
1.122528521,3911345,Benoit Paire,S Wawrinka v Paire,40,2016-01-09 06:59:53.329,5.3,2016-01-09 11:30:00,
1.122528521,3911345,Benoit Paire,S Wawrinka v Paire,50,2016-01-09 08:11:15.703,5.2,2016-01-09 11:30:00,
1.122528521,3911345,Benoit Paire,S Wawrinka v Paire,60,2016-01-09 09:40:45.442,5.1,2016-01-09 11:30:00,
1.122528521,3911345,Benoit Paire,S Wawrinka v Paire,70,2016-01-09 10:21:11.693,5.2,2016-01-09 11:30:00,
1.122528521,3911345,Benoit Paire,S Wawrinka v Paire,80,2016-01-09 10:42:07.848,5.5,2016-01-09 11:30:00,
1.122528521,3911345,Benoit Paire,S Wawrinka v Paire,90,2016-01-09 11:09:15.939,5.6,2016-01-09 11:30:00,
1.122528521,3911345,Benoit Paire,S Wawrinka v Paire,100,2016-01-09 11:30:15.389,6.0,2016-01-09 11:32:00,
1.122528521,8597476,Stan Wawrinka,S Wawrinka v Paire,0,2016-01-08 14:33:08.579,1.29,2016-01-09 11:30:00,
1.122528521,8597476,Stan Wawrinka,S Wawrinka v Paire,10,2016-01-08 19:41:31.737,1.25,2016-01-09 11:30:00,
1.122528521,8597476,Stan Wawrinka,S Wawrinka v Paire,20,2016-01-08 22:05:09.108,1.23,2016-01-09 11:30:00,
1.122528521,8597476,Stan Wawrinka,S Wawrinka v Paire,30,2016-01-09 03:37:31.983,1.24,2016-01-09 11:30:00,
1.122528521,8597476,Stan Wawrinka,S Wawrinka v Paire,40,2016-01-09 06:44:01.039,1.22,2016-01-09 11:30:00,
1.122528521,8597476,Stan Wawrinka,S Wawrinka v Paire,50,2016-01-09 07:31:13.775,1.23,2016-01-09 11:30:00,
1.122528521,8597476,Stan Wawrinka,S Wawrinka v Paire,60,2016-01-09 08:34:34.562,1.23,2016-01-09 11:30:00,
1.122528521,8597476,Stan Wawrinka,S Wawrinka v Paire,70,2016-01-09 09:37:36.143,1.24,2016-01-09 11:30:00,
1.122528521,8597476,Stan Wawrinka,S Wawrinka v Paire,80,2016-01-09 10:21:11.693,1.23,2016-01-09 11:30:00,
1.122528521,8597476,Stan Wawrinka,S Wawrinka v Paire,90,2016-01-09 11:10:50.029,1.21,2016-01-09 11:30:00,
1.122528521,8597476,Stan Wawrinka,S Wawrinka v Paire,100,2016-01-09 11:30:15.389,1.2,2016-01-09 11:32:00,
1.122537863,4876705,Gerald Melzer,G Melzer v T Monteiro,0,2016-01-08 17:55:44.393,1.51,2016-01-08 23:00:00,
1.122537863,4876705,Gerald Melzer,G Melzer v T Monteiro,10,2016-01-08 19:19:32.747,1.64,2016-01-08 23:00:00,
1.122537863,4876705,Gerald Melzer,G Melzer v T Monteiro,20,2016-01-08 20:18:05.718,1.95,2016-01-08 23:00:00,
1.122537863,4876705,Gerald Melzer,G Melzer v T Monteiro,30,2016-01-08 20:43:45.485,1.82,2016-01-08 23:00:00,
1.122537863,4876705,Gerald Melzer,G Melzer v T Monteiro,40,2016-01-08 21:52:10.259,1.92,2016-01-08 23:00:00,
1.122537863,4876705,Gerald Melzer,G Melzer v T Monteiro,50,2016-01-08 22:09:11.055,2.04,2016-01-08 23:00:00,
1.122537863,4876705,Gerald Melzer,G Melzer v T Monteiro,60,2016-01-08 22:27:04.741,2.1,2016-01-08 23:00:00,
1.122537863,4876705,Gerald Melzer,G Melzer v T Monteiro,70,2016-01-08 22:35:02.820,1.97,2016-01-08 23:00:00,
1.122537863,4876705,Gerald Melzer,G Melzer v T Monteiro,80,2016-01-08 22:46:01.084,1.96,2016-01-08 23:00:00,
1.122537863,4876705,Gerald Melzer,G Melzer v T Monteiro,90,2016-01-08 22:56:11.458,1.99,2016-01-08 23:03:00,
1.122537863,4876705,Gerald Melzer,G Melzer v T Monteiro,100,2016-01-08 23:02:12.908,1.92,2016-01-08 23:03:00,
1.122537863,8326656,Thiago Monteiro,G Melzer v T Monteiro,0,2016-01-08 19:19:32.747,2.62,2016-01-08 23:00:00,
1.122537863,8326656,Thiago Monteiro,G Melzer v T Monteiro,10,2016-01-08 19:31:13.474,2.18,2016-01-08 23:00:00,
1.122537863,8326656,Thiago Monteiro,G Melzer v T Monteiro,20,2016-01-08 20:20:13.318,2.2,2016-01-08 23:00:00,
1.122537863,8326656,Thiago Monteiro,G Melzer v T Monteiro,30,2016-01-08 20:23:34.594,2.12,2016-01-08 23:00:00,
1.122537863,8326656,Thiago Monteiro,G Melzer v T Monteiro,40,2016-01-08 20:36:42.767,1.88,2016-01-08 23:00:00,
1.122537863,8326656,Thiago Monteiro,G Melzer v T Monteiro,50,2016-01-08 22:09:11.055,2.14,2016-01-08 23:00:00,
1.122537863,8326656,Thiago Monteiro,G Melzer v T Monteiro,60,2016-01-08 22:29:07.973,1.88,2016-01-08 23:00:00,
1.122537863,8326656,Thiago Monteiro,G Melzer v T Monteiro,70,2016-01-08 22:31:54.753,1.88,2016-01-08 23:00:00,
1.122537863,8326656,Thiago Monteiro,G Melzer v T Monteiro,80,2016-01-08 22:46:01.084,2.04,2016-01-08 23:00:00,
1.122537863,8326656,Thiago Monteiro,G Melzer v T Monteiro,90,2016-01-08 22:54:02.579,1.89,2016-01-08 23:00:00,
1.122537863,8326656,Thiago Monteiro,G Melzer v T Monteiro,100,2016-01-08 23:01:12.262,1.94,2016-01-08 23:03:00,
1.122539285,10682289,Krajicek/Paire,Devvarman/Nedunchezhiya v Krajicek/Paire,0,2016-01-09 08:27:56.390,1.55,2016-01-09 15:00:00,
1.122539285,10682289,Krajicek/Paire,Devvarman/Nedunchezhiya v Krajicek/Paire,10,2016-01-09 09:51:04.713,1.5,2016-01-09 15:00:00,
1.122539285,10682289,Krajicek/Paire,Devvarman/Nedunchezhiya v Krajicek/Paire,20,2016-01-09 09:51:45.326,1.49,2016-01-09 15:00:00,
1.122539285,10682289,Krajicek/Paire,Devvarman/Nedunchezhiya v Krajicek/Paire,30,2016-01-09 10:10:13.682,1.59,2016-01-09 15:00:00,
1.122539285,10682289,Krajicek/Paire,Devvarman/Nedunchezhiya v Krajicek/Paire,40,2016-01-09 11:36:31.605,1.5,2016-01-09 15:00:00,
1.122539285,10682289,Krajicek/Paire,Devvarman/Nedunchezhiya v Krajicek/Paire,50,2016-01-09 13:20:14.333,1.5,2016-01-09 15:00:00,
1.122539285,10682289,Krajicek/Paire,Devvarman/Nedunchezhiya v Krajicek/Paire,60,2016-01-09 14:52:13.075,1.56,2016-01-09 15:00:00,
1.122539285,10682289,Krajicek/Paire,Devvarman/Nedunchezhiya v Krajicek/Paire,70,2016-01-09 14:59:07.579,1.65,2016-01-09 15:00:00,
1.122539285,10682289,Krajicek/Paire,Devvarman/Nedunchezhiya v Krajicek/Paire,80,2016-01-09 16:20:09.951,1.52,2016-01-09 16:28:00,
1.122539285,10682289,Krajicek/Paire,Devvarman/Nedunchezhiya v Krajicek/Paire,90,2016-01-09 16:22:53.871,1.53,2016-01-09 16:28:00,
1.122539285,10682289,Krajicek/Paire,Devvarman/Nedunchezhiya v Krajicek/Paire,100,2016-01-09 16:26:41.366,1.46,2016-01-09 16:28:00,
1.122539289,5706996,Aljaz Bedene,Coric v Al Bedene,0,2016-01-08 20:56:04.302,2.72,2016-01-09 13:15:00,
1.122539289,5706996,Aljaz Bedene,Coric v Al Bedene,10,2016-01-09 00:54:18.211,2.72,2016-01-09 13:15:00,
1.122539289,5706996,Aljaz Bedene,Coric v Al Bedene,20,2016-01-09 05:50:07.067,2.72,2016-01-09 13:15:00,
1.122539289,5706996,Aljaz Bedene,Coric v Al Bedene,30,2016-01-09 09:18:14.852,2.68,2016-01-09 13:15:00,
1.122539289,5706996,Aljaz Bedene,Coric v Al Bedene,40,2016-01-09 10:17:05.524,2.64,2016-01-09 13:15:00,
1.122539289,5706996,Aljaz Bedene,Coric v Al Bedene,50,2016-01-09 10:56:45.062,2.66,2016-01-09 13:15:00,
1.122539289,5706996,Aljaz Bedene,Coric v Al Bedene,60,2016-01-09 11:08:15.888,2.56,2016-01-09 13:15:00,
1.122539289,5706996,Aljaz Bedene,Coric v Al Bedene,70,2016-01-09 11:21:14.757,2.66,2016-01-09 13:15:00,
1.122539289,5706996,Aljaz Bedene,Coric v Al Bedene,80,2016-01-09 12:30:01.949,2.66,2016-01-09 13:15:00,
1.122539289,5706996,Aljaz Bedene,Coric v Al Bedene,90,2016-01-09 12:52:09.673,2.6,2016-01-09 13:15:00,
1.122539289,5706996,Aljaz Bedene,Coric v Al Bedene,100,2016-01-09 13:02:18.111,2.78,2016-01-09 13:06:00,
1.122539289,7446579,Borna Coric,Coric v Al Bedene,0,2016-01-08 20:56:04.302,1.58,2016-01-09 13:15:00,
1.122539289,7446579,Borna Coric,Coric v Al Bedene,10,2016-01-08 23:49:08.494,1.57,2016-01-09 13:15:00,
1.122539289,7446579,Borna Coric,Coric v Al Bedene,20,2016-01-09 05:11:45.158,1.57,2016-01-09 13:15:00,
1.122539289,7446579,Borna Coric,Coric v Al Bedene,30,2016-01-09 08:45:08.740,1.6,2016-01-09 13:15:00,
1.122539289,7446579,Borna Coric,Coric v Al Bedene,40,2016-01-09 10:00:15.075,1.6,2016-01-09 13:15:00,
1.122539289,7446579,Borna Coric,Coric v Al Bedene,50,2016-01-09 11:04:40.538,1.64,2016-01-09 13:15:00,
1.122539289,7446579,Borna Coric,Coric v Al Bedene,60,2016-01-09 11:21:14.757,1.6,2016-01-09 13:15:00,
1.122539289,7446579,Borna Coric,Coric v Al Bedene,70,2016-01-09 12:13:56.613,1.59,2016-01-09 13:15:00,
1.122539289,7446579,Borna Coric,Coric v Al Bedene,80,2016-01-09 12:34:15.634,1.62,2016-01-09 13:15:00,
1.122539289,7446579,Borna Coric,Coric v Al Bedene,90,2016-01-09 12:54:17.336,1.61,2016-01-09 13:15:00,
1.122539289,7446579,Borna Coric,Coric v Al Bedene,100,2016-01-09 13:05:13.139,1.55,2016-01-09 13:06:00,
1.122539352,2249229,Novak Djokovic,N Djokovic v Nadal,0,2016-01-08 19:11:59.096,1.13,2016-01-09 15:00:00,
1.122539352,2249229,Novak Djokovic,N Djokovic v Nadal,10,2016-01-08 21:59:04.192,1.21,2016-01-09 15:00:00,
1.122539352,2249229,Novak Djokovic,N Djokovic v Nadal,20,2016-01-09 01:20:53.338,1.19,2016-01-09 15:00:00,
1.122539352,2249229,Novak Djokovic,N Djokovic v Nadal,30,2016-01-09 07:40:50.698,1.2,2016-01-09 15:00:00,
1.122539352,2249229,Novak Djokovic,N Djokovic v Nadal,40,2016-01-09 09:34:00.587,1.2,2016-01-09 15:00:00,
1.122539352,2249229,Novak Djokovic,N Djokovic v Nadal,50,2016-01-09 11:12:04.499,1.19,2016-01-09 15:00:00,
1.122539352,2249229,Novak Djokovic,N Djokovic v Nadal,60,2016-01-09 11:47:41.530,1.19,2016-01-09 15:00:00,
1.122539352,2249229,Novak Djokovic,N Djokovic v Nadal,70,2016-01-09 13:13:52.434,1.19,2016-01-09 15:00:00,
1.122539352,2249229,Novak Djokovic,N Djokovic v Nadal,80,2016-01-09 14:08:12.158,1.2,2016-01-09 15:00:00,
1.122539352,2249229,Novak Djokovic,N Djokovic v Nadal,90,2016-01-09 14:31:49.419,1.2,2016-01-09 15:00:00,
1.122539352,2249229,Novak Djokovic,N Djokovic v Nadal,100,2016-01-09 14:54:08.973,1.19,2016-01-09 14:55:00,
1.122539352,2251410,Rafael Nadal,N Djokovic v Nadal,0,2016-01-08 19:42:10.249,5.3,2016-01-09 15:00:00,
1.122539352,2251410,Rafael Nadal,N Djokovic v Nadal,10,2016-01-08 22:50:12.340,6.2,2016-01-09 15:00:00,
1.122539352,2251410,Rafael Nadal,N Djokovic v Nadal,20,2016-01-09 01:27:12.402,6.2,2016-01-09 15:00:00,
1.122539352,2251410,Rafael Nadal,N Djokovic v Nadal,30,2016-01-09 09:21:09.276,6.0,2016-01-09 15:00:00,
1.122539352,2251410,Rafael Nadal,N Djokovic v Nadal,40,2016-01-09 11:06:08.748,6.0,2016-01-09 15:00:00,
1.122539352,2251410,Rafael Nadal,N Djokovic v Nadal,50,2016-01-09 12:29:01.960,6.0,2016-01-09 15:00:00,
1.122539352,2251410,Rafael Nadal,N Djokovic v Nadal,60,2016-01-09 12:50:35.561,6.2,2016-01-09 15:00:00,
1.122539352,2251410,Rafael Nadal,N Djokovic v Nadal,70,2016-01-09 13:32:10.330,6.2,2016-01-09 15:00:00,
1.122539352,2251410,Rafael Nadal,N Djokovic v Nadal,80,2016-01-09 14:05:10.433,6.0,2016-01-09 15:00:00,
1.122539352,2251410,Rafael Nadal,N Djokovic v Nadal,90,2016-01-09 14:23:58.018,6.2,2016-01-09 15:00:00,
1.122539352,2251410,Rafael Nadal,N Djokovic v Nadal,100,2016-01-09 14:45:12.900,6.0,2016-01-09 15:00:00,
1.122539481,4520808,Facundo Bagnis,Bagnis v Michon,0,2016-01-09 12:35:30.626,1.28,2016-01-09 22:00:00,
1.122539481,4520808,Facundo Bagnis,Bagnis v Michon,10,2016-01-09 18:26:57.523,1.27,2016-01-09 22:00:00,
1.122539481,4520808,Facundo Bagnis,Bagnis v Michon,20,2016-01-09 19:07:35.791,1.27,2016-01-09 22:00:00,
1.122539481,4520808,Facundo Bagnis,Bagnis v Michon,30,2016-01-09 20:46:03.519,1.25,2016-01-09 22:00:00,
1.122539481,4520808,Facundo Bagnis,Bagnis v Michon,40,2016-01-09 21:08:57.785,1.27,2016-01-09 22:00:00,
1.122539481,4520808,Facundo Bagnis,Bagnis v Michon,50,2016-01-09 21:36:28.022,1.27,2016-01-09 22:00:00,
1.122539481,4520808,Facundo Bagnis,Bagnis v Michon,60,2016-01-09 21:40:02.010,1.28,2016-01-09 22:00:00,
1.122539481,4520808,Facundo Bagnis,Bagnis v Michon,70,2016-01-09 21:53:00.478,1.29,2016-01-09 22:00:00,
1.122539481,4520808,Facundo Bagnis,Bagnis v Michon,80,2016-01-09 21:54:07.835,1.3,2016-01-09 22:01:00,
1.122539481,4520808,Facundo Bagnis,Bagnis v Michon,90,2016-01-09 21:56:06.932,1.3,2016-01-09 22:01:00,
1.122539481,4520808,Facundo Bagnis,Bagnis v Michon,100,2016-01-09 22:00:55.201,1.31,2016-01-09 22:01:00,
1.122539481,4994683,Axel Michon,Bagnis v Michon,0,2016-01-09 20:34:02.789,4.4,2016-01-09 22:00:00,
1.122539481,4994683,Axel Michon,Bagnis v Michon,10,2016-01-09 20:35:02.107,4.7,2016-01-09 22:00:00,
1.122539481,4994683,Axel Michon,Bagnis v Michon,20,2016-01-09 20:46:03.519,5.0,2016-01-09 22:00:00,
1.122539481,4994683,Axel Michon,Bagnis v Michon,30,2016-01-09 21:24:07.116,4.7,2016-01-09 22:00:00,
1.122539481,4994683,Axel Michon,Bagnis v Michon,40,2016-01-09 21:30:20.640,4.5,2016-01-09 22:00:00,
1.122539481,4994683,Axel Michon,Bagnis v Michon,50,2016-01-09 21:40:02.010,4.5,2016-01-09 22:00:00,
1.122539481,4994683,Axel Michon,Bagnis v Michon,60,2016-01-09 21:42:05.907,4.6,2016-01-09 22:00:00,
1.122539481,4994683,Axel Michon,Bagnis v Michon,70,2016-01-09 21:53:00.478,4.5,2016-01-09 22:00:00,
1.122539481,4994683,Axel Michon,Bagnis v Michon,80,2016-01-09 21:55:00.585,4.1,2016-01-09 22:01:00,
1.122539481,4994683,Axel Michon,Bagnis v Michon,90,2016-01-09 21:57:06.330,4.4,2016-01-09 22:01:00,
1.122539481,4994683,Axel Michon,Bagnis v Michon,100,2016-01-09 22:00:06.506,4.0,2016-01-09 22:01:00,
1.122541167,4876705,Gerald Melzer,Carballes Baena v G Melzer,0,2016-01-09 21:24:08.615,2.6,2016-01-09 23:45:00,
1.122541167,4876705,Gerald Melzer,Carballes Baena v G Melzer,10,2016-01-09 22:15:17.674,2.62,2016-01-09 23:45:00,
1.122541167,4876705,Gerald Melzer,Carballes Baena v G Melzer,20,2016-01-09 22:29:23.357,2.52,2016-01-09 23:45:00,
1.122541167,4876705,Gerald Melzer,Carballes Baena v G Melzer,30,2016-01-09 22:50:23.210,2.62,2016-01-09 23:45:00,
1.122541167,4876705,Gerald Melzer,Carballes Baena v G Melzer,40,2016-01-09 23:37:43.341,2.58,2016-01-09 23:45:00,
1.122541167,4876705,Gerald Melzer,Carballes Baena v G Melzer,50,2016-01-09 23:42:19.084,2.44,2016-01-09 23:45:00,
1.122541167,4876705,Gerald Melzer,Carballes Baena v G Melzer,60,2016-01-09 23:46:16.868,2.48,2016-01-09 23:51:00,
1.122541167,4876705,Gerald Melzer,Carballes Baena v G Melzer,70,2016-01-09 23:49:24.619,2.46,2016-01-09 23:51:00,
1.122541167,4876705,Gerald Melzer,Carballes Baena v G Melzer,80,2016-01-09 23:52:24.770,2.58,2016-01-09 23:59:00,2016-01-09 23:51:24.335
1.122541167,4876705,Gerald Melzer,Carballes Baena v G Melzer,90,2016-01-09 23:54:23.721,2.66,2016-01-09 23:59:00,2016-01-09 23:51:24.335
1.122541167,4876705,Gerald Melzer,Carballes Baena v G Melzer,100,2016-01-09 23:57:23.814,3.0,2016-01-09 23:59:00,2016-01-09 23:51:24.335
1.122541167,7185192,Roberto Carballes Baena,Carballes Baena v G Melzer,0,2016-01-09 11:17:55.883,1.55,2016-01-09 23:45:00,
1.122541167,7185192,Roberto Carballes Baena,Carballes Baena v G Melzer,10,2016-01-09 21:45:20.502,1.55,2016-01-09 23:45:00,
1.122541167,7185192,Roberto Carballes Baena,Carballes Baena v G Melzer,20,2016-01-09 22:30:15.896,1.66,2016-01-09 23:45:00,
1.122541167,7185192,Roberto Carballes Baena,Carballes Baena v G Melzer,30,2016-01-09 22:56:40.862,1.56,2016-01-09 23:45:00,
1.122541167,7185192,Roberto Carballes Baena,Carballes Baena v G Melzer,40,2016-01-09 23:37:43.341,1.64,2016-01-09 23:45:00,
1.122541167,7185192,Roberto Carballes Baena,Carballes Baena v G Melzer,50,2016-01-09 23:42:19.084,1.62,2016-01-09 23:45:00,
1.122541167,7185192,Roberto Carballes Baena,Carballes Baena v G Melzer,60,2016-01-09 23:46:16.868,1.67,2016-01-09 23:51:00,
1.122541167,7185192,Roberto Carballes Baena,Carballes Baena v G Melzer,70,2016-01-09 23:50:24.763,1.66,2016-01-09 23:59:00,
1.122541167,7185192,Roberto Carballes Baena,Carballes Baena v G Melzer,80,2016-01-09 23:52:24.770,1.7,2016-01-09 23:59:00,2016-01-09 23:51:24.335
1.122541167,7185192,Roberto Carballes Baena,Carballes Baena v G Melzer,90,2016-01-09 23:55:23.913,1.62,2016-01-09 23:59:00,2016-01-09 23:51:24.335
1.122541167,7185192,Roberto Carballes Baena,Carballes Baena v G Melzer,100,2016-01-09 23:58:23.802,1.41,2016-01-09 23:59:00,2016-01-09 23:51:24.335
1.12254122,8260515,Nicolas Jarry,Jarry v A Geller,0,2016-01-09 07:07:47.406,1.08,2016-01-09 15:30:00,
1.12254122,8260515,Nicolas Jarry,Jarry v A Geller,10,2016-01-09 07:48:21.647,1.03,2016-01-09 15:30:00,
1.12254122,8260515,Nicolas Jarry,Jarry v A Geller,20,2016-01-09 09:46:55.774,1.08,2016-01-09 15:30:00,
1.12254122,8260515,Nicolas Jarry,Jarry v A Geller,30,2016-01-09 11:16:18.541,1.03,2016-01-09 15:30:00,
1.12254122,8260515,Nicolas Jarry,Jarry v A Geller,40,2016-01-09 12:25:08.744,1.06,2016-01-09 15:30:00,
1.12254122,8260515,Nicolas Jarry,Jarry v A Geller,50,2016-01-09 13:17:53.244,1.04,2016-01-09 15:30:00,
1.12254122,8260515,Nicolas Jarry,Jarry v A Geller,60,2016-01-09 14:30:17.103,1.03,2016-01-09 15:30:00,
1.12254122,8260515,Nicolas Jarry,Jarry v A Geller,70,2016-01-09 14:34:26.607,1.04,2016-01-09 15:30:00,
1.12254122,8260515,Nicolas Jarry,Jarry v A Geller,80,2016-01-09 15:02:41.850,1.03,2016-01-09 15:30:00,
1.12254122,8260515,Nicolas Jarry,Jarry v A Geller,90,2016-01-09 15:25:24.777,1.05,2016-01-09 15:30:00,
1.12254122,8260515,Nicolas Jarry,Jarry v A Geller,100,2016-01-09 16:20:52.677,1.08,2016-01-09 16:23:00,
1.122541321,2263691,Alex Kuznetsov,Al Kuznetsov v Nys,0,2016-01-09 18:32:01.957,1.38,2016-01-10 03:00:00,
1.122541321,2263691,Alex Kuznetsov,Al Kuznetsov v Nys,10,2016-01-09 20:11:07.175,1.32,2016-01-10 03:00:00,
1.122541321,2263691,Alex Kuznetsov,Al Kuznetsov v Nys,20,2016-01-09 20:37:53.877,1.36,2016-01-10 03:00:00,
1.122541321,2263691,Alex Kuznetsov,Al Kuznetsov v Nys,30,2016-01-10 00:03:09.782,1.33,2016-01-10 03:00:00,
1.122541321,2263691,Alex Kuznetsov,Al Kuznetsov v Nys,40,2016-01-10 00:31:08.417,1.39,2016-01-10 03:00:00,
1.122541321,2263691,Alex Kuznetsov,Al Kuznetsov v Nys,50,2016-01-10 01:01:58.717,1.32,2016-01-10 03:00:00,
1.122541321,2263691,Alex Kuznetsov,Al Kuznetsov v Nys,60,2016-01-10 01:42:09.906,1.34,2016-01-10 03:00:00,
1.122541321,2263691,Alex Kuznetsov,Al Kuznetsov v Nys,70,2016-01-10 02:10:58.874,1.31,2016-01-10 03:00:00,
1.122541321,2263691,Alex Kuznetsov,Al Kuznetsov v Nys,80,2016-01-10 02:22:10.490,1.35,2016-01-10 03:00:00,
1.122541321,2263691,Alex Kuznetsov,Al Kuznetsov v Nys,90,2016-01-10 02:24:21.329,1.35,2016-01-10 03:00:00,
1.122541321,2263691,Alex Kuznetsov,Al Kuznetsov v Nys,100,2016-01-10 02:59:07.863,1.31,2016-01-10 03:00:00,
1.122541339,2263536,Mikhail Youzhny,Youzhny v Soeda,0,2016-01-09 13:42:00.973,1.59,2016-01-10 04:00:00,
1.122541339,2263536,Mikhail Youzhny,Youzhny v Soeda,10,2016-01-09 17:22:09.984,1.52,2016-01-10 04:00:00,
1.122541339,2263536,Mikhail Youzhny,Youzhny v Soeda,20,2016-01-09 20:08:50.318,1.53,2016-01-10 04:00:00,
1.122541339,2263536,Mikhail Youzhny,Youzhny v Soeda,30,2016-01-09 20:38:11.197,1.55,2016-01-10 04:00:00,
1.122541339,2263536,Mikhail Youzhny,Youzhny v Soeda,40,2016-01-09 22:44:57.435,1.5,2016-01-10 04:00:00,
1.122541339,2263536,Mikhail Youzhny,Youzhny v Soeda,50,2016-01-09 22:49:09.142,1.48,2016-01-10 04:00:00,
1.122541339,2263536,Mikhail Youzhny,Youzhny v Soeda,60,2016-01-09 23:13:00.347,1.46,2016-01-10 04:00:00,
1.122541339,2263536,Mikhail Youzhny,Youzhny v Soeda,70,2016-01-10 01:20:57.650,1.5,2016-01-10 04:00:00,
1.122541339,2263536,Mikhail Youzhny,Youzhny v Soeda,80,2016-01-10 02:28:10.588,1.48,2016-01-10 04:00:00,
1.122541339,2263536,Mikhail Youzhny,Youzhny v Soeda,90,2016-01-10 02:46:04.195,1.52,2016-01-10 04:00:00,
1.122541339,2263536,Mikhail Youzhny,Youzhny v Soeda,100,2016-01-10 03:59:49.575,1.51,2016-01-10 04:06:00,
1.122541362,4946664,Matteo Viola,Mat Viola v Vorster,0,2016-01-10 07:04:06.948,1.4,2016-01-11 05:00:00,
1.122541362,4946664,Matteo Viola,Mat Viola v Vorster,10,2016-01-10 07:14:14.410,1.47,2016-01-11 05:00:00,
1.122541362,4946664,Matteo Viola,Mat Viola v Vorster,20,2016-01-10 07:21:07.110,1.4,2016-01-11 05:00:00,
1.122541362,4946664,Matteo Viola,Mat Viola v Vorster,30,2016-01-10 07:27:01.095,1.47,2016-01-11 05:00:00,
1.122541362,4946664,Matteo Viola,Mat Viola v Vorster,40,2016-01-10 07:36:52.543,1.4,2016-01-11 05:00:00,
1.122541362,4946664,Matteo Viola,Mat Viola v Vorster,50,2016-01-10 07:44:44.677,1.48,2016-01-11 05:00:00,
1.122541362,4946664,Matteo Viola,Mat Viola v Vorster,60,2016-01-10 08:24:56.654,1.49,2016-01-11 05:00:00,
1.122541362,4946664,Matteo Viola,Mat Viola v Vorster,70,2016-01-11 10:03:08.355,1.54,2016-01-12 03:00:00,
1.122541362,4946664,Matteo Viola,Mat Viola v Vorster,80,2016-01-11 20:56:11.507,1.67,2016-01-12 03:00:00,
1.122541362,4946664,Matteo Viola,Mat Viola v Vorster,90,2016-01-11 22:33:04.200,1.54,2016-01-12 03:00:00,
1.122541362,4946664,Matteo Viola,Mat Viola v Vorster,100,2016-01-12 02:55:05.967,1.65,2016-01-12 03:00:00,
1.122541362,8842203,Tucker Vorster,Mat Viola v Vorster,0,2016-01-10 07:04:06.948,3.1,2016-01-11 05:00:00,
1.122541362,8842203,Tucker Vorster,Mat Viola v Vorster,10,2016-01-10 07:14:14.410,3.15,2016-01-11 05:00:00,
1.122541362,8842203,Tucker Vorster,Mat Viola v Vorster,20,2016-01-10 07:44:44.677,3.05,2016-01-11 05:00:00,
1.122541362,8842203,Tucker Vorster,Mat Viola v Vorster,30,2016-01-10 07:51:44.633,3.1,2016-01-11 05:00:00,
1.122541362,8842203,Tucker Vorster,Mat Viola v Vorster,40,2016-01-10 08:22:09.949,3.05,2016-01-11 05:00:00,
1.122541362,8842203,Tucker Vorster,Mat Viola v Vorster,50,2016-01-11 07:10:54.440,3.3,2016-01-12 03:00:00,
1.122541362,8842203,Tucker Vorster,Mat Viola v Vorster,60,2016-01-11 09:31:05.441,2.86,2016-01-12 03:00:00,
1.122541362,8842203,Tucker Vorster,Mat Viola v Vorster,70,2016-01-11 20:56:11.507,2.5,2016-01-12 03:00:00,
1.122541362,8842203,Tucker Vorster,Mat Viola v Vorster,80,2016-01-11 22:33:04.200,2.88,2016-01-12 03:00:00,
1.122541362,8842203,Tucker Vorster,Mat Viola v Vorster,90,2016-01-11 23:56:55.629,2.5,2016-01-12 03:00:00,
1.122541362,8842203,Tucker Vorster,Mat Viola v Vorster,100,2016-01-12 02:55:05.967,2.54,2016-01-12 03:00:00,
1.12254137,9437339,Frederico Ferreira Silv,F Silva v Benjasupawan,0,2016-01-10 06:37:27.131,1.07,2016-01-11 04:30:00,
1.12254137,9437339,Frederico Ferreira Silv,F Silva v Benjasupawan,10,2016-01-10 12:31:10.684,1.06,2016-01-11 04:30:00,
1.12254137,9437339,Frederico Ferreira Silv,F Silva v Benjasupawan,20,2016-01-10 12:39:07.727,1.03,2016-01-11 04:30:00,
1.12254137,9437339,Frederico Ferreira Silv,F Silva v Benjasupawan,30,2016-01-10 18:20:49.703,1.06,2016-01-11 04:30:00,
1.12254137,9437339,Frederico Ferreira Silv,F Silva v Benjasupawan,40,2016-01-10 18:37:31.624,1.05,2016-01-11 04:30:00,
1.12254137,9437339,Frederico Ferreira Silv,F Silva v Benjasupawan,50,2016-01-10 22:01:55.011,1.07,2016-01-11 04:30:00,
1.12254137,9437339,Frederico Ferreira Silv,F Silva v Benjasupawan,60,2016-01-10 22:57:16.651,1.03,2016-01-11 04:30:00,
1.12254137,9437339,Frederico Ferreira Silv,F Silva v Benjasupawan,70,2016-01-10 23:00:20.664,1.01,2016-01-11 04:30:00,
1.12254137,9437339,Frederico Ferreira Silv,F Silva v Benjasupawan,80,2016-01-10 23:21:29.453,1.01,2016-01-11 04:30:00,
1.12254137,9437339,Frederico Ferreira Silv,F Silva v Benjasupawan,90,2016-01-11 04:05:09.251,1.01,2016-01-11 04:30:00,
1.12254137,9437339,Frederico Ferreira Silv,F Silva v Benjasupawan,100,2016-01-11 04:59:21.678,1.02,2016-01-11 05:03:00,
1.122541374,7048850,Jason Jung,Ja Jung v Mektic,0,2016-01-10 16:37:12.700,1.63,2016-01-12 05:00:00,
1.122541374,7048850,Jason Jung,Ja Jung v Mektic,10,2016-01-11 14:55:21.070,1.52,2016-01-12 04:45:00,
1.122541374,7048850,Jason Jung,Ja Jung v Mektic,20,2016-01-11 18:36:02.078,1.64,2016-01-12 04:45:00,
1.122541374,7048850,Jason Jung,Ja Jung v Mektic,30,2016-01-11 20:06:24.938,1.52,2016-01-12 04:45:00,
1.122541374,7048850,Jason Jung,Ja Jung v Mektic,40,2016-01-11 22:10:15.704,1.53,2016-01-12 04:45:00,
1.122541374,7048850,Jason Jung,Ja Jung v Mektic,50,2016-01-11 22:18:44.871,1.54,2016-01-12 04:45:00,
1.122541374,7048850,Jason Jung,Ja Jung v Mektic,60,2016-01-12 00:13:32.813,1.53,2016-01-12 04:45:00,
1.122541374,7048850,Jason Jung,Ja Jung v Mektic,70,2016-01-12 00:56:31.395,1.57,2016-01-12 04:45:00,
1.122541374,7048850,Jason Jung,Ja Jung v Mektic,80,2016-01-12 04:35:06.327,1.48,2016-01-12 04:45:00,
1.122541374,7048850,Jason Jung,Ja Jung v Mektic,90,2016-01-12 04:35:58.865,1.5,2016-01-12 04:45:00,
1.122541374,7048850,Jason Jung,Ja Jung v Mektic,100,2016-01-12 04:48:28.511,1.5,2016-01-12 04:49:00,2016-01-12 04:47:17.625
1.122541382,8750030,Miki Jankovic,M Jankovic v Safiullin,0,2016-01-10 06:43:07.674,1.99,2016-01-11 04:30:00,
1.122541382,8750030,Miki Jankovic,M Jankovic v Safiullin,10,2016-01-10 18:54:33.613,2.08,2016-01-11 04:30:00,
1.122541382,8750030,Miki Jankovic,M Jankovic v Safiullin,20,2016-01-10 22:26:20.300,2.12,2016-01-11 04:30:00,
1.122541382,8750030,Miki Jankovic,M Jankovic v Safiullin,30,2016-01-11 02:25:17.487,2.1,2016-01-11 04:30:00,
1.122541382,8750030,Miki Jankovic,M Jankovic v Safiullin,40,2016-01-11 03:21:21.294,2.12,2016-01-11 04:30:00,
1.122541382,8750030,Miki Jankovic,M Jankovic v Safiullin,50,2016-01-11 03:59:38.626,2.22,2016-01-11 04:30:00,
1.122541382,8750030,Miki Jankovic,M Jankovic v Safiullin,60,2016-01-11 04:12:40.289,2.36,2016-01-11 04:30:00,
1.122541382,8750030,Miki Jankovic,M Jankovic v Safiullin,70,2016-01-11 04:13:40.584,2.38,2016-01-11 04:30:00,
1.122541382,8750030,Miki Jankovic,M Jankovic v Safiullin,80,2016-01-11 06:29:41.364,2.32,2016-01-11 06:32:00,2016-01-11 06:29:41.364
1.122541382,8750030,Miki Jankovic,M Jankovic v Safiullin,90,2016-01-11 06:30:36.798,2.0,2016-01-11 06:32:00,2016-01-11 06:29:41.364
1.122541382,8750030,Miki Jankovic,M Jankovic v Safiullin,100,2016-01-11 06:31:29.527,2.66,2016-01-11 06:32:00,2016-01-11 06:29:41.364
1.122541382,9125686,Roman Safiullin,M Jankovic v Safiullin,0,2016-01-10 06:43:07.674,1.97,2016-01-11 04:30:00,
1.122541382,9125686,Roman Safiullin,M Jankovic v Safiullin,10,2016-01-10 16:41:40.416,1.82,2016-01-11 04:30:00,
1.122541382,9125686,Roman Safiullin,M Jankovic v Safiullin,20,2016-01-10 16:45:13.797,1.81,2016-01-11 04:30:00,
1.122541382,9125686,Roman Safiullin,M Jankovic v Safiullin,30,2016-01-11 04:12:40.289,1.75,2016-01-11 04:30:00,
1.122541382,9125686,Roman Safiullin,M Jankovic v Safiullin,40,2016-01-11 04:13:40.584,1.69,2016-01-11 04:30:00,
1.122541382,9125686,Roman Safiullin,M Jankovic v Safiullin,50,2016-01-11 04:17:41.123,1.7,2016-01-11 04:30:00,
1.122541382,9125686,Roman Safiullin,M Jankovic v Safiullin,60,2016-01-11 04:25:02.442,1.72,2016-01-11 04:30:00,
1.122541382,9125686,Roman Safiullin,M Jankovic v Safiullin,70,2016-01-11 04:29:29.610,1.68,2016-01-11 04:30:00,
1.122541382,9125686,Roman Safiullin,M Jankovic v Safiullin,80,2016-01-11 06:28:15.267,1.69,2016-01-11 06:32:00,
1.122541382,9125686,Roman Safiullin,M Jankovic v Safiullin,90,2016-01-11 06:29:41.364,1.68,2016-01-11 06:32:00,2016-01-11 06:29:41.364
1.122541382,9125686,Roman Safiullin,M Jankovic v Safiullin,100,2016-01-11 06:31:29.527,1.6,2016-01-11 06:32:00,2016-01-11 06:29:41.364
1.122541394,5321113,Maxime Teixeira,Teixeira v L Broady,0,2016-01-11 16:45:54.325,2.66,2016-01-12 03:00:00,
1.122541394,5321113,Maxime Teixeira,Teixeira v L Broady,10,2016-01-11 16:46:49.428,2.64,2016-01-12 03:00:00,
1.122541394,5321113,Maxime Teixeira,Teixeira v L Broady,20,2016-01-11 17:01:35.570,2.78,2016-01-12 03:00:00,
1.122541394,5321113,Maxime Teixeira,Teixeira v L Broady,30,2016-01-11 20:57:48.454,3.2,2016-01-12 03:00:00,
1.122541394,5321113,Maxime Teixeira,Teixeira v L Broady,40,2016-01-11 22:37:51.883,3.35,2016-01-12 03:00:00,
1.122541394,5321113,Maxime Teixeira,Teixeira v L Broady,50,2016-01-11 22:39:18.114,3.2,2016-01-12 03:00:00,
1.122541394,5321113,Maxime Teixeira,Teixeira v L Broady,60,2016-01-11 23:14:34.218,3.1,2016-01-12 03:00:00,
1.122541394,5321113,Maxime Teixeira,Teixeira v L Broady,70,2016-01-12 00:16:40.032,3.05,2016-01-12 03:00:00,
1.122541394,5321113,Maxime Teixeira,Teixeira v L Broady,80,2016-01-12 00:19:50.273,3.0,2016-01-12 03:00:00,
1.122541394,5321113,Maxime Teixeira,Teixeira v L Broady,90,2016-01-12 00:44:36.102,2.96,2016-01-12 03:00:00,
1.122541394,5321113,Maxime Teixeira,Teixeira v L Broady,100,2016-01-12 02:09:50.455,2.94,2016-01-12 03:00:00,
1.122541394,5626816,Liam Broady,Teixeira v L Broady,0,2016-01-10 10:03:26.513,1.68,2016-01-11 05:00:00,
1.122541394,5626816,Liam Broady,Teixeira v L Broady,10,2016-01-11 06:05:48.514,1.57,2016-01-12 05:00:00,
1.122541394,5626816,Liam Broady,Teixeira v L Broady,20,2016-01-11 17:01:35.570,1.56,2016-01-12 03:00:00,
1.122541394,5626816,Liam Broady,Teixeira v L Broady,30,2016-01-11 22:07:31.602,1.45,2016-01-12 03:00:00,
1.122541394,5626816,Liam Broady,Teixeira v L Broady,40,2016-01-11 23:14:34.218,1.48,2016-01-12 03:00:00,
1.122541394,5626816,Liam Broady,Teixeira v L Broady,50,2016-01-12 00:19:50.273,1.5,2016-01-12 03:00:00,
1.122541394,5626816,Liam Broady,Teixeira v L Broady,60,2016-01-12 00:22:21.793,1.44,2016-01-12 03:00:00,
1.122541394,5626816,Liam Broady,Teixeira v L Broady,70,2016-01-12 00:47:39.949,1.44,2016-01-12 03:00:00,
1.122541394,5626816,Liam Broady,Teixeira v L Broady,80,2016-01-12 02:00:39.077,1.52,2016-01-12 03:00:00,
1.122541394,5626816,Liam Broady,Teixeira v L Broady,90,2016-01-12 02:49:53.052,1.49,2016-01-12 03:00:00,
1.122541394,5626816,Liam Broady,Teixeira v L Broady,100,2016-01-12 02:59:53.923,1.49,2016-01-12 03:05:00,
1.122541406,8599863,Robin Stanek,Stanek v Nedelko,0,2016-01-10 21:10:44.117,1.27,2016-01-11 06:15:00,
1.122541406,8599863,Robin Stanek,Stanek v Nedelko,10,2016-01-11 00:03:12.611,1.24,2016-01-11 06:15:00,
1.122541406,8599863,Robin Stanek,Stanek v Nedelko,20,2016-01-11 05:15:07.718,1.22,2016-01-11 06:15:00,
1.122541406,8599863,Robin Stanek,Stanek v Nedelko,30,2016-01-11 05:56:01.110,1.28,2016-01-11 06:15:00,
1.122541406,8599863,Robin Stanek,Stanek v Nedelko,40,2016-01-11 08:15:59.091,1.2,2016-01-11 09:15:00,
1.122541406,8599863,Robin Stanek,Stanek v Nedelko,50,2016-01-11 08:24:36.696,1.2,2016-01-11 09:15:00,
1.122541406,8599863,Robin Stanek,Stanek v Nedelko,60,2016-01-11 08:27:41.235,1.2,2016-01-11 09:15:00,
1.122541406,8599863,Robin Stanek,Stanek v Nedelko,70,2016-01-11 08:45:03.513,1.18,2016-01-11 09:15:00,
1.122541406,8599863,Robin Stanek,Stanek v Nedelko,80,2016-01-11 08:52:17.110,1.21,2016-01-11 09:15:00,
1.122541406,8599863,Robin Stanek,Stanek v Nedelko,90,2016-01-11 08:57:54.248,1.2,2016-01-11 09:15:00,
1.122541406,8599863,Robin Stanek,Stanek v Nedelko,100,2016-01-11 09:05:07.072,1.25,2016-01-11 09:08:00,
1.122544491,7446579,Borna Coric,S Wawrinka v Coric,0,2016-01-09 17:00:23.337,5.6,2016-01-10 11:30:00,
1.122544491,7446579,Borna Coric,S Wawrinka v Coric,10,2016-01-09 19:33:04.130,6.4,2016-01-10 11:30:00,
1.122544491,7446579,Borna Coric,S Wawrinka v Coric,20,2016-01-09 22:49:54.381,7.6,2016-01-10 11:30:00,
1.122544491,7446579,Borna Coric,S Wawrinka v Coric,30,2016-01-10 03:07:04.499,7.8,2016-01-10 11:30:00,
1.122544491,7446579,Borna Coric,S Wawrinka v Coric,40,2016-01-10 06:01:53.230,7.8,2016-01-10 11:30:00,
1.122544491,7446579,Borna Coric,S Wawrinka v Coric,50,2016-01-10 09:28:22.496,7.6,2016-01-10 11:30:00,
1.122544491,7446579,Borna Coric,S Wawrinka v Coric,60,2016-01-10 10:07:46.749,7.4,2016-01-10 11:30:00,
1.122544491,7446579,Borna Coric,S Wawrinka v Coric,70,2016-01-10 10:43:20.521,7.8,2016-01-10 11:30:00,
1.122544491,7446579,Borna Coric,S Wawrinka v Coric,80,2016-01-10 11:08:24.149,8.0,2016-01-10 11:30:00,
1.122544491,7446579,Borna Coric,S Wawrinka v Coric,90,2016-01-10 11:18:24.173,8.2,2016-01-10 11:30:00,
1.122544491,7446579,Borna Coric,S Wawrinka v Coric,100,2016-01-10 11:25:24.144,8.0,2016-01-10 11:29:00,
1.122544491,8597476,Stan Wawrinka,S Wawrinka v Coric,0,2016-01-09 16:56:15.082,1.12,2016-01-10 11:30:00,
1.122544491,8597476,Stan Wawrinka,S Wawrinka v Coric,10,2016-01-09 18:40:22.211,1.19,2016-01-10 11:30:00,
1.122544491,8597476,Stan Wawrinka,S Wawrinka v Coric,20,2016-01-09 20:46:02.389,1.17,2016-01-10 11:30:00,
1.122544491,8597476,Stan Wawrinka,S Wawrinka v Coric,30,2016-01-09 23:30:42.975,1.15,2016-01-10 11:30:00,
1.122544491,8597476,Stan Wawrinka,S Wawrinka v Coric,40,2016-01-10 05:43:19.709,1.15,2016-01-10 11:30:00,
1.122544491,8597476,Stan Wawrinka,S Wawrinka v Coric,50,2016-01-10 08:20:23.575,1.15,2016-01-10 11:30:00,
1.122544491,8597476,Stan Wawrinka,S Wawrinka v Coric,60,2016-01-10 09:36:02.054,1.15,2016-01-10 11:30:00,
1.122544491,8597476,Stan Wawrinka,S Wawrinka v Coric,70,2016-01-10 10:18:30.156,1.15,2016-01-10 11:30:00,
1.122544491,8597476,Stan Wawrinka,S Wawrinka v Coric,80,2016-01-10 10:43:20.521,1.15,2016-01-10 11:30:00,
1.122544491,8597476,Stan Wawrinka,S Wawrinka v Coric,90,2016-01-10 11:05:21.052,1.15,2016-01-10 11:30:00,
1.122544491,8597476,Stan Wawrinka,S Wawrinka v Coric,100,2016-01-10 11:27:22.105,1.15,2016-01-10 11:29:00,
1.122546329,10682281,Marach/Martin,Marach/Martin v Krajicek/Paire,0,2016-01-10 09:05:36.943,1.71,2016-01-10 13:15:00,
1.122546329,10682281,Marach/Martin,Marach/Martin v Krajicek/Paire,10,2016-01-10 09:09:04.197,1.98,2016-01-10 13:15:00,
1.122546329,10682281,Marach/Martin,Marach/Martin v Krajicek/Paire,20,2016-01-10 09:59:20.020,1.72,2016-01-10 13:15:00,
1.122546329,10682281,Marach/Martin,Marach/Martin v Krajicek/Paire,30,2016-01-10 11:00:26.786,1.7,2016-01-10 13:15:00,
1.122546329,10682281,Marach/Martin,Marach/Martin v Krajicek/Paire,40,2016-01-10 11:59:07.081,1.79,2016-01-10 13:15:00,
1.122546329,10682281,Marach/Martin,Marach/Martin v Krajicek/Paire,50,2016-01-10 12:15:09.061,1.72,2016-01-10 13:15:00,
1.122546329,10682281,Marach/Martin,Marach/Martin v Krajicek/Paire,60,2016-01-10 12:17:01.492,1.72,2016-01-10 13:15:00,
1.122546329,10682281,Marach/Martin,Marach/Martin v Krajicek/Paire,70,2016-01-10 12:30:23.237,1.75,2016-01-10 13:15:00,
1.122546329,10682281,Marach/Martin,Marach/Martin v Krajicek/Paire,80,2016-01-10 13:03:17.012,1.84,2016-01-10 13:15:00,
1.122546329,10682281,Marach/Martin,Marach/Martin v Krajicek/Paire,90,2016-01-10 13:10:01.676,1.88,2016-01-10 13:15:00,
1.122546329,10682281,Marach/Martin,Marach/Martin v Krajicek/Paire,100,2016-01-10 14:01:46.462,1.97,2016-01-10 14:06:00,
1.122546329,10682289,Krajicek/Paire,Marach/Martin v Krajicek/Paire,0,2016-01-10 09:09:04.197,2.02,2016-01-10 13:15:00,
1.122546329,10682289,Krajicek/Paire,Marach/Martin v Krajicek/Paire,10,2016-01-10 11:38:23.506,2.2,2016-01-10 13:15:00,
1.122546329,10682289,Krajicek/Paire,Marach/Martin v Krajicek/Paire,20,2016-01-10 11:57:11.709,2.24,2016-01-10 13:15:00,
1.122546329,10682289,Krajicek/Paire,Marach/Martin v Krajicek/Paire,30,2016-01-10 12:11:03.740,2.26,2016-01-10 13:15:00,
1.122546329,10682289,Krajicek/Paire,Marach/Martin v Krajicek/Paire,40,2016-01-10 12:15:09.061,2.34,2016-01-10 13:15:00,
1.122546329,10682289,Krajicek/Paire,Marach/Martin v Krajicek/Paire,50,2016-01-10 12:17:01.492,2.38,2016-01-10 13:15:00,
1.122546329,10682289,Krajicek/Paire,Marach/Martin v Krajicek/Paire,60,2016-01-10 12:20:02.735,2.32,2016-01-10 13:15:00,
1.122546329,10682289,Krajicek/Paire,Marach/Martin v Krajicek/Paire,70,2016-01-10 12:22:08.325,2.26,2016-01-10 13:15:00,
1.122546329,10682289,Krajicek/Paire,Marach/Martin v Krajicek/Paire,80,2016-01-10 12:53:13.390,2.2,2016-01-10 13:15:00,
1.122546329,10682289,Krajicek/Paire,Marach/Martin v Krajicek/Paire,90,2016-01-10 13:03:17.012,2.22,2016-01-10 13:15:00,
1.122546329,10682289,Krajicek/Paire,Marach/Martin v Krajicek/Paire,100,2016-01-10 13:10:01.676,2.14,2016-01-10 13:15:00,
1.122546877,4490590,Joao Souza,Clezar v Souza,0,2016-01-10 21:59:42.706,1.81,2016-01-11 15:00:00,
1.122546877,4490590,Joao Souza,Clezar v Souza,10,2016-01-11 02:37:04.728,2.06,2016-01-12 15:00:00,
1.122546877,4490590,Joao Souza,Clezar v Souza,20,2016-01-12 07:16:11.257,2.18,2016-01-12 14:00:00,
1.122546877,4490590,Joao Souza,Clezar v Souza,30,2016-01-12 07:16:38.913,2.06,2016-01-12 14:00:00,
1.122546877,4490590,Joao Souza,Clezar v Souza,40,2016-01-12 11:46:49.899,2.3,2016-01-12 14:00:00,
1.122546877,4490590,Joao Souza,Clezar v Souza,50,2016-01-12 12:42:17.066,2.16,2016-01-12 14:00:00,
1.122546877,4490590,Joao Souza,Clezar v Souza,60,2016-01-12 12:46:20.067,2.28,2016-01-12 14:00:00,
1.122546877,4490590,Joao Souza,Clezar v Souza,70,2016-01-12 13:05:04.265,2.26,2016-01-12 14:00:00,
1.122546877,4490590,Joao Souza,Clezar v Souza,80,2016-01-12 13:16:19.645,2.24,2016-01-12 14:00:00,
1.122546877,4490590,Joao Souza,Clezar v Souza,90,2016-01-12 13:53:13.503,2.24,2016-01-12 14:00:00,
1.122546877,4490590,Joao Souza,Clezar v Souza,100,2016-01-12 13:57:19.511,2.08,2016-01-12 14:02:00,
1.122546877,5304142,Guilherme Clezar,Clezar v Souza,0,2016-01-11 04:46:45.095,1.92,2016-01-12 15:00:00,
1.122546877,5304142,Guilherme Clezar,Clezar v Souza,10,2016-01-12 09:11:23.492,1.83,2016-01-12 14:00:00,
1.122546877,5304142,Guilherme Clezar,Clezar v Souza,20,2016-01-12 12:32:30.962,1.85,2016-01-12 14:00:00,
1.122546877,5304142,Guilherme Clezar,Clezar v Souza,30,2016-01-12 12:50:19.907,1.76,2016-01-12 14:00:00,
1.122546877,5304142,Guilherme Clezar,Clezar v Souza,40,2016-01-12 12:58:01.397,1.76,2016-01-12 14:00:00,
1.122546877,5304142,Guilherme Clezar,Clezar v Souza,50,2016-01-12 13:05:04.265,1.81,2016-01-12 14:00:00,
1.122546877,5304142,Guilherme Clezar,Clezar v Souza,60,2016-01-12 13:33:02.038,1.75,2016-01-12 14:00:00,
1.122546877,5304142,Guilherme Clezar,Clezar v Souza,70,2016-01-12 13:52:19.695,1.82,2016-01-12 14:00:00,
1.122546877,5304142,Guilherme Clezar,Clezar v Souza,80,2016-01-12 13:54:04.083,1.77,2016-01-12 14:02:00,
1.122546877,5304142,Guilherme Clezar,Clezar v Souza,90,2016-01-12 13:57:19.511,1.93,2016-01-12 14:02:00,
1.122546877,5304142,Guilherme Clezar,Clezar v Souza,100,2016-01-12 14:00:13.420,1.86,2016-01-12 14:02:00,
1.122546881,8859456,Maxime Hamou,Hamou v G Mina,0,2016-01-11 14:34:59.651,1.81,2016-01-11 18:00:00,
1.122546881,8859456,Maxime Hamou,Hamou v G Mina,10,2016-01-11 17:00:07.202,1.82,2016-01-11 18:00:00,
1.122546881,8859456,Maxime Hamou,Hamou v G Mina,20,2016-01-11 17:41:34.649,1.84,2016-01-11 18:00:00,
1.122546881,8859456,Maxime Hamou,Hamou v G Mina,30,2016-01-11 17:50:02.755,1.96,2016-01-11 18:00:00,
1.122546881,8859456,Maxime Hamou,Hamou v G Mina,40,2016-01-11 19:08:19.963,1.85,2016-01-11 19:15:00,
1.122546881,8859456,Maxime Hamou,Hamou v G Mina,50,2016-01-11 19:10:21.674,1.81,2016-01-11 19:15:00,
1.122546881,8859456,Maxime Hamou,Hamou v G Mina,60,2016-01-11 19:13:57.675,1.84,2016-01-11 19:15:00,
1.122546881,8859456,Maxime Hamou,Hamou v G Mina,70,2016-01-11 19:16:18.535,1.81,2016-01-11 19:24:00,
1.122546881,8859456,Maxime Hamou,Hamou v G Mina,80,2016-01-11 19:17:53.993,1.72,2016-01-11 19:24:00,
1.122546881,8859456,Maxime Hamou,Hamou v G Mina,90,2016-01-11 19:21:20.946,1.85,2016-01-11 19:24:00,2016-01-11 19:21:20.946
1.122546881,8859456,Maxime Hamou,Hamou v G Mina,100,2016-01-11 19:23:20.957,1.71,2016-01-11 19:24:00,2016-01-11 19:21:20.946
1.122546885,8326744,Nicolas Kicker,Kicker v E Gomez,0,2016-01-11 06:30:11.952,1.46,2016-01-11 18:45:00,
1.122546885,8326744,Nicolas Kicker,Kicker v E Gomez,10,2016-01-11 09:47:12.915,1.39,2016-01-11 18:45:00,
1.122546885,8326744,Nicolas Kicker,Kicker v E Gomez,20,2016-01-11 11:13:04.243,1.44,2016-01-11 18:45:00,
1.122546885,8326744,Nicolas Kicker,Kicker v E Gomez,30,2016-01-11 12:30:21.063,1.3,2016-01-11 18:45:00,
1.122546885,8326744,Nicolas Kicker,Kicker v E Gomez,40,2016-01-11 14:15:11.745,1.29,2016-01-11 18:45:00,
1.122546885,8326744,Nicolas Kicker,Kicker v E Gomez,50,2016-01-11 15:01:22.382,1.34,2016-01-11 18:45:00,
1.122546885,8326744,Nicolas Kicker,Kicker v E Gomez,60,2016-01-11 16:52:13.976,1.39,2016-01-11 18:45:00,
1.122546885,8326744,Nicolas Kicker,Kicker v E Gomez,70,2016-01-11 17:34:53.138,1.3,2016-01-11 18:45:00,
1.122546885,8326744,Nicolas Kicker,Kicker v E Gomez,80,2016-01-11 17:58:09.846,1.31,2016-01-11 18:45:00,
1.122546885,8326744,Nicolas Kicker,Kicker v E Gomez,90,2016-01-11 18:35:07.684,1.31,2016-01-11 18:45:00,
1.122546885,8326744,Nicolas Kicker,Kicker v E Gomez,100,2016-01-11 18:43:09.516,1.3,2016-01-11 18:45:00,
1.1225469,2426230,Jonathan Eysseric,J Eysseric v Ma Gonzalez,0,2016-01-12 13:19:53.631,5.4,2016-01-12 21:30:00,
1.1225469,2426230,Jonathan Eysseric,J Eysseric v Ma Gonzalez,10,2016-01-12 13:36:17.630,5.7,2016-01-12 21:30:00,
1.1225469,2426230,Jonathan Eysseric,J Eysseric v Ma Gonzalez,20,2016-01-12 20:41:13.964,5.8,2016-01-12 21:30:00,
1.1225469,2426230,Jonathan Eysseric,J Eysseric v Ma Gonzalez,30,2016-01-12 20:43:27.829,5.7,2016-01-12 21:30:00,
1.1225469,2426230,Jonathan Eysseric,J Eysseric v Ma Gonzalez,40,2016-01-12 21:05:21.353,6.0,2016-01-12 21:30:00,
1.1225469,2426230,Jonathan Eysseric,J Eysseric v Ma Gonzalez,50,2016-01-12 21:06:24.887,5.5,2016-01-12 21:30:00,
1.1225469,2426230,Jonathan Eysseric,J Eysseric v Ma Gonzalez,60,2016-01-12 21:16:25.467,5.6,2016-01-12 21:30:00,
1.1225469,2426230,Jonathan Eysseric,J Eysseric v Ma Gonzalez,70,2016-01-12 21:18:26.075,6.0,2016-01-12 21:30:00,
1.1225469,2426230,Jonathan Eysseric,J Eysseric v Ma Gonzalez,80,2016-01-12 21:26:28.682,5.5,2016-01-12 21:30:00,
1.1225469,2426230,Jonathan Eysseric,J Eysseric v Ma Gonzalez,90,2016-01-12 21:30:26.678,5.4,2016-01-12 21:36:00,
1.1225469,2426230,Jonathan Eysseric,J Eysseric v Ma Gonzalez,100,2016-01-12 21:31:03.008,5.3,2016-01-12 21:36:00,
1.1225469,2489416,Maximo Gonzalez,J Eysseric v Ma Gonzalez,0,2016-01-11 03:00:23.186,1.29,2016-01-12 15:00:00,
1.1225469,2489416,Maximo Gonzalez,J Eysseric v Ma Gonzalez,10,2016-01-12 13:19:53.631,1.22,2016-01-12 21:30:00,
1.1225469,2489416,Maximo Gonzalez,J Eysseric v Ma Gonzalez,20,2016-01-12 13:36:17.630,1.2,2016-01-12 21:30:00,
1.1225469,2489416,Maximo Gonzalez,J Eysseric v Ma Gonzalez,30,2016-01-12 20:40:23.550,1.23,2016-01-12 21:30:00,
1.1225469,2489416,Maximo Gonzalez,J Eysseric v Ma Gonzalez,40,2016-01-12 20:46:21.734,1.22,2016-01-12 21:30:00,
1.1225469,2489416,Maximo Gonzalez,J Eysseric v Ma Gonzalez,50,2016-01-12 21:05:21.353,1.2,2016-01-12 21:30:00,
1.1225469,2489416,Maximo Gonzalez,J Eysseric v Ma Gonzalez,60,2016-01-12 21:07:21.693,1.21,2016-01-12 21:30:00,
1.1225469,2489416,Maximo Gonzalez,J Eysseric v Ma Gonzalez,70,2016-01-12 21:19:26.834,1.21,2016-01-12 21:30:00,
1.1225469,2489416,Maximo Gonzalez,J Eysseric v Ma Gonzalez,80,2016-01-12 21:28:26.476,1.21,2016-01-12 21:36:00,
1.1225469,2489416,Maximo Gonzalez,J Eysseric v Ma Gonzalez,90,2016-01-12 21:30:26.678,1.23,2016-01-12 21:36:00,
1.1225469,2489416,Maximo Gonzalez,J Eysseric v Ma Gonzalez,100,2016-01-12 21:35:15.506,1.23,2016-01-12 21:36:00,
1.122546905,8174492,Tomas Lipovsek Puches,Lipovsek Puches v Rodriguez Taverna,0,2016-01-11 08:09:08.234,1.33,2016-01-11 17:00:00,
1.122546905,8174492,Tomas Lipovsek Puches,Lipovsek Puches v Rodriguez Taverna,10,2016-01-11 08:57:09.582,1.33,2016-01-11 17:00:00,
1.122546905,8174492,Tomas Lipovsek Puches,Lipovsek Puches v Rodriguez Taverna,20,2016-01-11 09:32:03.864,1.4,2016-01-11 17:00:00,
1.122546905,8174492,Tomas Lipovsek Puches,Lipovsek Puches v Rodriguez Taverna,30,2016-01-11 10:23:16.977,1.4,2016-01-11 17:00:00,
1.122546905,8174492,Tomas Lipovsek Puches,Lipovsek Puches v Rodriguez Taverna,40,2016-01-11 11:12:20.693,1.4,2016-01-11 17:00:00,
1.122546905,8174492,Tomas Lipovsek Puches,Lipovsek Puches v Rodriguez Taverna,50,2016-01-11 11:57:14.886,1.31,2016-01-11 17:00:00,
1.122546905,8174492,Tomas Lipovsek Puches,Lipovsek Puches v Rodriguez Taverna,60,2016-01-11 12:45:25.782,1.31,2016-01-11 17:00:00,
1.122546905,8174492,Tomas Lipovsek Puches,Lipovsek Puches v Rodriguez Taverna,70,2016-01-11 13:20:54.449,1.33,2016-01-11 17:00:00,
1.122546905,8174492,Tomas Lipovsek Puches,Lipovsek Puches v Rodriguez Taverna,80,2016-01-11 13:57:04.505,1.33,2016-01-11 17:00:00,
1.122546905,8174492,Tomas Lipovsek Puches,Lipovsek Puches v Rodriguez Taverna,90,2016-01-11 14:38:29.372,1.34,2016-01-11 17:00:00,
1.122546905,8174492,Tomas Lipovsek Puches,Lipovsek Puches v Rodriguez Taverna,100,2016-01-11 16:53:48.998,1.3,2016-01-11 16:55:00,
1.122546909,7185192,Roberto Carballes Baena,Carballes Baena v M Arevalo,0,2016-01-11 09:55:12.830,1.36,2016-01-12 15:00:00,
1.122546909,7185192,Roberto Carballes Baena,Carballes Baena v M Arevalo,10,2016-01-11 23:37:10.643,1.32,2016-01-12 14:00:00,
1.122546909,7185192,Roberto Carballes Baena,Carballes Baena v M Arevalo,20,2016-01-12 10:28:19.682,1.27,2016-01-12 14:00:00,
1.122546909,7185192,Roberto Carballes Baena,Carballes Baena v M Arevalo,30,2016-01-12 11:38:37.017,1.28,2016-01-12 14:00:00,
1.122546909,7185192,Roberto Carballes Baena,Carballes Baena v M Arevalo,40,2016-01-12 13:00:28.367,1.25,2016-01-12 14:00:00,
1.122546909,7185192,Roberto Carballes Baena,Carballes Baena v M Arevalo,50,2016-01-12 13:10:01.196,1.25,2016-01-12 14:00:00,
1.122546909,7185192,Roberto Carballes Baena,Carballes Baena v M Arevalo,60,2016-01-12 13:30:48.522,1.27,2016-01-12 14:00:00,
1.122546909,7185192,Roberto Carballes Baena,Carballes Baena v M Arevalo,70,2016-01-12 13:34:27.066,1.22,2016-01-12 14:00:00,
1.122546909,7185192,Roberto Carballes Baena,Carballes Baena v M Arevalo,80,2016-01-12 13:36:12.191,1.26,2016-01-12 14:00:00,
1.122546909,7185192,Roberto Carballes Baena,Carballes Baena v M Arevalo,90,2016-01-12 13:42:27.557,1.22,2016-01-12 14:00:00,
1.122546909,7185192,Roberto Carballes Baena,Carballes Baena v M Arevalo,100,2016-01-12 13:43:42.386,1.24,2016-01-12 14:00:00,
1.122546925,4876705,Gerald Melzer,Cachin v G Melzer,0,2016-01-11 03:19:29.605,1.6,2016-01-12 15:00:00,
1.122546925,4876705,Gerald Melzer,Cachin v G Melzer,10,2016-01-12 08:16:17.463,1.58,2016-01-12 17:30:00,
1.122546925,4876705,Gerald Melzer,Cachin v G Melzer,20,2016-01-12 08:20:28.986,1.7,2016-01-12 17:30:00,
1.122546925,4876705,Gerald Melzer,Cachin v G Melzer,30,2016-01-12 12:19:20.154,1.6,2016-01-12 17:30:00,
1.122546925,4876705,Gerald Melzer,Cachin v G Melzer,40,2016-01-12 13:11:24.139,1.62,2016-01-12 17:30:00,
1.122546925,4876705,Gerald Melzer,Cachin v G Melzer,50,2016-01-12 13:12:51.555,1.61,2016-01-12 17:30:00,
1.122546925,4876705,Gerald Melzer,Cachin v G Melzer,60,2016-01-12 14:25:33.557,1.61,2016-01-12 17:30:00,
1.122546925,4876705,Gerald Melzer,Cachin v G Melzer,70,2016-01-12 15:30:31.619,1.61,2016-01-12 17:30:00,
1.122546925,4876705,Gerald Melzer,Cachin v G Melzer,80,2016-01-12 16:05:40.059,1.61,2016-01-12 17:30:00,
1.122546925,4876705,Gerald Melzer,Cachin v G Melzer,90,2016-01-12 17:24:33.567,1.53,2016-01-12 17:30:00,
1.122546925,4876705,Gerald Melzer,Cachin v G Melzer,100,2016-01-12 17:30:35.996,1.51,2016-01-12 17:32:00,
1.122546925,8461316,Pedro Cachin,Cachin v G Melzer,0,2016-01-12 08:18:23.301,2.7,2016-01-12 17:30:00,
1.122546925,8461316,Pedro Cachin,Cachin v G Melzer,10,2016-01-12 08:20:28.986,2.44,2016-01-12 17:30:00,
1.122546925,8461316,Pedro Cachin,Cachin v G Melzer,20,2016-01-12 10:44:15.859,2.62,2016-01-12 17:30:00,
1.122546925,8461316,Pedro Cachin,Cachin v G Melzer,30,2016-01-12 11:52:57.443,2.6,2016-01-12 17:30:00,
1.122546925,8461316,Pedro Cachin,Cachin v G Melzer,40,2016-01-12 11:57:28.767,2.64,2016-01-12 17:30:00,
1.122546925,8461316,Pedro Cachin,Cachin v G Melzer,50,2016-01-12 12:19:20.154,2.68,2016-01-12 17:30:00,
1.122546925,8461316,Pedro Cachin,Cachin v G Melzer,60,2016-01-12 13:01:46.522,2.5,2016-01-12 17:30:00,
1.122546925,8461316,Pedro Cachin,Cachin v G Melzer,70,2016-01-12 13:12:12.928,2.62,2016-01-12 17:30:00,
1.122546925,8461316,Pedro Cachin,Cachin v G Melzer,80,2016-01-12 14:25:33.557,2.64,2016-01-12 17:30:00,
1.122546925,8461316,Pedro Cachin,Cachin v G Melzer,90,2016-01-12 17:14:10.375,2.66,2016-01-12 17:30:00,
1.122546925,8461316,Pedro Cachin,Cachin v G Melzer,100,2016-01-12 17:29:33.808,2.94,2016-01-12 17:32:00,
1.122546929,7287672,Arthur De Greef,Lindell v De Greef,0,2016-01-12 07:18:36.487,1.9,2016-01-12 15:45:00,
1.122546929,7287672,Arthur De Greef,Lindell v De Greef,10,2016-01-12 09:02:11.532,1.89,2016-01-12 15:45:00,
1.122546929,7287672,Arthur De Greef,Lindell v De Greef,20,2016-01-12 12:47:24.142,1.87,2016-01-12 15:45:00,
1.122546929,7287672,Arthur De Greef,Lindell v De Greef,30,2016-01-12 13:06:26.856,1.81,2016-01-12 15:45:00,
1.122546929,7287672,Arthur De Greef,Lindell v De Greef,40,2016-01-12 13:49:29.717,1.86,2016-01-12 15:45:00,
1.122546929,7287672,Arthur De Greef,Lindell v De Greef,50,2016-01-12 15:33:34.203,1.75,2016-01-12 15:45:00,
1.122546929,7287672,Arthur De Greef,Lindell v De Greef,60,2016-01-12 15:39:14.883,1.74,2016-01-12 15:45:00,
1.122546929,7287672,Arthur De Greef,Lindell v De Greef,70,2016-01-12 15:46:38.026,1.86,2016-01-12 15:50:00,
1.122546929,7287672,Arthur De Greef,Lindell v De Greef,80,2016-01-12 15:47:15.499,1.88,2016-01-12 15:50:00,
1.122546929,7287672,Arthur De Greef,Lindell v De Greef,90,2016-01-12 15:48:37.809,1.87,2016-01-12 15:50:00,
1.122546929,7287672,Arthur De Greef,Lindell v De Greef,100,2016-01-12 15:49:32.848,1.91,2016-01-12 15:50:00,
1.122546933,2301068,Rogerio Dutra Silva,Zukas v Dutra Silva,0,2016-01-11 02:30:28.964,1.2,2016-01-11 21:30:00,
1.122546933,2301068,Rogerio Dutra Silva,Zukas v Dutra Silva,10,2016-01-11 03:00:26.003,1.16,2016-01-11 21:30:00,
1.122546933,2301068,Rogerio Dutra Silva,Zukas v Dutra Silva,20,2016-01-11 17:44:55.456,1.16,2016-01-11 21:30:00,
1.122546933,2301068,Rogerio Dutra Silva,Zukas v Dutra Silva,30,2016-01-11 18:26:35.098,1.15,2016-01-11 21:30:00,
1.122546933,2301068,Rogerio Dutra Silva,Zukas v Dutra Silva,40,2016-01-11 18:53:38.242,1.14,2016-01-11 21:30:00,
1.122546933,2301068,Rogerio Dutra Silva,Zukas v Dutra Silva,50,2016-01-11 19:57:35.417,1.16,2016-01-11 21:30:00,
1.122546933,2301068,Rogerio Dutra Silva,Zukas v Dutra Silva,60,2016-01-11 20:52:32.435,1.16,2016-01-11 21:30:00,
1.122546933,2301068,Rogerio Dutra Silva,Zukas v Dutra Silva,70,2016-01-11 21:19:37.704,1.17,2016-01-11 21:30:00,
1.122546933,2301068,Rogerio Dutra Silva,Zukas v Dutra Silva,80,2016-01-11 21:21:36.204,1.18,2016-01-11 21:30:00,
1.122546933,2301068,Rogerio Dutra Silva,Zukas v Dutra Silva,90,2016-01-11 21:27:26.561,1.18,2016-01-11 21:30:00,
1.122546933,2301068,Rogerio Dutra Silva,Zukas v Dutra Silva,100,2016-01-11 21:33:29.677,1.17,2016-01-11 21:37:00,
1.122546949,4520808,Facundo Bagnis,Bagnis v Molteni,0,2016-01-11 02:38:20.540,1.13,2016-01-12 15:00:00,
1.122546949,4520808,Facundo Bagnis,Bagnis v Molteni,10,2016-01-12 10:39:04.715,1.16,2016-01-12 19:15:00,
1.122546949,4520808,Facundo Bagnis,Bagnis v Molteni,20,2016-01-12 13:34:05.801,1.15,2016-01-12 19:15:00,
1.122546949,4520808,Facundo Bagnis,Bagnis v Molteni,30,2016-01-12 16:20:32.516,1.17,2016-01-12 19:15:00,
1.122546949,4520808,Facundo Bagnis,Bagnis v Molteni,40,2016-01-12 16:47:18.627,1.15,2016-01-12 19:15:00,
1.122546949,4520808,Facundo Bagnis,Bagnis v Molteni,50,2016-01-12 18:11:45.212,1.15,2016-01-12 19:15:00,
1.122546949,4520808,Facundo Bagnis,Bagnis v Molteni,60,2016-01-12 18:43:41.628,1.16,2016-01-12 19:15:00,
1.122546949,4520808,Facundo Bagnis,Bagnis v Molteni,70,2016-01-12 18:45:45.745,1.15,2016-01-12 19:15:00,
1.122546949,4520808,Facundo Bagnis,Bagnis v Molteni,80,2016-01-12 19:00:42.067,1.15,2016-01-12 19:15:00,
1.122546949,4520808,Facundo Bagnis,Bagnis v Molteni,90,2016-01-12 19:02:44.158,1.14,2016-01-12 19:15:00,
1.122546949,4520808,Facundo Bagnis,Bagnis v Molteni,100,2016-01-12 20:04:21.382,1.14,2016-01-12 20:06:00,
1.122546953,2257299,Ruben Ramirez Hidalgo,Michon v Ramirez Hidalgo,0,2016-01-12 08:06:41.517,2.16,2016-01-12 17:30:00,
1.122546953,2257299,Ruben Ramirez Hidalgo,Michon v Ramirez Hidalgo,10,2016-01-12 12:47:43.075,2.18,2016-01-12 17:30:00,
1.122546953,2257299,Ruben Ramirez Hidalgo,Michon v Ramirez Hidalgo,20,2016-01-12 13:09:33.032,2.24,2016-01-12 17:30:00,
1.122546953,2257299,Ruben Ramirez Hidalgo,Michon v Ramirez Hidalgo,30,2016-01-12 13:52:31.632,2.28,2016-01-12 17:30:00,
1.122546953,2257299,Ruben Ramirez Hidalgo,Michon v Ramirez Hidalgo,40,2016-01-12 15:07:47.262,2.34,2016-01-12 17:30:00,
1.122546953,2257299,Ruben Ramirez Hidalgo,Michon v Ramirez Hidalgo,50,2016-01-12 17:05:19.312,2.3,2016-01-12 17:30:00,
1.122546953,2257299,Ruben Ramirez Hidalgo,Michon v Ramirez Hidalgo,60,2016-01-12 17:09:27.590,2.28,2016-01-12 17:30:00,
1.122546953,2257299,Ruben Ramirez Hidalgo,Michon v Ramirez Hidalgo,70,2016-01-12 17:13:31.437,2.28,2016-01-12 17:30:00,
1.122546953,2257299,Ruben Ramirez Hidalgo,Michon v Ramirez Hidalgo,80,2016-01-12 17:24:32.929,2.2,2016-01-12 17:30:00,
1.122546953,2257299,Ruben Ramirez Hidalgo,Michon v Ramirez Hidalgo,90,2016-01-12 18:21:40.613,1.98,2016-01-12 18:25:00,
1.122546953,2257299,Ruben Ramirez Hidalgo,Michon v Ramirez Hidalgo,100,2016-01-12 18:24:48.371,1.98,2016-01-12 18:25:00,
1.122546953,4994683,Axel Michon,Michon v Ramirez Hidalgo,0,2016-01-12 00:09:01.499,1.85,2016-01-12 17:30:00,
1.122546953,4994683,Axel Michon,Michon v Ramirez Hidalgo,10,2016-01-12 13:04:40.318,1.83,2016-01-12 17:30:00,
1.122546953,4994683,Axel Michon,Michon v Ramirez Hidalgo,20,2016-01-12 13:09:33.032,1.8,2016-01-12 17:30:00,
1.122546953,4994683,Axel Michon,Michon v Ramirez Hidalgo,30,2016-01-12 14:14:44.144,1.76,2016-01-12 17:30:00,
1.122546953,4994683,Axel Michon,Michon v Ramirez Hidalgo,40,2016-01-12 15:36:42.710,1.84,2016-01-12 17:30:00,
1.122546953,4994683,Axel Michon,Michon v Ramirez Hidalgo,50,2016-01-12 16:57:43.055,1.78,2016-01-12 17:30:00,
1.122546953,4994683,Axel Michon,Michon v Ramirez Hidalgo,60,2016-01-12 16:59:26.237,1.77,2016-01-12 17:30:00,
1.122546953,4994683,Axel Michon,Michon v Ramirez Hidalgo,70,2016-01-12 17:09:27.590,1.78,2016-01-12 17:30:00,
1.122546953,4994683,Axel Michon,Michon v Ramirez Hidalgo,80,2016-01-12 17:13:31.437,1.78,2016-01-12 17:30:00,
1.122546953,4994683,Axel Michon,Michon v Ramirez Hidalgo,90,2016-01-12 17:25:40.245,1.84,2016-01-12 17:30:00,
1.122546953,4994683,Axel Michon,Michon v Ramirez Hidalgo,100,2016-01-12 18:21:40.613,2.02,2016-01-12 18:25:00,
1.122546965,5071877,Andrej Martin,And Martin v Bangoura,0,2016-01-11 06:29:50.576,1.46,2016-01-11 16:45:00,
1.122546965,5071877,Andrej Martin,And Martin v Bangoura,10,2016-01-11 09:47:54.165,1.36,2016-01-11 16:45:00,
1.122546965,5071877,Andrej Martin,And Martin v Bangoura,20,2016-01-11 14:40:58.313,1.45,2016-01-11 16:45:00,
1.122546965,5071877,Andrej Martin,And Martin v Bangoura,30,2016-01-11 14:47:42.440,1.4,2016-01-11 16:45:00,
1.122546965,5071877,Andrej Martin,And Martin v Bangoura,40,2016-01-11 15:00:51.159,1.52,2016-01-11 16:45:00,
1.122546965,5071877,Andrej Martin,And Martin v Bangoura,50,2016-01-11 16:25:07.724,1.5,2016-01-11 16:45:00,
1.122546965,5071877,Andrej Martin,And Martin v Bangoura,60,2016-01-11 16:31:40.164,1.5,2016-01-11 16:45:00,
1.122546965,5071877,Andrej Martin,And Martin v Bangoura,70,2016-01-11 16:38:38.843,1.49,2016-01-11 16:45:00,
1.122546965,5071877,Andrej Martin,And Martin v Bangoura,80,2016-01-11 16:40:42.810,1.54,2016-01-11 16:45:00,
1.122546965,5071877,Andrej Martin,And Martin v Bangoura,90,2016-01-11 17:45:59.012,1.52,2016-01-11 17:52:00,
1.122546965,5071877,Andrej Martin,And Martin v Bangoura,100,2016-01-11 17:50:46.152,1.54,2016-01-11 17:52:00,
1.122546965,7066127,Sekou Bangoura,And Martin v Bangoura,0,2016-01-11 09:42:33.467,3.5,2016-01-11 16:45:00,
1.122546965,7066127,Sekou Bangoura,And Martin v Bangoura,10,2016-01-11 09:47:54.165,3.8,2016-01-11 16:45:00,
1.122546965,7066127,Sekou Bangoura,And Martin v Bangoura,20,2016-01-11 14:20:58.028,3.8,2016-01-11 16:45:00,
1.122546965,7066127,Sekou Bangoura,And Martin v Bangoura,30,2016-01-11 14:40:58.313,3.25,2016-01-11 16:45:00,
1.122546965,7066127,Sekou Bangoura,And Martin v Bangoura,40,2016-01-11 14:49:54.834,3.5,2016-01-11 16:45:00,
1.122546965,7066127,Sekou Bangoura,And Martin v Bangoura,50,2016-01-11 14:58:46.403,3.15,2016-01-11 16:45:00,
1.122546965,7066127,Sekou Bangoura,And Martin v Bangoura,60,2016-01-11 15:06:55.906,2.9,2016-01-11 16:45:00,
1.122546965,7066127,Sekou Bangoura,And Martin v Bangoura,70,2016-01-11 16:22:59.597,2.96,2016-01-11 16:45:00,
1.122546965,7066127,Sekou Bangoura,And Martin v Bangoura,80,2016-01-11 16:43:58.247,2.7,2016-01-11 16:45:00,
1.122546965,7066127,Sekou Bangoura,And Martin v Bangoura,90,2016-01-11 17:47:58.811,2.94,2016-01-11 17:52:00,
1.122546965,7066127,Sekou Bangoura,And Martin v Bangoura,100,2016-01-11 17:50:46.152,2.86,2016-01-11 17:52:00,
1.122547178,8979626,Juan Ignacio Galarza,Agamenone v Juan  Galarza,0,2016-01-10 12:27:08.408,1.43,2016-01-10 15:15:00,
1.122547178,8979626,Juan Ignacio Galarza,Agamenone v Juan  Galarza,10,2016-01-10 13:07:44.632,1.49,2016-01-10 15:15:00,
1.122547178,8979626,Juan Ignacio Galarza,Agamenone v Juan  Galarza,20,2016-01-10 14:19:07.784,1.41,2016-01-10 15:15:00,
1.122547178,8979626,Juan Ignacio Galarza,Agamenone v Juan  Galarza,30,2016-01-10 15:11:32.124,1.4,2016-01-10 15:15:00,
1.122547178,8979626,Juan Ignacio Galarza,Agamenone v Juan  Galarza,40,2016-01-10 15:21:47.191,1.37,2016-01-10 15:28:00,
1.122547178,8979626,Juan Ignacio Galarza,Agamenone v Juan  Galarza,50,2016-01-10 15:26:27.653,1.3,2016-01-10 15:28:00,
1.122547178,8979626,Juan Ignacio Galarza,Agamenone v Juan  Galarza,60,2016-01-10 16:44:27.804,1.41,2016-01-10 17:30:00,
1.122547178,8979626,Juan Ignacio Galarza,Agamenone v Juan  Galarza,70,2016-01-10 16:46:59.637,1.31,2016-01-10 17:30:00,
1.122547178,8979626,Juan Ignacio Galarza,Agamenone v Juan  Galarza,80,2016-01-10 17:11:24.453,1.3,2016-01-10 17:30:00,
1.122547178,8979626,Juan Ignacio Galarza,Agamenone v Juan  Galarza,90,2016-01-10 17:19:01.595,1.48,2016-01-10 17:30:00,
1.122547178,8979626,Juan Ignacio Galarza,Agamenone v Juan  Galarza,100,2016-01-10 17:25:27.748,1.45,2016-01-10 17:30:00,
1.122547347,4876705,Gerald Melzer,Michon v G Melzer,0,2016-01-10 10:39:42.467,1.5,2016-01-10 22:00:00,
1.122547347,4876705,Gerald Melzer,Michon v G Melzer,10,2016-01-10 16:31:15.069,1.57,2016-01-10 22:00:00,
1.122547347,4876705,Gerald Melzer,Michon v G Melzer,20,2016-01-10 17:53:26.734,1.56,2016-01-10 22:00:00,
1.122547347,4876705,Gerald Melzer,Michon v G Melzer,30,2016-01-10 20:10:28.021,1.62,2016-01-10 22:00:00,
1.122547347,4876705,Gerald Melzer,Michon v G Melzer,40,2016-01-10 20:20:30.371,1.65,2016-01-10 22:30:00,
1.122547347,4876705,Gerald Melzer,Michon v G Melzer,50,2016-01-10 20:51:04.352,1.65,2016-01-10 22:30:00,
1.122547347,4876705,Gerald Melzer,Michon v G Melzer,60,2016-01-10 21:44:24.491,1.65,2016-01-10 22:30:00,
1.122547347,4876705,Gerald Melzer,Michon v G Melzer,70,2016-01-10 21:53:19.284,1.65,2016-01-10 22:30:00,
1.122547347,4876705,Gerald Melzer,Michon v G Melzer,80,2016-01-10 22:16:50.265,1.65,2016-01-10 22:30:00,
1.122547347,4876705,Gerald Melzer,Michon v G Melzer,90,2016-01-10 22:28:26.996,1.66,2016-01-10 22:30:00,
1.122547347,4876705,Gerald Melzer,Michon v G Melzer,100,2016-01-10 22:39:26.960,1.62,2016-01-10 22:41:00,
1.122547347,4994683,Axel Michon,Michon v G Melzer,0,2016-01-10 12:51:18.492,2.86,2016-01-10 22:00:00,
1.122547347,4994683,Axel Michon,Michon v G Melzer,10,2016-01-10 16:52:53.228,2.78,2016-01-10 22:00:00,
1.122547347,4994683,Axel Michon,Michon v G Melzer,20,2016-01-10 19:40:30.804,2.54,2016-01-10 22:00:00,
1.122547347,4994683,Axel Michon,Michon v G Melzer,30,2016-01-10 20:21:28.360,2.46,2016-01-10 22:30:00,
1.122547347,4994683,Axel Michon,Michon v G Melzer,40,2016-01-10 20:51:04.352,2.54,2016-01-10 22:30:00,
1.122547347,4994683,Axel Michon,Michon v G Melzer,50,2016-01-10 21:33:07.966,2.54,2016-01-10 22:30:00,
1.122547347,4994683,Axel Michon,Michon v G Melzer,60,2016-01-10 21:40:03.116,2.52,2016-01-10 22:30:00,
1.122547347,4994683,Axel Michon,Michon v G Melzer,70,2016-01-10 21:45:49.139,2.54,2016-01-10 22:30:00,
1.122547347,4994683,Axel Michon,Michon v G Melzer,80,2016-01-10 21:51:10.520,2.54,2016-01-10 22:30:00,
1.122547347,4994683,Axel Michon,Michon v G Melzer,90,2016-01-10 22:23:25.144,2.54,2016-01-10 22:30:00,
1.122547347,4994683,Axel Michon,Michon v G Melzer,100,2016-01-10 22:36:19.171,2.5,2016-01-10 22:41:00,
1.122554489,10409109,Peralta/Zeballos,Peralta/Zeballos v Arnold Ker/Ramirez Hida,0,2016-01-11 16:56:42.908,1.48,2016-01-11 23:15:00,
1.122554489,10409109,Peralta/Zeballos,Peralta/Zeballos v Arnold Ker/Ramirez Hida,10,2016-01-11 19:44:20.356,1.54,2016-01-11 23:15:00,
1.122554489,10409109,Peralta/Zeballos,Peralta/Zeballos v Arnold Ker/Ramirez Hida,20,2016-01-11 22:23:24.682,1.36,2016-01-11 23:15:00,
1.122554489,10409109,Peralta/Zeballos,Peralta/Zeballos v Arnold Ker/Ramirez Hida,30,2016-01-11 22:24:26.671,1.32,2016-01-11 23:15:00,
1.122554489,10409109,Peralta/Zeballos,Peralta/Zeballos v Arnold Ker/Ramirez Hida,40,2016-01-11 22:28:09.734,1.16,2016-01-11 23:15:00,
1.122554489,10409109,Peralta/Zeballos,Peralta/Zeballos v Arnold Ker/Ramirez Hida,50,2016-01-11 22:35:25.530,1.28,2016-01-11 23:15:00,
1.122554489,10409109,Peralta/Zeballos,Peralta/Zeballos v Arnold Ker/Ramirez Hida,60,2016-01-11 22:37:27.810,1.26,2016-01-11 23:15:00,
1.122554489,10409109,Peralta/Zeballos,Peralta/Zeballos v Arnold Ker/Ramirez Hida,70,2016-01-11 22:47:28.817,1.26,2016-01-11 23:15:00,
1.122554489,10409109,Peralta/Zeballos,Peralta/Zeballos v Arnold Ker/Ramirez Hida,80,2016-01-11 22:50:25.221,1.28,2016-01-11 23:15:00,
1.122554489,10409109,Peralta/Zeballos,Peralta/Zeballos v Arnold Ker/Ramirez Hida,90,2016-01-11 22:56:25.245,1.25,2016-01-11 22:59:00,
1.122554489,10409109,Peralta/Zeballos,Peralta/Zeballos v Arnold Ker/Ramirez Hida,100,2016-01-11 22:58:24.976,1.27,2016-01-11 22:59:00,
1.12255664,8326736,Martin Cuevas,H Casanova v M Cuevas,0,2016-01-11 10:48:37.038,1.65,2016-01-11 15:00:00,
1.12255664,8326736,Martin Cuevas,H Casanova v M Cuevas,10,2016-01-11 11:52:47.311,1.66,2016-01-11 15:00:00,
1.12255664,8326736,Martin Cuevas,H Casanova v M Cuevas,20,2016-01-11 12:11:43.364,1.9,2016-01-11 15:00:00,
1.12255664,8326736,Martin Cuevas,H Casanova v M Cuevas,30,2016-01-11 12:58:46.063,1.48,2016-01-11 15:00:00,
1.12255664,8326736,Martin Cuevas,H Casanova v M Cuevas,40,2016-01-11 13:05:43.171,1.4,2016-01-11 15:00:00,
1.12255664,8326736,Martin Cuevas,H Casanova v M Cuevas,50,2016-01-11 13:30:35.837,1.67,2016-01-11 15:00:00,
1.12255664,8326736,Martin Cuevas,H Casanova v M Cuevas,60,2016-01-11 14:02:47.730,1.6,2016-01-11 15:00:00,
1.12255664,8326736,Martin Cuevas,H Casanova v M Cuevas,70,2016-01-11 14:19:16.593,1.62,2016-01-11 15:00:00,
1.12255664,8326736,Martin Cuevas,H Casanova v M Cuevas,80,2016-01-11 14:36:27.959,1.61,2016-01-11 15:00:00,
1.12255664,8326736,Martin Cuevas,H Casanova v M Cuevas,90,2016-01-11 14:54:41.868,1.66,2016-01-11 14:59:00,
1.12255664,8326736,Martin Cuevas,H Casanova v M Cuevas,100,2016-01-11 14:58:46.405,1.64,2016-01-11 14:59:00,
1.12255664,9042437,Hernan Casanova,H Casanova v M Cuevas,0,2016-01-11 10:48:37.038,2.58,2016-01-11 15:00:00,
1.12255664,9042437,Hernan Casanova,H Casanova v M Cuevas,10,2016-01-11 12:01:23.020,2.1,2016-01-11 15:00:00,
1.12255664,9042437,Hernan Casanova,H Casanova v M Cuevas,20,2016-01-11 12:57:47.708,2.9,2016-01-11 15:00:00,
1.12255664,9042437,Hernan Casanova,H Casanova v M Cuevas,30,2016-01-11 13:02:47.573,3.3,2016-01-11 15:00:00,
1.12255664,9042437,Hernan Casanova,H Casanova v M Cuevas,40,2016-01-11 13:09:32.308,2.78,2016-01-11 15:00:00,
1.12255664,9042437,Hernan Casanova,H Casanova v M Cuevas,50,2016-01-11 13:46:45.234,2.48,2016-01-11 15:00:00,
1.12255664,9042437,Hernan Casanova,H Casanova v M Cuevas,60,2016-01-11 14:02:47.730,3.05,2016-01-11 15:00:00,
1.12255664,9042437,Hernan Casanova,H Casanova v M Cuevas,70,2016-01-11 14:19:16.593,2.62,2016-01-11 15:00:00,
1.12255664,9042437,Hernan Casanova,H Casanova v M Cuevas,80,2016-01-11 14:30:45.089,2.62,2016-01-11 15:00:00,
1.12255664,9042437,Hernan Casanova,H Casanova v M Cuevas,90,2016-01-11 14:46:47.292,2.66,2016-01-11 15:00:00,
1.12255664,9042437,Hernan Casanova,H Casanova v M Cuevas,100,2016-01-11 14:58:46.405,2.56,2016-01-11 14:59:00,
1.122558287,3985858,Joshua Milton,Milton v Majchrzak,0,2016-01-11 22:00:27.159,1.86,2016-01-12 06:30:00,
1.122558287,3985858,Joshua Milton,Milton v Majchrzak,10,2016-01-12 01:55:20.902,1.91,2016-01-12 06:30:00,
1.122558287,3985858,Joshua Milton,Milton v Majchrzak,20,2016-01-12 01:57:38.092,1.92,2016-01-12 06:30:00,
1.122558287,3985858,Joshua Milton,Milton v Majchrzak,30,2016-01-12 01:58:14.539,1.9,2016-01-12 06:30:00,
1.122558287,3985858,Joshua Milton,Milton v Majchrzak,40,2016-01-12 02:08:27.695,1.93,2016-01-12 06:30:00,
1.122558287,3985858,Joshua Milton,Milton v Majchrzak,50,2016-01-12 04:50:25.025,1.97,2016-01-12 06:30:00,
1.122558287,3985858,Joshua Milton,Milton v Majchrzak,60,2016-01-12 04:57:16.997,2.1,2016-01-12 06:30:00,
1.122558287,3985858,Joshua Milton,Milton v Majchrzak,70,2016-01-12 07:22:42.247,1.96,2016-01-12 07:29:00,
1.122558287,3985858,Joshua Milton,Milton v Majchrzak,80,2016-01-12 07:23:42.511,2.02,2016-01-12 07:29:00,2016-01-12 07:23:42.511
1.122558287,3985858,Joshua Milton,Milton v Majchrzak,90,2016-01-12 07:24:39.555,1.92,2016-01-12 07:29:00,2016-01-12 07:23:42.511
1.122558287,3985858,Joshua Milton,Milton v Majchrzak,100,2016-01-12 07:28:42.068,1.96,2016-01-12 07:29:00,2016-01-12 07:23:42.511
1.122558287,8698678,Kamil Majchrzak,Milton v Majchrzak,0,2016-01-11 22:04:37.705,2.08,2016-01-12 06:30:00,
1.122558287,8698678,Kamil Majchrzak,Milton v Majchrzak,10,2016-01-11 23:05:59.755,2.18,2016-01-12 06:30:00,
1.122558287,8698678,Kamil Majchrzak,Milton v Majchrzak,20,2016-01-12 01:55:20.902,2.1,2016-01-12 06:30:00,
1.122558287,8698678,Kamil Majchrzak,Milton v Majchrzak,30,2016-01-12 02:08:27.695,2.08,2016-01-12 06:30:00,
1.122558287,8698678,Kamil Majchrzak,Milton v Majchrzak,40,2016-01-12 04:05:38.227,2.06,2016-01-12 06:30:00,
1.122558287,8698678,Kamil Majchrzak,Milton v Majchrzak,50,2016-01-12 04:52:41.349,1.97,2016-01-12 06:30:00,
1.122558287,8698678,Kamil Majchrzak,Milton v Majchrzak,60,2016-01-12 04:53:20.863,1.93,2016-01-12 06:30:00,
1.122558287,8698678,Kamil Majchrzak,Milton v Majchrzak,70,2016-01-12 05:04:41.384,2.1,2016-01-12 06:30:00,
1.122558287,8698678,Kamil Majchrzak,Milton v Majchrzak,80,2016-01-12 07:23:42.511,1.98,2016-01-12 07:29:00,2016-01-12 07:23:42.511
1.122558287,8698678,Kamil Majchrzak,Milton v Majchrzak,90,2016-01-12 07:24:39.555,2.1,2016-01-12 07:29:00,2016-01-12 07:23:42.511
1.122558287,8698678,Kamil Majchrzak,Milton v Majchrzak,100,2016-01-12 07:27:38.619,1.88,2016-01-12 07:29:00,2016-01-12 07:23:42.511
1.122558299,2263536,Mikhail Youzhny,Youzhny v Nielsen,0,2016-01-11 22:10:01.771,1.29,2016-01-12 08:15:00,
1.122558299,2263536,Mikhail Youzhny,Youzhny v Nielsen,10,2016-01-12 02:41:11.475,1.2,2016-01-12 08:15:00,
1.122558299,2263536,Mikhail Youzhny,Youzhny v Nielsen,20,2016-01-12 05:36:51.839,1.22,2016-01-12 08:15:00,
1.122558299,2263536,Mikhail Youzhny,Youzhny v Nielsen,30,2016-01-12 06:12:41.703,1.29,2016-01-12 08:15:00,
1.122558299,2263536,Mikhail Youzhny,Youzhny v Nielsen,40,2016-01-12 07:23:52.224,1.29,2016-01-12 08:15:00,
1.122558299,2263536,Mikhail Youzhny,Youzhny v Nielsen,50,2016-01-12 07:25:42.772,1.24,2016-01-12 08:15:00,
1.122558299,2263536,Mikhail Youzhny,Youzhny v Nielsen,60,2016-01-12 07:58:54.515,1.25,2016-01-12 08:15:00,
1.122558299,2263536,Mikhail Youzhny,Youzhny v Nielsen,70,2016-01-12 09:01:35.689,1.2,2016-01-12 09:07:00,
1.122558299,2263536,Mikhail Youzhny,Youzhny v Nielsen,80,2016-01-12 09:02:54.764,1.25,2016-01-12 09:07:00,
1.122558299,2263536,Mikhail Youzhny,Youzhny v Nielsen,90,2016-01-12 09:03:54.285,1.26,2016-01-12 09:07:00,
1.122558299,2263536,Mikhail Youzhny,Youzhny v Nielsen,100,2016-01-12 09:06:57.432,1.27,2016-01-12 09:07:00,2016-01-12 09:04:53.608
1.122565339,6603914,Guido Andreozzi,Andreozzi v Velotti,0,2016-01-12 13:40:44.231,1.52,2016-01-12 15:45:00,
1.122565339,6603914,Guido Andreozzi,Andreozzi v Velotti,10,2016-01-12 14:53:35.012,1.5,2016-01-12 15:45:00,
1.122565339,6603914,Guido Andreozzi,Andreozzi v Velotti,20,2016-01-12 15:23:49.728,1.5,2016-01-12 15:45:00,
1.122565339,6603914,Guido Andreozzi,Andreozzi v Velotti,30,2016-01-12 15:28:48.724,1.49,2016-01-12 15:45:00,
1.122565339,6603914,Guido Andreozzi,Andreozzi v Velotti,40,2016-01-12 15:35:39.602,1.49,2016-01-12 15:45:00,
1.122565339,6603914,Guido Andreozzi,Andreozzi v Velotti,50,2016-01-12 15:36:48.938,1.5,2016-01-12 15:45:00,
1.122565339,6603914,Guido Andreozzi,Andreozzi v Velotti,60,2016-01-12 15:42:49.570,1.51,2016-01-12 15:45:00,
1.122565339,6603914,Guido Andreozzi,Andreozzi v Velotti,70,2016-01-12 15:44:43.939,1.5,2016-01-12 15:45:00,
1.122565339,6603914,Guido Andreozzi,Andreozzi v Velotti,80,2016-01-12 15:52:48.732,1.5,2016-01-12 15:57:00,
1.122565339,6603914,Guido Andreozzi,Andreozzi v Velotti,90,2016-01-12 15:53:40.660,1.48,2016-01-12 15:57:00,
1.122565339,6603914,Guido Andreozzi,Andreozzi v Velotti,100,2016-01-12 15:55:43.076,1.46,2016-01-12 15:57:00,
1.122565355,3506037,Horacio Zeballos,H Zeballos v Estevez,0,2016-01-12 13:14:51.206,1.39,2016-01-12 23:15:00,
1.122565355,3506037,Horacio Zeballos,H Zeballos v Estevez,10,2016-01-12 19:52:47.811,1.33,2016-01-12 23:15:00,
1.122565355,3506037,Horacio Zeballos,H Zeballos v Estevez,20,2016-01-12 20:34:05.466,1.3,2016-01-12 23:15:00,
1.122565355,3506037,Horacio Zeballos,H Zeballos v Estevez,30,2016-01-12 21:49:35.176,1.33,2016-01-12 23:15:00,
1.122565355,3506037,Horacio Zeballos,H Zeballos v Estevez,40,2016-01-12 21:50:50.343,1.35,2016-01-12 23:15:00,
1.122565355,3506037,Horacio Zeballos,H Zeballos v Estevez,50,2016-01-12 21:59:52.010,1.28,2016-01-12 23:15:00,
1.122565355,3506037,Horacio Zeballos,H Zeballos v Estevez,60,2016-01-12 22:35:35.064,1.31,2016-01-12 23:15:00,
1.122565355,3506037,Horacio Zeballos,H Zeballos v Estevez,70,2016-01-12 22:40:47.550,1.33,2016-01-12 23:15:00,
1.122565355,3506037,Horacio Zeballos,H Zeballos v Estevez,80,2016-01-12 22:49:53.524,1.33,2016-01-12 23:15:00,
1.122565355,3506037,Horacio Zeballos,H Zeballos v Estevez,90,2016-01-12 22:51:18.199,1.33,2016-01-12 23:15:00,
1.122565355,3506037,Horacio Zeballos,H Zeballos v Estevez,100,2016-01-12 22:55:48.343,1.29,2016-01-12 23:15:00,
1.122565355,7593393,Maximiliano Estevez,H Zeballos v Estevez,0,2016-01-12 13:14:51.206,3.6,2016-01-12 23:15:00,
1.122565355,7593393,Maximiliano Estevez,H Zeballos v Estevez,10,2016-01-12 19:07:25.861,3.45,2016-01-12 23:15:00,
1.122565355,7593393,Maximiliano Estevez,H Zeballos v Estevez,20,2016-01-12 19:51:23.273,4.1,2016-01-12 23:15:00,
1.122565355,7593393,Maximiliano Estevez,H Zeballos v Estevez,30,2016-01-12 20:34:05.466,4.4,2016-01-12 23:15:00,
1.122565355,7593393,Maximiliano Estevez,H Zeballos v Estevez,40,2016-01-12 21:17:52.903,4.5,2016-01-12 23:15:00,
1.122565355,7593393,Maximiliano Estevez,H Zeballos v Estevez,50,2016-01-12 21:39:47.555,4.6,2016-01-12 23:15:00,
1.122565355,7593393,Maximiliano Estevez,H Zeballos v Estevez,60,2016-01-12 21:41:51.658,4.4,2016-01-12 23:15:00,
1.122565355,7593393,Maximiliano Estevez,H Zeballos v Estevez,70,2016-01-12 21:59:52.010,4.5,2016-01-12 23:15:00,
1.122565355,7593393,Maximiliano Estevez,H Zeballos v Estevez,80,2016-01-12 22:25:54.299,4.4,2016-01-12 23:15:00,
1.122565355,7593393,Maximiliano Estevez,H Zeballos v Estevez,90,2016-01-12 22:50:51.878,3.85,2016-01-12 23:15:00,
1.122565355,7593393,Maximiliano Estevez,H Zeballos v Estevez,100,2016-01-12 22:55:48.343,4.3,2016-01-12 23:15:00,
1.122566079,4946664,Matteo Viola,Mat Viola v F Silva,0,2016-01-12 20:00:20.965,1.8,2016-01-13 06:30:00,
1.122566079,4946664,Matteo Viola,Mat Viola v F Silva,10,2016-01-12 21:00:48.113,1.79,2016-01-13 06:30:00,
1.122566079,4946664,Matteo Viola,Mat Viola v F Silva,20,2016-01-12 23:38:14.227,1.81,2016-01-13 06:30:00,
1.122566079,4946664,Matteo Viola,Mat Viola v F Silva,30,2016-01-13 03:10:31.274,1.81,2016-01-13 06:30:00,
1.122566079,4946664,Matteo Viola,Mat Viola v F Silva,40,2016-01-13 04:32:00.582,1.8,2016-01-13 06:30:00,
1.122566079,4946664,Matteo Viola,Mat Viola v F Silva,50,2016-01-13 06:09:19.753,1.84,2016-01-13 06:30:00,
1.122566079,4946664,Matteo Viola,Mat Viola v F Silva,60,2016-01-13 06:12:44.177,1.94,2016-01-13 06:30:00,2016-01-13 06:11:56.480
1.122566079,4946664,Matteo Viola,Mat Viola v F Silva,70,2016-01-13 06:18:00.596,2.72,2016-01-13 06:30:00,2016-01-13 06:11:56.480
1.122566079,4946664,Matteo Viola,Mat Viola v F Silva,80,2016-01-13 06:19:57.495,2.56,2016-01-13 06:30:00,2016-01-13 06:11:56.480
1.122566079,4946664,Matteo Viola,Mat Viola v F Silva,90,2016-01-13 06:23:59.903,2.42,2016-01-13 06:30:00,2016-01-13 06:11:56.480
1.122566079,4946664,Matteo Viola,Mat Viola v F Silva,100,2016-01-13 06:29:00.097,1.73,2016-01-13 06:30:00,2016-01-13 06:11:56.480
1.122566079,9437339,Frederico Ferreira Silv,Mat Viola v F Silva,0,2016-01-12 20:00:20.965,2.26,2016-01-13 06:30:00,
1.122566079,9437339,Frederico Ferreira Silv,Mat Viola v F Silva,10,2016-01-12 21:00:48.113,2.26,2016-01-13 06:30:00,
1.122566079,9437339,Frederico Ferreira Silv,Mat Viola v F Silva,20,2016-01-13 06:11:56.480,2.18,2016-01-13 06:30:00,2016-01-13 06:11:56.480
1.122566079,9437339,Frederico Ferreira Silv,Mat Viola v F Silva,30,2016-01-13 06:14:00.338,2.08,2016-01-13 06:30:00,2016-01-13 06:11:56.480
1.122566079,9437339,Frederico Ferreira Silv,Mat Viola v F Silva,40,2016-01-13 06:15:58.083,1.64,2016-01-13 06:30:00,2016-01-13 06:11:56.480
1.122566079,9437339,Frederico Ferreira Silv,Mat Viola v F Silva,50,2016-01-13 06:18:00.596,1.71,2016-01-13 06:30:00,2016-01-13 06:11:56.480
1.122566079,9437339,Frederico Ferreira Silv,Mat Viola v F Silva,60,2016-01-13 06:19:57.495,1.64,2016-01-13 06:30:00,2016-01-13 06:11:56.480
1.122566079,9437339,Frederico Ferreira Silv,Mat Viola v F Silva,70,2016-01-13 06:21:55.226,1.5,2016-01-13 06:30:00,2016-01-13 06:11:56.480
1.122566079,9437339,Frederico Ferreira Silv,Mat Viola v F Silva,80,2016-01-13 06:23:59.903,1.71,2016-01-13 06:30:00,2016-01-13 06:11:56.480
1.122566079,9437339,Frederico Ferreira Silv,Mat Viola v F Silva,90,2016-01-13 06:26:00.686,1.77,2016-01-13 06:30:00,2016-01-13 06:11:56.480
1.122566079,9437339,Frederico Ferreira Silv,Mat Viola v F Silva,100,2016-01-13 06:29:00.097,2.38,2016-01-13 06:30:00,2016-01-13 06:11:56.480
1.122566085,8505207,Cheong-Eui Kim,M Jankovic v Cheong- Kim,0,2016-01-12 19:44:37.876,1.64,2016-01-13 06:30:00,
1.122566085,8505207,Cheong-Eui Kim,M Jankovic v Cheong- Kim,10,2016-01-13 04:23:38.455,1.82,2016-01-13 06:30:00,
1.122566085,8505207,Cheong-Eui Kim,M Jankovic v Cheong- Kim,20,2016-01-13 05:54:54.217,1.78,2016-01-13 06:30:00,
1.122566085,8505207,Cheong-Eui Kim,M Jankovic v Cheong- Kim,30,2016-01-13 06:01:51.101,1.77,2016-01-13 06:30:00,
1.122566085,8505207,Cheong-Eui Kim,M Jankovic v Cheong- Kim,40,2016-01-13 06:08:53.540,1.76,2016-01-13 06:30:00,2016-01-13 06:08:53.540
1.122566085,8505207,Cheong-Eui Kim,M Jankovic v Cheong- Kim,50,2016-01-13 06:13:47.665,1.81,2016-01-13 06:30:00,2016-01-13 06:08:53.540
1.122566085,8505207,Cheong-Eui Kim,M Jankovic v Cheong- Kim,60,2016-01-13 06:16:54.013,1.44,2016-01-13 06:30:00,2016-01-13 06:08:53.540
1.122566085,8505207,Cheong-Eui Kim,M Jankovic v Cheong- Kim,70,2016-01-13 06:18:50.375,1.69,2016-01-13 06:30:00,2016-01-13 06:08:53.540
1.122566085,8505207,Cheong-Eui Kim,M Jankovic v Cheong- Kim,80,2016-01-13 06:21:54.279,1.87,2016-01-13 06:30:00,2016-01-13 06:08:53.540
1.122566085,8505207,Cheong-Eui Kim,M Jankovic v Cheong- Kim,90,2016-01-13 06:25:54.164,1.84,2016-01-13 06:30:00,2016-01-13 06:08:53.540
1.122566085,8505207,Cheong-Eui Kim,M Jankovic v Cheong- Kim,100,2016-01-13 06:28:43.806,1.81,2016-01-13 06:30:00,2016-01-13 06:08:53.540
1.122566085,8750030,Miki Jankovic,M Jankovic v Cheong- Kim,0,2016-01-13 03:49:17.228,2.22,2016-01-13 06:30:00,
1.122566085,8750030,Miki Jankovic,M Jankovic v Cheong- Kim,10,2016-01-13 04:23:38.455,2.2,2016-01-13 06:30:00,
1.122566085,8750030,Miki Jankovic,M Jankovic v Cheong- Kim,20,2016-01-13 06:01:51.101,1.94,2016-01-13 06:30:00,
1.122566085,8750030,Miki Jankovic,M Jankovic v Cheong- Kim,30,2016-01-13 06:08:53.540,2.3,2016-01-13 06:30:00,2016-01-13 06:08:53.540
1.122566085,8750030,Miki Jankovic,M Jankovic v Cheong- Kim,40,2016-01-13 06:12:54.179,2.0,2016-01-13 06:30:00,2016-01-13 06:08:53.540
1.122566085,8750030,Miki Jankovic,M Jankovic v Cheong- Kim,50,2016-01-13 06:14:45.377,2.28,2016-01-13 06:30:00,2016-01-13 06:08:53.540
1.122566085,8750030,Miki Jankovic,M Jankovic v Cheong- Kim,60,2016-01-13 06:18:50.375,2.66,2016-01-13 06:30:00,2016-01-13 06:08:53.540
1.122566085,8750030,Miki Jankovic,M Jankovic v Cheong- Kim,70,2016-01-13 06:21:54.279,2.26,2016-01-13 06:30:00,2016-01-13 06:08:53.540
1.122566085,8750030,Miki Jankovic,M Jankovic v Cheong- Kim,80,2016-01-13 06:22:42.897,2.28,2016-01-13 06:30:00,2016-01-13 06:08:53.540
1.122566085,8750030,Miki Jankovic,M Jankovic v Cheong- Kim,90,2016-01-13 06:25:54.164,2.18,2016-01-13 06:30:00,2016-01-13 06:08:53.540
1.122566085,8750030,Miki Jankovic,M Jankovic v Cheong- Kim,100,2016-01-13 06:28:43.806,2.0,2016-01-13 06:30:00,2016-01-13 06:08:53.540
1.122566094,7048850,Jason Jung,Ja Jung v Balleret,0,2016-01-13 13:49:00.191,1.29,2016-01-14 03:00:00,
1.122566094,7048850,Jason Jung,Ja Jung v Balleret,10,2016-01-13 16:49:00.542,1.29,2016-01-14 03:00:00,
1.122566094,7048850,Jason Jung,Ja Jung v Balleret,20,2016-01-13 17:16:34.610,1.27,2016-01-14 03:00:00,
1.122566094,7048850,Jason Jung,Ja Jung v Balleret,30,2016-01-13 17:38:54.769,1.3,2016-01-14 03:00:00,
1.122566094,7048850,Jason Jung,Ja Jung v Balleret,40,2016-01-13 18:13:01.134,1.29,2016-01-14 03:00:00,
1.122566094,7048850,Jason Jung,Ja Jung v Balleret,50,2016-01-13 18:43:39.766,1.27,2016-01-14 03:00:00,
1.122566094,7048850,Jason Jung,Ja Jung v Balleret,60,2016-01-13 19:08:56.590,1.28,2016-01-14 03:00:00,
1.122566094,7048850,Jason Jung,Ja Jung v Balleret,70,2016-01-13 19:24:46.131,1.34,2016-01-14 03:00:00,
1.122566094,7048850,Jason Jung,Ja Jung v Balleret,80,2016-01-13 19:49:35.828,1.26,2016-01-14 03:00:00,
1.122566094,7048850,Jason Jung,Ja Jung v Balleret,90,2016-01-13 20:20:39.236,1.27,2016-01-14 03:00:00,
1.122566094,7048850,Jason Jung,Ja Jung v Balleret,100,2016-01-14 02:46:56.533,1.25,2016-01-14 03:00:00,
1.122566618,3985858,Joshua Milton,Neuchrist v Milton,0,2016-01-13 19:02:55.705,2.5,2016-01-14 04:45:00,
1.122566618,3985858,Joshua Milton,Neuchrist v Milton,10,2016-01-13 22:15:50.405,2.66,2016-01-14 04:45:00,
1.122566618,3985858,Joshua Milton,Neuchrist v Milton,20,2016-01-13 23:12:47.599,2.74,2016-01-14 04:45:00,
1.122566618,3985858,Joshua Milton,Neuchrist v Milton,30,2016-01-14 02:45:52.743,2.74,2016-01-14 04:45:00,
1.122566618,3985858,Joshua Milton,Neuchrist v Milton,40,2016-01-14 04:27:54.255,3.1,2016-01-14 04:45:00,2016-01-14 04:25:56.976
1.122566618,3985858,Joshua Milton,Neuchrist v Milton,50,2016-01-14 04:32:56.215,2.42,2016-01-14 04:45:00,2016-01-14 04:25:56.976
1.122566618,3985858,Joshua Milton,Neuchrist v Milton,60,2016-01-14 04:34:54.763,2.14,2016-01-14 04:45:00,2016-01-14 04:25:56.976
1.122566618,3985858,Joshua Milton,Neuchrist v Milton,70,2016-01-14 04:36:52.153,1.88,2016-01-14 04:45:00,2016-01-14 04:25:56.976
1.122566618,3985858,Joshua Milton,Neuchrist v Milton,80,2016-01-14 04:38:56.068,2.16,2016-01-14 04:45:00,2016-01-14 04:25:56.976
1.122566618,3985858,Joshua Milton,Neuchrist v Milton,90,2016-01-14 04:42:58.148,2.6,2016-01-14 04:45:00,2016-01-14 04:25:56.976
1.122566618,3985858,Joshua Milton,Neuchrist v Milton,100,2016-01-14 04:44:53.818,2.98,2016-01-14 04:45:00,2016-01-14 04:25:56.976
1.122566618,7797896,Maximilian Neuchrist,Neuchrist v Milton,0,2016-01-13 19:02:55.705,1.67,2016-01-14 04:45:00,
1.122566618,7797896,Maximilian Neuchrist,Neuchrist v Milton,10,2016-01-13 22:15:50.405,1.6,2016-01-14 04:45:00,
1.122566618,7797896,Maximilian Neuchrist,Neuchrist v Milton,20,2016-01-14 01:33:53.277,1.51,2016-01-14 04:45:00,
1.122566618,7797896,Maximilian Neuchrist,Neuchrist v Milton,30,2016-01-14 02:45:52.743,1.55,2016-01-14 04:45:00,
1.122566618,7797896,Maximilian Neuchrist,Neuchrist v Milton,40,2016-01-14 04:10:54.461,1.53,2016-01-14 04:45:00,
1.122566618,7797896,Maximilian Neuchrist,Neuchrist v Milton,50,2016-01-14 04:27:54.255,1.48,2016-01-14 04:45:00,2016-01-14 04:25:56.976
1.122566618,7797896,Maximilian Neuchrist,Neuchrist v Milton,60,2016-01-14 04:32:56.215,1.71,2016-01-14 04:45:00,2016-01-14 04:25:56.976
1.122566618,7797896,Maximilian Neuchrist,Neuchrist v Milton,70,2016-01-14 04:35:47.164,1.76,2016-01-14 04:45:00,2016-01-14 04:25:56.976
1.122566618,7797896,Maximilian Neuchrist,Neuchrist v Milton,80,2016-01-14 04:37:58.003,1.8,2016-01-14 04:45:00,2016-01-14 04:25:56.976
1.122566618,7797896,Maximilian Neuchrist,Neuchrist v Milton,90,2016-01-14 04:39:56.191,1.62,2016-01-14 04:45:00,2016-01-14 04:25:56.976
1.122566618,7797896,Maximilian Neuchrist,Neuchrist v Milton,100,2016-01-14 04:44:53.818,1.52,2016-01-14 04:45:00,2016-01-14 04:25:56.976
1.122566811,2263536,Mikhail Youzhny,Youzhny v D Medvedev,0,2016-01-13 16:22:29.125,1.13,2016-01-14 06:30:00,
1.122566811,2263536,Mikhail Youzhny,Youzhny v D Medvedev,10,2016-01-13 23:20:45.964,1.11,2016-01-14 06:30:00,
1.122566811,2263536,Mikhail Youzhny,Youzhny v D Medvedev,20,2016-01-14 04:30:19.954,1.15,2016-01-14 06:30:00,
1.122566811,2263536,Mikhail Youzhny,Youzhny v D Medvedev,30,2016-01-14 06:01:03.792,1.13,2016-01-14 06:30:00,
1.122566811,2263536,Mikhail Youzhny,Youzhny v D Medvedev,40,2016-01-14 06:07:02.437,1.16,2016-01-14 06:30:00,2016-01-14 06:05:02.730
1.122566811,2263536,Mikhail Youzhny,Youzhny v D Medvedev,50,2016-01-14 06:10:02.121,1.18,2016-01-14 06:30:00,2016-01-14 06:05:02.730
1.122566811,2263536,Mikhail Youzhny,Youzhny v D Medvedev,60,2016-01-14 06:13:02.479,1.15,2016-01-14 06:30:00,2016-01-14 06:05:02.730
1.122566811,2263536,Mikhail Youzhny,Youzhny v D Medvedev,70,2016-01-14 06:15:50.915,1.07,2016-01-14 06:30:00,2016-01-14 06:05:02.730
1.122566811,2263536,Mikhail Youzhny,Youzhny v D Medvedev,80,2016-01-14 06:18:02.503,1.06,2016-01-14 06:30:00,2016-01-14 06:05:02.730
1.122566811,2263536,Mikhail Youzhny,Youzhny v D Medvedev,90,2016-01-14 06:20:03.253,1.07,2016-01-14 06:30:00,2016-01-14 06:05:02.730
1.122566811,2263536,Mikhail Youzhny,Youzhny v D Medvedev,100,2016-01-14 06:27:00.040,1.04,2016-01-14 06:30:00,2016-01-14 06:05:02.730
1.122571998,4490590,Joao Souza,Hamou v Souza,0,2016-01-13 13:23:44.654,1.41,2016-01-13 18:45:00,
1.122571998,4490590,Joao Souza,Hamou v Souza,10,2016-01-13 14:24:27.075,1.39,2016-01-13 18:45:00,
1.122571998,4490590,Joao Souza,Hamou v Souza,20,2016-01-13 15:50:59.359,1.34,2016-01-13 18:45:00,
1.122571998,4490590,Joao Souza,Hamou v Souza,30,2016-01-13 16:25:53.644,1.41,2016-01-13 18:45:00,
1.122571998,4490590,Joao Souza,Hamou v Souza,40,2016-01-13 16:42:00.930,1.39,2016-01-13 18:45:00,
1.122571998,4490590,Joao Souza,Hamou v Souza,50,2016-01-13 16:45:43.214,1.48,2016-01-13 18:45:00,
1.122571998,4490590,Joao Souza,Hamou v Souza,60,2016-01-13 17:14:55.970,1.42,2016-01-13 18:45:00,
1.122571998,4490590,Joao Souza,Hamou v Souza,70,2016-01-13 18:16:20.754,1.45,2016-01-13 18:45:00,
1.122571998,4490590,Joao Souza,Hamou v Souza,80,2016-01-13 18:22:00.430,1.43,2016-01-13 18:45:00,
1.122571998,4490590,Joao Souza,Hamou v Souza,90,2016-01-13 18:22:44.090,1.42,2016-01-13 18:45:00,
1.122571998,4490590,Joao Souza,Hamou v Souza,100,2016-01-13 18:43:50.752,1.42,2016-01-13 18:45:00,
1.122572798,7185192,Roberto Carballes Baena,Carballes Baena v De Greef,0,2016-01-14 13:04:39.558,1.26,2016-01-14 18:45:00,
1.122572798,7185192,Roberto Carballes Baena,Carballes Baena v De Greef,10,2016-01-14 13:14:54.407,1.26,2016-01-14 18:45:00,
1.122572798,7185192,Roberto Carballes Baena,Carballes Baena v De Greef,20,2016-01-14 13:29:56.278,1.26,2016-01-14 18:45:00,
1.122572798,7185192,Roberto Carballes Baena,Carballes Baena v De Greef,30,2016-01-14 13:44:34.925,1.36,2016-01-14 18:45:00,
1.122572798,7185192,Roberto Carballes Baena,Carballes Baena v De Greef,40,2016-01-14 14:01:28.072,1.36,2016-01-14 18:45:00,
1.122572798,7185192,Roberto Carballes Baena,Carballes Baena v De Greef,50,2016-01-14 14:18:55.463,1.27,2016-01-14 18:45:00,
1.122572798,7185192,Roberto Carballes Baena,Carballes Baena v De Greef,60,2016-01-14 14:30:52.838,1.27,2016-01-14 18:45:00,
1.122572798,7185192,Roberto Carballes Baena,Carballes Baena v De Greef,70,2016-01-14 14:48:39.655,1.27,2016-01-14 18:45:00,
1.122572798,7185192,Roberto Carballes Baena,Carballes Baena v De Greef,80,2016-01-14 16:49:03.615,1.29,2016-01-14 18:45:00,
1.122572798,7185192,Roberto Carballes Baena,Carballes Baena v De Greef,90,2016-01-14 18:38:01.995,1.26,2016-01-14 18:45:00,
1.122572798,7185192,Roberto Carballes Baena,Carballes Baena v De Greef,100,2016-01-14 18:47:53.253,1.28,2016-01-14 18:48:00,
1.122573907,6129383,Facundo Arguello,Andreozzi v F Arguello,0,2016-01-13 21:50:24.774,2.24,2016-01-14 15:00:00,
1.122573907,6129383,Facundo Arguello,Andreozzi v F Arguello,10,2016-01-13 23:04:08.578,2.14,2016-01-14 15:00:00,
1.122573907,6129383,Facundo Arguello,Andreozzi v F Arguello,20,2016-01-14 10:36:04.925,2.26,2016-01-14 21:30:00,
1.122573907,6129383,Facundo Arguello,Andreozzi v F Arguello,30,2016-01-14 17:20:18.085,2.3,2016-01-14 21:30:00,
1.122573907,6129383,Facundo Arguello,Andreozzi v F Arguello,40,2016-01-14 18:51:40.014,2.24,2016-01-14 21:30:00,
1.122573907,6129383,Facundo Arguello,Andreozzi v F Arguello,50,2016-01-14 20:37:08.254,2.42,2016-01-14 21:30:00,
1.122573907,6129383,Facundo Arguello,Andreozzi v F Arguello,60,2016-01-14 21:11:05.380,2.3,2016-01-14 21:30:00,
1.122573907,6129383,Facundo Arguello,Andreozzi v F Arguello,70,2016-01-14 21:14:06.997,2.32,2016-01-14 21:30:00,
1.122573907,6129383,Facundo Arguello,Andreozzi v F Arguello,80,2016-01-14 21:18:54.354,2.36,2016-01-14 21:30:00,
1.122573907,6129383,Facundo Arguello,Andreozzi v F Arguello,90,2016-01-14 21:26:02.195,2.42,2016-01-14 21:33:00,
1.122573907,6129383,Facundo Arguello,Andreozzi v F Arguello,100,2016-01-14 21:32:02.863,2.34,2016-01-14 21:33:00,
1.122573907,6603914,Guido Andreozzi,Andreozzi v F Arguello,0,2016-01-13 15:45:58.488,1.85,2016-01-14 15:00:00,
1.122573907,6603914,Guido Andreozzi,Andreozzi v F Arguello,10,2016-01-13 23:01:01.222,1.81,2016-01-14 15:00:00,
1.122573907,6603914,Guido Andreozzi,Andreozzi v F Arguello,20,2016-01-14 13:30:31.022,1.75,2016-01-14 21:30:00,
1.122573907,6603914,Guido Andreozzi,Andreozzi v F Arguello,30,2016-01-14 18:18:24.841,1.69,2016-01-14 21:30:00,
1.122573907,6603914,Guido Andreozzi,Andreozzi v F Arguello,40,2016-01-14 19:36:43.722,1.8,2016-01-14 21:30:00,
1.122573907,6603914,Guido Andreozzi,Andreozzi v F Arguello,50,2016-01-14 20:27:58.643,1.76,2016-01-14 21:30:00,
1.122573907,6603914,Guido Andreozzi,Andreozzi v F Arguello,60,2016-01-14 21:06:58.591,1.73,2016-01-14 21:30:00,
1.122573907,6603914,Guido Andreozzi,Andreozzi v F Arguello,70,2016-01-14 21:14:06.997,1.75,2016-01-14 21:30:00,
1.122573907,6603914,Guido Andreozzi,Andreozzi v F Arguello,80,2016-01-14 21:21:00.551,1.72,2016-01-14 21:30:00,
1.122573907,6603914,Guido Andreozzi,Andreozzi v F Arguello,90,2016-01-14 21:26:02.195,1.69,2016-01-14 21:33:00,
1.122573907,6603914,Guido Andreozzi,Andreozzi v F Arguello,100,2016-01-14 21:32:02.863,1.71,2016-01-14 21:33:00,
1.122574039,4876705,Gerald Melzer,Bangoura v G Melzer,0,2016-01-13 09:12:17.173,1.45,2016-01-13 17:00:00,
1.122574039,4876705,Gerald Melzer,Bangoura v G Melzer,10,2016-01-13 14:39:57.246,1.44,2016-01-13 17:00:00,
1.122574039,4876705,Gerald Melzer,Bangoura v G Melzer,20,2016-01-13 15:23:43.861,1.48,2016-01-13 17:00:00,
1.122574039,4876705,Gerald Melzer,Bangoura v G Melzer,30,2016-01-13 15:33:00.842,1.44,2016-01-13 17:00:00,
1.122574039,4876705,Gerald Melzer,Bangoura v G Melzer,40,2016-01-13 15:48:44.668,1.41,2016-01-13 17:00:00,
1.122574039,4876705,Gerald Melzer,Bangoura v G Melzer,50,2016-01-13 16:22:01.758,1.43,2016-01-13 17:00:00,
1.122574039,4876705,Gerald Melzer,Bangoura v G Melzer,60,2016-01-13 16:22:23.116,1.42,2016-01-13 17:00:00,
1.122574039,4876705,Gerald Melzer,Bangoura v G Melzer,70,2016-01-13 16:44:56.031,1.44,2016-01-13 17:00:00,
1.122574039,4876705,Gerald Melzer,Bangoura v G Melzer,80,2016-01-13 16:47:59.669,1.47,2016-01-13 17:00:00,
1.122574039,4876705,Gerald Melzer,Bangoura v G Melzer,90,2016-01-13 16:50:52.511,1.45,2016-01-13 17:00:00,
1.122574039,4876705,Gerald Melzer,Bangoura v G Melzer,100,2016-01-13 16:59:03.101,1.5,2016-01-13 17:00:00,
1.122574397,4520808,Facundo Bagnis,Bagnis v Hernandez-Fernandez,0,2016-01-13 16:00:07.892,1.81,2016-01-14 15:00:00,
1.122574397,4520808,Facundo Bagnis,Bagnis v Hernandez-Fernandez,10,2016-01-13 22:14:13.332,1.58,2016-01-14 15:00:00,
1.122574397,4520808,Facundo Bagnis,Bagnis v Hernandez-Fernandez,20,2016-01-14 11:43:43.680,1.54,2016-01-14 17:00:00,
1.122574397,4520808,Facundo Bagnis,Bagnis v Hernandez-Fernandez,30,2016-01-14 14:07:49.325,1.53,2016-01-14 17:00:00,
1.122574397,4520808,Facundo Bagnis,Bagnis v Hernandez-Fernandez,40,2016-01-14 15:46:13.299,1.51,2016-01-14 17:00:00,
1.122574397,4520808,Facundo Bagnis,Bagnis v Hernandez-Fernandez,50,2016-01-14 16:24:10.819,1.48,2016-01-14 17:00:00,
1.122574397,4520808,Facundo Bagnis,Bagnis v Hernandez-Fernandez,60,2016-01-14 16:26:09.949,1.5,2016-01-14 17:00:00,
1.122574397,4520808,Facundo Bagnis,Bagnis v Hernandez-Fernandez,70,2016-01-14 16:43:01.200,1.54,2016-01-14 17:00:00,
1.122574397,4520808,Facundo Bagnis,Bagnis v Hernandez-Fernandez,80,2016-01-14 16:54:13.375,1.48,2016-01-14 17:00:00,
1.122574397,4520808,Facundo Bagnis,Bagnis v Hernandez-Fernandez,90,2016-01-14 16:57:30.282,1.48,2016-01-14 17:05:00,
1.122574397,4520808,Facundo Bagnis,Bagnis v Hernandez-Fernandez,100,2016-01-14 17:03:31.224,1.46,2016-01-14 17:05:00,
1.122574397,9420497,Jose Hernandez-Fernande,Bagnis v Hernandez-Fernandez,0,2016-01-13 16:00:07.892,2.24,2016-01-14 15:00:00,
1.122574397,9420497,Jose Hernandez-Fernande,Bagnis v Hernandez-Fernandez,10,2016-01-13 22:14:13.332,2.74,2016-01-14 15:00:00,
1.122574397,9420497,Jose Hernandez-Fernande,Bagnis v Hernandez-Fernandez,20,2016-01-14 11:46:09.236,2.48,2016-01-14 17:00:00,
1.122574397,9420497,Jose Hernandez-Fernande,Bagnis v Hernandez-Fernandez,30,2016-01-14 14:07:49.325,2.9,2016-01-14 17:00:00,
1.122574397,9420497,Jose Hernandez-Fernande,Bagnis v Hernandez-Fernandez,40,2016-01-14 16:26:09.949,3.05,2016-01-14 17:00:00,
1.122574397,9420497,Jose Hernandez-Fernande,Bagnis v Hernandez-Fernandez,50,2016-01-14 16:27:14.727,3.1,2016-01-14 17:00:00,
1.122574397,9420497,Jose Hernandez-Fernande,Bagnis v Hernandez-Fernandez,60,2016-01-14 16:33:10.807,2.88,2016-01-14 17:00:00,
1.122574397,9420497,Jose Hernandez-Fernande,Bagnis v Hernandez-Fernandez,70,2016-01-14 16:43:01.200,2.82,2016-01-14 17:00:00,
1.122574397,9420497,Jose Hernandez-Fernande,Bagnis v Hernandez-Fernandez,80,2016-01-14 16:53:10.227,2.84,2016-01-14 17:00:00,
1.122574397,9420497,Jose Hernandez-Fernande,Bagnis v Hernandez-Fernandez,90,2016-01-14 17:00:10.925,3.1,2016-01-14 17:05:00,
1.122574397,9420497,Jose Hernandez-Fernande,Bagnis v Hernandez-Fernandez,100,2016-01-14 17:03:31.224,3.2,2016-01-14 17:05:00,
1.122574504,2489416,Maximo Gonzalez,Michon v Ma Gonzalez,0,2016-01-13 21:19:05.617,1.48,2016-01-14 15:00:00,
1.122574504,2489416,Maximo Gonzalez,Michon v Ma Gonzalez,10,2016-01-13 22:30:46.614,1.43,2016-01-14 15:00:00,
1.122574504,2489416,Maximo Gonzalez,Michon v Ma Gonzalez,20,2016-01-13 23:28:40.593,1.48,2016-01-14 15:00:00,
1.122574504,2489416,Maximo Gonzalez,Michon v Ma Gonzalez,30,2016-01-14 00:21:36.934,1.48,2016-01-14 15:00:00,
1.122574504,2489416,Maximo Gonzalez,Michon v Ma Gonzalez,40,2016-01-14 01:29:41.799,1.42,2016-01-14 15:00:00,
1.122574504,2489416,Maximo Gonzalez,Michon v Ma Gonzalez,50,2016-01-14 02:30:01.056,1.42,2016-01-14 15:00:00,
1.122574504,2489416,Maximo Gonzalez,Michon v Ma Gonzalez,60,2016-01-14 03:35:45.489,1.42,2016-01-14 15:00:00,
1.122574504,2489416,Maximo Gonzalez,Michon v Ma Gonzalez,70,2016-01-14 08:26:40.154,1.42,2016-01-14 17:00:00,
1.122574504,2489416,Maximo Gonzalez,Michon v Ma Gonzalez,80,2016-01-14 09:31:57.361,1.46,2016-01-14 17:00:00,
1.122574504,2489416,Maximo Gonzalez,Michon v Ma Gonzalez,90,2016-01-14 10:54:51.261,1.41,2016-01-14 17:00:00,
1.122574504,2489416,Maximo Gonzalez,Michon v Ma Gonzalez,100,2016-01-14 16:57:04.307,1.44,2016-01-14 17:04:00,
1.122574504,4994683,Axel Michon,Michon v Ma Gonzalez,0,2016-01-13 21:19:05.617,3.1,2016-01-14 15:00:00,
1.122574504,4994683,Axel Michon,Michon v Ma Gonzalez,10,2016-01-14 01:27:01.117,3.05,2016-01-14 15:00:00,
1.122574504,4994683,Axel Michon,Michon v Ma Gonzalez,20,2016-01-14 02:26:27.911,3.05,2016-01-14 15:00:00,
1.122574504,4994683,Axel Michon,Michon v Ma Gonzalez,30,2016-01-14 03:26:34.504,3.05,2016-01-14 15:00:00,
1.122574504,4994683,Axel Michon,Michon v Ma Gonzalez,40,2016-01-14 04:00:46.417,3.05,2016-01-14 15:00:00,
1.122574504,4994683,Axel Michon,Michon v Ma Gonzalez,50,2016-01-14 08:22:01.820,3.4,2016-01-14 17:00:00,
1.122574504,4994683,Axel Michon,Michon v Ma Gonzalez,60,2016-01-14 12:00:31.885,2.96,2016-01-14 17:00:00,
1.122574504,4994683,Axel Michon,Michon v Ma Gonzalez,70,2016-01-14 15:36:05.266,3.15,2016-01-14 17:00:00,
1.122574504,4994683,Axel Michon,Michon v Ma Gonzalez,80,2016-01-14 16:30:04.041,3.25,2016-01-14 17:00:00,
1.122574504,4994683,Axel Michon,Michon v Ma Gonzalez,90,2016-01-14 16:43:28.078,3.2,2016-01-14 17:00:00,
1.122574504,4994683,Axel Michon,Michon v Ma Gonzalez,100,2016-01-14 16:59:03.912,3.2,2016-01-14 17:04:00,
1.122574566,5829498,Peter Torebko,Torebko v Kicker,0,2016-01-13 15:21:48.567,2.18,2016-01-13 21:30:00,
1.122574566,5829498,Peter Torebko,Torebko v Kicker,10,2016-01-13 16:33:41.256,2.26,2016-01-13 21:30:00,
1.122574566,5829498,Peter Torebko,Torebko v Kicker,20,2016-01-13 18:39:28.913,2.5,2016-01-13 21:30:00,
1.122574566,5829498,Peter Torebko,Torebko v Kicker,30,2016-01-13 19:03:45.374,2.4,2016-01-13 21:30:00,
1.122574566,5829498,Peter Torebko,Torebko v Kicker,40,2016-01-13 19:48:05.054,2.56,2016-01-13 21:30:00,
1.122574566,5829498,Peter Torebko,Torebko v Kicker,50,2016-01-13 20:20:59.082,2.58,2016-01-13 21:30:00,
1.122574566,5829498,Peter Torebko,Torebko v Kicker,60,2016-01-13 20:28:59.864,2.56,2016-01-13 21:30:00,
1.122574566,5829498,Peter Torebko,Torebko v Kicker,70,2016-01-13 20:56:58.481,2.64,2016-01-13 21:30:00,
1.122574566,5829498,Peter Torebko,Torebko v Kicker,80,2016-01-13 21:03:54.203,2.52,2016-01-13 21:30:00,
1.122574566,5829498,Peter Torebko,Torebko v Kicker,90,2016-01-13 21:19:55.496,2.48,2016-01-13 21:30:00,
1.122574566,5829498,Peter Torebko,Torebko v Kicker,100,2016-01-13 21:29:56.726,2.44,2016-01-13 21:30:00,
1.122574566,8326744,Nicolas Kicker,Torebko v Kicker,0,2016-01-13 12:23:18.972,1.75,2016-01-13 21:30:00,
1.122574566,8326744,Nicolas Kicker,Torebko v Kicker,10,2016-01-13 13:41:00.634,1.86,2016-01-13 21:30:00,
1.122574566,8326744,Nicolas Kicker,Torebko v Kicker,20,2016-01-13 16:21:31.627,1.68,2016-01-13 21:30:00,
1.122574566,8326744,Nicolas Kicker,Torebko v Kicker,30,2016-01-13 17:57:12.150,1.71,2016-01-13 21:30:00,
1.122574566,8326744,Nicolas Kicker,Torebko v Kicker,40,2016-01-13 19:10:21.976,1.65,2016-01-13 21:30:00,
1.122574566,8326744,Nicolas Kicker,Torebko v Kicker,50,2016-01-13 20:20:59.082,1.63,2016-01-13 21:30:00,
1.122574566,8326744,Nicolas Kicker,Torebko v Kicker,60,2016-01-13 20:27:45.025,1.64,2016-01-13 21:30:00,
1.122574566,8326744,Nicolas Kicker,Torebko v Kicker,70,2016-01-13 20:57:49.084,1.64,2016-01-13 21:30:00,
1.122574566,8326744,Nicolas Kicker,Torebko v Kicker,80,2016-01-13 20:58:40.351,1.65,2016-01-13 21:30:00,
1.122574566,8326744,Nicolas Kicker,Torebko v Kicker,90,2016-01-13 21:22:58.119,1.6,2016-01-13 21:30:00,
1.122574566,8326744,Nicolas Kicker,Torebko v Kicker,100,2016-01-13 21:29:56.726,1.6,2016-01-13 21:30:00,
1.122574619,7366760,Dzmitry Zhyrmont,Zhyrmont v Pavlasek,0,2016-01-13 21:50:58.932,3.35,2016-01-14 05:00:00,
1.122574619,7366760,Dzmitry Zhyrmont,Zhyrmont v Pavlasek,10,2016-01-14 07:37:43.719,3.25,2016-01-15 03:00:00,
1.122574619,7366760,Dzmitry Zhyrmont,Zhyrmont v Pavlasek,20,2016-01-14 08:41:48.189,3.05,2016-01-15 03:00:00,
1.122574619,7366760,Dzmitry Zhyrmont,Zhyrmont v Pavlasek,30,2016-01-14 15:01:29.047,3.25,2016-01-15 03:00:00,
1.122574619,7366760,Dzmitry Zhyrmont,Zhyrmont v Pavlasek,40,2016-01-14 20:53:41.777,3.1,2016-01-15 03:00:00,
1.122574619,7366760,Dzmitry Zhyrmont,Zhyrmont v Pavlasek,50,2016-01-14 21:38:40.738,3.05,2016-01-15 03:00:00,
1.122574619,7366760,Dzmitry Zhyrmont,Zhyrmont v Pavlasek,60,2016-01-14 23:26:37.359,3.15,2016-01-15 03:00:00,
1.122574619,7366760,Dzmitry Zhyrmont,Zhyrmont v Pavlasek,70,2016-01-15 00:49:24.702,3.1,2016-01-15 03:00:00,
1.122574619,7366760,Dzmitry Zhyrmont,Zhyrmont v Pavlasek,80,2016-01-15 02:19:08.756,3.15,2016-01-15 03:00:00,
1.122574619,7366760,Dzmitry Zhyrmont,Zhyrmont v Pavlasek,90,2016-01-15 02:55:44.242,3.45,2016-01-15 03:00:00,
1.122574619,7366760,Dzmitry Zhyrmont,Zhyrmont v Pavlasek,100,2016-01-15 03:04:44.399,3.25,2016-01-15 03:12:00,
1.122574619,8494652,Adam Pavlasek,Zhyrmont v Pavlasek,0,2016-01-13 21:50:58.932,1.43,2016-01-14 05:00:00,
1.122574619,8494652,Adam Pavlasek,Zhyrmont v Pavlasek,10,2016-01-14 16:04:39.913,1.49,2016-01-15 03:00:00,
1.122574619,8494652,Adam Pavlasek,Zhyrmont v Pavlasek,20,2016-01-14 17:06:26.772,1.49,2016-01-15 03:00:00,
1.122574619,8494652,Adam Pavlasek,Zhyrmont v Pavlasek,30,2016-01-14 19:01:28.792,1.44,2016-01-15 03:00:00,
1.122574619,8494652,Adam Pavlasek,Zhyrmont v Pavlasek,40,2016-01-14 20:07:16.381,1.48,2016-01-15 03:00:00,
1.122574619,8494652,Adam Pavlasek,Zhyrmont v Pavlasek,50,2016-01-14 21:27:14.419,1.49,2016-01-15 03:00:00,
1.122574619,8494652,Adam Pavlasek,Zhyrmont v Pavlasek,60,2016-01-14 22:44:11.873,1.49,2016-01-15 03:00:00,
1.122574619,8494652,Adam Pavlasek,Zhyrmont v Pavlasek,70,2016-01-14 23:41:07.227,1.48,2016-01-15 03:00:00,
1.122574619,8494652,Adam Pavlasek,Zhyrmont v Pavlasek,80,2016-01-15 00:45:07.558,1.48,2016-01-15 03:00:00,
1.122574619,8494652,Adam Pavlasek,Zhyrmont v Pavlasek,90,2016-01-15 02:02:33.379,1.42,2016-01-15 03:00:00,
1.122574619,8494652,Adam Pavlasek,Zhyrmont v Pavlasek,100,2016-01-15 03:05:54.203,1.45,2016-01-15 03:12:00,
1.122575257,4943786,Shelby Rogers,Shelby Rogers v Andrea Gamiz,0,2016-01-13 13:29:13.816,1.29,2016-01-13 16:00:00,
1.122575257,4943786,Shelby Rogers,Shelby Rogers v Andrea Gamiz,10,2016-01-13 14:59:51.578,1.3,2016-01-13 16:10:00,
1.122575257,4943786,Shelby Rogers,Shelby Rogers v Andrea Gamiz,20,2016-01-13 15:32:32.400,1.43,2016-01-13 16:10:00,
1.122575257,4943786,Shelby Rogers,Shelby Rogers v Andrea Gamiz,30,2016-01-13 15:40:43.835,1.48,2016-01-13 16:10:00,
1.122575257,4943786,Shelby Rogers,Shelby Rogers v Andrea Gamiz,40,2016-01-13 16:16:30.238,1.43,2016-01-13 16:20:00,
1.122575257,4943786,Shelby Rogers,Shelby Rogers v Andrea Gamiz,50,2016-01-13 16:19:45.482,1.45,2016-01-13 16:30:00,
1.122575257,4943786,Shelby Rogers,Shelby Rogers v Andrea Gamiz,60,2016-01-13 16:21:34.684,1.43,2016-01-13 16:30:00,
1.122575257,4943786,Shelby Rogers,Shelby Rogers v Andrea Gamiz,70,2016-01-13 16:23:32.335,1.44,2016-01-13 16:30:00,
1.122575257,4943786,Shelby Rogers,Shelby Rogers v Andrea Gamiz,80,2016-01-13 16:35:45.255,1.48,2016-01-13 16:40:00,
1.122575257,4943786,Shelby Rogers,Shelby Rogers v Andrea Gamiz,90,2016-01-13 16:43:34.493,1.43,2016-01-13 16:50:00,
1.122575257,4943786,Shelby Rogers,Shelby Rogers v Andrea Gamiz,100,2016-01-13 17:02:54.267,1.37,2016-01-13 17:05:00,2016-01-13 17:01:34.310
1.12257551,9148889,Lou Brouleau,Lou Brouleau v Pranjala Yadlapalli,0,2016-01-14 05:30:01.160,1.55,2016-01-14 09:30:00,
1.12257551,9148889,Lou Brouleau,Lou Brouleau v Pranjala Yadlapalli,10,2016-01-14 08:36:00.975,1.54,2016-01-14 09:30:00,2016-01-14 08:26:58.131
1.12257551,9148889,Lou Brouleau,Lou Brouleau v Pranjala Yadlapalli,20,2016-01-14 08:49:58.504,1.32,2016-01-14 09:30:00,2016-01-14 08:26:58.131
1.12257551,9148889,Lou Brouleau,Lou Brouleau v Pranjala Yadlapalli,30,2016-01-14 08:54:00.693,1.33,2016-01-14 09:30:00,2016-01-14 08:26:58.131
1.12257551,9148889,Lou Brouleau,Lou Brouleau v Pranjala Yadlapalli,40,2016-01-14 08:55:26.959,1.55,2016-01-14 09:30:00,2016-01-14 08:26:58.131
1.12257551,9148889,Lou Brouleau,Lou Brouleau v Pranjala Yadlapalli,50,2016-01-14 09:00:22.100,1.55,2016-01-14 09:30:00,2016-01-14 08:26:58.131
1.12257551,9148889,Lou Brouleau,Lou Brouleau v Pranjala Yadlapalli,60,2016-01-14 09:04:58.517,1.37,2016-01-14 09:30:00,2016-01-14 08:26:58.131
1.12257551,9148889,Lou Brouleau,Lou Brouleau v Pranjala Yadlapalli,70,2016-01-14 09:07:58.978,1.54,2016-01-14 09:30:00,2016-01-14 08:26:58.131
1.12257551,9148889,Lou Brouleau,Lou Brouleau v Pranjala Yadlapalli,80,2016-01-14 09:11:52.555,1.6,2016-01-14 09:30:00,2016-01-14 08:26:58.131
1.12257551,9148889,Lou Brouleau,Lou Brouleau v Pranjala Yadlapalli,90,2016-01-14 09:13:07.225,1.39,2016-01-14 09:30:00,2016-01-14 08:26:58.131
1.12257551,9148889,Lou Brouleau,Lou Brouleau v Pranjala Yadlapalli,100,2016-01-14 09:28:24.815,1.45,2016-01-14 09:30:00,2016-01-14 08:26:58.131
1.12258331,7795596,Katerina Vankova,Tereza Malikova v Katerina Vankova,0,2016-01-14 11:43:11.993,1.82,2016-01-14 13:00:00,
1.12258331,7795596,Katerina Vankova,Tereza Malikova v Katerina Vankova,10,2016-01-14 11:44:38.998,1.59,2016-01-14 13:00:00,
1.12258331,7795596,Katerina Vankova,Tereza Malikova v Katerina Vankova,20,2016-01-14 12:31:54.418,1.61,2016-01-14 13:00:00,
1.12258331,7795596,Katerina Vankova,Tereza Malikova v Katerina Vankova,30,2016-01-14 12:50:03.853,1.59,2016-01-14 13:00:00,
1.12258331,7795596,Katerina Vankova,Tereza Malikova v Katerina Vankova,40,2016-01-14 13:28:02.082,1.78,2016-01-14 13:40:00,
1.12258331,7795596,Katerina Vankova,Tereza Malikova v Katerina Vankova,50,2016-01-14 13:33:00.258,1.84,2016-01-14 13:40:00,
1.12258331,7795596,Katerina Vankova,Tereza Malikova v Katerina Vankova,60,2016-01-14 13:33:48.912,1.62,2016-01-14 13:40:00,
1.12258331,7795596,Katerina Vankova,Tereza Malikova v Katerina Vankova,70,2016-01-14 13:44:58.988,1.73,2016-01-14 13:50:00,
1.12258331,7795596,Katerina Vankova,Tereza Malikova v Katerina Vankova,80,2016-01-14 13:48:15.887,1.7,2016-01-14 14:00:00,
1.12258331,7795596,Katerina Vankova,Tereza Malikova v Katerina Vankova,90,2016-01-14 13:50:03.475,1.65,2016-01-14 13:55:00,
1.12258331,7795596,Katerina Vankova,Tereza Malikova v Katerina Vankova,100,2016-01-14 13:50:59.809,1.64,2016-01-14 13:55:00,
1.122583451,8326744,Nicolas Kicker,Kicker v Hamou,0,2016-01-14 17:20:21.837,1.83,2016-01-15 15:00:00,
1.122583451,8326744,Nicolas Kicker,Kicker v Hamou,10,2016-01-15 10:34:32.929,1.77,2016-01-15 21:00:00,
1.122583451,8326744,Nicolas Kicker,Kicker v Hamou,20,2016-01-15 15:42:52.464,1.73,2016-01-15 21:00:00,
1.122583451,8326744,Nicolas Kicker,Kicker v Hamou,30,2016-01-15 18:45:40.651,1.73,2016-01-15 21:00:00,
1.122583451,8326744,Nicolas Kicker,Kicker v Hamou,40,2016-01-15 19:31:32.284,1.73,2016-01-15 21:00:00,
1.122583451,8326744,Nicolas Kicker,Kicker v Hamou,50,2016-01-15 20:01:38.902,1.73,2016-01-15 21:00:00,
1.122583451,8326744,Nicolas Kicker,Kicker v Hamou,60,2016-01-15 20:44:28.804,1.75,2016-01-15 21:00:00,
1.122583451,8326744,Nicolas Kicker,Kicker v Hamou,70,2016-01-15 20:46:22.786,1.72,2016-01-15 21:00:00,
1.122583451,8326744,Nicolas Kicker,Kicker v Hamou,80,2016-01-15 20:59:33.252,1.73,2016-01-15 21:00:00,
1.122583451,8326744,Nicolas Kicker,Kicker v Hamou,90,2016-01-15 21:56:32.041,1.6,2016-01-15 22:02:00,
1.122583451,8326744,Nicolas Kicker,Kicker v Hamou,100,2016-01-15 22:01:26.563,1.66,2016-01-15 22:02:00,
1.122583451,8859456,Maxime Hamou,Kicker v Hamou,0,2016-01-14 17:20:21.837,2.2,2016-01-15 15:00:00,
1.122583451,8859456,Maxime Hamou,Kicker v Hamou,10,2016-01-14 22:50:45.963,1.96,2016-01-15 21:00:00,
1.122583451,8859456,Maxime Hamou,Kicker v Hamou,20,2016-01-14 23:24:14.774,2.18,2016-01-15 21:00:00,
1.122583451,8859456,Maxime Hamou,Kicker v Hamou,30,2016-01-15 15:19:09.581,2.26,2016-01-15 21:00:00,
1.122583451,8859456,Maxime Hamou,Kicker v Hamou,40,2016-01-15 19:32:20.023,2.34,2016-01-15 21:00:00,
1.122583451,8859456,Maxime Hamou,Kicker v Hamou,50,2016-01-15 20:01:38.902,2.36,2016-01-15 21:00:00,
1.122583451,8859456,Maxime Hamou,Kicker v Hamou,60,2016-01-15 20:33:33.594,2.4,2016-01-15 21:00:00,
1.122583451,8859456,Maxime Hamou,Kicker v Hamou,70,2016-01-15 20:34:04.102,2.36,2016-01-15 21:00:00,
1.122583451,8859456,Maxime Hamou,Kicker v Hamou,80,2016-01-15 20:44:28.804,2.34,2016-01-15 21:00:00,
1.122583451,8859456,Maxime Hamou,Kicker v Hamou,90,2016-01-15 20:45:37.630,2.32,2016-01-15 21:00:00,
1.122583451,8859456,Maxime Hamou,Kicker v Hamou,100,2016-01-15 22:01:26.563,2.56,2016-01-15 22:02:00,
1.122583459,2301068,Rogerio Dutra Silva,G Melzer v Dutra Silva,0,2016-01-14 16:31:57.982,2.08,2016-01-15 15:00:00,
1.122583459,2301068,Rogerio Dutra Silva,G Melzer v Dutra Silva,10,2016-01-15 10:22:54.811,2.34,2016-01-15 16:30:00,
1.122583459,2301068,Rogerio Dutra Silva,G Melzer v Dutra Silva,20,2016-01-15 11:24:01.169,2.34,2016-01-15 16:30:00,
1.122583459,2301068,Rogerio Dutra Silva,G Melzer v Dutra Silva,30,2016-01-15 13:07:50.009,2.34,2016-01-15 16:30:00,
1.122583459,2301068,Rogerio Dutra Silva,G Melzer v Dutra Silva,40,2016-01-15 14:31:06.445,2.4,2016-01-15 16:30:00,
1.122583459,2301068,Rogerio Dutra Silva,G Melzer v Dutra Silva,50,2016-01-15 15:05:05.826,2.42,2016-01-15 16:30:00,
1.122583459,2301068,Rogerio Dutra Silva,G Melzer v Dutra Silva,60,2016-01-15 15:28:03.921,2.4,2016-01-15 16:30:00,
1.122583459,2301068,Rogerio Dutra Silva,G Melzer v Dutra Silva,70,2016-01-15 15:48:30.529,2.14,2016-01-15 16:30:00,
1.122583459,2301068,Rogerio Dutra Silva,G Melzer v Dutra Silva,80,2016-01-15 16:18:05.073,2.12,2016-01-15 16:30:00,
1.122583459,2301068,Rogerio Dutra Silva,G Melzer v Dutra Silva,90,2016-01-15 16:29:06.591,2.44,2016-01-15 16:36:00,
1.122583459,2301068,Rogerio Dutra Silva,G Melzer v Dutra Silva,100,2016-01-15 16:35:06.039,2.3,2016-01-15 16:36:00,
1.122583459,4876705,Gerald Melzer,G Melzer v Dutra Silva,0,2016-01-14 16:31:57.982,1.89,2016-01-15 15:00:00,
1.122583459,4876705,Gerald Melzer,G Melzer v Dutra Silva,10,2016-01-15 10:28:50.550,1.74,2016-01-15 16:30:00,
1.122583459,4876705,Gerald Melzer,G Melzer v Dutra Silva,20,2016-01-15 12:21:16.813,1.76,2016-01-15 16:30:00,
1.122583459,4876705,Gerald Melzer,G Melzer v Dutra Silva,30,2016-01-15 13:10:32.327,1.75,2016-01-15 16:30:00,
1.122583459,4876705,Gerald Melzer,G Melzer v Dutra Silva,40,2016-01-15 14:42:37.917,1.71,2016-01-15 16:30:00,
1.122583459,4876705,Gerald Melzer,G Melzer v Dutra Silva,50,2016-01-15 15:11:00.312,1.76,2016-01-15 16:30:00,
1.122583459,4876705,Gerald Melzer,G Melzer v Dutra Silva,60,2016-01-15 15:22:06.386,1.71,2016-01-15 16:30:00,
1.122583459,4876705,Gerald Melzer,G Melzer v Dutra Silva,70,2016-01-15 15:54:04.805,1.84,2016-01-15 16:30:00,
1.122583459,4876705,Gerald Melzer,G Melzer v Dutra Silva,80,2016-01-15 16:17:07.331,1.88,2016-01-15 16:30:00,
1.122583459,4876705,Gerald Melzer,G Melzer v Dutra Silva,90,2016-01-15 16:24:06.984,1.69,2016-01-15 16:30:00,
1.122583459,4876705,Gerald Melzer,G Melzer v Dutra Silva,100,2016-01-15 16:34:04.237,1.73,2016-01-15 16:36:00,
1.122583476,2263536,Mikhail Youzhny,Youzhny v Milton,0,2016-01-14 16:16:42.551,1.13,2016-01-15 04:45:00,
1.122583476,2263536,Mikhail Youzhny,Youzhny v Milton,10,2016-01-14 19:28:58.342,1.11,2016-01-15 04:45:00,
1.122583476,2263536,Mikhail Youzhny,Youzhny v Milton,20,2016-01-14 21:04:50.284,1.1,2016-01-15 04:45:00,
1.122583476,2263536,Mikhail Youzhny,Youzhny v Milton,30,2016-01-14 21:34:46.853,1.11,2016-01-15 04:45:00,
1.122583476,2263536,Mikhail Youzhny,Youzhny v Milton,40,2016-01-14 22:32:49.193,1.11,2016-01-15 04:45:00,
1.122583476,2263536,Mikhail Youzhny,Youzhny v Milton,50,2016-01-14 23:11:59.897,1.13,2016-01-15 04:45:00,
1.122583476,2263536,Mikhail Youzhny,Youzhny v Milton,60,2016-01-14 23:24:42.266,1.11,2016-01-15 04:45:00,
1.122583476,2263536,Mikhail Youzhny,Youzhny v Milton,70,2016-01-15 04:35:08.565,1.13,2016-01-15 04:45:00,
1.122583476,2263536,Mikhail Youzhny,Youzhny v Milton,80,2016-01-15 05:06:01.184,1.15,2016-01-15 05:12:00,
1.122583476,2263536,Mikhail Youzhny,Youzhny v Milton,90,2016-01-15 05:07:03.986,1.14,2016-01-15 05:12:00,
1.122583476,2263536,Mikhail Youzhny,Youzhny v Milton,100,2016-01-15 05:11:02.957,1.12,2016-01-15 05:12:00,2016-01-15 05:08:02.256
1.122613295,9629024,Maria Marfutina,Maria Marfutina v Anna Zaja,0,2016-01-15 07:27:04.148,1.58,2016-01-15 11:30:00,
1.122613295,9629024,Maria Marfutina,Maria Marfutina v Anna Zaja,10,2016-01-15 08:40:27.188,1.57,2016-01-15 11:30:00,
1.122613295,9629024,Maria Marfutina,Maria Marfutina v Anna Zaja,20,2016-01-15 10:26:25.681,1.57,2016-01-15 11:30:00,
1.122613295,9629024,Maria Marfutina,Maria Marfutina v Anna Zaja,30,2016-01-15 10:27:15.122,1.65,2016-01-15 11:30:00,
1.122613295,9629024,Maria Marfutina,Maria Marfutina v Anna Zaja,40,2016-01-15 10:33:25.903,1.58,2016-01-15 11:30:00,
1.122613295,9629024,Maria Marfutina,Maria Marfutina v Anna Zaja,50,2016-01-15 11:30:34.802,1.62,2016-01-15 11:40:00,
1.122613295,9629024,Maria Marfutina,Maria Marfutina v Anna Zaja,60,2016-01-15 11:36:36.634,1.6,2016-01-15 11:50:00,
1.122613295,9629024,Maria Marfutina,Maria Marfutina v Anna Zaja,70,2016-01-15 11:40:36.663,1.64,2016-01-15 11:50:00,
1.122613295,9629024,Maria Marfutina,Maria Marfutina v Anna Zaja,80,2016-01-15 11:46:26.707,1.62,2016-01-15 12:00:00,
1.122613295,9629024,Maria Marfutina,Maria Marfutina v Anna Zaja,90,2016-01-15 11:47:11.158,1.61,2016-01-15 12:00:00,
1.122613295,9629024,Maria Marfutina,Maria Marfutina v Anna Zaja,100,2016-01-15 11:59:34.669,1.61,2016-01-15 12:00:00,2016-01-15 11:57:30.433
1.122613432,2489416,Maximo Gonzalez,De Greef v Ma Gonzalez,0,2016-01-15 07:01:31.369,1.45,2016-01-15 16:30:00,
1.122613432,2489416,Maximo Gonzalez,De Greef v Ma Gonzalez,10,2016-01-15 08:37:13.145,1.26,2016-01-15 16:30:00,
1.122613432,2489416,Maximo Gonzalez,De Greef v Ma Gonzalez,20,2016-01-15 09:12:13.658,1.26,2016-01-15 16:30:00,
1.122613432,2489416,Maximo Gonzalez,De Greef v Ma Gonzalez,30,2016-01-15 12:33:36.277,1.28,2016-01-15 16:30:00,
1.122613432,2489416,Maximo Gonzalez,De Greef v Ma Gonzalez,40,2016-01-15 13:13:25.457,1.25,2016-01-15 16:30:00,
1.122613432,2489416,Maximo Gonzalez,De Greef v Ma Gonzalez,50,2016-01-15 13:40:24.638,1.25,2016-01-15 16:30:00,
1.122613432,2489416,Maximo Gonzalez,De Greef v Ma Gonzalez,60,2016-01-15 14:01:13.955,1.27,2016-01-15 16:30:00,
1.122613432,2489416,Maximo Gonzalez,De Greef v Ma Gonzalez,70,2016-01-15 14:33:15.497,1.25,2016-01-15 16:30:00,
1.122613432,2489416,Maximo Gonzalez,De Greef v Ma Gonzalez,80,2016-01-15 15:11:53.907,1.27,2016-01-15 16:30:00,
1.122613432,2489416,Maximo Gonzalez,De Greef v Ma Gonzalez,90,2016-01-15 15:51:19.923,1.31,2016-01-15 16:30:00,
1.122613432,2489416,Maximo Gonzalez,De Greef v Ma Gonzalez,100,2016-01-15 16:39:37.804,1.27,2016-01-15 16:42:00,
1.122613564,4520808,Facundo Bagnis,Bagnis v Andreozzi,0,2016-01-15 06:35:56.052,1.68,2016-01-15 18:00:00,
1.122613564,4520808,Facundo Bagnis,Bagnis v Andreozzi,10,2016-01-15 07:12:57.789,1.68,2016-01-15 18:00:00,
1.122613564,4520808,Facundo Bagnis,Bagnis v Andreozzi,20,2016-01-15 11:03:31.409,1.88,2016-01-15 18:00:00,
1.122613564,4520808,Facundo Bagnis,Bagnis v Andreozzi,30,2016-01-15 13:42:25.648,1.98,2016-01-15 18:00:00,
1.122613564,4520808,Facundo Bagnis,Bagnis v Andreozzi,40,2016-01-15 15:12:57.505,1.97,2016-01-15 18:00:00,
1.122613564,4520808,Facundo Bagnis,Bagnis v Andreozzi,50,2016-01-15 15:47:35.059,2.02,2016-01-15 18:00:00,
1.122613564,4520808,Facundo Bagnis,Bagnis v Andreozzi,60,2016-01-15 16:15:58.376,2.02,2016-01-15 18:00:00,
1.122613564,4520808,Facundo Bagnis,Bagnis v Andreozzi,70,2016-01-15 17:10:59.299,1.96,2016-01-15 18:00:00,
1.122613564,4520808,Facundo Bagnis,Bagnis v Andreozzi,80,2016-01-15 17:48:54.531,1.98,2016-01-15 18:00:00,
1.122613564,4520808,Facundo Bagnis,Bagnis v Andreozzi,90,2016-01-15 17:57:44.259,1.93,2016-01-15 18:00:00,
1.122613564,4520808,Facundo Bagnis,Bagnis v Andreozzi,100,2016-01-15 18:54:51.932,1.81,2016-01-15 18:57:00,
1.122613564,6603914,Guido Andreozzi,Bagnis v Andreozzi,0,2016-01-15 07:49:44.941,2.08,2016-01-15 18:00:00,
1.122613564,6603914,Guido Andreozzi,Bagnis v Andreozzi,10,2016-01-15 11:02:52.990,2.12,2016-01-15 18:00:00,
1.122613564,6603914,Guido Andreozzi,Bagnis v Andreozzi,20,2016-01-15 13:27:41.865,2.1,2016-01-15 18:00:00,
1.122613564,6603914,Guido Andreozzi,Bagnis v Andreozzi,30,2016-01-15 14:28:51.883,2.02,2016-01-15 18:00:00,
1.122613564,6603914,Guido Andreozzi,Bagnis v Andreozzi,40,2016-01-15 16:04:11.479,1.94,2016-01-15 18:00:00,
1.122613564,6603914,Guido Andreozzi,Bagnis v Andreozzi,50,2016-01-15 16:30:58.232,1.94,2016-01-15 18:00:00,
1.122613564,6603914,Guido Andreozzi,Bagnis v Andreozzi,60,2016-01-15 16:34:55.373,2.06,2016-01-15 18:00:00,
1.122613564,6603914,Guido Andreozzi,Bagnis v Andreozzi,70,2016-01-15 17:45:54.311,2.0,2016-01-15 18:00:00,
1.122613564,6603914,Guido Andreozzi,Bagnis v Andreozzi,80,2016-01-15 17:49:56.109,2.1,2016-01-15 18:00:00,
1.122613564,6603914,Guido Andreozzi,Bagnis v Andreozzi,90,2016-01-15 17:58:20.681,2.06,2016-01-15 18:00:00,
1.122613564,6603914,Guido Andreozzi,Bagnis v Andreozzi,100,2016-01-15 18:55:53.040,2.16,2016-01-15 18:57:00,
1.122613669,10711959,Catherine Cartan Bellis,Catherine Cartan Bellis v Grace Min,0,2016-01-15 11:37:02.309,1.48,2016-01-15 16:00:00,
1.122613669,10711959,Catherine Cartan Bellis,Catherine Cartan Bellis v Grace Min,10,2016-01-15 11:49:17.680,1.47,2016-01-15 16:00:00,
1.122613669,10711959,Catherine Cartan Bellis,Catherine Cartan Bellis v Grace Min,20,2016-01-15 12:06:18.518,1.48,2016-01-15 16:00:00,
1.122613669,10711959,Catherine Cartan Bellis,Catherine Cartan Bellis v Grace Min,30,2016-01-15 14:32:31.783,1.7,2016-01-15 16:00:00,
1.122613669,10711959,Catherine Cartan Bellis,Catherine Cartan Bellis v Grace Min,40,2016-01-15 15:46:33.191,1.5,2016-01-15 18:00:00,
1.122613669,10711959,Catherine Cartan Bellis,Catherine Cartan Bellis v Grace Min,50,2016-01-15 16:04:24.364,1.44,2016-01-15 18:00:00,2016-01-15 16:00:23.653
1.122613669,10711959,Catherine Cartan Bellis,Catherine Cartan Bellis v Grace Min,60,2016-01-15 16:23:07.881,1.8,2016-01-15 18:00:00,2016-01-15 16:00:23.653
1.122613669,10711959,Catherine Cartan Bellis,Catherine Cartan Bellis v Grace Min,70,2016-01-15 16:24:16.679,1.76,2016-01-15 18:00:00,2016-01-15 16:00:23.653
1.122613669,10711959,Catherine Cartan Bellis,Catherine Cartan Bellis v Grace Min,80,2016-01-15 16:39:35.566,1.32,2016-01-15 19:00:00,2016-01-15 16:00:23.653
1.122613669,10711959,Catherine Cartan Bellis,Catherine Cartan Bellis v Grace Min,90,2016-01-15 16:45:57.349,1.67,2016-01-15 19:00:00,2016-01-15 16:00:23.653
1.122613669,10711959,Catherine Cartan Bellis,Catherine Cartan Bellis v Grace Min,100,2016-01-15 18:24:27.688,1.85,2016-01-15 19:30:00,2016-01-15 16:00:23.653
1.12261367,3288385,Asia Muhammad,Elizaveta Ianchuk v Asia Muhammad,0,2016-01-15 09:46:01.604,1.36,2016-01-15 16:00:00,
1.12261367,3288385,Asia Muhammad,Elizaveta Ianchuk v Asia Muhammad,10,2016-01-15 11:49:17.670,1.42,2016-01-15 16:00:00,
1.12261367,3288385,Asia Muhammad,Elizaveta Ianchuk v Asia Muhammad,20,2016-01-15 14:33:31.943,1.44,2016-01-15 16:00:00,
1.12261367,3288385,Asia Muhammad,Elizaveta Ianchuk v Asia Muhammad,30,2016-01-15 14:34:30.547,1.46,2016-01-15 16:00:00,
1.12261367,3288385,Asia Muhammad,Elizaveta Ianchuk v Asia Muhammad,40,2016-01-15 14:45:22.652,1.36,2016-01-15 16:00:00,
1.12261367,3288385,Asia Muhammad,Elizaveta Ianchuk v Asia Muhammad,50,2016-01-15 16:07:00.628,1.58,2016-01-15 18:00:00,2016-01-15 16:00:23.547
1.12261367,3288385,Asia Muhammad,Elizaveta Ianchuk v Asia Muhammad,60,2016-01-15 16:20:30.559,1.33,2016-01-15 18:00:00,2016-01-15 16:00:23.547
1.12261367,3288385,Asia Muhammad,Elizaveta Ianchuk v Asia Muhammad,70,2016-01-15 16:25:06.113,1.45,2016-01-15 18:00:00,2016-01-15 16:00:23.547
1.12261367,3288385,Asia Muhammad,Elizaveta Ianchuk v Asia Muhammad,80,2016-01-15 16:39:48.133,1.21,2016-01-15 19:00:00,2016-01-15 16:00:23.547
1.12261367,3288385,Asia Muhammad,Elizaveta Ianchuk v Asia Muhammad,90,2016-01-15 18:47:55.655,1.25,2016-01-15 19:30:00,2016-01-15 16:00:23.547
1.12261367,3288385,Asia Muhammad,Elizaveta Ianchuk v Asia Muhammad,100,2016-01-15 19:28:22.378,1.21,2016-01-15 19:30:00,2016-01-15 16:00:23.547
1.122613672,6196031,Elitsa Kostova,Olga Fridman v Elitsa Kostova,0,2016-01-15 06:14:32.124,2.44,2016-01-15 16:00:00,
1.122613672,6196031,Elitsa Kostova,Olga Fridman v Elitsa Kostova,10,2016-01-15 11:07:07.821,2.72,2016-01-15 16:00:00,
1.122613672,6196031,Elitsa Kostova,Olga Fridman v Elitsa Kostova,20,2016-01-15 14:46:10.449,2.46,2016-01-15 16:00:00,
1.122613672,6196031,Elitsa Kostova,Olga Fridman v Elitsa Kostova,30,2016-01-15 15:12:28.348,2.5,2016-01-15 18:00:00,
1.122613672,6196031,Elitsa Kostova,Olga Fridman v Elitsa Kostova,40,2016-01-15 15:35:21.571,2.5,2016-01-15 18:00:00,
1.122613672,6196031,Elitsa Kostova,Olga Fridman v Elitsa Kostova,50,2016-01-15 15:45:41.184,2.52,2016-01-15 18:00:00,
1.122613672,6196031,Elitsa Kostova,Olga Fridman v Elitsa Kostova,60,2016-01-15 16:20:12.114,2.26,2016-01-15 18:00:00,2016-01-15 16:00:23.653
1.122613672,6196031,Elitsa Kostova,Olga Fridman v Elitsa Kostova,70,2016-01-15 16:25:50.634,2.1,2016-01-15 18:00:00,2016-01-15 16:00:23.653
1.122613672,6196031,Elitsa Kostova,Olga Fridman v Elitsa Kostova,80,2016-01-15 16:59:53.311,2.38,2016-01-15 19:00:00,2016-01-15 16:00:23.653
1.122613672,6196031,Elitsa Kostova,Olga Fridman v Elitsa Kostova,90,2016-01-15 18:00:33.624,2.04,2016-01-15 19:30:00,2016-01-15 16:00:23.653
1.122613672,6196031,Elitsa Kostova,Olga Fridman v Elitsa Kostova,100,2016-01-15 19:06:18.877,2.14,2016-01-15 19:30:00,2016-01-15 16:00:23.653
1.122613672,9629716,Olga Fridman,Olga Fridman v Elitsa Kostova,0,2016-01-15 06:14:32.124,1.69,2016-01-15 16:00:00,
1.122613672,9629716,Olga Fridman,Olga Fridman v Elitsa Kostova,10,2016-01-15 11:48:46.149,1.58,2016-01-15 16:00:00,
1.122613672,9629716,Olga Fridman,Olga Fridman v Elitsa Kostova,20,2016-01-15 14:52:18.022,1.67,2016-01-15 18:00:00,
1.122613672,9629716,Olga Fridman,Olga Fridman v Elitsa Kostova,30,2016-01-15 15:45:41.184,1.66,2016-01-15 18:00:00,
1.122613672,9629716,Olga Fridman,Olga Fridman v Elitsa Kostova,40,2016-01-15 16:17:03.393,1.76,2016-01-15 18:00:00,2016-01-15 16:00:23.653
1.122613672,9629716,Olga Fridman,Olga Fridman v Elitsa Kostova,50,2016-01-15 16:25:50.634,1.9,2016-01-15 18:00:00,2016-01-15 16:00:23.653
1.122613672,9629716,Olga Fridman,Olga Fridman v Elitsa Kostova,60,2016-01-15 16:32:57.692,1.7,2016-01-15 19:00:00,2016-01-15 16:00:23.653
1.122613672,9629716,Olga Fridman,Olga Fridman v Elitsa Kostova,70,2016-01-15 16:59:53.311,1.75,2016-01-15 19:00:00,2016-01-15 16:00:23.653
1.122613672,9629716,Olga Fridman,Olga Fridman v Elitsa Kostova,80,2016-01-15 18:35:51.624,1.7,2016-01-15 19:30:00,2016-01-15 16:00:23.653
1.122613672,9629716,Olga Fridman,Olga Fridman v Elitsa Kostova,90,2016-01-15 18:59:02.732,1.92,2016-01-15 19:30:00,2016-01-15 16:00:23.653
1.122613672,9629716,Olga Fridman,Olga Fridman v Elitsa Kostova,100,2016-01-15 19:21:46.816,1.69,2016-01-15 19:30:00,2016-01-15 16:00:23.653
1.122613673,2263536,Mikhail Youzhny,Youzhny v Ja Jung,0,2016-01-15 14:49:17.545,1.16,2016-01-16 04:45:00,
1.122613673,2263536,Mikhail Youzhny,Youzhny v Ja Jung,10,2016-01-16 01:03:19.942,1.17,2016-01-16 04:45:00,
1.122613673,2263536,Mikhail Youzhny,Youzhny v Ja Jung,20,2016-01-16 02:45:03.624,1.18,2016-01-16 04:45:00,
1.122613673,2263536,Mikhail Youzhny,Youzhny v Ja Jung,30,2016-01-16 03:02:32.833,1.16,2016-01-16 04:45:00,
1.122613673,2263536,Mikhail Youzhny,Youzhny v Ja Jung,40,2016-01-16 04:25:42.319,1.16,2016-01-16 04:45:00,
1.122613673,2263536,Mikhail Youzhny,Youzhny v Ja Jung,50,2016-01-16 04:30:36.511,1.17,2016-01-16 04:45:00,
1.122613673,2263536,Mikhail Youzhny,Youzhny v Ja Jung,60,2016-01-16 04:35:20.708,1.16,2016-01-16 04:45:00,
1.122613673,2263536,Mikhail Youzhny,Youzhny v Ja Jung,70,2016-01-16 04:39:43.148,1.14,2016-01-16 04:45:00,2016-01-16 04:38:43.296
1.122613673,2263536,Mikhail Youzhny,Youzhny v Ja Jung,80,2016-01-16 04:40:40.526,1.15,2016-01-16 04:45:00,2016-01-16 04:38:43.296
1.122613673,2263536,Mikhail Youzhny,Youzhny v Ja Jung,90,2016-01-16 04:42:43.340,1.16,2016-01-16 04:45:00,2016-01-16 04:38:43.296
1.122613673,2263536,Mikhail Youzhny,Youzhny v Ja Jung,100,2016-01-16 04:44:43.043,1.07,2016-01-16 04:45:00,2016-01-16 04:38:43.296
1.122635733,8659524,Daniel Masur,Petr Michnev v Daniel Masur,0,2016-01-16 07:22:10.402,1.47,2016-01-16 12:00:00,
1.122635733,8659524,Daniel Masur,Petr Michnev v Daniel Masur,10,2016-01-16 11:00:51.874,1.56,2016-01-16 12:00:00,
1.122635733,8659524,Daniel Masur,Petr Michnev v Daniel Masur,20,2016-01-16 11:29:15.431,1.75,2016-01-16 12:00:00,
1.122635733,8659524,Daniel Masur,Petr Michnev v Daniel Masur,30,2016-01-16 11:31:53.538,1.84,2016-01-16 12:00:00,
1.122635733,8659524,Daniel Masur,Petr Michnev v Daniel Masur,40,2016-01-16 11:46:16.467,1.86,2016-01-16 12:00:00,
1.122635733,8659524,Daniel Masur,Petr Michnev v Daniel Masur,50,2016-01-16 11:48:04.330,1.84,2016-01-16 12:00:00,
1.122635733,8659524,Daniel Masur,Petr Michnev v Daniel Masur,60,2016-01-16 11:50:05.742,1.54,2016-01-16 12:00:00,
1.122635733,8659524,Daniel Masur,Petr Michnev v Daniel Masur,70,2016-01-16 11:51:04.288,1.46,2016-01-16 12:00:00,
1.122635733,8659524,Daniel Masur,Petr Michnev v Daniel Masur,80,2016-01-16 11:56:16.337,1.6,2016-01-16 12:00:00,
1.122635733,8659524,Daniel Masur,Petr Michnev v Daniel Masur,90,2016-01-16 11:57:15.551,1.46,2016-01-16 12:00:00,
1.122635733,8659524,Daniel Masur,Petr Michnev v Daniel Masur,100,2016-01-16 11:59:16.181,1.5,2016-01-16 12:00:00,
1.122636453,2301068,Rogerio Dutra Silva,Bagnis v Dutra Silva,0,2016-01-16 08:45:25.382,1.81,2016-01-16 19:00:00,
1.122636453,2301068,Rogerio Dutra Silva,Bagnis v Dutra Silva,10,2016-01-16 10:36:03.737,1.75,2016-01-16 19:00:00,
1.122636453,2301068,Rogerio Dutra Silva,Bagnis v Dutra Silva,20,2016-01-16 11:48:03.733,1.79,2016-01-16 19:00:00,
1.122636453,2301068,Rogerio Dutra Silva,Bagnis v Dutra Silva,30,2016-01-16 16:02:03.815,1.88,2016-01-16 19:00:00,
1.122636453,2301068,Rogerio Dutra Silva,Bagnis v Dutra Silva,40,2016-01-16 17:14:02.319,1.81,2016-01-16 19:00:00,
1.122636453,2301068,Rogerio Dutra Silva,Bagnis v Dutra Silva,50,2016-01-16 18:07:02.781,1.92,2016-01-16 19:00:00,
1.122636453,2301068,Rogerio Dutra Silva,Bagnis v Dutra Silva,60,2016-01-16 18:11:36.685,1.85,2016-01-16 19:00:00,
1.122636453,2301068,Rogerio Dutra Silva,Bagnis v Dutra Silva,70,2016-01-16 18:25:49.288,1.91,2016-01-16 19:00:00,
1.122636453,2301068,Rogerio Dutra Silva,Bagnis v Dutra Silva,80,2016-01-16 18:45:58.679,1.76,2016-01-16 19:00:00,
1.122636453,2301068,Rogerio Dutra Silva,Bagnis v Dutra Silva,90,2016-01-16 18:54:56.873,1.77,2016-01-16 19:00:00,
1.122636453,2301068,Rogerio Dutra Silva,Bagnis v Dutra Silva,100,2016-01-16 19:03:49.683,1.75,2016-01-16 19:04:00,
1.122636453,4520808,Facundo Bagnis,Bagnis v Dutra Silva,0,2016-01-16 10:36:03.737,2.32,2016-01-16 19:00:00,
1.122636453,4520808,Facundo Bagnis,Bagnis v Dutra Silva,10,2016-01-16 10:59:47.949,2.34,2016-01-16 19:00:00,
1.122636453,4520808,Facundo Bagnis,Bagnis v Dutra Silva,20,2016-01-16 11:48:03.733,2.26,2016-01-16 19:00:00,
1.122636453,4520808,Facundo Bagnis,Bagnis v Dutra Silva,30,2016-01-16 15:56:50.553,2.16,2016-01-16 19:00:00,
1.122636453,4520808,Facundo Bagnis,Bagnis v Dutra Silva,40,2016-01-16 16:49:36.669,2.1,2016-01-16 19:00:00,
1.122636453,4520808,Facundo Bagnis,Bagnis v Dutra Silva,50,2016-01-16 18:07:02.781,2.08,2016-01-16 19:00:00,
1.122636453,4520808,Facundo Bagnis,Bagnis v Dutra Silva,60,2016-01-16 18:07:51.174,2.06,2016-01-16 19:00:00,
1.122636453,4520808,Facundo Bagnis,Bagnis v Dutra Silva,70,2016-01-16 18:25:03.177,2.1,2016-01-16 19:00:00,
1.122636453,4520808,Facundo Bagnis,Bagnis v Dutra Silva,80,2016-01-16 18:53:03.540,2.34,2016-01-16 19:00:00,
1.122636453,4520808,Facundo Bagnis,Bagnis v Dutra Silva,90,2016-01-16 18:54:01.502,2.26,2016-01-16 19:00:00,
1.122636453,4520808,Facundo Bagnis,Bagnis v Dutra Silva,100,2016-01-16 19:03:49.683,2.32,2016-01-16 19:04:00,
1.122636512,7287672,Arthur De Greef,Kicker v De Greef,0,2016-01-16 08:34:05.010,2.1,2016-01-16 20:45:00,
1.122636512,7287672,Arthur De Greef,Kicker v De Greef,10,2016-01-16 11:10:34.818,2.36,2016-01-16 20:45:00,
1.122636512,7287672,Arthur De Greef,Kicker v De Greef,20,2016-01-16 16:15:34.710,2.16,2016-01-16 20:45:00,
1.122636512,7287672,Arthur De Greef,Kicker v De Greef,30,2016-01-16 17:02:36.843,2.3,2016-01-16 20:45:00,
1.122636512,7287672,Arthur De Greef,Kicker v De Greef,40,2016-01-16 19:30:41.472,2.46,2016-01-16 20:45:00,
1.122636512,7287672,Arthur De Greef,Kicker v De Greef,50,2016-01-16 19:32:51.423,2.48,2016-01-16 20:45:00,
1.122636512,7287672,Arthur De Greef,Kicker v De Greef,60,2016-01-16 20:36:54.143,2.74,2016-01-16 20:45:00,
1.122636512,7287672,Arthur De Greef,Kicker v De Greef,70,2016-01-16 20:44:45.974,2.46,2016-01-16 20:45:00,
1.122636512,7287672,Arthur De Greef,Kicker v De Greef,80,2016-01-16 21:08:58.192,2.56,2016-01-16 21:14:00,
1.122636512,7287672,Arthur De Greef,Kicker v De Greef,90,2016-01-16 21:10:58.031,2.58,2016-01-16 21:14:00,
1.122636512,7287672,Arthur De Greef,Kicker v De Greef,100,2016-01-16 21:13:58.181,2.48,2016-01-16 21:14:00,
1.122636512,8326744,Nicolas Kicker,Kicker v De Greef,0,2016-01-16 08:06:09.679,1.73,2016-01-16 20:45:00,
1.122636512,8326744,Nicolas Kicker,Kicker v De Greef,10,2016-01-16 15:18:20.426,1.76,2016-01-16 20:45:00,
1.122636512,8326744,Nicolas Kicker,Kicker v De Greef,20,2016-01-16 17:35:36.812,1.76,2016-01-16 20:45:00,
1.122636512,8326744,Nicolas Kicker,Kicker v De Greef,30,2016-01-16 18:54:50.671,1.75,2016-01-16 20:45:00,
1.122636512,8326744,Nicolas Kicker,Kicker v De Greef,40,2016-01-16 19:28:52.094,1.7,2016-01-16 20:45:00,
1.122636512,8326744,Nicolas Kicker,Kicker v De Greef,50,2016-01-16 19:32:51.423,1.67,2016-01-16 20:45:00,
1.122636512,8326744,Nicolas Kicker,Kicker v De Greef,60,2016-01-16 20:02:55.706,1.67,2016-01-16 20:45:00,
1.122636512,8326744,Nicolas Kicker,Kicker v De Greef,70,2016-01-16 20:36:54.143,1.59,2016-01-16 20:45:00,
1.122636512,8326744,Nicolas Kicker,Kicker v De Greef,80,2016-01-16 20:44:45.974,1.59,2016-01-16 20:45:00,
1.122636512,8326744,Nicolas Kicker,Kicker v De Greef,90,2016-01-16 21:10:58.031,1.63,2016-01-16 21:14:00,
1.122636512,8326744,Nicolas Kicker,Kicker v De Greef,100,2016-01-16 21:13:58.181,1.67,2016-01-16 21:14:00,
1.122636775,10707078,Bagnis/Gonzalez,Galdos/Lindell v Bagnis/Gonzalez,0,2016-01-16 09:20:08.357,1.6,2016-01-16 22:30:00,
1.122636775,10707078,Bagnis/Gonzalez,Galdos/Lindell v Bagnis/Gonzalez,10,2016-01-16 11:24:30.672,1.66,2016-01-16 22:30:00,
1.122636775,10707078,Bagnis/Gonzalez,Galdos/Lindell v Bagnis/Gonzalez,20,2016-01-16 11:25:56.015,1.46,2016-01-16 22:30:00,
1.122636775,10707078,Bagnis/Gonzalez,Galdos/Lindell v Bagnis/Gonzalez,30,2016-01-16 13:29:44.032,1.45,2016-01-16 22:30:00,
1.122636775,10707078,Bagnis/Gonzalez,Galdos/Lindell v Bagnis/Gonzalez,40,2016-01-16 17:35:07.330,1.44,2016-01-16 22:30:00,
1.122636775,10707078,Bagnis/Gonzalez,Galdos/Lindell v Bagnis/Gonzalez,50,2016-01-16 19:54:24.529,1.5,2016-01-16 22:30:00,
1.122636775,10707078,Bagnis/Gonzalez,Galdos/Lindell v Bagnis/Gonzalez,60,2016-01-16 21:56:21.766,1.6,2016-01-16 22:30:00,
1.122636775,10707078,Bagnis/Gonzalez,Galdos/Lindell v Bagnis/Gonzalez,70,2016-01-16 21:57:45.687,1.61,2016-01-16 22:30:00,
1.122636775,10707078,Bagnis/Gonzalez,Galdos/Lindell v Bagnis/Gonzalez,80,2016-01-16 22:29:54.745,1.63,2016-01-16 22:30:00,
1.122636775,10707078,Bagnis/Gonzalez,Galdos/Lindell v Bagnis/Gonzalez,90,2016-01-16 23:23:58.017,1.52,2016-01-16 23:28:00,
1.122636775,10707078,Bagnis/Gonzalez,Galdos/Lindell v Bagnis/Gonzalez,100,2016-01-16 23:26:58.559,1.57,2016-01-16 23:28:00,
1.122637045,9629716,Olga Fridman,Olga Fridman v Asia Muhammad,0,2016-01-16 11:19:40.658,1.71,2016-01-16 16:00:00,
1.122637045,9629716,Olga Fridman,Olga Fridman v Asia Muhammad,10,2016-01-16 13:29:19.286,1.74,2016-01-16 16:00:00,
1.122637045,9629716,Olga Fridman,Olga Fridman v Asia Muhammad,20,2016-01-16 14:20:39.231,1.43,2016-01-16 16:00:00,
1.122637045,9629716,Olga Fridman,Olga Fridman v Asia Muhammad,30,2016-01-16 14:33:01.551,1.59,2016-01-16 16:00:00,
1.122637045,9629716,Olga Fridman,Olga Fridman v Asia Muhammad,40,2016-01-16 16:00:11.961,1.6,2016-01-16 16:10:00,
1.122637045,9629716,Olga Fridman,Olga Fridman v Asia Muhammad,50,2016-01-16 16:09:12.494,1.59,2016-01-16 16:20:00,
1.122637045,9629716,Olga Fridman,Olga Fridman v Asia Muhammad,60,2016-01-16 16:17:10.905,1.59,2016-01-16 16:30:00,
1.122637045,9629716,Olga Fridman,Olga Fridman v Asia Muhammad,70,2016-01-16 16:18:10.953,1.51,2016-01-16 16:30:00,
1.122637045,9629716,Olga Fridman,Olga Fridman v Asia Muhammad,80,2016-01-16 16:29:39.750,1.46,2016-01-16 16:40:00,
1.122637045,9629716,Olga Fridman,Olga Fridman v Asia Muhammad,90,2016-01-16 16:33:11.527,1.5,2016-01-16 16:40:00,
1.122637045,9629716,Olga Fridman,Olga Fridman v Asia Muhammad,100,2016-01-16 16:39:06.265,1.38,2016-01-16 16:40:00,2016-01-16 16:35:09.958
1.122637118,3658467,Nikola Mektic,Garcia Dalisay v Mektic,0,2016-01-16 11:44:43.883,1.06,2016-01-17 05:45:00,
1.122637118,3658467,Nikola Mektic,Garcia Dalisay v Mektic,10,2016-01-16 19:04:44.872,1.06,2016-01-17 05:45:00,
1.122637118,3658467,Nikola Mektic,Garcia Dalisay v Mektic,20,2016-01-16 20:22:32.165,1.04,2016-01-17 05:45:00,
1.122637118,3658467,Nikola Mektic,Garcia Dalisay v Mektic,30,2016-01-16 23:53:01.169,1.04,2016-01-17 05:45:00,
1.122637118,3658467,Nikola Mektic,Garcia Dalisay v Mektic,40,2016-01-17 01:24:04.936,1.04,2016-01-17 05:45:00,
1.122637118,3658467,Nikola Mektic,Garcia Dalisay v Mektic,50,2016-01-17 04:05:47.129,1.02,2016-01-17 05:45:00,
1.122637118,3658467,Nikola Mektic,Garcia Dalisay v Mektic,60,2016-01-17 05:28:55.903,1.04,2016-01-17 05:45:00,2016-01-17 05:28:41.580
1.122637118,3658467,Nikola Mektic,Garcia Dalisay v Mektic,70,2016-01-17 05:32:27.771,1.04,2016-01-17 05:45:00,2016-01-17 05:28:41.580
1.122637118,3658467,Nikola Mektic,Garcia Dalisay v Mektic,80,2016-01-17 05:37:46.799,1.04,2016-01-17 05:45:00,2016-01-17 05:28:41.580
1.122637118,3658467,Nikola Mektic,Garcia Dalisay v Mektic,90,2016-01-17 05:40:38.405,1.05,2016-01-17 05:45:00,2016-01-17 05:28:41.580
1.122637118,3658467,Nikola Mektic,Garcia Dalisay v Mektic,100,2016-01-17 05:44:46.002,1.03,2016-01-17 05:45:00,2016-01-17 05:28:41.580
1.122637122,2263536,Mikhail Youzhny,Youzhny v Pavlasek,0,2016-01-16 17:00:29.409,1.13,2016-01-17 04:00:00,
1.122637122,2263536,Mikhail Youzhny,Youzhny v Pavlasek,10,2016-01-16 17:38:56.328,1.12,2016-01-17 04:00:00,
1.122637122,2263536,Mikhail Youzhny,Youzhny v Pavlasek,20,2016-01-16 19:43:22.396,1.2,2016-01-17 04:00:00,
1.122637122,2263536,Mikhail Youzhny,Youzhny v Pavlasek,30,2016-01-16 21:50:06.486,1.11,2016-01-17 04:00:00,
1.122637122,2263536,Mikhail Youzhny,Youzhny v Pavlasek,40,2016-01-17 00:26:50.163,1.12,2016-01-17 04:00:00,
1.122637122,2263536,Mikhail Youzhny,Youzhny v Pavlasek,50,2016-01-17 00:52:13.011,1.14,2016-01-17 04:00:00,
1.122637122,2263536,Mikhail Youzhny,Youzhny v Pavlasek,60,2016-01-17 01:42:14.663,1.16,2016-01-17 04:00:00,
1.122637122,2263536,Mikhail Youzhny,Youzhny v Pavlasek,70,2016-01-17 02:44:18.030,1.17,2016-01-17 04:00:00,
1.122637122,2263536,Mikhail Youzhny,Youzhny v Pavlasek,80,2016-01-17 03:30:07.772,1.12,2016-01-17 04:00:00,
1.122637122,2263536,Mikhail Youzhny,Youzhny v Pavlasek,90,2016-01-17 03:48:14.498,1.16,2016-01-17 04:00:00,
1.122637122,2263536,Mikhail Youzhny,Youzhny v Pavlasek,100,2016-01-17 03:58:17.050,1.15,2016-01-17 04:00:00,
1.122637122,8494652,Adam Pavlasek,Youzhny v Pavlasek,0,2016-01-16 17:05:13.905,6.6,2016-01-17 04:00:00,
1.122637122,8494652,Adam Pavlasek,Youzhny v Pavlasek,10,2016-01-16 19:43:15.849,6.4,2016-01-17 04:00:00,
1.122637122,8494652,Adam Pavlasek,Youzhny v Pavlasek,20,2016-01-16 19:43:22.396,6.2,2016-01-17 04:00:00,
1.122637122,8494652,Adam Pavlasek,Youzhny v Pavlasek,30,2016-01-16 23:17:03.884,9.8,2016-01-17 04:00:00,
1.122637122,8494652,Adam Pavlasek,Youzhny v Pavlasek,40,2016-01-16 23:31:59.040,10.5,2016-01-17 04:00:00,
1.122637122,8494652,Adam Pavlasek,Youzhny v Pavlasek,50,2016-01-17 00:15:45.587,7.2,2016-01-17 04:00:00,
1.122637122,8494652,Adam Pavlasek,Youzhny v Pavlasek,60,2016-01-17 02:44:18.030,6.8,2016-01-17 04:00:00,
1.122637122,8494652,Adam Pavlasek,Youzhny v Pavlasek,70,2016-01-17 02:57:18.682,7.0,2016-01-17 04:00:00,
1.122637122,8494652,Adam Pavlasek,Youzhny v Pavlasek,80,2016-01-17 03:30:07.772,9.2,2016-01-17 04:00:00,
1.122637122,8494652,Adam Pavlasek,Youzhny v Pavlasek,90,2016-01-17 03:41:43.241,7.4,2016-01-17 04:00:00,
1.122637122,8494652,Adam Pavlasek,Youzhny v Pavlasek,100,2016-01-17 03:58:17.050,7.6,2016-01-17 04:00:00,
1.122637221,7534093,Lorenzo Giustino,Giustino v Zhe Li,0,2016-01-17 18:06:22.289,1.75,2016-01-18 06:00:00,
1.122637221,7534093,Lorenzo Giustino,Giustino v Zhe Li,10,2016-01-17 21:41:49.010,1.72,2016-01-18 06:00:00,
1.122637221,7534093,Lorenzo Giustino,Giustino v Zhe Li,20,2016-01-17 21:47:01.862,1.71,2016-01-18 06:00:00,
1.122637221,7534093,Lorenzo Giustino,Giustino v Zhe Li,30,2016-01-17 23:13:00.175,1.76,2016-01-18 06:00:00,
1.122637221,7534093,Lorenzo Giustino,Giustino v Zhe Li,40,2016-01-17 23:33:59.751,1.77,2016-01-18 06:00:00,
1.122637221,7534093,Lorenzo Giustino,Giustino v Zhe Li,50,2016-01-17 23:51:53.250,1.78,2016-01-18 06:00:00,
1.122637221,7534093,Lorenzo Giustino,Giustino v Zhe Li,60,2016-01-18 02:25:00.593,1.79,2016-01-18 06:00:00,
1.122637221,7534093,Lorenzo Giustino,Giustino v Zhe Li,70,2016-01-18 02:25:12.934,1.78,2016-01-18 06:00:00,
1.122637221,7534093,Lorenzo Giustino,Giustino v Zhe Li,80,2016-01-18 05:14:56.671,1.79,2016-01-18 06:00:00,
1.122637221,7534093,Lorenzo Giustino,Giustino v Zhe Li,90,2016-01-18 05:37:02.644,1.8,2016-01-18 06:00:00,
1.122637221,7534093,Lorenzo Giustino,Giustino v Zhe Li,100,2016-01-18 05:52:52.451,1.86,2016-01-18 06:00:00,
1.122637225,5822663,Amir Weintraub,Weintraub v Alcantara,0,2016-01-17 19:23:34.628,1.06,2016-01-19 04:00:00,
1.122637225,5822663,Amir Weintraub,Weintraub v Alcantara,10,2016-01-18 01:01:49.359,1.05,2016-01-19 04:00:00,
1.122637225,5822663,Amir Weintraub,Weintraub v Alcantara,20,2016-01-18 07:58:37.587,1.07,2016-01-19 04:00:00,
1.122637225,5822663,Amir Weintraub,Weintraub v Alcantara,30,2016-01-18 08:25:31.858,1.12,2016-01-19 04:00:00,
1.122637225,5822663,Amir Weintraub,Weintraub v Alcantara,40,2016-01-18 16:09:45.582,1.05,2016-01-19 06:00:00,
1.122637225,5822663,Amir Weintraub,Weintraub v Alcantara,50,2016-01-18 19:10:33.314,1.07,2016-01-19 06:00:00,
1.122637225,5822663,Amir Weintraub,Weintraub v Alcantara,60,2016-01-18 23:34:12.242,1.06,2016-01-19 06:00:00,
1.122637225,5822663,Amir Weintraub,Weintraub v Alcantara,70,2016-01-19 01:21:01.270,1.07,2016-01-19 06:00:00,
1.122637225,5822663,Amir Weintraub,Weintraub v Alcantara,80,2016-01-19 05:09:39.330,1.06,2016-01-19 06:00:00,
1.122637225,5822663,Amir Weintraub,Weintraub v Alcantara,90,2016-01-19 05:31:45.706,1.04,2016-01-19 06:00:00,
1.122637225,5822663,Amir Weintraub,Weintraub v Alcantara,100,2016-01-19 05:57:54.367,1.07,2016-01-19 06:00:00,
1.122637229,5858055,Hiroki Moriya,Du Lee v Moriya,0,2016-01-17 17:24:46.962,1.95,2016-01-18 06:00:00,
1.122637229,5858055,Hiroki Moriya,Du Lee v Moriya,10,2016-01-17 17:26:08.152,1.93,2016-01-18 06:00:00,
1.122637229,5858055,Hiroki Moriya,Du Lee v Moriya,20,2016-01-17 21:07:56.374,1.93,2016-01-18 06:00:00,
1.122637229,5858055,Hiroki Moriya,Du Lee v Moriya,30,2016-01-18 02:24:41.487,1.91,2016-01-18 06:00:00,
1.122637229,5858055,Hiroki Moriya,Du Lee v Moriya,40,2016-01-18 04:32:07.047,2.0,2016-01-18 06:00:00,
1.122637229,5858055,Hiroki Moriya,Du Lee v Moriya,50,2016-01-18 05:56:07.119,1.92,2016-01-18 06:00:00,
1.122637229,5858055,Hiroki Moriya,Du Lee v Moriya,60,2016-01-18 11:38:58.807,1.77,2016-01-18 11:45:00,2016-01-18 07:40:57.843
1.122637229,5858055,Hiroki Moriya,Du Lee v Moriya,70,2016-01-18 11:40:09.392,1.86,2016-01-18 11:48:00,2016-01-18 07:40:57.843
1.122637229,5858055,Hiroki Moriya,Du Lee v Moriya,80,2016-01-18 11:42:08.239,1.81,2016-01-18 11:48:00,2016-01-18 07:40:57.843
1.122637229,5858055,Hiroki Moriya,Du Lee v Moriya,90,2016-01-18 11:45:09.052,1.84,2016-01-18 11:48:00,2016-01-18 07:40:57.843
1.122637229,5858055,Hiroki Moriya,Du Lee v Moriya,100,2016-01-18 11:47:10.398,1.7,2016-01-18 11:48:00,2016-01-18 07:40:57.843
1.122637237,2370190,Igor Sijsling,Sijsling v Gonzales,0,2016-01-17 14:59:50.130,1.11,2016-01-18 04:00:00,
1.122637237,2370190,Igor Sijsling,Sijsling v Gonzales,10,2016-01-18 01:01:13.297,1.08,2016-01-19 04:00:00,
1.122637237,2370190,Igor Sijsling,Sijsling v Gonzales,20,2016-01-18 16:28:29.530,1.13,2016-01-19 10:30:00,
1.122637237,2370190,Igor Sijsling,Sijsling v Gonzales,30,2016-01-18 19:04:28.088,1.07,2016-01-19 10:30:00,
1.122637237,2370190,Igor Sijsling,Sijsling v Gonzales,40,2016-01-19 03:59:09.650,1.07,2016-01-19 10:30:00,
1.122637237,2370190,Igor Sijsling,Sijsling v Gonzales,50,2016-01-19 08:36:06.853,1.09,2016-01-19 10:30:00,
1.122637237,2370190,Igor Sijsling,Sijsling v Gonzales,60,2016-01-19 09:41:17.360,1.08,2016-01-19 10:30:00,
1.122637237,2370190,Igor Sijsling,Sijsling v Gonzales,70,2016-01-19 10:04:13.344,1.08,2016-01-19 10:30:00,
1.122637237,2370190,Igor Sijsling,Sijsling v Gonzales,80,2016-01-19 10:18:57.461,1.1,2016-01-19 10:30:00,
1.122637237,2370190,Igor Sijsling,Sijsling v Gonzales,90,2016-01-19 10:23:17.551,1.08,2016-01-19 10:30:00,
1.122637237,2370190,Igor Sijsling,Sijsling v Gonzales,100,2016-01-19 10:32:20.148,1.08,2016-01-19 10:35:00,
1.122637241,2263536,Mikhail Youzhny,Ja Jung v Youzhny,0,2016-01-17 15:00:18.968,1.1,2016-01-18 04:00:00,
1.122637241,2263536,Mikhail Youzhny,Ja Jung v Youzhny,10,2016-01-18 05:30:19.961,1.16,2016-01-19 04:00:00,
1.122637241,2263536,Mikhail Youzhny,Ja Jung v Youzhny,20,2016-01-18 07:57:45.813,1.15,2016-01-19 04:00:00,
1.122637241,2263536,Mikhail Youzhny,Ja Jung v Youzhny,30,2016-01-18 22:56:15.511,1.08,2016-01-19 08:00:00,
1.122637241,2263536,Mikhail Youzhny,Ja Jung v Youzhny,40,2016-01-19 03:59:04.115,1.1,2016-01-19 08:00:00,
1.122637241,2263536,Mikhail Youzhny,Ja Jung v Youzhny,50,2016-01-19 07:10:12.499,1.09,2016-01-19 08:00:00,
1.122637241,2263536,Mikhail Youzhny,Ja Jung v Youzhny,60,2016-01-19 07:24:10.375,1.08,2016-01-19 08:00:00,
1.122637241,2263536,Mikhail Youzhny,Ja Jung v Youzhny,70,2016-01-19 07:25:49.243,1.09,2016-01-19 08:00:00,
1.122637241,2263536,Mikhail Youzhny,Ja Jung v Youzhny,80,2016-01-19 07:53:18.236,1.09,2016-01-19 08:00:00,
1.122637241,2263536,Mikhail Youzhny,Ja Jung v Youzhny,90,2016-01-19 07:54:03.822,1.08,2016-01-19 08:00:00,
1.122637241,2263536,Mikhail Youzhny,Ja Jung v Youzhny,100,2016-01-19 07:56:00.956,1.08,2016-01-19 08:00:00,
1.122637245,7797772,Egor Gerasimov,Gerasimov v Y Mertens,0,2016-01-17 09:07:00.325,2.6,2016-01-18 04:00:00,
1.122637245,7797772,Egor Gerasimov,Gerasimov v Y Mertens,10,2016-01-17 09:12:26.725,2.52,2016-01-18 04:00:00,
1.122637245,7797772,Egor Gerasimov,Gerasimov v Y Mertens,20,2016-01-17 12:13:28.667,1.61,2016-01-18 04:00:00,
1.122637245,7797772,Egor Gerasimov,Gerasimov v Y Mertens,30,2016-01-17 12:17:33.006,1.56,2016-01-18 04:00:00,
1.122637245,7797772,Egor Gerasimov,Gerasimov v Y Mertens,40,2016-01-18 19:57:30.840,1.57,2016-01-19 04:45:00,
1.122637245,7797772,Egor Gerasimov,Gerasimov v Y Mertens,50,2016-01-18 23:23:31.755,1.53,2016-01-19 04:45:00,
1.122637245,7797772,Egor Gerasimov,Gerasimov v Y Mertens,60,2016-01-19 01:19:29.769,1.57,2016-01-19 04:45:00,
1.122637245,7797772,Egor Gerasimov,Gerasimov v Y Mertens,70,2016-01-19 02:39:24.602,1.5,2016-01-19 04:45:00,
1.122637245,7797772,Egor Gerasimov,Gerasimov v Y Mertens,80,2016-01-19 03:28:28.939,1.51,2016-01-19 04:45:00,
1.122637245,7797772,Egor Gerasimov,Gerasimov v Y Mertens,90,2016-01-19 03:34:27.427,1.5,2016-01-19 04:45:00,
1.122637245,7797772,Egor Gerasimov,Gerasimov v Y Mertens,100,2016-01-19 04:36:45.307,1.5,2016-01-19 04:45:00,
1.12264023,5304142,Guilherme Clezar,Lapentti v Clezar,0,2016-01-18 12:38:46.354,1.49,2016-01-18 21:00:00,
1.12264023,5304142,Guilherme Clezar,Lapentti v Clezar,10,2016-01-18 13:40:34.205,1.47,2016-01-18 21:00:00,
1.12264023,5304142,Guilherme Clezar,Lapentti v Clezar,20,2016-01-18 17:25:44.349,1.41,2016-01-18 21:00:00,
1.12264023,5304142,Guilherme Clezar,Lapentti v Clezar,30,2016-01-18 17:28:38.702,1.39,2016-01-18 21:00:00,
1.12264023,5304142,Guilherme Clezar,Lapentti v Clezar,40,2016-01-18 18:25:03.927,1.39,2016-01-18 21:00:00,
1.12264023,5304142,Guilherme Clezar,Lapentti v Clezar,50,2016-01-18 19:30:00.460,1.4,2016-01-18 21:00:00,
1.12264023,5304142,Guilherme Clezar,Lapentti v Clezar,60,2016-01-18 20:48:59.837,1.4,2016-01-18 21:00:00,
1.12264023,5304142,Guilherme Clezar,Lapentti v Clezar,70,2016-01-18 20:54:09.524,1.4,2016-01-18 21:00:00,
1.12264023,5304142,Guilherme Clezar,Lapentti v Clezar,80,2016-01-18 20:58:11.363,1.42,2016-01-18 21:00:00,
1.12264023,5304142,Guilherme Clezar,Lapentti v Clezar,90,2016-01-18 21:19:03.818,1.44,2016-01-18 21:23:00,
1.12264023,5304142,Guilherme Clezar,Lapentti v Clezar,100,2016-01-18 21:20:41.417,1.42,2016-01-18 21:23:00,
1.122640234,2301068,Rogerio Dutra Silva,Dutra Silva v De Greef,0,2016-01-19 08:09:48.271,1.45,2016-01-19 15:30:00,
1.122640234,2301068,Rogerio Dutra Silva,Dutra Silva v De Greef,10,2016-01-19 09:38:13.614,1.42,2016-01-19 15:30:00,
1.122640234,2301068,Rogerio Dutra Silva,Dutra Silva v De Greef,20,2016-01-19 10:27:12.939,1.42,2016-01-19 15:30:00,
1.122640234,2301068,Rogerio Dutra Silva,Dutra Silva v De Greef,30,2016-01-19 11:19:10.567,1.45,2016-01-19 17:00:00,
1.122640234,2301068,Rogerio Dutra Silva,Dutra Silva v De Greef,40,2016-01-19 11:54:58.235,1.45,2016-01-19 17:00:00,
1.122640234,2301068,Rogerio Dutra Silva,Dutra Silva v De Greef,50,2016-01-19 12:45:07.370,1.42,2016-01-19 17:00:00,
1.122640234,2301068,Rogerio Dutra Silva,Dutra Silva v De Greef,60,2016-01-19 13:34:46.086,1.42,2016-01-19 17:00:00,
1.122640234,2301068,Rogerio Dutra Silva,Dutra Silva v De Greef,70,2016-01-19 14:17:10.731,1.41,2016-01-19 17:00:00,
1.122640234,2301068,Rogerio Dutra Silva,Dutra Silva v De Greef,80,2016-01-19 14:53:05.154,1.46,2016-01-19 19:45:00,
1.122640234,2301068,Rogerio Dutra Silva,Dutra Silva v De Greef,90,2016-01-19 18:05:13.514,1.38,2016-01-19 19:45:00,
1.122640234,2301068,Rogerio Dutra Silva,Dutra Silva v De Greef,100,2016-01-20 17:59:08.574,1.38,2016-01-20 18:00:00,
1.122640234,7287672,Arthur De Greef,Dutra Silva v De Greef,0,2016-01-19 08:36:10.764,3.35,2016-01-19 15:30:00,
1.122640234,7287672,Arthur De Greef,Dutra Silva v De Greef,10,2016-01-19 13:48:45.015,3.2,2016-01-19 17:00:00,
1.122640234,7287672,Arthur De Greef,Dutra Silva v De Greef,20,2016-01-19 14:00:13.148,3.35,2016-01-19 17:00:00,
1.122640234,7287672,Arthur De Greef,Dutra Silva v De Greef,30,2016-01-19 14:37:53.769,3.2,2016-01-19 19:45:00,
1.122640234,7287672,Arthur De Greef,Dutra Silva v De Greef,40,2016-01-20 12:22:13.474,3.75,2016-01-20 15:15:00,
1.122640234,7287672,Arthur De Greef,Dutra Silva v De Greef,50,2016-01-20 13:15:57.521,3.6,2016-01-20 15:15:00,
1.122640234,7287672,Arthur De Greef,Dutra Silva v De Greef,60,2016-01-20 13:51:47.796,3.8,2016-01-20 15:15:00,
1.122640234,7287672,Arthur De Greef,Dutra Silva v De Greef,70,2016-01-20 14:47:11.880,3.35,2016-01-20 15:15:00,
1.122640234,7287672,Arthur De Greef,Dutra Silva v De Greef,80,2016-01-20 17:53:58.739,3.45,2016-01-20 18:00:00,
1.122640234,7287672,Arthur De Greef,Dutra Silva v De Greef,90,2016-01-20 17:56:10.643,3.35,2016-01-20 18:00:00,
1.122640234,7287672,Arthur De Greef,Dutra Silva v De Greef,100,2016-01-20 17:59:08.574,3.65,2016-01-20 18:00:00,
1.122640238,2923174,Gastao Elias,G Elias v J Eysseric,0,2016-01-18 15:38:15.654,1.41,2016-01-19 14:00:00,
1.122640238,2923174,Gastao Elias,G Elias v J Eysseric,10,2016-01-18 17:18:58.275,1.38,2016-01-19 14:00:00,
1.122640238,2923174,Gastao Elias,G Elias v J Eysseric,20,2016-01-18 19:13:15.807,1.38,2016-01-19 14:00:00,
1.122640238,2923174,Gastao Elias,G Elias v J Eysseric,30,2016-01-18 21:13:02.765,1.4,2016-01-19 14:00:00,
1.122640238,2923174,Gastao Elias,G Elias v J Eysseric,40,2016-01-18 22:56:17.197,1.3,2016-01-19 13:45:00,
1.122640238,2923174,Gastao Elias,G Elias v J Eysseric,50,2016-01-19 00:38:09.181,1.4,2016-01-19 13:45:00,
1.122640238,2923174,Gastao Elias,G Elias v J Eysseric,60,2016-01-19 02:16:15.346,1.3,2016-01-19 13:45:00,
1.122640238,2923174,Gastao Elias,G Elias v J Eysseric,70,2016-01-19 04:07:37.343,1.3,2016-01-19 13:45:00,
1.122640238,2923174,Gastao Elias,G Elias v J Eysseric,80,2016-01-19 06:00:35.887,1.3,2016-01-19 13:45:00,
1.122640238,2923174,Gastao Elias,G Elias v J Eysseric,90,2016-01-19 07:18:56.246,1.3,2016-01-19 13:45:00,
1.122640238,2923174,Gastao Elias,G Elias v J Eysseric,100,2016-01-20 18:29:04.395,1.32,2016-01-20 18:30:00,
1.12264025,4843189,Christian Lindell,Lindell v W Leite,0,2016-01-19 13:15:57.815,1.31,2016-01-19 18:45:00,
1.12264025,4843189,Christian Lindell,Lindell v W Leite,10,2016-01-20 08:28:02.182,1.35,2016-01-20 15:30:00,
1.12264025,4843189,Christian Lindell,Lindell v W Leite,20,2016-01-20 09:15:16.248,1.35,2016-01-20 15:30:00,
1.12264025,4843189,Christian Lindell,Lindell v W Leite,30,2016-01-20 10:14:47.346,1.35,2016-01-20 15:30:00,
1.12264025,4843189,Christian Lindell,Lindell v W Leite,40,2016-01-20 10:59:05.639,1.36,2016-01-20 15:30:00,
1.12264025,4843189,Christian Lindell,Lindell v W Leite,50,2016-01-20 11:26:05.288,1.36,2016-01-20 15:30:00,
1.12264025,4843189,Christian Lindell,Lindell v W Leite,60,2016-01-20 12:00:20.386,1.36,2016-01-20 15:30:00,
1.12264025,4843189,Christian Lindell,Lindell v W Leite,70,2016-01-20 12:40:53.235,1.31,2016-01-20 15:30:00,
1.12264025,4843189,Christian Lindell,Lindell v W Leite,80,2016-01-20 13:21:03.425,1.31,2016-01-20 15:30:00,
1.12264025,4843189,Christian Lindell,Lindell v W Leite,90,2016-01-20 14:05:18.762,1.33,2016-01-20 15:30:00,
1.12264025,4843189,Christian Lindell,Lindell v W Leite,100,2016-01-20 23:06:13.937,1.34,2016-01-20 23:07:00,
1.12264025,7444854,Wilson Leite,Lindell v W Leite,0,2016-01-19 13:51:52.741,3.95,2016-01-19 18:45:00,
1.12264025,7444854,Wilson Leite,Lindell v W Leite,10,2016-01-20 04:49:14.048,3.9,2016-01-20 15:30:00,
1.12264025,7444854,Wilson Leite,Lindell v W Leite,20,2016-01-20 10:47:20.142,3.8,2016-01-20 15:30:00,
1.12264025,7444854,Wilson Leite,Lindell v W Leite,30,2016-01-20 13:43:03.055,3.65,2016-01-20 15:30:00,
1.12264025,7444854,Wilson Leite,Lindell v W Leite,40,2016-01-20 14:38:11.234,3.8,2016-01-20 15:30:00,
1.12264025,7444854,Wilson Leite,Lindell v W Leite,50,2016-01-20 16:01:58.433,3.9,2016-01-20 20:00:00,
1.12264025,7444854,Wilson Leite,Lindell v W Leite,60,2016-01-20 16:18:56.306,3.8,2016-01-20 20:00:00,
1.12264025,7444854,Wilson Leite,Lindell v W Leite,70,2016-01-20 17:19:17.098,3.9,2016-01-20 20:00:00,
1.12264025,7444854,Wilson Leite,Lindell v W Leite,80,2016-01-20 17:22:45.831,3.8,2016-01-20 20:00:00,
1.12264025,7444854,Wilson Leite,Lindell v W Leite,90,2016-01-20 19:35:33.498,4.1,2016-01-20 20:00:00,
1.12264025,7444854,Wilson Leite,Lindell v W Leite,100,2016-01-20 23:06:13.937,3.7,2016-01-20 23:07:00,
1.122640262,4520808,Facundo Bagnis,M Arevalo v Bagnis,0,2016-01-19 13:20:20.590,1.24,2016-01-19 20:00:00,
1.122640262,4520808,Facundo Bagnis,M Arevalo v Bagnis,10,2016-01-19 13:21:07.678,1.22,2016-01-19 20:00:00,
1.122640262,4520808,Facundo Bagnis,M Arevalo v Bagnis,20,2016-01-19 17:31:28.168,1.24,2016-01-19 20:00:00,
1.122640262,4520808,Facundo Bagnis,M Arevalo v Bagnis,30,2016-01-20 04:49:20.581,1.26,2016-01-20 15:30:00,
1.122640262,4520808,Facundo Bagnis,M Arevalo v Bagnis,40,2016-01-20 06:30:53.405,1.25,2016-01-20 15:30:00,
1.122640262,4520808,Facundo Bagnis,M Arevalo v Bagnis,50,2016-01-20 14:15:26.105,1.21,2016-01-20 15:30:00,
1.122640262,4520808,Facundo Bagnis,M Arevalo v Bagnis,60,2016-01-20 17:28:45.876,1.25,2016-01-20 20:00:00,
1.122640262,4520808,Facundo Bagnis,M Arevalo v Bagnis,70,2016-01-20 19:24:16.637,1.24,2016-01-20 20:00:00,
1.122640262,4520808,Facundo Bagnis,M Arevalo v Bagnis,80,2016-01-20 19:55:29.825,1.24,2016-01-20 20:00:00,
1.122640262,4520808,Facundo Bagnis,M Arevalo v Bagnis,90,2016-01-20 22:01:29.505,1.23,2016-01-20 22:08:00,
1.122640262,4520808,Facundo Bagnis,M Arevalo v Bagnis,100,2016-01-20 22:06:28.961,1.23,2016-01-20 22:08:00,
1.122640266,7444842,Carlos Eduardo Severino,Severino v Sakamoto,0,2016-01-18 09:13:39.440,1.63,2016-01-18 16:00:00,
1.122640266,7444842,Carlos Eduardo Severino,Severino v Sakamoto,10,2016-01-18 11:58:37.848,1.71,2016-01-18 16:00:00,
1.122640266,7444842,Carlos Eduardo Severino,Severino v Sakamoto,20,2016-01-18 12:31:49.520,1.63,2016-01-18 16:00:00,
1.122640266,7444842,Carlos Eduardo Severino,Severino v Sakamoto,30,2016-01-18 14:33:26.649,1.7,2016-01-18 16:00:00,
1.122640266,7444842,Carlos Eduardo Severino,Severino v Sakamoto,40,2016-01-18 14:39:56.837,1.72,2016-01-18 16:00:00,
1.122640266,7444842,Carlos Eduardo Severino,Severino v Sakamoto,50,2016-01-18 14:42:23.195,1.69,2016-01-18 16:00:00,
1.122640266,7444842,Carlos Eduardo Severino,Severino v Sakamoto,60,2016-01-18 15:47:30.450,1.71,2016-01-18 16:00:00,
1.122640266,7444842,Carlos Eduardo Severino,Severino v Sakamoto,70,2016-01-18 15:55:21.663,1.69,2016-01-18 16:00:00,
1.122640266,7444842,Carlos Eduardo Severino,Severino v Sakamoto,80,2016-01-18 15:57:30.384,1.68,2016-01-18 16:00:00,
1.122640266,7444842,Carlos Eduardo Severino,Severino v Sakamoto,90,2016-01-18 15:58:19.525,1.67,2016-01-18 16:00:00,
1.122640266,7444842,Carlos Eduardo Severino,Severino v Sakamoto,100,2016-01-18 16:00:07.799,1.68,2016-01-18 16:06:00,
1.122640278,2489416,Maximo Gonzalez,Ma Gonzalez v T Monteiro,0,2016-01-18 20:02:19.917,1.49,2016-01-19 14:00:00,
1.122640278,2489416,Maximo Gonzalez,Ma Gonzalez v T Monteiro,10,2016-01-19 14:24:26.762,1.54,2016-01-19 15:45:00,
1.122640278,2489416,Maximo Gonzalez,Ma Gonzalez v T Monteiro,20,2016-01-19 15:32:30.324,1.61,2016-01-19 18:00:00,
1.122640278,2489416,Maximo Gonzalez,Ma Gonzalez v T Monteiro,30,2016-01-19 17:22:27.424,1.56,2016-01-19 18:00:00,
1.122640278,2489416,Maximo Gonzalez,Ma Gonzalez v T Monteiro,40,2016-01-20 04:49:28.994,1.6,2016-01-20 12:00:00,
1.122640278,2489416,Maximo Gonzalez,Ma Gonzalez v T Monteiro,50,2016-01-20 11:43:29.876,1.57,2016-01-20 13:30:00,
1.122640278,2489416,Maximo Gonzalez,Ma Gonzalez v T Monteiro,60,2016-01-20 11:52:29.124,1.54,2016-01-20 13:30:00,
1.122640278,2489416,Maximo Gonzalez,Ma Gonzalez v T Monteiro,70,2016-01-20 13:03:29.890,1.5,2016-01-20 13:30:00,
1.122640278,2489416,Maximo Gonzalez,Ma Gonzalez v T Monteiro,80,2016-01-20 13:10:32.743,1.5,2016-01-20 13:30:00,
1.122640278,2489416,Maximo Gonzalez,Ma Gonzalez v T Monteiro,90,2016-01-20 13:19:42.726,1.47,2016-01-20 13:30:00,
1.122640278,2489416,Maximo Gonzalez,Ma Gonzalez v T Monteiro,100,2016-01-20 15:44:00.276,1.44,2016-01-20 15:48:00,
1.122640282,7185192,Roberto Carballes Baena,Michon v Carballes Baena,0,2016-01-18 09:22:53.542,1.43,2016-01-18 16:00:00,
1.122640282,7185192,Roberto Carballes Baena,Michon v Carballes Baena,10,2016-01-18 11:57:45.871,1.49,2016-01-18 16:00:00,
1.122640282,7185192,Roberto Carballes Baena,Michon v Carballes Baena,20,2016-01-18 12:31:41.355,1.43,2016-01-18 16:00:00,
1.122640282,7185192,Roberto Carballes Baena,Michon v Carballes Baena,30,2016-01-18 13:21:39.493,1.47,2016-01-18 16:00:00,
1.122640282,7185192,Roberto Carballes Baena,Michon v Carballes Baena,40,2016-01-18 15:10:35.392,1.4,2016-01-18 16:00:00,
1.122640282,7185192,Roberto Carballes Baena,Michon v Carballes Baena,50,2016-01-18 15:12:32.445,1.35,2016-01-18 16:00:00,
1.122640282,7185192,Roberto Carballes Baena,Michon v Carballes Baena,60,2016-01-18 15:13:35.109,1.34,2016-01-18 16:00:00,
1.122640282,7185192,Roberto Carballes Baena,Michon v Carballes Baena,70,2016-01-18 15:53:31.485,1.37,2016-01-18 16:00:00,
1.122640282,7185192,Roberto Carballes Baena,Michon v Carballes Baena,80,2016-01-18 15:55:24.101,1.39,2016-01-18 16:00:00,
1.122640282,7185192,Roberto Carballes Baena,Michon v Carballes Baena,90,2016-01-18 15:59:34.656,1.38,2016-01-18 16:00:00,
1.122640282,7185192,Roberto Carballes Baena,Michon v Carballes Baena,100,2016-01-18 16:37:25.452,1.37,2016-01-18 16:41:00,
1.122640294,4490590,Joao Souza,Souza v And Martin,0,2016-01-19 13:17:34.865,1.45,2016-01-19 21:00:00,
1.122640294,4490590,Joao Souza,Souza v And Martin,10,2016-01-19 17:34:27.589,1.4,2016-01-19 21:00:00,
1.122640294,4490590,Joao Souza,Souza v And Martin,20,2016-01-20 04:32:13.361,1.42,2016-01-20 20:00:00,
1.122640294,4490590,Joao Souza,Souza v And Martin,30,2016-01-20 04:49:50.614,1.44,2016-01-20 20:00:00,
1.122640294,4490590,Joao Souza,Souza v And Martin,40,2016-01-20 05:43:02.298,1.48,2016-01-20 20:00:00,
1.122640294,4490590,Joao Souza,Souza v And Martin,50,2016-01-20 18:53:11.174,1.5,2016-01-20 21:00:00,
1.122640294,4490590,Joao Souza,Souza v And Martin,60,2016-01-20 19:45:44.193,1.5,2016-01-20 21:00:00,
1.122640294,4490590,Joao Souza,Souza v And Martin,70,2016-01-20 20:40:20.132,1.59,2016-01-20 21:00:00,
1.122640294,4490590,Joao Souza,Souza v And Martin,80,2016-01-20 20:59:45.021,1.52,2016-01-20 21:00:00,
1.122640294,4490590,Joao Souza,Souza v And Martin,90,2016-01-20 23:36:42.905,1.5,2016-01-20 23:42:00,
1.122640294,4490590,Joao Souza,Souza v And Martin,100,2016-01-20 23:39:38.931,1.49,2016-01-20 23:42:00,
1.122640294,5071877,Andrej Martin,Souza v And Martin,0,2016-01-19 09:38:18.750,3.55,2016-01-19 21:00:00,
1.122640294,5071877,Andrej Martin,Souza v And Martin,10,2016-01-19 13:17:34.865,3.25,2016-01-19 21:00:00,
1.122640294,5071877,Andrej Martin,Souza v And Martin,20,2016-01-19 13:53:06.718,3.15,2016-01-19 21:00:00,
1.122640294,5071877,Andrej Martin,Souza v And Martin,30,2016-01-19 18:05:45.487,3.6,2016-01-19 21:00:00,
1.122640294,5071877,Andrej Martin,Souza v And Martin,40,2016-01-20 04:49:50.614,3.3,2016-01-20 20:00:00,
1.122640294,5071877,Andrej Martin,Souza v And Martin,50,2016-01-20 05:41:44.661,3.1,2016-01-20 20:00:00,
1.122640294,5071877,Andrej Martin,Souza v And Martin,60,2016-01-20 05:43:02.298,3.05,2016-01-20 20:00:00,
1.122640294,5071877,Andrej Martin,Souza v And Martin,70,2016-01-20 06:04:45.099,2.98,2016-01-20 20:00:00,
1.122640294,5071877,Andrej Martin,Souza v And Martin,80,2016-01-20 18:53:11.174,3.0,2016-01-20 21:00:00,
1.122640294,5071877,Andrej Martin,Souza v And Martin,90,2016-01-20 20:10:45.021,2.7,2016-01-20 21:00:00,
1.122640294,5071877,Andrej Martin,Souza v And Martin,100,2016-01-20 23:36:42.905,2.92,2016-01-20 23:42:00,
1.122640603,9543216,Clement Geens,Geens v Girotto,0,2016-01-17 08:24:25.516,1.06,2016-01-17 16:30:00,
1.122640603,9543216,Clement Geens,Geens v Girotto,10,2016-01-17 08:24:41.125,1.05,2016-01-17 16:30:00,
1.122640603,9543216,Clement Geens,Geens v Girotto,20,2016-01-17 13:17:43.129,1.04,2016-01-17 16:30:00,
1.122640603,9543216,Clement Geens,Geens v Girotto,30,2016-01-17 14:37:16.733,1.06,2016-01-17 16:30:00,
1.122640603,9543216,Clement Geens,Geens v Girotto,40,2016-01-17 15:04:03.691,1.05,2016-01-17 16:30:00,
1.122640603,9543216,Clement Geens,Geens v Girotto,50,2016-01-17 15:15:09.404,1.06,2016-01-17 16:30:00,
1.122640603,9543216,Clement Geens,Geens v Girotto,60,2016-01-17 15:30:05.940,1.05,2016-01-17 16:30:00,
1.122640603,9543216,Clement Geens,Geens v Girotto,70,2016-01-17 16:06:10.803,1.03,2016-01-17 16:30:00,
1.122640603,9543216,Clement Geens,Geens v Girotto,80,2016-01-17 16:11:55.998,1.07,2016-01-17 16:30:00,
1.122640603,9543216,Clement Geens,Geens v Girotto,90,2016-01-17 17:15:26.362,1.07,2016-01-17 17:21:00,
1.122640603,9543216,Clement Geens,Geens v Girotto,100,2016-01-17 17:17:20.004,1.08,2016-01-17 17:21:00,
1.122640737,4994250,Emilio Gomez,E Gomez v Gabriel Velloso,0,2016-01-16 20:23:38.182,1.03,2016-01-17 13:00:00,
1.122640737,4994250,Emilio Gomez,E Gomez v Gabriel Velloso,10,2016-01-16 22:22:06.203,1.02,2016-01-17 13:00:00,
1.122640737,4994250,Emilio Gomez,E Gomez v Gabriel Velloso,20,2016-01-16 23:11:38.526,1.01,2016-01-17 13:00:00,
1.122640737,4994250,Emilio Gomez,E Gomez v Gabriel Velloso,30,2016-01-17 00:01:57.813,1.03,2016-01-17 13:00:00,
1.122640737,4994250,Emilio Gomez,E Gomez v Gabriel Velloso,40,2016-01-17 10:40:42.019,1.02,2016-01-17 13:00:00,
1.122640737,4994250,Emilio Gomez,E Gomez v Gabriel Velloso,50,2016-01-17 11:39:52.260,1.01,2016-01-17 13:00:00,
1.122640737,4994250,Emilio Gomez,E Gomez v Gabriel Velloso,60,2016-01-17 11:40:33.043,1.02,2016-01-17 13:00:00,
1.122640737,4994250,Emilio Gomez,E Gomez v Gabriel Velloso,70,2016-01-17 12:30:16.076,1.01,2016-01-17 13:00:00,
1.122640737,4994250,Emilio Gomez,E Gomez v Gabriel Velloso,80,2016-01-17 12:32:09.771,1.02,2016-01-17 13:00:00,
1.122640737,4994250,Emilio Gomez,E Gomez v Gabriel Velloso,90,2016-01-17 12:32:53.145,1.01,2016-01-17 13:00:00,
1.122640737,4994250,Emilio Gomez,E Gomez v Gabriel Velloso,100,2016-01-17 12:41:56.744,1.02,2016-01-17 13:00:00,
1.12264074,8443413,Tiago Lopes,Igor Marcondes v T Lopes,0,2016-01-17 13:39:48.129,1.63,2016-01-17 14:45:00,
1.12264074,8443413,Tiago Lopes,Igor Marcondes v T Lopes,10,2016-01-17 14:15:59.046,1.9,2016-01-17 14:45:00,2016-01-17 14:09:10.589
1.12264074,8443413,Tiago Lopes,Igor Marcondes v T Lopes,20,2016-01-17 14:17:55.181,1.83,2016-01-17 14:45:00,2016-01-17 14:09:10.589
1.12264074,8443413,Tiago Lopes,Igor Marcondes v T Lopes,30,2016-01-17 14:21:47.167,2.0,2016-01-17 14:45:00,2016-01-17 14:09:10.589
1.12264074,8443413,Tiago Lopes,Igor Marcondes v T Lopes,40,2016-01-17 14:28:09.319,1.85,2016-01-17 14:45:00,2016-01-17 14:09:10.589
1.12264074,8443413,Tiago Lopes,Igor Marcondes v T Lopes,50,2016-01-17 14:29:07.310,1.58,2016-01-17 14:45:00,2016-01-17 14:09:10.589
1.12264074,8443413,Tiago Lopes,Igor Marcondes v T Lopes,60,2016-01-17 14:30:14.163,1.6,2016-01-17 14:45:00,2016-01-17 14:09:10.589
1.12264074,8443413,Tiago Lopes,Igor Marcondes v T Lopes,70,2016-01-17 14:31:13.192,1.56,2016-01-17 14:45:00,2016-01-17 14:09:10.589
1.12264074,8443413,Tiago Lopes,Igor Marcondes v T Lopes,80,2016-01-17 14:32:04.885,1.64,2016-01-17 14:45:00,2016-01-17 14:09:10.589
1.12264074,8443413,Tiago Lopes,Igor Marcondes v T Lopes,90,2016-01-17 14:37:57.395,1.4,2016-01-17 14:45:00,2016-01-17 14:09:10.589
1.12264074,8443413,Tiago Lopes,Igor Marcondes v T Lopes,100,2016-01-17 14:44:58.452,1.5,2016-01-17 14:45:00,2016-01-17 14:09:10.589
1.12264074,10306661,Igor Marcondes,Igor Marcondes v T Lopes,0,2016-01-17 14:15:59.046,2.1,2016-01-17 14:45:00,2016-01-17 14:09:10.589
1.12264074,10306661,Igor Marcondes,Igor Marcondes v T Lopes,10,2016-01-17 14:17:13.752,2.2,2016-01-17 14:45:00,2016-01-17 14:09:10.589
1.12264074,10306661,Igor Marcondes,Igor Marcondes v T Lopes,20,2016-01-17 14:20:13.421,1.69,2016-01-17 14:45:00,2016-01-17 14:09:10.589
1.12264074,10306661,Igor Marcondes,Igor Marcondes v T Lopes,30,2016-01-17 14:21:11.171,1.85,2016-01-17 14:45:00,2016-01-17 14:09:10.589
1.12264074,10306661,Igor Marcondes,Igor Marcondes v T Lopes,40,2016-01-17 14:21:47.167,2.0,2016-01-17 14:45:00,2016-01-17 14:09:10.589
1.12264074,10306661,Igor Marcondes,Igor Marcondes v T Lopes,50,2016-01-17 14:24:07.780,2.0,2016-01-17 14:45:00,2016-01-17 14:09:10.589
1.12264074,10306661,Igor Marcondes,Igor Marcondes v T Lopes,60,2016-01-17 14:28:09.319,2.34,2016-01-17 14:45:00,2016-01-17 14:09:10.589
1.12264074,10306661,Igor Marcondes,Igor Marcondes v T Lopes,70,2016-01-17 14:29:07.310,2.72,2016-01-17 14:45:00,2016-01-17 14:09:10.589
1.12264074,10306661,Igor Marcondes,Igor Marcondes v T Lopes,80,2016-01-17 14:30:14.163,2.68,2016-01-17 14:45:00,2016-01-17 14:09:10.589
1.12264074,10306661,Igor Marcondes,Igor Marcondes v T Lopes,90,2016-01-17 14:31:13.192,2.8,2016-01-17 14:45:00,2016-01-17 14:09:10.589
1.12264074,10306661,Igor Marcondes,Igor Marcondes v T Lopes,100,2016-01-17 14:39:03.231,3.5,2016-01-17 14:45:00,2016-01-17 14:09:10.589
1.122640831,9629716,Olga Fridman,Olga Fridman v Ons Jabeur,0,2016-01-17 09:47:57.109,1.8,2016-01-17 17:00:00,
1.122640831,9629716,Olga Fridman,Olga Fridman v Ons Jabeur,10,2016-01-17 13:23:52.131,1.79,2016-01-17 17:00:00,
1.122640831,9629716,Olga Fridman,Olga Fridman v Ons Jabeur,20,2016-01-17 15:04:17.117,1.66,2016-01-17 17:00:00,
1.122640831,9629716,Olga Fridman,Olga Fridman v Ons Jabeur,30,2016-01-17 15:49:14.773,1.68,2016-01-17 17:00:00,
1.122640831,9629716,Olga Fridman,Olga Fridman v Ons Jabeur,40,2016-01-17 16:27:31.993,1.72,2016-01-17 17:00:00,
1.122640831,9629716,Olga Fridman,Olga Fridman v Ons Jabeur,50,2016-01-17 16:39:36.431,1.67,2016-01-17 17:00:00,
1.122640831,9629716,Olga Fridman,Olga Fridman v Ons Jabeur,60,2016-01-17 16:46:38.781,1.66,2016-01-17 17:00:00,
1.122640831,9629716,Olga Fridman,Olga Fridman v Ons Jabeur,70,2016-01-17 16:48:34.566,1.69,2016-01-17 17:00:00,
1.122640831,9629716,Olga Fridman,Olga Fridman v Ons Jabeur,80,2016-01-17 16:51:36.014,1.65,2016-01-17 17:00:00,
1.122640831,9629716,Olga Fridman,Olga Fridman v Ons Jabeur,90,2016-01-17 16:52:08.477,1.69,2016-01-17 17:00:00,
1.122640831,9629716,Olga Fridman,Olga Fridman v Ons Jabeur,100,2016-01-17 16:59:38.723,1.63,2016-01-17 17:00:00,
1.122641385,8257862,Pedja Krstin,Krstin v Gaio,0,2016-01-17 11:03:12.790,1.52,2016-01-18 04:00:00,
1.122641385,8257862,Pedja Krstin,Krstin v Gaio,10,2016-01-18 05:18:34.507,1.58,2016-01-19 04:00:00,
1.122641385,8257862,Pedja Krstin,Krstin v Gaio,20,2016-01-18 11:34:13.778,1.59,2016-01-19 03:00:00,
1.122641385,8257862,Pedja Krstin,Krstin v Gaio,30,2016-01-18 17:42:31.598,1.5,2016-01-19 03:00:00,
1.122641385,8257862,Pedja Krstin,Krstin v Gaio,40,2016-01-18 18:30:59.135,1.59,2016-01-19 03:00:00,
1.122641385,8257862,Pedja Krstin,Krstin v Gaio,50,2016-01-18 19:51:33.029,1.55,2016-01-19 03:00:00,
1.122641385,8257862,Pedja Krstin,Krstin v Gaio,60,2016-01-18 20:35:47.469,1.71,2016-01-19 03:00:00,
1.122641385,8257862,Pedja Krstin,Krstin v Gaio,70,2016-01-18 23:48:44.565,1.67,2016-01-19 03:00:00,
1.122641385,8257862,Pedja Krstin,Krstin v Gaio,80,2016-01-19 00:07:59.680,1.66,2016-01-19 03:00:00,
1.122641385,8257862,Pedja Krstin,Krstin v Gaio,90,2016-01-19 01:20:04.295,1.68,2016-01-19 03:00:00,
1.122641385,8257862,Pedja Krstin,Krstin v Gaio,100,2016-01-19 02:36:54.965,1.68,2016-01-19 03:00:00,
1.122641389,2444574,Frederik Nielsen,Nielsen v Sancic,0,2016-01-16 22:59:07.779,1.36,2016-01-17 07:30:00,
1.122641389,2444574,Frederik Nielsen,Nielsen v Sancic,10,2016-01-17 06:00:59.561,1.27,2016-01-17 07:30:00,
1.122641389,2444574,Frederik Nielsen,Nielsen v Sancic,20,2016-01-17 06:39:11.677,1.35,2016-01-17 07:30:00,2016-01-17 06:31:43.029
1.122641389,2444574,Frederik Nielsen,Nielsen v Sancic,30,2016-01-17 06:47:51.085,1.36,2016-01-17 07:30:00,2016-01-17 06:31:43.029
1.122641389,2444574,Frederik Nielsen,Nielsen v Sancic,40,2016-01-17 07:02:15.279,1.08,2016-01-17 07:30:00,2016-01-17 06:31:43.029
1.122641389,2444574,Frederik Nielsen,Nielsen v Sancic,50,2016-01-17 07:03:53.526,1.1,2016-01-17 07:30:00,2016-01-17 06:31:43.029
1.122641389,2444574,Frederik Nielsen,Nielsen v Sancic,60,2016-01-17 07:10:12.591,1.05,2016-01-17 07:30:00,2016-01-17 06:31:43.029
1.122641389,2444574,Frederik Nielsen,Nielsen v Sancic,70,2016-01-17 07:19:42.101,1.23,2016-01-17 07:30:00,2016-01-17 06:31:43.029
1.122641389,2444574,Frederik Nielsen,Nielsen v Sancic,80,2016-01-17 07:23:12.119,1.3,2016-01-17 07:30:00,2016-01-17 06:31:43.029
1.122641389,2444574,Frederik Nielsen,Nielsen v Sancic,90,2016-01-17 07:27:12.853,1.25,2016-01-17 07:30:00,2016-01-17 06:31:43.029
1.122641389,2444574,Frederik Nielsen,Nielsen v Sancic,100,2016-01-17 07:29:15.263,1.35,2016-01-17 07:30:00,2016-01-17 06:31:43.029
1.122641389,8826899,Antonio Sancic,Nielsen v Sancic,0,2016-01-16 22:59:07.779,3.75,2016-01-17 07:30:00,
1.122641389,8826899,Antonio Sancic,Nielsen v Sancic,10,2016-01-17 06:39:11.677,3.85,2016-01-17 07:30:00,2016-01-17 06:31:43.029
1.122641389,8826899,Antonio Sancic,Nielsen v Sancic,20,2016-01-17 06:47:04.979,4.0,2016-01-17 07:30:00,2016-01-17 06:31:43.029
1.122641389,8826899,Antonio Sancic,Nielsen v Sancic,30,2016-01-17 06:54:45.661,5.0,2016-01-17 07:30:00,2016-01-17 06:31:43.029
1.122641389,8826899,Antonio Sancic,Nielsen v Sancic,40,2016-01-17 07:02:49.988,17.5,2016-01-17 07:30:00,2016-01-17 06:31:43.029
1.122641389,8826899,Antonio Sancic,Nielsen v Sancic,50,2016-01-17 07:03:53.526,11.0,2016-01-17 07:30:00,2016-01-17 06:31:43.029
1.122641389,8826899,Antonio Sancic,Nielsen v Sancic,60,2016-01-17 07:15:10.532,12.0,2016-01-17 07:30:00,2016-01-17 06:31:43.029
1.122641389,8826899,Antonio Sancic,Nielsen v Sancic,70,2016-01-17 07:17:08.068,11.0,2016-01-17 07:30:00,2016-01-17 06:31:43.029
1.122641389,8826899,Antonio Sancic,Nielsen v Sancic,80,2016-01-17 07:19:42.101,5.3,2016-01-17 07:30:00,2016-01-17 06:31:43.029
1.122641389,8826899,Antonio Sancic,Nielsen v Sancic,90,2016-01-17 07:21:12.493,4.5,2016-01-17 07:30:00,2016-01-17 06:31:43.029
1.122641389,8826899,Antonio Sancic,Nielsen v Sancic,100,2016-01-17 07:27:12.853,4.0,2016-01-17 07:30:00,2016-01-17 06:31:43.029
1.122641393,2489421,Pere Riba,Andreozzi v Riba,0,2016-01-19 11:38:19.101,2.84,2016-01-19 15:45:00,
1.122641393,2489421,Pere Riba,Andreozzi v Riba,10,2016-01-19 12:28:02.498,2.8,2016-01-19 15:45:00,
1.122641393,2489421,Pere Riba,Andreozzi v Riba,20,2016-01-19 13:52:23.745,2.82,2016-01-19 15:45:00,
1.122641393,2489421,Pere Riba,Andreozzi v Riba,30,2016-01-19 16:42:16.517,2.82,2016-01-19 19:45:00,
1.122641393,2489421,Pere Riba,Andreozzi v Riba,40,2016-01-19 19:00:08.833,2.78,2016-01-20 15:30:00,
1.122641393,2489421,Pere Riba,Andreozzi v Riba,50,2016-01-20 04:48:28.026,2.7,2016-01-20 15:30:00,
1.122641393,2489421,Pere Riba,Andreozzi v Riba,60,2016-01-20 15:15:07.025,2.74,2016-01-20 15:30:00,
1.122641393,2489421,Pere Riba,Andreozzi v Riba,70,2016-01-20 15:35:22.195,2.5,2016-01-20 20:00:00,
1.122641393,2489421,Pere Riba,Andreozzi v Riba,80,2016-01-20 17:50:52.558,2.68,2016-01-20 20:00:00,
1.122641393,2489421,Pere Riba,Andreozzi v Riba,90,2016-01-20 19:26:09.838,2.68,2016-01-20 20:00:00,
1.122641393,2489421,Pere Riba,Andreozzi v Riba,100,2016-01-20 22:55:09.018,2.7,2016-01-20 22:56:00,
1.122641393,6603914,Guido Andreozzi,Andreozzi v Riba,0,2016-01-19 11:38:19.101,1.55,2016-01-19 15:45:00,
1.122641393,6603914,Guido Andreozzi,Andreozzi v Riba,10,2016-01-19 13:52:23.745,1.55,2016-01-19 15:45:00,
1.122641393,6603914,Guido Andreozzi,Andreozzi v Riba,20,2016-01-19 16:42:16.517,1.55,2016-01-19 19:45:00,
1.122641393,6603914,Guido Andreozzi,Andreozzi v Riba,30,2016-01-19 18:03:20.388,1.58,2016-01-19 19:45:00,
1.122641393,6603914,Guido Andreozzi,Andreozzi v Riba,40,2016-01-19 21:26:15.259,1.53,2016-01-20 15:30:00,
1.122641393,6603914,Guido Andreozzi,Andreozzi v Riba,50,2016-01-20 08:33:58.410,1.59,2016-01-20 15:30:00,
1.122641393,6603914,Guido Andreozzi,Andreozzi v Riba,60,2016-01-20 13:29:16.268,1.6,2016-01-20 15:30:00,
1.122641393,6603914,Guido Andreozzi,Andreozzi v Riba,70,2016-01-20 15:36:23.316,1.67,2016-01-20 20:00:00,
1.122641393,6603914,Guido Andreozzi,Andreozzi v Riba,80,2016-01-20 18:35:07.638,1.59,2016-01-20 20:00:00,
1.122641393,6603914,Guido Andreozzi,Andreozzi v Riba,90,2016-01-20 18:54:07.601,1.63,2016-01-20 20:00:00,
1.122641393,6603914,Guido Andreozzi,Andreozzi v Riba,100,2016-01-20 22:54:23.128,1.55,2016-01-20 22:56:00,
1.122641405,5829498,Peter Torebko,Torebko v F Lima,0,2016-01-16 22:23:20.316,1.04,2016-01-17 14:45:00,
1.122641405,5829498,Peter Torebko,Torebko v F Lima,10,2016-01-16 23:12:00.043,1.03,2016-01-17 14:45:00,
1.122641405,5829498,Peter Torebko,Torebko v F Lima,20,2016-01-17 08:09:54.480,1.03,2016-01-17 14:45:00,
1.122641405,5829498,Peter Torebko,Torebko v F Lima,30,2016-01-17 09:58:34.355,1.04,2016-01-17 14:45:00,
1.122641405,5829498,Peter Torebko,Torebko v F Lima,40,2016-01-17 11:40:13.265,1.02,2016-01-17 14:45:00,
1.122641405,5829498,Peter Torebko,Torebko v F Lima,50,2016-01-17 14:08:49.779,1.03,2016-01-17 14:45:00,2016-01-17 14:05:26.721
1.122641405,5829498,Peter Torebko,Torebko v F Lima,60,2016-01-17 14:11:41.196,1.03,2016-01-17 14:45:00,2016-01-17 14:05:26.721
1.122641405,5829498,Peter Torebko,Torebko v F Lima,70,2016-01-17 14:13:44.503,1.02,2016-01-17 14:45:00,2016-01-17 14:05:26.721
1.122641405,5829498,Peter Torebko,Torebko v F Lima,80,2016-01-17 14:22:45.594,1.02,2016-01-17 14:45:00,2016-01-17 14:05:26.721
1.122641405,5829498,Peter Torebko,Torebko v F Lima,90,2016-01-17 14:27:47.033,1.01,2016-01-17 14:45:00,2016-01-17 14:05:26.721
1.122641405,5829498,Peter Torebko,Torebko v F Lima,100,2016-01-17 14:36:06.980,1.01,2016-01-17 14:45:00,2016-01-17 14:05:26.721
1.122641417,2249835,Go Soeda,Soeda v R Marcora,0,2016-01-17 15:03:30.531,1.34,2016-01-18 04:00:00,
1.122641417,2249835,Go Soeda,Soeda v R Marcora,10,2016-01-17 15:32:37.218,1.36,2016-01-18 04:00:00,
1.122641417,2249835,Go Soeda,Soeda v R Marcora,20,2016-01-17 16:20:38.632,1.27,2016-01-19 04:00:00,
1.122641417,2249835,Go Soeda,Soeda v R Marcora,30,2016-01-17 16:54:43.395,1.34,2016-01-19 04:00:00,
1.122641417,2249835,Go Soeda,Soeda v R Marcora,40,2016-01-17 17:37:45.291,1.34,2016-01-19 04:00:00,
1.122641417,2249835,Go Soeda,Soeda v R Marcora,50,2016-01-17 18:12:44.156,1.34,2016-01-19 04:00:00,
1.122641417,2249835,Go Soeda,Soeda v R Marcora,60,2016-01-17 18:47:36.224,1.27,2016-01-19 04:00:00,
1.122641417,2249835,Go Soeda,Soeda v R Marcora,70,2016-01-17 19:47:05.445,1.25,2016-01-19 04:00:00,
1.122641417,2249835,Go Soeda,Soeda v R Marcora,80,2016-01-17 20:13:55.980,1.33,2016-01-19 04:00:00,
1.122641417,2249835,Go Soeda,Soeda v R Marcora,90,2016-01-17 20:52:43.858,1.33,2016-01-19 04:00:00,
1.122641417,2249835,Go Soeda,Soeda v R Marcora,100,2016-01-19 02:57:00.113,1.21,2016-01-19 03:00:00,
1.122641425,3261618,Somdev Devvarman,Roca Batalla v Devvarman,0,2016-01-17 15:03:25.230,1.32,2016-01-18 04:00:00,
1.122641425,3261618,Somdev Devvarman,Roca Batalla v Devvarman,10,2016-01-17 18:52:29.076,1.26,2016-01-18 08:00:00,
1.122641425,3261618,Somdev Devvarman,Roca Batalla v Devvarman,20,2016-01-17 21:17:10.088,1.25,2016-01-18 08:00:00,
1.122641425,3261618,Somdev Devvarman,Roca Batalla v Devvarman,30,2016-01-17 21:19:16.789,1.26,2016-01-18 08:00:00,
1.122641425,3261618,Somdev Devvarman,Roca Batalla v Devvarman,40,2016-01-17 22:50:25.990,1.26,2016-01-18 08:00:00,
1.122641425,3261618,Somdev Devvarman,Roca Batalla v Devvarman,50,2016-01-17 23:13:41.856,1.33,2016-01-18 08:00:00,
1.122641425,3261618,Somdev Devvarman,Roca Batalla v Devvarman,60,2016-01-18 00:35:25.078,1.29,2016-01-18 08:00:00,
1.122641425,3261618,Somdev Devvarman,Roca Batalla v Devvarman,70,2016-01-18 06:26:26.721,1.3,2016-01-18 08:00:00,
1.122641425,3261618,Somdev Devvarman,Roca Batalla v Devvarman,80,2016-01-18 06:45:36.690,1.31,2016-01-18 08:00:00,
1.122641425,3261618,Somdev Devvarman,Roca Batalla v Devvarman,90,2016-01-18 06:54:25.738,1.36,2016-01-18 08:00:00,
1.122641425,3261618,Somdev Devvarman,Roca Batalla v Devvarman,100,2016-01-18 07:47:57.777,1.34,2016-01-18 08:00:00,
1.122641429,8681900,Luca Vanni,Vanni v F Silva,0,2016-01-17 11:02:40.535,1.45,2016-01-18 04:00:00,
1.122641429,8681900,Luca Vanni,Vanni v F Silva,10,2016-01-18 13:55:39.222,1.47,2016-01-19 03:00:00,
1.122641429,8681900,Luca Vanni,Vanni v F Silva,20,2016-01-18 15:38:02.250,1.58,2016-01-19 03:00:00,
1.122641429,8681900,Luca Vanni,Vanni v F Silva,30,2016-01-18 19:56:05.399,1.45,2016-01-19 03:00:00,
1.122641429,8681900,Luca Vanni,Vanni v F Silva,40,2016-01-18 20:36:25.185,1.5,2016-01-19 03:00:00,
1.122641429,8681900,Luca Vanni,Vanni v F Silva,50,2016-01-18 22:32:26.034,1.43,2016-01-19 03:00:00,
1.122641429,8681900,Luca Vanni,Vanni v F Silva,60,2016-01-18 23:18:08.039,1.42,2016-01-19 03:00:00,
1.122641429,8681900,Luca Vanni,Vanni v F Silva,70,2016-01-18 23:28:55.217,1.43,2016-01-19 03:00:00,
1.122641429,8681900,Luca Vanni,Vanni v F Silva,80,2016-01-18 23:48:27.948,1.42,2016-01-19 03:00:00,
1.122641429,8681900,Luca Vanni,Vanni v F Silva,90,2016-01-19 01:02:06.786,1.43,2016-01-19 03:00:00,
1.122641429,8681900,Luca Vanni,Vanni v F Silva,100,2016-01-19 01:19:39.936,1.42,2016-01-19 03:00:00,
1.122641433,5304700,Andre Ghem,Cachin v Ghem,0,2016-01-19 09:14:39.882,1.68,2016-01-19 17:15:00,
1.122641433,5304700,Andre Ghem,Cachin v Ghem,10,2016-01-19 13:49:14.760,1.68,2016-01-19 18:45:00,
1.122641433,5304700,Andre Ghem,Cachin v Ghem,20,2016-01-19 14:13:41.907,1.57,2016-01-19 18:45:00,
1.122641433,5304700,Andre Ghem,Cachin v Ghem,30,2016-01-19 18:11:01.218,1.58,2016-01-20 15:30:00,
1.122641433,5304700,Andre Ghem,Cachin v Ghem,40,2016-01-19 22:37:00.379,1.64,2016-01-20 15:30:00,
1.122641433,5304700,Andre Ghem,Cachin v Ghem,50,2016-01-20 10:11:47.030,1.55,2016-01-20 15:30:00,
1.122641433,5304700,Andre Ghem,Cachin v Ghem,60,2016-01-20 11:47:12.102,1.6,2016-01-20 15:30:00,
1.122641433,5304700,Andre Ghem,Cachin v Ghem,70,2016-01-20 12:37:01.487,1.65,2016-01-20 15:30:00,
1.122641433,5304700,Andre Ghem,Cachin v Ghem,80,2016-01-20 13:27:17.182,1.57,2016-01-20 15:30:00,
1.122641433,5304700,Andre Ghem,Cachin v Ghem,90,2016-01-20 18:03:15.250,1.6,2016-01-20 18:30:00,
1.122641433,5304700,Andre Ghem,Cachin v Ghem,100,2016-01-20 20:25:01.565,1.5,2016-01-20 20:26:00,2016-01-20 20:25:01.565
1.122641433,8461316,Pedro Cachin,Cachin v Ghem,0,2016-01-19 09:14:39.882,2.48,2016-01-19 17:15:00,
1.122641433,8461316,Pedro Cachin,Cachin v Ghem,10,2016-01-19 12:33:02.692,2.58,2016-01-19 18:45:00,
1.122641433,8461316,Pedro Cachin,Cachin v Ghem,20,2016-01-19 13:49:14.760,2.46,2016-01-19 18:45:00,
1.122641433,8461316,Pedro Cachin,Cachin v Ghem,30,2016-01-19 18:18:55.572,2.76,2016-01-20 15:30:00,
1.122641433,8461316,Pedro Cachin,Cachin v Ghem,40,2016-01-19 22:37:00.379,2.6,2016-01-20 15:30:00,
1.122641433,8461316,Pedro Cachin,Cachin v Ghem,50,2016-01-20 04:48:56.815,2.54,2016-01-20 15:30:00,
1.122641433,8461316,Pedro Cachin,Cachin v Ghem,60,2016-01-20 12:20:00.072,2.56,2016-01-20 15:30:00,
1.122641433,8461316,Pedro Cachin,Cachin v Ghem,70,2016-01-20 12:50:56.429,2.82,2016-01-20 15:30:00,
1.122641433,8461316,Pedro Cachin,Cachin v Ghem,80,2016-01-20 18:03:15.250,2.76,2016-01-20 18:30:00,
1.122641433,8461316,Pedro Cachin,Cachin v Ghem,90,2016-01-20 20:22:57.149,2.82,2016-01-20 20:26:00,
1.122641433,8461316,Pedro Cachin,Cachin v Ghem,100,2016-01-20 20:25:01.565,3.0,2016-01-20 20:26:00,2016-01-20 20:25:01.565
1.122643444,4520808,Facundo Bagnis,De Greef v Bagnis,0,2016-01-17 10:04:59.190,1.39,2016-01-17 21:00:00,
1.122643444,4520808,Facundo Bagnis,De Greef v Bagnis,10,2016-01-17 16:04:59.465,1.38,2016-01-17 21:00:00,
1.122643444,4520808,Facundo Bagnis,De Greef v Bagnis,20,2016-01-17 17:35:17.789,1.43,2016-01-17 21:00:00,
1.122643444,4520808,Facundo Bagnis,De Greef v Bagnis,30,2016-01-17 18:15:14.355,1.45,2016-01-17 21:00:00,
1.122643444,4520808,Facundo Bagnis,De Greef v Bagnis,40,2016-01-17 19:04:16.737,1.4,2016-01-17 21:00:00,
1.122643444,4520808,Facundo Bagnis,De Greef v Bagnis,50,2016-01-17 19:27:07.622,1.4,2016-01-17 21:00:00,
1.122643444,4520808,Facundo Bagnis,De Greef v Bagnis,60,2016-01-17 19:53:11.202,1.48,2016-01-17 21:00:00,
1.122643444,4520808,Facundo Bagnis,De Greef v Bagnis,70,2016-01-17 20:22:08.078,1.5,2016-01-17 21:00:00,
1.122643444,4520808,Facundo Bagnis,De Greef v Bagnis,80,2016-01-17 20:32:17.790,1.46,2016-01-17 21:00:00,
1.122643444,4520808,Facundo Bagnis,De Greef v Bagnis,90,2016-01-17 20:53:12.612,1.45,2016-01-17 21:00:00,
1.122643444,4520808,Facundo Bagnis,De Greef v Bagnis,100,2016-01-17 21:04:02.025,1.48,2016-01-17 21:06:00,
1.122643444,7287672,Arthur De Greef,De Greef v Bagnis,0,2016-01-17 10:04:59.190,3.65,2016-01-17 21:00:00,
1.122643444,7287672,Arthur De Greef,De Greef v Bagnis,10,2016-01-17 15:41:54.021,3.5,2016-01-17 21:00:00,
1.122643444,7287672,Arthur De Greef,De Greef v Bagnis,20,2016-01-17 17:58:31.747,3.25,2016-01-17 21:00:00,
1.122643444,7287672,Arthur De Greef,De Greef v Bagnis,30,2016-01-17 18:59:14.093,3.45,2016-01-17 21:00:00,
1.122643444,7287672,Arthur De Greef,De Greef v Bagnis,40,2016-01-17 19:40:13.874,3.35,2016-01-17 21:00:00,
1.122643444,7287672,Arthur De Greef,De Greef v Bagnis,50,2016-01-17 19:53:11.202,3.05,2016-01-17 21:00:00,
1.122643444,7287672,Arthur De Greef,De Greef v Bagnis,60,2016-01-17 20:18:13.560,3.0,2016-01-17 21:00:00,
1.122643444,7287672,Arthur De Greef,De Greef v Bagnis,70,2016-01-17 20:35:17.105,3.4,2016-01-17 21:00:00,
1.122643444,7287672,Arthur De Greef,De Greef v Bagnis,80,2016-01-17 20:47:17.396,3.2,2016-01-17 21:00:00,
1.122643444,7287672,Arthur De Greef,De Greef v Bagnis,90,2016-01-17 20:58:17.250,3.1,2016-01-17 21:00:00,
1.122643444,7287672,Arthur De Greef,De Greef v Bagnis,100,2016-01-17 21:05:09.950,3.05,2016-01-17 21:06:00,
1.122645594,8284716,Andrea Collarini,Gabriel Velloso v Collarini,0,2016-01-17 21:29:26.915,1.03,2016-01-18 14:00:00,
1.122645594,8284716,Andrea Collarini,Gabriel Velloso v Collarini,10,2016-01-17 23:00:18.909,1.01,2016-01-18 14:00:00,
1.122645594,8284716,Andrea Collarini,Gabriel Velloso v Collarini,20,2016-01-18 00:48:37.194,1.03,2016-01-18 14:00:00,
1.122645594,8284716,Andrea Collarini,Gabriel Velloso v Collarini,30,2016-01-18 08:40:32.229,1.02,2016-01-18 14:00:00,
1.122645594,8284716,Andrea Collarini,Gabriel Velloso v Collarini,40,2016-01-18 10:00:59.370,1.03,2016-01-18 14:00:00,
1.122645594,8284716,Andrea Collarini,Gabriel Velloso v Collarini,50,2016-01-18 12:31:19.439,1.02,2016-01-18 14:00:00,
1.122645594,8284716,Andrea Collarini,Gabriel Velloso v Collarini,60,2016-01-18 12:51:01.316,1.03,2016-01-18 14:00:00,
1.122645594,8284716,Andrea Collarini,Gabriel Velloso v Collarini,70,2016-01-18 13:16:32.670,1.02,2016-01-18 14:00:00,
1.122645594,8284716,Andrea Collarini,Gabriel Velloso v Collarini,80,2016-01-18 13:35:22.998,1.01,2016-01-18 14:00:00,
1.122645594,8284716,Andrea Collarini,Gabriel Velloso v Collarini,90,2016-01-18 13:44:06.357,1.02,2016-01-18 14:00:00,
1.122645594,8284716,Andrea Collarini,Gabriel Velloso v Collarini,100,2016-01-18 13:49:55.821,1.02,2016-01-18 14:00:00,
1.122645604,8735115,Dutra Silva/Lapentti,Kicker/Pereira v Dutra Silva/Lapentti,0,2016-01-19 15:54:49.423,2.0,2016-01-19 20:00:00,
1.122645604,8735115,Dutra Silva/Lapentti,Kicker/Pereira v Dutra Silva/Lapentti,10,2016-01-20 17:46:08.683,1.96,2016-01-20 18:00:00,
1.122645604,8735115,Dutra Silva/Lapentti,Kicker/Pereira v Dutra Silva/Lapentti,20,2016-01-20 17:52:00.608,1.88,2016-01-20 18:00:00,
1.122645604,8735115,Dutra Silva/Lapentti,Kicker/Pereira v Dutra Silva/Lapentti,30,2016-01-20 17:52:38.442,1.84,2016-01-20 18:00:00,
1.122645604,8735115,Dutra Silva/Lapentti,Kicker/Pereira v Dutra Silva/Lapentti,40,2016-01-20 17:55:26.032,1.94,2016-01-20 18:00:00,
1.122645604,8735115,Dutra Silva/Lapentti,Kicker/Pereira v Dutra Silva/Lapentti,50,2016-01-21 18:59:02.219,1.9,2016-01-21 20:45:00,
1.122645604,8735115,Dutra Silva/Lapentti,Kicker/Pereira v Dutra Silva/Lapentti,60,2016-01-21 19:54:06.075,1.9,2016-01-21 20:45:00,
1.122645604,8735115,Dutra Silva/Lapentti,Kicker/Pereira v Dutra Silva/Lapentti,70,2016-01-21 19:57:00.838,1.84,2016-01-21 20:45:00,
1.122645604,8735115,Dutra Silva/Lapentti,Kicker/Pereira v Dutra Silva/Lapentti,80,2016-01-21 19:59:02.145,1.56,2016-01-21 20:45:00,
1.122645604,8735115,Dutra Silva/Lapentti,Kicker/Pereira v Dutra Silva/Lapentti,90,2016-01-21 21:19:09.136,1.82,2016-01-22 00:45:00,
1.122645604,8735115,Dutra Silva/Lapentti,Kicker/Pereira v Dutra Silva/Lapentti,100,2016-01-21 22:01:10.032,1.71,2016-01-22 00:45:00,
1.122645615,2263683,David Guez,Alb Lim v Guez,0,2016-01-17 17:22:49.778,1.09,2016-01-18 10:30:00,
1.122645615,2263683,David Guez,Alb Lim v Guez,10,2016-01-17 21:27:50.933,1.04,2016-01-18 10:30:00,
1.122645615,2263683,David Guez,Alb Lim v Guez,20,2016-01-17 23:02:37.301,1.05,2016-01-18 10:30:00,
1.122645615,2263683,David Guez,Alb Lim v Guez,30,2016-01-18 00:37:09.349,1.06,2016-01-18 10:30:00,
1.122645615,2263683,David Guez,Alb Lim v Guez,40,2016-01-18 05:46:41.341,1.06,2016-01-18 10:30:00,
1.122645615,2263683,David Guez,Alb Lim v Guez,50,2016-01-18 09:02:56.002,1.05,2016-01-18 10:30:00,
1.122645615,2263683,David Guez,Alb Lim v Guez,60,2016-01-18 09:48:24.857,1.03,2016-01-18 10:30:00,
1.122645615,2263683,David Guez,Alb Lim v Guez,70,2016-01-18 09:55:48.370,1.03,2016-01-18 10:30:00,
1.122645615,2263683,David Guez,Alb Lim v Guez,80,2016-01-18 10:25:16.816,1.04,2016-01-18 10:30:00,
1.122645615,2263683,David Guez,Alb Lim v Guez,90,2016-01-18 12:30:55.751,1.03,2016-01-18 12:34:00,2016-01-18 12:29:33.802
1.122645615,2263683,David Guez,Alb Lim v Guez,100,2016-01-18 12:33:54.167,1.05,2016-01-18 12:34:00,2016-01-18 12:29:33.802
1.122645628,10107989,Sabanov/Sabanov,Monteiro/Sakamoto v Sabanov/Sabanov,0,2016-01-19 13:14:14.485,1.27,2016-01-19 18:00:00,
1.122645628,10107989,Sabanov/Sabanov,Monteiro/Sakamoto v Sabanov/Sabanov,10,2016-01-19 15:32:36.356,1.39,2016-01-19 18:00:00,
1.122645628,10107989,Sabanov/Sabanov,Monteiro/Sakamoto v Sabanov/Sabanov,20,2016-01-19 17:55:27.038,1.43,2016-01-19 18:00:00,
1.122645628,10107989,Sabanov/Sabanov,Monteiro/Sakamoto v Sabanov/Sabanov,30,2016-01-19 18:32:37.932,1.45,2016-01-20 17:00:00,
1.122645628,10107989,Sabanov/Sabanov,Monteiro/Sakamoto v Sabanov/Sabanov,40,2016-01-19 20:13:22.271,1.45,2016-01-20 17:00:00,
1.122645628,10107989,Sabanov/Sabanov,Monteiro/Sakamoto v Sabanov/Sabanov,50,2016-01-20 11:18:29.488,1.48,2016-01-20 17:00:00,
1.122645628,10107989,Sabanov/Sabanov,Monteiro/Sakamoto v Sabanov/Sabanov,60,2016-01-20 15:16:30.128,1.39,2016-01-20 17:00:00,
1.122645628,10107989,Sabanov/Sabanov,Monteiro/Sakamoto v Sabanov/Sabanov,70,2016-01-20 15:27:20.036,1.4,2016-01-20 17:00:00,
1.122645628,10107989,Sabanov/Sabanov,Monteiro/Sakamoto v Sabanov/Sabanov,80,2016-01-21 14:02:20.772,1.38,2016-01-21 19:00:00,
1.122645628,10107989,Sabanov/Sabanov,Monteiro/Sakamoto v Sabanov/Sabanov,90,2016-01-21 18:56:10.365,1.29,2016-01-21 19:00:00,
1.122645628,10107989,Sabanov/Sabanov,Monteiro/Sakamoto v Sabanov/Sabanov,100,2016-01-21 21:26:53.610,1.29,2016-01-21 21:30:00,
1.122645628,10302603,Monteiro/Sakamoto,Monteiro/Sakamoto v Sabanov/Sabanov,0,2016-01-19 12:51:24.019,3.55,2016-01-19 18:00:00,
1.122645628,10302603,Monteiro/Sakamoto,Monteiro/Sakamoto v Sabanov/Sabanov,10,2016-01-19 12:53:28.567,3.45,2016-01-19 18:00:00,
1.122645628,10302603,Monteiro/Sakamoto,Monteiro/Sakamoto v Sabanov/Sabanov,20,2016-01-19 17:55:27.038,3.35,2016-01-19 18:00:00,
1.122645628,10302603,Monteiro/Sakamoto,Monteiro/Sakamoto v Sabanov/Sabanov,30,2016-01-19 19:22:23.452,3.45,2016-01-20 17:00:00,
1.122645628,10302603,Monteiro/Sakamoto,Monteiro/Sakamoto v Sabanov/Sabanov,40,2016-01-19 20:13:22.271,3.25,2016-01-20 17:00:00,
1.122645628,10302603,Monteiro/Sakamoto,Monteiro/Sakamoto v Sabanov/Sabanov,50,2016-01-20 12:41:17.556,3.1,2016-01-20 17:00:00,
1.122645628,10302603,Monteiro/Sakamoto,Monteiro/Sakamoto v Sabanov/Sabanov,60,2016-01-20 15:16:30.128,3.55,2016-01-20 17:00:00,
1.122645628,10302603,Monteiro/Sakamoto,Monteiro/Sakamoto v Sabanov/Sabanov,70,2016-01-20 15:18:31.009,3.6,2016-01-20 17:00:00,
1.122645628,10302603,Monteiro/Sakamoto,Monteiro/Sakamoto v Sabanov/Sabanov,80,2016-01-21 15:04:11.286,3.2,2016-01-21 19:00:00,
1.122645628,10302603,Monteiro/Sakamoto,Monteiro/Sakamoto v Sabanov/Sabanov,90,2016-01-21 20:54:25.004,4.6,2016-01-21 21:30:00,
1.122645628,10302603,Monteiro/Sakamoto,Monteiro/Sakamoto v Sabanov/Sabanov,100,2016-01-21 21:44:26.128,4.4,2016-01-21 21:45:00,
1.122645653,8397789,Ramirez Hidalgo/Riba,Ramirez Hidalgo/Riba v Cachin/Carballes Baena,0,2016-01-18 15:31:30.635,3.0,2016-01-18 20:00:00,
1.122645653,8397789,Ramirez Hidalgo/Riba,Ramirez Hidalgo/Riba v Cachin/Carballes Baena,10,2016-01-18 17:02:04.708,3.35,2016-01-18 20:00:00,
1.122645653,8397789,Ramirez Hidalgo/Riba,Ramirez Hidalgo/Riba v Cachin/Carballes Baena,20,2016-01-18 17:25:47.802,3.4,2016-01-18 20:00:00,
1.122645653,8397789,Ramirez Hidalgo/Riba,Ramirez Hidalgo/Riba v Cachin/Carballes Baena,30,2016-01-18 18:55:48.378,3.25,2016-01-18 20:00:00,
1.122645653,8397789,Ramirez Hidalgo/Riba,Ramirez Hidalgo/Riba v Cachin/Carballes Baena,40,2016-01-18 19:51:44.187,3.1,2016-01-18 20:00:00,
1.122645653,8397789,Ramirez Hidalgo/Riba,Ramirez Hidalgo/Riba v Cachin/Carballes Baena,50,2016-01-18 19:57:38.757,3.3,2016-01-18 20:05:00,
1.122645653,8397789,Ramirez Hidalgo/Riba,Ramirez Hidalgo/Riba v Cachin/Carballes Baena,60,2016-01-18 19:59:38.258,3.05,2016-01-18 20:05:00,
1.122645653,8397789,Ramirez Hidalgo/Riba,Ramirez Hidalgo/Riba v Cachin/Carballes Baena,70,2016-01-18 20:01:48.967,3.0,2016-01-18 20:05:00,
1.122645653,8397789,Ramirez Hidalgo/Riba,Ramirez Hidalgo/Riba v Cachin/Carballes Baena,80,2016-01-18 20:02:48.402,2.86,2016-01-18 20:05:00,
1.122645653,8397789,Ramirez Hidalgo/Riba,Ramirez Hidalgo/Riba v Cachin/Carballes Baena,90,2016-01-18 20:05:41.018,3.0,2016-01-18 20:14:00,
1.122645653,8397789,Ramirez Hidalgo/Riba,Ramirez Hidalgo/Riba v Cachin/Carballes Baena,100,2016-01-18 20:13:41.081,2.74,2016-01-18 20:14:00,
1.122645653,9704784,Cachin/Carballes Baena,Ramirez Hidalgo/Riba v Cachin/Carballes Baena,0,2016-01-18 15:53:29.212,1.43,2016-01-18 20:00:00,
1.122645653,9704784,Cachin/Carballes Baena,Ramirez Hidalgo/Riba v Cachin/Carballes Baena,10,2016-01-18 17:25:47.802,1.42,2016-01-18 20:00:00,
1.122645653,9704784,Cachin/Carballes Baena,Ramirez Hidalgo/Riba v Cachin/Carballes Baena,20,2016-01-18 18:55:48.378,1.45,2016-01-18 20:00:00,
1.122645653,9704784,Cachin/Carballes Baena,Ramirez Hidalgo/Riba v Cachin/Carballes Baena,30,2016-01-18 19:05:48.639,1.42,2016-01-18 20:00:00,
1.122645653,9704784,Cachin/Carballes Baena,Ramirez Hidalgo/Riba v Cachin/Carballes Baena,40,2016-01-18 19:23:38.006,1.44,2016-01-18 20:00:00,
1.122645653,9704784,Cachin/Carballes Baena,Ramirez Hidalgo/Riba v Cachin/Carballes Baena,50,2016-01-18 19:54:41.732,1.48,2016-01-18 20:00:00,
1.122645653,9704784,Cachin/Carballes Baena,Ramirez Hidalgo/Riba v Cachin/Carballes Baena,60,2016-01-18 19:57:38.757,1.43,2016-01-18 20:05:00,
1.122645653,9704784,Cachin/Carballes Baena,Ramirez Hidalgo/Riba v Cachin/Carballes Baena,70,2016-01-18 19:59:38.258,1.48,2016-01-18 20:05:00,
1.122645653,9704784,Cachin/Carballes Baena,Ramirez Hidalgo/Riba v Cachin/Carballes Baena,80,2016-01-18 20:01:48.967,1.5,2016-01-18 20:05:00,
1.122645653,9704784,Cachin/Carballes Baena,Ramirez Hidalgo/Riba v Cachin/Carballes Baena,90,2016-01-18 20:02:48.402,1.51,2016-01-18 20:05:00,
1.122645653,9704784,Cachin/Carballes Baena,Ramirez Hidalgo/Riba v Cachin/Carballes Baena,100,2016-01-18 20:10:43.816,1.57,2016-01-18 20:14:00,
1.122649234,9003513,Nathaly Kurata,Nathaly Kurata v Nathalia Rossi,0,2016-01-18 08:16:03.227,1.66,2016-01-18 13:00:00,
1.122649234,9003513,Nathaly Kurata,Nathaly Kurata v Nathalia Rossi,10,2016-01-18 08:29:23.285,1.63,2016-01-18 13:00:00,
1.122649234,9003513,Nathaly Kurata,Nathaly Kurata v Nathalia Rossi,20,2016-01-18 08:32:38.644,1.62,2016-01-18 13:00:00,
1.122649234,9003513,Nathaly Kurata,Nathaly Kurata v Nathalia Rossi,30,2016-01-18 10:11:10.560,1.66,2016-01-18 13:00:00,
1.122649234,9003513,Nathaly Kurata,Nathaly Kurata v Nathalia Rossi,40,2016-01-18 10:27:26.269,1.63,2016-01-18 13:00:00,
1.122649234,9003513,Nathaly Kurata,Nathaly Kurata v Nathalia Rossi,50,2016-01-18 10:42:43.291,1.6,2016-01-18 13:00:00,
1.122649234,9003513,Nathaly Kurata,Nathaly Kurata v Nathalia Rossi,60,2016-01-18 12:01:12.379,1.62,2016-01-18 13:00:00,
1.122649234,9003513,Nathaly Kurata,Nathaly Kurata v Nathalia Rossi,70,2016-01-18 12:22:16.620,1.59,2016-01-18 13:00:00,
1.122649234,9003513,Nathaly Kurata,Nathaly Kurata v Nathalia Rossi,80,2016-01-18 12:30:56.452,1.52,2016-01-18 13:00:00,
1.122649234,9003513,Nathaly Kurata,Nathaly Kurata v Nathalia Rossi,90,2016-01-18 12:56:25.417,1.59,2016-01-18 13:00:00,
1.122649234,9003513,Nathaly Kurata,Nathaly Kurata v Nathalia Rossi,100,2016-01-18 12:59:32.377,1.66,2016-01-18 13:00:00,
1.122649236,9151665,Rebecca Sramkova,Rebecca Sramkova v Marina Kachar,0,2016-01-18 10:42:43.343,1.56,2016-01-18 21:00:00,
1.122649236,9151665,Rebecca Sramkova,Rebecca Sramkova v Marina Kachar,10,2016-01-18 12:05:35.608,1.55,2016-01-18 21:00:00,
1.122649236,9151665,Rebecca Sramkova,Rebecca Sramkova v Marina Kachar,20,2016-01-18 13:07:44.546,1.59,2016-01-18 21:00:00,
1.122649236,9151665,Rebecca Sramkova,Rebecca Sramkova v Marina Kachar,30,2016-01-18 16:35:00.788,1.63,2016-01-18 21:00:00,
1.122649236,9151665,Rebecca Sramkova,Rebecca Sramkova v Marina Kachar,40,2016-01-18 17:23:17.174,1.57,2016-01-18 21:00:00,
1.122649236,9151665,Rebecca Sramkova,Rebecca Sramkova v Marina Kachar,50,2016-01-18 18:00:19.927,1.61,2016-01-18 21:00:00,
1.122649236,9151665,Rebecca Sramkova,Rebecca Sramkova v Marina Kachar,60,2016-01-18 19:16:31.467,1.57,2016-01-18 21:00:00,
1.122649236,9151665,Rebecca Sramkova,Rebecca Sramkova v Marina Kachar,70,2016-01-18 20:35:15.644,1.6,2016-01-18 21:00:00,
1.122649236,9151665,Rebecca Sramkova,Rebecca Sramkova v Marina Kachar,80,2016-01-18 20:41:55.217,1.59,2016-01-18 21:00:00,
1.122649236,9151665,Rebecca Sramkova,Rebecca Sramkova v Marina Kachar,90,2016-01-18 20:55:18.489,1.55,2016-01-18 21:00:00,
1.122649236,9151665,Rebecca Sramkova,Rebecca Sramkova v Marina Kachar,100,2016-01-18 20:58:22.044,1.57,2016-01-18 21:00:00,
1.122651001,3019240,Thomas Fabbiano,Mektic v Fabbiano,0,2016-01-18 15:11:34.585,1.59,2016-01-19 06:30:00,
1.122651001,3019240,Thomas Fabbiano,Mektic v Fabbiano,10,2016-01-18 15:45:23.276,1.51,2016-01-19 06:30:00,
1.122651001,3019240,Thomas Fabbiano,Mektic v Fabbiano,20,2016-01-18 20:35:24.570,1.43,2016-01-19 06:30:00,
1.122651001,3019240,Thomas Fabbiano,Mektic v Fabbiano,30,2016-01-18 20:35:58.560,1.45,2016-01-19 06:30:00,
1.122651001,3019240,Thomas Fabbiano,Mektic v Fabbiano,40,2016-01-18 22:54:34.363,1.46,2016-01-19 06:30:00,
1.122651001,3019240,Thomas Fabbiano,Mektic v Fabbiano,50,2016-01-19 02:34:47.860,1.42,2016-01-19 06:30:00,
1.122651001,3019240,Thomas Fabbiano,Mektic v Fabbiano,60,2016-01-19 04:02:25.454,1.41,2016-01-19 06:30:00,
1.122651001,3019240,Thomas Fabbiano,Mektic v Fabbiano,70,2016-01-19 04:37:35.073,1.46,2016-01-19 06:30:00,
1.122651001,3019240,Thomas Fabbiano,Mektic v Fabbiano,80,2016-01-19 06:20:35.054,1.42,2016-01-19 06:30:00,
1.122651001,3019240,Thomas Fabbiano,Mektic v Fabbiano,90,2016-01-19 06:21:32.391,1.46,2016-01-19 06:30:00,
1.122651001,3019240,Thomas Fabbiano,Mektic v Fabbiano,100,2016-01-19 06:27:30.877,1.42,2016-01-19 06:30:00,
1.122651001,3658467,Nikola Mektic,Mektic v Fabbiano,0,2016-01-18 15:11:34.585,2.7,2016-01-19 06:30:00,
1.122651001,3658467,Nikola Mektic,Mektic v Fabbiano,10,2016-01-18 15:45:23.276,2.98,2016-01-19 06:30:00,
1.122651001,3658467,Nikola Mektic,Mektic v Fabbiano,20,2016-01-18 22:54:34.363,3.15,2016-01-19 06:30:00,
1.122651001,3658467,Nikola Mektic,Mektic v Fabbiano,30,2016-01-19 01:20:08.060,3.2,2016-01-19 06:30:00,
1.122651001,3658467,Nikola Mektic,Mektic v Fabbiano,40,2016-01-19 02:34:47.860,3.4,2016-01-19 06:30:00,
1.122651001,3658467,Nikola Mektic,Mektic v Fabbiano,50,2016-01-19 04:36:28.843,3.15,2016-01-19 06:30:00,
1.122651001,3658467,Nikola Mektic,Mektic v Fabbiano,60,2016-01-19 05:10:28.322,3.2,2016-01-19 06:30:00,
1.122651001,3658467,Nikola Mektic,Mektic v Fabbiano,70,2016-01-19 06:22:15.079,3.1,2016-01-19 06:30:00,
1.122651001,3658467,Nikola Mektic,Mektic v Fabbiano,80,2016-01-19 06:23:09.205,3.15,2016-01-19 06:30:00,
1.122651001,3658467,Nikola Mektic,Mektic v Fabbiano,90,2016-01-19 06:24:13.282,3.1,2016-01-19 06:30:00,
1.122651001,3658467,Nikola Mektic,Mektic v Fabbiano,100,2016-01-19 06:28:24.994,3.1,2016-01-19 06:30:00,
1.122651043,2263634,Lukas Lacko,Jim Wang v Lacko,0,2016-01-18 19:29:58.101,1.45,2016-01-19 04:45:00,
1.122651043,2263634,Lukas Lacko,Jim Wang v Lacko,10,2016-01-18 19:56:45.558,1.46,2016-01-19 04:45:00,
1.122651043,2263634,Lukas Lacko,Jim Wang v Lacko,20,2016-01-18 20:35:41.339,1.5,2016-01-19 04:45:00,
1.122651043,2263634,Lukas Lacko,Jim Wang v Lacko,30,2016-01-18 21:36:04.308,1.46,2016-01-19 04:45:00,
1.122651043,2263634,Lukas Lacko,Jim Wang v Lacko,40,2016-01-19 01:19:52.979,1.51,2016-01-19 04:45:00,
1.122651043,2263634,Lukas Lacko,Jim Wang v Lacko,50,2016-01-19 01:25:06.999,1.41,2016-01-19 04:45:00,
1.122651043,2263634,Lukas Lacko,Jim Wang v Lacko,60,2016-01-19 03:02:21.405,1.5,2016-01-19 04:45:00,
1.122651043,2263634,Lukas Lacko,Jim Wang v Lacko,70,2016-01-19 03:33:41.512,1.4,2016-01-19 04:45:00,
1.122651043,2263634,Lukas Lacko,Jim Wang v Lacko,80,2016-01-19 03:38:03.969,1.48,2016-01-19 04:45:00,
1.122651043,2263634,Lukas Lacko,Jim Wang v Lacko,90,2016-01-19 03:51:03.004,1.46,2016-01-19 04:45:00,
1.122651043,2263634,Lukas Lacko,Jim Wang v Lacko,100,2016-01-19 04:36:06.002,1.5,2016-01-19 04:45:00,
1.122651428,7216519,Oriol Roca Batalla,Zhe Li v Roca Batalla,0,2016-01-19 14:51:38.763,2.04,2016-01-20 05:45:00,
1.122651428,7216519,Oriol Roca Batalla,Zhe Li v Roca Batalla,10,2016-01-19 19:25:18.665,1.93,2016-01-20 05:45:00,
1.122651428,7216519,Oriol Roca Batalla,Zhe Li v Roca Batalla,20,2016-01-19 19:42:12.678,1.76,2016-01-20 05:45:00,
1.122651428,7216519,Oriol Roca Batalla,Zhe Li v Roca Batalla,30,2016-01-20 01:51:36.632,1.88,2016-01-20 05:45:00,
1.122651428,7216519,Oriol Roca Batalla,Zhe Li v Roca Batalla,40,2016-01-20 04:08:36.111,1.81,2016-01-20 05:45:00,
1.122651428,7216519,Oriol Roca Batalla,Zhe Li v Roca Batalla,50,2016-01-20 04:30:32.489,1.82,2016-01-20 05:45:00,
1.122651428,7216519,Oriol Roca Batalla,Zhe Li v Roca Batalla,60,2016-01-20 04:50:55.785,1.87,2016-01-20 05:45:00,
1.122651428,7216519,Oriol Roca Batalla,Zhe Li v Roca Batalla,70,2016-01-20 05:28:02.993,1.8,2016-01-20 05:45:00,
1.122651428,7216519,Oriol Roca Batalla,Zhe Li v Roca Batalla,80,2016-01-20 06:23:37.643,1.71,2016-01-20 06:31:00,
1.122651428,7216519,Oriol Roca Batalla,Zhe Li v Roca Batalla,90,2016-01-20 06:26:03.455,1.79,2016-01-20 06:31:00,
1.122651428,7216519,Oriol Roca Batalla,Zhe Li v Roca Batalla,100,2016-01-20 06:29:32.204,1.65,2016-01-20 06:31:00,
1.122659714,7083752,Beatriz Haddad Maia,Julieta Estable v Beatriz Haddad Maia,0,2016-01-19 13:57:45.466,1.45,2016-01-19 19:00:00,
1.122659714,7083752,Beatriz Haddad Maia,Julieta Estable v Beatriz Haddad Maia,10,2016-01-19 14:48:11.093,1.48,2016-01-19 19:00:00,
1.122659714,7083752,Beatriz Haddad Maia,Julieta Estable v Beatriz Haddad Maia,20,2016-01-19 16:53:56.328,1.46,2016-01-19 19:00:00,2016-01-19 16:43:02.362
1.122659714,7083752,Beatriz Haddad Maia,Julieta Estable v Beatriz Haddad Maia,30,2016-01-19 16:56:42.471,1.41,2016-01-19 19:00:00,2016-01-19 16:43:02.362
1.122659714,7083752,Beatriz Haddad Maia,Julieta Estable v Beatriz Haddad Maia,40,2016-01-19 17:30:40.416,1.52,2016-01-19 19:00:00,2016-01-19 16:43:02.362
1.122659714,7083752,Beatriz Haddad Maia,Julieta Estable v Beatriz Haddad Maia,50,2016-01-19 17:42:42.560,1.43,2016-01-19 19:00:00,2016-01-19 16:43:02.362
1.122659714,7083752,Beatriz Haddad Maia,Julieta Estable v Beatriz Haddad Maia,60,2016-01-19 17:43:58.729,1.45,2016-01-19 19:00:00,2016-01-19 16:43:02.362
1.122659714,7083752,Beatriz Haddad Maia,Julieta Estable v Beatriz Haddad Maia,70,2016-01-19 18:03:42.752,1.49,2016-01-19 19:00:00,2016-01-19 16:43:02.362
1.122659714,7083752,Beatriz Haddad Maia,Julieta Estable v Beatriz Haddad Maia,80,2016-01-19 18:08:35.660,1.44,2016-01-19 19:00:00,2016-01-19 16:43:02.362
1.122659714,7083752,Beatriz Haddad Maia,Julieta Estable v Beatriz Haddad Maia,90,2016-01-19 18:17:39.288,1.44,2016-01-19 19:00:00,2016-01-19 16:43:02.362
1.122659714,7083752,Beatriz Haddad Maia,Julieta Estable v Beatriz Haddad Maia,100,2016-01-19 18:52:30.038,1.44,2016-01-19 19:00:00,2016-01-19 16:43:02.362
1.122659726,8174361,Jose Pereira,J Pereira v Geens,0,2016-01-19 10:18:13.199,1.42,2016-01-19 12:00:00,
1.122659726,8174361,Jose Pereira,J Pereira v Geens,10,2016-01-19 11:35:35.501,1.54,2016-01-19 14:00:00,
1.122659726,8174361,Jose Pereira,J Pereira v Geens,20,2016-01-19 13:12:36.574,1.49,2016-01-19 14:00:00,
1.122659726,8174361,Jose Pereira,J Pereira v Geens,30,2016-01-19 13:56:48.534,1.46,2016-01-19 14:00:00,
1.122659726,8174361,Jose Pereira,J Pereira v Geens,40,2016-01-19 18:12:49.461,1.5,2016-01-20 13:45:00,
1.122659726,8174361,Jose Pereira,J Pereira v Geens,50,2016-01-19 18:42:37.640,1.48,2016-01-20 13:45:00,
1.122659726,8174361,Jose Pereira,J Pereira v Geens,60,2016-01-19 22:09:47.853,1.47,2016-01-20 13:45:00,
1.122659726,8174361,Jose Pereira,J Pereira v Geens,70,2016-01-20 03:28:49.369,1.48,2016-01-20 13:45:00,
1.122659726,8174361,Jose Pereira,J Pereira v Geens,80,2016-01-20 13:25:36.586,1.44,2016-01-20 15:15:00,
1.122659726,8174361,Jose Pereira,J Pereira v Geens,90,2016-01-20 15:43:14.188,1.45,2016-01-20 17:30:00,
1.122659726,8174361,Jose Pereira,J Pereira v Geens,100,2016-01-20 18:36:49.617,1.36,2016-01-20 18:37:00,2016-01-20 18:36:49.617
1.12265973,4876705,Gerald Melzer,Neis v G Melzer,0,2016-01-19 11:30:29.797,1.16,2016-01-19 17:00:00,
1.12265973,4876705,Gerald Melzer,Neis v G Melzer,10,2016-01-19 16:10:52.675,1.12,2016-01-19 17:00:00,
1.12265973,4876705,Gerald Melzer,Neis v G Melzer,20,2016-01-19 21:25:48.195,1.11,2016-01-20 12:00:00,
1.12265973,4876705,Gerald Melzer,Neis v G Melzer,30,2016-01-20 01:55:47.342,1.16,2016-01-20 12:00:00,
1.12265973,4876705,Gerald Melzer,Neis v G Melzer,40,2016-01-20 06:28:02.006,1.14,2016-01-20 12:00:00,
1.12265973,4876705,Gerald Melzer,Neis v G Melzer,50,2016-01-20 09:29:53.295,1.11,2016-01-20 12:00:00,
1.12265973,4876705,Gerald Melzer,Neis v G Melzer,60,2016-01-20 12:15:50.243,1.12,2016-01-20 13:30:00,
1.12265973,4876705,Gerald Melzer,Neis v G Melzer,70,2016-01-20 13:04:49.688,1.13,2016-01-20 13:30:00,
1.12265973,4876705,Gerald Melzer,Neis v G Melzer,80,2016-01-20 13:24:52.557,1.14,2016-01-20 13:30:00,
1.12265973,4876705,Gerald Melzer,Neis v G Melzer,90,2016-01-20 17:09:30.320,1.25,2016-01-20 18:30:00,
1.12265973,4876705,Gerald Melzer,Neis v G Melzer,100,2016-01-20 21:01:29.522,1.16,2016-01-20 21:04:00,
1.122659734,5829498,Peter Torebko,Torebko v Kicker,0,2016-01-19 11:32:52.592,3.05,2016-01-19 14:00:00,
1.122659734,5829498,Peter Torebko,Torebko v Kicker,10,2016-01-19 12:02:52.137,2.94,2016-01-19 14:00:00,
1.122659734,5829498,Peter Torebko,Torebko v Kicker,20,2016-01-19 12:45:42.552,2.68,2016-01-19 14:00:00,
1.122659734,5829498,Peter Torebko,Torebko v Kicker,30,2016-01-19 12:58:52.513,2.72,2016-01-19 14:00:00,
1.122659734,5829498,Peter Torebko,Torebko v Kicker,40,2016-01-19 13:15:44.098,2.92,2016-01-19 14:00:00,
1.122659734,5829498,Peter Torebko,Torebko v Kicker,50,2016-01-19 18:13:55.576,2.92,2016-01-20 13:45:00,
1.122659734,5829498,Peter Torebko,Torebko v Kicker,60,2016-01-20 07:08:46.396,2.8,2016-01-20 13:45:00,
1.122659734,5829498,Peter Torebko,Torebko v Kicker,70,2016-01-20 16:35:16.484,3.25,2016-01-20 17:30:00,
1.122659734,5829498,Peter Torebko,Torebko v Kicker,80,2016-01-20 17:11:52.512,3.05,2016-01-20 17:30:00,
1.122659734,5829498,Peter Torebko,Torebko v Kicker,90,2016-01-20 17:44:51.057,2.72,2016-01-20 17:51:00,
1.122659734,5829498,Peter Torebko,Torebko v Kicker,100,2016-01-20 17:48:59.905,3.05,2016-01-20 17:51:00,
1.122659734,8326744,Nicolas Kicker,Torebko v Kicker,0,2016-01-19 07:50:54.349,1.5,2016-01-19 12:00:00,
1.122659734,8326744,Nicolas Kicker,Torebko v Kicker,10,2016-01-19 11:54:43.261,1.44,2016-01-19 14:00:00,
1.122659734,8326744,Nicolas Kicker,Torebko v Kicker,20,2016-01-19 12:11:53.081,1.48,2016-01-19 14:00:00,
1.122659734,8326744,Nicolas Kicker,Torebko v Kicker,30,2016-01-19 12:50:50.765,1.58,2016-01-19 14:00:00,
1.122659734,8326744,Nicolas Kicker,Torebko v Kicker,40,2016-01-19 13:09:52.904,1.47,2016-01-19 14:00:00,
1.122659734,8326744,Nicolas Kicker,Torebko v Kicker,50,2016-01-19 13:50:37.699,1.51,2016-01-19 14:00:00,
1.122659734,8326744,Nicolas Kicker,Torebko v Kicker,60,2016-01-19 19:49:49.109,1.49,2016-01-20 13:45:00,
1.122659734,8326744,Nicolas Kicker,Torebko v Kicker,70,2016-01-20 10:53:54.950,1.45,2016-01-20 13:45:00,
1.122659734,8326744,Nicolas Kicker,Torebko v Kicker,80,2016-01-20 17:11:52.512,1.46,2016-01-20 17:30:00,
1.122659734,8326744,Nicolas Kicker,Torebko v Kicker,90,2016-01-20 17:28:43.057,1.57,2016-01-20 17:30:00,
1.122659734,8326744,Nicolas Kicker,Torebko v Kicker,100,2016-01-20 17:48:59.905,1.49,2016-01-20 17:51:00,
1.122659738,6129383,Facundo Arguello,F Arguello v G Escobar,0,2016-01-19 07:51:19.504,1.47,2016-01-19 12:00:00,
1.122659738,6129383,Facundo Arguello,F Arguello v G Escobar,10,2016-01-19 11:34:58.582,1.48,2016-01-19 14:00:00,
1.122659738,6129383,Facundo Arguello,F Arguello v G Escobar,20,2016-01-19 13:12:57.251,1.36,2016-01-19 14:00:00,
1.122659738,6129383,Facundo Arguello,F Arguello v G Escobar,30,2016-01-19 13:42:13.880,1.44,2016-01-19 14:00:00,
1.122659738,6129383,Facundo Arguello,F Arguello v G Escobar,40,2016-01-19 14:50:01.597,1.35,2016-01-19 18:00:00,
1.122659738,6129383,Facundo Arguello,F Arguello v G Escobar,50,2016-01-19 17:18:01.656,1.36,2016-01-19 18:00:00,
1.122659738,6129383,Facundo Arguello,F Arguello v G Escobar,60,2016-01-19 18:21:00.129,1.35,2016-01-20 12:00:00,
1.122659738,6129383,Facundo Arguello,F Arguello v G Escobar,70,2016-01-20 03:26:44.246,1.44,2016-01-20 12:00:00,
1.122659738,6129383,Facundo Arguello,F Arguello v G Escobar,80,2016-01-20 09:32:26.334,1.37,2016-01-20 12:00:00,
1.122659738,6129383,Facundo Arguello,F Arguello v G Escobar,90,2016-01-20 12:52:56.195,1.34,2016-01-20 14:00:00,
1.122659738,6129383,Facundo Arguello,F Arguello v G Escobar,100,2016-01-20 16:34:02.174,1.5,2016-01-20 16:35:00,2016-01-20 16:33:03.384
1.122659738,7660810,Gonzalo Escobar,F Arguello v G Escobar,0,2016-01-19 09:12:58.148,2.94,2016-01-19 12:00:00,
1.122659738,7660810,Gonzalo Escobar,F Arguello v G Escobar,10,2016-01-19 11:35:24.012,3.5,2016-01-19 14:00:00,
1.122659738,7660810,Gonzalo Escobar,F Arguello v G Escobar,20,2016-01-19 12:29:48.572,3.25,2016-01-19 14:00:00,
1.122659738,7660810,Gonzalo Escobar,F Arguello v G Escobar,30,2016-01-19 13:12:00.873,3.65,2016-01-19 14:00:00,
1.122659738,7660810,Gonzalo Escobar,F Arguello v G Escobar,40,2016-01-19 13:42:13.880,3.25,2016-01-19 14:00:00,
1.122659738,7660810,Gonzalo Escobar,F Arguello v G Escobar,50,2016-01-19 17:18:01.656,3.85,2016-01-19 18:00:00,
1.122659738,7660810,Gonzalo Escobar,F Arguello v G Escobar,60,2016-01-20 00:14:33.908,3.25,2016-01-20 12:00:00,
1.122659738,7660810,Gonzalo Escobar,F Arguello v G Escobar,70,2016-01-20 07:18:00.209,3.8,2016-01-20 12:00:00,
1.122659738,7660810,Gonzalo Escobar,F Arguello v G Escobar,80,2016-01-20 12:11:37.195,3.65,2016-01-20 14:00:00,
1.122659738,7660810,Gonzalo Escobar,F Arguello v G Escobar,90,2016-01-20 13:57:22.321,3.9,2016-01-20 14:00:00,
1.122659738,7660810,Gonzalo Escobar,F Arguello v G Escobar,100,2016-01-20 16:33:03.384,3.5,2016-01-20 16:35:00,2016-01-20 16:33:03.384
1.122659742,2257299,Ruben Ramirez Hidalgo,Ramirez Hidalgo v Collarini,0,2016-01-19 09:09:40.594,2.26,2016-01-19 15:30:00,
1.122659742,2257299,Ruben Ramirez Hidalgo,Ramirez Hidalgo v Collarini,10,2016-01-19 13:42:10.100,2.04,2016-01-19 17:00:00,
1.122659742,2257299,Ruben Ramirez Hidalgo,Ramirez Hidalgo v Collarini,20,2016-01-19 15:02:51.930,2.2,2016-01-19 17:00:00,
1.122659742,2257299,Ruben Ramirez Hidalgo,Ramirez Hidalgo v Collarini,30,2016-01-19 16:59:03.166,2.16,2016-01-19 17:00:00,
1.122659742,2257299,Ruben Ramirez Hidalgo,Ramirez Hidalgo v Collarini,40,2016-01-19 18:35:07.211,2.26,2016-01-20 12:00:00,
1.122659742,2257299,Ruben Ramirez Hidalgo,Ramirez Hidalgo v Collarini,50,2016-01-20 10:08:43.587,2.3,2016-01-20 12:00:00,
1.122659742,2257299,Ruben Ramirez Hidalgo,Ramirez Hidalgo v Collarini,60,2016-01-20 10:26:02.598,2.5,2016-01-20 12:00:00,
1.122659742,2257299,Ruben Ramirez Hidalgo,Ramirez Hidalgo v Collarini,70,2016-01-20 11:38:08.897,2.32,2016-01-20 14:00:00,
1.122659742,2257299,Ruben Ramirez Hidalgo,Ramirez Hidalgo v Collarini,80,2016-01-20 11:38:37.272,2.3,2016-01-20 14:00:00,
1.122659742,2257299,Ruben Ramirez Hidalgo,Ramirez Hidalgo v Collarini,90,2016-01-20 12:17:09.444,2.18,2016-01-20 14:00:00,
1.122659742,2257299,Ruben Ramirez Hidalgo,Ramirez Hidalgo v Collarini,100,2016-01-20 16:32:10.629,2.28,2016-01-20 16:33:00,
1.122659742,8284716,Andrea Collarini,Ramirez Hidalgo v Collarini,0,2016-01-19 09:09:40.594,1.8,2016-01-19 15:30:00,
1.122659742,8284716,Andrea Collarini,Ramirez Hidalgo v Collarini,10,2016-01-19 11:50:27.648,1.97,2016-01-19 17:00:00,
1.122659742,8284716,Andrea Collarini,Ramirez Hidalgo v Collarini,20,2016-01-19 14:49:38.866,1.85,2016-01-19 17:00:00,
1.122659742,8284716,Andrea Collarini,Ramirez Hidalgo v Collarini,30,2016-01-19 16:59:03.166,1.87,2016-01-19 17:00:00,
1.122659742,8284716,Andrea Collarini,Ramirez Hidalgo v Collarini,40,2016-01-20 00:46:57.954,1.69,2016-01-20 12:00:00,
1.122659742,8284716,Andrea Collarini,Ramirez Hidalgo v Collarini,50,2016-01-20 10:12:01.382,1.68,2016-01-20 12:00:00,
1.122659742,8284716,Andrea Collarini,Ramirez Hidalgo v Collarini,60,2016-01-20 10:46:08.545,1.72,2016-01-20 12:00:00,
1.122659742,8284716,Andrea Collarini,Ramirez Hidalgo v Collarini,70,2016-01-20 11:45:08.888,1.77,2016-01-20 14:00:00,
1.122659742,8284716,Andrea Collarini,Ramirez Hidalgo v Collarini,80,2016-01-20 12:02:57.026,1.83,2016-01-20 14:00:00,
1.122659742,8284716,Andrea Collarini,Ramirez Hidalgo v Collarini,90,2016-01-20 12:35:55.929,1.87,2016-01-20 14:00:00,
1.122659742,8284716,Andrea Collarini,Ramirez Hidalgo v Collarini,100,2016-01-20 16:32:10.629,1.77,2016-01-20 16:33:00,
1.122659942,3288385,Asia Muhammad,Asia Muhammad v Andrea Gamiz,0,2016-01-19 14:50:23.932,1.39,2016-01-19 17:40:00,
1.122659942,3288385,Asia Muhammad,Asia Muhammad v Andrea Gamiz,10,2016-01-19 15:31:34.151,1.38,2016-01-19 17:40:00,
1.122659942,3288385,Asia Muhammad,Asia Muhammad v Andrea Gamiz,20,2016-01-19 16:35:33.656,1.45,2016-01-19 18:10:00,
1.122659942,3288385,Asia Muhammad,Asia Muhammad v Andrea Gamiz,30,2016-01-19 17:03:30.604,1.45,2016-01-19 18:40:00,
1.122659942,3288385,Asia Muhammad,Asia Muhammad v Andrea Gamiz,40,2016-01-19 18:38:43.243,1.39,2016-01-19 19:20:00,
1.122659942,3288385,Asia Muhammad,Asia Muhammad v Andrea Gamiz,50,2016-01-19 18:59:33.009,1.56,2016-01-19 19:20:00,
1.122659942,3288385,Asia Muhammad,Asia Muhammad v Andrea Gamiz,60,2016-01-19 19:26:28.871,1.57,2016-01-19 19:30:00,
1.122659942,3288385,Asia Muhammad,Asia Muhammad v Andrea Gamiz,70,2016-01-19 19:30:39.510,1.43,2016-01-19 19:40:00,
1.122659942,3288385,Asia Muhammad,Asia Muhammad v Andrea Gamiz,80,2016-01-19 19:39:45.875,1.58,2016-01-19 19:50:00,
1.122659942,3288385,Asia Muhammad,Asia Muhammad v Andrea Gamiz,90,2016-01-19 19:54:22.098,1.36,2016-01-19 20:00:00,
1.122659942,3288385,Asia Muhammad,Asia Muhammad v Andrea Gamiz,100,2016-01-19 20:24:42.346,1.36,2016-01-19 20:30:00,
1.122659944,5892551,Alexandra Cadantu,Natela Dzalamidze v Alexandra Cadantu,0,2016-01-19 14:50:37.653,1.36,2016-01-19 17:40:00,
1.122659944,5892551,Alexandra Cadantu,Natela Dzalamidze v Alexandra Cadantu,10,2016-01-19 16:33:21.026,1.37,2016-01-19 18:10:00,
1.122659944,5892551,Alexandra Cadantu,Natela Dzalamidze v Alexandra Cadantu,20,2016-01-19 17:57:41.509,1.35,2016-01-19 18:10:00,
1.122659944,5892551,Alexandra Cadantu,Natela Dzalamidze v Alexandra Cadantu,30,2016-01-19 18:27:38.036,1.31,2016-01-19 18:40:00,
1.122659944,5892551,Alexandra Cadantu,Natela Dzalamidze v Alexandra Cadantu,40,2016-01-19 18:34:37.482,1.29,2016-01-19 18:40:00,
1.122659944,5892551,Alexandra Cadantu,Natela Dzalamidze v Alexandra Cadantu,50,2016-01-19 18:50:42.075,1.34,2016-01-19 19:00:00,
1.122659944,5892551,Alexandra Cadantu,Natela Dzalamidze v Alexandra Cadantu,60,2016-01-19 19:18:50.053,1.33,2016-01-19 19:30:00,
1.122659944,5892551,Alexandra Cadantu,Natela Dzalamidze v Alexandra Cadantu,70,2016-01-19 19:26:38.265,1.26,2016-01-19 19:30:00,
1.122659944,5892551,Alexandra Cadantu,Natela Dzalamidze v Alexandra Cadantu,80,2016-01-19 19:51:14.986,1.3,2016-01-19 19:55:00,
1.122659944,5892551,Alexandra Cadantu,Natela Dzalamidze v Alexandra Cadantu,90,2016-01-19 19:53:27.292,1.32,2016-01-19 19:55:00,
1.122659944,5892551,Alexandra Cadantu,Natela Dzalamidze v Alexandra Cadantu,100,2016-01-19 19:54:11.771,1.3,2016-01-19 19:55:00,
1.122661243,2263632,Marco Chiudinelli,Vanni v Chiudinelli,0,2016-01-19 17:10:34.456,2.5,2016-01-20 04:00:00,
1.122661243,2263632,Marco Chiudinelli,Vanni v Chiudinelli,10,2016-01-19 18:16:20.014,2.56,2016-01-20 04:00:00,
1.122661243,2263632,Marco Chiudinelli,Vanni v Chiudinelli,20,2016-01-19 18:46:19.598,2.6,2016-01-20 04:00:00,
1.122661243,2263632,Marco Chiudinelli,Vanni v Chiudinelli,30,2016-01-20 00:27:31.889,2.68,2016-01-20 04:00:00,
1.122661243,2263632,Marco Chiudinelli,Vanni v Chiudinelli,40,2016-01-20 01:23:53.763,2.88,2016-01-20 04:00:00,
1.122661243,2263632,Marco Chiudinelli,Vanni v Chiudinelli,50,2016-01-20 02:00:24.769,2.86,2016-01-20 04:00:00,
1.122661243,2263632,Marco Chiudinelli,Vanni v Chiudinelli,60,2016-01-20 02:07:32.514,2.84,2016-01-20 04:00:00,
1.122661243,2263632,Marco Chiudinelli,Vanni v Chiudinelli,70,2016-01-20 03:38:08.584,2.8,2016-01-20 04:00:00,
1.122661243,2263632,Marco Chiudinelli,Vanni v Chiudinelli,80,2016-01-20 03:43:58.038,2.88,2016-01-20 04:00:00,
1.122661243,2263632,Marco Chiudinelli,Vanni v Chiudinelli,90,2016-01-20 03:49:35.319,2.86,2016-01-20 04:00:00,
1.122661243,2263632,Marco Chiudinelli,Vanni v Chiudinelli,100,2016-01-20 03:59:30.459,2.78,2016-01-20 04:00:00,
1.122661243,8681900,Luca Vanni,Vanni v Chiudinelli,0,2016-01-19 12:58:44.551,1.88,2016-01-20 04:00:00,
1.122661243,8681900,Luca Vanni,Vanni v Chiudinelli,10,2016-01-19 14:51:15.028,1.67,2016-01-20 04:00:00,
1.122661243,8681900,Luca Vanni,Vanni v Chiudinelli,20,2016-01-19 18:16:20.014,1.64,2016-01-20 04:00:00,
1.122661243,8681900,Luca Vanni,Vanni v Chiudinelli,30,2016-01-19 20:30:34.792,1.63,2016-01-20 04:00:00,
1.122661243,8681900,Luca Vanni,Vanni v Chiudinelli,40,2016-01-19 23:23:30.280,1.6,2016-01-20 04:00:00,
1.122661243,8681900,Luca Vanni,Vanni v Chiudinelli,50,2016-01-20 00:28:15.051,1.51,2016-01-20 04:00:00,
1.122661243,8681900,Luca Vanni,Vanni v Chiudinelli,60,2016-01-20 00:47:52.643,1.53,2016-01-20 04:00:00,
1.122661243,8681900,Luca Vanni,Vanni v Chiudinelli,70,2016-01-20 02:00:24.769,1.53,2016-01-20 04:00:00,
1.122661243,8681900,Luca Vanni,Vanni v Chiudinelli,80,2016-01-20 02:04:14.895,1.54,2016-01-20 04:00:00,
1.122661243,8681900,Luca Vanni,Vanni v Chiudinelli,90,2016-01-20 03:32:32.923,1.55,2016-01-20 04:00:00,
1.122661243,8681900,Luca Vanni,Vanni v Chiudinelli,100,2016-01-20 03:59:30.459,1.56,2016-01-20 04:00:00,
1.122661659,2263536,Mikhail Youzhny,Y Mertens v Youzhny,0,2016-01-20 03:59:00.398,1.16,2016-01-21 04:00:00,
1.122661659,2263536,Mikhail Youzhny,Y Mertens v Youzhny,10,2016-01-20 10:57:36.930,1.14,2016-01-21 04:00:00,
1.122661659,2263536,Mikhail Youzhny,Y Mertens v Youzhny,20,2016-01-20 15:28:15.285,1.17,2016-01-21 08:30:00,
1.122661659,2263536,Mikhail Youzhny,Y Mertens v Youzhny,30,2016-01-21 04:42:16.135,1.16,2016-01-21 08:30:00,
1.122661659,2263536,Mikhail Youzhny,Y Mertens v Youzhny,40,2016-01-21 07:11:12.603,1.15,2016-01-21 08:30:00,
1.122661659,2263536,Mikhail Youzhny,Y Mertens v Youzhny,50,2016-01-21 07:54:14.228,1.15,2016-01-21 08:30:00,
1.122661659,2263536,Mikhail Youzhny,Y Mertens v Youzhny,60,2016-01-21 07:56:10.846,1.16,2016-01-21 08:30:00,
1.122661659,2263536,Mikhail Youzhny,Y Mertens v Youzhny,70,2016-01-21 08:09:18.995,1.14,2016-01-21 08:30:00,
1.122661659,2263536,Mikhail Youzhny,Y Mertens v Youzhny,80,2016-01-21 08:26:20.139,1.14,2016-01-21 08:30:00,
1.122661659,2263536,Mikhail Youzhny,Y Mertens v Youzhny,90,2016-01-21 08:30:10.356,1.14,2016-01-21 08:36:00,
1.122661659,2263536,Mikhail Youzhny,Y Mertens v Youzhny,100,2016-01-21 08:34:13.846,1.14,2016-01-21 08:36:00,
1.122661869,2249835,Go Soeda,Soeda v Moriya,0,2016-01-19 15:40:29.418,1.34,2016-01-20 04:00:00,
1.122661869,2249835,Go Soeda,Soeda v Moriya,10,2016-01-19 18:01:55.858,1.34,2016-01-20 04:00:00,
1.122661869,2249835,Go Soeda,Soeda v Moriya,20,2016-01-19 19:23:51.047,1.34,2016-01-20 04:00:00,
1.122661869,2249835,Go Soeda,Soeda v Moriya,30,2016-01-19 20:45:30.342,1.28,2016-01-20 04:00:00,
1.122661869,2249835,Go Soeda,Soeda v Moriya,40,2016-01-19 22:06:40.373,1.34,2016-01-20 04:00:00,
1.122661869,2249835,Go Soeda,Soeda v Moriya,50,2016-01-19 22:59:24.795,1.3,2016-01-20 04:00:00,
1.122661869,2249835,Go Soeda,Soeda v Moriya,60,2016-01-20 00:03:53.773,1.31,2016-01-20 04:00:00,
1.122661869,2249835,Go Soeda,Soeda v Moriya,70,2016-01-20 00:51:49.799,1.33,2016-01-20 04:00:00,
1.122661869,2249835,Go Soeda,Soeda v Moriya,80,2016-01-20 02:27:23.637,1.32,2016-01-20 04:00:00,
1.122661869,2249835,Go Soeda,Soeda v Moriya,90,2016-01-20 03:22:43.001,1.32,2016-01-20 04:00:00,
1.122661869,2249835,Go Soeda,Soeda v Moriya,100,2016-01-20 04:08:31.420,1.26,2016-01-20 04:09:00,
1.122661869,5858055,Hiroki Moriya,Soeda v Moriya,0,2016-01-19 20:33:41.299,4.6,2016-01-20 04:00:00,
1.122661869,5858055,Hiroki Moriya,Soeda v Moriya,10,2016-01-19 20:34:49.846,4.5,2016-01-20 04:00:00,
1.122661869,5858055,Hiroki Moriya,Soeda v Moriya,20,2016-01-19 21:42:44.672,4.1,2016-01-20 04:00:00,
1.122661869,5858055,Hiroki Moriya,Soeda v Moriya,30,2016-01-19 22:28:38.810,4.6,2016-01-20 04:00:00,
1.122661869,5858055,Hiroki Moriya,Soeda v Moriya,40,2016-01-19 23:43:41.499,4.0,2016-01-20 04:00:00,
1.122661869,5858055,Hiroki Moriya,Soeda v Moriya,50,2016-01-19 23:53:45.751,4.2,2016-01-20 04:00:00,
1.122661869,5858055,Hiroki Moriya,Soeda v Moriya,60,2016-01-20 00:03:53.773,4.3,2016-01-20 04:00:00,
1.122661869,5858055,Hiroki Moriya,Soeda v Moriya,70,2016-01-20 00:10:53.414,4.4,2016-01-20 04:00:00,
1.122661869,5858055,Hiroki Moriya,Soeda v Moriya,80,2016-01-20 00:53:44.085,4.1,2016-01-20 04:00:00,
1.122661869,5858055,Hiroki Moriya,Soeda v Moriya,90,2016-01-20 01:08:45.808,4.0,2016-01-20 04:00:00,
1.122661869,5858055,Hiroki Moriya,Soeda v Moriya,100,2016-01-20 03:47:27.975,4.3,2016-01-20 04:00:00,
1.122662083,2967260,Gianluca Naso,Coppejans v Naso,0,2016-01-20 20:21:50.655,4.6,2016-01-21 05:45:00,
1.122662083,2967260,Gianluca Naso,Coppejans v Naso,10,2016-01-20 23:02:52.287,4.0,2016-01-21 05:45:00,
1.122662083,2967260,Gianluca Naso,Coppejans v Naso,20,2016-01-20 23:46:48.840,3.95,2016-01-21 05:45:00,
1.122662083,2967260,Gianluca Naso,Coppejans v Naso,30,2016-01-21 00:53:34.779,3.75,2016-01-21 05:45:00,
1.122662083,2967260,Gianluca Naso,Coppejans v Naso,40,2016-01-21 01:50:23.420,3.95,2016-01-21 05:45:00,
1.122662083,2967260,Gianluca Naso,Coppejans v Naso,50,2016-01-21 03:46:46.314,4.9,2016-01-21 05:45:00,
1.122662083,2967260,Gianluca Naso,Coppejans v Naso,60,2016-01-21 03:50:57.286,5.2,2016-01-21 05:45:00,
1.122662083,2967260,Gianluca Naso,Coppejans v Naso,70,2016-01-21 03:59:41.671,4.8,2016-01-21 05:45:00,
1.122662083,2967260,Gianluca Naso,Coppejans v Naso,80,2016-01-21 04:57:17.719,4.4,2016-01-21 05:45:00,
1.122662083,2967260,Gianluca Naso,Coppejans v Naso,90,2016-01-21 05:44:32.929,4.8,2016-01-21 05:45:00,
1.122662083,2967260,Gianluca Naso,Coppejans v Naso,100,2016-01-21 06:02:51.182,4.5,2016-01-21 06:03:00,2016-01-21 05:58:49.323
1.122662083,7364095,Kimmer Coppejans,Coppejans v Naso,0,2016-01-20 04:50:11.436,1.23,2016-01-21 04:00:00,
1.122662083,7364095,Kimmer Coppejans,Coppejans v Naso,10,2016-01-20 19:45:01.314,1.25,2016-01-21 05:45:00,
1.122662083,7364095,Kimmer Coppejans,Coppejans v Naso,20,2016-01-20 22:33:30.843,1.32,2016-01-21 05:45:00,
1.122662083,7364095,Kimmer Coppejans,Coppejans v Naso,30,2016-01-21 00:53:34.779,1.37,2016-01-21 05:45:00,
1.122662083,7364095,Kimmer Coppejans,Coppejans v Naso,40,2016-01-21 01:50:23.420,1.33,2016-01-21 05:45:00,
1.122662083,7364095,Kimmer Coppejans,Coppejans v Naso,50,2016-01-21 03:46:46.314,1.26,2016-01-21 05:45:00,
1.122662083,7364095,Kimmer Coppejans,Coppejans v Naso,60,2016-01-21 03:55:48.422,1.25,2016-01-21 05:45:00,
1.122662083,7364095,Kimmer Coppejans,Coppejans v Naso,70,2016-01-21 03:56:51.499,1.24,2016-01-21 05:45:00,
1.122662083,7364095,Kimmer Coppejans,Coppejans v Naso,80,2016-01-21 03:59:41.671,1.24,2016-01-21 05:45:00,
1.122662083,7364095,Kimmer Coppejans,Coppejans v Naso,90,2016-01-21 05:59:51.139,1.22,2016-01-21 06:03:00,2016-01-21 05:58:49.323
1.122662083,7364095,Kimmer Coppejans,Coppejans v Naso,100,2016-01-21 06:02:51.182,1.37,2016-01-21 06:03:00,2016-01-21 05:58:49.323
1.122669528,8443237,Catalina Pella,Catalina Pella v Indy De Vroome,0,2016-01-20 06:34:36.593,1.51,2016-01-20 14:00:00,
1.122669528,8443237,Catalina Pella,Catalina Pella v Indy De Vroome,10,2016-01-20 07:20:14.562,1.74,2016-01-20 14:00:00,
1.122669528,8443237,Catalina Pella,Catalina Pella v Indy De Vroome,20,2016-01-20 10:10:06.225,1.75,2016-01-20 14:00:00,
1.122669528,8443237,Catalina Pella,Catalina Pella v Indy De Vroome,30,2016-01-20 12:00:12.810,1.85,2016-01-20 14:00:00,
1.122669528,8443237,Catalina Pella,Catalina Pella v Indy De Vroome,40,2016-01-20 12:28:11.100,1.77,2016-01-20 14:00:00,
1.122669528,8443237,Catalina Pella,Catalina Pella v Indy De Vroome,50,2016-01-20 12:28:22.462,1.84,2016-01-20 14:00:00,
1.122669528,8443237,Catalina Pella,Catalina Pella v Indy De Vroome,60,2016-01-20 12:50:18.756,1.86,2016-01-20 14:00:00,
1.122669528,8443237,Catalina Pella,Catalina Pella v Indy De Vroome,70,2016-01-20 13:35:10.821,1.89,2016-01-20 14:00:00,
1.122669528,8443237,Catalina Pella,Catalina Pella v Indy De Vroome,80,2016-01-20 13:48:21.145,1.9,2016-01-20 14:00:00,
1.122669528,8443237,Catalina Pella,Catalina Pella v Indy De Vroome,90,2016-01-20 13:49:20.114,1.87,2016-01-20 14:00:00,
1.122669528,8443237,Catalina Pella,Catalina Pella v Indy De Vroome,100,2016-01-20 13:50:04.795,1.9,2016-01-20 14:00:00,
1.122669529,7216240,Cristina Dinu,Cristina Dinu v Nathalia Rossi,0,2016-01-20 10:58:20.363,1.15,2016-01-20 21:00:00,
1.122669529,7216240,Cristina Dinu,Cristina Dinu v Nathalia Rossi,10,2016-01-20 12:29:14.202,1.17,2016-01-20 21:00:00,
1.122669529,7216240,Cristina Dinu,Cristina Dinu v Nathalia Rossi,20,2016-01-20 20:13:00.784,1.18,2016-01-20 21:00:00,
1.122669529,7216240,Cristina Dinu,Cristina Dinu v Nathalia Rossi,30,2016-01-20 20:56:08.099,1.17,2016-01-20 21:00:00,
1.122669529,7216240,Cristina Dinu,Cristina Dinu v Nathalia Rossi,40,2016-01-21 01:37:47.303,1.22,2016-01-21 12:00:00,
1.122669529,7216240,Cristina Dinu,Cristina Dinu v Nathalia Rossi,50,2016-01-21 04:37:02.456,1.21,2016-01-21 12:00:00,
1.122669529,7216240,Cristina Dinu,Cristina Dinu v Nathalia Rossi,60,2016-01-21 10:31:19.656,1.17,2016-01-21 12:00:00,
1.122669529,7216240,Cristina Dinu,Cristina Dinu v Nathalia Rossi,70,2016-01-21 10:43:12.059,1.11,2016-01-21 12:00:00,
1.122669529,7216240,Cristina Dinu,Cristina Dinu v Nathalia Rossi,80,2016-01-21 10:44:12.495,1.12,2016-01-21 12:00:00,
1.122669529,7216240,Cristina Dinu,Cristina Dinu v Nathalia Rossi,90,2016-01-21 11:29:53.594,1.12,2016-01-21 12:00:00,
1.122669529,7216240,Cristina Dinu,Cristina Dinu v Nathalia Rossi,100,2016-01-21 11:58:04.396,1.12,2016-01-21 12:00:00,
1.122669786,2263632,Marco Chiudinelli,Chiudinelli v Zhe Li,0,2016-01-20 11:47:07.283,1.4,2016-01-21 04:00:00,
1.122669786,2263632,Marco Chiudinelli,Chiudinelli v Zhe Li,10,2016-01-21 21:40:00.402,1.36,2016-01-22 05:45:00,
1.122669786,2263632,Marco Chiudinelli,Chiudinelli v Zhe Li,20,2016-01-21 22:30:58.971,1.36,2016-01-22 05:45:00,
1.122669786,2263632,Marco Chiudinelli,Chiudinelli v Zhe Li,30,2016-01-21 23:17:10.037,1.33,2016-01-22 05:45:00,
1.122669786,2263632,Marco Chiudinelli,Chiudinelli v Zhe Li,40,2016-01-22 00:16:49.520,1.33,2016-01-22 05:45:00,
1.122669786,2263632,Marco Chiudinelli,Chiudinelli v Zhe Li,50,2016-01-22 01:03:54.728,1.33,2016-01-22 05:45:00,
1.122669786,2263632,Marco Chiudinelli,Chiudinelli v Zhe Li,60,2016-01-22 01:57:08.614,1.33,2016-01-22 05:45:00,
1.122669786,2263632,Marco Chiudinelli,Chiudinelli v Zhe Li,70,2016-01-22 02:52:45.730,1.33,2016-01-22 05:45:00,
1.122669786,2263632,Marco Chiudinelli,Chiudinelli v Zhe Li,80,2016-01-22 03:43:43.170,1.38,2016-01-22 05:45:00,
1.122669786,2263632,Marco Chiudinelli,Chiudinelli v Zhe Li,90,2016-01-22 04:21:00.478,1.38,2016-01-22 05:45:00,
1.122669786,2263632,Marco Chiudinelli,Chiudinelli v Zhe Li,100,2016-01-22 06:36:15.501,1.29,2016-01-22 06:38:00,
1.122669786,5038271,Zhe Li,Chiudinelli v Zhe Li,0,2016-01-21 19:20:16.418,4.5,2016-01-22 05:45:00,
1.122669786,5038271,Zhe Li,Chiudinelli v Zhe Li,10,2016-01-21 23:17:42.115,3.85,2016-01-22 05:45:00,
1.122669786,5038271,Zhe Li,Chiudinelli v Zhe Li,20,2016-01-22 02:02:53.526,3.65,2016-01-22 05:45:00,
1.122669786,5038271,Zhe Li,Chiudinelli v Zhe Li,30,2016-01-22 02:15:39.987,4.0,2016-01-22 05:45:00,
1.122669786,5038271,Zhe Li,Chiudinelli v Zhe Li,40,2016-01-22 02:38:42.748,4.0,2016-01-22 05:45:00,
1.122669786,5038271,Zhe Li,Chiudinelli v Zhe Li,50,2016-01-22 02:59:42.754,4.0,2016-01-22 05:45:00,
1.122669786,5038271,Zhe Li,Chiudinelli v Zhe Li,60,2016-01-22 03:17:08.001,3.65,2016-01-22 05:45:00,
1.122669786,5038271,Zhe Li,Chiudinelli v Zhe Li,70,2016-01-22 03:31:46.212,3.65,2016-01-22 05:45:00,
1.122669786,5038271,Zhe Li,Chiudinelli v Zhe Li,80,2016-01-22 03:48:43.153,4.0,2016-01-22 05:45:00,
1.122669786,5038271,Zhe Li,Chiudinelli v Zhe Li,90,2016-01-22 04:04:09.950,4.0,2016-01-22 05:45:00,
1.122669786,5038271,Zhe Li,Chiudinelli v Zhe Li,100,2016-01-22 06:30:04.396,4.2,2016-01-22 06:38:00,
1.122669876,2249835,Go Soeda,Soeda v Guez,0,2016-01-21 04:37:38.663,1.42,2016-01-22 04:00:00,
1.122669876,2249835,Go Soeda,Soeda v Guez,10,2016-01-21 19:17:02.411,1.41,2016-01-22 04:00:00,
1.122669876,2249835,Go Soeda,Soeda v Guez,20,2016-01-21 23:16:02.478,1.44,2016-01-22 04:00:00,
1.122669876,2249835,Go Soeda,Soeda v Guez,30,2016-01-21 23:48:09.848,1.4,2016-01-22 04:00:00,
1.122669876,2249835,Go Soeda,Soeda v Guez,40,2016-01-22 00:37:57.451,1.5,2016-01-22 04:00:00,
1.122669876,2249835,Go Soeda,Soeda v Guez,50,2016-01-22 01:29:00.218,1.52,2016-01-22 04:00:00,
1.122669876,2249835,Go Soeda,Soeda v Guez,60,2016-01-22 01:55:12.714,1.43,2016-01-22 04:00:00,
1.122669876,2249835,Go Soeda,Soeda v Guez,70,2016-01-22 02:55:12.500,1.47,2016-01-22 04:00:00,
1.122669876,2249835,Go Soeda,Soeda v Guez,80,2016-01-22 03:41:04.352,1.51,2016-01-22 04:00:00,
1.122669876,2249835,Go Soeda,Soeda v Guez,90,2016-01-22 03:57:04.347,1.5,2016-01-22 04:00:00,
1.122669876,2249835,Go Soeda,Soeda v Guez,100,2016-01-22 04:11:10.211,1.58,2016-01-22 04:12:00,2016-01-22 04:08:11.372
1.122669876,2263683,David Guez,Soeda v Guez,0,2016-01-21 14:28:05.068,3.1,2016-01-22 04:00:00,
1.122669876,2263683,David Guez,Soeda v Guez,10,2016-01-21 14:28:16.514,3.0,2016-01-22 04:00:00,
1.122669876,2263683,David Guez,Soeda v Guez,20,2016-01-21 19:17:02.411,3.5,2016-01-22 04:00:00,
1.122669876,2263683,David Guez,Soeda v Guez,30,2016-01-21 23:48:09.848,3.5,2016-01-22 04:00:00,
1.122669876,2263683,David Guez,Soeda v Guez,40,2016-01-21 23:49:03.298,3.6,2016-01-22 04:00:00,
1.122669876,2263683,David Guez,Soeda v Guez,50,2016-01-22 00:37:57.451,3.0,2016-01-22 04:00:00,
1.122669876,2263683,David Guez,Soeda v Guez,60,2016-01-22 01:29:00.218,2.92,2016-01-22 04:00:00,
1.122669876,2263683,David Guez,Soeda v Guez,70,2016-01-22 02:46:11.859,3.05,2016-01-22 04:00:00,
1.122669876,2263683,David Guez,Soeda v Guez,80,2016-01-22 03:42:51.070,3.2,2016-01-22 04:00:00,
1.122669876,2263683,David Guez,Soeda v Guez,90,2016-01-22 03:59:26.164,3.05,2016-01-22 04:00:00,
1.122669876,2263683,David Guez,Soeda v Guez,100,2016-01-22 04:11:10.211,2.88,2016-01-22 04:12:00,2016-01-22 04:08:11.372
1.122672372,2370190,Igor Sijsling,Sijsling v Weintraub,0,2016-01-20 18:45:11.298,1.57,2016-01-21 04:00:00,
1.122672372,2370190,Igor Sijsling,Sijsling v Weintraub,10,2016-01-20 20:36:07.808,1.61,2016-01-21 04:00:00,
1.122672372,2370190,Igor Sijsling,Sijsling v Weintraub,20,2016-01-20 22:46:52.301,1.49,2016-01-21 04:00:00,
1.122672372,2370190,Igor Sijsling,Sijsling v Weintraub,30,2016-01-21 00:30:02.996,1.55,2016-01-21 04:00:00,
1.122672372,2370190,Igor Sijsling,Sijsling v Weintraub,40,2016-01-21 01:53:58.742,1.55,2016-01-21 04:00:00,
1.122672372,2370190,Igor Sijsling,Sijsling v Weintraub,50,2016-01-21 02:50:11.623,1.5,2016-01-21 04:00:00,
1.122672372,2370190,Igor Sijsling,Sijsling v Weintraub,60,2016-01-21 02:52:06.016,1.5,2016-01-21 04:00:00,
1.122672372,2370190,Igor Sijsling,Sijsling v Weintraub,70,2016-01-21 03:43:14.049,1.51,2016-01-21 04:00:00,
1.122672372,2370190,Igor Sijsling,Sijsling v Weintraub,80,2016-01-21 04:04:08.682,1.48,2016-01-21 04:12:00,
1.122672372,2370190,Igor Sijsling,Sijsling v Weintraub,90,2016-01-21 04:08:10.014,1.35,2016-01-21 04:12:00,2016-01-21 04:06:13.111
1.122672372,2370190,Igor Sijsling,Sijsling v Weintraub,100,2016-01-21 04:11:13.555,1.2,2016-01-21 04:12:00,2016-01-21 04:06:13.111
1.122672372,5822663,Amir Weintraub,Sijsling v Weintraub,0,2016-01-20 18:45:11.298,2.74,2016-01-21 04:00:00,
1.122672372,5822663,Amir Weintraub,Sijsling v Weintraub,10,2016-01-21 00:30:02.996,2.7,2016-01-21 04:00:00,
1.122672372,5822663,Amir Weintraub,Sijsling v Weintraub,20,2016-01-21 01:53:58.742,2.82,2016-01-21 04:00:00,
1.122672372,5822663,Amir Weintraub,Sijsling v Weintraub,30,2016-01-21 02:46:12.969,2.86,2016-01-21 04:00:00,
1.122672372,5822663,Amir Weintraub,Sijsling v Weintraub,40,2016-01-21 02:48:08.112,2.9,2016-01-21 04:00:00,
1.122672372,5822663,Amir Weintraub,Sijsling v Weintraub,50,2016-01-21 02:49:02.531,2.96,2016-01-21 04:00:00,
1.122672372,5822663,Amir Weintraub,Sijsling v Weintraub,60,2016-01-21 02:52:06.016,3.05,2016-01-21 04:00:00,
1.122672372,5822663,Amir Weintraub,Sijsling v Weintraub,70,2016-01-21 02:55:08.362,3.0,2016-01-21 04:00:00,
1.122672372,5822663,Amir Weintraub,Sijsling v Weintraub,80,2016-01-21 03:43:14.049,2.96,2016-01-21 04:00:00,
1.122672372,5822663,Amir Weintraub,Sijsling v Weintraub,90,2016-01-21 04:08:10.014,3.85,2016-01-21 04:12:00,2016-01-21 04:06:13.111
1.122672372,5822663,Amir Weintraub,Sijsling v Weintraub,100,2016-01-21 04:11:13.555,6.0,2016-01-21 04:12:00,2016-01-21 04:06:13.111
1.122674067,9304685,Anna Bondar,Eliessa Vanlangendonck v Anna Bondar,0,2016-01-21 07:43:20.221,1.06,2016-01-21 08:00:00,
1.122674067,9304685,Anna Bondar,Eliessa Vanlangendonck v Anna Bondar,10,2016-01-21 07:51:13.819,1.07,2016-01-21 08:00:00,
1.122674067,9304685,Anna Bondar,Eliessa Vanlangendonck v Anna Bondar,20,2016-01-21 11:08:36.866,1.05,2016-01-21 12:00:00,2016-01-21 08:00:33.065
1.122674067,9304685,Anna Bondar,Eliessa Vanlangendonck v Anna Bondar,30,2016-01-21 14:20:03.979,1.1,2016-01-22 09:00:00,2016-01-21 08:00:33.065
1.122674067,9304685,Anna Bondar,Eliessa Vanlangendonck v Anna Bondar,40,2016-01-21 18:44:28.915,2.0,2016-01-22 09:00:00,2016-01-21 08:00:33.065
1.122674067,9304685,Anna Bondar,Eliessa Vanlangendonck v Anna Bondar,50,2016-01-22 04:41:01.003,1.18,2016-01-22 09:00:00,2016-01-21 08:00:33.065
1.122674067,9304685,Anna Bondar,Eliessa Vanlangendonck v Anna Bondar,60,2016-01-22 06:53:15.687,1.06,2016-01-22 09:00:00,2016-01-21 08:00:33.065
1.122674067,9304685,Anna Bondar,Eliessa Vanlangendonck v Anna Bondar,70,2016-01-22 07:02:41.682,1.05,2016-01-22 09:00:00,2016-01-21 08:00:33.065
1.122674067,9304685,Anna Bondar,Eliessa Vanlangendonck v Anna Bondar,80,2016-01-22 07:46:11.241,1.05,2016-01-22 09:10:00,2016-01-21 08:00:33.065
1.122674067,9304685,Anna Bondar,Eliessa Vanlangendonck v Anna Bondar,90,2016-01-22 08:07:55.639,1.05,2016-01-22 09:10:00,2016-01-21 08:00:33.065
1.122674067,9304685,Anna Bondar,Eliessa Vanlangendonck v Anna Bondar,100,2016-01-22 08:57:13.018,1.05,2016-01-22 09:10:00,2016-01-21 08:00:33.065
1.122674068,4597116,Viktoriya Tomova,Ioana Gheorghita v Viktoriya Tomova,0,2016-01-20 16:33:33.277,1.06,2016-01-21 08:00:00,
1.122674068,4597116,Viktoriya Tomova,Ioana Gheorghita v Viktoriya Tomova,10,2016-01-21 07:33:35.770,1.05,2016-01-21 08:00:00,
1.122674068,4597116,Viktoriya Tomova,Ioana Gheorghita v Viktoriya Tomova,20,2016-01-21 09:30:41.550,1.04,2016-01-21 10:00:00,2016-01-21 08:00:29.887
1.122674068,4597116,Viktoriya Tomova,Ioana Gheorghita v Viktoriya Tomova,30,2016-01-21 09:31:50.985,1.03,2016-01-21 10:00:00,2016-01-21 08:00:29.887
1.122674068,4597116,Viktoriya Tomova,Ioana Gheorghita v Viktoriya Tomova,40,2016-01-21 10:27:39.092,1.03,2016-01-21 12:00:00,2016-01-21 08:00:29.887
1.122674068,4597116,Viktoriya Tomova,Ioana Gheorghita v Viktoriya Tomova,50,2016-01-21 10:46:23.505,1.05,2016-01-21 12:00:00,2016-01-21 08:00:29.887
1.122674068,4597116,Viktoriya Tomova,Ioana Gheorghita v Viktoriya Tomova,60,2016-01-21 15:46:19.233,1.03,2016-01-22 07:30:00,2016-01-21 08:00:29.887
1.122674068,4597116,Viktoriya Tomova,Ioana Gheorghita v Viktoriya Tomova,70,2016-01-22 03:47:13.171,1.24,2016-01-22 07:30:00,2016-01-21 08:00:29.887
1.122674068,4597116,Viktoriya Tomova,Ioana Gheorghita v Viktoriya Tomova,80,2016-01-22 04:33:23.563,1.07,2016-01-22 07:30:00,2016-01-21 08:00:29.887
1.122674068,4597116,Viktoriya Tomova,Ioana Gheorghita v Viktoriya Tomova,90,2016-01-22 05:16:06.699,1.14,2016-01-22 07:30:00,2016-01-21 08:00:29.887
1.122674068,4597116,Viktoriya Tomova,Ioana Gheorghita v Viktoriya Tomova,100,2016-01-22 07:19:36.090,1.1,2016-01-22 07:30:00,2016-01-21 08:00:29.887
1.122678091,6129383,Facundo Arguello,F Arguello v Sakamoto,0,2016-01-21 07:43:18.473,1.28,2016-01-21 12:30:00,
1.122678091,6129383,Facundo Arguello,F Arguello v Sakamoto,10,2016-01-21 10:48:10.099,1.31,2016-01-21 12:30:00,
1.122678091,6129383,Facundo Arguello,F Arguello v Sakamoto,20,2016-01-21 11:44:14.715,1.27,2016-01-21 12:30:00,
1.122678091,6129383,Facundo Arguello,F Arguello v Sakamoto,30,2016-01-21 12:16:02.780,1.29,2016-01-21 12:30:00,
1.122678091,6129383,Facundo Arguello,F Arguello v Sakamoto,40,2016-01-21 12:21:03.263,1.27,2016-01-21 12:30:00,
1.122678091,6129383,Facundo Arguello,F Arguello v Sakamoto,50,2016-01-21 13:43:11.226,1.28,2016-01-21 15:00:00,
1.122678091,6129383,Facundo Arguello,F Arguello v Sakamoto,60,2016-01-21 14:00:36.803,1.24,2016-01-21 15:00:00,
1.122678091,6129383,Facundo Arguello,F Arguello v Sakamoto,70,2016-01-21 14:51:12.451,1.25,2016-01-21 15:00:00,
1.122678091,6129383,Facundo Arguello,F Arguello v Sakamoto,80,2016-01-21 14:55:18.820,1.25,2016-01-21 15:00:00,
1.122678091,6129383,Facundo Arguello,F Arguello v Sakamoto,90,2016-01-21 15:06:22.044,1.25,2016-01-21 15:11:00,
1.122678091,6129383,Facundo Arguello,F Arguello v Sakamoto,100,2016-01-21 15:10:45.350,1.24,2016-01-21 15:11:00,
1.122678581,4994683,Axel Michon,T Monteiro v Michon,0,2016-01-21 05:46:23.544,2.48,2016-01-21 12:30:00,
1.122678581,4994683,Axel Michon,T Monteiro v Michon,10,2016-01-21 08:27:17.442,2.98,2016-01-21 12:30:00,
1.122678581,4994683,Axel Michon,T Monteiro v Michon,20,2016-01-21 10:37:23.576,2.7,2016-01-21 12:30:00,
1.122678581,4994683,Axel Michon,T Monteiro v Michon,30,2016-01-21 10:46:20.763,2.5,2016-01-21 12:30:00,
1.122678581,4994683,Axel Michon,T Monteiro v Michon,40,2016-01-21 10:51:21.977,2.46,2016-01-21 12:30:00,
1.122678581,4994683,Axel Michon,T Monteiro v Michon,50,2016-01-21 11:02:17.625,2.44,2016-01-21 12:30:00,
1.122678581,4994683,Axel Michon,T Monteiro v Michon,60,2016-01-21 11:32:55.351,2.48,2016-01-21 12:30:00,
1.122678581,4994683,Axel Michon,T Monteiro v Michon,70,2016-01-21 11:53:40.917,2.5,2016-01-21 12:30:00,
1.122678581,4994683,Axel Michon,T Monteiro v Michon,80,2016-01-21 12:15:22.324,2.42,2016-01-21 12:30:00,
1.122678581,4994683,Axel Michon,T Monteiro v Michon,90,2016-01-21 12:28:23.307,2.42,2016-01-21 12:30:00,
1.122678581,4994683,Axel Michon,T Monteiro v Michon,100,2016-01-21 15:11:02.781,2.44,2016-01-21 15:12:00,
1.122678581,8326656,Thiago Monteiro,T Monteiro v Michon,0,2016-01-21 05:46:23.544,1.67,2016-01-21 12:30:00,
1.122678581,8326656,Thiago Monteiro,T Monteiro v Michon,10,2016-01-21 06:48:22.900,1.47,2016-01-21 12:30:00,
1.122678581,8326656,Thiago Monteiro,T Monteiro v Michon,20,2016-01-21 10:09:11.195,1.52,2016-01-21 12:30:00,
1.122678581,8326656,Thiago Monteiro,T Monteiro v Michon,30,2016-01-21 10:41:11.093,1.65,2016-01-21 12:30:00,
1.122678581,8326656,Thiago Monteiro,T Monteiro v Michon,40,2016-01-21 11:07:05.113,1.7,2016-01-21 12:30:00,
1.122678581,8326656,Thiago Monteiro,T Monteiro v Michon,50,2016-01-21 11:39:01.109,1.71,2016-01-21 12:30:00,
1.122678581,8326656,Thiago Monteiro,T Monteiro v Michon,60,2016-01-21 12:00:14.626,1.71,2016-01-21 12:30:00,
1.122678581,8326656,Thiago Monteiro,T Monteiro v Michon,70,2016-01-21 12:16:14.178,1.64,2016-01-21 12:30:00,
1.122678581,8326656,Thiago Monteiro,T Monteiro v Michon,80,2016-01-21 12:28:23.307,1.71,2016-01-21 12:30:00,
1.122678581,8326656,Thiago Monteiro,T Monteiro v Michon,90,2016-01-21 13:11:06.831,1.67,2016-01-21 15:00:00,
1.122678581,8326656,Thiago Monteiro,T Monteiro v Michon,100,2016-01-21 15:09:39.789,1.65,2016-01-21 15:12:00,
1.1226792,5829498,Peter Torebko,Torebko v J Pereira,0,2016-01-21 10:43:41.292,2.54,2016-01-21 14:00:00,
1.1226792,5829498,Peter Torebko,Torebko v J Pereira,10,2016-01-21 10:49:08.573,2.56,2016-01-21 14:00:00,
1.1226792,5829498,Peter Torebko,Torebko v J Pereira,20,2016-01-21 10:49:43.938,2.52,2016-01-21 14:00:00,
1.1226792,5829498,Peter Torebko,Torebko v J Pereira,30,2016-01-21 10:53:59.254,2.54,2016-01-21 14:00:00,
1.1226792,5829498,Peter Torebko,Torebko v J Pereira,40,2016-01-21 10:58:18.169,2.56,2016-01-21 14:00:00,
1.1226792,5829498,Peter Torebko,Torebko v J Pereira,50,2016-01-21 11:33:55.263,2.48,2016-01-21 14:00:00,
1.1226792,5829498,Peter Torebko,Torebko v J Pereira,60,2016-01-21 14:56:54.544,2.58,2016-01-21 15:00:00,
1.1226792,5829498,Peter Torebko,Torebko v J Pereira,70,2016-01-21 14:58:22.341,2.5,2016-01-21 15:00:00,
1.1226792,5829498,Peter Torebko,Torebko v J Pereira,80,2016-01-21 15:06:21.323,2.34,2016-01-21 15:10:00,
1.1226792,5829498,Peter Torebko,Torebko v J Pereira,90,2016-01-21 15:07:04.868,2.3,2016-01-21 15:10:00,
1.1226792,5829498,Peter Torebko,Torebko v J Pereira,100,2016-01-21 15:09:19.533,2.12,2016-01-21 15:10:00,
1.1226792,8174361,Jose Pereira,Torebko v J Pereira,0,2016-01-21 08:40:40.321,1.51,2016-01-21 14:00:00,
1.1226792,8174361,Jose Pereira,Torebko v J Pereira,10,2016-01-21 10:43:41.292,1.65,2016-01-21 14:00:00,
1.1226792,8174361,Jose Pereira,Torebko v J Pereira,20,2016-01-21 10:49:43.938,1.66,2016-01-21 14:00:00,
1.1226792,8174361,Jose Pereira,Torebko v J Pereira,30,2016-01-21 10:53:59.254,1.65,2016-01-21 14:00:00,
1.1226792,8174361,Jose Pereira,Torebko v J Pereira,40,2016-01-21 11:37:16.262,1.57,2016-01-21 14:00:00,
1.1226792,8174361,Jose Pereira,Torebko v J Pereira,50,2016-01-21 13:11:13.286,1.62,2016-01-21 15:00:00,
1.1226792,8174361,Jose Pereira,Torebko v J Pereira,60,2016-01-21 14:53:48.359,1.62,2016-01-21 15:00:00,
1.1226792,8174361,Jose Pereira,Torebko v J Pereira,70,2016-01-21 14:55:07.803,1.63,2016-01-21 15:00:00,
1.1226792,8174361,Jose Pereira,Torebko v J Pereira,80,2016-01-21 15:06:21.323,1.74,2016-01-21 15:10:00,
1.1226792,8174361,Jose Pereira,Torebko v J Pereira,90,2016-01-21 15:07:04.868,1.76,2016-01-21 15:10:00,
1.1226792,8174361,Jose Pereira,Torebko v J Pereira,100,2016-01-21 15:09:19.533,1.83,2016-01-21 15:10:00,
1.122679294,2923174,Gastao Elias,G Elias v Cachin,0,2016-01-21 10:23:04.488,1.51,2016-01-21 15:30:00,
1.122679294,2923174,Gastao Elias,G Elias v Cachin,10,2016-01-21 10:28:51.015,1.5,2016-01-21 15:30:00,
1.122679294,2923174,Gastao Elias,G Elias v Cachin,20,2016-01-21 10:44:47.520,1.59,2016-01-21 15:30:00,
1.122679294,2923174,Gastao Elias,G Elias v Cachin,30,2016-01-21 11:53:58.506,1.58,2016-01-21 15:30:00,
1.122679294,2923174,Gastao Elias,G Elias v Cachin,40,2016-01-21 14:34:13.329,1.53,2016-01-21 16:30:00,
1.122679294,2923174,Gastao Elias,G Elias v Cachin,50,2016-01-21 14:57:44.829,1.52,2016-01-21 16:30:00,
1.122679294,2923174,Gastao Elias,G Elias v Cachin,60,2016-01-21 15:02:54.743,1.51,2016-01-21 16:30:00,
1.122679294,2923174,Gastao Elias,G Elias v Cachin,70,2016-01-21 15:25:42.164,1.51,2016-01-21 16:30:00,
1.122679294,2923174,Gastao Elias,G Elias v Cachin,80,2016-01-21 15:47:07.510,1.52,2016-01-21 16:30:00,
1.122679294,2923174,Gastao Elias,G Elias v Cachin,90,2016-01-21 17:12:20.749,1.49,2016-01-21 17:17:00,
1.122679294,2923174,Gastao Elias,G Elias v Cachin,100,2016-01-21 17:15:18.289,1.51,2016-01-21 17:17:00,
1.122679294,8461316,Pedro Cachin,G Elias v Cachin,0,2016-01-21 10:23:04.488,2.98,2016-01-21 15:30:00,
1.122679294,8461316,Pedro Cachin,G Elias v Cachin,10,2016-01-21 10:38:19.466,2.98,2016-01-21 15:30:00,
1.122679294,8461316,Pedro Cachin,G Elias v Cachin,20,2016-01-21 10:44:47.520,2.68,2016-01-21 15:30:00,
1.122679294,8461316,Pedro Cachin,G Elias v Cachin,30,2016-01-21 11:05:43.446,2.72,2016-01-21 15:30:00,
1.122679294,8461316,Pedro Cachin,G Elias v Cachin,40,2016-01-21 11:43:22.795,2.72,2016-01-21 15:30:00,
1.122679294,8461316,Pedro Cachin,G Elias v Cachin,50,2016-01-21 14:34:13.329,2.88,2016-01-21 16:30:00,
1.122679294,8461316,Pedro Cachin,G Elias v Cachin,60,2016-01-21 14:57:44.829,2.98,2016-01-21 16:30:00,
1.122679294,8461316,Pedro Cachin,G Elias v Cachin,70,2016-01-21 15:02:10.528,2.98,2016-01-21 16:30:00,
1.122679294,8461316,Pedro Cachin,G Elias v Cachin,80,2016-01-21 15:25:16.935,2.78,2016-01-21 16:30:00,
1.122679294,8461316,Pedro Cachin,G Elias v Cachin,90,2016-01-21 17:11:05.252,3.0,2016-01-21 17:17:00,
1.122679294,8461316,Pedro Cachin,G Elias v Cachin,100,2016-01-21 17:15:18.289,2.8,2016-01-21 17:17:00,
1.122679323,5071877,Andrej Martin,Andreozzi v And Martin,0,2016-01-21 07:34:22.387,2.44,2016-01-21 18:45:00,
1.122679323,5071877,Andrej Martin,Andreozzi v And Martin,10,2016-01-21 07:34:36.794,2.62,2016-01-21 18:45:00,
1.122679323,5071877,Andrej Martin,Andreozzi v And Martin,20,2016-01-21 14:45:28.159,2.8,2016-01-21 18:00:00,
1.122679323,5071877,Andrej Martin,Andreozzi v And Martin,30,2016-01-21 14:45:53.904,2.82,2016-01-21 18:00:00,
1.122679323,5071877,Andrej Martin,Andreozzi v And Martin,40,2016-01-21 15:20:54.523,2.58,2016-01-21 18:00:00,
1.122679323,5071877,Andrej Martin,Andreozzi v And Martin,50,2016-01-21 16:00:09.239,2.76,2016-01-21 18:00:00,
1.122679323,5071877,Andrej Martin,Andreozzi v And Martin,60,2016-01-21 16:09:28.581,2.6,2016-01-21 18:00:00,
1.122679323,5071877,Andrej Martin,Andreozzi v And Martin,70,2016-01-21 16:39:00.548,2.6,2016-01-21 18:00:00,
1.122679323,5071877,Andrej Martin,Andreozzi v And Martin,80,2016-01-21 16:45:28.829,2.76,2016-01-21 18:00:00,
1.122679323,5071877,Andrej Martin,Andreozzi v And Martin,90,2016-01-21 16:55:10.553,2.9,2016-01-21 18:00:00,
1.122679323,5071877,Andrej Martin,Andreozzi v And Martin,100,2016-01-21 19:37:11.878,3.05,2016-01-21 19:44:00,
1.122679323,6603914,Guido Andreozzi,Andreozzi v And Martin,0,2016-01-21 07:34:22.387,1.7,2016-01-21 18:45:00,
1.122679323,6603914,Guido Andreozzi,Andreozzi v And Martin,10,2016-01-21 14:45:28.159,1.56,2016-01-21 18:00:00,
1.122679323,6603914,Guido Andreozzi,Andreozzi v And Martin,20,2016-01-21 14:45:53.904,1.55,2016-01-21 18:00:00,
1.122679323,6603914,Guido Andreozzi,Andreozzi v And Martin,30,2016-01-21 15:09:30.185,1.56,2016-01-21 18:00:00,
1.122679323,6603914,Guido Andreozzi,Andreozzi v And Martin,40,2016-01-21 15:20:54.523,1.64,2016-01-21 18:00:00,
1.122679323,6603914,Guido Andreozzi,Andreozzi v And Martin,50,2016-01-21 16:52:27.847,1.55,2016-01-21 18:00:00,
1.122679323,6603914,Guido Andreozzi,Andreozzi v And Martin,60,2016-01-21 16:53:19.098,1.53,2016-01-21 18:00:00,
1.122679323,6603914,Guido Andreozzi,Andreozzi v And Martin,70,2016-01-21 16:54:23.278,1.54,2016-01-21 18:00:00,
1.122679323,6603914,Guido Andreozzi,Andreozzi v And Martin,80,2016-01-21 17:25:10.975,1.51,2016-01-21 18:00:00,
1.122679323,6603914,Guido Andreozzi,Andreozzi v And Martin,90,2016-01-21 17:50:26.524,1.47,2016-01-21 18:00:00,
1.122679323,6603914,Guido Andreozzi,Andreozzi v And Martin,100,2016-01-21 19:43:27.502,1.54,2016-01-21 19:44:00,
1.122679348,2263634,Lukas Lacko,Sijsling v Lacko,0,2016-01-21 20:01:00.094,2.12,2016-01-22 08:30:00,
1.122679348,2263634,Lukas Lacko,Sijsling v Lacko,10,2016-01-21 21:05:21.012,2.04,2016-01-22 08:30:00,
1.122679348,2263634,Lukas Lacko,Sijsling v Lacko,20,2016-01-22 06:26:02.410,2.06,2016-01-22 08:30:00,
1.122679348,2263634,Lukas Lacko,Sijsling v Lacko,30,2016-01-22 06:32:22.674,2.16,2016-01-22 08:30:00,
1.122679348,2263634,Lukas Lacko,Sijsling v Lacko,40,2016-01-22 06:41:14.242,2.08,2016-01-22 08:30:00,
1.122679348,2263634,Lukas Lacko,Sijsling v Lacko,50,2016-01-22 06:43:08.239,1.97,2016-01-22 08:30:00,
1.122679348,2263634,Lukas Lacko,Sijsling v Lacko,60,2016-01-22 06:49:59.477,2.06,2016-01-22 08:30:00,
1.122679348,2263634,Lukas Lacko,Sijsling v Lacko,70,2016-01-22 08:04:48.738,2.0,2016-01-22 08:30:00,
1.122679348,2263634,Lukas Lacko,Sijsling v Lacko,80,2016-01-22 08:32:21.105,1.99,2016-01-22 08:39:00,
1.122679348,2263634,Lukas Lacko,Sijsling v Lacko,90,2016-01-22 08:37:12.923,2.0,2016-01-22 08:39:00,
1.122679348,2263634,Lukas Lacko,Sijsling v Lacko,100,2016-01-22 08:38:23.359,1.9,2016-01-22 08:39:00,
1.122679348,2370190,Igor Sijsling,Sijsling v Lacko,0,2016-01-21 13:53:41.101,1.98,2016-01-22 08:30:00,
1.122679348,2370190,Igor Sijsling,Sijsling v Lacko,10,2016-01-21 18:54:13.603,1.88,2016-01-22 08:30:00,
1.122679348,2370190,Igor Sijsling,Sijsling v Lacko,20,2016-01-21 19:56:29.418,1.88,2016-01-22 08:30:00,
1.122679348,2370190,Igor Sijsling,Sijsling v Lacko,30,2016-01-22 00:28:24.968,1.97,2016-01-22 08:30:00,
1.122679348,2370190,Igor Sijsling,Sijsling v Lacko,40,2016-01-22 02:11:33.843,1.93,2016-01-22 08:30:00,
1.122679348,2370190,Igor Sijsling,Sijsling v Lacko,50,2016-01-22 06:26:02.410,1.94,2016-01-22 08:30:00,
1.122679348,2370190,Igor Sijsling,Sijsling v Lacko,60,2016-01-22 06:38:00.707,1.87,2016-01-22 08:30:00,
1.122679348,2370190,Igor Sijsling,Sijsling v Lacko,70,2016-01-22 06:41:14.242,1.91,2016-01-22 08:30:00,
1.122679348,2370190,Igor Sijsling,Sijsling v Lacko,80,2016-01-22 06:49:59.477,1.94,2016-01-22 08:30:00,
1.122679348,2370190,Igor Sijsling,Sijsling v Lacko,90,2016-01-22 08:28:10.974,1.99,2016-01-22 08:30:00,
1.122679348,2370190,Igor Sijsling,Sijsling v Lacko,100,2016-01-22 08:38:23.359,2.08,2016-01-22 08:39:00,
1.122680003,2263536,Mikhail Youzhny,Naso v Youzhny,0,2016-01-21 15:44:10.483,1.1,2016-01-22 10:30:00,
1.122680003,2263536,Mikhail Youzhny,Naso v Youzhny,10,2016-01-21 22:06:55.051,1.13,2016-01-22 10:30:00,
1.122680003,2263536,Mikhail Youzhny,Naso v Youzhny,20,2016-01-21 23:37:26.403,1.11,2016-01-22 10:30:00,
1.122680003,2263536,Mikhail Youzhny,Naso v Youzhny,30,2016-01-21 23:52:21.792,1.1,2016-01-22 10:30:00,
1.122680003,2263536,Mikhail Youzhny,Naso v Youzhny,40,2016-01-22 04:49:16.068,1.1,2016-01-22 10:30:00,
1.122680003,2263536,Mikhail Youzhny,Naso v Youzhny,50,2016-01-22 06:30:01.937,1.11,2016-01-22 10:30:00,
1.122680003,2263536,Mikhail Youzhny,Naso v Youzhny,60,2016-01-22 09:34:18.772,1.11,2016-01-22 10:30:00,
1.122680003,2263536,Mikhail Youzhny,Naso v Youzhny,70,2016-01-22 09:35:05.256,1.1,2016-01-22 10:30:00,
1.122680003,2263536,Mikhail Youzhny,Naso v Youzhny,80,2016-01-22 10:07:24.282,1.1,2016-01-22 10:30:00,
1.122680003,2263536,Mikhail Youzhny,Naso v Youzhny,90,2016-01-22 10:13:01.108,1.09,2016-01-22 10:30:00,
1.122680003,2263536,Mikhail Youzhny,Naso v Youzhny,100,2016-01-22 10:23:17.467,1.11,2016-01-22 10:25:00,
1.122680003,2967260,Gianluca Naso,Naso v Youzhny,0,2016-01-21 21:23:21.579,11.0,2016-01-22 10:30:00,
1.122680003,2967260,Gianluca Naso,Naso v Youzhny,10,2016-01-21 22:06:55.051,8.8,2016-01-22 10:30:00,
1.122680003,2967260,Gianluca Naso,Naso v Youzhny,20,2016-01-21 23:00:09.226,11.0,2016-01-22 10:30:00,
1.122680003,2967260,Gianluca Naso,Naso v Youzhny,30,2016-01-21 23:32:19.938,10.5,2016-01-22 10:30:00,
1.122680003,2967260,Gianluca Naso,Naso v Youzhny,40,2016-01-22 00:03:12.644,8.8,2016-01-22 10:30:00,
1.122680003,2967260,Gianluca Naso,Naso v Youzhny,50,2016-01-22 00:39:38.742,9.0,2016-01-22 10:30:00,
1.122680003,2967260,Gianluca Naso,Naso v Youzhny,60,2016-01-22 03:09:07.536,8.8,2016-01-22 10:30:00,
1.122680003,2967260,Gianluca Naso,Naso v Youzhny,70,2016-01-22 04:49:16.068,10.5,2016-01-22 10:30:00,
1.122680003,2967260,Gianluca Naso,Naso v Youzhny,80,2016-01-22 09:05:26.314,11.0,2016-01-22 10:30:00,
1.122680003,2967260,Gianluca Naso,Naso v Youzhny,90,2016-01-22 09:34:18.772,10.0,2016-01-22 10:30:00,
1.122680003,2967260,Gianluca Naso,Naso v Youzhny,100,2016-01-22 10:01:02.297,11.0,2016-01-22 10:30:00,
1.122709279,6129383,Facundo Arguello,F Arguello v T Monteiro,0,2016-01-22 13:32:13.712,1.98,2016-01-22 20:30:00,
1.122709279,6129383,Facundo Arguello,F Arguello v T Monteiro,10,2016-01-22 15:46:09.945,1.89,2016-01-22 20:30:00,
1.122709279,6129383,Facundo Arguello,F Arguello v T Monteiro,20,2016-01-22 19:23:59.208,1.79,2016-01-22 20:45:00,
1.122709279,6129383,Facundo Arguello,F Arguello v T Monteiro,30,2016-01-22 20:37:36.056,1.74,2016-01-22 20:45:00,
1.122709279,6129383,Facundo Arguello,F Arguello v T Monteiro,40,2016-01-22 23:45:26.321,1.82,2016-01-23 14:45:00,
1.122709279,6129383,Facundo Arguello,F Arguello v T Monteiro,50,2016-01-23 00:07:10.485,1.74,2016-01-23 14:45:00,
1.122709279,6129383,Facundo Arguello,F Arguello v T Monteiro,60,2016-01-23 06:37:25.955,1.86,2016-01-23 14:45:00,
1.122709279,6129383,Facundo Arguello,F Arguello v T Monteiro,70,2016-01-23 13:26:27.716,1.89,2016-01-23 15:15:00,
1.122709279,6129383,Facundo Arguello,F Arguello v T Monteiro,80,2016-01-23 14:40:21.839,1.79,2016-01-23 15:15:00,
1.122709279,6129383,Facundo Arguello,F Arguello v T Monteiro,90,2016-01-23 14:59:27.918,1.8,2016-01-23 15:15:00,
1.122709279,6129383,Facundo Arguello,F Arguello v T Monteiro,100,2016-01-23 15:06:10.619,1.75,2016-01-23 15:09:00,
1.122709279,8326656,Thiago Monteiro,F Arguello v T Monteiro,0,2016-01-22 05:33:08.699,2.08,2016-01-22 20:30:00,
1.122709279,8326656,Thiago Monteiro,F Arguello v T Monteiro,10,2016-01-22 13:32:13.712,2.02,2016-01-22 20:30:00,
1.122709279,8326656,Thiago Monteiro,F Arguello v T Monteiro,20,2016-01-22 18:22:31.344,2.12,2016-01-22 20:45:00,
1.122709279,8326656,Thiago Monteiro,F Arguello v T Monteiro,30,2016-01-22 19:23:59.208,2.28,2016-01-22 20:45:00,
1.122709279,8326656,Thiago Monteiro,F Arguello v T Monteiro,40,2016-01-22 20:35:23.196,2.32,2016-01-22 20:45:00,
1.122709279,8326656,Thiago Monteiro,F Arguello v T Monteiro,50,2016-01-23 06:37:25.955,2.02,2016-01-23 14:45:00,
1.122709279,8326656,Thiago Monteiro,F Arguello v T Monteiro,60,2016-01-23 09:20:31.809,2.18,2016-01-23 14:45:00,
1.122709279,8326656,Thiago Monteiro,F Arguello v T Monteiro,70,2016-01-23 10:56:26.930,2.04,2016-01-23 14:45:00,
1.122709279,8326656,Thiago Monteiro,F Arguello v T Monteiro,80,2016-01-23 14:27:34.633,2.26,2016-01-23 15:15:00,
1.122709279,8326656,Thiago Monteiro,F Arguello v T Monteiro,90,2016-01-23 14:47:23.185,2.3,2016-01-23 15:15:00,
1.122709279,8326656,Thiago Monteiro,F Arguello v T Monteiro,100,2016-01-23 15:02:26.294,2.26,2016-01-23 15:09:00,
1.1227108,4520808,Facundo Bagnis,G Elias v Bagnis,0,2016-01-22 06:34:31.710,1.88,2016-01-22 18:00:00,
1.1227108,4520808,Facundo Bagnis,G Elias v Bagnis,10,2016-01-22 06:50:28.913,2.1,2016-01-22 18:00:00,
1.1227108,4520808,Facundo Bagnis,G Elias v Bagnis,20,2016-01-22 10:25:31.921,2.08,2016-01-22 18:00:00,
1.1227108,4520808,Facundo Bagnis,G Elias v Bagnis,30,2016-01-22 12:36:25.492,1.98,2016-01-22 18:00:00,
1.1227108,4520808,Facundo Bagnis,G Elias v Bagnis,40,2016-01-22 15:53:48.892,1.99,2016-01-22 19:45:00,
1.1227108,4520808,Facundo Bagnis,G Elias v Bagnis,50,2016-01-22 15:57:34.552,2.0,2016-01-22 20:45:00,
1.1227108,4520808,Facundo Bagnis,G Elias v Bagnis,60,2016-01-22 18:33:22.307,1.91,2016-01-22 20:45:00,
1.1227108,4520808,Facundo Bagnis,G Elias v Bagnis,70,2016-01-22 19:36:19.996,1.98,2016-01-22 20:45:00,
1.1227108,4520808,Facundo Bagnis,G Elias v Bagnis,80,2016-01-23 09:17:28.671,1.9,2016-01-23 14:45:00,
1.1227108,4520808,Facundo Bagnis,G Elias v Bagnis,90,2016-01-23 14:58:20.487,1.89,2016-01-23 15:15:00,
1.1227108,4520808,Facundo Bagnis,G Elias v Bagnis,100,2016-01-23 15:10:25.449,2.0,2016-01-23 15:14:00,
1.122710808,2257299,Ruben Ramirez Hidalgo,Torebko v Ramirez Hidalgo,0,2016-01-22 10:28:32.653,1.58,2016-01-22 16:30:00,
1.122710808,2257299,Ruben Ramirez Hidalgo,Torebko v Ramirez Hidalgo,10,2016-01-22 13:52:33.461,1.57,2016-01-22 16:30:00,
1.122710808,2257299,Ruben Ramirez Hidalgo,Torebko v Ramirez Hidalgo,20,2016-01-22 15:46:58.019,1.59,2016-01-22 16:30:00,
1.122710808,2257299,Ruben Ramirez Hidalgo,Torebko v Ramirez Hidalgo,30,2016-01-22 17:15:12.905,1.57,2016-01-22 19:00:00,
1.122710808,2257299,Ruben Ramirez Hidalgo,Torebko v Ramirez Hidalgo,40,2016-01-22 18:52:08.782,1.49,2016-01-22 19:00:00,
1.122710808,2257299,Ruben Ramirez Hidalgo,Torebko v Ramirez Hidalgo,50,2016-01-22 23:12:27.298,1.48,2016-01-23 13:00:00,
1.122710808,2257299,Ruben Ramirez Hidalgo,Torebko v Ramirez Hidalgo,60,2016-01-23 01:15:39.204,1.63,2016-01-23 13:00:00,
1.122710808,2257299,Ruben Ramirez Hidalgo,Torebko v Ramirez Hidalgo,70,2016-01-23 09:57:00.184,1.56,2016-01-23 13:00:00,
1.122710808,2257299,Ruben Ramirez Hidalgo,Torebko v Ramirez Hidalgo,80,2016-01-23 12:16:19.974,1.53,2016-01-23 13:00:00,
1.122710808,2257299,Ruben Ramirez Hidalgo,Torebko v Ramirez Hidalgo,90,2016-01-23 13:01:26.127,1.54,2016-01-23 13:30:00,
1.122710808,2257299,Ruben Ramirez Hidalgo,Torebko v Ramirez Hidalgo,100,2016-01-23 13:35:27.013,1.53,2016-01-23 13:37:00,
1.122710808,5829498,Peter Torebko,Torebko v Ramirez Hidalgo,0,2016-01-22 10:28:32.653,2.72,2016-01-22 16:30:00,
1.122710808,5829498,Peter Torebko,Torebko v Ramirez Hidalgo,10,2016-01-22 13:52:33.461,2.74,2016-01-22 16:30:00,
1.122710808,5829498,Peter Torebko,Torebko v Ramirez Hidalgo,20,2016-01-22 15:34:10.298,2.76,2016-01-22 16:30:00,
1.122710808,5829498,Peter Torebko,Torebko v Ramirez Hidalgo,30,2016-01-22 17:49:05.266,2.74,2016-01-22 19:00:00,
1.122710808,5829498,Peter Torebko,Torebko v Ramirez Hidalgo,40,2016-01-22 18:52:08.782,3.05,2016-01-22 19:00:00,
1.122710808,5829498,Peter Torebko,Torebko v Ramirez Hidalgo,50,2016-01-22 23:34:38.571,2.94,2016-01-23 13:00:00,
1.122710808,5829498,Peter Torebko,Torebko v Ramirez Hidalgo,60,2016-01-23 11:31:40.634,2.78,2016-01-23 13:00:00,
1.122710808,5829498,Peter Torebko,Torebko v Ramirez Hidalgo,70,2016-01-23 12:12:19.055,2.82,2016-01-23 13:00:00,
1.122710808,5829498,Peter Torebko,Torebko v Ramirez Hidalgo,80,2016-01-23 12:57:13.338,2.74,2016-01-23 13:30:00,
1.122710808,5829498,Peter Torebko,Torebko v Ramirez Hidalgo,90,2016-01-23 13:31:29.789,2.84,2016-01-23 13:37:00,
1.122710808,5829498,Peter Torebko,Torebko v Ramirez Hidalgo,100,2016-01-23 13:35:27.013,2.8,2016-01-23 13:37:00,
1.122711078,8443246,Montserrat Gonzalez,Montserrat Gonzalez v Karolina Muchova,0,2016-01-22 07:08:12.147,1.92,2016-01-22 15:30:00,
1.122711078,8443246,Montserrat Gonzalez,Montserrat Gonzalez v Karolina Muchova,10,2016-01-22 07:22:03.338,1.91,2016-01-22 15:30:00,
1.122711078,8443246,Montserrat Gonzalez,Montserrat Gonzalez v Karolina Muchova,20,2016-01-22 15:29:18.970,1.82,2016-01-22 15:40:00,
1.122711078,8443246,Montserrat Gonzalez,Montserrat Gonzalez v Karolina Muchova,30,2016-01-22 15:45:02.932,1.79,2016-01-22 15:50:00,
1.122711078,8443246,Montserrat Gonzalez,Montserrat Gonzalez v Karolina Muchova,40,2016-01-22 16:04:16.827,1.75,2016-01-22 16:10:00,
1.122711078,8443246,Montserrat Gonzalez,Montserrat Gonzalez v Karolina Muchova,50,2016-01-22 16:20:17.625,1.64,2016-01-22 16:30:00,
1.122711078,8443246,Montserrat Gonzalez,Montserrat Gonzalez v Karolina Muchova,60,2016-01-22 16:24:13.710,1.75,2016-01-22 16:30:00,
1.122711078,8443246,Montserrat Gonzalez,Montserrat Gonzalez v Karolina Muchova,70,2016-01-22 16:29:19.030,1.64,2016-01-22 16:40:00,
1.122711078,8443246,Montserrat Gonzalez,Montserrat Gonzalez v Karolina Muchova,80,2016-01-22 16:37:15.374,1.68,2016-01-22 16:50:00,
1.122711078,8443246,Montserrat Gonzalez,Montserrat Gonzalez v Karolina Muchova,90,2016-01-22 16:45:18.483,1.75,2016-01-22 16:50:00,
1.122711078,8443246,Montserrat Gonzalez,Montserrat Gonzalez v Karolina Muchova,100,2016-01-22 16:49:18.730,1.61,2016-01-22 16:50:00,2016-01-22 16:47:14.804
1.122711081,5071877,Andrej Martin,Clezar v And Martin,0,2016-01-22 13:31:52.525,2.58,2016-01-22 18:00:00,
1.122711081,5071877,Andrej Martin,Clezar v And Martin,10,2016-01-22 17:01:38.923,2.74,2016-01-22 19:00:00,
1.122711081,5071877,Andrej Martin,Clezar v And Martin,20,2016-01-22 17:53:33.338,2.7,2016-01-22 19:00:00,
1.122711081,5071877,Andrej Martin,Clezar v And Martin,30,2016-01-22 18:34:28.065,2.78,2016-01-22 19:00:00,
1.122711081,5071877,Andrej Martin,Clezar v And Martin,40,2016-01-22 18:54:33.094,2.86,2016-01-22 19:00:00,
1.122711081,5071877,Andrej Martin,Clezar v And Martin,50,2016-01-22 22:35:31.508,2.52,2016-01-23 13:00:00,
1.122711081,5071877,Andrej Martin,Clezar v And Martin,60,2016-01-23 00:53:13.584,2.7,2016-01-23 13:00:00,
1.122711081,5071877,Andrej Martin,Clezar v And Martin,70,2016-01-23 09:19:40.310,2.44,2016-01-23 13:00:00,
1.122711081,5071877,Andrej Martin,Clezar v And Martin,80,2016-01-23 11:36:38.024,2.48,2016-01-23 13:00:00,
1.122711081,5071877,Andrej Martin,Clezar v And Martin,90,2016-01-23 12:38:25.645,2.56,2016-01-23 13:30:00,
1.122711081,5071877,Andrej Martin,Clezar v And Martin,100,2016-01-23 13:32:41.616,2.66,2016-01-23 13:34:00,
1.122711081,5304142,Guilherme Clezar,Clezar v And Martin,0,2016-01-22 10:26:33.241,1.71,2016-01-22 18:00:00,
1.122711081,5304142,Guilherme Clezar,Clezar v And Martin,10,2016-01-22 15:45:52.198,1.64,2016-01-22 18:00:00,
1.122711081,5304142,Guilherme Clezar,Clezar v And Martin,20,2016-01-22 17:02:32.310,1.57,2016-01-22 19:00:00,
1.122711081,5304142,Guilherme Clezar,Clezar v And Martin,30,2016-01-22 17:47:08.248,1.59,2016-01-22 19:00:00,
1.122711081,5304142,Guilherme Clezar,Clezar v And Martin,40,2016-01-22 18:23:26.156,1.58,2016-01-22 19:00:00,
1.122711081,5304142,Guilherme Clezar,Clezar v And Martin,50,2016-01-22 18:40:41.252,1.61,2016-01-22 19:00:00,
1.122711081,5304142,Guilherme Clezar,Clezar v And Martin,60,2016-01-23 00:53:13.584,1.59,2016-01-23 13:00:00,
1.122711081,5304142,Guilherme Clezar,Clezar v And Martin,70,2016-01-23 12:21:41.052,1.58,2016-01-23 13:00:00,
1.122711081,5304142,Guilherme Clezar,Clezar v And Martin,80,2016-01-23 13:04:52.595,1.6,2016-01-23 13:30:00,
1.122711081,5304142,Guilherme Clezar,Clezar v And Martin,90,2016-01-23 13:26:37.874,1.58,2016-01-23 13:30:00,
1.122711081,5304142,Guilherme Clezar,Clezar v And Martin,100,2016-01-23 13:32:41.616,1.59,2016-01-23 13:34:00,
1.122711149,2249835,Go Soeda,Chiudinelli v Soeda,0,2016-01-22 21:40:12.910,1.72,2016-01-23 06:00:00,
1.122711149,2249835,Go Soeda,Chiudinelli v Soeda,10,2016-01-22 21:55:56.674,1.65,2016-01-23 06:00:00,
1.122711149,2249835,Go Soeda,Chiudinelli v Soeda,20,2016-01-22 23:09:34.467,1.65,2016-01-23 06:00:00,
1.122711149,2249835,Go Soeda,Chiudinelli v Soeda,30,2016-01-23 02:08:16.057,1.71,2016-01-23 06:00:00,
1.122711149,2249835,Go Soeda,Chiudinelli v Soeda,40,2016-01-23 02:33:27.064,1.68,2016-01-23 06:00:00,
1.122711149,2249835,Go Soeda,Chiudinelli v Soeda,50,2016-01-23 02:39:04.812,1.77,2016-01-23 06:00:00,
1.122711149,2249835,Go Soeda,Chiudinelli v Soeda,60,2016-01-23 03:03:47.188,1.76,2016-01-23 06:00:00,
1.122711149,2249835,Go Soeda,Chiudinelli v Soeda,70,2016-01-23 03:12:40.234,1.77,2016-01-23 06:00:00,
1.122711149,2249835,Go Soeda,Chiudinelli v Soeda,80,2016-01-23 05:01:33.801,1.77,2016-01-23 06:00:00,
1.122711149,2249835,Go Soeda,Chiudinelli v Soeda,90,2016-01-23 05:41:29.729,1.76,2016-01-23 06:00:00,
1.122711149,2249835,Go Soeda,Chiudinelli v Soeda,100,2016-01-23 07:01:38.040,1.79,2016-01-23 07:04:00,
1.122714109,2263536,Mikhail Youzhny,Lacko v Youzhny,0,2016-01-22 16:43:58.121,1.31,2016-01-23 07:45:00,
1.122714109,2263536,Mikhail Youzhny,Lacko v Youzhny,10,2016-01-22 18:02:39.754,1.31,2016-01-23 07:45:00,
1.122714109,2263536,Mikhail Youzhny,Lacko v Youzhny,20,2016-01-22 19:24:38.688,1.43,2016-01-23 07:45:00,
1.122714109,2263536,Mikhail Youzhny,Lacko v Youzhny,30,2016-01-22 21:06:39.874,1.42,2016-01-23 07:45:00,
1.122714109,2263536,Mikhail Youzhny,Lacko v Youzhny,40,2016-01-22 22:53:29.868,1.37,2016-01-23 07:45:00,
1.122714109,2263536,Mikhail Youzhny,Lacko v Youzhny,50,2016-01-22 23:58:38.109,1.37,2016-01-23 07:45:00,
1.122714109,2263536,Mikhail Youzhny,Lacko v Youzhny,60,2016-01-23 02:07:17.220,1.44,2016-01-23 07:45:00,
1.122714109,2263536,Mikhail Youzhny,Lacko v Youzhny,70,2016-01-23 03:55:54.278,1.45,2016-01-23 07:45:00,
1.122714109,2263536,Mikhail Youzhny,Lacko v Youzhny,80,2016-01-23 05:32:20.464,1.41,2016-01-23 07:45:00,
1.122714109,2263536,Mikhail Youzhny,Lacko v Youzhny,90,2016-01-23 06:52:39.286,1.42,2016-01-23 07:45:00,
1.122714109,2263536,Mikhail Youzhny,Lacko v Youzhny,100,2016-01-23 10:10:44.948,1.44,2016-01-23 10:11:00,2016-01-23 10:08:43.279
1.122714109,2263634,Lukas Lacko,Lacko v Youzhny,0,2016-01-22 17:05:37.267,4.5,2016-01-23 07:45:00,
1.122714109,2263634,Lukas Lacko,Lacko v Youzhny,10,2016-01-22 17:29:40.035,3.6,2016-01-23 07:45:00,
1.122714109,2263634,Lukas Lacko,Lacko v Youzhny,20,2016-01-22 21:05:32.590,3.4,2016-01-23 07:45:00,
1.122714109,2263634,Lukas Lacko,Lacko v Youzhny,30,2016-01-22 22:39:36.360,3.15,2016-01-23 07:45:00,
1.122714109,2263634,Lukas Lacko,Lacko v Youzhny,40,2016-01-22 23:07:20.878,3.2,2016-01-23 07:45:00,
1.122714109,2263634,Lukas Lacko,Lacko v Youzhny,50,2016-01-22 23:57:42.001,3.2,2016-01-23 07:45:00,
1.122714109,2263634,Lukas Lacko,Lacko v Youzhny,60,2016-01-23 00:13:38.414,3.5,2016-01-23 07:45:00,
1.122714109,2263634,Lukas Lacko,Lacko v Youzhny,70,2016-01-23 05:45:19.238,3.35,2016-01-23 07:45:00,
1.122714109,2263634,Lukas Lacko,Lacko v Youzhny,80,2016-01-23 10:02:41.434,3.25,2016-01-23 10:10:00,
1.122714109,2263634,Lukas Lacko,Lacko v Youzhny,90,2016-01-23 10:07:26.540,3.25,2016-01-23 10:11:00,
1.122714109,2263634,Lukas Lacko,Lacko v Youzhny,100,2016-01-23 10:10:44.948,3.2,2016-01-23 10:11:00,2016-01-23 10:08:43.279
1.122726785,8397789,Ramirez Hidalgo/Riba,Ramirez Hidalgo/Riba v Elias/Ghem,0,2016-01-23 12:20:26.664,3.35,2016-01-23 16:30:00,
1.122726785,8397789,Ramirez Hidalgo/Riba,Ramirez Hidalgo/Riba v Elias/Ghem,10,2016-01-23 12:27:44.664,3.4,2016-01-23 16:30:00,
1.122726785,8397789,Ramirez Hidalgo/Riba,Ramirez Hidalgo/Riba v Elias/Ghem,20,2016-01-23 13:30:43.878,2.5,2016-01-23 17:00:00,
1.122726785,8397789,Ramirez Hidalgo/Riba,Ramirez Hidalgo/Riba v Elias/Ghem,30,2016-01-23 13:32:07.874,2.44,2016-01-23 17:00:00,
1.122726785,8397789,Ramirez Hidalgo/Riba,Ramirez Hidalgo/Riba v Elias/Ghem,40,2016-01-23 14:24:11.648,2.44,2016-01-23 17:00:00,
1.122726785,8397789,Ramirez Hidalgo/Riba,Ramirez Hidalgo/Riba v Elias/Ghem,50,2016-01-23 14:38:46.366,2.34,2016-01-23 17:00:00,
1.122726785,8397789,Ramirez Hidalgo/Riba,Ramirez Hidalgo/Riba v Elias/Ghem,60,2016-01-23 14:42:15.386,2.32,2016-01-23 17:00:00,
1.122726785,8397789,Ramirez Hidalgo/Riba,Ramirez Hidalgo/Riba v Elias/Ghem,70,2016-01-23 16:55:37.599,2.5,2016-01-23 17:00:00,
1.122726785,8397789,Ramirez Hidalgo/Riba,Ramirez Hidalgo/Riba v Elias/Ghem,80,2016-01-23 16:59:36.120,2.6,2016-01-23 17:00:00,
1.122726785,8397789,Ramirez Hidalgo/Riba,Ramirez Hidalgo/Riba v Elias/Ghem,90,2016-01-23 20:26:38.151,3.1,2016-01-23 21:15:00,
1.122726785,8397789,Ramirez Hidalgo/Riba,Ramirez Hidalgo/Riba v Elias/Ghem,100,2016-01-23 21:02:43.354,2.98,2016-01-23 21:15:00,
1.122726785,8576125,Elias/Ghem,Ramirez Hidalgo/Riba v Elias/Ghem,0,2016-01-23 12:20:26.664,1.43,2016-01-23 16:30:00,
1.122726785,8576125,Elias/Ghem,Ramirez Hidalgo/Riba v Elias/Ghem,10,2016-01-23 12:27:44.664,1.42,2016-01-23 16:30:00,
1.122726785,8576125,Elias/Ghem,Ramirez Hidalgo/Riba v Elias/Ghem,20,2016-01-23 13:37:48.900,1.7,2016-01-23 17:00:00,
1.122726785,8576125,Elias/Ghem,Ramirez Hidalgo/Riba v Elias/Ghem,30,2016-01-23 14:23:28.803,1.48,2016-01-23 17:00:00,
1.122726785,8576125,Elias/Ghem,Ramirez Hidalgo/Riba v Elias/Ghem,40,2016-01-23 14:25:27.373,1.47,2016-01-23 17:00:00,
1.122726785,8576125,Elias/Ghem,Ramirez Hidalgo/Riba v Elias/Ghem,50,2016-01-23 14:30:39.760,1.43,2016-01-23 17:00:00,
1.122726785,8576125,Elias/Ghem,Ramirez Hidalgo/Riba v Elias/Ghem,60,2016-01-23 14:32:14.221,1.42,2016-01-23 17:00:00,
1.122726785,8576125,Elias/Ghem,Ramirez Hidalgo/Riba v Elias/Ghem,70,2016-01-23 14:45:24.803,1.39,2016-01-23 17:00:00,
1.122726785,8576125,Elias/Ghem,Ramirez Hidalgo/Riba v Elias/Ghem,80,2016-01-23 16:59:36.120,1.62,2016-01-23 17:00:00,
1.122726785,8576125,Elias/Ghem,Ramirez Hidalgo/Riba v Elias/Ghem,90,2016-01-23 20:26:38.151,1.48,2016-01-23 21:15:00,
1.122726785,8576125,Elias/Ghem,Ramirez Hidalgo/Riba v Elias/Ghem,100,2016-01-23 21:02:43.354,1.51,2016-01-23 21:15:00,
1.122726792,10689060,Eysseric/Reyes-Varela,Eysseric/Reyes-Varela v Bagnis/Gonzalez,0,2016-01-23 11:04:46.024,2.84,2016-01-23 18:15:00,
1.122726792,10689060,Eysseric/Reyes-Varela,Eysseric/Reyes-Varela v Bagnis/Gonzalez,10,2016-01-23 13:13:15.818,2.74,2016-01-23 18:45:00,
1.122726792,10689060,Eysseric/Reyes-Varela,Eysseric/Reyes-Varela v Bagnis/Gonzalez,20,2016-01-23 13:24:45.779,2.64,2016-01-23 18:45:00,
1.122726792,10689060,Eysseric/Reyes-Varela,Eysseric/Reyes-Varela v Bagnis/Gonzalez,30,2016-01-23 13:25:02.932,2.62,2016-01-23 18:45:00,
1.122726792,10689060,Eysseric/Reyes-Varela,Eysseric/Reyes-Varela v Bagnis/Gonzalez,40,2016-01-23 13:31:17.739,2.46,2016-01-23 18:45:00,
1.122726792,10689060,Eysseric/Reyes-Varela,Eysseric/Reyes-Varela v Bagnis/Gonzalez,50,2016-01-23 15:50:02.911,2.74,2016-01-23 18:45:00,
1.122726792,10689060,Eysseric/Reyes-Varela,Eysseric/Reyes-Varela v Bagnis/Gonzalez,60,2016-01-23 18:36:11.894,2.52,2016-01-23 18:45:00,
1.122726792,10689060,Eysseric/Reyes-Varela,Eysseric/Reyes-Varela v Bagnis/Gonzalez,70,2016-01-23 21:00:45.105,2.86,2016-01-23 23:00:00,
1.122726792,10689060,Eysseric/Reyes-Varela,Eysseric/Reyes-Varela v Bagnis/Gonzalez,80,2016-01-23 21:01:46.902,2.98,2016-01-23 23:00:00,
1.122726792,10689060,Eysseric/Reyes-Varela,Eysseric/Reyes-Varela v Bagnis/Gonzalez,90,2016-01-23 23:09:46.827,2.4,2016-01-23 23:12:00,
1.122726792,10689060,Eysseric/Reyes-Varela,Eysseric/Reyes-Varela v Bagnis/Gonzalez,100,2016-01-23 23:11:48.168,3.0,2016-01-23 23:12:00,2016-01-23 23:10:47.759
1.122726792,10707078,Bagnis/Gonzalez,Eysseric/Reyes-Varela v Bagnis/Gonzalez,0,2016-01-23 13:13:15.818,1.54,2016-01-23 18:45:00,
1.122726792,10707078,Bagnis/Gonzalez,Eysseric/Reyes-Varela v Bagnis/Gonzalez,10,2016-01-23 15:50:02.911,1.58,2016-01-23 18:45:00,
1.122726792,10707078,Bagnis/Gonzalez,Eysseric/Reyes-Varela v Bagnis/Gonzalez,20,2016-01-23 17:57:45.839,1.6,2016-01-23 18:45:00,
1.122726792,10707078,Bagnis/Gonzalez,Eysseric/Reyes-Varela v Bagnis/Gonzalez,30,2016-01-23 18:27:43.433,1.59,2016-01-23 18:45:00,
1.122726792,10707078,Bagnis/Gonzalez,Eysseric/Reyes-Varela v Bagnis/Gonzalez,40,2016-01-23 18:36:11.894,1.65,2016-01-23 18:45:00,
1.122726792,10707078,Bagnis/Gonzalez,Eysseric/Reyes-Varela v Bagnis/Gonzalez,50,2016-01-23 18:42:06.167,1.59,2016-01-23 18:45:00,
1.122726792,10707078,Bagnis/Gonzalez,Eysseric/Reyes-Varela v Bagnis/Gonzalez,60,2016-01-23 20:54:48.098,1.65,2016-01-23 23:00:00,
1.122726792,10707078,Bagnis/Gonzalez,Eysseric/Reyes-Varela v Bagnis/Gonzalez,70,2016-01-23 20:59:34.081,1.59,2016-01-23 23:00:00,
1.122726792,10707078,Bagnis/Gonzalez,Eysseric/Reyes-Varela v Bagnis/Gonzalez,80,2016-01-23 21:00:45.105,1.54,2016-01-23 23:00:00,
1.122726792,10707078,Bagnis/Gonzalez,Eysseric/Reyes-Varela v Bagnis/Gonzalez,90,2016-01-23 21:01:46.902,1.51,2016-01-23 23:00:00,
1.122726792,10707078,Bagnis/Gonzalez,Eysseric/Reyes-Varela v Bagnis/Gonzalez,100,2016-01-23 23:11:48.168,1.49,2016-01-23 23:12:00,2016-01-23 23:10:47.759
1.122726949,8679190,Indy De Vroome,Indy De Vroome v Montserrat Gonzalez,0,2016-01-23 09:46:58.929,2.16,2016-01-23 18:30:00,
1.122726949,8679190,Indy De Vroome,Indy De Vroome v Montserrat Gonzalez,10,2016-01-23 09:49:29.054,2.08,2016-01-23 18:30:00,
1.122726949,8679190,Indy De Vroome,Indy De Vroome v Montserrat Gonzalez,20,2016-01-23 11:33:02.757,2.04,2016-01-23 18:30:00,
1.122726949,8679190,Indy De Vroome,Indy De Vroome v Montserrat Gonzalez,30,2016-01-23 13:32:59.338,1.94,2016-01-23 18:30:00,
1.122726949,8679190,Indy De Vroome,Indy De Vroome v Montserrat Gonzalez,40,2016-01-23 13:37:03.692,1.89,2016-01-23 18:30:00,
1.122726949,8679190,Indy De Vroome,Indy De Vroome v Montserrat Gonzalez,50,2016-01-23 16:52:38.726,1.62,2016-01-23 18:30:00,
1.122726949,8679190,Indy De Vroome,Indy De Vroome v Montserrat Gonzalez,60,2016-01-23 16:54:54.112,1.59,2016-01-23 18:30:00,
1.122726949,8679190,Indy De Vroome,Indy De Vroome v Montserrat Gonzalez,70,2016-01-23 18:05:02.245,1.51,2016-01-23 18:30:00,
1.122726949,8679190,Indy De Vroome,Indy De Vroome v Montserrat Gonzalez,80,2016-01-23 18:11:52.539,1.53,2016-01-23 18:30:00,
1.122726949,8679190,Indy De Vroome,Indy De Vroome v Montserrat Gonzalez,90,2016-01-23 18:15:51.103,1.55,2016-01-23 18:30:00,
1.122726949,8679190,Indy De Vroome,Indy De Vroome v Montserrat Gonzalez,100,2016-01-23 18:21:08.689,1.52,2016-01-23 18:30:00,
1.122727583,6534042,Nicolas Meister,Meister v Bakalov,0,2016-01-23 14:57:51.438,1.14,2016-01-23 19:00:00,
1.122727583,6534042,Nicolas Meister,Meister v Bakalov,10,2016-01-23 15:00:53.283,1.17,2016-01-23 19:00:00,
1.122727583,6534042,Nicolas Meister,Meister v Bakalov,20,2016-01-23 16:03:48.413,1.2,2016-01-23 19:00:00,
1.122727583,6534042,Nicolas Meister,Meister v Bakalov,30,2016-01-23 16:04:53.357,1.19,2016-01-23 19:00:00,
1.122727583,6534042,Nicolas Meister,Meister v Bakalov,40,2016-01-23 16:45:24.696,1.18,2016-01-23 19:00:00,
1.122727583,6534042,Nicolas Meister,Meister v Bakalov,50,2016-01-23 17:41:37.939,1.17,2016-01-23 19:00:00,
1.122727583,6534042,Nicolas Meister,Meister v Bakalov,60,2016-01-23 17:59:09.532,1.16,2016-01-23 19:00:00,
1.122727583,6534042,Nicolas Meister,Meister v Bakalov,70,2016-01-23 18:18:05.535,1.17,2016-01-23 19:00:00,
1.122727583,6534042,Nicolas Meister,Meister v Bakalov,80,2016-01-23 18:25:48.594,1.16,2016-01-23 19:00:00,
1.122727583,6534042,Nicolas Meister,Meister v Bakalov,90,2016-01-23 18:30:51.343,1.13,2016-01-23 19:00:00,
1.122727583,6534042,Nicolas Meister,Meister v Bakalov,100,2016-01-23 19:06:53.092,1.12,2016-01-23 19:10:00,
1.12272876,2263536,Mikhail Youzhny,Chiudinelli v Youzhny,0,2016-01-23 16:07:58.873,1.27,2016-01-24 07:30:00,
1.12272876,2263536,Mikhail Youzhny,Chiudinelli v Youzhny,10,2016-01-23 17:20:50.291,1.3,2016-01-24 07:30:00,
1.12272876,2263536,Mikhail Youzhny,Chiudinelli v Youzhny,20,2016-01-23 18:28:38.369,1.36,2016-01-24 07:30:00,
1.12272876,2263536,Mikhail Youzhny,Chiudinelli v Youzhny,30,2016-01-23 20:36:47.451,1.28,2016-01-24 07:30:00,
1.12272876,2263536,Mikhail Youzhny,Chiudinelli v Youzhny,40,2016-01-23 22:14:34.226,1.29,2016-01-24 07:30:00,
1.12272876,2263536,Mikhail Youzhny,Chiudinelli v Youzhny,50,2016-01-23 23:41:43.389,1.25,2016-01-24 07:30:00,
1.12272876,2263536,Mikhail Youzhny,Chiudinelli v Youzhny,60,2016-01-24 01:11:47.299,1.32,2016-01-24 07:30:00,
1.12272876,2263536,Mikhail Youzhny,Chiudinelli v Youzhny,70,2016-01-24 02:26:14.942,1.25,2016-01-24 07:30:00,
1.12272876,2263536,Mikhail Youzhny,Chiudinelli v Youzhny,80,2016-01-24 03:57:34.222,1.3,2016-01-24 07:30:00,
1.12272876,2263536,Mikhail Youzhny,Chiudinelli v Youzhny,90,2016-01-24 05:56:44.218,1.3,2016-01-24 07:30:00,
1.12272876,2263536,Mikhail Youzhny,Chiudinelli v Youzhny,100,2016-01-24 07:31:54.644,1.29,2016-01-24 07:35:00,
1.12272876,2263632,Marco Chiudinelli,Chiudinelli v Youzhny,0,2016-01-23 16:58:57.692,3.8,2016-01-24 07:30:00,
1.12272876,2263632,Marco Chiudinelli,Chiudinelli v Youzhny,10,2016-01-23 17:09:49.884,3.7,2016-01-24 07:30:00,
1.12272876,2263632,Marco Chiudinelli,Chiudinelli v Youzhny,20,2016-01-23 21:37:31.053,4.4,2016-01-24 07:30:00,
1.12272876,2263632,Marco Chiudinelli,Chiudinelli v Youzhny,30,2016-01-23 21:41:44.859,4.4,2016-01-24 07:30:00,
1.12272876,2263632,Marco Chiudinelli,Chiudinelli v Youzhny,40,2016-01-23 23:17:45.912,4.1,2016-01-24 07:30:00,
1.12272876,2263632,Marco Chiudinelli,Chiudinelli v Youzhny,50,2016-01-23 23:40:44.346,5.0,2016-01-24 07:30:00,
1.12272876,2263632,Marco Chiudinelli,Chiudinelli v Youzhny,60,2016-01-24 02:40:55.682,4.7,2016-01-24 07:30:00,
1.12272876,2263632,Marco Chiudinelli,Chiudinelli v Youzhny,70,2016-01-24 07:10:48.173,4.3,2016-01-24 07:30:00,
1.12272876,2263632,Marco Chiudinelli,Chiudinelli v Youzhny,80,2016-01-24 07:17:40.379,4.5,2016-01-24 07:30:00,
1.12272876,2263632,Marco Chiudinelli,Chiudinelli v Youzhny,90,2016-01-24 07:32:59.411,4.3,2016-01-24 07:35:00,
1.12272876,2263632,Marco Chiudinelli,Chiudinelli v Youzhny,100,2016-01-24 07:34:56.198,4.5,2016-01-24 07:35:00,
1.122730412,2257299,Ruben Ramirez Hidalgo,Ramirez Hidalgo v Clezar,0,2016-01-23 16:54:13.274,2.58,2016-01-23 18:30:00,
1.122730412,2257299,Ruben Ramirez Hidalgo,Ramirez Hidalgo v Clezar,10,2016-01-23 17:34:59.903,2.66,2016-01-23 18:30:00,
1.122730412,2257299,Ruben Ramirez Hidalgo,Ramirez Hidalgo v Clezar,20,2016-01-23 17:37:11.565,2.48,2016-01-23 18:30:00,
1.122730412,2257299,Ruben Ramirez Hidalgo,Ramirez Hidalgo v Clezar,30,2016-01-23 17:45:04.859,2.56,2016-01-23 18:30:00,
1.122730412,2257299,Ruben Ramirez Hidalgo,Ramirez Hidalgo v Clezar,40,2016-01-23 18:05:02.962,2.74,2016-01-23 18:30:00,
1.122730412,2257299,Ruben Ramirez Hidalgo,Ramirez Hidalgo v Clezar,50,2016-01-23 18:06:02.406,2.56,2016-01-23 18:30:00,
1.122730412,2257299,Ruben Ramirez Hidalgo,Ramirez Hidalgo v Clezar,60,2016-01-23 18:11:41.392,2.74,2016-01-23 18:30:00,
1.122730412,2257299,Ruben Ramirez Hidalgo,Ramirez Hidalgo v Clezar,70,2016-01-23 18:13:34.338,2.82,2016-01-23 18:30:00,
1.122730412,2257299,Ruben Ramirez Hidalgo,Ramirez Hidalgo v Clezar,80,2016-01-23 18:19:11.674,2.74,2016-01-23 18:30:00,
1.122730412,2257299,Ruben Ramirez Hidalgo,Ramirez Hidalgo v Clezar,90,2016-01-23 18:21:53.103,2.56,2016-01-23 18:30:00,
1.122730412,2257299,Ruben Ramirez Hidalgo,Ramirez Hidalgo v Clezar,100,2016-01-23 18:34:14.293,2.66,2016-01-23 18:37:00,
1.122730412,5304142,Guilherme Clezar,Ramirez Hidalgo v Clezar,0,2016-01-23 16:50:14.303,1.64,2016-01-23 18:30:00,
1.122730412,5304142,Guilherme Clezar,Ramirez Hidalgo v Clezar,10,2016-01-23 17:08:53.102,1.6,2016-01-23 18:30:00,
1.122730412,5304142,Guilherme Clezar,Ramirez Hidalgo v Clezar,20,2016-01-23 17:37:11.565,1.67,2016-01-23 18:30:00,
1.122730412,5304142,Guilherme Clezar,Ramirez Hidalgo v Clezar,30,2016-01-23 17:46:40.587,1.56,2016-01-23 18:30:00,
1.122730412,5304142,Guilherme Clezar,Ramirez Hidalgo v Clezar,40,2016-01-23 18:00:42.741,1.57,2016-01-23 18:30:00,
1.122730412,5304142,Guilherme Clezar,Ramirez Hidalgo v Clezar,50,2016-01-23 18:05:02.962,1.57,2016-01-23 18:30:00,
1.122730412,5304142,Guilherme Clezar,Ramirez Hidalgo v Clezar,60,2016-01-23 18:08:48.999,1.63,2016-01-23 18:30:00,
1.122730412,5304142,Guilherme Clezar,Ramirez Hidalgo v Clezar,70,2016-01-23 18:11:41.392,1.57,2016-01-23 18:30:00,
1.122730412,5304142,Guilherme Clezar,Ramirez Hidalgo v Clezar,80,2016-01-23 18:24:23.370,1.64,2016-01-23 18:30:00,
1.122730412,5304142,Guilherme Clezar,Ramirez Hidalgo v Clezar,90,2016-01-23 18:31:51.978,1.54,2016-01-23 18:37:00,
1.122730412,5304142,Guilherme Clezar,Ramirez Hidalgo v Clezar,100,2016-01-23 18:36:10.375,1.62,2016-01-23 18:37:00,
1.122731471,4520808,Facundo Bagnis,Bagnis v T Monteiro,0,2016-01-23 18:37:43.466,1.54,2016-01-23 20:15:00,
1.122731471,4520808,Facundo Bagnis,Bagnis v T Monteiro,10,2016-01-23 18:51:24.556,1.64,2016-01-23 20:00:00,
1.122731471,4520808,Facundo Bagnis,Bagnis v T Monteiro,20,2016-01-23 19:01:37.351,1.61,2016-01-23 20:00:00,
1.122731471,4520808,Facundo Bagnis,Bagnis v T Monteiro,30,2016-01-23 19:37:57.679,1.55,2016-01-23 20:00:00,
1.122731471,4520808,Facundo Bagnis,Bagnis v T Monteiro,40,2016-01-23 19:47:00.416,1.57,2016-01-23 20:00:00,
1.122731471,4520808,Facundo Bagnis,Bagnis v T Monteiro,50,2016-01-23 19:55:59.883,1.7,2016-01-23 20:00:00,
1.122731471,4520808,Facundo Bagnis,Bagnis v T Monteiro,60,2016-01-23 20:20:59.683,1.7,2016-01-23 20:28:00,2016-01-23 20:19:59.684
1.122731471,4520808,Facundo Bagnis,Bagnis v T Monteiro,70,2016-01-23 20:22:58.523,1.5,2016-01-23 20:28:00,2016-01-23 20:19:59.684
1.122731471,4520808,Facundo Bagnis,Bagnis v T Monteiro,80,2016-01-23 20:24:59.758,1.53,2016-01-23 20:28:00,2016-01-23 20:19:59.684
1.122731471,4520808,Facundo Bagnis,Bagnis v T Monteiro,90,2016-01-23 20:25:59.906,1.54,2016-01-23 20:28:00,2016-01-23 20:19:59.684
1.122731471,4520808,Facundo Bagnis,Bagnis v T Monteiro,100,2016-01-23 20:27:56.263,2.0,2016-01-23 20:28:00,2016-01-23 20:19:59.684
1.122731471,8326656,Thiago Monteiro,Bagnis v T Monteiro,0,2016-01-23 18:51:24.556,2.56,2016-01-23 20:00:00,
1.122731471,8326656,Thiago Monteiro,Bagnis v T Monteiro,10,2016-01-23 19:01:37.351,2.62,2016-01-23 20:00:00,
1.122731471,8326656,Thiago Monteiro,Bagnis v T Monteiro,20,2016-01-23 19:47:00.416,2.74,2016-01-23 20:00:00,
1.122731471,8326656,Thiago Monteiro,Bagnis v T Monteiro,30,2016-01-23 19:48:42.268,2.8,2016-01-23 20:00:00,
1.122731471,8326656,Thiago Monteiro,Bagnis v T Monteiro,40,2016-01-23 19:55:59.883,2.5,2016-01-23 20:00:00,
1.122731471,8326656,Thiago Monteiro,Bagnis v T Monteiro,50,2016-01-23 20:00:41.539,2.48,2016-01-23 20:05:00,
1.122731471,8326656,Thiago Monteiro,Bagnis v T Monteiro,60,2016-01-23 20:01:44.786,2.44,2016-01-23 20:05:00,
1.122731471,8326656,Thiago Monteiro,Bagnis v T Monteiro,70,2016-01-23 20:04:53.023,2.42,2016-01-23 20:05:00,
1.122731471,8326656,Thiago Monteiro,Bagnis v T Monteiro,80,2016-01-23 20:20:59.683,2.42,2016-01-23 20:28:00,2016-01-23 20:19:59.684
1.122731471,8326656,Thiago Monteiro,Bagnis v T Monteiro,90,2016-01-23 20:22:58.523,3.0,2016-01-23 20:28:00,2016-01-23 20:19:59.684
1.122731471,8326656,Thiago Monteiro,Bagnis v T Monteiro,100,2016-01-23 20:27:56.263,2.0,2016-01-23 20:28:00,2016-01-23 20:19:59.684
1.122733319,5626817,Kyle Edmund,Edmund v Sarkissian,0,2016-01-25 20:33:03.894,1.29,2016-01-26 22:00:00,
1.122733319,5626817,Kyle Edmund,Edmund v Sarkissian,10,2016-01-26 12:35:01.977,1.36,2016-01-27 00:15:00,
1.122733319,5626817,Kyle Edmund,Edmund v Sarkissian,20,2016-01-26 18:45:49.920,1.39,2016-01-27 00:15:00,
1.122733319,5626817,Kyle Edmund,Edmund v Sarkissian,30,2016-01-26 20:20:27.350,1.34,2016-01-27 00:15:00,
1.122733319,5626817,Kyle Edmund,Edmund v Sarkissian,40,2016-01-26 22:33:55.311,1.33,2016-01-27 00:15:00,
1.122733319,5626817,Kyle Edmund,Edmund v Sarkissian,50,2016-01-26 22:42:33.783,1.32,2016-01-27 00:15:00,
1.122733319,5626817,Kyle Edmund,Edmund v Sarkissian,60,2016-01-26 23:06:46.274,1.39,2016-01-27 00:15:00,
1.122733319,5626817,Kyle Edmund,Edmund v Sarkissian,70,2016-01-26 23:26:02.009,1.4,2016-01-27 00:15:00,
1.122733319,5626817,Kyle Edmund,Edmund v Sarkissian,80,2016-01-27 00:10:51.294,1.45,2016-01-27 00:15:00,
1.122733319,5626817,Kyle Edmund,Edmund v Sarkissian,90,2016-01-27 00:12:58.709,1.4,2016-01-27 00:20:00,
1.122733319,5626817,Kyle Edmund,Edmund v Sarkissian,100,2016-01-27 00:17:59.811,1.38,2016-01-27 00:20:00,
1.122733327,6217982,Dennis Novikov,Laaksonen v D Novikov,0,2016-01-24 12:04:35.021,1.56,2016-01-25 22:00:00,
1.122733327,6217982,Dennis Novikov,Laaksonen v D Novikov,10,2016-01-25 07:27:01.903,1.64,2016-01-25 20:00:00,
1.122733327,6217982,Dennis Novikov,Laaksonen v D Novikov,20,2016-01-25 13:02:49.842,1.59,2016-01-25 20:00:00,
1.122733327,6217982,Dennis Novikov,Laaksonen v D Novikov,30,2016-01-25 15:06:04.749,1.6,2016-01-25 20:00:00,
1.122733327,6217982,Dennis Novikov,Laaksonen v D Novikov,40,2016-01-25 16:59:18.856,1.6,2016-01-25 20:00:00,
1.122733327,6217982,Dennis Novikov,Laaksonen v D Novikov,50,2016-01-25 19:32:06.081,1.58,2016-01-25 20:00:00,
1.122733327,6217982,Dennis Novikov,Laaksonen v D Novikov,60,2016-01-25 19:41:04.723,1.59,2016-01-25 20:00:00,
1.122733327,6217982,Dennis Novikov,Laaksonen v D Novikov,70,2016-01-25 19:58:37.801,1.56,2016-01-25 20:00:00,
1.122733327,6217982,Dennis Novikov,Laaksonen v D Novikov,80,2016-01-26 00:31:06.334,1.48,2016-01-26 00:38:00,2016-01-26 00:29:05.965
1.122733327,6217982,Dennis Novikov,Laaksonen v D Novikov,90,2016-01-26 00:34:06.189,1.59,2016-01-26 00:38:00,2016-01-26 00:29:05.965
1.122733327,6217982,Dennis Novikov,Laaksonen v D Novikov,100,2016-01-26 00:37:57.906,1.71,2016-01-26 00:38:00,2016-01-26 00:29:05.965
1.122733327,6344314,Henri Laaksonen,Laaksonen v D Novikov,0,2016-01-25 07:27:18.727,2.54,2016-01-25 20:00:00,
1.122733327,6344314,Henri Laaksonen,Laaksonen v D Novikov,10,2016-01-25 13:53:53.415,2.84,2016-01-25 20:00:00,
1.122733327,6344314,Henri Laaksonen,Laaksonen v D Novikov,20,2016-01-25 15:24:46.016,2.5,2016-01-25 20:00:00,
1.122733327,6344314,Henri Laaksonen,Laaksonen v D Novikov,30,2016-01-25 15:26:47.706,2.48,2016-01-25 20:00:00,
1.122733327,6344314,Henri Laaksonen,Laaksonen v D Novikov,40,2016-01-25 15:46:44.423,2.86,2016-01-25 20:00:00,
1.122733327,6344314,Henri Laaksonen,Laaksonen v D Novikov,50,2016-01-25 16:59:18.856,2.68,2016-01-25 20:00:00,
1.122733327,6344314,Henri Laaksonen,Laaksonen v D Novikov,60,2016-01-25 19:41:04.723,2.72,2016-01-25 20:00:00,
1.122733327,6344314,Henri Laaksonen,Laaksonen v D Novikov,70,2016-01-25 19:49:02.728,2.38,2016-01-25 20:00:00,
1.122733327,6344314,Henri Laaksonen,Laaksonen v D Novikov,80,2016-01-26 00:33:05.733,3.1,2016-01-26 00:38:00,2016-01-26 00:29:05.965
1.122733327,6344314,Henri Laaksonen,Laaksonen v D Novikov,90,2016-01-26 00:36:05.839,2.62,2016-01-26 00:38:00,2016-01-26 00:29:05.965
1.122733327,6344314,Henri Laaksonen,Laaksonen v D Novikov,100,2016-01-26 00:37:57.906,2.46,2016-01-26 00:38:00,2016-01-26 00:29:05.965
1.122733341,3509269,Grega Zemlja,Zemlja v Tiafoe,0,2016-01-25 14:58:46.009,2.14,2016-01-25 23:45:00,
1.122733341,3509269,Grega Zemlja,Zemlja v Tiafoe,10,2016-01-25 20:02:04.262,2.28,2016-01-25 23:45:00,
1.122733341,3509269,Grega Zemlja,Zemlja v Tiafoe,20,2016-01-25 20:21:27.253,2.5,2016-01-25 23:45:00,
1.122733341,3509269,Grega Zemlja,Zemlja v Tiafoe,30,2016-01-25 23:00:47.437,2.44,2016-01-25 23:45:00,
1.122733341,3509269,Grega Zemlja,Zemlja v Tiafoe,40,2016-01-25 23:24:07.782,2.48,2016-01-25 23:45:00,
1.122733341,3509269,Grega Zemlja,Zemlja v Tiafoe,50,2016-01-25 23:42:06.162,2.3,2016-01-25 23:45:00,
1.122733341,3509269,Grega Zemlja,Zemlja v Tiafoe,60,2016-01-25 23:42:56.931,2.54,2016-01-25 23:45:00,
1.122733341,3509269,Grega Zemlja,Zemlja v Tiafoe,70,2016-01-25 23:43:38.610,2.56,2016-01-25 23:45:00,
1.122733341,3509269,Grega Zemlja,Zemlja v Tiafoe,80,2016-01-26 01:50:44.014,2.38,2016-01-26 01:58:00,
1.122733341,3509269,Grega Zemlja,Zemlja v Tiafoe,90,2016-01-26 01:53:10.241,2.3,2016-01-26 01:58:00,2016-01-26 01:51:59.129
1.122733341,3509269,Grega Zemlja,Zemlja v Tiafoe,100,2016-01-26 01:57:09.967,2.34,2016-01-26 01:58:00,2016-01-26 01:51:59.129
1.122733341,9399490,Frances Tiafoe,Zemlja v Tiafoe,0,2016-01-25 14:58:46.009,1.87,2016-01-25 23:45:00,
1.122733341,9399490,Frances Tiafoe,Zemlja v Tiafoe,10,2016-01-25 16:53:12.276,1.82,2016-01-25 23:45:00,
1.122733341,9399490,Frances Tiafoe,Zemlja v Tiafoe,20,2016-01-25 20:21:27.253,1.67,2016-01-25 23:45:00,
1.122733341,9399490,Frances Tiafoe,Zemlja v Tiafoe,30,2016-01-25 21:39:40.785,1.73,2016-01-25 23:45:00,
1.122733341,9399490,Frances Tiafoe,Zemlja v Tiafoe,40,2016-01-25 21:53:46.918,1.68,2016-01-25 23:45:00,
1.122733341,9399490,Frances Tiafoe,Zemlja v Tiafoe,50,2016-01-25 23:00:47.437,1.7,2016-01-25 23:45:00,
1.122733341,9399490,Frances Tiafoe,Zemlja v Tiafoe,60,2016-01-25 23:16:51.375,1.65,2016-01-25 23:45:00,
1.122733341,9399490,Frances Tiafoe,Zemlja v Tiafoe,70,2016-01-25 23:42:06.162,1.76,2016-01-25 23:45:00,
1.122733341,9399490,Frances Tiafoe,Zemlja v Tiafoe,80,2016-01-26 01:33:53.704,1.62,2016-01-26 02:00:00,
1.122733341,9399490,Frances Tiafoe,Zemlja v Tiafoe,90,2016-01-26 01:53:10.241,1.77,2016-01-26 01:58:00,2016-01-26 01:51:59.129
1.122733341,9399490,Frances Tiafoe,Zemlja v Tiafoe,100,2016-01-26 01:57:09.967,1.76,2016-01-26 01:58:00,2016-01-26 01:51:59.129
1.122733347,6498878,Marco Trungelliti,Rola v Trungelliti,0,2016-01-24 11:29:15.327,2.1,2016-01-25 22:00:00,
1.122733347,6498878,Marco Trungelliti,Rola v Trungelliti,10,2016-01-25 09:47:47.103,2.3,2016-01-25 22:30:00,
1.122733347,6498878,Marco Trungelliti,Rola v Trungelliti,20,2016-01-25 10:15:08.082,2.34,2016-01-25 22:30:00,
1.122733347,6498878,Marco Trungelliti,Rola v Trungelliti,30,2016-01-25 13:04:30.800,2.2,2016-01-25 22:30:00,
1.122733347,6498878,Marco Trungelliti,Rola v Trungelliti,40,2016-01-25 13:59:04.013,2.02,2016-01-25 22:30:00,
1.122733347,6498878,Marco Trungelliti,Rola v Trungelliti,50,2016-01-25 15:35:03.179,2.18,2016-01-25 22:30:00,
1.122733347,6498878,Marco Trungelliti,Rola v Trungelliti,60,2016-01-25 16:51:04.906,2.3,2016-01-25 22:30:00,
1.122733347,6498878,Marco Trungelliti,Rola v Trungelliti,70,2016-01-25 20:07:40.014,2.36,2016-01-25 22:30:00,
1.122733347,6498878,Marco Trungelliti,Rola v Trungelliti,80,2016-01-25 21:13:06.449,2.3,2016-01-25 22:30:00,
1.122733347,6498878,Marco Trungelliti,Rola v Trungelliti,90,2016-01-25 21:15:05.449,2.3,2016-01-25 22:30:00,
1.122733347,6498878,Marco Trungelliti,Rola v Trungelliti,100,2016-01-25 21:39:05.647,2.26,2016-01-25 22:30:00,
1.122733347,8174357,Blaz Rola,Rola v Trungelliti,0,2016-01-24 16:14:39.295,1.75,2016-01-25 22:00:00,
1.122733347,8174357,Blaz Rola,Rola v Trungelliti,10,2016-01-25 09:49:46.267,1.78,2016-01-25 22:30:00,
1.122733347,8174357,Blaz Rola,Rola v Trungelliti,20,2016-01-25 13:04:30.800,1.86,2016-01-25 22:30:00,
1.122733347,8174357,Blaz Rola,Rola v Trungelliti,30,2016-01-25 15:35:03.179,1.84,2016-01-25 22:30:00,
1.122733347,8174357,Blaz Rola,Rola v Trungelliti,40,2016-01-25 16:55:03.795,1.84,2016-01-25 22:30:00,
1.122733347,8174357,Blaz Rola,Rola v Trungelliti,50,2016-01-25 17:19:09.523,1.69,2016-01-25 22:30:00,
1.122733347,8174357,Blaz Rola,Rola v Trungelliti,60,2016-01-25 18:51:49.557,1.83,2016-01-25 22:30:00,
1.122733347,8174357,Blaz Rola,Rola v Trungelliti,70,2016-01-25 20:31:59.273,1.75,2016-01-25 22:30:00,
1.122733347,8174357,Blaz Rola,Rola v Trungelliti,80,2016-01-25 21:14:08.840,1.78,2016-01-25 22:30:00,
1.122733347,8174357,Blaz Rola,Rola v Trungelliti,90,2016-01-25 21:26:01.683,1.78,2016-01-25 22:30:00,
1.122733347,8174357,Blaz Rola,Rola v Trungelliti,100,2016-01-25 22:27:49.439,1.85,2016-01-25 22:30:00,
1.122733351,7593248,Noah Rubin,Berland v N Rubin,0,2016-01-24 18:49:05.699,1.05,2016-01-25 22:00:00,
1.122733351,7593248,Noah Rubin,Berland v N Rubin,10,2016-01-25 14:05:45.495,1.04,2016-01-25 21:45:00,
1.122733351,7593248,Noah Rubin,Berland v N Rubin,20,2016-01-25 14:25:25.006,1.03,2016-01-25 21:45:00,
1.122733351,7593248,Noah Rubin,Berland v N Rubin,30,2016-01-25 16:56:49.880,1.04,2016-01-25 21:45:00,
1.122733351,7593248,Noah Rubin,Berland v N Rubin,40,2016-01-25 19:12:04.038,1.03,2016-01-25 21:45:00,
1.122733351,7593248,Noah Rubin,Berland v N Rubin,50,2016-01-25 19:42:05.215,1.05,2016-01-25 21:45:00,
1.122733351,7593248,Noah Rubin,Berland v N Rubin,60,2016-01-25 20:31:25.475,1.04,2016-01-25 21:45:00,
1.122733351,7593248,Noah Rubin,Berland v N Rubin,70,2016-01-25 21:31:04.311,1.05,2016-01-25 21:45:00,
1.122733351,7593248,Noah Rubin,Berland v N Rubin,80,2016-01-26 00:45:14.141,1.05,2016-01-26 00:49:00,2016-01-26 00:44:09.425
1.122733351,7593248,Noah Rubin,Berland v N Rubin,90,2016-01-26 00:46:13.021,1.08,2016-01-26 00:49:00,2016-01-26 00:44:09.425
1.122733351,7593248,Noah Rubin,Berland v N Rubin,100,2016-01-26 00:48:10.875,1.04,2016-01-26 00:49:00,2016-01-26 00:44:09.425
1.122733367,2923247,Ryan Harrison,McGee v R Harrison,0,2016-01-24 14:29:29.315,1.62,2016-01-25 22:00:00,
1.122733367,2923247,Ryan Harrison,McGee v R Harrison,10,2016-01-25 20:33:32.115,1.62,2016-01-26 22:00:00,
1.122733367,2923247,Ryan Harrison,McGee v R Harrison,20,2016-01-26 11:24:34.336,1.59,2016-01-26 22:30:00,
1.122733367,2923247,Ryan Harrison,McGee v R Harrison,30,2016-01-26 14:07:45.286,1.53,2016-01-26 22:30:00,
1.122733367,2923247,Ryan Harrison,McGee v R Harrison,40,2016-01-26 14:25:05.566,1.59,2016-01-26 22:30:00,
1.122733367,2923247,Ryan Harrison,McGee v R Harrison,50,2016-01-26 19:02:59.957,1.53,2016-01-26 22:30:00,
1.122733367,2923247,Ryan Harrison,McGee v R Harrison,60,2016-01-26 22:00:14.944,1.62,2016-01-26 22:30:00,
1.122733367,2923247,Ryan Harrison,McGee v R Harrison,70,2016-01-26 22:04:14.849,1.62,2016-01-26 22:30:00,
1.122733367,2923247,Ryan Harrison,McGee v R Harrison,80,2016-01-26 22:16:17.286,1.5,2016-01-26 22:30:00,
1.122733367,2923247,Ryan Harrison,McGee v R Harrison,90,2016-01-26 22:27:17.215,1.6,2016-01-26 22:30:00,
1.122733367,2923247,Ryan Harrison,McGee v R Harrison,100,2016-01-26 22:44:19.415,1.69,2016-01-26 22:45:00,2016-01-26 22:42:17.469
1.122733367,7216252,James McGee,McGee v R Harrison,0,2016-01-24 14:29:29.315,2.6,2016-01-25 22:00:00,
1.122733367,7216252,James McGee,McGee v R Harrison,10,2016-01-25 16:10:18.136,2.58,2016-01-26 22:00:00,
1.122733367,7216252,James McGee,McGee v R Harrison,20,2016-01-25 20:33:32.115,2.6,2016-01-26 22:00:00,
1.122733367,7216252,James McGee,McGee v R Harrison,30,2016-01-26 11:22:07.112,2.68,2016-01-26 22:30:00,
1.122733367,7216252,James McGee,McGee v R Harrison,40,2016-01-26 12:34:36.073,2.66,2016-01-26 22:30:00,
1.122733367,7216252,James McGee,McGee v R Harrison,50,2016-01-26 14:50:18.852,2.72,2016-01-26 22:30:00,
1.122733367,7216252,James McGee,McGee v R Harrison,60,2016-01-26 22:00:14.944,2.62,2016-01-26 22:30:00,
1.122733367,7216252,James McGee,McGee v R Harrison,70,2016-01-26 22:26:19.327,2.96,2016-01-26 22:30:00,
1.122733367,7216252,James McGee,McGee v R Harrison,80,2016-01-26 22:39:13.905,2.46,2016-01-26 22:45:00,
1.122733367,7216252,James McGee,McGee v R Harrison,90,2016-01-26 22:41:18.812,2.52,2016-01-26 22:45:00,
1.122733367,7216252,James McGee,McGee v R Harrison,100,2016-01-26 22:44:19.415,2.34,2016-01-26 22:45:00,2016-01-26 22:42:17.469
1.122733371,7593723,Bjorn Fratangelo,M Krueger v Fratangelo,0,2016-01-25 09:35:05.163,1.58,2016-01-25 23:30:00,
1.122733371,7593723,Bjorn Fratangelo,M Krueger v Fratangelo,10,2016-01-25 13:05:37.196,1.51,2016-01-25 23:30:00,
1.122733371,7593723,Bjorn Fratangelo,M Krueger v Fratangelo,20,2016-01-25 16:21:11.569,1.5,2016-01-25 23:30:00,
1.122733371,7593723,Bjorn Fratangelo,M Krueger v Fratangelo,30,2016-01-25 16:31:08.341,1.46,2016-01-25 23:30:00,
1.122733371,7593723,Bjorn Fratangelo,M Krueger v Fratangelo,40,2016-01-25 17:33:40.675,1.5,2016-01-25 23:30:00,
1.122733371,7593723,Bjorn Fratangelo,M Krueger v Fratangelo,50,2016-01-25 19:44:54.326,1.49,2016-01-25 23:30:00,
1.122733371,7593723,Bjorn Fratangelo,M Krueger v Fratangelo,60,2016-01-25 20:36:08.211,1.5,2016-01-25 23:30:00,
1.122733371,7593723,Bjorn Fratangelo,M Krueger v Fratangelo,70,2016-01-25 23:00:04.259,1.48,2016-01-25 23:30:00,
1.122733371,7593723,Bjorn Fratangelo,M Krueger v Fratangelo,80,2016-01-25 23:27:15.834,1.55,2016-01-25 23:30:00,
1.122733371,7593723,Bjorn Fratangelo,M Krueger v Fratangelo,90,2016-01-26 02:01:53.132,1.57,2016-01-26 02:09:00,
1.122733371,7593723,Bjorn Fratangelo,M Krueger v Fratangelo,100,2016-01-26 02:07:18.421,1.75,2016-01-26 02:09:00,2016-01-26 02:06:19.140
1.122733375,2454785,Andrey Golubev,Duckworth v A Golubev,0,2016-01-25 05:29:21.140,2.68,2016-01-25 20:00:00,
1.122733375,2454785,Andrey Golubev,Duckworth v A Golubev,10,2016-01-25 12:36:38.741,2.7,2016-01-25 20:00:00,
1.122733375,2454785,Andrey Golubev,Duckworth v A Golubev,20,2016-01-25 16:41:46.343,2.84,2016-01-25 20:00:00,
1.122733375,2454785,Andrey Golubev,Duckworth v A Golubev,30,2016-01-25 17:07:06.405,2.94,2016-01-25 20:00:00,
1.122733375,2454785,Andrey Golubev,Duckworth v A Golubev,40,2016-01-25 19:27:15.130,2.86,2016-01-25 20:00:00,
1.122733375,2454785,Andrey Golubev,Duckworth v A Golubev,50,2016-01-25 19:41:10.050,2.86,2016-01-25 20:00:00,
1.122733375,2454785,Andrey Golubev,Duckworth v A Golubev,60,2016-01-25 19:42:11.287,2.74,2016-01-25 20:00:00,
1.122733375,2454785,Andrey Golubev,Duckworth v A Golubev,70,2016-01-25 19:54:09.276,2.94,2016-01-25 20:00:00,
1.122733375,2454785,Andrey Golubev,Duckworth v A Golubev,80,2016-01-25 19:58:27.162,3.15,2016-01-25 20:00:00,
1.122733375,2454785,Andrey Golubev,Duckworth v A Golubev,90,2016-01-26 00:01:21.862,34.0,2016-01-26 00:06:00,2016-01-25 22:28:21.908
1.122733375,2454785,Andrey Golubev,Duckworth v A Golubev,100,2016-01-26 00:03:21.815,110.0,2016-01-26 00:06:00,2016-01-25 22:28:21.908
1.122733375,6064287,James Duckworth,Duckworth v A Golubev,0,2016-01-24 14:30:06.029,1.57,2016-01-25 22:00:00,
1.122733375,6064287,James Duckworth,Duckworth v A Golubev,10,2016-01-25 05:29:21.140,1.6,2016-01-25 20:00:00,
1.122733375,6064287,James Duckworth,Duckworth v A Golubev,20,2016-01-25 12:36:38.741,1.58,2016-01-25 20:00:00,
1.122733375,6064287,James Duckworth,Duckworth v A Golubev,30,2016-01-25 16:17:04.438,1.59,2016-01-25 20:00:00,
1.122733375,6064287,James Duckworth,Duckworth v A Golubev,40,2016-01-25 18:26:21.484,1.53,2016-01-25 20:00:00,
1.122733375,6064287,James Duckworth,Duckworth v A Golubev,50,2016-01-25 18:46:52.233,1.54,2016-01-25 20:00:00,
1.122733375,6064287,James Duckworth,Duckworth v A Golubev,60,2016-01-25 19:15:59.499,1.51,2016-01-25 20:00:00,
1.122733375,6064287,James Duckworth,Duckworth v A Golubev,70,2016-01-25 19:42:11.287,1.57,2016-01-25 20:00:00,
1.122733375,6064287,James Duckworth,Duckworth v A Golubev,80,2016-01-25 19:58:27.162,1.47,2016-01-25 20:00:00,
1.122733375,6064287,James Duckworth,Duckworth v A Golubev,90,2016-01-25 23:58:17.468,1.15,2016-01-26 00:06:00,2016-01-25 22:28:21.908
1.122733375,6064287,James Duckworth,Duckworth v A Golubev,100,2016-01-26 00:02:21.706,1.01,2016-01-26 00:06:00,2016-01-25 22:28:21.908
1.122733391,6604266,Tennys Sandgren,Zhe Li v Sandgren,0,2016-01-25 20:35:29.330,1.39,2016-01-26 22:00:00,
1.122733391,6604266,Tennys Sandgren,Zhe Li v Sandgren,10,2016-01-26 12:35:25.821,1.52,2016-01-26 22:30:00,
1.122733391,6604266,Tennys Sandgren,Zhe Li v Sandgren,20,2016-01-26 21:26:18.864,1.45,2016-01-26 22:30:00,
1.122733391,6604266,Tennys Sandgren,Zhe Li v Sandgren,30,2016-01-26 22:25:22.640,1.52,2016-01-26 22:30:00,
1.122733391,6604266,Tennys Sandgren,Zhe Li v Sandgren,40,2016-01-26 22:27:25.656,1.43,2016-01-26 22:30:00,
1.122733391,6604266,Tennys Sandgren,Zhe Li v Sandgren,50,2016-01-26 22:29:23.799,1.44,2016-01-26 22:30:00,
1.122733391,6604266,Tennys Sandgren,Zhe Li v Sandgren,60,2016-01-26 23:19:25.190,1.42,2016-01-26 23:26:00,2016-01-26 23:18:15.285
1.122733391,6604266,Tennys Sandgren,Zhe Li v Sandgren,70,2016-01-26 23:21:28.388,1.33,2016-01-26 23:26:00,2016-01-26 23:18:15.285
1.122733391,6604266,Tennys Sandgren,Zhe Li v Sandgren,80,2016-01-26 23:22:28.399,1.31,2016-01-26 23:26:00,2016-01-26 23:18:15.285
1.122733391,6604266,Tennys Sandgren,Zhe Li v Sandgren,90,2016-01-26 23:23:27.584,1.28,2016-01-26 23:26:00,2016-01-26 23:18:15.285
1.122733391,6604266,Tennys Sandgren,Zhe Li v Sandgren,100,2016-01-26 23:25:28.411,1.35,2016-01-26 23:26:00,2016-01-26 23:18:15.285
1.122733407,6603898,Radu Albot,Donati v Albot,0,2016-01-25 01:24:46.216,1.63,2016-01-25 22:00:00,
1.122733407,6603898,Radu Albot,Donati v Albot,10,2016-01-25 19:39:14.586,1.57,2016-01-26 22:00:00,
1.122733407,6603898,Radu Albot,Donati v Albot,20,2016-01-25 23:35:32.612,1.7,2016-01-26 22:00:00,
1.122733407,6603898,Radu Albot,Donati v Albot,30,2016-01-25 23:47:52.779,1.7,2016-01-26 22:00:00,
1.122733407,6603898,Radu Albot,Donati v Albot,40,2016-01-26 15:10:14.198,1.74,2016-01-26 19:00:00,
1.122733407,6603898,Radu Albot,Donati v Albot,50,2016-01-26 15:23:37.544,1.69,2016-01-26 19:00:00,
1.122733407,6603898,Radu Albot,Donati v Albot,60,2016-01-26 18:38:32.321,1.71,2016-01-26 19:00:00,
1.122733407,6603898,Radu Albot,Donati v Albot,70,2016-01-26 18:40:35.263,1.75,2016-01-26 19:00:00,
1.122733407,6603898,Radu Albot,Donati v Albot,80,2016-01-26 18:51:35.312,1.7,2016-01-26 19:00:00,
1.122733407,6603898,Radu Albot,Donati v Albot,90,2016-01-26 18:59:36.047,1.75,2016-01-26 19:08:00,
1.122733407,6603898,Radu Albot,Donati v Albot,100,2016-01-26 19:04:57.152,1.69,2016-01-26 19:08:00,
1.122733407,8285864,Matteo Donati,Donati v Albot,0,2016-01-25 01:24:46.216,2.6,2016-01-25 22:00:00,
1.122733407,8285864,Matteo Donati,Donati v Albot,10,2016-01-25 19:35:28.235,2.74,2016-01-26 22:00:00,
1.122733407,8285864,Matteo Donati,Donati v Albot,20,2016-01-25 19:40:16.898,2.8,2016-01-26 22:00:00,
1.122733407,8285864,Matteo Donati,Donati v Albot,30,2016-01-26 15:10:14.198,2.34,2016-01-26 19:00:00,
1.122733407,8285864,Matteo Donati,Donati v Albot,40,2016-01-26 15:17:32.633,2.44,2016-01-26 19:00:00,
1.122733407,8285864,Matteo Donati,Donati v Albot,50,2016-01-26 17:54:28.769,2.42,2016-01-26 19:00:00,
1.122733407,8285864,Matteo Donati,Donati v Albot,60,2016-01-26 18:33:51.220,2.44,2016-01-26 19:00:00,
1.122733407,8285864,Matteo Donati,Donati v Albot,70,2016-01-26 18:40:35.263,2.32,2016-01-26 19:00:00,
1.122733407,8285864,Matteo Donati,Donati v Albot,80,2016-01-26 18:43:46.211,2.34,2016-01-26 19:00:00,
1.122733407,8285864,Matteo Donati,Donati v Albot,90,2016-01-26 18:53:34.093,2.42,2016-01-26 19:00:00,
1.122733407,8285864,Matteo Donati,Donati v Albot,100,2016-01-26 18:59:36.047,2.34,2016-01-26 19:08:00,
1.122733415,4520808,Facundo Bagnis,Clezar v Bagnis,0,2016-01-24 09:35:50.817,1.91,2016-01-24 13:30:00,
1.122733415,4520808,Facundo Bagnis,Clezar v Bagnis,10,2016-01-24 11:02:58.452,1.95,2016-01-24 13:30:00,
1.122733415,4520808,Facundo Bagnis,Clezar v Bagnis,20,2016-01-24 11:38:00.934,1.95,2016-01-24 13:30:00,
1.122733415,4520808,Facundo Bagnis,Clezar v Bagnis,30,2016-01-24 11:48:56.695,1.94,2016-01-24 13:30:00,
1.122733415,4520808,Facundo Bagnis,Clezar v Bagnis,40,2016-01-24 12:07:05.552,1.96,2016-01-24 13:30:00,
1.122733415,4520808,Facundo Bagnis,Clezar v Bagnis,50,2016-01-24 12:51:05.210,1.97,2016-01-24 13:30:00,
1.122733415,4520808,Facundo Bagnis,Clezar v Bagnis,60,2016-01-24 12:59:00.147,1.97,2016-01-24 13:30:00,
1.122733415,4520808,Facundo Bagnis,Clezar v Bagnis,70,2016-01-24 13:16:53.208,1.96,2016-01-24 13:30:00,
1.122733415,4520808,Facundo Bagnis,Clezar v Bagnis,80,2016-01-24 13:23:01.373,1.96,2016-01-24 13:30:00,
1.122733415,4520808,Facundo Bagnis,Clezar v Bagnis,90,2016-01-24 13:28:05.362,1.96,2016-01-24 13:30:00,
1.122733415,4520808,Facundo Bagnis,Clezar v Bagnis,100,2016-01-24 13:38:03.015,2.0,2016-01-24 13:39:00,
1.122733415,5304142,Guilherme Clezar,Clezar v Bagnis,0,2016-01-24 10:38:49.058,2.02,2016-01-24 13:30:00,
1.122733415,5304142,Guilherme Clezar,Clezar v Bagnis,10,2016-01-24 11:50:02.402,2.06,2016-01-24 13:30:00,
1.122733415,5304142,Guilherme Clezar,Clezar v Bagnis,20,2016-01-24 11:59:59.036,2.04,2016-01-24 13:30:00,
1.122733415,5304142,Guilherme Clezar,Clezar v Bagnis,30,2016-01-24 12:51:05.210,2.04,2016-01-24 13:30:00,
1.122733415,5304142,Guilherme Clezar,Clezar v Bagnis,40,2016-01-24 12:53:51.105,1.98,2016-01-24 13:30:00,
1.122733415,5304142,Guilherme Clezar,Clezar v Bagnis,50,2016-01-24 12:59:00.147,1.99,2016-01-24 13:30:00,
1.122733415,5304142,Guilherme Clezar,Clezar v Bagnis,60,2016-01-24 13:13:04.822,2.04,2016-01-24 13:30:00,
1.122733415,5304142,Guilherme Clezar,Clezar v Bagnis,70,2016-01-24 13:15:55.472,2.08,2016-01-24 13:30:00,
1.122733415,5304142,Guilherme Clezar,Clezar v Bagnis,80,2016-01-24 13:23:01.373,2.04,2016-01-24 13:30:00,
1.122733415,5304142,Guilherme Clezar,Clezar v Bagnis,90,2016-01-24 13:28:05.362,2.04,2016-01-24 13:30:00,
1.122733415,5304142,Guilherme Clezar,Clezar v Bagnis,100,2016-01-24 13:37:04.421,2.0,2016-01-24 13:39:00,
1.122740418,4520808,Facundo Bagnis,Kicker v Bagnis,0,2016-01-26 11:13:29.486,1.3,2016-01-27 17:00:00,
1.122740418,4520808,Facundo Bagnis,Kicker v Bagnis,10,2016-01-27 10:57:09.767,1.36,2016-01-27 16:00:00,
1.122740418,4520808,Facundo Bagnis,Kicker v Bagnis,20,2016-01-27 11:40:40.855,1.42,2016-01-27 16:00:00,
1.122740418,4520808,Facundo Bagnis,Kicker v Bagnis,30,2016-01-27 12:23:54.036,1.5,2016-01-27 16:00:00,
1.122740418,4520808,Facundo Bagnis,Kicker v Bagnis,40,2016-01-27 13:00:17.545,1.5,2016-01-27 16:00:00,
1.122740418,4520808,Facundo Bagnis,Kicker v Bagnis,50,2016-01-27 13:48:52.092,1.51,2016-01-27 16:00:00,
1.122740418,4520808,Facundo Bagnis,Kicker v Bagnis,60,2016-01-27 14:26:43.598,1.51,2016-01-27 16:00:00,
1.122740418,4520808,Facundo Bagnis,Kicker v Bagnis,70,2016-01-27 15:25:13.080,1.54,2016-01-27 16:00:00,
1.122740418,4520808,Facundo Bagnis,Kicker v Bagnis,80,2016-01-27 15:38:56.234,1.54,2016-01-27 16:00:00,
1.122740418,4520808,Facundo Bagnis,Kicker v Bagnis,90,2016-01-27 15:57:09.317,1.5,2016-01-27 16:00:00,
1.122740418,4520808,Facundo Bagnis,Kicker v Bagnis,100,2016-01-27 16:03:53.353,1.49,2016-01-27 16:05:00,
1.122740418,8326744,Nicolas Kicker,Kicker v Bagnis,0,2016-01-27 10:58:58.630,3.5,2016-01-27 16:00:00,
1.122740418,8326744,Nicolas Kicker,Kicker v Bagnis,10,2016-01-27 11:18:56.536,3.3,2016-01-27 16:00:00,
1.122740418,8326744,Nicolas Kicker,Kicker v Bagnis,20,2016-01-27 11:22:12.966,3.2,2016-01-27 16:00:00,
1.122740418,8326744,Nicolas Kicker,Kicker v Bagnis,30,2016-01-27 11:42:59.117,3.35,2016-01-27 16:00:00,
1.122740418,8326744,Nicolas Kicker,Kicker v Bagnis,40,2016-01-27 12:23:54.036,3.0,2016-01-27 16:00:00,
1.122740418,8326744,Nicolas Kicker,Kicker v Bagnis,50,2016-01-27 13:00:17.545,3.0,2016-01-27 16:00:00,
1.122740418,8326744,Nicolas Kicker,Kicker v Bagnis,60,2016-01-27 14:08:57.748,2.96,2016-01-27 16:00:00,
1.122740418,8326744,Nicolas Kicker,Kicker v Bagnis,70,2016-01-27 15:07:10.688,3.0,2016-01-27 16:00:00,
1.122740418,8326744,Nicolas Kicker,Kicker v Bagnis,80,2016-01-27 15:45:00.941,3.0,2016-01-27 16:00:00,
1.122740418,8326744,Nicolas Kicker,Kicker v Bagnis,90,2016-01-27 15:56:15.229,2.88,2016-01-27 16:00:00,
1.122740418,8326744,Nicolas Kicker,Kicker v Bagnis,100,2016-01-27 16:00:09.090,3.05,2016-01-27 16:05:00,
1.122740422,2263599,Albert Montanes,Montanes v B Trinker,0,2016-01-26 11:32:28.387,1.45,2016-01-26 19:00:00,
1.122740422,2263599,Albert Montanes,Montanes v B Trinker,10,2016-01-26 12:30:10.687,1.47,2016-01-26 19:00:00,
1.122740422,2263599,Albert Montanes,Montanes v B Trinker,20,2016-01-26 17:55:08.929,1.44,2016-01-26 19:00:00,
1.122740422,2263599,Albert Montanes,Montanes v B Trinker,30,2016-01-26 18:15:16.235,1.43,2016-01-26 19:00:00,
1.122740422,2263599,Albert Montanes,Montanes v B Trinker,40,2016-01-26 18:19:16.250,1.4,2016-01-26 19:00:00,
1.122740422,2263599,Albert Montanes,Montanes v B Trinker,50,2016-01-26 18:25:58.852,1.39,2016-01-26 19:00:00,
1.122740422,2263599,Albert Montanes,Montanes v B Trinker,60,2016-01-26 18:27:05.710,1.4,2016-01-26 19:00:00,
1.122740422,2263599,Albert Montanes,Montanes v B Trinker,70,2016-01-26 18:37:42.667,1.44,2016-01-26 19:00:00,
1.122740422,2263599,Albert Montanes,Montanes v B Trinker,80,2016-01-26 18:45:04.102,1.45,2016-01-26 19:00:00,
1.122740422,2263599,Albert Montanes,Montanes v B Trinker,90,2016-01-26 18:51:06.024,1.46,2016-01-26 19:00:00,
1.122740422,2263599,Albert Montanes,Montanes v B Trinker,100,2016-01-26 18:56:13.449,1.45,2016-01-26 19:00:00,
1.122740426,2284300,Alejandro Falla,Cachin v Falla,0,2016-01-25 10:56:51.445,1.42,2016-01-26 17:00:00,
1.122740426,2284300,Alejandro Falla,Cachin v Falla,10,2016-01-27 13:10:15.573,1.45,2016-01-27 20:45:00,
1.122740426,2284300,Alejandro Falla,Cachin v Falla,20,2016-01-27 18:56:52.852,1.46,2016-01-27 20:45:00,
1.122740426,2284300,Alejandro Falla,Cachin v Falla,30,2016-01-27 20:11:09.337,1.45,2016-01-27 20:45:00,
1.122740426,2284300,Alejandro Falla,Cachin v Falla,40,2016-01-27 20:28:16.986,1.37,2016-01-27 20:45:00,
1.122740426,2284300,Alejandro Falla,Cachin v Falla,50,2016-01-27 20:30:11.586,1.5,2016-01-27 20:45:00,
1.122740426,2284300,Alejandro Falla,Cachin v Falla,60,2016-01-27 20:31:10.105,1.36,2016-01-27 20:45:00,
1.122740426,2284300,Alejandro Falla,Cachin v Falla,70,2016-01-27 20:36:13.752,1.38,2016-01-27 20:45:00,
1.122740426,2284300,Alejandro Falla,Cachin v Falla,80,2016-01-27 20:38:14.328,1.48,2016-01-27 20:45:00,
1.122740426,2284300,Alejandro Falla,Cachin v Falla,90,2016-01-27 20:41:14.862,1.48,2016-01-27 20:45:00,
1.122740426,2284300,Alejandro Falla,Cachin v Falla,100,2016-01-27 20:44:16.264,1.34,2016-01-27 20:51:00,
1.122740426,8461316,Pedro Cachin,Cachin v Falla,0,2016-01-27 20:25:16.849,3.15,2016-01-27 20:45:00,
1.122740426,8461316,Pedro Cachin,Cachin v Falla,10,2016-01-27 20:29:01.024,3.45,2016-01-27 20:45:00,
1.122740426,8461316,Pedro Cachin,Cachin v Falla,20,2016-01-27 20:30:11.586,3.1,2016-01-27 20:45:00,
1.122740426,8461316,Pedro Cachin,Cachin v Falla,30,2016-01-27 20:31:10.105,3.0,2016-01-27 20:45:00,
1.122740426,8461316,Pedro Cachin,Cachin v Falla,40,2016-01-27 20:36:13.752,3.4,2016-01-27 20:45:00,
1.122740426,8461316,Pedro Cachin,Cachin v Falla,50,2016-01-27 20:37:14.925,3.2,2016-01-27 20:45:00,
1.122740426,8461316,Pedro Cachin,Cachin v Falla,60,2016-01-27 20:38:14.328,3.05,2016-01-27 20:45:00,
1.122740426,8461316,Pedro Cachin,Cachin v Falla,70,2016-01-27 20:41:14.862,3.1,2016-01-27 20:45:00,
1.122740426,8461316,Pedro Cachin,Cachin v Falla,80,2016-01-27 20:42:15.446,3.65,2016-01-27 20:45:00,
1.122740426,8461316,Pedro Cachin,Cachin v Falla,90,2016-01-27 20:43:15.593,3.45,2016-01-27 20:45:00,
1.122740426,8461316,Pedro Cachin,Cachin v Falla,100,2016-01-27 20:44:16.264,3.8,2016-01-27 20:51:00,
1.12274043,7287672,Arthur De Greef,Estrella Burgos v De Greef,0,2016-01-25 17:10:40.163,2.62,2016-01-26 17:00:00,
1.12274043,7287672,Arthur De Greef,Estrella Burgos v De Greef,10,2016-01-26 04:38:20.445,2.52,2016-01-26 16:00:00,
1.12274043,7287672,Arthur De Greef,Estrella Burgos v De Greef,20,2016-01-26 04:53:16.883,2.34,2016-01-26 16:00:00,
1.12274043,7287672,Arthur De Greef,Estrella Burgos v De Greef,30,2016-01-26 10:00:19.276,2.5,2016-01-26 16:00:00,
1.12274043,7287672,Arthur De Greef,Estrella Burgos v De Greef,40,2016-01-26 12:21:17.799,3.0,2016-01-26 16:00:00,
1.12274043,7287672,Arthur De Greef,Estrella Burgos v De Greef,50,2016-01-26 13:41:06.658,3.3,2016-01-26 16:00:00,
1.12274043,7287672,Arthur De Greef,Estrella Burgos v De Greef,60,2016-01-26 14:02:56.778,3.05,2016-01-26 16:00:00,
1.12274043,7287672,Arthur De Greef,Estrella Burgos v De Greef,70,2016-01-26 14:23:20.547,3.0,2016-01-26 16:00:00,
1.12274043,7287672,Arthur De Greef,Estrella Burgos v De Greef,80,2016-01-26 14:46:42.326,3.15,2016-01-26 16:00:00,
1.12274043,7287672,Arthur De Greef,Estrella Burgos v De Greef,90,2016-01-26 15:33:48.727,3.35,2016-01-26 16:00:00,
1.12274043,7287672,Arthur De Greef,Estrella Burgos v De Greef,100,2016-01-26 16:02:18.360,3.2,2016-01-26 16:08:00,
1.12274043,7430580,Victor Estrella Burgos,Estrella Burgos v De Greef,0,2016-01-25 20:59:35.264,1.5,2016-01-26 17:00:00,
1.12274043,7430580,Victor Estrella Burgos,Estrella Burgos v De Greef,10,2016-01-26 08:44:10.504,1.62,2016-01-26 16:00:00,
1.12274043,7430580,Victor Estrella Burgos,Estrella Burgos v De Greef,20,2016-01-26 12:03:18.197,1.5,2016-01-26 16:00:00,
1.12274043,7430580,Victor Estrella Burgos,Estrella Burgos v De Greef,30,2016-01-26 12:28:39.390,1.55,2016-01-26 16:00:00,
1.12274043,7430580,Victor Estrella Burgos,Estrella Burgos v De Greef,40,2016-01-26 12:45:20.237,1.46,2016-01-26 16:00:00,
1.12274043,7430580,Victor Estrella Burgos,Estrella Burgos v De Greef,50,2016-01-26 14:03:29.884,1.48,2016-01-26 16:00:00,
1.12274043,7430580,Victor Estrella Burgos,Estrella Burgos v De Greef,60,2016-01-26 14:27:06.195,1.49,2016-01-26 16:00:00,
1.12274043,7430580,Victor Estrella Burgos,Estrella Burgos v De Greef,70,2016-01-26 15:30:48.468,1.43,2016-01-26 16:00:00,
1.12274043,7430580,Victor Estrella Burgos,Estrella Burgos v De Greef,80,2016-01-26 15:43:08.671,1.47,2016-01-26 16:00:00,
1.12274043,7430580,Victor Estrella Burgos,Estrella Burgos v De Greef,90,2016-01-26 15:52:40.008,1.43,2016-01-26 16:00:00,
1.12274043,7430580,Victor Estrella Burgos,Estrella Burgos v De Greef,100,2016-01-26 16:06:04.831,1.43,2016-01-26 16:08:00,
1.122740438,2489421,Pere Riba,Riba v Bourgue,0,2016-01-25 17:10:40.221,1.52,2016-01-26 17:00:00,
1.122740438,2489421,Pere Riba,Riba v Bourgue,10,2016-01-27 07:24:13.874,1.47,2016-01-27 16:00:00,
1.122740438,2489421,Pere Riba,Riba v Bourgue,20,2016-01-27 07:25:05.278,1.45,2016-01-27 16:00:00,
1.122740438,2489421,Pere Riba,Riba v Bourgue,30,2016-01-27 08:27:02.311,1.36,2016-01-27 16:00:00,
1.122740438,2489421,Pere Riba,Riba v Bourgue,40,2016-01-27 09:24:39.093,1.4,2016-01-27 16:00:00,
1.122740438,2489421,Pere Riba,Riba v Bourgue,50,2016-01-27 13:08:02.395,1.52,2016-01-27 16:00:00,
1.122740438,2489421,Pere Riba,Riba v Bourgue,60,2016-01-27 15:09:06.357,1.5,2016-01-27 16:00:00,
1.122740438,2489421,Pere Riba,Riba v Bourgue,70,2016-01-27 15:42:17.217,1.44,2016-01-27 16:00:00,
1.122740438,2489421,Pere Riba,Riba v Bourgue,80,2016-01-27 15:44:04.843,1.42,2016-01-27 16:00:00,
1.122740438,2489421,Pere Riba,Riba v Bourgue,90,2016-01-27 15:46:07.174,1.44,2016-01-27 16:00:00,
1.122740438,2489421,Pere Riba,Riba v Bourgue,100,2016-01-27 16:02:56.422,1.45,2016-01-27 16:07:00,
1.122740466,6604262,Alejandro Gonzalez,Struvay v Alejandro Gonzalez,0,2016-01-25 14:54:07.856,1.51,2016-01-26 17:00:00,
1.122740466,6604262,Alejandro Gonzalez,Struvay v Alejandro Gonzalez,10,2016-01-26 00:11:29.194,1.5,2016-01-26 23:00:00,
1.122740466,6604262,Alejandro Gonzalez,Struvay v Alejandro Gonzalez,20,2016-01-26 12:30:57.497,1.54,2016-01-26 23:00:00,
1.122740466,6604262,Alejandro Gonzalez,Struvay v Alejandro Gonzalez,30,2016-01-26 18:58:53.604,1.48,2016-01-26 23:00:00,
1.122740466,6604262,Alejandro Gonzalez,Struvay v Alejandro Gonzalez,40,2016-01-26 21:14:07.939,1.44,2016-01-26 23:00:00,
1.122740466,6604262,Alejandro Gonzalez,Struvay v Alejandro Gonzalez,50,2016-01-26 22:24:17.574,1.44,2016-01-26 23:00:00,
1.122740466,6604262,Alejandro Gonzalez,Struvay v Alejandro Gonzalez,60,2016-01-26 22:25:28.147,1.41,2016-01-26 23:00:00,
1.122740466,6604262,Alejandro Gonzalez,Struvay v Alejandro Gonzalez,70,2016-01-26 22:49:27.698,1.46,2016-01-26 23:00:00,
1.122740466,6604262,Alejandro Gonzalez,Struvay v Alejandro Gonzalez,80,2016-01-26 22:56:28.071,1.46,2016-01-26 23:00:00,
1.122740466,6604262,Alejandro Gonzalez,Struvay v Alejandro Gonzalez,90,2016-01-27 00:19:17.515,1.5,2016-01-27 00:24:00,
1.122740466,6604262,Alejandro Gonzalez,Struvay v Alejandro Gonzalez,100,2016-01-27 00:23:29.223,1.5,2016-01-27 00:24:00,
1.122740466,7431682,Eduardo Struvay,Struvay v Alejandro Gonzalez,0,2016-01-26 00:11:29.194,3.0,2016-01-26 23:00:00,
1.122740466,7431682,Eduardo Struvay,Struvay v Alejandro Gonzalez,10,2016-01-26 10:35:15.015,2.8,2016-01-26 23:00:00,
1.122740466,7431682,Eduardo Struvay,Struvay v Alejandro Gonzalez,20,2016-01-26 16:38:25.861,2.84,2016-01-26 23:00:00,
1.122740466,7431682,Eduardo Struvay,Struvay v Alejandro Gonzalez,30,2016-01-26 17:32:26.861,2.98,2016-01-26 23:00:00,
1.122740466,7431682,Eduardo Struvay,Struvay v Alejandro Gonzalez,40,2016-01-26 18:58:53.604,3.05,2016-01-26 23:00:00,
1.122740466,7431682,Eduardo Struvay,Struvay v Alejandro Gonzalez,50,2016-01-26 22:25:28.147,3.5,2016-01-26 23:00:00,
1.122740466,7431682,Eduardo Struvay,Struvay v Alejandro Gonzalez,60,2016-01-26 22:26:14.459,3.15,2016-01-26 23:00:00,
1.122740466,7431682,Eduardo Struvay,Struvay v Alejandro Gonzalez,70,2016-01-26 22:31:18.404,3.1,2016-01-26 23:00:00,
1.122740466,7431682,Eduardo Struvay,Struvay v Alejandro Gonzalez,80,2016-01-26 22:45:27.978,3.2,2016-01-26 23:00:00,
1.122740466,7431682,Eduardo Struvay,Struvay v Alejandro Gonzalez,90,2016-01-26 22:56:28.071,3.15,2016-01-26 23:00:00,
1.122740466,7431682,Eduardo Struvay,Struvay v Alejandro Gonzalez,100,2016-01-27 00:23:29.223,2.86,2016-01-27 00:24:00,
1.12274047,8258998,Jordi Samper-Montana,Samper-Montana v T Paul,0,2016-01-25 15:29:31.845,2.62,2016-01-26 17:00:00,
1.12274047,8258998,Jordi Samper-Montana,Samper-Montana v T Paul,10,2016-01-25 16:00:11.824,2.62,2016-01-26 17:00:00,
1.12274047,8258998,Jordi Samper-Montana,Samper-Montana v T Paul,20,2016-01-27 08:32:13.494,2.48,2016-01-27 19:00:00,
1.12274047,8258998,Jordi Samper-Montana,Samper-Montana v T Paul,30,2016-01-27 11:30:31.369,2.38,2016-01-27 19:00:00,
1.12274047,8258998,Jordi Samper-Montana,Samper-Montana v T Paul,40,2016-01-27 11:45:02.988,2.32,2016-01-27 19:00:00,
1.12274047,8258998,Jordi Samper-Montana,Samper-Montana v T Paul,50,2016-01-27 13:09:56.305,2.2,2016-01-27 19:00:00,
1.12274047,8258998,Jordi Samper-Montana,Samper-Montana v T Paul,60,2016-01-27 13:30:32.883,2.3,2016-01-27 19:00:00,
1.12274047,8258998,Jordi Samper-Montana,Samper-Montana v T Paul,70,2016-01-27 14:06:50.830,2.3,2016-01-27 19:00:00,
1.12274047,8258998,Jordi Samper-Montana,Samper-Montana v T Paul,80,2016-01-27 16:36:30.181,2.42,2016-01-27 19:00:00,
1.12274047,8258998,Jordi Samper-Montana,Samper-Montana v T Paul,90,2016-01-27 18:50:26.335,2.36,2016-01-27 19:00:00,
1.12274047,8258998,Jordi Samper-Montana,Samper-Montana v T Paul,100,2016-01-27 18:56:20.402,2.3,2016-01-27 19:00:00,
1.12274047,8859306,Tommy Paul,Samper-Montana v T Paul,0,2016-01-25 14:23:11.897,1.47,2016-01-26 17:00:00,
1.12274047,8859306,Tommy Paul,Samper-Montana v T Paul,10,2016-01-25 15:56:15.425,1.59,2016-01-26 17:00:00,
1.12274047,8859306,Tommy Paul,Samper-Montana v T Paul,20,2016-01-26 17:58:22.507,1.59,2016-01-27 17:00:00,
1.12274047,8859306,Tommy Paul,Samper-Montana v T Paul,30,2016-01-27 11:35:29.478,1.73,2016-01-27 19:00:00,
1.12274047,8859306,Tommy Paul,Samper-Montana v T Paul,40,2016-01-27 12:51:56.564,1.7,2016-01-27 19:00:00,
1.12274047,8859306,Tommy Paul,Samper-Montana v T Paul,50,2016-01-27 13:32:27.774,1.71,2016-01-27 19:00:00,
1.12274047,8859306,Tommy Paul,Samper-Montana v T Paul,60,2016-01-27 16:34:30.077,1.72,2016-01-27 19:00:00,
1.12274047,8859306,Tommy Paul,Samper-Montana v T Paul,70,2016-01-27 18:45:23.966,1.69,2016-01-27 19:00:00,
1.12274047,8859306,Tommy Paul,Samper-Montana v T Paul,80,2016-01-27 18:50:26.335,1.73,2016-01-27 19:00:00,
1.12274047,8859306,Tommy Paul,Samper-Montana v T Paul,90,2016-01-27 18:55:23.323,1.81,2016-01-27 19:00:00,
1.12274047,8859306,Tommy Paul,Samper-Montana v T Paul,100,2016-01-27 19:00:30.182,1.78,2016-01-27 19:06:00,
1.122740474,6129383,Facundo Arguello,F Arguello v N Barrientos,0,2016-01-25 09:11:18.090,1.41,2016-01-26 17:00:00,
1.122740474,6129383,Facundo Arguello,F Arguello v N Barrientos,10,2016-01-25 09:28:38.712,1.37,2016-01-26 17:00:00,
1.122740474,6129383,Facundo Arguello,F Arguello v N Barrientos,20,2016-01-25 10:56:32.789,1.29,2016-01-26 17:00:00,
1.122740474,6129383,Facundo Arguello,F Arguello v N Barrientos,30,2016-01-27 15:45:31.642,1.31,2016-01-27 17:45:00,
1.122740474,6129383,Facundo Arguello,F Arguello v N Barrientos,40,2016-01-27 16:05:22.154,1.3,2016-01-27 17:45:00,
1.122740474,6129383,Facundo Arguello,F Arguello v N Barrientos,50,2016-01-27 16:43:23.773,1.31,2016-01-27 17:45:00,
1.122740474,6129383,Facundo Arguello,F Arguello v N Barrientos,60,2016-01-27 17:10:21.025,1.32,2016-01-27 17:45:00,
1.122740474,6129383,Facundo Arguello,F Arguello v N Barrientos,70,2016-01-27 17:17:22.078,1.31,2016-01-27 17:45:00,
1.122740474,6129383,Facundo Arguello,F Arguello v N Barrientos,80,2016-01-27 17:27:11.546,1.31,2016-01-27 17:45:00,
1.122740474,6129383,Facundo Arguello,F Arguello v N Barrientos,90,2016-01-27 17:30:33.145,1.33,2016-01-27 17:45:00,
1.122740474,6129383,Facundo Arguello,F Arguello v N Barrientos,100,2016-01-27 17:42:32.648,1.31,2016-01-27 17:43:00,
1.12274049,6603914,Guido Andreozzi,Andreozzi v Calvin Hemery,0,2016-01-25 17:11:24.787,1.39,2016-01-26 17:00:00,
1.12274049,6603914,Guido Andreozzi,Andreozzi v Calvin Hemery,10,2016-01-26 07:13:39.267,1.36,2016-01-26 17:45:00,
1.12274049,6603914,Guido Andreozzi,Andreozzi v Calvin Hemery,20,2016-01-26 12:29:32.334,1.46,2016-01-26 17:45:00,
1.12274049,6603914,Guido Andreozzi,Andreozzi v Calvin Hemery,30,2016-01-26 14:20:17.587,1.48,2016-01-26 17:45:00,
1.12274049,6603914,Guido Andreozzi,Andreozzi v Calvin Hemery,40,2016-01-26 15:28:23.630,1.47,2016-01-26 17:45:00,
1.12274049,6603914,Guido Andreozzi,Andreozzi v Calvin Hemery,50,2016-01-26 15:49:38.311,1.43,2016-01-26 17:45:00,
1.12274049,6603914,Guido Andreozzi,Andreozzi v Calvin Hemery,60,2016-01-26 17:00:28.536,1.44,2016-01-26 17:45:00,
1.12274049,6603914,Guido Andreozzi,Andreozzi v Calvin Hemery,70,2016-01-26 17:13:27.685,1.41,2016-01-26 17:45:00,
1.12274049,6603914,Guido Andreozzi,Andreozzi v Calvin Hemery,80,2016-01-26 17:30:26.115,1.42,2016-01-26 17:45:00,
1.12274049,6603914,Guido Andreozzi,Andreozzi v Calvin Hemery,90,2016-01-26 17:42:03.317,1.44,2016-01-26 17:45:00,
1.12274049,6603914,Guido Andreozzi,Andreozzi v Calvin Hemery,100,2016-01-26 18:06:34.057,1.37,2016-01-26 18:08:00,
1.122740494,1565,Giovanni Lapentti,Lapentti v Clezar,0,2016-01-25 09:11:01.893,3.5,2016-01-26 17:00:00,
1.122740494,1565,Giovanni Lapentti,Lapentti v Clezar,10,2016-01-27 10:29:38.685,3.45,2016-01-27 19:00:00,
1.122740494,1565,Giovanni Lapentti,Lapentti v Clezar,20,2016-01-27 13:32:33.322,3.2,2016-01-27 19:00:00,
1.122740494,1565,Giovanni Lapentti,Lapentti v Clezar,30,2016-01-27 15:12:07.393,3.1,2016-01-27 19:00:00,
1.122740494,1565,Giovanni Lapentti,Lapentti v Clezar,40,2016-01-27 18:38:36.524,3.15,2016-01-27 19:00:00,
1.122740494,1565,Giovanni Lapentti,Lapentti v Clezar,50,2016-01-27 18:41:38.218,3.5,2016-01-27 19:00:00,
1.122740494,1565,Giovanni Lapentti,Lapentti v Clezar,60,2016-01-27 18:42:39.819,3.55,2016-01-27 19:00:00,
1.122740494,1565,Giovanni Lapentti,Lapentti v Clezar,70,2016-01-27 18:44:36.065,3.6,2016-01-27 19:00:00,
1.122740494,1565,Giovanni Lapentti,Lapentti v Clezar,80,2016-01-27 18:52:31.780,3.65,2016-01-27 19:00:00,
1.122740494,1565,Giovanni Lapentti,Lapentti v Clezar,90,2016-01-27 18:55:36.735,3.05,2016-01-27 19:00:00,
1.122740494,1565,Giovanni Lapentti,Lapentti v Clezar,100,2016-01-27 21:01:31.019,2.9,2016-01-27 21:07:00,
1.122740494,5304142,Guilherme Clezar,Lapentti v Clezar,0,2016-01-25 09:11:01.893,1.4,2016-01-26 17:00:00,
1.122740494,5304142,Guilherme Clezar,Lapentti v Clezar,10,2016-01-25 10:56:06.171,1.34,2016-01-26 17:00:00,
1.122740494,5304142,Guilherme Clezar,Lapentti v Clezar,20,2016-01-27 09:24:38.088,1.4,2016-01-27 19:00:00,
1.122740494,5304142,Guilherme Clezar,Lapentti v Clezar,30,2016-01-27 13:09:24.110,1.44,2016-01-27 19:00:00,
1.122740494,5304142,Guilherme Clezar,Lapentti v Clezar,40,2016-01-27 13:32:33.322,1.47,2016-01-27 19:00:00,
1.122740494,5304142,Guilherme Clezar,Lapentti v Clezar,50,2016-01-27 15:13:13.688,1.41,2016-01-27 19:00:00,
1.122740494,5304142,Guilherme Clezar,Lapentti v Clezar,60,2016-01-27 18:38:36.524,1.46,2016-01-27 19:00:00,
1.122740494,5304142,Guilherme Clezar,Lapentti v Clezar,70,2016-01-27 18:39:27.896,1.41,2016-01-27 19:00:00,
1.122740494,5304142,Guilherme Clezar,Lapentti v Clezar,80,2016-01-27 18:42:39.819,1.38,2016-01-27 19:00:00,
1.122740494,5304142,Guilherme Clezar,Lapentti v Clezar,90,2016-01-27 18:52:31.780,1.37,2016-01-27 19:00:00,
1.122740494,5304142,Guilherme Clezar,Lapentti v Clezar,100,2016-01-27 21:02:23.354,1.5,2016-01-27 21:07:00,
1.122740498,2345099,Paolo Lorenzi,And Martin v P Lorenzi,0,2016-01-25 14:57:34.755,1.28,2016-01-26 17:00:00,
1.122740498,2345099,Paolo Lorenzi,And Martin v P Lorenzi,10,2016-01-27 10:15:14.701,1.26,2016-01-27 23:00:00,
1.122740498,2345099,Paolo Lorenzi,And Martin v P Lorenzi,20,2016-01-27 13:10:49.829,1.29,2016-01-27 23:00:00,
1.122740498,2345099,Paolo Lorenzi,And Martin v P Lorenzi,30,2016-01-27 18:58:00.224,1.24,2016-01-27 23:00:00,
1.122740498,2345099,Paolo Lorenzi,And Martin v P Lorenzi,40,2016-01-27 19:50:20.101,1.26,2016-01-27 23:00:00,
1.122740498,2345099,Paolo Lorenzi,And Martin v P Lorenzi,50,2016-01-27 21:01:41.364,1.24,2016-01-27 23:00:00,
1.122740498,2345099,Paolo Lorenzi,And Martin v P Lorenzi,60,2016-01-27 21:45:09.131,1.25,2016-01-27 23:00:00,
1.122740498,2345099,Paolo Lorenzi,And Martin v P Lorenzi,70,2016-01-27 22:00:26.030,1.23,2016-01-27 23:00:00,
1.122740498,2345099,Paolo Lorenzi,And Martin v P Lorenzi,80,2016-01-27 22:31:06.668,1.25,2016-01-27 23:00:00,
1.122740498,2345099,Paolo Lorenzi,And Martin v P Lorenzi,90,2016-01-27 22:36:41.204,1.26,2016-01-27 23:00:00,
1.122740498,2345099,Paolo Lorenzi,And Martin v P Lorenzi,100,2016-01-27 22:43:17.872,1.26,2016-01-27 23:00:00,
1.122740514,2923174,Gastao Elias,G Elias v Lindell,0,2016-01-25 13:32:33.892,1.32,2016-01-26 17:00:00,
1.122740514,2923174,Gastao Elias,G Elias v Lindell,10,2016-01-25 17:10:45.101,1.3,2016-01-26 17:00:00,
1.122740514,2923174,Gastao Elias,G Elias v Lindell,20,2016-01-27 15:06:41.270,1.28,2016-01-27 19:00:00,
1.122740514,2923174,Gastao Elias,G Elias v Lindell,30,2016-01-27 15:10:36.881,1.34,2016-01-27 19:00:00,
1.122740514,2923174,Gastao Elias,G Elias v Lindell,40,2016-01-27 17:00:18.535,1.29,2016-01-27 19:00:00,
1.122740514,2923174,Gastao Elias,G Elias v Lindell,50,2016-01-27 18:18:47.875,1.3,2016-01-27 19:00:00,
1.122740514,2923174,Gastao Elias,G Elias v Lindell,60,2016-01-27 18:31:47.791,1.33,2016-01-27 19:00:00,
1.122740514,2923174,Gastao Elias,G Elias v Lindell,70,2016-01-27 18:32:16.981,1.34,2016-01-27 19:00:00,
1.122740514,2923174,Gastao Elias,G Elias v Lindell,80,2016-01-27 18:33:43.433,1.3,2016-01-27 19:00:00,
1.122740514,2923174,Gastao Elias,G Elias v Lindell,90,2016-01-27 18:39:50.363,1.29,2016-01-27 19:00:00,
1.122740514,2923174,Gastao Elias,G Elias v Lindell,100,2016-01-27 20:28:40.716,1.28,2016-01-27 20:30:00,
1.12274076,8260515,Nicolas Jarry,Collarini v Jarry,0,2016-01-25 00:26:55.523,1.65,2016-01-25 00:34:00,2016-01-24 21:47:13.194
1.12274076,8260515,Nicolas Jarry,Collarini v Jarry,10,2016-01-25 04:12:13.305,1.91,2016-01-25 16:00:00,2016-01-24 21:47:13.194
1.12274076,8260515,Nicolas Jarry,Collarini v Jarry,20,2016-01-25 07:39:54.367,1.87,2016-01-25 16:00:00,2016-01-24 21:47:13.194
1.12274076,8260515,Nicolas Jarry,Collarini v Jarry,30,2016-01-25 08:45:34.836,1.66,2016-01-25 16:00:00,2016-01-24 21:47:13.194
1.12274076,8260515,Nicolas Jarry,Collarini v Jarry,40,2016-01-25 09:53:58.744,1.5,2016-01-25 16:00:00,2016-01-24 21:47:13.194
1.12274076,8260515,Nicolas Jarry,Collarini v Jarry,50,2016-01-25 11:05:11.749,1.53,2016-01-25 16:00:00,2016-01-24 21:47:13.194
1.12274076,8260515,Nicolas Jarry,Collarini v Jarry,60,2016-01-25 11:39:50.755,1.62,2016-01-25 16:00:00,2016-01-24 21:47:13.194
1.12274076,8260515,Nicolas Jarry,Collarini v Jarry,70,2016-01-25 12:50:56.732,1.64,2016-01-25 16:00:00,2016-01-24 21:47:13.194
1.12274076,8260515,Nicolas Jarry,Collarini v Jarry,80,2016-01-25 13:38:13.407,1.48,2016-01-25 16:00:00,2016-01-24 21:47:13.194
1.12274076,8260515,Nicolas Jarry,Collarini v Jarry,90,2016-01-25 15:03:26.377,1.53,2016-01-25 16:00:00,2016-01-24 21:47:13.194
1.12274076,8260515,Nicolas Jarry,Collarini v Jarry,100,2016-01-25 16:02:10.714,1.71,2016-01-25 16:04:00,2016-01-24 21:47:13.194
1.12274076,8284716,Andrea Collarini,Collarini v Jarry,0,2016-01-25 01:45:03.560,2.38,2016-01-25 16:00:00,2016-01-24 21:47:13.194
1.12274076,8284716,Andrea Collarini,Collarini v Jarry,10,2016-01-25 04:12:13.305,2.1,2016-01-25 16:00:00,2016-01-24 21:47:13.194
1.12274076,8284716,Andrea Collarini,Collarini v Jarry,20,2016-01-25 07:29:04.551,2.42,2016-01-25 16:00:00,2016-01-24 21:47:13.194
1.12274076,8284716,Andrea Collarini,Collarini v Jarry,30,2016-01-25 09:39:11.539,2.52,2016-01-25 16:00:00,2016-01-24 21:47:13.194
1.12274076,8284716,Andrea Collarini,Collarini v Jarry,40,2016-01-25 10:36:12.637,2.82,2016-01-25 16:00:00,2016-01-24 21:47:13.194
1.12274076,8284716,Andrea Collarini,Collarini v Jarry,50,2016-01-25 11:33:08.595,2.64,2016-01-25 16:00:00,2016-01-24 21:47:13.194
1.12274076,8284716,Andrea Collarini,Collarini v Jarry,60,2016-01-25 13:01:11.875,2.7,2016-01-25 16:00:00,2016-01-24 21:47:13.194
1.12274076,8284716,Andrea Collarini,Collarini v Jarry,70,2016-01-25 13:22:02.912,2.68,2016-01-25 16:00:00,2016-01-24 21:47:13.194
1.12274076,8284716,Andrea Collarini,Collarini v Jarry,80,2016-01-25 13:41:10.670,2.68,2016-01-25 16:00:00,2016-01-24 21:47:13.194
1.12274076,8284716,Andrea Collarini,Collarini v Jarry,90,2016-01-25 15:39:09.134,2.32,2016-01-25 16:00:00,2016-01-24 21:47:13.194
1.12274076,8284716,Andrea Collarini,Collarini v Jarry,100,2016-01-25 16:02:10.714,2.4,2016-01-25 16:04:00,2016-01-24 21:47:13.194
1.122740769,9626669,Cristina Sanchez-Quinta,Nastja Kolar v Cristina Sanchez-Quinta,0,2016-01-25 10:35:27.731,1.62,2016-01-25 13:30:00,
1.122740769,9626669,Cristina Sanchez-Quinta,Nastja Kolar v Cristina Sanchez-Quinta,10,2016-01-25 12:49:53.837,1.7,2016-01-25 13:40:00,
1.122740769,9626669,Cristina Sanchez-Quinta,Nastja Kolar v Cristina Sanchez-Quinta,20,2016-01-25 13:14:19.909,1.7,2016-01-25 13:40:00,
1.122740769,9626669,Cristina Sanchez-Quinta,Nastja Kolar v Cristina Sanchez-Quinta,30,2016-01-25 13:24:13.088,1.71,2016-01-25 13:40:00,
1.122740769,9626669,Cristina Sanchez-Quinta,Nastja Kolar v Cristina Sanchez-Quinta,40,2016-01-25 13:30:19.974,1.59,2016-01-25 13:40:00,
1.122740769,9626669,Cristina Sanchez-Quinta,Nastja Kolar v Cristina Sanchez-Quinta,50,2016-01-25 13:31:16.436,1.61,2016-01-25 13:40:00,
1.122740769,9626669,Cristina Sanchez-Quinta,Nastja Kolar v Cristina Sanchez-Quinta,60,2016-01-25 13:33:18.752,1.58,2016-01-25 13:40:00,
1.122740769,9626669,Cristina Sanchez-Quinta,Nastja Kolar v Cristina Sanchez-Quinta,70,2016-01-25 13:36:11.757,1.59,2016-01-25 13:50:00,
1.122740769,9626669,Cristina Sanchez-Quinta,Nastja Kolar v Cristina Sanchez-Quinta,80,2016-01-25 13:53:15.676,1.7,2016-01-25 14:00:00,
1.122740769,9626669,Cristina Sanchez-Quinta,Nastja Kolar v Cristina Sanchez-Quinta,90,2016-01-25 13:54:16.481,1.6,2016-01-25 14:00:00,
1.122740769,9626669,Cristina Sanchez-Quinta,Nastja Kolar v Cristina Sanchez-Quinta,100,2016-01-25 13:59:17.317,1.62,2016-01-25 14:10:00,
1.122740771,8476179,Daniela Seguel,Rebecca Sramkova v Daniela Seguel,0,2016-01-25 06:54:16.022,1.76,2016-01-25 13:30:00,
1.122740771,8476179,Daniela Seguel,Rebecca Sramkova v Daniela Seguel,10,2016-01-25 07:41:07.573,1.78,2016-01-25 13:30:00,
1.122740771,8476179,Daniela Seguel,Rebecca Sramkova v Daniela Seguel,20,2016-01-25 11:29:19.792,1.99,2016-01-25 13:30:00,
1.122740771,8476179,Daniela Seguel,Rebecca Sramkova v Daniela Seguel,30,2016-01-25 11:48:16.358,2.04,2016-01-25 13:30:00,
1.122740771,8476179,Daniela Seguel,Rebecca Sramkova v Daniela Seguel,40,2016-01-25 12:00:54.788,2.0,2016-01-25 13:30:00,
1.122740771,8476179,Daniela Seguel,Rebecca Sramkova v Daniela Seguel,50,2016-01-25 12:41:19.620,2.12,2016-01-25 13:30:00,
1.122740771,8476179,Daniela Seguel,Rebecca Sramkova v Daniela Seguel,60,2016-01-25 12:43:10.088,2.0,2016-01-25 13:30:00,
1.122740771,8476179,Daniela Seguel,Rebecca Sramkova v Daniela Seguel,70,2016-01-25 12:47:09.476,2.06,2016-01-25 13:30:00,
1.122740771,8476179,Daniela Seguel,Rebecca Sramkova v Daniela Seguel,80,2016-01-25 13:10:53.973,1.98,2016-01-25 13:30:00,
1.122740771,8476179,Daniela Seguel,Rebecca Sramkova v Daniela Seguel,90,2016-01-25 13:19:14.704,1.9,2016-01-25 13:30:00,
1.122740771,8476179,Daniela Seguel,Rebecca Sramkova v Daniela Seguel,100,2016-01-25 13:27:19.392,1.93,2016-01-25 13:30:00,
1.122740771,9151665,Rebecca Sramkova,Rebecca Sramkova v Daniela Seguel,0,2016-01-25 06:54:16.022,2.32,2016-01-25 13:30:00,
1.122740771,9151665,Rebecca Sramkova,Rebecca Sramkova v Daniela Seguel,10,2016-01-25 06:57:12.322,2.34,2016-01-25 13:30:00,
1.122740771,9151665,Rebecca Sramkova,Rebecca Sramkova v Daniela Seguel,20,2016-01-25 10:25:14.077,2.08,2016-01-25 13:30:00,
1.122740771,9151665,Rebecca Sramkova,Rebecca Sramkova v Daniela Seguel,30,2016-01-25 10:35:39.016,1.98,2016-01-25 13:30:00,
1.122740771,9151665,Rebecca Sramkova,Rebecca Sramkova v Daniela Seguel,40,2016-01-25 11:48:16.358,1.96,2016-01-25 13:30:00,
1.122740771,9151665,Rebecca Sramkova,Rebecca Sramkova v Daniela Seguel,50,2016-01-25 11:57:15.809,1.89,2016-01-25 13:30:00,
1.122740771,9151665,Rebecca Sramkova,Rebecca Sramkova v Daniela Seguel,60,2016-01-25 12:00:54.788,2.0,2016-01-25 13:30:00,
1.122740771,9151665,Rebecca Sramkova,Rebecca Sramkova v Daniela Seguel,70,2016-01-25 12:47:09.476,1.99,2016-01-25 13:30:00,
1.122740771,9151665,Rebecca Sramkova,Rebecca Sramkova v Daniela Seguel,80,2016-01-25 13:10:53.973,2.02,2016-01-25 13:30:00,
1.122740771,9151665,Rebecca Sramkova,Rebecca Sramkova v Daniela Seguel,90,2016-01-25 13:17:08.184,2.04,2016-01-25 13:30:00,
1.122740771,9151665,Rebecca Sramkova,Rebecca Sramkova v Daniela Seguel,100,2016-01-25 13:28:18.997,2.0,2016-01-25 13:30:00,
1.122742233,10752567,Matsui/O'Brien,Fritz/Kozlov v Matsui/O'Brien,0,2016-01-26 12:18:24.394,1.54,2016-01-27 02:00:00,
1.122742233,10752567,Matsui/O'Brien,Fritz/Kozlov v Matsui/O'Brien,10,2016-01-26 12:35:28.842,1.59,2016-01-27 02:00:00,
1.122742233,10752567,Matsui/O'Brien,Fritz/Kozlov v Matsui/O'Brien,20,2016-01-26 12:43:12.811,1.62,2016-01-27 02:00:00,
1.122742233,10752567,Matsui/O'Brien,Fritz/Kozlov v Matsui/O'Brien,30,2016-01-26 15:06:04.606,1.51,2016-01-27 02:00:00,
1.122742233,10752567,Matsui/O'Brien,Fritz/Kozlov v Matsui/O'Brien,40,2016-01-26 15:29:39.991,1.52,2016-01-27 02:00:00,
1.122742233,10752567,Matsui/O'Brien,Fritz/Kozlov v Matsui/O'Brien,50,2016-01-26 15:52:05.329,1.51,2016-01-27 02:00:00,
1.122742233,10752567,Matsui/O'Brien,Fritz/Kozlov v Matsui/O'Brien,60,2016-01-26 15:52:37.635,1.5,2016-01-27 02:00:00,
1.122742233,10752567,Matsui/O'Brien,Fritz/Kozlov v Matsui/O'Brien,70,2016-01-26 16:05:29.708,1.6,2016-01-27 02:00:00,
1.122742233,10752567,Matsui/O'Brien,Fritz/Kozlov v Matsui/O'Brien,80,2016-01-26 20:51:11.519,1.51,2016-01-27 02:00:00,
1.122742233,10752567,Matsui/O'Brien,Fritz/Kozlov v Matsui/O'Brien,90,2016-01-26 21:20:10.358,1.5,2016-01-27 02:00:00,
1.122742233,10752567,Matsui/O'Brien,Fritz/Kozlov v Matsui/O'Brien,100,2016-01-27 01:57:05.217,1.58,2016-01-27 01:59:00,2016-01-27 01:54:23.586
1.12274226,6534042,Nicolas Meister,Meister v Quinzi,0,2016-01-25 15:53:51.758,1.88,2016-01-25 19:00:00,
1.12274226,6534042,Nicolas Meister,Meister v Quinzi,10,2016-01-25 17:15:08.255,1.88,2016-01-25 19:00:00,
1.12274226,6534042,Nicolas Meister,Meister v Quinzi,20,2016-01-25 17:29:11.173,1.88,2016-01-25 19:00:00,
1.12274226,6534042,Nicolas Meister,Meister v Quinzi,30,2016-01-25 18:16:17.438,1.96,2016-01-25 19:00:00,
1.12274226,6534042,Nicolas Meister,Meister v Quinzi,40,2016-01-25 18:52:18.425,1.99,2016-01-25 19:00:00,
1.12274226,6534042,Nicolas Meister,Meister v Quinzi,50,2016-01-25 18:57:09.756,1.96,2016-01-25 19:00:00,
1.12274226,6534042,Nicolas Meister,Meister v Quinzi,60,2016-01-25 19:07:56.136,1.84,2016-01-25 19:14:00,
1.12274226,6534042,Nicolas Meister,Meister v Quinzi,70,2016-01-25 19:11:18.191,1.87,2016-01-25 19:14:00,
1.12274226,6534042,Nicolas Meister,Meister v Quinzi,80,2016-01-25 23:57:16.043,1.32,2016-01-26 00:05:00,2016-01-25 20:26:17.293
1.12274226,6534042,Nicolas Meister,Meister v Quinzi,90,2016-01-25 23:59:12.605,1.33,2016-01-26 00:05:00,2016-01-25 20:26:17.293
1.12274226,6534042,Nicolas Meister,Meister v Quinzi,100,2016-01-26 00:03:18.067,1.33,2016-01-26 00:05:00,2016-01-25 20:26:17.293
1.12274226,8257864,Gianluigi Quinzi,Meister v Quinzi,0,2016-01-25 16:17:00.185,2.02,2016-01-25 19:00:00,
1.12274226,8257864,Gianluigi Quinzi,Meister v Quinzi,10,2016-01-25 16:36:06.399,2.18,2016-01-25 19:00:00,
1.12274226,8257864,Gianluigi Quinzi,Meister v Quinzi,20,2016-01-25 18:18:41.251,2.08,2016-01-25 19:00:00,
1.12274226,8257864,Gianluigi Quinzi,Meister v Quinzi,30,2016-01-25 18:27:25.002,2.04,2016-01-25 19:00:00,
1.12274226,8257864,Gianluigi Quinzi,Meister v Quinzi,40,2016-01-25 18:55:17.970,2.02,2016-01-25 19:00:00,
1.12274226,8257864,Gianluigi Quinzi,Meister v Quinzi,50,2016-01-25 18:59:18.346,2.06,2016-01-25 19:00:00,
1.12274226,8257864,Gianluigi Quinzi,Meister v Quinzi,60,2016-01-25 19:11:18.191,2.14,2016-01-25 19:14:00,
1.12274226,8257864,Gianluigi Quinzi,Meister v Quinzi,70,2016-01-25 23:57:16.043,4.1,2016-01-26 00:05:00,2016-01-25 20:26:17.293
1.12274226,8257864,Gianluigi Quinzi,Meister v Quinzi,80,2016-01-25 23:58:16.109,3.7,2016-01-26 00:05:00,2016-01-25 20:26:17.293
1.12274226,8257864,Gianluigi Quinzi,Meister v Quinzi,90,2016-01-26 00:02:15.071,4.1,2016-01-26 00:05:00,2016-01-25 20:26:17.293
1.12274226,8257864,Gianluigi Quinzi,Meister v Quinzi,100,2016-01-26 00:04:16.828,4.1,2016-01-26 00:05:00,2016-01-25 20:26:17.293
1.122742478,8700174,Ernesto Escobedo,Austin v Escobedo,0,2016-01-25 14:09:55.336,1.9,2016-01-25 20:45:00,
1.122742478,8700174,Ernesto Escobedo,Austin v Escobedo,10,2016-01-25 15:06:43.597,1.76,2016-01-25 20:45:00,
1.122742478,8700174,Ernesto Escobedo,Austin v Escobedo,20,2016-01-25 18:58:06.333,1.74,2016-01-25 20:45:00,
1.122742478,8700174,Ernesto Escobedo,Austin v Escobedo,30,2016-01-25 19:47:18.595,1.76,2016-01-25 20:45:00,
1.122742478,8700174,Ernesto Escobedo,Austin v Escobedo,40,2016-01-25 20:22:00.847,1.77,2016-01-25 20:45:00,
1.122742478,8700174,Ernesto Escobedo,Austin v Escobedo,50,2016-01-25 23:02:12.310,1.87,2016-01-25 23:07:00,
1.122742478,8700174,Ernesto Escobedo,Austin v Escobedo,60,2016-01-25 23:06:15.788,1.68,2016-01-25 23:07:00,2016-01-25 23:05:06.744
1.122742478,8700174,Ernesto Escobedo,Austin v Escobedo,70,2016-01-26 00:08:18.047,1.26,2016-01-26 00:13:00,2016-01-25 23:05:06.744
1.122742478,8700174,Ernesto Escobedo,Austin v Escobedo,80,2016-01-26 00:09:16.309,1.22,2016-01-26 00:13:00,2016-01-25 23:05:06.744
1.122742478,8700174,Ernesto Escobedo,Austin v Escobedo,90,2016-01-26 00:10:04.859,1.16,2016-01-26 00:13:00,2016-01-25 23:05:06.744
1.122742478,8700174,Ernesto Escobedo,Austin v Escobedo,100,2016-01-26 00:12:12.155,1.19,2016-01-26 00:13:00,2016-01-25 23:05:06.744
1.122753459,7283232,Viktorija Golubic,Cindy Burger v Viktorija Golubic,0,2016-01-25 22:10:02.806,1.22,2016-01-26 09:00:00,
1.122753459,7283232,Viktorija Golubic,Cindy Burger v Viktorija Golubic,10,2016-01-25 22:20:01.775,1.21,2016-01-26 09:00:00,
1.122753459,7283232,Viktorija Golubic,Cindy Burger v Viktorija Golubic,20,2016-01-26 04:19:10.162,1.17,2016-01-26 09:00:00,
1.122753459,7283232,Viktorija Golubic,Cindy Burger v Viktorija Golubic,30,2016-01-26 06:34:18.506,1.19,2016-01-26 09:00:00,
1.122753459,7283232,Viktorija Golubic,Cindy Burger v Viktorija Golubic,40,2016-01-26 06:45:47.173,1.17,2016-01-26 09:00:00,
1.122753459,7283232,Viktorija Golubic,Cindy Burger v Viktorija Golubic,50,2016-01-26 07:57:55.254,1.18,2016-01-26 09:00:00,
1.122753459,7283232,Viktorija Golubic,Cindy Burger v Viktorija Golubic,60,2016-01-26 08:25:07.432,1.18,2016-01-26 09:00:00,
1.122753459,7283232,Viktorija Golubic,Cindy Burger v Viktorija Golubic,70,2016-01-26 08:25:57.906,1.17,2016-01-26 09:00:00,
1.122753459,7283232,Viktorija Golubic,Cindy Burger v Viktorija Golubic,80,2016-01-26 08:35:02.276,1.19,2016-01-26 09:00:00,
1.122753459,7283232,Viktorija Golubic,Cindy Burger v Viktorija Golubic,90,2016-01-26 08:36:12.177,1.2,2016-01-26 09:00:00,
1.122753459,7283232,Viktorija Golubic,Cindy Burger v Viktorija Golubic,100,2016-01-26 08:55:14.279,1.21,2016-01-26 09:00:00,
1.12275346,3622149,Stefanie Voegele,Elise Mertens v Stefanie Voegele,0,2016-01-25 23:36:15.486,1.62,2016-01-26 09:00:00,
1.12275346,3622149,Stefanie Voegele,Elise Mertens v Stefanie Voegele,10,2016-01-26 01:22:24.072,1.55,2016-01-26 09:00:00,
1.12275346,3622149,Stefanie Voegele,Elise Mertens v Stefanie Voegele,20,2016-01-26 02:06:07.566,1.67,2016-01-26 09:00:00,
1.12275346,3622149,Stefanie Voegele,Elise Mertens v Stefanie Voegele,30,2016-01-26 04:12:15.243,1.61,2016-01-26 09:00:00,
1.12275346,3622149,Stefanie Voegele,Elise Mertens v Stefanie Voegele,40,2016-01-26 06:12:59.668,1.77,2016-01-26 09:00:00,
1.12275346,3622149,Stefanie Voegele,Elise Mertens v Stefanie Voegele,50,2016-01-26 07:07:04.118,1.64,2016-01-26 09:00:00,
1.12275346,3622149,Stefanie Voegele,Elise Mertens v Stefanie Voegele,60,2016-01-26 07:53:11.860,1.62,2016-01-26 09:00:00,
1.12275346,3622149,Stefanie Voegele,Elise Mertens v Stefanie Voegele,70,2016-01-26 08:03:12.802,1.61,2016-01-26 09:00:00,
1.12275346,3622149,Stefanie Voegele,Elise Mertens v Stefanie Voegele,80,2016-01-26 08:42:05.392,1.65,2016-01-26 09:00:00,
1.12275346,3622149,Stefanie Voegele,Elise Mertens v Stefanie Voegele,90,2016-01-26 08:54:15.315,1.63,2016-01-26 09:00:00,
1.12275346,3622149,Stefanie Voegele,Elise Mertens v Stefanie Voegele,100,2016-01-26 08:59:58.430,1.64,2016-01-26 09:00:00,
1.122753461,6356637,Sara Sorribes Tormo,Oceane Dodin v Sara Sorribes Tormo,0,2016-01-26 11:16:36.636,4.0,2016-01-26 17:30:00,
1.122753461,6356637,Sara Sorribes Tormo,Oceane Dodin v Sara Sorribes Tormo,10,2016-01-26 13:21:15.751,3.95,2016-01-26 17:30:00,
1.122753461,6356637,Sara Sorribes Tormo,Oceane Dodin v Sara Sorribes Tormo,20,2016-01-26 14:34:15.525,3.7,2016-01-26 17:40:00,
1.122753461,6356637,Sara Sorribes Tormo,Oceane Dodin v Sara Sorribes Tormo,30,2016-01-26 15:25:19.069,3.95,2016-01-26 17:50:00,
1.122753461,6356637,Sara Sorribes Tormo,Oceane Dodin v Sara Sorribes Tormo,40,2016-01-26 16:25:07.313,3.95,2016-01-26 17:45:00,
1.122753461,6356637,Sara Sorribes Tormo,Oceane Dodin v Sara Sorribes Tormo,50,2016-01-26 16:36:15.778,3.9,2016-01-26 17:45:00,
1.122753461,6356637,Sara Sorribes Tormo,Oceane Dodin v Sara Sorribes Tormo,60,2016-01-26 16:46:53.240,4.0,2016-01-26 17:45:00,
1.122753461,6356637,Sara Sorribes Tormo,Oceane Dodin v Sara Sorribes Tormo,70,2016-01-26 16:48:48.980,3.95,2016-01-26 17:45:00,
1.122753461,6356637,Sara Sorribes Tormo,Oceane Dodin v Sara Sorribes Tormo,80,2016-01-26 16:57:48.265,3.95,2016-01-26 17:45:00,
1.122753461,6356637,Sara Sorribes Tormo,Oceane Dodin v Sara Sorribes Tormo,90,2016-01-26 17:12:09.984,3.9,2016-01-26 17:45:00,
1.122753461,6356637,Sara Sorribes Tormo,Oceane Dodin v Sara Sorribes Tormo,100,2016-01-26 17:35:54.768,3.95,2016-01-26 17:45:00,2016-01-26 17:35:54.768
1.122753589,9628772,Karoline Kurz,Karoline Kurz v Aleksandra Draganova,0,2016-01-25 22:30:11.732,1.12,2016-01-26 08:00:00,
1.122753589,9628772,Karoline Kurz,Karoline Kurz v Aleksandra Draganova,10,2016-01-25 22:53:47.720,1.11,2016-01-26 08:00:00,
1.122753589,9628772,Karoline Kurz,Karoline Kurz v Aleksandra Draganova,20,2016-01-26 05:15:31.975,1.27,2016-01-26 08:00:00,
1.122753589,9628772,Karoline Kurz,Karoline Kurz v Aleksandra Draganova,30,2016-01-26 06:28:39.558,1.08,2016-01-26 08:00:00,
1.122753589,9628772,Karoline Kurz,Karoline Kurz v Aleksandra Draganova,40,2016-01-26 06:40:44.015,1.1,2016-01-26 08:00:00,
1.122753589,9628772,Karoline Kurz,Karoline Kurz v Aleksandra Draganova,50,2016-01-26 07:07:45.709,1.11,2016-01-26 08:00:00,
1.122753589,9628772,Karoline Kurz,Karoline Kurz v Aleksandra Draganova,60,2016-01-26 07:28:24.336,1.23,2016-01-26 08:00:00,
1.122753589,9628772,Karoline Kurz,Karoline Kurz v Aleksandra Draganova,70,2016-01-26 07:30:45.967,1.1,2016-01-26 08:00:00,
1.122753589,9628772,Karoline Kurz,Karoline Kurz v Aleksandra Draganova,80,2016-01-26 07:40:14.498,1.09,2016-01-26 08:00:00,
1.122753589,9628772,Karoline Kurz,Karoline Kurz v Aleksandra Draganova,90,2016-01-26 07:46:32.115,1.1,2016-01-26 08:00:00,
1.122753589,9628772,Karoline Kurz,Karoline Kurz v Aleksandra Draganova,100,2016-01-26 07:47:51.739,1.08,2016-01-26 08:00:00,
1.122754606,3506037,Horacio Zeballos,H Zeballos v Jarry,0,2016-01-27 13:08:47.775,1.45,2016-01-27 17:45:00,
1.122754606,3506037,Horacio Zeballos,H Zeballos v Jarry,10,2016-01-27 15:11:22.837,1.46,2016-01-27 17:45:00,
1.122754606,3506037,Horacio Zeballos,H Zeballos v Jarry,20,2016-01-27 16:05:22.630,1.44,2016-01-27 17:45:00,
1.122754606,3506037,Horacio Zeballos,H Zeballos v Jarry,30,2016-01-27 16:06:08.262,1.41,2016-01-27 17:45:00,
1.122754606,3506037,Horacio Zeballos,H Zeballos v Jarry,40,2016-01-27 16:16:50.908,1.46,2016-01-27 17:45:00,
1.122754606,3506037,Horacio Zeballos,H Zeballos v Jarry,50,2016-01-27 17:31:28.890,1.45,2016-01-27 17:45:00,
1.122754606,3506037,Horacio Zeballos,H Zeballos v Jarry,60,2016-01-27 17:32:13.339,1.43,2016-01-27 17:45:00,
1.122754606,3506037,Horacio Zeballos,H Zeballos v Jarry,70,2016-01-27 17:35:25.409,1.44,2016-01-27 17:45:00,
1.122754606,3506037,Horacio Zeballos,H Zeballos v Jarry,80,2016-01-27 17:38:16.826,1.55,2016-01-27 17:45:00,
1.122754606,3506037,Horacio Zeballos,H Zeballos v Jarry,90,2016-01-27 17:39:26.310,1.44,2016-01-27 17:45:00,
1.122754606,3506037,Horacio Zeballos,H Zeballos v Jarry,100,2016-01-27 18:58:30.093,1.39,2016-01-27 18:59:00,
1.122754606,8260515,Nicolas Jarry,H Zeballos v Jarry,0,2016-01-26 16:19:24.063,3.6,2016-01-27 17:00:00,
1.122754606,8260515,Nicolas Jarry,H Zeballos v Jarry,10,2016-01-27 13:08:47.775,3.25,2016-01-27 17:45:00,
1.122754606,8260515,Nicolas Jarry,H Zeballos v Jarry,20,2016-01-27 15:11:22.837,3.2,2016-01-27 17:45:00,
1.122754606,8260515,Nicolas Jarry,H Zeballos v Jarry,30,2016-01-27 16:06:08.262,3.3,2016-01-27 17:45:00,
1.122754606,8260515,Nicolas Jarry,H Zeballos v Jarry,40,2016-01-27 16:16:50.908,3.15,2016-01-27 17:45:00,
1.122754606,8260515,Nicolas Jarry,H Zeballos v Jarry,50,2016-01-27 16:31:24.154,3.1,2016-01-27 17:45:00,
1.122754606,8260515,Nicolas Jarry,H Zeballos v Jarry,60,2016-01-27 17:31:28.890,3.2,2016-01-27 17:45:00,
1.122754606,8260515,Nicolas Jarry,H Zeballos v Jarry,70,2016-01-27 17:35:25.409,3.3,2016-01-27 17:45:00,
1.122754606,8260515,Nicolas Jarry,H Zeballos v Jarry,80,2016-01-27 17:38:16.826,2.82,2016-01-27 17:45:00,
1.122754606,8260515,Nicolas Jarry,H Zeballos v Jarry,90,2016-01-27 17:43:26.753,3.25,2016-01-27 17:45:00,
1.122754606,8260515,Nicolas Jarry,H Zeballos v Jarry,100,2016-01-27 18:58:30.093,3.55,2016-01-27 18:59:00,
1.12275461,8860646,Daniel Elahi Galan,Galan v Hernandez-Fernandez,0,2016-01-27 11:32:08.041,3.1,2016-01-27 16:00:00,
1.12275461,8860646,Daniel Elahi Galan,Galan v Hernandez-Fernandez,10,2016-01-27 11:57:27.277,3.0,2016-01-27 16:00:00,
1.12275461,8860646,Daniel Elahi Galan,Galan v Hernandez-Fernandez,20,2016-01-27 12:08:28.525,2.94,2016-01-27 16:00:00,
1.12275461,8860646,Daniel Elahi Galan,Galan v Hernandez-Fernandez,30,2016-01-27 13:35:29.830,2.98,2016-01-27 16:00:00,
1.12275461,8860646,Daniel Elahi Galan,Galan v Hernandez-Fernandez,40,2016-01-27 14:01:14.231,3.15,2016-01-27 16:00:00,
1.12275461,8860646,Daniel Elahi Galan,Galan v Hernandez-Fernandez,50,2016-01-27 14:03:25.207,3.2,2016-01-27 16:00:00,
1.12275461,8860646,Daniel Elahi Galan,Galan v Hernandez-Fernandez,60,2016-01-27 14:04:27.021,3.0,2016-01-27 16:00:00,
1.12275461,8860646,Daniel Elahi Galan,Galan v Hernandez-Fernandez,70,2016-01-27 14:12:20.257,3.3,2016-01-27 16:00:00,
1.12275461,8860646,Daniel Elahi Galan,Galan v Hernandez-Fernandez,80,2016-01-27 15:00:21.546,3.25,2016-01-27 16:00:00,
1.12275461,8860646,Daniel Elahi Galan,Galan v Hernandez-Fernandez,90,2016-01-27 15:35:08.899,3.0,2016-01-27 16:00:00,
1.12275461,8860646,Daniel Elahi Galan,Galan v Hernandez-Fernandez,100,2016-01-27 15:54:30.704,3.05,2016-01-27 16:00:00,
1.12275461,9420497,Jose Hernandez-Fernande,Galan v Hernandez-Fernandez,0,2016-01-27 11:32:08.041,1.45,2016-01-27 16:00:00,
1.12275461,9420497,Jose Hernandez-Fernande,Galan v Hernandez-Fernandez,10,2016-01-27 12:42:29.367,1.52,2016-01-27 16:00:00,
1.12275461,9420497,Jose Hernandez-Fernande,Galan v Hernandez-Fernandez,20,2016-01-27 13:55:10.273,1.5,2016-01-27 16:00:00,
1.12275461,9420497,Jose Hernandez-Fernande,Galan v Hernandez-Fernandez,30,2016-01-27 14:01:14.231,1.47,2016-01-27 16:00:00,
1.12275461,9420497,Jose Hernandez-Fernande,Galan v Hernandez-Fernandez,40,2016-01-27 14:02:18.569,1.46,2016-01-27 16:00:00,
1.12275461,9420497,Jose Hernandez-Fernande,Galan v Hernandez-Fernandez,50,2016-01-27 14:07:12.405,1.48,2016-01-27 16:00:00,
1.12275461,9420497,Jose Hernandez-Fernande,Galan v Hernandez-Fernandez,60,2016-01-27 14:43:46.972,1.45,2016-01-27 16:00:00,
1.12275461,9420497,Jose Hernandez-Fernande,Galan v Hernandez-Fernandez,70,2016-01-27 14:49:27.950,1.46,2016-01-27 16:00:00,
1.12275461,9420497,Jose Hernandez-Fernande,Galan v Hernandez-Fernandez,80,2016-01-27 15:35:08.899,1.5,2016-01-27 16:00:00,
1.12275461,9420497,Jose Hernandez-Fernande,Galan v Hernandez-Fernandez,90,2016-01-27 15:54:30.704,1.48,2016-01-27 16:00:00,
1.12275461,9420497,Jose Hernandez-Fernande,Galan v Hernandez-Fernandez,100,2016-01-27 15:58:30.525,1.45,2016-01-27 16:00:00,
1.122754639,2387871,Sorana Cirstea,Sandra Zaniewska v Sorana Cirstea,0,2016-01-26 10:09:46.306,1.42,2016-01-26 15:00:00,
1.122754639,2387871,Sorana Cirstea,Sandra Zaniewska v Sorana Cirstea,10,2016-01-26 12:40:09.455,1.32,2016-01-26 15:15:00,
1.122754639,2387871,Sorana Cirstea,Sandra Zaniewska v Sorana Cirstea,20,2016-01-26 12:41:53.798,1.35,2016-01-26 15:15:00,
1.122754639,2387871,Sorana Cirstea,Sandra Zaniewska v Sorana Cirstea,30,2016-01-26 13:47:56.178,1.31,2016-01-26 15:15:00,
1.122754639,2387871,Sorana Cirstea,Sandra Zaniewska v Sorana Cirstea,40,2016-01-26 14:05:45.543,1.26,2016-01-26 15:15:00,
1.122754639,2387871,Sorana Cirstea,Sandra Zaniewska v Sorana Cirstea,50,2016-01-26 14:43:08.736,1.25,2016-01-26 15:15:00,
1.122754639,2387871,Sorana Cirstea,Sandra Zaniewska v Sorana Cirstea,60,2016-01-26 14:54:56.300,1.34,2016-01-26 15:15:00,
1.122754639,2387871,Sorana Cirstea,Sandra Zaniewska v Sorana Cirstea,70,2016-01-26 14:56:44.945,1.33,2016-01-26 15:15:00,
1.122754639,2387871,Sorana Cirstea,Sandra Zaniewska v Sorana Cirstea,80,2016-01-26 15:03:44.833,1.25,2016-01-26 15:15:00,
1.122754639,2387871,Sorana Cirstea,Sandra Zaniewska v Sorana Cirstea,90,2016-01-26 15:20:47.965,1.23,2016-01-26 15:25:00,
1.122754639,2387871,Sorana Cirstea,Sandra Zaniewska v Sorana Cirstea,100,2016-01-26 15:23:54.686,1.23,2016-01-26 15:25:00,
1.122754644,7048682,Marek Michalicka,Marek Michalicka v Tim Ruehl,0,2016-01-26 07:09:15.273,1.09,2016-01-26 12:30:00,
1.122754644,7048682,Marek Michalicka,Marek Michalicka v Tim Ruehl,10,2016-01-26 08:59:30.154,1.1,2016-01-26 12:30:00,
1.122754644,7048682,Marek Michalicka,Marek Michalicka v Tim Ruehl,20,2016-01-26 10:46:23.972,1.09,2016-01-26 12:30:00,
1.122754644,7048682,Marek Michalicka,Marek Michalicka v Tim Ruehl,30,2016-01-26 10:55:19.561,1.07,2016-01-26 12:30:00,
1.122754644,7048682,Marek Michalicka,Marek Michalicka v Tim Ruehl,40,2016-01-26 10:58:16.762,1.08,2016-01-26 12:30:00,
1.122754644,7048682,Marek Michalicka,Marek Michalicka v Tim Ruehl,50,2016-01-26 11:34:23.864,1.1,2016-01-26 12:40:00,
1.122754644,7048682,Marek Michalicka,Marek Michalicka v Tim Ruehl,60,2016-01-26 12:33:20.526,1.09,2016-01-26 12:40:00,
1.122754644,7048682,Marek Michalicka,Marek Michalicka v Ruehl. Tim,70,2016-01-26 12:39:16.694,1.09,2016-01-26 12:50:00,
1.122754644,7048682,Marek Michalicka,Marek Michalicka v Ruehl. Tim,80,2016-01-26 13:27:50.232,1.08,2016-01-26 13:40:00,
1.122754644,7048682,Marek Michalicka,Marek Michalicka v Ruehl. Tim,90,2016-01-26 13:38:10.258,1.12,2016-01-26 13:50:00,
1.122754644,7048682,Marek Michalicka,Marek Michalicka v Ruehl. Tim,100,2016-01-26 13:48:06.157,1.1,2016-01-26 13:50:00,
1.122754646,7415002,Stefan Kozlov,S Kozlov v Meister,0,2016-01-26 09:43:26.923,1.91,2016-01-26 20:45:00,
1.122754646,7415002,Stefan Kozlov,S Kozlov v Meister,10,2016-01-26 10:41:26.765,1.82,2016-01-26 20:45:00,
1.122754646,7415002,Stefan Kozlov,S Kozlov v Meister,20,2016-01-26 11:00:29.306,1.73,2016-01-26 20:45:00,
1.122754646,7415002,Stefan Kozlov,S Kozlov v Meister,30,2016-01-26 12:33:43.659,1.76,2016-01-26 20:45:00,
1.122754646,7415002,Stefan Kozlov,S Kozlov v Meister,40,2016-01-26 13:45:59.032,1.73,2016-01-26 20:45:00,
1.122754646,7415002,Stefan Kozlov,S Kozlov v Meister,50,2016-01-26 15:47:05.012,1.63,2016-01-26 20:45:00,
1.122754646,7415002,Stefan Kozlov,S Kozlov v Meister,60,2016-01-26 16:18:29.368,1.62,2016-01-26 20:45:00,
1.122754646,7415002,Stefan Kozlov,S Kozlov v Meister,70,2016-01-26 18:39:57.801,1.73,2016-01-26 20:45:00,
1.122754646,7415002,Stefan Kozlov,S Kozlov v Meister,80,2016-01-26 20:23:58.662,1.65,2016-01-26 20:45:00,
1.122754646,7415002,Stefan Kozlov,S Kozlov v Meister,90,2016-01-26 20:41:30.048,1.61,2016-01-26 20:45:00,
1.122754646,7415002,Stefan Kozlov,S Kozlov v Meister,100,2016-01-26 20:47:25.353,1.62,2016-01-26 20:49:00,
1.122754662,7048850,Jason Jung,Quigley v Ja Jung,0,2016-01-26 12:08:27.049,1.77,2016-01-26 19:00:00,
1.122754662,7048850,Jason Jung,Quigley v Ja Jung,10,2016-01-26 12:13:31.930,1.82,2016-01-26 19:00:00,
1.122754662,7048850,Jason Jung,Quigley v Ja Jung,20,2016-01-26 12:24:35.124,1.81,2016-01-26 19:00:00,
1.122754662,7048850,Jason Jung,Quigley v Ja Jung,30,2016-01-26 12:32:36.597,1.77,2016-01-26 19:00:00,
1.122754662,7048850,Jason Jung,Quigley v Ja Jung,40,2016-01-26 15:12:35.756,1.75,2016-01-26 19:00:00,
1.122754662,7048850,Jason Jung,Quigley v Ja Jung,50,2016-01-26 16:36:01.782,1.75,2016-01-26 19:00:00,
1.122754662,7048850,Jason Jung,Quigley v Ja Jung,60,2016-01-26 17:02:23.644,1.81,2016-01-26 19:00:00,
1.122754662,7048850,Jason Jung,Quigley v Ja Jung,70,2016-01-26 18:46:01.519,1.79,2016-01-26 19:00:00,
1.122754662,7048850,Jason Jung,Quigley v Ja Jung,80,2016-01-26 18:53:30.007,1.76,2016-01-26 19:00:00,
1.122754662,7048850,Jason Jung,Quigley v Ja Jung,90,2016-01-26 18:59:37.716,1.76,2016-01-26 19:00:00,
1.122754662,7048850,Jason Jung,Quigley v Ja Jung,100,2016-01-26 19:06:47.473,1.75,2016-01-26 19:09:00,
1.122754687,8174357,Blaz Rola,Rola v Escobedo,0,2016-01-26 12:33:51.425,1.55,2016-01-26 20:45:00,
1.122754687,8174357,Blaz Rola,Rola v Escobedo,10,2016-01-26 14:07:40.640,1.45,2016-01-26 20:45:00,
1.122754687,8174357,Blaz Rola,Rola v Escobedo,20,2016-01-26 18:41:29.783,1.5,2016-01-26 20:45:00,
1.122754687,8174357,Blaz Rola,Rola v Escobedo,30,2016-01-26 19:55:44.878,1.45,2016-01-26 20:45:00,
1.122754687,8174357,Blaz Rola,Rola v Escobedo,40,2016-01-26 20:10:24.092,1.44,2016-01-26 20:45:00,
1.122754687,8174357,Blaz Rola,Rola v Escobedo,50,2016-01-26 20:25:36.930,1.45,2016-01-26 20:45:00,
1.122754687,8174357,Blaz Rola,Rola v Escobedo,60,2016-01-26 20:32:27.534,1.44,2016-01-26 20:45:00,
1.122754687,8174357,Blaz Rola,Rola v Escobedo,70,2016-01-26 20:36:25.415,1.45,2016-01-26 20:45:00,
1.122754687,8174357,Blaz Rola,Rola v Escobedo,80,2016-01-26 20:43:36.484,1.55,2016-01-26 20:45:00,
1.122754687,8174357,Blaz Rola,Rola v Escobedo,90,2016-01-26 20:49:36.392,1.48,2016-01-26 20:57:00,
1.122754687,8174357,Blaz Rola,Rola v Escobedo,100,2016-01-26 20:56:43.552,1.54,2016-01-26 20:57:00,
1.122754698,6217982,Dennis Novikov,Tiafoe v D Novikov,0,2016-01-27 09:03:29.522,2.04,2016-01-27 20:00:00,
1.122754698,6217982,Dennis Novikov,Tiafoe v D Novikov,10,2016-01-27 09:08:26.437,2.2,2016-01-27 20:00:00,
1.122754698,6217982,Dennis Novikov,Tiafoe v D Novikov,20,2016-01-27 09:10:03.064,2.1,2016-01-27 20:00:00,
1.122754698,6217982,Dennis Novikov,Tiafoe v D Novikov,30,2016-01-27 10:13:46.377,2.14,2016-01-27 20:00:00,
1.122754698,6217982,Dennis Novikov,Tiafoe v D Novikov,40,2016-01-27 18:36:56.020,1.97,2016-01-27 20:00:00,
1.122754698,6217982,Dennis Novikov,Tiafoe v D Novikov,50,2016-01-27 18:52:15.684,2.08,2016-01-27 20:00:00,
1.122754698,6217982,Dennis Novikov,Tiafoe v D Novikov,60,2016-01-27 19:15:11.015,2.04,2016-01-27 20:00:00,
1.122754698,6217982,Dennis Novikov,Tiafoe v D Novikov,70,2016-01-27 19:55:24.801,2.1,2016-01-27 20:00:00,
1.122754698,6217982,Dennis Novikov,Tiafoe v D Novikov,80,2016-01-27 20:32:28.659,2.1,2016-01-27 20:38:00,
1.122754698,6217982,Dennis Novikov,Tiafoe v D Novikov,90,2016-01-27 20:34:27.254,2.08,2016-01-27 20:38:00,
1.122754698,6217982,Dennis Novikov,Tiafoe v D Novikov,100,2016-01-27 20:36:30.254,1.96,2016-01-27 20:38:00,2016-01-27 20:35:33.226
1.122754706,6603910,Mitchell Krueger,N Rubin v M Krueger,0,2016-01-26 13:49:27.907,1.94,2016-01-27 22:00:00,
1.122754706,6603910,Mitchell Krueger,N Rubin v M Krueger,10,2016-01-27 09:01:31.347,1.7,2016-01-27 20:00:00,
1.122754706,6603910,Mitchell Krueger,N Rubin v M Krueger,20,2016-01-27 11:13:30.157,1.75,2016-01-27 20:00:00,
1.122754706,6603910,Mitchell Krueger,N Rubin v M Krueger,30,2016-01-27 13:58:21.155,1.66,2016-01-27 20:00:00,
1.122754706,6603910,Mitchell Krueger,N Rubin v M Krueger,40,2016-01-27 16:37:26.518,1.75,2016-01-27 20:00:00,
1.122754706,6603910,Mitchell Krueger,N Rubin v M Krueger,50,2016-01-27 16:51:22.157,1.76,2016-01-27 20:00:00,
1.122754706,6603910,Mitchell Krueger,N Rubin v M Krueger,60,2016-01-27 18:14:28.932,1.73,2016-01-27 20:00:00,
1.122754706,6603910,Mitchell Krueger,N Rubin v M Krueger,70,2016-01-27 18:37:29.526,1.73,2016-01-27 20:00:00,
1.122754706,6603910,Mitchell Krueger,N Rubin v M Krueger,80,2016-01-27 19:36:28.313,1.73,2016-01-27 20:00:00,
1.122754706,6603910,Mitchell Krueger,N Rubin v M Krueger,90,2016-01-27 21:10:19.875,1.76,2016-01-27 21:17:00,
1.122754706,6603910,Mitchell Krueger,N Rubin v M Krueger,100,2016-01-27 21:16:14.511,1.81,2016-01-27 21:17:00,
1.122764496,10409109,Peralta/Zeballos,Peralta/Zeballos v Cachin/Kicker,0,2016-01-28 14:57:49.715,1.37,2016-01-28 20:30:00,
1.122764496,10409109,Peralta/Zeballos,Peralta/Zeballos v Cachin/Kicker,10,2016-01-28 23:56:39.826,2.36,2016-01-29 19:00:00,2016-01-28 22:14:13.408
1.122764496,10409109,Peralta/Zeballos,Peralta/Zeballos v Cachin/Kicker,20,2016-01-29 03:15:27.001,2.58,2016-01-29 19:00:00,2016-01-28 22:14:13.408
1.122764496,10409109,Peralta/Zeballos,Peralta/Zeballos v Cachin/Kicker,30,2016-01-29 05:55:36.759,2.7,2016-01-29 19:00:00,2016-01-28 22:14:13.408
1.122764496,10409109,Peralta/Zeballos,Peralta/Zeballos v Cachin/Kicker,40,2016-01-29 07:05:18.169,2.3,2016-01-29 19:00:00,2016-01-28 22:14:13.408
1.122764496,10409109,Peralta/Zeballos,Peralta/Zeballos v Cachin/Kicker,50,2016-01-29 08:05:10.730,2.4,2016-01-29 19:00:00,2016-01-28 22:14:13.408
1.122764496,10409109,Peralta/Zeballos,Peralta/Zeballos v Cachin/Kicker,60,2016-01-29 10:04:24.485,2.32,2016-01-29 19:00:00,2016-01-28 22:14:13.408
1.122764496,10409109,Peralta/Zeballos,Peralta/Zeballos v Cachin/Kicker,70,2016-01-29 12:10:12.484,2.24,2016-01-29 19:00:00,2016-01-28 22:14:13.408
1.122764496,10409109,Peralta/Zeballos,Peralta/Zeballos v Cachin/Kicker,80,2016-01-29 14:11:21.112,2.32,2016-01-29 19:00:00,2016-01-28 22:14:13.408
1.122764496,10409109,Peralta/Zeballos,Peralta/Zeballos v Cachin/Kicker,90,2016-01-29 16:18:57.037,2.34,2016-01-29 19:00:00,2016-01-28 22:14:13.408
1.122764496,10409109,Peralta/Zeballos,Peralta/Zeballos v Cachin/Kicker,100,2016-01-29 19:37:37.439,2.28,2016-01-29 19:38:00,2016-01-28 22:14:13.408
1.122764496,10756046,Cachin/Kicker,Peralta/Zeballos v Cachin/Kicker,0,2016-01-28 14:57:49.715,3.7,2016-01-28 20:30:00,
1.122764496,10756046,Cachin/Kicker,Peralta/Zeballos v Cachin/Kicker,10,2016-01-29 00:35:16.451,1.76,2016-01-29 19:00:00,2016-01-28 22:14:13.408
1.122764496,10756046,Cachin/Kicker,Peralta/Zeballos v Cachin/Kicker,20,2016-01-29 03:21:18.728,1.71,2016-01-29 19:00:00,2016-01-28 22:14:13.408
1.122764496,10756046,Cachin/Kicker,Peralta/Zeballos v Cachin/Kicker,30,2016-01-29 05:33:32.321,1.67,2016-01-29 19:00:00,2016-01-28 22:14:13.408
1.122764496,10756046,Cachin/Kicker,Peralta/Zeballos v Cachin/Kicker,40,2016-01-29 07:09:38.463,1.75,2016-01-29 19:00:00,2016-01-28 22:14:13.408
1.122764496,10756046,Cachin/Kicker,Peralta/Zeballos v Cachin/Kicker,50,2016-01-29 08:20:09.006,1.74,2016-01-29 19:00:00,2016-01-28 22:14:13.408
1.122764496,10756046,Cachin/Kicker,Peralta/Zeballos v Cachin/Kicker,60,2016-01-29 10:16:00.494,1.74,2016-01-29 19:00:00,2016-01-28 22:14:13.408
1.122764496,10756046,Cachin/Kicker,Peralta/Zeballos v Cachin/Kicker,70,2016-01-29 12:09:31.107,1.76,2016-01-29 19:00:00,2016-01-28 22:14:13.408
1.122764496,10756046,Cachin/Kicker,Peralta/Zeballos v Cachin/Kicker,80,2016-01-29 14:45:44.741,1.8,2016-01-29 19:00:00,2016-01-28 22:14:13.408
1.122764496,10756046,Cachin/Kicker,Peralta/Zeballos v Cachin/Kicker,90,2016-01-29 17:43:04.717,1.76,2016-01-29 19:00:00,2016-01-28 22:14:13.408
1.122764496,10756046,Cachin/Kicker,Peralta/Zeballos v Cachin/Kicker,100,2016-01-29 19:37:37.439,1.78,2016-01-29 19:38:00,2016-01-28 22:14:13.408
1.122764755,2451050,Arantxa Rus,Arantxa Rus v Sherazad Reix,0,2016-01-27 08:04:58.672,1.66,2016-01-27 12:00:00,
1.122764755,2451050,Arantxa Rus,Arantxa Rus v Sherazad Reix,10,2016-01-27 10:16:30.262,1.56,2016-01-27 12:10:00,
1.122764755,2451050,Arantxa Rus,Arantxa Rus v Sherazad Reix,20,2016-01-27 10:20:32.157,1.64,2016-01-27 12:10:00,
1.122764755,2451050,Arantxa Rus,Arantxa Rus v Sherazad Reix,30,2016-01-27 11:07:55.328,1.56,2016-01-27 12:50:00,
1.122764755,2451050,Arantxa Rus,Arantxa Rus v Sherazad Reix,40,2016-01-27 11:18:56.475,1.55,2016-01-27 13:00:00,
1.122764755,2451050,Arantxa Rus,Arantxa Rus v Sherazad Reix,50,2016-01-27 13:01:39.604,1.57,2016-01-27 13:35:00,
1.122764755,2451050,Arantxa Rus,Arantxa Rus v Sherazad Reix,60,2016-01-27 13:24:01.080,1.56,2016-01-27 13:35:00,
1.122764755,2451050,Arantxa Rus,Arantxa Rus v Sherazad Reix,70,2016-01-27 13:27:03.377,1.57,2016-01-27 13:35:00,
1.122764755,2451050,Arantxa Rus,Arantxa Rus v Sherazad Reix,80,2016-01-27 13:30:43.015,1.5,2016-01-27 13:35:00,
1.122764755,2451050,Arantxa Rus,Arantxa Rus v Sherazad Reix,90,2016-01-27 13:32:09.963,1.48,2016-01-27 13:45:00,
1.122764755,2451050,Arantxa Rus,Arantxa Rus v Sherazad Reix,100,2016-01-27 13:55:51.741,1.44,2016-01-27 14:00:00,
1.122764775,3051579,Cagla Buyukakcay,Cagla Buyukakcay v Alize Lim,0,2016-01-27 06:55:54.128,1.45,2016-01-27 13:30:00,
1.122764775,3051579,Cagla Buyukakcay,Cagla Buyukakcay v Alize Lim,10,2016-01-27 08:11:04.240,1.38,2016-01-27 13:30:00,
1.122764775,3051579,Cagla Buyukakcay,Cagla Buyukakcay v Alize Lim,20,2016-01-27 08:15:56.814,1.37,2016-01-27 13:30:00,
1.122764775,3051579,Cagla Buyukakcay,Cagla Buyukakcay v Alize Lim,30,2016-01-27 10:14:09.243,1.45,2016-01-27 13:40:00,
1.122764775,3051579,Cagla Buyukakcay,Cagla Buyukakcay v Alize Lim,40,2016-01-27 12:56:09.051,1.29,2016-01-27 15:05:00,
1.122764775,3051579,Cagla Buyukakcay,Cagla Buyukakcay v Alize Lim,50,2016-01-27 13:10:59.560,1.34,2016-01-27 15:05:00,
1.122764775,3051579,Cagla Buyukakcay,Cagla Buyukakcay v Alize Lim,60,2016-01-27 14:01:06.176,1.29,2016-01-27 15:30:00,
1.122764775,3051579,Cagla Buyukakcay,Cagla Buyukakcay v Alize Lim,70,2016-01-27 14:26:32.495,1.3,2016-01-27 15:30:00,
1.122764775,3051579,Cagla Buyukakcay,Cagla Buyukakcay v Alize Lim,80,2016-01-27 14:32:06.110,1.4,2016-01-27 15:30:00,
1.122764775,3051579,Cagla Buyukakcay,Cagla Buyukakcay v Alize Lim,90,2016-01-27 14:43:03.635,1.29,2016-01-27 15:30:00,
1.122764775,3051579,Cagla Buyukakcay,Cagla Buyukakcay v Alize Lim,100,2016-01-27 15:39:09.120,1.35,2016-01-27 15:45:00,
1.122764795,10759725,Cristina-Andreea Mitu,Cristina-Andreea Mitu v AN Sophie Mestach,0,2016-01-27 08:04:58.672,1.7,2016-01-27 10:30:00,
1.122764795,10759725,Cristina-Andreea Mitu,Cristina-Andreea Mitu v AN Sophie Mestach,10,2016-01-27 09:03:05.959,1.71,2016-01-27 10:30:00,
1.122764795,10759725,Cristina-Andreea Mitu,Cristina-Andreea Mitu v AN Sophie Mestach,20,2016-01-27 10:19:53.505,1.87,2016-01-27 10:40:00,
1.122764795,10759725,Cristina-Andreea Mitu,Cristina-Andreea Mitu v AN Sophie Mestach,30,2016-01-27 10:30:06.348,1.86,2016-01-27 10:40:00,
1.122764795,10759725,Cristina-Andreea Mitu,Cristina-Andreea Mitu v AN Sophie Mestach,40,2016-01-27 10:35:50.604,1.9,2016-01-27 10:40:00,
1.122764795,10759725,Cristina-Andreea Mitu,Cristina-Andreea Mitu v AN Sophie Mestach,50,2016-01-27 11:02:05.533,1.72,2016-01-27 11:10:00,
1.122764795,10759725,Cristina-Andreea Mitu,Cristina-Andreea Mitu v AN Sophie Mestach,60,2016-01-27 11:30:58.230,1.78,2016-01-27 11:40:00,
1.122764795,10759725,Cristina-Andreea Mitu,Cristina-Andreea Mitu v AN Sophie Mestach,70,2016-01-27 11:51:01.138,1.8,2016-01-27 12:00:00,
1.122764795,10759725,Cristina-Andreea Mitu,Cristina-Andreea Mitu v AN Sophie Mestach,80,2016-01-27 11:59:05.925,1.87,2016-01-27 12:10:00,
1.122764795,10759725,Cristina-Andreea Mitu,Cristina-Andreea Mitu v AN Sophie Mestach,90,2016-01-27 11:59:59.677,1.8,2016-01-27 12:05:00,2016-01-27 11:59:59.677
1.122764795,10759725,Cristina-Andreea Mitu,Cristina-Andreea Mitu v AN Sophie Mestach,100,2016-01-27 12:03:48.840,1.66,2016-01-27 12:05:00,2016-01-27 11:59:59.677
1.122764877,7335514,Tereza Martincova,Tereza Martincova v Ekaterina Alexandrova,0,2016-01-27 08:04:58.725,1.59,2016-01-27 13:30:00,
1.122764877,7335514,Tereza Martincova,Tereza Martincova v Ekaterina Alexandrova,10,2016-01-27 08:21:43.159,1.58,2016-01-27 13:30:00,
1.122764877,7335514,Tereza Martincova,Tereza Martincova v Ekaterina Alexandrova,20,2016-01-27 10:49:19.979,1.65,2016-01-27 13:30:00,
1.122764877,7335514,Tereza Martincova,Tereza Martincova v Ekaterina Alexandrova,30,2016-01-27 10:59:55.314,1.69,2016-01-27 13:30:00,
1.122764877,7335514,Tereza Martincova,Tereza Martincova v Ekaterina Alexandrova,40,2016-01-27 11:48:08.690,1.53,2016-01-27 14:05:00,
1.122764877,7335514,Tereza Martincova,Tereza Martincova v Ekaterina Alexandrova,50,2016-01-27 12:30:04.266,1.54,2016-01-27 14:05:00,
1.122764877,7335514,Tereza Martincova,Tereza Martincova v Ekaterina Alexandrova,60,2016-01-27 13:58:03.249,1.56,2016-01-27 14:05:00,
1.122764877,7335514,Tereza Martincova,Tereza Martincova v Ekaterina Alexandrova,70,2016-01-27 14:14:07.400,1.59,2016-01-27 14:25:00,
1.122764877,7335514,Tereza Martincova,Tereza Martincova v Ekaterina Alexandrova,80,2016-01-27 14:59:00.242,1.64,2016-01-27 15:05:00,
1.122764877,7335514,Tereza Martincova,Tereza Martincova v Ekaterina Alexandrova,90,2016-01-27 15:09:07.405,1.63,2016-01-27 15:15:00,
1.122764877,7335514,Tereza Martincova,Tereza Martincova v Ekaterina Alexandrova,100,2016-01-27 15:20:08.345,1.58,2016-01-27 15:25:00,
1.122764898,2396600,Andreas Beck,Andreas Beck v Federico Gaio,0,2016-01-27 09:31:12.315,1.5,2016-01-27 17:00:00,
1.122764898,2396600,Andreas Beck,Andreas Beck v Federico Gaio,10,2016-01-27 09:48:03.591,1.55,2016-01-27 17:00:00,
1.122764898,2396600,Andreas Beck,Andreas Beck v Federico Gaio,20,2016-01-27 13:39:38.991,1.55,2016-01-27 17:00:00,
1.122764898,2396600,Andreas Beck,Andreas Beck v Federico Gaio,30,2016-01-27 14:16:07.833,1.5,2016-01-27 17:20:00,
1.122764898,2396600,Andreas Beck,Andreas Beck v Federico Gaio,40,2016-01-27 15:07:40.029,1.55,2016-01-27 17:45:00,
1.122764898,2396600,Andreas Beck,Andreas Beck v Federico Gaio,50,2016-01-27 16:06:44.773,1.39,2016-01-27 17:45:00,
1.122764898,2396600,Andreas Beck,Andreas Beck v Federico Gaio,60,2016-01-27 16:12:14.873,1.4,2016-01-27 17:45:00,
1.122764898,2396600,Andreas Beck,Andreas Beck v Federico Gaio,70,2016-01-27 17:09:13.653,1.54,2016-01-27 17:45:00,
1.122764898,2396600,Andreas Beck,Andreas Beck v Federico Gaio,80,2016-01-27 17:09:59.013,1.53,2016-01-27 17:45:00,
1.122764898,2396600,Andreas Beck,Andreas Beck v Federico Gaio,90,2016-01-27 17:26:15.113,1.55,2016-01-27 17:45:00,
1.122764898,2396600,Andreas Beck,Andreas Beck v Federico Gaio,100,2016-01-27 17:28:05.736,1.47,2016-01-27 17:45:00,
1.122765062,6534042,Nicolas Meister,Meister v McGee,0,2016-01-28 12:34:41.526,2.44,2016-01-28 21:45:00,
1.122765062,6534042,Nicolas Meister,Meister v McGee,10,2016-01-28 13:16:39.954,2.4,2016-01-28 21:45:00,
1.122765062,6534042,Nicolas Meister,Meister v McGee,20,2016-01-28 14:43:37.941,2.42,2016-01-28 21:45:00,
1.122765062,6534042,Nicolas Meister,Meister v McGee,30,2016-01-28 18:13:40.009,2.58,2016-01-28 21:45:00,
1.122765062,6534042,Nicolas Meister,Meister v McGee,40,2016-01-28 19:46:41.506,2.56,2016-01-28 21:45:00,
1.122765062,6534042,Nicolas Meister,Meister v McGee,50,2016-01-28 20:05:30.216,2.48,2016-01-28 21:45:00,
1.122765062,6534042,Nicolas Meister,Meister v McGee,60,2016-01-28 20:35:37.819,2.64,2016-01-28 21:45:00,
1.122765062,6534042,Nicolas Meister,Meister v McGee,70,2016-01-28 21:41:13.072,3.05,2016-01-28 21:45:00,
1.122765062,6534042,Nicolas Meister,Meister v McGee,80,2016-01-28 23:52:30.159,3.0,2016-01-28 23:59:00,
1.122765062,6534042,Nicolas Meister,Meister v McGee,90,2016-01-28 23:58:41.917,3.15,2016-01-29 00:01:00,
1.122765062,6534042,Nicolas Meister,Meister v McGee,100,2016-01-29 00:00:39.533,2.98,2016-01-29 00:01:00,2016-01-29 00:00:39.533
1.122765062,7216252,James McGee,Meister v McGee,0,2016-01-27 22:31:06.668,1.59,2016-01-28 22:00:00,
1.122765062,7216252,James McGee,Meister v McGee,10,2016-01-28 13:16:39.954,1.71,2016-01-28 21:45:00,
1.122765062,7216252,James McGee,Meister v McGee,20,2016-01-28 14:32:37.835,1.6,2016-01-28 21:45:00,
1.122765062,7216252,James McGee,Meister v McGee,30,2016-01-28 15:56:25.643,1.61,2016-01-28 21:45:00,
1.122765062,7216252,James McGee,Meister v McGee,40,2016-01-28 18:13:40.009,1.63,2016-01-28 21:45:00,
1.122765062,7216252,James McGee,Meister v McGee,50,2016-01-28 20:04:39.468,1.65,2016-01-28 21:45:00,
1.122765062,7216252,James McGee,Meister v McGee,60,2016-01-28 20:35:37.819,1.61,2016-01-28 21:45:00,
1.122765062,7216252,James McGee,Meister v McGee,70,2016-01-28 21:32:24.630,1.55,2016-01-28 21:45:00,
1.122765062,7216252,James McGee,Meister v McGee,80,2016-01-28 23:53:38.842,1.46,2016-01-29 00:01:00,
1.122765062,7216252,James McGee,Meister v McGee,90,2016-01-28 23:56:39.296,1.51,2016-01-29 00:01:00,
1.122765062,7216252,James McGee,Meister v McGee,100,2016-01-29 00:00:39.533,1.53,2016-01-29 00:01:00,2016-01-29 00:00:39.533
1.122765114,5626817,Kyle Edmund,Edmund v Mmoh,0,2016-01-27 22:19:33.870,1.25,2016-01-28 22:00:00,
1.122765114,5626817,Kyle Edmund,Edmund v Mmoh,10,2016-01-28 10:37:15.251,1.29,2016-01-28 22:00:00,
1.122765114,5626817,Kyle Edmund,Edmund v Mmoh,20,2016-01-28 16:13:24.670,1.18,2016-01-28 22:00:00,
1.122765114,5626817,Kyle Edmund,Edmund v Mmoh,30,2016-01-28 17:08:43.900,1.16,2016-01-28 22:00:00,
1.122765114,5626817,Kyle Edmund,Edmund v Mmoh,40,2016-01-28 20:26:35.188,1.21,2016-01-28 22:00:00,
1.122765114,5626817,Kyle Edmund,Edmund v Mmoh,50,2016-01-28 20:53:39.374,1.17,2016-01-28 22:00:00,
1.122765114,5626817,Kyle Edmund,Edmund v Mmoh,60,2016-01-28 21:14:38.157,1.14,2016-01-28 22:00:00,
1.122765114,5626817,Kyle Edmund,Edmund v Mmoh,70,2016-01-28 21:50:33.631,1.18,2016-01-28 22:00:00,
1.122765114,5626817,Kyle Edmund,Edmund v Mmoh,80,2016-01-28 21:54:34.259,1.14,2016-01-28 22:00:00,
1.122765114,5626817,Kyle Edmund,Edmund v Mmoh,90,2016-01-28 23:37:40.595,1.17,2016-01-28 23:41:00,
1.122765114,5626817,Kyle Edmund,Edmund v Mmoh,100,2016-01-28 23:40:44.001,1.2,2016-01-28 23:41:00,2016-01-28 23:39:43.744
1.122765114,8798905,Michael Mmoh,Edmund v Mmoh,0,2016-01-28 10:37:15.251,4.4,2016-01-28 22:00:00,
1.122765114,8798905,Michael Mmoh,Edmund v Mmoh,10,2016-01-28 12:36:34.664,4.8,2016-01-28 22:00:00,
1.122765114,8798905,Michael Mmoh,Edmund v Mmoh,20,2016-01-28 17:15:38.407,7.2,2016-01-28 22:00:00,
1.122765114,8798905,Michael Mmoh,Edmund v Mmoh,30,2016-01-28 20:26:35.188,5.8,2016-01-28 22:00:00,
1.122765114,8798905,Michael Mmoh,Edmund v Mmoh,40,2016-01-28 21:48:37.651,6.4,2016-01-28 22:00:00,
1.122765114,8798905,Michael Mmoh,Edmund v Mmoh,50,2016-01-28 21:54:34.259,6.0,2016-01-28 22:00:00,
1.122765114,8798905,Michael Mmoh,Edmund v Mmoh,60,2016-01-28 21:59:33.940,8.2,2016-01-28 22:00:00,
1.122765114,8798905,Michael Mmoh,Edmund v Mmoh,70,2016-01-28 23:35:10.917,7.4,2016-01-28 23:41:00,
1.122765114,8798905,Michael Mmoh,Edmund v Mmoh,80,2016-01-28 23:37:40.595,7.0,2016-01-28 23:41:00,
1.122765114,8798905,Michael Mmoh,Edmund v Mmoh,90,2016-01-28 23:38:43.532,6.4,2016-01-28 23:41:00,
1.122765114,8798905,Michael Mmoh,Edmund v Mmoh,100,2016-01-28 23:40:44.001,7.6,2016-01-28 23:41:00,2016-01-28 23:39:43.744
1.122765123,7048850,Jason Jung,Bolt v Ja Jung,0,2016-01-27 10:45:03.016,1.8,2016-01-28 22:00:00,
1.122765123,7048850,Jason Jung,Bolt v Ja Jung,10,2016-01-27 11:13:03.518,1.84,2016-01-28 22:00:00,
1.122765123,7048850,Jason Jung,Bolt v Ja Jung,20,2016-01-27 13:58:39.606,1.76,2016-01-28 22:00:00,
1.122765123,7048850,Jason Jung,Bolt v Ja Jung,30,2016-01-27 16:02:00.002,1.93,2016-01-28 22:00:00,
1.122765123,7048850,Jason Jung,Bolt v Ja Jung,40,2016-01-28 09:32:36.263,1.81,2016-01-28 20:00:00,
1.122765123,7048850,Jason Jung,Bolt v Ja Jung,50,2016-01-28 14:52:24.469,2.02,2016-01-28 20:00:00,
1.122765123,7048850,Jason Jung,Bolt v Ja Jung,60,2016-01-28 18:03:38.377,1.9,2016-01-28 20:00:00,
1.122765123,7048850,Jason Jung,Bolt v Ja Jung,70,2016-01-28 18:05:41.926,1.89,2016-01-28 20:00:00,
1.122765123,7048850,Jason Jung,Bolt v Ja Jung,80,2016-01-28 19:51:42.916,1.9,2016-01-28 20:00:00,
1.122765123,7048850,Jason Jung,Bolt v Ja Jung,90,2016-01-28 19:55:38.613,2.0,2016-01-28 20:00:00,
1.122765123,7048850,Jason Jung,Bolt v Ja Jung,100,2016-01-28 21:29:43.285,2.0,2016-01-28 21:32:00,
1.122765123,7283330,Alex Bolt,Bolt v Ja Jung,0,2016-01-27 11:13:03.518,2.2,2016-01-28 22:00:00,
1.122765123,7283330,Alex Bolt,Bolt v Ja Jung,10,2016-01-27 14:18:30.178,2.3,2016-01-28 22:00:00,
1.122765123,7283330,Alex Bolt,Bolt v Ja Jung,20,2016-01-28 09:32:58.664,2.24,2016-01-28 20:00:00,
1.122765123,7283330,Alex Bolt,Bolt v Ja Jung,30,2016-01-28 14:52:24.469,1.99,2016-01-28 20:00:00,
1.122765123,7283330,Alex Bolt,Bolt v Ja Jung,40,2016-01-28 17:37:03.193,1.99,2016-01-28 20:00:00,
1.122765123,7283330,Alex Bolt,Bolt v Ja Jung,50,2016-01-28 18:03:38.377,2.12,2016-01-28 20:00:00,
1.122765123,7283330,Alex Bolt,Bolt v Ja Jung,60,2016-01-28 18:05:41.926,2.14,2016-01-28 20:00:00,
1.122765123,7283330,Alex Bolt,Bolt v Ja Jung,70,2016-01-28 19:46:36.012,1.99,2016-01-28 20:00:00,
1.122765123,7283330,Alex Bolt,Bolt v Ja Jung,80,2016-01-28 19:51:42.916,1.99,2016-01-28 20:00:00,
1.122765123,7283330,Alex Bolt,Bolt v Ja Jung,90,2016-01-28 21:28:43.598,1.89,2016-01-28 21:32:00,
1.122765123,7283330,Alex Bolt,Bolt v Ja Jung,100,2016-01-28 21:31:43.663,1.95,2016-01-28 21:32:00,2016-01-28 21:31:43.663
1.122765133,6498880,Bastian Trinker,B Trinker v Struvay,0,2016-01-27 13:41:34.483,2.18,2016-01-28 17:00:00,
1.122765133,6498880,Bastian Trinker,B Trinker v Struvay,10,2016-01-27 15:14:08.353,2.32,2016-01-28 17:00:00,
1.122765133,6498880,Bastian Trinker,B Trinker v Struvay,20,2016-01-28 08:59:42.296,2.3,2016-01-28 22:00:00,
1.122765133,6498880,Bastian Trinker,B Trinker v Struvay,30,2016-01-28 11:20:39.746,2.18,2016-01-28 22:00:00,
1.122765133,6498880,Bastian Trinker,B Trinker v Struvay,40,2016-01-28 11:21:00.365,2.16,2016-01-28 22:00:00,
1.122765133,6498880,Bastian Trinker,B Trinker v Struvay,50,2016-01-28 14:00:53.754,2.26,2016-01-28 22:00:00,
1.122765133,6498880,Bastian Trinker,B Trinker v Struvay,60,2016-01-28 19:04:46.724,2.44,2016-01-28 22:00:00,
1.122765133,6498880,Bastian Trinker,B Trinker v Struvay,70,2016-01-28 20:12:42.403,2.4,2016-01-28 22:00:00,
1.122765133,6498880,Bastian Trinker,B Trinker v Struvay,80,2016-01-28 21:12:32.531,2.4,2016-01-28 22:00:00,
1.122765133,6498880,Bastian Trinker,B Trinker v Struvay,90,2016-01-28 21:26:22.486,2.46,2016-01-28 22:00:00,
1.122765133,6498880,Bastian Trinker,B Trinker v Struvay,100,2016-01-28 22:42:42.469,2.72,2016-01-28 22:43:00,2016-01-28 22:42:42.469
1.122765133,7431682,Eduardo Struvay,B Trinker v Struvay,0,2016-01-27 13:41:34.483,1.85,2016-01-28 17:00:00,
1.122765133,7431682,Eduardo Struvay,B Trinker v Struvay,10,2016-01-27 15:13:35.835,1.58,2016-01-28 17:00:00,
1.122765133,7431682,Eduardo Struvay,B Trinker v Struvay,20,2016-01-27 22:49:24.041,1.64,2016-01-28 17:00:00,
1.122765133,7431682,Eduardo Struvay,B Trinker v Struvay,30,2016-01-28 12:01:58.650,1.83,2016-01-28 22:00:00,
1.122765133,7431682,Eduardo Struvay,B Trinker v Struvay,40,2016-01-28 18:47:44.188,1.7,2016-01-28 22:00:00,
1.122765133,7431682,Eduardo Struvay,B Trinker v Struvay,50,2016-01-28 20:02:37.327,1.68,2016-01-28 22:00:00,
1.122765133,7431682,Eduardo Struvay,B Trinker v Struvay,60,2016-01-28 20:13:27.547,1.72,2016-01-28 22:00:00,
1.122765133,7431682,Eduardo Struvay,B Trinker v Struvay,70,2016-01-28 21:36:31.215,1.71,2016-01-28 22:00:00,
1.122765133,7431682,Eduardo Struvay,B Trinker v Struvay,80,2016-01-28 21:55:02.833,1.71,2016-01-28 22:00:00,
1.122765133,7431682,Eduardo Struvay,B Trinker v Struvay,90,2016-01-28 22:36:41.239,1.62,2016-01-28 22:43:00,
1.122765133,7431682,Eduardo Struvay,B Trinker v Struvay,100,2016-01-28 22:42:42.469,1.57,2016-01-28 22:43:00,2016-01-28 22:42:42.469
1.122765141,4596953,Di Wu,D Wu v Donati,0,2016-01-27 10:52:41.829,2.1,2016-01-28 22:00:00,
1.122765141,4596953,Di Wu,D Wu v Donati,10,2016-01-27 10:53:38.274,2.14,2016-01-28 22:00:00,
1.122765141,4596953,Di Wu,D Wu v Donati,20,2016-01-27 11:14:26.234,2.16,2016-01-28 22:00:00,
1.122765141,4596953,Di Wu,D Wu v Donati,30,2016-01-27 16:25:47.402,2.1,2016-01-28 22:00:00,
1.122765141,4596953,Di Wu,D Wu v Donati,40,2016-01-27 22:34:08.604,2.2,2016-01-28 22:00:00,
1.122765141,4596953,Di Wu,D Wu v Donati,50,2016-01-28 08:45:42.241,2.3,2016-01-28 20:00:00,
1.122765141,4596953,Di Wu,D Wu v Donati,60,2016-01-28 12:04:08.880,2.4,2016-01-28 20:00:00,
1.122765141,4596953,Di Wu,D Wu v Donati,70,2016-01-28 19:14:43.857,2.68,2016-01-28 20:00:00,
1.122765141,4596953,Di Wu,D Wu v Donati,80,2016-01-28 19:39:35.353,2.5,2016-01-28 20:00:00,
1.122765141,4596953,Di Wu,D Wu v Donati,90,2016-01-28 19:50:23.805,2.56,2016-01-28 20:00:00,
1.122765141,4596953,Di Wu,D Wu v Donati,100,2016-01-28 20:40:44.869,2.32,2016-01-28 20:42:00,2016-01-28 20:40:44.869
1.122765141,8285864,Matteo Donati,D Wu v Donati,0,2016-01-27 10:52:41.829,1.91,2016-01-28 22:00:00,
1.122765141,8285864,Matteo Donati,D Wu v Donati,10,2016-01-27 10:53:38.274,1.88,2016-01-28 22:00:00,
1.122765141,8285864,Matteo Donati,D Wu v Donati,20,2016-01-28 08:45:42.241,1.76,2016-01-28 20:00:00,
1.122765141,8285864,Matteo Donati,D Wu v Donati,30,2016-01-28 09:01:32.962,1.63,2016-01-28 20:00:00,
1.122765141,8285864,Matteo Donati,D Wu v Donati,40,2016-01-28 12:04:08.880,1.69,2016-01-28 20:00:00,
1.122765141,8285864,Matteo Donati,D Wu v Donati,50,2016-01-28 14:21:22.231,1.72,2016-01-28 20:00:00,
1.122765141,8285864,Matteo Donati,D Wu v Donati,60,2016-01-28 14:53:43.131,1.72,2016-01-28 20:00:00,
1.122765141,8285864,Matteo Donati,D Wu v Donati,70,2016-01-28 19:14:43.857,1.59,2016-01-28 20:00:00,
1.122765141,8285864,Matteo Donati,D Wu v Donati,80,2016-01-28 19:47:37.976,1.66,2016-01-28 20:00:00,
1.122765141,8285864,Matteo Donati,D Wu v Donati,90,2016-01-28 19:55:06.805,1.68,2016-01-28 20:00:00,
1.122765141,8285864,Matteo Donati,D Wu v Donati,100,2016-01-28 20:41:44.363,1.71,2016-01-28 20:42:00,2016-01-28 20:40:44.869
1.122765186,6390243,Ysaline Bonaventure,Jacqueline Cako v Ysaline Bonaventure,0,2016-01-27 18:20:31.125,1.32,2016-01-27 20:30:00,
1.122765186,6390243,Ysaline Bonaventure,Jacqueline Cako v Ysaline Bonaventure,10,2016-01-27 20:11:46.717,1.25,2016-01-27 20:40:00,
1.122765186,6390243,Ysaline Bonaventure,Jacqueline Cako v Ysaline Bonaventure,20,2016-01-27 20:45:59.232,1.21,2016-01-27 20:50:00,
1.122765186,6390243,Ysaline Bonaventure,Jacqueline Cako v Ysaline Bonaventure,30,2016-01-27 21:02:54.800,1.25,2016-01-27 21:10:00,
1.122765186,6390243,Ysaline Bonaventure,Jacqueline Cako v Ysaline Bonaventure,40,2016-01-27 21:39:01.563,1.29,2016-01-27 21:50:00,
1.122765186,6390243,Ysaline Bonaventure,Jacqueline Cako v Ysaline Bonaventure,50,2016-01-27 22:17:16.713,1.22,2016-01-27 22:30:00,
1.122765186,6390243,Ysaline Bonaventure,Jacqueline Cako v Ysaline Bonaventure,60,2016-01-27 22:18:15.027,1.18,2016-01-27 22:30:00,
1.122765186,6390243,Ysaline Bonaventure,Jacqueline Cako v Ysaline Bonaventure,70,2016-01-27 22:20:14.026,1.27,2016-01-27 22:30:00,
1.122765186,6390243,Ysaline Bonaventure,Jacqueline Cako v Ysaline Bonaventure,80,2016-01-27 22:31:13.743,1.17,2016-01-27 22:40:00,
1.122765186,6390243,Ysaline Bonaventure,Jacqueline Cako v Ysaline Bonaventure,90,2016-01-27 22:33:15.090,1.18,2016-01-27 22:40:00,
1.122765186,6390243,Ysaline Bonaventure,Jacqueline Cako v Ysaline Bonaventure,100,2016-01-27 22:43:16.411,1.14,2016-01-27 22:45:00,2016-01-27 22:40:51.073
1.122765258,2311979,Anna Tatishvili,Anna Tatishvili v Sofia Kenin,0,2016-01-27 10:10:12.359,1.32,2016-01-27 14:30:00,
1.122765258,2311979,Anna Tatishvili,Anna Tatishvili v Sofia Kenin,10,2016-01-27 13:32:13.886,1.48,2016-01-27 14:30:00,
1.122765258,2311979,Anna Tatishvili,Anna Tatishvili v Sofia Kenin,20,2016-01-27 15:10:09.463,1.44,2016-01-27 17:30:00,2016-01-27 14:31:18.348
1.122765258,2311979,Anna Tatishvili,Anna Tatishvili v Sofia Kenin,30,2016-01-27 18:46:49.628,1.33,2016-01-27 19:30:00,2016-01-27 14:31:18.348
1.122765258,2311979,Anna Tatishvili,Anna Tatishvili v Sofia Kenin,40,2016-01-28 10:02:13.127,1.53,2016-01-28 14:00:00,2016-01-27 14:31:18.348
1.122765258,2311979,Anna Tatishvili,Anna Tatishvili v Sofia Kenin,50,2016-01-28 13:44:39.691,1.56,2016-01-28 14:00:00,2016-01-27 14:31:18.348
1.122765258,2311979,Anna Tatishvili,Anna Tatishvili v Sofia Kenin,60,2016-01-28 15:02:09.094,1.38,2016-01-28 17:00:00,2016-01-27 14:31:18.348
1.122765258,2311979,Anna Tatishvili,Anna Tatishvili v Sofia Kenin,70,2016-01-28 15:38:09.171,1.4,2016-01-28 17:00:00,2016-01-27 14:31:18.348
1.122765258,2311979,Anna Tatishvili,Anna Tatishvili v Sofia Kenin,80,2016-01-28 16:54:50.500,1.46,2016-01-28 20:00:00,2016-01-27 14:31:18.348
1.122765258,2311979,Anna Tatishvili,Anna Tatishvili v Sofia Kenin,90,2016-01-29 09:25:19.061,1.77,2016-01-29 14:00:00,2016-01-27 14:31:18.348
1.122765258,2311979,Anna Tatishvili,Anna Tatishvili v Sofia Kenin,100,2016-01-29 13:54:09.435,2.0,2016-01-29 14:00:00,2016-01-27 14:31:18.348
1.122765258,9149629,Sofia Kenin,Anna Tatishvili v Sofia Kenin,0,2016-01-27 13:04:24.757,3.45,2016-01-27 14:30:00,
1.122765258,9149629,Sofia Kenin,Anna Tatishvili v Sofia Kenin,10,2016-01-27 13:32:13.886,3.0,2016-01-27 14:30:00,
1.122765258,9149629,Sofia Kenin,Anna Tatishvili v Sofia Kenin,20,2016-01-27 14:57:58.068,5.7,2016-01-27 17:30:00,2016-01-27 14:31:18.348
1.122765258,9149629,Sofia Kenin,Anna Tatishvili v Sofia Kenin,30,2016-01-27 15:11:35.043,3.2,2016-01-27 17:30:00,2016-01-27 14:31:18.348
1.122765258,9149629,Sofia Kenin,Anna Tatishvili v Sofia Kenin,40,2016-01-27 20:36:14.618,3.2,2016-01-28 14:00:00,2016-01-27 14:31:18.348
1.122765258,9149629,Sofia Kenin,Anna Tatishvili v Sofia Kenin,50,2016-01-28 11:00:31.417,2.78,2016-01-28 14:00:00,2016-01-27 14:31:18.348
1.122765258,9149629,Sofia Kenin,Anna Tatishvili v Sofia Kenin,60,2016-01-28 13:28:09.393,2.66,2016-01-28 14:00:00,2016-01-27 14:31:18.348
1.122765258,9149629,Sofia Kenin,Anna Tatishvili v Sofia Kenin,70,2016-01-28 13:45:32.606,2.8,2016-01-28 14:00:00,2016-01-27 14:31:18.348
1.122765258,9149629,Sofia Kenin,Anna Tatishvili v Sofia Kenin,80,2016-01-28 16:48:55.212,2.66,2016-01-28 20:00:00,2016-01-27 14:31:18.348
1.122765258,9149629,Sofia Kenin,Anna Tatishvili v Sofia Kenin,90,2016-01-29 11:10:55.699,2.5,2016-01-29 14:00:00,2016-01-27 14:31:18.348
1.122765258,9149629,Sofia Kenin,Anna Tatishvili v Sofia Kenin,100,2016-01-29 13:54:09.435,2.0,2016-01-29 14:00:00,2016-01-27 14:31:18.348
1.122765268,2969619,Olga Puchkova,Olga Puchkova v Riko Sawayanagi,0,2016-01-27 13:06:27.690,2.44,2016-01-27 16:00:00,
1.122765268,2969619,Olga Puchkova,Olga Puchkova v Riko Sawayanagi,10,2016-01-27 13:45:00.785,2.28,2016-01-27 16:00:00,
1.122765268,2969619,Olga Puchkova,Olga Puchkova v Riko Sawayanagi,20,2016-01-27 16:27:14.767,1.66,2016-01-27 20:00:00,
1.122765268,2969619,Olga Puchkova,Olga Puchkova v Riko Sawayanagi,30,2016-01-28 10:01:15.887,1.92,2016-01-28 16:30:00,
1.122765268,2969619,Olga Puchkova,Olga Puchkova v Riko Sawayanagi,40,2016-01-28 15:57:31.152,1.9,2016-01-28 18:30:00,
1.122765268,2969619,Olga Puchkova,Olga Puchkova v Riko Sawayanagi,50,2016-01-28 21:47:47.077,2.0,2016-01-29 15:30:00,
1.122765268,2969619,Olga Puchkova,Olga Puchkova v Riko Sawayanagi,60,2016-01-29 04:56:15.786,1.9,2016-01-29 15:30:00,
1.122765268,2969619,Olga Puchkova,Olga Puchkova v Riko Sawayanagi,70,2016-01-29 15:35:17.210,1.84,2016-01-29 15:40:00,
1.122765268,2969619,Olga Puchkova,Olga Puchkova v Riko Sawayanagi,80,2016-01-29 15:37:19.446,1.83,2016-01-29 15:50:00,
1.122765268,2969619,Olga Puchkova,Olga Puchkova v Riko Sawayanagi,90,2016-01-29 15:38:52.605,1.91,2016-01-29 15:50:00,
1.122765268,2969619,Olga Puchkova,Olga Puchkova v Riko Sawayanagi,100,2016-01-29 16:23:32.548,1.73,2016-01-29 16:30:00,
1.122765277,8443235,Dea Herdzelas,Sofia Sewing v Dea Herdzelas,0,2016-01-27 13:19:02.644,1.28,2016-01-27 16:00:00,
1.122765277,8443235,Dea Herdzelas,Sofia Sewing v Dea Herdzelas,10,2016-01-28 14:54:59.521,1.24,2016-01-28 18:30:00,
1.122765277,8443235,Dea Herdzelas,Sofia Sewing v Dea Herdzelas,20,2016-01-28 16:00:50.429,1.16,2016-01-28 18:30:00,
1.122765277,8443235,Dea Herdzelas,Sofia Sewing v Dea Herdzelas,30,2016-01-29 00:41:03.635,1.21,2016-01-29 15:30:00,
1.122765277,8443235,Dea Herdzelas,Sofia Sewing v Dea Herdzelas,40,2016-01-29 01:29:05.789,1.22,2016-01-29 15:30:00,
1.122765277,8443235,Dea Herdzelas,Sofia Sewing v Dea Herdzelas,50,2016-01-29 01:46:03.316,1.23,2016-01-29 15:30:00,
1.122765277,8443235,Dea Herdzelas,Sofia Sewing v Dea Herdzelas,60,2016-01-29 11:46:56.176,1.22,2016-01-29 15:30:00,
1.122765277,8443235,Dea Herdzelas,Sofia Sewing v Dea Herdzelas,70,2016-01-29 12:53:03.095,1.21,2016-01-29 15:30:00,
1.122765277,8443235,Dea Herdzelas,Sofia Sewing v Dea Herdzelas,80,2016-01-29 13:24:03.917,1.23,2016-01-29 15:30:00,
1.122765277,8443235,Dea Herdzelas,Sofia Sewing v Dea Herdzelas,90,2016-01-29 13:25:05.258,1.24,2016-01-29 15:30:00,
1.122765277,8443235,Dea Herdzelas,Sofia Sewing v Dea Herdzelas,100,2016-01-29 14:12:05.584,1.33,2016-01-29 15:40:00,
1.122772462,7430580,Victor Estrella Burgos,Estrella Burgos v Hernandez-Fernandez,0,2016-01-28 11:46:57.746,1.37,2016-01-28 19:00:00,
1.122772462,7430580,Victor Estrella Burgos,Estrella Burgos v Hernandez-Fernandez,10,2016-01-28 14:50:01.595,1.51,2016-01-28 19:00:00,
1.122772462,7430580,Victor Estrella Burgos,Estrella Burgos v Hernandez-Fernandez,20,2016-01-28 17:05:57.524,1.51,2016-01-28 19:00:00,
1.122772462,7430580,Victor Estrella Burgos,Estrella Burgos v Hernandez-Fernandez,30,2016-01-28 18:18:55.866,1.48,2016-01-28 19:00:00,
1.122772462,7430580,Victor Estrella Burgos,Estrella Burgos v Hernandez-Fernandez,40,2016-01-28 18:21:38.764,1.55,2016-01-28 19:00:00,
1.122772462,7430580,Victor Estrella Burgos,Estrella Burgos v Hernandez-Fernandez,50,2016-01-28 18:27:51.493,1.58,2016-01-28 19:00:00,
1.122772462,7430580,Victor Estrella Burgos,Estrella Burgos v Hernandez-Fernandez,60,2016-01-28 18:29:50.166,1.6,2016-01-28 19:00:00,
1.122772462,7430580,Victor Estrella Burgos,Estrella Burgos v Hernandez-Fernandez,70,2016-01-28 18:31:58.297,1.53,2016-01-28 19:00:00,
1.122772462,7430580,Victor Estrella Burgos,Estrella Burgos v Hernandez-Fernandez,80,2016-01-28 18:45:53.084,1.5,2016-01-28 19:00:00,
1.122772462,7430580,Victor Estrella Burgos,Estrella Burgos v Hernandez-Fernandez,90,2016-01-28 18:55:17.900,1.43,2016-01-28 19:00:00,
1.122772462,7430580,Victor Estrella Burgos,Estrella Burgos v Hernandez-Fernandez,100,2016-01-28 20:22:55.058,1.45,2016-01-28 20:23:00,2016-01-28 20:21:57.787
1.122772462,9420497,Jose Hernandez-Fernande,Estrella Burgos v Hernandez-Fernandez,0,2016-01-28 09:58:55.180,2.98,2016-01-28 19:00:00,
1.122772462,9420497,Jose Hernandez-Fernande,Estrella Burgos v Hernandez-Fernandez,10,2016-01-28 17:07:53.843,2.98,2016-01-28 19:00:00,
1.122772462,9420497,Jose Hernandez-Fernande,Estrella Burgos v Hernandez-Fernandez,20,2016-01-28 18:18:55.866,2.84,2016-01-28 19:00:00,
1.122772462,9420497,Jose Hernandez-Fernande,Estrella Burgos v Hernandez-Fernandez,30,2016-01-28 18:20:54.725,2.88,2016-01-28 19:00:00,
1.122772462,9420497,Jose Hernandez-Fernande,Estrella Burgos v Hernandez-Fernandez,40,2016-01-28 18:27:51.493,2.74,2016-01-28 19:00:00,
1.122772462,9420497,Jose Hernandez-Fernande,Estrella Burgos v Hernandez-Fernandez,50,2016-01-28 18:29:50.166,2.9,2016-01-28 19:00:00,
1.122772462,9420497,Jose Hernandez-Fernande,Estrella Burgos v Hernandez-Fernandez,60,2016-01-28 18:31:58.297,2.9,2016-01-28 19:00:00,
1.122772462,9420497,Jose Hernandez-Fernande,Estrella Burgos v Hernandez-Fernandez,70,2016-01-28 18:35:26.693,2.92,2016-01-28 19:00:00,
1.122772462,9420497,Jose Hernandez-Fernande,Estrella Burgos v Hernandez-Fernandez,80,2016-01-28 18:37:58.265,2.88,2016-01-28 19:00:00,
1.122772462,9420497,Jose Hernandez-Fernande,Estrella Burgos v Hernandez-Fernandez,90,2016-01-28 18:45:53.084,3.0,2016-01-28 19:00:00,
1.122772462,9420497,Jose Hernandez-Fernande,Estrella Burgos v Hernandez-Fernandez,100,2016-01-28 20:22:55.058,3.15,2016-01-28 20:23:00,2016-01-28 20:21:57.787
1.12277547,4876705,Gerald Melzer,G Melzer v Podlipnik-Castillo,0,2016-01-28 07:12:11.445,1.48,2016-01-28 16:00:00,
1.12277547,4876705,Gerald Melzer,G Melzer v Podlipnik-Castillo,10,2016-01-28 10:10:05.056,1.47,2016-01-28 16:00:00,
1.12277547,4876705,Gerald Melzer,G Melzer v Podlipnik-Castillo,20,2016-01-28 11:17:35.718,1.44,2016-01-28 16:00:00,
1.12277547,4876705,Gerald Melzer,G Melzer v Podlipnik-Castillo,30,2016-01-28 13:21:55.870,1.52,2016-01-28 16:00:00,
1.12277547,4876705,Gerald Melzer,G Melzer v Podlipnik-Castillo,40,2016-01-28 14:14:20.486,1.61,2016-01-28 16:00:00,
1.12277547,4876705,Gerald Melzer,G Melzer v Podlipnik-Castillo,50,2016-01-28 14:47:09.892,1.61,2016-01-28 16:00:00,
1.12277547,4876705,Gerald Melzer,G Melzer v Podlipnik-Castillo,60,2016-01-28 15:05:44.012,1.61,2016-01-28 16:00:00,
1.12277547,4876705,Gerald Melzer,G Melzer v Podlipnik-Castillo,70,2016-01-28 15:45:29.337,1.56,2016-01-28 16:00:00,
1.12277547,4876705,Gerald Melzer,G Melzer v Podlipnik-Castillo,80,2016-01-28 15:51:55.861,1.56,2016-01-28 16:00:00,
1.12277547,4876705,Gerald Melzer,G Melzer v Podlipnik-Castillo,90,2016-01-28 15:59:44.580,1.55,2016-01-28 16:06:00,
1.12277547,4876705,Gerald Melzer,G Melzer v Podlipnik-Castillo,100,2016-01-28 16:05:51.396,1.6,2016-01-28 16:06:00,
1.12277547,8461633,Hans Podlipnik-Castillo,G Melzer v Podlipnik-Castillo,0,2016-01-28 07:12:11.445,3.05,2016-01-28 16:00:00,
1.12277547,8461633,Hans Podlipnik-Castillo,G Melzer v Podlipnik-Castillo,10,2016-01-28 10:10:05.056,3.0,2016-01-28 16:00:00,
1.12277547,8461633,Hans Podlipnik-Castillo,G Melzer v Podlipnik-Castillo,20,2016-01-28 11:53:47.182,3.05,2016-01-28 16:00:00,
1.12277547,8461633,Hans Podlipnik-Castillo,G Melzer v Podlipnik-Castillo,30,2016-01-28 12:08:22.377,3.0,2016-01-28 16:00:00,
1.12277547,8461633,Hans Podlipnik-Castillo,G Melzer v Podlipnik-Castillo,40,2016-01-28 13:34:54.109,2.62,2016-01-28 16:00:00,
1.12277547,8461633,Hans Podlipnik-Castillo,G Melzer v Podlipnik-Castillo,50,2016-01-28 13:42:44.550,2.82,2016-01-28 16:00:00,
1.12277547,8461633,Hans Podlipnik-Castillo,G Melzer v Podlipnik-Castillo,60,2016-01-28 15:05:44.012,2.62,2016-01-28 16:00:00,
1.12277547,8461633,Hans Podlipnik-Castillo,G Melzer v Podlipnik-Castillo,70,2016-01-28 15:42:43.005,2.74,2016-01-28 16:00:00,
1.12277547,8461633,Hans Podlipnik-Castillo,G Melzer v Podlipnik-Castillo,80,2016-01-28 15:55:27.250,2.82,2016-01-28 16:00:00,
1.12277547,8461633,Hans Podlipnik-Castillo,G Melzer v Podlipnik-Castillo,90,2016-01-28 15:56:13.997,2.7,2016-01-28 16:00:00,
1.12277547,8461633,Hans Podlipnik-Castillo,G Melzer v Podlipnik-Castillo,100,2016-01-28 16:04:55.373,2.74,2016-01-28 16:06:00,
1.12277557,8326744,Nicolas Kicker,Samper-Montana v Kicker,0,2016-01-28 08:58:46.587,1.77,2016-01-28 17:45:00,
1.12277557,8326744,Nicolas Kicker,Samper-Montana v Kicker,10,2016-01-28 13:15:29.483,1.76,2016-01-28 17:45:00,
1.12277557,8326744,Nicolas Kicker,Samper-Montana v Kicker,20,2016-01-28 13:33:53.547,1.8,2016-01-28 17:45:00,
1.12277557,8326744,Nicolas Kicker,Samper-Montana v Kicker,30,2016-01-28 14:49:28.152,1.87,2016-01-28 17:45:00,
1.12277557,8326744,Nicolas Kicker,Samper-Montana v Kicker,40,2016-01-28 15:34:22.454,1.77,2016-01-28 17:45:00,
1.12277557,8326744,Nicolas Kicker,Samper-Montana v Kicker,50,2016-01-28 15:55:47.115,1.78,2016-01-28 17:45:00,
1.12277557,8326744,Nicolas Kicker,Samper-Montana v Kicker,60,2016-01-28 16:50:20.825,1.76,2016-01-28 17:45:00,
1.12277557,8326744,Nicolas Kicker,Samper-Montana v Kicker,70,2016-01-28 17:13:36.441,1.78,2016-01-28 17:45:00,
1.12277557,8326744,Nicolas Kicker,Samper-Montana v Kicker,80,2016-01-28 17:33:09.029,1.76,2016-01-28 17:45:00,
1.12277557,8326744,Nicolas Kicker,Samper-Montana v Kicker,90,2016-01-28 17:40:18.235,1.79,2016-01-28 17:45:00,
1.12277557,8326744,Nicolas Kicker,Samper-Montana v Kicker,100,2016-01-28 17:56:01.708,1.72,2016-01-28 18:00:00,
1.122775654,3506037,Horacio Zeballos,H Zeballos v F Arguello,0,2016-01-28 13:34:52.930,1.7,2016-01-28 16:00:00,
1.122775654,3506037,Horacio Zeballos,H Zeballos v F Arguello,10,2016-01-28 14:16:38.570,1.73,2016-01-28 16:00:00,
1.122775654,3506037,Horacio Zeballos,H Zeballos v F Arguello,20,2016-01-28 14:47:52.522,1.79,2016-01-28 16:00:00,
1.122775654,3506037,Horacio Zeballos,H Zeballos v F Arguello,30,2016-01-28 14:48:53.020,1.84,2016-01-28 16:00:00,
1.122775654,3506037,Horacio Zeballos,H Zeballos v F Arguello,40,2016-01-28 15:45:43.403,1.82,2016-01-28 16:00:00,
1.122775654,3506037,Horacio Zeballos,H Zeballos v F Arguello,50,2016-01-28 15:47:45.548,1.78,2016-01-28 16:00:00,
1.122775654,3506037,Horacio Zeballos,H Zeballos v F Arguello,60,2016-01-28 15:48:48.838,1.7,2016-01-28 16:00:00,
1.122775654,3506037,Horacio Zeballos,H Zeballos v F Arguello,70,2016-01-28 15:57:52.658,1.73,2016-01-28 16:00:00,
1.122775654,3506037,Horacio Zeballos,H Zeballos v F Arguello,80,2016-01-28 16:00:46.099,1.81,2016-01-28 16:07:00,
1.122775654,3506037,Horacio Zeballos,H Zeballos v F Arguello,90,2016-01-28 16:04:30.681,1.74,2016-01-28 16:07:00,
1.122775654,3506037,Horacio Zeballos,H Zeballos v F Arguello,100,2016-01-28 16:06:45.196,1.75,2016-01-28 16:07:00,
1.122775668,7234512,Niels Desein,Niels Desein v Tom Schonenberg,0,2016-01-28 04:39:03.448,1.21,2016-01-28 12:00:00,
1.122775668,7234512,Niels Desein,Niels Desein v Tom Schonenberg,10,2016-01-28 09:52:18.422,1.43,2016-01-28 12:00:00,
1.122775668,7234512,Niels Desein,Niels Desein v Tom Schonenberg,20,2016-01-28 11:04:43.400,1.29,2016-01-28 12:00:00,
1.122775668,7234512,Niels Desein,Niels Desein v Tom Schonenberg,30,2016-01-28 11:07:43.222,1.45,2016-01-28 12:00:00,
1.122775668,7234512,Niels Desein,Niels Desein v Tom Schonenberg,40,2016-01-28 11:08:40.511,1.48,2016-01-28 12:00:00,
1.122775668,7234512,Niels Desein,Niels Desein v Tom Schonenberg,50,2016-01-28 11:16:46.941,1.32,2016-01-28 12:00:00,
1.122775668,7234512,Niels Desein,Niels Desein v Tom Schonenberg,60,2016-01-28 11:26:11.523,1.4,2016-01-28 12:00:00,
1.122775668,7234512,Niels Desein,Niels Desein v Tom Schonenberg,70,2016-01-28 11:34:45.776,1.44,2016-01-28 12:00:00,
1.122775668,7234512,Niels Desein,Niels Desein v Tom Schonenberg,80,2016-01-28 11:50:33.648,1.42,2016-01-28 12:00:00,
1.122775668,7234512,Niels Desein,Niels Desein v Tom Schonenberg,90,2016-01-28 11:53:24.963,1.43,2016-01-28 12:00:00,
1.122775668,7234512,Niels Desein,Niels Desein v Tom Schonenberg,100,2016-01-28 11:58:43.236,1.45,2016-01-28 12:00:00,
1.122775901,2387871,Sorana Cirstea,Victoria Bosio v Sorana Cirstea,0,2016-01-28 09:55:58.692,1.35,2016-01-28 14:30:00,
1.122775901,2387871,Sorana Cirstea,Victoria Bosio v Sorana Cirstea,10,2016-01-28 10:36:48.819,1.32,2016-01-28 14:30:00,
1.122775901,2387871,Sorana Cirstea,Victoria Bosio v Sorana Cirstea,20,2016-01-28 12:59:03.832,1.28,2016-01-28 14:30:00,
1.122775901,2387871,Sorana Cirstea,Victoria Bosio v Sorana Cirstea,30,2016-01-28 13:03:16.175,1.27,2016-01-28 14:30:00,
1.122775901,2387871,Sorana Cirstea,Victoria Bosio v Sorana Cirstea,40,2016-01-28 13:49:50.589,1.26,2016-01-28 15:05:00,
1.122775901,2387871,Sorana Cirstea,Victoria Bosio v Sorana Cirstea,50,2016-01-28 14:07:53.241,1.27,2016-01-28 15:05:00,
1.122775901,2387871,Sorana Cirstea,Victoria Bosio v Sorana Cirstea,60,2016-01-28 14:16:19.644,1.26,2016-01-28 15:05:00,
1.122775901,2387871,Sorana Cirstea,Victoria Bosio v Sorana Cirstea,70,2016-01-28 14:25:05.983,1.24,2016-01-28 15:05:00,
1.122775901,2387871,Sorana Cirstea,Victoria Bosio v Sorana Cirstea,80,2016-01-28 14:30:16.984,1.25,2016-01-28 15:05:00,
1.122775901,2387871,Sorana Cirstea,Victoria Bosio v Sorana Cirstea,90,2016-01-28 14:56:10.454,1.26,2016-01-28 15:05:00,
1.122775901,2387871,Sorana Cirstea,Victoria Bosio v Sorana Cirstea,100,2016-01-28 15:03:56.933,1.22,2016-01-28 15:05:00,2016-01-28 15:00:16.945
1.122775988,2451050,Arantxa Rus,Oceane Dodin v Arantxa Rus,0,2016-01-28 10:16:29.657,3.35,2016-01-28 16:00:00,
1.122775988,2451050,Arantxa Rus,Oceane Dodin v Arantxa Rus,10,2016-01-28 13:20:31.879,2.98,2016-01-28 17:15:00,
1.122775988,2451050,Arantxa Rus,Oceane Dodin v Arantxa Rus,20,2016-01-28 13:21:01.954,2.9,2016-01-28 17:15:00,
1.122775988,2451050,Arantxa Rus,Oceane Dodin v Arantxa Rus,30,2016-01-28 14:00:15.378,2.94,2016-01-28 17:15:00,
1.122775988,2451050,Arantxa Rus,Oceane Dodin v Arantxa Rus,40,2016-01-28 14:17:07.190,2.58,2016-01-28 17:25:00,
1.122775988,2451050,Arantxa Rus,Oceane Dodin v Arantxa Rus,50,2016-01-28 16:01:34.712,2.58,2016-01-28 18:00:00,
1.122775988,2451050,Arantxa Rus,Oceane Dodin v Arantxa Rus,60,2016-01-28 16:08:00.219,2.56,2016-01-28 18:00:00,
1.122775988,2451050,Arantxa Rus,Oceane Dodin v Arantxa Rus,70,2016-01-28 16:40:29.221,2.58,2016-01-28 18:15:00,
1.122775988,2451050,Arantxa Rus,Oceane Dodin v Arantxa Rus,80,2016-01-28 16:56:37.259,2.58,2016-01-28 18:15:00,
1.122775988,2451050,Arantxa Rus,Oceane Dodin v Arantxa Rus,90,2016-01-28 17:02:23.802,2.56,2016-01-28 18:15:00,
1.122775988,2451050,Arantxa Rus,Oceane Dodin v Arantxa Rus,100,2016-01-28 18:10:25.826,2.76,2016-01-28 18:15:00,
1.122775988,7289631,Oceane Dodin,Oceane Dodin v Arantxa Rus,0,2016-01-28 09:18:08.013,1.41,2016-01-28 16:00:00,
1.122775988,7289631,Oceane Dodin,Oceane Dodin v Arantxa Rus,10,2016-01-28 10:16:29.657,1.42,2016-01-28 16:00:00,
1.122775988,7289631,Oceane Dodin,Oceane Dodin v Arantxa Rus,20,2016-01-28 11:46:00.662,1.43,2016-01-28 16:20:00,
1.122775988,7289631,Oceane Dodin,Oceane Dodin v Arantxa Rus,30,2016-01-28 12:59:29.907,1.44,2016-01-28 17:15:00,
1.122775988,7289631,Oceane Dodin,Oceane Dodin v Arantxa Rus,40,2016-01-28 13:20:31.879,1.5,2016-01-28 17:15:00,
1.122775988,7289631,Oceane Dodin,Oceane Dodin v Arantxa Rus,50,2016-01-28 13:34:20.702,1.55,2016-01-28 17:15:00,
1.122775988,7289631,Oceane Dodin,Oceane Dodin v Arantxa Rus,60,2016-01-28 14:00:15.378,1.51,2016-01-28 17:15:00,
1.122775988,7289631,Oceane Dodin,Oceane Dodin v Arantxa Rus,70,2016-01-28 14:17:07.190,1.64,2016-01-28 17:25:00,
1.122775988,7289631,Oceane Dodin,Oceane Dodin v Arantxa Rus,80,2016-01-28 15:51:24.793,1.55,2016-01-28 18:00:00,
1.122775988,7289631,Oceane Dodin,Oceane Dodin v Arantxa Rus,90,2016-01-28 15:56:55.424,1.52,2016-01-28 18:00:00,
1.122775988,7289631,Oceane Dodin,Oceane Dodin v Arantxa Rus,100,2016-01-28 18:12:34.452,1.53,2016-01-28 18:15:00,
1.122775991,7283251,Myrtille Georges,Myrtille Georges v Anna Blinkova,0,2016-01-28 08:28:33.155,2.0,2016-01-28 11:00:00,
1.122775991,7283251,Myrtille Georges,Myrtille Georges v Anna Blinkova,10,2016-01-28 10:58:38.217,2.42,2016-01-28 11:10:00,
1.122775991,7283251,Myrtille Georges,Myrtille Georges v Anna Blinkova,20,2016-01-28 11:00:25.519,2.14,2016-01-28 11:10:00,
1.122775991,7283251,Myrtille Georges,Myrtille Georges v Anna Blinkova,30,2016-01-28 11:04:27.380,2.12,2016-01-28 11:10:00,
1.122775991,7283251,Myrtille Georges,Myrtille Georges v Anna Blinkova,40,2016-01-28 11:16:38.487,2.1,2016-01-28 11:20:00,
1.122775991,7283251,Myrtille Georges,Myrtille Georges v Anna Blinkova,50,2016-01-28 11:27:19.386,2.32,2016-01-28 11:30:00,
1.122775991,7283251,Myrtille Georges,Myrtille Georges v Anna Blinkova,60,2016-01-28 11:29:29.399,2.12,2016-01-28 11:40:00,
1.122775991,7283251,Myrtille Georges,Myrtille Georges v Anna Blinkova,70,2016-01-28 12:34:32.657,2.1,2016-01-28 12:40:00,
1.122775991,7283251,Myrtille Georges,Myrtille Georges v Anna Blinkova,80,2016-01-28 12:35:35.804,2.08,2016-01-28 12:40:00,
1.122775991,7283251,Myrtille Georges,Myrtille Georges v Anna Blinkova,90,2016-01-28 12:41:32.447,2.02,2016-01-28 12:50:00,
1.122775991,7283251,Myrtille Georges,Myrtille Georges v Anna Blinkova,100,2016-01-28 12:44:25.953,2.0,2016-01-28 12:50:00,2016-01-28 12:41:50.361
1.122775999,10759726,An Sophie Mestach,AN Sophie Mestach v Polina Leykina,0,2016-01-28 08:23:01.971,1.58,2016-01-28 12:30:00,
1.122775999,10759726,An Sophie Mestach,AN Sophie Mestach v Polina Leykina,10,2016-01-28 10:00:30.826,1.52,2016-01-28 12:30:00,
1.122775999,10759726,An Sophie Mestach,AN Sophie Mestach v Polina Leykina,20,2016-01-28 11:03:16.064,1.51,2016-01-28 12:30:00,
1.122775999,10759726,An Sophie Mestach,AN Sophie Mestach v Polina Leykina,30,2016-01-28 11:05:30.256,1.46,2016-01-28 12:30:00,
1.122775999,10759726,An Sophie Mestach,AN Sophie Mestach v Polina Leykina,40,2016-01-28 11:34:39.477,1.45,2016-01-28 12:30:00,
1.122775999,10759726,An Sophie Mestach,AN Sophie Mestach v Polina Leykina,50,2016-01-28 11:45:50.021,1.56,2016-01-28 12:30:00,
1.122775999,10759726,An Sophie Mestach,AN Sophie Mestach v Polina Leykina,60,2016-01-28 11:54:33.565,1.45,2016-01-28 12:30:00,
1.122775999,10759726,An Sophie Mestach,AN Sophie Mestach v Polina Leykina,70,2016-01-28 12:07:18.565,1.53,2016-01-28 12:30:00,
1.122775999,10759726,An Sophie Mestach,AN Sophie Mestach v Polina Leykina,80,2016-01-28 12:09:23.923,1.49,2016-01-28 12:30:00,
1.122775999,10759726,An Sophie Mestach,AN Sophie Mestach v Polina Leykina,90,2016-01-28 12:12:39.442,1.52,2016-01-28 12:30:00,
1.122775999,10759726,An Sophie Mestach,AN Sophie Mestach v Polina Leykina,100,2016-01-28 12:29:36.235,1.51,2016-01-28 12:35:00,2016-01-28 12:29:36.235
1.122776069,8461316,Pedro Cachin,Bourgue v Cachin,0,2016-01-28 07:41:55.400,1.72,2016-01-28 16:00:00,
1.122776069,8461316,Pedro Cachin,Bourgue v Cachin,10,2016-01-28 09:05:41.239,1.72,2016-01-28 16:00:00,
1.122776069,8461316,Pedro Cachin,Bourgue v Cachin,20,2016-01-28 12:24:42.976,1.74,2016-01-28 16:00:00,
1.122776069,8461316,Pedro Cachin,Bourgue v Cachin,30,2016-01-28 13:20:38.526,1.72,2016-01-28 16:00:00,
1.122776069,8461316,Pedro Cachin,Bourgue v Cachin,40,2016-01-28 14:47:55.867,1.73,2016-01-28 16:00:00,
1.122776069,8461316,Pedro Cachin,Bourgue v Cachin,50,2016-01-28 15:36:28.730,1.62,2016-01-28 16:00:00,
1.122776069,8461316,Pedro Cachin,Bourgue v Cachin,60,2016-01-28 15:48:41.193,1.66,2016-01-28 16:00:00,
1.122776069,8461316,Pedro Cachin,Bourgue v Cachin,70,2016-01-28 15:52:58.031,1.64,2016-01-28 16:00:00,
1.122776069,8461316,Pedro Cachin,Bourgue v Cachin,80,2016-01-28 15:59:45.387,1.6,2016-01-28 16:00:00,
1.122776069,8461316,Pedro Cachin,Bourgue v Cachin,90,2016-01-28 16:03:54.783,1.64,2016-01-28 16:09:00,
1.122776069,8461316,Pedro Cachin,Bourgue v Cachin,100,2016-01-28 16:06:13.270,1.59,2016-01-28 16:09:00,
1.122776077,2923174,Gastao Elias,G Elias v Clezar,0,2016-01-28 11:40:53.306,1.83,2016-01-28 17:45:00,
1.122776077,2923174,Gastao Elias,G Elias v Clezar,10,2016-01-28 11:42:45.812,1.8,2016-01-28 17:45:00,
1.122776077,2923174,Gastao Elias,G Elias v Clezar,20,2016-01-28 14:03:46.405,1.83,2016-01-28 17:45:00,
1.122776077,2923174,Gastao Elias,G Elias v Clezar,30,2016-01-28 14:48:49.940,1.86,2016-01-28 17:45:00,
1.122776077,2923174,Gastao Elias,G Elias v Clezar,40,2016-01-28 15:27:48.946,1.66,2016-01-28 17:45:00,
1.122776077,2923174,Gastao Elias,G Elias v Clezar,50,2016-01-28 15:54:36.218,1.63,2016-01-28 17:45:00,
1.122776077,2923174,Gastao Elias,G Elias v Clezar,60,2016-01-28 16:52:35.475,1.64,2016-01-28 17:45:00,
1.122776077,2923174,Gastao Elias,G Elias v Clezar,70,2016-01-28 17:32:53.273,1.64,2016-01-28 17:45:00,
1.122776077,2923174,Gastao Elias,G Elias v Clezar,80,2016-01-28 17:38:32.860,1.62,2016-01-28 17:45:00,
1.122776077,2923174,Gastao Elias,G Elias v Clezar,90,2016-01-28 17:40:18.334,1.62,2016-01-28 17:45:00,
1.122776077,2923174,Gastao Elias,G Elias v Clezar,100,2016-01-28 18:45:47.449,1.63,2016-01-28 18:47:00,
1.122776077,5304142,Guilherme Clezar,G Elias v Clezar,0,2016-01-28 14:57:10.654,2.26,2016-01-28 17:45:00,
1.122776077,5304142,Guilherme Clezar,G Elias v Clezar,10,2016-01-28 15:44:22.359,2.4,2016-01-28 17:45:00,
1.122776077,5304142,Guilherme Clezar,G Elias v Clezar,20,2016-01-28 16:47:38.651,2.42,2016-01-28 17:45:00,
1.122776077,5304142,Guilherme Clezar,G Elias v Clezar,30,2016-01-28 16:50:39.386,2.5,2016-01-28 17:45:00,
1.122776077,5304142,Guilherme Clezar,G Elias v Clezar,40,2016-01-28 17:11:23.839,2.54,2016-01-28 17:45:00,
1.122776077,5304142,Guilherme Clezar,G Elias v Clezar,50,2016-01-28 17:28:33.078,2.5,2016-01-28 17:45:00,
1.122776077,5304142,Guilherme Clezar,G Elias v Clezar,60,2016-01-28 17:32:53.273,2.54,2016-01-28 17:45:00,
1.122776077,5304142,Guilherme Clezar,G Elias v Clezar,70,2016-01-28 17:33:52.181,2.5,2016-01-28 17:45:00,
1.122776077,5304142,Guilherme Clezar,G Elias v Clezar,80,2016-01-28 17:38:32.860,2.62,2016-01-28 17:45:00,
1.122776077,5304142,Guilherme Clezar,G Elias v Clezar,90,2016-01-28 17:43:34.583,2.64,2016-01-28 17:45:00,
1.122776077,5304142,Guilherme Clezar,G Elias v Clezar,100,2016-01-28 18:42:48.876,2.46,2016-01-28 18:47:00,
1.122776199,6064287,James Duckworth,Duckworth v Tiafoe,0,2016-01-29 05:23:48.786,1.72,2016-01-29 20:45:00,
1.122776199,6064287,James Duckworth,Duckworth v Tiafoe,10,2016-01-29 12:09:39.461,1.68,2016-01-29 20:45:00,
1.122776199,6064287,James Duckworth,Duckworth v Tiafoe,20,2016-01-29 14:55:26.711,1.72,2016-01-29 20:45:00,
1.122776199,6064287,James Duckworth,Duckworth v Tiafoe,30,2016-01-29 15:43:29.761,1.76,2016-01-29 20:45:00,
1.122776199,6064287,James Duckworth,Duckworth v Tiafoe,40,2016-01-29 17:37:35.580,1.62,2016-01-29 20:45:00,
1.122776199,6064287,James Duckworth,Duckworth v Tiafoe,50,2016-01-29 18:45:43.811,1.76,2016-01-29 20:45:00,
1.122776199,6064287,James Duckworth,Duckworth v Tiafoe,60,2016-01-29 18:48:51.156,1.75,2016-01-29 20:45:00,
1.122776199,6064287,James Duckworth,Duckworth v Tiafoe,70,2016-01-29 19:32:56.042,1.64,2016-01-29 20:45:00,
1.122776199,6064287,James Duckworth,Duckworth v Tiafoe,80,2016-01-29 19:33:54.215,1.73,2016-01-29 20:45:00,
1.122776199,6064287,James Duckworth,Duckworth v Tiafoe,90,2016-01-29 20:43:54.938,1.62,2016-01-29 20:45:00,
1.122776199,6064287,James Duckworth,Duckworth v Tiafoe,100,2016-01-30 05:22:38.048,1.52,2016-01-30 05:24:00,
1.12277622,10756049,Galdos/Martinez,Galdos/Martinez v Dutra Silva/Londero,0,2016-01-28 15:49:53.020,1.5,2016-01-28 19:00:00,
1.12277622,10756049,Galdos/Martinez,Galdos/Martinez v Dutra Silva/Londero,10,2016-01-28 15:52:17.107,1.42,2016-01-28 19:00:00,
1.12277622,10756049,Galdos/Martinez,Galdos/Martinez v Dutra Silva/Londero,20,2016-01-28 16:23:25.521,1.58,2016-01-28 19:00:00,
1.12277622,10756049,Galdos/Martinez,Galdos/Martinez v Dutra Silva/Londero,30,2016-01-28 16:36:21.992,1.4,2016-01-28 19:00:00,
1.12277622,10756049,Galdos/Martinez,Galdos/Martinez v Dutra Silva/Londero,40,2016-01-28 16:45:08.812,1.39,2016-01-28 19:00:00,
1.12277622,10756049,Galdos/Martinez,Galdos/Martinez v Dutra Silva/Londero,50,2016-01-28 16:46:41.524,1.29,2016-01-28 19:00:00,
1.12277622,10756049,Galdos/Martinez,Galdos/Martinez v Dutra Silva/Londero,60,2016-01-28 18:24:41.171,1.3,2016-01-28 19:00:00,
1.12277622,10756049,Galdos/Martinez,Galdos/Martinez v Dutra Silva/Londero,70,2016-01-28 21:11:46.521,1.34,2016-01-28 21:19:00,2016-01-28 21:10:49.955
1.12277622,10756049,Galdos/Martinez,Galdos/Martinez v Dutra Silva/Londero,80,2016-01-28 21:13:52.771,1.54,2016-01-28 21:19:00,2016-01-28 21:10:49.955
1.12277622,10756049,Galdos/Martinez,Galdos/Martinez v Dutra Silva/Londero,90,2016-01-28 21:14:52.855,1.39,2016-01-28 21:19:00,2016-01-28 21:10:49.955
1.12277622,10756049,Galdos/Martinez,Galdos/Martinez v Dutra Silva/Londero,100,2016-01-28 21:18:43.420,1.4,2016-01-28 21:19:00,2016-01-28 21:10:49.955
1.122776243,2345099,Paolo Lorenzi,Andreozzi v P Lorenzi,0,2016-01-28 12:54:28.090,1.48,2016-01-28 18:00:00,
1.122776243,2345099,Paolo Lorenzi,Andreozzi v P Lorenzi,10,2016-01-28 15:56:20.611,1.42,2016-01-28 18:00:00,
1.122776243,2345099,Paolo Lorenzi,Andreozzi v P Lorenzi,20,2016-01-28 16:01:52.264,1.47,2016-01-28 18:00:00,
1.122776243,2345099,Paolo Lorenzi,Andreozzi v P Lorenzi,30,2016-01-28 16:31:54.307,1.42,2016-01-28 18:00:00,
1.122776243,2345099,Paolo Lorenzi,Andreozzi v P Lorenzi,40,2016-01-28 16:55:34.852,1.42,2016-01-28 18:00:00,
1.122776243,2345099,Paolo Lorenzi,Andreozzi v P Lorenzi,50,2016-01-28 17:16:45.034,1.49,2016-01-28 18:00:00,
1.122776243,2345099,Paolo Lorenzi,Andreozzi v P Lorenzi,60,2016-01-28 17:24:00.194,1.49,2016-01-28 18:00:00,
1.122776243,2345099,Paolo Lorenzi,Andreozzi v P Lorenzi,70,2016-01-28 17:47:41.164,1.49,2016-01-28 18:00:00,
1.122776243,2345099,Paolo Lorenzi,Andreozzi v P Lorenzi,80,2016-01-28 17:53:42.560,1.54,2016-01-28 18:00:00,
1.122776243,2345099,Paolo Lorenzi,Andreozzi v P Lorenzi,90,2016-01-28 17:58:10.298,1.59,2016-01-28 18:00:00,
1.122776243,2345099,Paolo Lorenzi,Andreozzi v P Lorenzi,100,2016-01-28 18:48:48.461,1.46,2016-01-28 18:50:00,
1.122776243,6603914,Guido Andreozzi,Andreozzi v P Lorenzi,0,2016-01-28 09:58:13.644,3.1,2016-01-28 18:00:00,
1.122776243,6603914,Guido Andreozzi,Andreozzi v P Lorenzi,10,2016-01-28 14:51:00.188,3.05,2016-01-28 18:00:00,
1.122776243,6603914,Guido Andreozzi,Andreozzi v P Lorenzi,20,2016-01-28 16:22:00.287,3.15,2016-01-28 18:00:00,
1.122776243,6603914,Guido Andreozzi,Andreozzi v P Lorenzi,30,2016-01-28 16:23:49.821,3.0,2016-01-28 18:00:00,
1.122776243,6603914,Guido Andreozzi,Andreozzi v P Lorenzi,40,2016-01-28 16:24:29.766,2.92,2016-01-28 18:00:00,
1.122776243,6603914,Guido Andreozzi,Andreozzi v P Lorenzi,50,2016-01-28 16:46:12.531,3.4,2016-01-28 18:00:00,
1.122776243,6603914,Guido Andreozzi,Andreozzi v P Lorenzi,60,2016-01-28 17:22:57.811,3.1,2016-01-28 18:00:00,
1.122776243,6603914,Guido Andreozzi,Andreozzi v P Lorenzi,70,2016-01-28 17:53:42.560,2.9,2016-01-28 18:00:00,
1.122776243,6603914,Guido Andreozzi,Andreozzi v P Lorenzi,80,2016-01-28 17:55:57.157,2.82,2016-01-28 18:00:00,
1.122776243,6603914,Guido Andreozzi,Andreozzi v P Lorenzi,90,2016-01-28 17:57:57.539,2.74,2016-01-28 18:00:00,
1.122776243,6603914,Guido Andreozzi,Andreozzi v P Lorenzi,100,2016-01-28 18:47:59.937,3.1,2016-01-28 18:50:00,
1.122776381,7593248,Noah Rubin,Escobedo v N Rubin,0,2016-01-28 15:41:03.549,1.63,2016-01-29 22:00:00,
1.122776381,7593248,Noah Rubin,Escobedo v N Rubin,10,2016-01-28 20:15:40.021,1.71,2016-01-29 22:00:00,
1.122776381,7593248,Noah Rubin,Escobedo v N Rubin,20,2016-01-29 05:22:04.603,1.72,2016-01-29 19:00:00,
1.122776381,7593248,Noah Rubin,Escobedo v N Rubin,30,2016-01-29 11:28:04.437,1.63,2016-01-29 19:00:00,
1.122776381,7593248,Noah Rubin,Escobedo v N Rubin,40,2016-01-29 15:40:09.774,1.71,2016-01-29 19:00:00,
1.122776381,7593248,Noah Rubin,Escobedo v N Rubin,50,2016-01-29 17:18:56.846,1.61,2016-01-29 19:00:00,
1.122776381,7593248,Noah Rubin,Escobedo v N Rubin,60,2016-01-29 17:44:11.851,1.69,2016-01-29 19:00:00,
1.122776381,7593248,Noah Rubin,Escobedo v N Rubin,70,2016-01-29 18:14:02.017,1.72,2016-01-29 19:00:00,
1.122776381,7593248,Noah Rubin,Escobedo v N Rubin,80,2016-01-29 18:24:43.604,1.77,2016-01-29 19:00:00,
1.122776381,7593248,Noah Rubin,Escobedo v N Rubin,90,2016-01-29 18:38:10.860,1.82,2016-01-29 19:00:00,
1.122776381,7593248,Noah Rubin,Escobedo v N Rubin,100,2016-01-29 18:59:00.413,1.84,2016-01-29 19:04:00,
1.122776381,8700174,Ernesto Escobedo,Escobedo v N Rubin,0,2016-01-29 05:22:04.603,2.38,2016-01-29 19:00:00,
1.122776381,8700174,Ernesto Escobedo,Escobedo v N Rubin,10,2016-01-29 17:44:11.851,2.48,2016-01-29 19:00:00,
1.122776381,8700174,Ernesto Escobedo,Escobedo v N Rubin,20,2016-01-29 17:46:36.431,2.64,2016-01-29 19:00:00,
1.122776381,8700174,Ernesto Escobedo,Escobedo v N Rubin,30,2016-01-29 17:56:08.594,2.62,2016-01-29 19:00:00,
1.122776381,8700174,Ernesto Escobedo,Escobedo v N Rubin,40,2016-01-29 18:21:00.814,2.22,2016-01-29 19:00:00,
1.122776381,8700174,Ernesto Escobedo,Escobedo v N Rubin,50,2016-01-29 18:24:43.604,2.3,2016-01-29 19:00:00,
1.122776381,8700174,Ernesto Escobedo,Escobedo v N Rubin,60,2016-01-29 18:25:51.816,2.32,2016-01-29 19:00:00,
1.122776381,8700174,Ernesto Escobedo,Escobedo v N Rubin,70,2016-01-29 18:29:11.498,2.16,2016-01-29 19:00:00,
1.122776381,8700174,Ernesto Escobedo,Escobedo v N Rubin,80,2016-01-29 18:36:04.657,2.14,2016-01-29 19:00:00,
1.122776381,8700174,Ernesto Escobedo,Escobedo v N Rubin,90,2016-01-29 18:38:10.860,2.04,2016-01-29 19:00:00,
1.122776381,8700174,Ernesto Escobedo,Escobedo v N Rubin,100,2016-01-29 18:55:06.661,2.2,2016-01-29 19:00:00,
1.122776394,9401820,Raveena Kingsley,Miyu Kato v Raveena Kingsley,0,2016-01-28 09:57:58.283,2.3,2016-01-28 20:30:00,
1.122776394,9401820,Raveena Kingsley,Miyu Kato v Raveena Kingsley,10,2016-01-28 19:16:56.331,2.22,2016-01-28 20:40:00,
1.122776394,9401820,Raveena Kingsley,Miyu Kato v Raveena Kingsley,20,2016-01-28 19:17:58.710,2.1,2016-01-28 20:40:00,
1.122776394,9401820,Raveena Kingsley,Miyu Kato v Raveena Kingsley,30,2016-01-28 19:20:04.313,2.12,2016-01-28 20:40:00,
1.122776394,9401820,Raveena Kingsley,Miyu Kato v Raveena Kingsley,40,2016-01-28 19:30:09.856,2.1,2016-01-28 20:40:00,
1.122776394,9401820,Raveena Kingsley,Miyu Kato v Raveena Kingsley,50,2016-01-28 19:34:06.637,2.04,2016-01-28 20:40:00,
1.122776394,9401820,Raveena Kingsley,Miyu Kato v Raveena Kingsley,60,2016-01-28 19:47:59.418,2.32,2016-01-28 20:40:00,
1.122776394,9401820,Raveena Kingsley,Miyu Kato v Raveena Kingsley,70,2016-01-28 20:40:09.661,2.08,2016-01-28 20:50:00,
1.122776394,9401820,Raveena Kingsley,Miyu Kato v Raveena Kingsley,80,2016-01-28 20:41:10.278,2.04,2016-01-28 20:50:00,
1.122776394,9401820,Raveena Kingsley,Miyu Kato v Raveena Kingsley,90,2016-01-28 20:42:09.914,1.98,2016-01-28 20:50:00,
1.122776394,9401820,Raveena Kingsley,Miyu Kato v Raveena Kingsley,100,2016-01-28 20:46:10.798,1.98,2016-01-28 20:50:00,
1.122805766,4061036,Nastja Kolar,Catalina Pella v Nastja Kolar,0,2016-01-29 08:41:45.792,2.34,2016-01-29 19:00:00,
1.122805766,4061036,Nastja Kolar,Catalina Pella v Nastja Kolar,10,2016-01-30 06:14:48.492,1.65,2016-01-30 12:00:00,2016-01-29 19:01:37.881
1.122805766,4061036,Nastja Kolar,Catalina Pella v Nastja Kolar,20,2016-01-30 08:13:11.141,1.68,2016-01-30 12:00:00,2016-01-29 19:01:37.881
1.122805766,4061036,Nastja Kolar,Catalina Pella v Nastja Kolar,30,2016-01-30 08:22:27.604,1.77,2016-01-30 12:00:00,2016-01-29 19:01:37.881
1.122805766,4061036,Nastja Kolar,Catalina Pella v Nastja Kolar,40,2016-01-30 08:37:58.643,1.89,2016-01-30 12:00:00,2016-01-29 19:01:37.881
1.122805766,4061036,Nastja Kolar,Catalina Pella v Nastja Kolar,50,2016-01-30 09:25:53.241,1.91,2016-01-30 12:00:00,2016-01-29 19:01:37.881
1.122805766,4061036,Nastja Kolar,Catalina Pella v Nastja Kolar,60,2016-01-30 10:02:50.860,1.97,2016-01-30 12:00:00,2016-01-29 19:01:37.881
1.122805766,4061036,Nastja Kolar,Catalina Pella v Nastja Kolar,70,2016-01-30 10:56:57.934,1.96,2016-01-30 12:00:00,2016-01-29 19:01:37.881
1.122805766,4061036,Nastja Kolar,Catalina Pella v Nastja Kolar,80,2016-01-30 11:07:14.320,2.0,2016-01-30 12:00:00,2016-01-29 19:01:37.881
1.122805766,4061036,Nastja Kolar,Catalina Pella v Nastja Kolar,90,2016-01-30 11:35:41.250,2.02,2016-01-30 12:00:00,2016-01-29 19:01:37.881
1.122805766,4061036,Nastja Kolar,Catalina Pella v Nastja Kolar,100,2016-01-30 11:57:45.686,2.24,2016-01-30 12:00:00,2016-01-29 19:01:37.881
1.122805766,8443237,Catalina Pella,Catalina Pella v Nastja Kolar,0,2016-01-29 08:41:45.792,1.75,2016-01-29 19:00:00,
1.122805766,8443237,Catalina Pella,Catalina Pella v Nastja Kolar,10,2016-01-29 18:38:51.793,1.66,2016-01-29 19:00:00,
1.122805766,8443237,Catalina Pella,Catalina Pella v Nastja Kolar,20,2016-01-29 18:47:37.674,1.66,2016-01-29 19:00:00,
1.122805766,8443237,Catalina Pella,Catalina Pella v Nastja Kolar,30,2016-01-30 05:54:00.399,1.9,2016-01-30 12:00:00,2016-01-29 19:01:37.881
1.122805766,8443237,Catalina Pella,Catalina Pella v Nastja Kolar,40,2016-01-30 08:16:53.580,2.06,2016-01-30 12:00:00,2016-01-29 19:01:37.881
1.122805766,8443237,Catalina Pella,Catalina Pella v Nastja Kolar,50,2016-01-30 08:21:43.339,2.02,2016-01-30 12:00:00,2016-01-29 19:01:37.881
1.122805766,8443237,Catalina Pella,Catalina Pella v Nastja Kolar,60,2016-01-30 08:37:58.643,2.12,2016-01-30 12:00:00,2016-01-29 19:01:37.881
1.122805766,8443237,Catalina Pella,Catalina Pella v Nastja Kolar,70,2016-01-30 09:49:01.397,1.92,2016-01-30 12:00:00,2016-01-29 19:01:37.881
1.122805766,8443237,Catalina Pella,Catalina Pella v Nastja Kolar,80,2016-01-30 10:52:39.833,1.92,2016-01-30 12:00:00,2016-01-29 19:01:37.881
1.122805766,8443237,Catalina Pella,Catalina Pella v Nastja Kolar,90,2016-01-30 11:04:56.118,1.98,2016-01-30 12:00:00,2016-01-29 19:01:37.881
1.122805766,8443237,Catalina Pella,Catalina Pella v Nastja Kolar,100,2016-01-30 11:57:45.686,1.52,2016-01-30 12:00:00,2016-01-29 19:01:37.881
1.122805767,7083752,Beatriz Haddad Maia,Beatriz Haddad Maia v Nadia Podoroska,0,2016-01-29 15:42:20.971,1.59,2016-01-29 20:00:00,
1.122805767,7083752,Beatriz Haddad Maia,Beatriz Haddad Maia v Nadia Podoroska,10,2016-01-30 04:36:12.409,1.32,2016-01-30 12:00:00,2016-01-29 20:03:46.101
1.122805767,7083752,Beatriz Haddad Maia,Beatriz Haddad Maia v Nadia Podoroska,20,2016-01-30 06:44:50.599,1.59,2016-01-30 12:00:00,2016-01-29 20:03:46.101
1.122805767,7083752,Beatriz Haddad Maia,Beatriz Haddad Maia v Nadia Podoroska,30,2016-01-30 07:10:47.221,1.57,2016-01-30 12:00:00,2016-01-29 20:03:46.101
1.122805767,7083752,Beatriz Haddad Maia,Beatriz Haddad Maia v Nadia Podoroska,40,2016-01-30 08:18:54.168,1.56,2016-01-30 12:00:00,2016-01-29 20:03:46.101
1.122805767,7083752,Beatriz Haddad Maia,Beatriz Haddad Maia v Nadia Podoroska,50,2016-01-30 08:51:49.058,1.54,2016-01-30 12:00:00,2016-01-29 20:03:46.101
1.122805767,7083752,Beatriz Haddad Maia,Beatriz Haddad Maia v Nadia Podoroska,60,2016-01-30 09:43:52.480,1.53,2016-01-30 12:00:00,2016-01-29 20:03:46.101
1.122805767,7083752,Beatriz Haddad Maia,Beatriz Haddad Maia v Nadia Podoroska,70,2016-01-30 10:08:46.225,1.54,2016-01-30 12:00:00,2016-01-29 20:03:46.101
1.122805767,7083752,Beatriz Haddad Maia,Beatriz Haddad Maia v Nadia Podoroska,80,2016-01-30 10:39:14.530,1.49,2016-01-30 12:00:00,2016-01-29 20:03:46.101
1.122805767,7083752,Beatriz Haddad Maia,Beatriz Haddad Maia v Nadia Podoroska,90,2016-01-30 10:55:43.583,1.56,2016-01-30 12:00:00,2016-01-29 20:03:46.101
1.122805767,7083752,Beatriz Haddad Maia,Beatriz Haddad Maia v Nadia Podoroska,100,2016-01-30 11:52:58.390,1.8,2016-01-30 12:00:00,2016-01-29 20:03:46.101
1.122805767,9042349,Nadia Podoroska,Beatriz Haddad Maia v Nadia Podoroska,0,2016-01-29 15:42:20.971,2.72,2016-01-29 20:00:00,
1.122805767,9042349,Nadia Podoroska,Beatriz Haddad Maia v Nadia Podoroska,10,2016-01-29 18:54:49.497,3.15,2016-01-29 20:00:00,
1.122805767,9042349,Nadia Podoroska,Beatriz Haddad Maia v Nadia Podoroska,20,2016-01-30 05:02:00.488,2.44,2016-01-30 12:00:00,2016-01-29 20:03:46.101
1.122805767,9042349,Nadia Podoroska,Beatriz Haddad Maia v Nadia Podoroska,30,2016-01-30 06:34:51.449,2.62,2016-01-30 12:00:00,2016-01-29 20:03:46.101
1.122805767,9042349,Nadia Podoroska,Beatriz Haddad Maia v Nadia Podoroska,40,2016-01-30 09:43:52.480,2.88,2016-01-30 12:00:00,2016-01-29 20:03:46.101
1.122805767,9042349,Nadia Podoroska,Beatriz Haddad Maia v Nadia Podoroska,50,2016-01-30 09:50:13.892,2.74,2016-01-30 12:00:00,2016-01-29 20:03:46.101
1.122805767,9042349,Nadia Podoroska,Beatriz Haddad Maia v Nadia Podoroska,60,2016-01-30 10:41:25.489,2.88,2016-01-30 12:00:00,2016-01-29 20:03:46.101
1.122805767,9042349,Nadia Podoroska,Beatriz Haddad Maia v Nadia Podoroska,70,2016-01-30 10:54:40.664,2.78,2016-01-30 12:00:00,2016-01-29 20:03:46.101
1.122805767,9042349,Nadia Podoroska,Beatriz Haddad Maia v Nadia Podoroska,80,2016-01-30 11:14:56.164,3.05,2016-01-30 12:00:00,2016-01-29 20:03:46.101
1.122805767,9042349,Nadia Podoroska,Beatriz Haddad Maia v Nadia Podoroska,90,2016-01-30 11:34:50.884,2.92,2016-01-30 12:00:00,2016-01-29 20:03:46.101
1.122805767,9042349,Nadia Podoroska,Beatriz Haddad Maia v Nadia Podoroska,100,2016-01-30 11:52:58.390,2.88,2016-01-30 12:00:00,2016-01-29 20:03:46.101
1.122805856,3506037,Horacio Zeballos,H Zeballos v Samper-Montana,0,2016-01-29 08:47:03.968,1.4,2016-01-29 16:00:00,
1.122805856,3506037,Horacio Zeballos,H Zeballos v Samper-Montana,10,2016-01-29 09:16:04.527,1.47,2016-01-29 16:00:00,
1.122805856,3506037,Horacio Zeballos,H Zeballos v Samper-Montana,20,2016-01-29 09:47:52.621,1.47,2016-01-29 16:00:00,
1.122805856,3506037,Horacio Zeballos,H Zeballos v Samper-Montana,30,2016-01-29 10:05:03.744,1.47,2016-01-29 16:00:00,
1.122805856,3506037,Horacio Zeballos,H Zeballos v Samper-Montana,40,2016-01-29 10:23:46.795,1.47,2016-01-29 16:00:00,
1.122805856,3506037,Horacio Zeballos,H Zeballos v Samper-Montana,50,2016-01-29 10:37:01.346,1.47,2016-01-29 16:00:00,
1.122805856,3506037,Horacio Zeballos,H Zeballos v Samper-Montana,60,2016-01-29 10:59:43.506,1.48,2016-01-29 16:00:00,
1.122805856,3506037,Horacio Zeballos,H Zeballos v Samper-Montana,70,2016-01-29 11:32:41.455,1.48,2016-01-29 16:00:00,
1.122805856,3506037,Horacio Zeballos,H Zeballos v Samper-Montana,80,2016-01-29 14:07:04.161,1.45,2016-01-29 16:00:00,
1.122805856,3506037,Horacio Zeballos,H Zeballos v Samper-Montana,90,2016-01-29 14:54:01.357,1.4,2016-01-29 16:00:00,
1.122805856,3506037,Horacio Zeballos,H Zeballos v Samper-Montana,100,2016-01-29 16:05:04.217,1.4,2016-01-29 16:12:00,
1.122805856,8258998,Jordi Samper-Montana,H Zeballos v Samper-Montana,0,2016-01-29 05:25:36.898,3.2,2016-01-29 16:00:00,
1.122805856,8258998,Jordi Samper-Montana,H Zeballos v Samper-Montana,10,2016-01-29 08:47:03.968,3.5,2016-01-29 16:00:00,
1.122805856,8258998,Jordi Samper-Montana,H Zeballos v Samper-Montana,20,2016-01-29 09:02:36.972,3.35,2016-01-29 16:00:00,
1.122805856,8258998,Jordi Samper-Montana,H Zeballos v Samper-Montana,30,2016-01-29 11:42:49.105,2.78,2016-01-29 16:00:00,
1.122805856,8258998,Jordi Samper-Montana,H Zeballos v Samper-Montana,40,2016-01-29 12:10:34.349,3.1,2016-01-29 16:00:00,
1.122805856,8258998,Jordi Samper-Montana,H Zeballos v Samper-Montana,50,2016-01-29 13:01:29.056,3.1,2016-01-29 16:00:00,
1.122805856,8258998,Jordi Samper-Montana,H Zeballos v Samper-Montana,60,2016-01-29 14:02:04.481,3.4,2016-01-29 16:00:00,
1.122805856,8258998,Jordi Samper-Montana,H Zeballos v Samper-Montana,70,2016-01-29 14:08:04.368,3.4,2016-01-29 16:00:00,
1.122805856,8258998,Jordi Samper-Montana,H Zeballos v Samper-Montana,80,2016-01-29 14:23:57.886,3.45,2016-01-29 16:00:00,
1.122805856,8258998,Jordi Samper-Montana,H Zeballos v Samper-Montana,90,2016-01-29 14:54:01.357,3.45,2016-01-29 16:00:00,
1.122805856,8258998,Jordi Samper-Montana,H Zeballos v Samper-Montana,100,2016-01-29 15:48:04.482,3.3,2016-01-29 16:00:00,
1.122805925,2345099,Paolo Lorenzi,G Elias v P Lorenzi,0,2016-01-29 05:17:49.907,1.65,2016-01-29 18:00:00,
1.122805925,2345099,Paolo Lorenzi,G Elias v P Lorenzi,10,2016-01-29 14:16:42.189,1.44,2016-01-29 18:00:00,
1.122805925,2345099,Paolo Lorenzi,G Elias v P Lorenzi,20,2016-01-29 15:22:34.165,1.45,2016-01-29 18:00:00,
1.122805925,2345099,Paolo Lorenzi,G Elias v P Lorenzi,30,2016-01-29 16:20:36.361,1.44,2016-01-29 18:00:00,
1.122805925,2345099,Paolo Lorenzi,G Elias v P Lorenzi,40,2016-01-29 16:50:47.808,1.43,2016-01-29 18:00:00,
1.122805925,2345099,Paolo Lorenzi,G Elias v P Lorenzi,50,2016-01-29 17:01:50.534,1.41,2016-01-29 18:00:00,
1.122805925,2345099,Paolo Lorenzi,G Elias v P Lorenzi,60,2016-01-29 17:11:41.988,1.41,2016-01-29 18:00:00,
1.122805925,2345099,Paolo Lorenzi,G Elias v P Lorenzi,70,2016-01-29 17:30:11.732,1.4,2016-01-29 18:00:00,
1.122805925,2345099,Paolo Lorenzi,G Elias v P Lorenzi,80,2016-01-29 17:55:59.022,1.38,2016-01-29 18:00:00,
1.122805925,2345099,Paolo Lorenzi,G Elias v P Lorenzi,90,2016-01-29 18:24:00.361,1.37,2016-01-29 18:30:00,
1.122805925,2345099,Paolo Lorenzi,G Elias v P Lorenzi,100,2016-01-29 18:29:03.126,1.38,2016-01-29 18:30:00,
1.122805925,2923174,Gastao Elias,G Elias v P Lorenzi,0,2016-01-29 05:17:49.907,2.52,2016-01-29 18:00:00,
1.122805925,2923174,Gastao Elias,G Elias v P Lorenzi,10,2016-01-29 14:16:42.189,3.25,2016-01-29 18:00:00,
1.122805925,2923174,Gastao Elias,G Elias v P Lorenzi,20,2016-01-29 15:22:34.165,3.45,2016-01-29 18:00:00,
1.122805925,2923174,Gastao Elias,G Elias v P Lorenzi,30,2016-01-29 16:08:00.267,3.55,2016-01-29 18:00:00,
1.122805925,2923174,Gastao Elias,G Elias v P Lorenzi,40,2016-01-29 16:20:36.361,3.25,2016-01-29 18:00:00,
1.122805925,2923174,Gastao Elias,G Elias v P Lorenzi,50,2016-01-29 16:48:36.402,3.25,2016-01-29 18:00:00,
1.122805925,2923174,Gastao Elias,G Elias v P Lorenzi,60,2016-01-29 17:04:34.571,3.35,2016-01-29 18:00:00,
1.122805925,2923174,Gastao Elias,G Elias v P Lorenzi,70,2016-01-29 17:17:59.218,3.5,2016-01-29 18:00:00,
1.122805925,2923174,Gastao Elias,G Elias v P Lorenzi,80,2016-01-29 17:35:42.932,3.65,2016-01-29 18:00:00,
1.122805925,2923174,Gastao Elias,G Elias v P Lorenzi,90,2016-01-29 18:25:01.245,3.6,2016-01-29 18:30:00,
1.122805925,2923174,Gastao Elias,G Elias v P Lorenzi,100,2016-01-29 18:29:59.258,3.6,2016-01-29 18:30:00,
1.122806091,7430580,Victor Estrella Burgos,Estrella Burgos v Bourgue,0,2016-01-29 07:53:04.688,1.28,2016-01-29 23:00:00,
1.122806091,7430580,Victor Estrella Burgos,Estrella Burgos v Bourgue,10,2016-01-29 15:21:46.249,1.47,2016-01-29 23:00:00,
1.122806091,7430580,Victor Estrella Burgos,Estrella Burgos v Bourgue,20,2016-01-29 19:28:40.468,1.34,2016-01-29 23:00:00,
1.122806091,7430580,Victor Estrella Burgos,Estrella Burgos v Bourgue,30,2016-01-29 20:14:56.760,1.34,2016-01-29 23:00:00,
1.122806091,7430580,Victor Estrella Burgos,Estrella Burgos v Bourgue,40,2016-01-29 21:10:37.346,1.42,2016-01-29 23:00:00,
1.122806091,7430580,Victor Estrella Burgos,Estrella Burgos v Bourgue,50,2016-01-29 21:28:02.717,1.35,2016-01-29 23:00:00,
1.122806091,7430580,Victor Estrella Burgos,Estrella Burgos v Bourgue,60,2016-01-29 21:47:56.034,1.41,2016-01-29 23:00:00,
1.122806091,7430580,Victor Estrella Burgos,Estrella Burgos v Bourgue,70,2016-01-29 22:31:00.113,1.42,2016-01-29 23:00:00,
1.122806091,7430580,Victor Estrella Burgos,Estrella Burgos v Bourgue,80,2016-01-29 22:49:05.307,1.39,2016-01-29 23:00:00,
1.122806091,7430580,Victor Estrella Burgos,Estrella Burgos v Bourgue,90,2016-01-29 22:54:49.596,1.41,2016-01-29 23:00:00,
1.122806091,7430580,Victor Estrella Burgos,Estrella Burgos v Bourgue,100,2016-01-29 23:26:35.403,1.39,2016-01-29 23:32:00,
1.122806103,4876705,Gerald Melzer,Struvay v G Melzer,0,2016-01-29 07:54:24.756,1.61,2016-01-29 19:45:00,
1.122806103,4876705,Gerald Melzer,Struvay v G Melzer,10,2016-01-29 13:39:39.717,1.72,2016-01-29 19:45:00,
1.122806103,4876705,Gerald Melzer,Struvay v G Melzer,20,2016-01-29 15:41:43.180,1.84,2016-01-29 19:45:00,
1.122806103,4876705,Gerald Melzer,Struvay v G Melzer,30,2016-01-29 17:18:24.400,1.8,2016-01-29 19:45:00,
1.122806103,4876705,Gerald Melzer,Struvay v G Melzer,40,2016-01-29 17:50:05.615,2.02,2016-01-29 19:45:00,
1.122806103,4876705,Gerald Melzer,Struvay v G Melzer,50,2016-01-29 17:55:59.024,1.72,2016-01-29 19:45:00,
1.122806103,4876705,Gerald Melzer,Struvay v G Melzer,60,2016-01-29 18:00:54.553,1.79,2016-01-29 19:45:00,
1.122806103,4876705,Gerald Melzer,Struvay v G Melzer,70,2016-01-29 18:21:01.716,1.81,2016-01-29 19:45:00,
1.122806103,4876705,Gerald Melzer,Struvay v G Melzer,80,2016-01-29 19:05:15.359,1.93,2016-01-29 19:45:00,
1.122806103,4876705,Gerald Melzer,Struvay v G Melzer,90,2016-01-29 21:27:04.715,2.06,2016-01-29 21:34:00,
1.122806103,4876705,Gerald Melzer,Struvay v G Melzer,100,2016-01-29 21:33:01.993,2.06,2016-01-29 21:34:00,
1.122806103,7431682,Eduardo Struvay,Struvay v G Melzer,0,2016-01-29 10:33:01.740,2.44,2016-01-29 19:45:00,
1.122806103,7431682,Eduardo Struvay,Struvay v G Melzer,10,2016-01-29 14:14:53.745,2.22,2016-01-29 19:45:00,
1.122806103,7431682,Eduardo Struvay,Struvay v G Melzer,20,2016-01-29 15:37:43.590,2.18,2016-01-29 19:45:00,
1.122806103,7431682,Eduardo Struvay,Struvay v G Melzer,30,2016-01-29 17:23:28.118,2.24,2016-01-29 19:45:00,
1.122806103,7431682,Eduardo Struvay,Struvay v G Melzer,40,2016-01-29 17:35:46.641,2.24,2016-01-29 19:45:00,
1.122806103,7431682,Eduardo Struvay,Struvay v G Melzer,50,2016-01-29 17:54:02.913,2.38,2016-01-29 19:45:00,
1.122806103,7431682,Eduardo Struvay,Struvay v G Melzer,60,2016-01-29 17:58:56.185,2.16,2016-01-29 19:45:00,
1.122806103,7431682,Eduardo Struvay,Struvay v G Melzer,70,2016-01-29 18:02:00.725,2.28,2016-01-29 19:45:00,
1.122806103,7431682,Eduardo Struvay,Struvay v G Melzer,80,2016-01-29 18:56:04.774,2.04,2016-01-29 19:45:00,
1.122806103,7431682,Eduardo Struvay,Struvay v G Melzer,90,2016-01-29 21:27:04.715,1.86,2016-01-29 21:34:00,
1.122806103,7431682,Eduardo Struvay,Struvay v G Melzer,100,2016-01-29 21:33:53.095,1.9,2016-01-29 21:34:00,
1.122806111,4596953,Di Wu,Bolt v D Wu,0,2016-01-29 15:06:05.172,1.85,2016-01-29 20:45:00,
1.122806111,4596953,Di Wu,Bolt v D Wu,10,2016-01-29 15:06:16.176,1.81,2016-01-29 20:45:00,
1.122806111,4596953,Di Wu,Bolt v D Wu,20,2016-01-29 16:18:26.234,1.81,2016-01-29 20:45:00,
1.122806111,4596953,Di Wu,Bolt v D Wu,30,2016-01-29 17:40:14.904,1.82,2016-01-29 20:45:00,
1.122806111,4596953,Di Wu,Bolt v D Wu,40,2016-01-29 18:04:48.757,1.9,2016-01-29 20:45:00,
1.122806111,4596953,Di Wu,Bolt v D Wu,50,2016-01-29 19:16:36.714,1.84,2016-01-29 20:45:00,
1.122806111,4596953,Di Wu,Bolt v D Wu,60,2016-01-29 19:42:02.450,1.89,2016-01-29 20:45:00,
1.122806111,4596953,Di Wu,Bolt v D Wu,70,2016-01-29 19:45:01.654,1.88,2016-01-29 20:45:00,
1.122806111,4596953,Di Wu,Bolt v D Wu,80,2016-01-29 19:49:03.162,1.88,2016-01-29 20:45:00,
1.122806111,4596953,Di Wu,Bolt v D Wu,90,2016-01-29 20:44:43.161,1.85,2016-01-29 20:45:00,
1.122806111,4596953,Di Wu,Bolt v D Wu,100,2016-01-29 20:53:54.680,1.78,2016-01-29 20:56:00,
1.122806111,7283330,Alex Bolt,Bolt v D Wu,0,2016-01-29 15:43:13.595,2.16,2016-01-29 20:45:00,
1.122806111,7283330,Alex Bolt,Bolt v D Wu,10,2016-01-29 16:18:26.234,2.24,2016-01-29 20:45:00,
1.122806111,7283330,Alex Bolt,Bolt v D Wu,20,2016-01-29 17:40:14.904,2.22,2016-01-29 20:45:00,
1.122806111,7283330,Alex Bolt,Bolt v D Wu,30,2016-01-29 18:04:48.757,2.1,2016-01-29 20:45:00,
1.122806111,7283330,Alex Bolt,Bolt v D Wu,40,2016-01-29 19:16:04.676,2.18,2016-01-29 20:45:00,
1.122806111,7283330,Alex Bolt,Bolt v D Wu,50,2016-01-29 19:38:02.807,2.16,2016-01-29 20:45:00,
1.122806111,7283330,Alex Bolt,Bolt v D Wu,60,2016-01-29 19:38:57.708,2.2,2016-01-29 20:45:00,
1.122806111,7283330,Alex Bolt,Bolt v D Wu,70,2016-01-29 19:43:59.411,2.14,2016-01-29 20:45:00,
1.122806111,7283330,Alex Bolt,Bolt v D Wu,80,2016-01-29 19:49:03.162,2.12,2016-01-29 20:45:00,
1.122806111,7283330,Alex Bolt,Bolt v D Wu,90,2016-01-29 20:17:46.206,2.2,2016-01-29 20:45:00,
1.122806111,7283330,Alex Bolt,Bolt v D Wu,100,2016-01-29 20:51:53.931,2.2,2016-01-29 20:56:00,
1.122806133,5626817,Kyle Edmund,Edmund v Meister,0,2016-01-29 07:52:39.961,1.21,2016-01-29 19:00:00,
1.122806133,5626817,Kyle Edmund,Edmund v Meister,10,2016-01-29 15:40:03.361,1.2,2016-01-29 19:00:00,
1.122806133,5626817,Kyle Edmund,Edmund v Meister,20,2016-01-29 16:07:09.638,1.19,2016-01-29 19:00:00,
1.122806133,5626817,Kyle Edmund,Edmund v Meister,30,2016-01-29 16:28:25.614,1.2,2016-01-29 19:00:00,
1.122806133,5626817,Kyle Edmund,Edmund v Meister,40,2016-01-29 16:29:57.850,1.19,2016-01-29 19:00:00,
1.122806133,5626817,Kyle Edmund,Edmund v Meister,50,2016-01-29 17:13:44.908,1.19,2016-01-29 19:00:00,
1.122806133,5626817,Kyle Edmund,Edmund v Meister,60,2016-01-29 17:24:54.963,1.18,2016-01-29 19:00:00,
1.122806133,5626817,Kyle Edmund,Edmund v Meister,70,2016-01-29 17:25:18.938,1.17,2016-01-29 19:00:00,
1.122806133,5626817,Kyle Edmund,Edmund v Meister,80,2016-01-29 18:24:32.809,1.16,2016-01-29 19:00:00,
1.122806133,5626817,Kyle Edmund,Edmund v Meister,90,2016-01-29 18:56:46.472,1.15,2016-01-29 19:00:00,
1.122806133,5626817,Kyle Edmund,Edmund v Meister,100,2016-01-29 22:41:05.864,1.17,2016-01-29 22:42:00,2016-01-29 22:41:05.864
1.122806147,4818332,An-Sophie Mestach,AN Sophie Mestach v Amandine Hesse,0,2016-01-29 09:03:10.460,1.71,2016-01-29 14:00:00,
1.122806147,4818332,An-Sophie Mestach,AN Sophie Mestach v Amandine Hesse,10,2016-01-29 10:38:54.505,1.88,2016-01-29 14:00:00,
1.122806147,4818332,An-Sophie Mestach,AN Sophie Mestach v Amandine Hesse,20,2016-01-29 11:37:29.087,1.72,2016-01-29 14:00:00,
1.122806147,4818332,An-Sophie Mestach,AN Sophie Mestach v Amandine Hesse,30,2016-01-29 11:37:55.696,1.71,2016-01-29 14:00:00,
1.122806147,4818332,An-Sophie Mestach,AN Sophie Mestach v Amandine Hesse,40,2016-01-29 12:37:36.702,1.76,2016-01-29 14:00:00,
1.122806147,4818332,An-Sophie Mestach,AN Sophie Mestach v Amandine Hesse,50,2016-01-29 13:05:40.616,1.56,2016-01-29 14:00:00,
1.122806147,4818332,An-Sophie Mestach,AN Sophie Mestach v Amandine Hesse,60,2016-01-29 13:40:36.591,1.74,2016-01-29 14:00:00,
1.122806147,4818332,An-Sophie Mestach,AN Sophie Mestach v Amandine Hesse,70,2016-01-29 14:01:29.285,1.78,2016-01-29 14:10:00,
1.122806147,4818332,An-Sophie Mestach,AN Sophie Mestach v Amandine Hesse,80,2016-01-29 14:05:22.638,1.76,2016-01-29 14:10:00,
1.122806147,4818332,An-Sophie Mestach,AN Sophie Mestach v Amandine Hesse,90,2016-01-29 14:06:42.385,1.77,2016-01-29 14:10:00,
1.122806147,4818332,An-Sophie Mestach,AN Sophie Mestach v Amandine Hesse,100,2016-01-29 14:09:27.972,1.76,2016-01-29 14:10:00,
1.122806148,7283232,Viktorija Golubic,Viktorija Golubic v Stefanie Voegele,0,2016-01-29 08:45:23.973,1.6,2016-01-29 11:30:00,
1.122806148,7283232,Viktorija Golubic,Viktorija Golubic v Stefanie Voegele,10,2016-01-29 08:46:29.634,1.57,2016-01-29 11:30:00,
1.122806148,7283232,Viktorija Golubic,Viktorija Golubic v Stefanie Voegele,20,2016-01-29 09:55:51.345,1.6,2016-01-29 11:30:00,
1.122806148,7283232,Viktorija Golubic,Viktorija Golubic v Stefanie Voegele,30,2016-01-29 10:24:49.558,1.7,2016-01-29 11:30:00,
1.122806148,7283232,Viktorija Golubic,Viktorija Golubic v Stefanie Voegele,40,2016-01-29 10:35:36.460,1.6,2016-01-29 11:30:00,
1.122806148,7283232,Viktorija Golubic,Viktorija Golubic v Stefanie Voegele,50,2016-01-29 11:07:41.540,1.62,2016-01-29 11:30:00,
1.122806148,7283232,Viktorija Golubic,Viktorija Golubic v Stefanie Voegele,60,2016-01-29 11:08:32.668,1.7,2016-01-29 11:30:00,
1.122806148,7283232,Viktorija Golubic,Viktorija Golubic v Stefanie Voegele,70,2016-01-29 11:09:33.777,1.6,2016-01-29 11:30:00,
1.122806148,7283232,Viktorija Golubic,Viktorija Golubic v Stefanie Voegele,80,2016-01-29 11:12:00.043,1.59,2016-01-29 11:30:00,
1.122806148,7283232,Viktorija Golubic,Viktorija Golubic v Stefanie Voegele,90,2016-01-29 11:23:40.486,1.63,2016-01-29 11:30:00,
1.122806148,7283232,Viktorija Golubic,Viktorija Golubic v Stefanie Voegele,100,2016-01-29 11:28:39.951,2.04,2016-01-29 11:30:00,2016-01-29 11:26:42.773
1.122806156,3960538,Naomi Broady,Naomi Broady v Jacqueline Cako,0,2016-01-29 07:55:49.393,1.16,2016-01-29 20:30:00,
1.122806156,3960538,Naomi Broady,Naomi Broady v Jacqueline Cako,10,2016-01-29 11:46:19.826,1.2,2016-01-29 20:30:00,
1.122806156,3960538,Naomi Broady,Naomi Broady v Jacqueline Cako,20,2016-01-29 15:43:15.858,1.26,2016-01-29 20:30:00,
1.122806156,3960538,Naomi Broady,Naomi Broady v Jacqueline Cako,30,2016-01-29 16:11:07.849,1.19,2016-01-29 20:30:00,
1.122806156,3960538,Naomi Broady,Naomi Broady v Jacqueline Cako,40,2016-01-29 17:35:16.502,1.17,2016-01-29 20:30:00,
1.122806156,3960538,Naomi Broady,Naomi Broady v Jacqueline Cako,50,2016-01-29 19:15:25.961,1.2,2016-01-29 20:40:00,
1.122806156,3960538,Naomi Broady,Naomi Broady v Jacqueline Cako,60,2016-01-29 19:28:55.765,1.19,2016-01-29 20:40:00,
1.122806156,3960538,Naomi Broady,Naomi Broady v Jacqueline Cako,70,2016-01-29 20:31:23.920,1.18,2016-01-29 20:40:00,
1.122806156,3960538,Naomi Broady,Naomi Broady v Jacqueline Cako,80,2016-01-29 20:33:24.751,1.17,2016-01-29 20:40:00,
1.122806156,3960538,Naomi Broady,Naomi Broady v Jacqueline Cako,90,2016-01-29 21:02:20.678,1.16,2016-01-29 21:10:00,
1.122806156,3960538,Naomi Broady,Naomi Broady v Jacqueline Cako,100,2016-01-29 21:10:23.581,1.22,2016-01-29 21:20:00,
1.122806158,8765475,Christina McHale,Christina Mchale v Paula Kania,0,2016-01-29 07:55:38.114,1.29,2016-01-29 20:30:00,
1.122806158,8765475,Christina McHale,Christina Mchale v Paula Kania,10,2016-01-29 15:43:00.873,1.38,2016-01-29 20:30:00,
1.122806158,8765475,Christina McHale,Christina Mchale v Paula Kania,20,2016-01-29 16:51:18.542,1.32,2016-01-29 20:30:00,
1.122806158,8765475,Christina McHale,Christina Mchale v Paula Kania,30,2016-01-29 17:36:12.215,1.27,2016-01-29 20:30:00,
1.122806158,8765475,Christina McHale,Christina Mchale v Paula Kania,40,2016-01-29 18:16:19.843,1.28,2016-01-29 20:30:00,
1.122806158,8765475,Christina McHale,Christina Mchale v Paula Kania,50,2016-01-29 18:21:14.741,1.29,2016-01-29 20:30:00,
1.122806158,8765475,Christina McHale,Christina Mchale v Paula Kania,60,2016-01-29 18:58:59.452,1.28,2016-01-29 20:30:00,
1.122806158,8765475,Christina McHale,Christina Mchale v Paula Kania,70,2016-01-29 19:15:22.578,1.29,2016-01-29 20:40:00,
1.122806158,8765475,Christina McHale,Christina Mchale v Paula Kania,80,2016-01-29 19:55:26.396,1.33,2016-01-29 20:40:00,
1.122806158,8765475,Christina McHale,Christina Mchale v Paula Kania,90,2016-01-29 20:31:07.011,1.29,2016-01-29 20:40:00,
1.122806158,8765475,Christina McHale,Christina Mchale v Paula Kania,100,2016-01-29 21:08:57.677,1.33,2016-01-29 21:10:00,2016-01-29 21:03:31.198
1.12282988,5499167,Mirza Basic,Mi Basic v Weintraub,0,2016-01-30 07:11:16.325,1.41,2016-01-30 14:30:00,
1.12282988,5499167,Mirza Basic,Mi Basic v Weintraub,10,2016-01-30 09:58:14.638,1.4,2016-01-30 14:30:00,
1.12282988,5499167,Mirza Basic,Mi Basic v Weintraub,20,2016-01-30 11:15:41.467,1.38,2016-01-30 14:30:00,
1.12282988,5499167,Mirza Basic,Mi Basic v Weintraub,30,2016-01-30 11:38:55.353,1.39,2016-01-30 14:30:00,
1.12282988,5499167,Mirza Basic,Mi Basic v Weintraub,40,2016-01-30 11:52:00.902,1.42,2016-01-30 14:30:00,
1.12282988,5499167,Mirza Basic,Mi Basic v Weintraub,50,2016-01-30 11:59:00.934,1.4,2016-01-30 14:30:00,
1.12282988,5499167,Mirza Basic,Mi Basic v Weintraub,60,2016-01-30 11:59:27.518,1.39,2016-01-30 14:30:00,
1.12282988,5499167,Mirza Basic,Mi Basic v Weintraub,70,2016-01-30 13:13:18.088,1.4,2016-01-30 14:30:00,
1.12282988,5499167,Mirza Basic,Mi Basic v Weintraub,80,2016-01-30 13:40:13.473,1.41,2016-01-30 14:30:00,
1.12282988,5499167,Mirza Basic,Mi Basic v Weintraub,90,2016-01-30 14:04:16.086,1.42,2016-01-30 14:30:00,
1.12282988,5499167,Mirza Basic,Mi Basic v Weintraub,100,2016-01-30 15:23:52.697,1.41,2016-01-30 15:31:00,
1.122829884,3374117,Yuichi Sugita,Sugita v Ilkel,0,2016-01-30 05:24:03.340,1.15,2016-01-30 12:45:00,
1.122829884,3374117,Yuichi Sugita,Sugita v Ilkel,10,2016-01-30 06:21:12.977,1.11,2016-01-30 12:45:00,
1.122829884,3374117,Yuichi Sugita,Sugita v Ilkel,20,2016-01-30 06:42:11.026,1.12,2016-01-30 12:45:00,
1.122829884,3374117,Yuichi Sugita,Sugita v Ilkel,30,2016-01-30 08:19:09.960,1.11,2016-01-30 12:45:00,
1.122829884,3374117,Yuichi Sugita,Sugita v Ilkel,40,2016-01-30 09:19:01.473,1.12,2016-01-30 12:45:00,
1.122829884,3374117,Yuichi Sugita,Sugita v Ilkel,50,2016-01-30 10:15:39.265,1.15,2016-01-30 12:45:00,
1.122829884,3374117,Yuichi Sugita,Sugita v Ilkel,60,2016-01-30 11:00:19.431,1.12,2016-01-30 12:45:00,
1.122829884,3374117,Yuichi Sugita,Sugita v Ilkel,70,2016-01-30 11:00:58.661,1.11,2016-01-30 12:45:00,
1.122829884,3374117,Yuichi Sugita,Sugita v Ilkel,80,2016-01-30 12:07:11.397,1.12,2016-01-30 12:45:00,
1.122829884,3374117,Yuichi Sugita,Sugita v Ilkel,90,2016-01-30 12:33:59.919,1.11,2016-01-30 12:45:00,
1.122829884,3374117,Yuichi Sugita,Sugita v Ilkel,100,2016-01-30 13:03:04.651,1.12,2016-01-30 13:06:00,
1.122829894,2395076,Daniel Brands,A Ungur v Brands,0,2016-01-30 07:25:28.224,1.25,2016-01-30 16:15:00,
1.122829894,2395076,Daniel Brands,A Ungur v Brands,10,2016-01-30 07:27:15.847,1.23,2016-01-30 16:15:00,
1.122829894,2395076,Daniel Brands,A Ungur v Brands,20,2016-01-30 07:27:37.204,1.22,2016-01-30 16:15:00,
1.122829894,2395076,Daniel Brands,A Ungur v Brands,30,2016-01-30 07:56:04.303,1.19,2016-01-30 16:15:00,
1.122829894,2395076,Daniel Brands,A Ungur v Brands,40,2016-01-30 11:39:43.106,1.27,2016-01-30 16:15:00,
1.122829894,2395076,Daniel Brands,A Ungur v Brands,50,2016-01-30 12:00:49.358,1.32,2016-01-30 16:15:00,
1.122829894,2395076,Daniel Brands,A Ungur v Brands,60,2016-01-30 14:49:27.865,1.29,2016-01-30 16:15:00,
1.122829894,2395076,Daniel Brands,A Ungur v Brands,70,2016-01-30 14:50:30.133,1.28,2016-01-30 16:15:00,
1.122829894,2395076,Daniel Brands,A Ungur v Brands,80,2016-01-30 16:00:36.934,1.31,2016-01-30 16:15:00,
1.122829894,2395076,Daniel Brands,A Ungur v Brands,90,2016-01-30 16:07:11.860,1.28,2016-01-30 16:15:00,
1.122829894,2395076,Daniel Brands,A Ungur v Brands,100,2016-01-30 17:29:21.231,1.24,2016-01-30 17:34:00,
1.122829949,7289631,Oceane Dodin,Oceane Dodin v Stefanie Voegele,0,2016-01-30 09:36:24.599,2.0,2016-01-30 15:00:00,
1.122829949,7289631,Oceane Dodin,Oceane Dodin v Stefanie Voegele,10,2016-01-30 09:41:34.757,1.9,2016-01-30 15:00:00,
1.122829949,7289631,Oceane Dodin,Oceane Dodin v Stefanie Voegele,20,2016-01-30 09:44:28.296,1.87,2016-01-30 15:00:00,
1.122829949,7289631,Oceane Dodin,Oceane Dodin v Stefanie Voegele,30,2016-01-30 11:18:47.117,2.0,2016-01-30 15:00:00,
1.122829949,7289631,Oceane Dodin,Oceane Dodin v Stefanie Voegele,40,2016-01-30 11:37:51.783,1.88,2016-01-30 15:00:00,
1.122829949,7289631,Oceane Dodin,Oceane Dodin v Stefanie Voegele,50,2016-01-30 12:11:33.128,1.94,2016-01-30 15:00:00,
1.122829949,7289631,Oceane Dodin,Oceane Dodin v Stefanie Voegele,60,2016-01-30 13:17:26.092,1.82,2016-01-30 15:00:00,
1.122829949,7289631,Oceane Dodin,Oceane Dodin v Stefanie Voegele,70,2016-01-30 14:54:27.194,1.98,2016-01-30 15:00:00,
1.122829949,7289631,Oceane Dodin,Oceane Dodin v Stefanie Voegele,80,2016-01-30 15:28:38.343,1.89,2016-01-30 15:40:00,
1.122829949,7289631,Oceane Dodin,Oceane Dodin v Stefanie Voegele,90,2016-01-30 15:31:05.850,1.9,2016-01-30 15:40:00,
1.122829949,7289631,Oceane Dodin,Oceane Dodin v Stefanie Voegele,100,2016-01-30 15:48:53.464,1.68,2016-01-30 15:50:00,2016-01-30 15:48:11.846
1.122829951,10759726,An Sophie Mestach,AN Sophie Mestach v Anna Blinkova,0,2016-01-29 22:22:30.801,1.54,2016-01-30 13:00:00,
1.122829951,10759726,An Sophie Mestach,AN Sophie Mestach v Anna Blinkova,10,2016-01-29 22:58:23.733,1.59,2016-01-30 13:00:00,
1.122829951,10759726,An Sophie Mestach,AN Sophie Mestach v Anna Blinkova,20,2016-01-29 23:57:10.111,1.58,2016-01-30 13:00:00,
1.122829951,10759726,An Sophie Mestach,AN Sophie Mestach v Anna Blinkova,30,2016-01-30 09:42:35.842,1.6,2016-01-30 13:00:00,
1.122829951,10759726,An Sophie Mestach,AN Sophie Mestach v Anna Blinkova,40,2016-01-30 11:15:17.322,1.57,2016-01-30 13:00:00,
1.122829951,10759726,An Sophie Mestach,AN Sophie Mestach v Anna Blinkova,50,2016-01-30 11:39:38.983,1.69,2016-01-30 13:00:00,
1.122829951,10759726,An Sophie Mestach,AN Sophie Mestach v Anna Blinkova,60,2016-01-30 11:51:37.300,1.63,2016-01-30 13:00:00,
1.122829951,10759726,An Sophie Mestach,AN Sophie Mestach v Anna Blinkova,70,2016-01-30 11:59:30.741,1.59,2016-01-30 13:00:00,
1.122829951,10759726,An Sophie Mestach,AN Sophie Mestach v Anna Blinkova,80,2016-01-30 12:40:39.151,1.61,2016-01-30 13:00:00,
1.122829951,10759726,An Sophie Mestach,AN Sophie Mestach v Anna Blinkova,90,2016-01-30 12:54:33.147,1.61,2016-01-30 13:00:00,
1.122829951,10759726,An Sophie Mestach,AN Sophie Mestach v Anna Blinkova,100,2016-01-30 12:59:31.085,1.6,2016-01-30 13:00:00,
1.122829996,2345099,Paolo Lorenzi,H Zeballos v P Lorenzi,0,2016-01-30 09:10:06.690,1.53,2016-01-30 16:00:00,
1.122829996,2345099,Paolo Lorenzi,H Zeballos v P Lorenzi,10,2016-01-30 09:48:56.018,1.48,2016-01-30 16:00:00,
1.122829996,2345099,Paolo Lorenzi,H Zeballos v P Lorenzi,20,2016-01-30 11:33:11.779,1.47,2016-01-30 16:00:00,
1.122829996,2345099,Paolo Lorenzi,H Zeballos v P Lorenzi,30,2016-01-30 11:39:37.770,1.46,2016-01-30 16:00:00,
1.122829996,2345099,Paolo Lorenzi,H Zeballos v P Lorenzi,40,2016-01-30 12:57:42.979,1.48,2016-01-30 16:00:00,
1.122829996,2345099,Paolo Lorenzi,H Zeballos v P Lorenzi,50,2016-01-30 14:34:49.753,1.49,2016-01-30 16:00:00,
1.122829996,2345099,Paolo Lorenzi,H Zeballos v P Lorenzi,60,2016-01-30 14:49:44.985,1.48,2016-01-30 16:00:00,
1.122829996,2345099,Paolo Lorenzi,H Zeballos v P Lorenzi,70,2016-01-30 15:05:19.238,1.48,2016-01-30 16:00:00,
1.122829996,2345099,Paolo Lorenzi,H Zeballos v P Lorenzi,80,2016-01-30 15:06:06.143,1.47,2016-01-30 16:00:00,
1.122829996,2345099,Paolo Lorenzi,H Zeballos v P Lorenzi,90,2016-01-30 15:53:21.290,1.46,2016-01-30 16:00:00,
1.122829996,2345099,Paolo Lorenzi,H Zeballos v P Lorenzi,100,2016-01-30 16:01:06.616,1.46,2016-01-30 16:08:00,
1.122830284,4596953,Di Wu,N Rubin v D Wu,0,2016-01-30 06:58:10.506,2.0,2016-01-30 20:00:00,
1.122830284,4596953,Di Wu,N Rubin v D Wu,10,2016-01-30 09:22:52.291,2.24,2016-01-30 20:00:00,
1.122830284,4596953,Di Wu,N Rubin v D Wu,20,2016-01-30 14:04:07.685,2.3,2016-01-30 20:00:00,
1.122830284,4596953,Di Wu,N Rubin v D Wu,30,2016-01-30 17:14:14.561,2.2,2016-01-30 20:00:00,
1.122830284,4596953,Di Wu,N Rubin v D Wu,40,2016-01-30 17:45:25.792,2.3,2016-01-30 20:00:00,
1.122830284,4596953,Di Wu,N Rubin v D Wu,50,2016-01-30 18:15:15.458,2.28,2016-01-30 20:00:00,
1.122830284,4596953,Di Wu,N Rubin v D Wu,60,2016-01-30 18:30:09.100,2.36,2016-01-30 20:00:00,
1.122830284,4596953,Di Wu,N Rubin v D Wu,70,2016-01-30 18:40:12.932,2.4,2016-01-30 20:00:00,
1.122830284,4596953,Di Wu,N Rubin v D Wu,80,2016-01-30 19:04:13.848,2.46,2016-01-30 20:00:00,
1.122830284,4596953,Di Wu,N Rubin v D Wu,90,2016-01-30 19:49:03.101,2.44,2016-01-30 20:00:00,
1.122830284,4596953,Di Wu,N Rubin v D Wu,100,2016-01-30 19:56:11.632,2.44,2016-01-30 20:00:00,
1.122830284,7593248,Noah Rubin,N Rubin v D Wu,0,2016-01-30 08:07:31.555,1.81,2016-01-30 20:00:00,
1.122830284,7593248,Noah Rubin,N Rubin v D Wu,10,2016-01-30 11:45:13.221,1.76,2016-01-30 20:00:00,
1.122830284,7593248,Noah Rubin,N Rubin v D Wu,20,2016-01-30 13:38:09.245,1.78,2016-01-30 20:00:00,
1.122830284,7593248,Noah Rubin,N Rubin v D Wu,30,2016-01-30 14:04:44.514,1.7,2016-01-30 20:00:00,
1.122830284,7593248,Noah Rubin,N Rubin v D Wu,40,2016-01-30 17:17:09.599,1.79,2016-01-30 20:00:00,
1.122830284,7593248,Noah Rubin,N Rubin v D Wu,50,2016-01-30 18:15:51.028,1.79,2016-01-30 20:00:00,
1.122830284,7593248,Noah Rubin,N Rubin v D Wu,60,2016-01-30 18:28:56.604,1.74,2016-01-30 20:00:00,
1.122830284,7593248,Noah Rubin,N Rubin v D Wu,70,2016-01-30 18:36:29.529,1.77,2016-01-30 20:00:00,
1.122830284,7593248,Noah Rubin,N Rubin v D Wu,80,2016-01-30 18:45:10.844,1.7,2016-01-30 20:00:00,
1.122830284,7593248,Noah Rubin,N Rubin v D Wu,90,2016-01-30 19:49:03.101,1.69,2016-01-30 20:00:00,
1.122830284,7593248,Noah Rubin,N Rubin v D Wu,100,2016-01-30 19:56:11.632,1.69,2016-01-30 20:00:00,
1.122830422,4876705,Gerald Melzer,Bourgue v G Melzer,0,2016-01-30 11:40:10.304,1.5,2016-01-30 17:45:00,
1.122830422,4876705,Gerald Melzer,Bourgue v G Melzer,10,2016-01-30 15:01:15.175,1.62,2016-01-30 17:45:00,
1.122830422,4876705,Gerald Melzer,Bourgue v G Melzer,20,2016-01-30 15:10:17.962,1.62,2016-01-30 17:45:00,
1.122830422,4876705,Gerald Melzer,Bourgue v G Melzer,30,2016-01-30 16:29:02.589,1.61,2016-01-30 17:45:00,
1.122830422,4876705,Gerald Melzer,Bourgue v G Melzer,40,2016-01-30 16:43:56.216,1.59,2016-01-30 17:45:00,
1.122830422,4876705,Gerald Melzer,Bourgue v G Melzer,50,2016-01-30 17:11:23.442,1.58,2016-01-30 17:45:00,
1.122830422,4876705,Gerald Melzer,Bourgue v G Melzer,60,2016-01-30 17:18:13.953,1.59,2016-01-30 17:45:00,
1.122830422,4876705,Gerald Melzer,Bourgue v G Melzer,70,2016-01-30 17:26:16.616,1.6,2016-01-30 17:45:00,
1.122830422,4876705,Gerald Melzer,Bourgue v G Melzer,80,2016-01-30 17:30:12.899,1.64,2016-01-30 17:45:00,
1.122830422,4876705,Gerald Melzer,Bourgue v G Melzer,90,2016-01-30 17:41:15.572,1.67,2016-01-30 17:45:00,
1.122830422,4876705,Gerald Melzer,Bourgue v G Melzer,100,2016-01-30 18:53:15.909,1.64,2016-01-30 18:54:00,
1.122830422,7066925,Mathias Bourgue,Bourgue v G Melzer,0,2016-01-30 15:01:15.175,2.6,2016-01-30 17:45:00,
1.122830422,7066925,Mathias Bourgue,Bourgue v G Melzer,10,2016-01-30 15:12:16.045,2.46,2016-01-30 17:45:00,
1.122830422,7066925,Mathias Bourgue,Bourgue v G Melzer,20,2016-01-30 16:14:01.806,2.62,2016-01-30 17:45:00,
1.122830422,7066925,Mathias Bourgue,Bourgue v G Melzer,30,2016-01-30 16:43:56.216,2.66,2016-01-30 17:45:00,
1.122830422,7066925,Mathias Bourgue,Bourgue v G Melzer,40,2016-01-30 17:18:13.953,2.66,2016-01-30 17:45:00,
1.122830422,7066925,Mathias Bourgue,Bourgue v G Melzer,50,2016-01-30 17:23:16.297,2.5,2016-01-30 17:45:00,
1.122830422,7066925,Mathias Bourgue,Bourgue v G Melzer,60,2016-01-30 17:27:16.802,2.5,2016-01-30 17:45:00,
1.122830422,7066925,Mathias Bourgue,Bourgue v G Melzer,70,2016-01-30 17:28:14.482,2.58,2016-01-30 17:45:00,
1.122830422,7066925,Mathias Bourgue,Bourgue v G Melzer,80,2016-01-30 17:33:17.633,2.5,2016-01-30 17:45:00,
1.122830422,7066925,Mathias Bourgue,Bourgue v G Melzer,90,2016-01-30 17:41:15.572,2.48,2016-01-30 17:45:00,
1.122830422,7066925,Mathias Bourgue,Bourgue v G Melzer,100,2016-01-30 18:47:15.767,2.58,2016-01-30 18:54:00,
1.12283058,3960538,Naomi Broady,Christina Mchale v Naomi Broady,0,2016-01-30 08:10:24.909,2.5,2016-01-30 20:00:00,
1.12283058,3960538,Naomi Broady,Christina Mchale v Naomi Broady,10,2016-01-30 09:19:30.725,2.56,2016-01-30 20:00:00,
1.12283058,3960538,Naomi Broady,Christina Mchale v Naomi Broady,20,2016-01-30 11:30:47.672,2.66,2016-01-30 20:00:00,
1.12283058,3960538,Naomi Broady,Christina Mchale v Naomi Broady,30,2016-01-30 11:41:43.506,2.84,2016-01-30 20:00:00,
1.12283058,3960538,Naomi Broady,Christina Mchale v Naomi Broady,40,2016-01-30 15:03:46.524,2.78,2016-01-30 20:00:00,
1.12283058,3960538,Naomi Broady,Christina Mchale v Naomi Broady,50,2016-01-30 15:16:00.620,2.96,2016-01-30 20:00:00,
1.12283058,3960538,Naomi Broady,Christina Mchale v Naomi Broady,60,2016-01-30 19:39:32.517,3.25,2016-01-30 20:00:00,
1.12283058,3960538,Naomi Broady,Christina Mchale v Naomi Broady,70,2016-01-30 19:54:03.913,3.35,2016-01-30 20:00:00,
1.12283058,3960538,Naomi Broady,Christina Mchale v Naomi Broady,80,2016-01-30 19:55:34.112,3.45,2016-01-30 20:00:00,
1.12283058,3960538,Naomi Broady,Christina Mchale v Naomi Broady,90,2016-01-30 19:56:39.263,3.2,2016-01-30 20:00:00,
1.12283058,3960538,Naomi Broady,Christina Mchale v Naomi Broady,100,2016-01-30 19:57:45.659,3.05,2016-01-30 20:00:00,
1.12283058,8765475,Christina McHale,Christina Mchale v Naomi Broady,0,2016-01-30 11:30:47.672,1.6,2016-01-30 20:00:00,
1.12283058,8765475,Christina McHale,Christina Mchale v Naomi Broady,10,2016-01-30 15:03:46.524,1.56,2016-01-30 20:00:00,
1.12283058,8765475,Christina McHale,Christina Mchale v Naomi Broady,20,2016-01-30 15:16:00.620,1.51,2016-01-30 20:00:00,
1.12283058,8765475,Christina McHale,Christina Mchale v Naomi Broady,30,2016-01-30 16:01:36.314,1.49,2016-01-30 20:00:00,
1.12283058,8765475,Christina McHale,Christina Mchale v Naomi Broady,40,2016-01-30 17:54:01.578,1.45,2016-01-30 20:00:00,
1.12283058,8765475,Christina McHale,Christina Mchale v Naomi Broady,50,2016-01-30 18:29:31.811,1.44,2016-01-30 20:00:00,
1.12283058,8765475,Christina McHale,Christina Mchale v Naomi Broady,60,2016-01-30 18:41:47.717,1.37,2016-01-30 20:00:00,
1.12283058,8765475,Christina McHale,Christina Mchale v Naomi Broady,70,2016-01-30 19:39:32.517,1.44,2016-01-30 20:00:00,
1.12283058,8765475,Christina McHale,Christina Mchale v Naomi Broady,80,2016-01-30 19:55:34.112,1.42,2016-01-30 20:00:00,
1.12283058,8765475,Christina McHale,Christina Mchale v Naomi Broady,90,2016-01-30 19:56:39.263,1.45,2016-01-30 20:00:00,
1.12283058,8765475,Christina McHale,Christina Mchale v Naomi Broady,100,2016-01-30 19:57:45.659,1.47,2016-01-30 20:00:00,
1.122833378,3019240,Thomas Fabbiano,Fabbiano v Fucsovics,0,2016-01-31 00:51:38.190,2.3,2016-01-31 11:00:00,
1.122833378,3019240,Thomas Fabbiano,Fabbiano v Fucsovics,10,2016-01-31 06:10:19.866,2.34,2016-01-31 11:00:00,
1.122833378,3019240,Thomas Fabbiano,Fabbiano v Fucsovics,20,2016-01-31 07:54:08.001,2.32,2016-01-31 11:00:00,
1.122833378,3019240,Thomas Fabbiano,Fabbiano v Fucsovics,30,2016-01-31 08:45:32.891,2.42,2016-01-31 11:00:00,
1.122833378,3019240,Thomas Fabbiano,Fabbiano v Fucsovics,40,2016-01-31 08:47:06.208,2.36,2016-01-31 11:00:00,
1.122833378,3019240,Thomas Fabbiano,Fabbiano v Fucsovics,50,2016-01-31 08:51:36.990,2.42,2016-01-31 11:00:00,
1.122833378,3019240,Thomas Fabbiano,Fabbiano v Fucsovics,60,2016-01-31 09:49:11.777,2.36,2016-01-31 11:00:00,
1.122833378,3019240,Thomas Fabbiano,Fabbiano v Fucsovics,70,2016-01-31 10:26:05.883,2.38,2016-01-31 11:00:00,
1.122833378,3019240,Thomas Fabbiano,Fabbiano v Fucsovics,80,2016-01-31 10:45:18.734,2.42,2016-01-31 11:00:00,
1.122833378,3019240,Thomas Fabbiano,Fabbiano v Fucsovics,90,2016-01-31 10:55:21.716,2.32,2016-01-31 10:58:00,
1.122833378,3019240,Thomas Fabbiano,Fabbiano v Fucsovics,100,2016-01-31 10:57:09.222,2.42,2016-01-31 10:58:00,
1.122833378,4827766,Marton Fucsovics,Fabbiano v Fucsovics,0,2016-01-31 00:51:38.190,1.77,2016-01-31 11:00:00,
1.122833378,4827766,Marton Fucsovics,Fabbiano v Fucsovics,10,2016-01-31 02:10:19.268,1.66,2016-01-31 11:00:00,
1.122833378,4827766,Marton Fucsovics,Fabbiano v Fucsovics,20,2016-01-31 06:10:19.866,1.75,2016-01-31 11:00:00,
1.122833378,4827766,Marton Fucsovics,Fabbiano v Fucsovics,30,2016-01-31 07:54:08.001,1.76,2016-01-31 11:00:00,
1.122833378,4827766,Marton Fucsovics,Fabbiano v Fucsovics,40,2016-01-31 08:45:32.891,1.7,2016-01-31 11:00:00,
1.122833378,4827766,Marton Fucsovics,Fabbiano v Fucsovics,50,2016-01-31 08:47:06.208,1.73,2016-01-31 11:00:00,
1.122833378,4827766,Marton Fucsovics,Fabbiano v Fucsovics,60,2016-01-31 08:51:36.990,1.7,2016-01-31 11:00:00,
1.122833378,4827766,Marton Fucsovics,Fabbiano v Fucsovics,70,2016-01-31 09:49:11.777,1.73,2016-01-31 11:00:00,
1.122833378,4827766,Marton Fucsovics,Fabbiano v Fucsovics,80,2016-01-31 10:28:20.019,1.71,2016-01-31 11:00:00,
1.122833378,4827766,Marton Fucsovics,Fabbiano v Fucsovics,90,2016-01-31 10:31:18.100,1.73,2016-01-31 11:00:00,
1.122833378,4827766,Marton Fucsovics,Fabbiano v Fucsovics,100,2016-01-31 10:56:16.675,1.74,2016-01-31 10:58:00,
1.122833886,4822931,Renzo Olivo,R Olivo v Londero,0,2016-01-31 08:32:26.341,1.48,2016-01-31 16:00:00,
1.122833886,4822931,Renzo Olivo,R Olivo v Londero,10,2016-01-31 08:44:48.653,1.43,2016-01-31 16:00:00,
1.122833886,4822931,Renzo Olivo,R Olivo v Londero,20,2016-01-31 11:25:30.355,1.49,2016-01-31 16:00:00,
1.122833886,4822931,Renzo Olivo,R Olivo v Londero,30,2016-01-31 12:24:24.837,1.48,2016-01-31 16:00:00,
1.122833886,4822931,Renzo Olivo,R Olivo v Londero,40,2016-01-31 12:50:09.763,1.48,2016-01-31 16:00:00,
1.122833886,4822931,Renzo Olivo,R Olivo v Londero,50,2016-01-31 13:13:36.444,1.47,2016-01-31 16:00:00,
1.122833886,4822931,Renzo Olivo,R Olivo v Londero,60,2016-01-31 13:25:50.183,1.48,2016-01-31 16:00:00,
1.122833886,4822931,Renzo Olivo,R Olivo v Londero,70,2016-01-31 15:04:26.395,1.48,2016-01-31 16:00:00,
1.122833886,4822931,Renzo Olivo,R Olivo v Londero,80,2016-01-31 15:13:26.891,1.5,2016-01-31 16:00:00,
1.122833886,4822931,Renzo Olivo,R Olivo v Londero,90,2016-01-31 15:25:31.140,1.49,2016-01-31 16:00:00,
1.122833886,4822931,Renzo Olivo,R Olivo v Londero,100,2016-01-31 15:53:14.532,1.51,2016-01-31 15:54:00,
1.122833925,5499167,Mirza Basic,Mi Basic v Dustov,0,2016-01-30 23:41:34.486,1.57,2016-01-31 11:45:00,
1.122833925,5499167,Mirza Basic,Mi Basic v Dustov,10,2016-01-31 02:10:19.268,1.62,2016-01-31 11:45:00,
1.122833925,5499167,Mirza Basic,Mi Basic v Dustov,20,2016-01-31 03:08:05.688,1.61,2016-01-31 11:45:00,
1.122833925,5499167,Mirza Basic,Mi Basic v Dustov,30,2016-01-31 08:16:25.187,1.66,2016-01-31 11:45:00,
1.122833925,5499167,Mirza Basic,Mi Basic v Dustov,40,2016-01-31 11:06:30.903,1.7,2016-01-31 11:45:00,
1.122833925,5499167,Mirza Basic,Mi Basic v Dustov,50,2016-01-31 11:18:32.488,1.67,2016-01-31 11:45:00,
1.122833925,5499167,Mirza Basic,Mi Basic v Dustov,60,2016-01-31 11:22:25.610,1.69,2016-01-31 11:45:00,
1.122833925,5499167,Mirza Basic,Mi Basic v Dustov,70,2016-01-31 11:24:18.314,1.67,2016-01-31 11:45:00,
1.122833925,5499167,Mirza Basic,Mi Basic v Dustov,80,2016-01-31 11:28:30.677,1.71,2016-01-31 11:45:00,
1.122833925,5499167,Mirza Basic,Mi Basic v Dustov,90,2016-01-31 11:40:14.830,1.7,2016-01-31 11:43:00,
1.122833925,5499167,Mirza Basic,Mi Basic v Dustov,100,2016-01-31 11:42:32.930,1.67,2016-01-31 11:43:00,
1.122834007,5071877,Andrej Martin,And Martin v Calvin Hemery,0,2016-01-31 10:03:20.467,1.71,2016-01-31 17:45:00,
1.122834007,5071877,Andrej Martin,And Martin v Calvin Hemery,10,2016-01-31 12:25:16.239,1.8,2016-01-31 17:45:00,
1.122834007,5071877,Andrej Martin,And Martin v Calvin Hemery,20,2016-01-31 15:46:20.718,1.76,2016-01-31 17:45:00,
1.122834007,5071877,Andrej Martin,And Martin v Calvin Hemery,30,2016-01-31 16:20:51.292,1.74,2016-01-31 17:45:00,
1.122834007,5071877,Andrej Martin,And Martin v Calvin Hemery,40,2016-01-31 16:51:21.232,1.73,2016-01-31 17:45:00,
1.122834007,5071877,Andrej Martin,And Martin v Calvin Hemery,50,2016-01-31 16:59:15.282,1.76,2016-01-31 17:45:00,
1.122834007,5071877,Andrej Martin,And Martin v Calvin Hemery,60,2016-01-31 17:13:59.243,1.72,2016-01-31 17:45:00,
1.122834007,5071877,Andrej Martin,And Martin v Calvin Hemery,70,2016-01-31 17:39:20.500,1.71,2016-01-31 17:45:00,
1.122834007,5071877,Andrej Martin,And Martin v Calvin Hemery,80,2016-01-31 17:41:16.059,1.7,2016-01-31 17:45:00,
1.122834007,5071877,Andrej Martin,And Martin v Calvin Hemery,90,2016-01-31 17:44:21.452,1.7,2016-01-31 17:51:00,
1.122834007,5071877,Andrej Martin,And Martin v Calvin Hemery,100,2016-01-31 17:50:08.561,1.72,2016-01-31 17:51:00,
1.122834007,8284525,Calvin Hemery ,And Martin v Calvin Hemery,0,2016-01-31 08:50:45.174,2.4,2016-01-31 17:45:00,
1.122834007,8284525,Calvin Hemery ,And Martin v Calvin Hemery,10,2016-01-31 10:06:36.685,2.32,2016-01-31 17:45:00,
1.122834007,8284525,Calvin Hemery ,And Martin v Calvin Hemery,20,2016-01-31 11:24:55.442,2.32,2016-01-31 17:45:00,
1.122834007,8284525,Calvin Hemery ,And Martin v Calvin Hemery,30,2016-01-31 13:11:53.417,2.46,2016-01-31 17:45:00,
1.122834007,8284525,Calvin Hemery ,And Martin v Calvin Hemery,40,2016-01-31 16:40:52.999,2.36,2016-01-31 17:45:00,
1.122834007,8284525,Calvin Hemery ,And Martin v Calvin Hemery,50,2016-01-31 16:50:17.729,2.28,2016-01-31 17:45:00,
1.122834007,8284525,Calvin Hemery ,And Martin v Calvin Hemery,60,2016-01-31 17:13:22.009,2.36,2016-01-31 17:45:00,
1.122834007,8284525,Calvin Hemery ,And Martin v Calvin Hemery,70,2016-01-31 17:13:59.243,2.38,2016-01-31 17:45:00,
1.122834007,8284525,Calvin Hemery ,And Martin v Calvin Hemery,80,2016-01-31 17:36:57.496,2.4,2016-01-31 17:45:00,
1.122834007,8284525,Calvin Hemery ,And Martin v Calvin Hemery,90,2016-01-31 17:40:21.328,2.34,2016-01-31 17:45:00,
1.122834007,8284525,Calvin Hemery ,And Martin v Calvin Hemery,100,2016-01-31 17:46:04.474,2.38,2016-01-31 17:51:00,
1.122834121,2395076,Daniel Brands,Kravchuk v Brands,0,2016-01-31 05:40:26.634,1.62,2016-01-31 13:30:00,
1.122834121,2395076,Daniel Brands,Kravchuk v Brands,10,2016-01-31 08:36:25.113,1.56,2016-01-31 13:30:00,
1.122834121,2395076,Daniel Brands,Kravchuk v Brands,20,2016-01-31 10:00:27.183,1.58,2016-01-31 13:30:00,
1.122834121,2395076,Daniel Brands,Kravchuk v Brands,30,2016-01-31 11:01:28.629,1.5,2016-01-31 13:30:00,
1.122834121,2395076,Daniel Brands,Kravchuk v Brands,40,2016-01-31 11:02:18.762,1.49,2016-01-31 13:30:00,
1.122834121,2395076,Daniel Brands,Kravchuk v Brands,50,2016-01-31 11:40:28.442,1.52,2016-01-31 13:30:00,
1.122834121,2395076,Daniel Brands,Kravchuk v Brands,60,2016-01-31 11:58:28.966,1.48,2016-01-31 13:30:00,
1.122834121,2395076,Daniel Brands,Kravchuk v Brands,70,2016-01-31 12:04:05.859,1.49,2016-01-31 13:30:00,
1.122834121,2395076,Daniel Brands,Kravchuk v Brands,80,2016-01-31 12:28:13.545,1.52,2016-01-31 13:30:00,
1.122834121,2395076,Daniel Brands,Kravchuk v Brands,90,2016-01-31 12:47:24.246,1.44,2016-01-31 13:30:00,
1.122834121,2395076,Daniel Brands,Kravchuk v Brands,100,2016-01-31 13:00:28.937,1.41,2016-01-31 13:30:00,
1.122834253,3622149,Stefanie Voegele,AN Sophie Mestach v Stefanie Voegele,0,2016-01-31 04:06:43.611,1.87,2016-01-31 13:30:00,
1.122834253,3622149,Stefanie Voegele,AN Sophie Mestach v Stefanie Voegele,10,2016-01-31 07:58:42.808,1.65,2016-01-31 13:30:00,
1.122834253,3622149,Stefanie Voegele,AN Sophie Mestach v Stefanie Voegele,20,2016-01-31 10:33:01.136,1.65,2016-01-31 13:30:00,
1.122834253,3622149,Stefanie Voegele,AN Sophie Mestach v Stefanie Voegele,30,2016-01-31 10:55:16.426,1.65,2016-01-31 13:30:00,
1.122834253,3622149,Stefanie Voegele,AN Sophie Mestach v Stefanie Voegele,40,2016-01-31 11:23:39.825,1.66,2016-01-31 13:30:00,
1.122834253,3622149,Stefanie Voegele,AN Sophie Mestach v Stefanie Voegele,50,2016-01-31 11:34:38.014,1.6,2016-01-31 13:30:00,
1.122834253,3622149,Stefanie Voegele,AN Sophie Mestach v Stefanie Voegele,60,2016-01-31 11:46:43.994,1.68,2016-01-31 13:30:00,
1.122834253,3622149,Stefanie Voegele,AN Sophie Mestach v Stefanie Voegele,70,2016-01-31 12:33:07.158,1.61,2016-01-31 13:30:00,
1.122834253,3622149,Stefanie Voegele,AN Sophie Mestach v Stefanie Voegele,80,2016-01-31 13:05:41.649,1.7,2016-01-31 13:30:00,
1.122834253,3622149,Stefanie Voegele,AN Sophie Mestach v Stefanie Voegele,90,2016-01-31 13:07:43.990,1.6,2016-01-31 13:30:00,
1.122834253,3622149,Stefanie Voegele,AN Sophie Mestach v Stefanie Voegele,100,2016-01-31 13:27:38.980,1.61,2016-01-31 13:30:00,
1.122835054,2370190,Igor Sijsling,Kudryavtsev v Sijsling,0,2016-01-31 06:09:46.086,1.72,2016-01-31 09:30:00,
1.122835054,2370190,Igor Sijsling,Kudryavtsev v Sijsling,10,2016-01-31 06:47:53.781,1.58,2016-01-31 09:30:00,
1.122835054,2370190,Igor Sijsling,Kudryavtsev v Sijsling,20,2016-01-31 08:37:13.013,1.6,2016-01-31 09:30:00,
1.122835054,2370190,Igor Sijsling,Kudryavtsev v Sijsling,30,2016-01-31 08:37:42.686,1.59,2016-01-31 09:30:00,
1.122835054,2370190,Igor Sijsling,Kudryavtsev v Sijsling,40,2016-01-31 09:05:20.742,1.58,2016-01-31 09:30:00,
1.122835054,2370190,Igor Sijsling,Kudryavtsev v Sijsling,50,2016-01-31 09:14:07.298,1.58,2016-01-31 09:30:00,
1.122835054,2370190,Igor Sijsling,Kudryavtsev v Sijsling,60,2016-01-31 09:18:13.303,1.64,2016-01-31 09:30:00,
1.122835054,2370190,Igor Sijsling,Kudryavtsev v Sijsling,70,2016-01-31 09:25:13.176,1.63,2016-01-31 09:30:00,
1.122835054,2370190,Igor Sijsling,Kudryavtsev v Sijsling,80,2016-01-31 09:27:41.970,1.62,2016-01-31 09:30:00,
1.122835054,2370190,Igor Sijsling,Kudryavtsev v Sijsling,90,2016-01-31 09:33:25.119,1.62,2016-01-31 09:40:00,
1.122835054,2370190,Igor Sijsling,Kudryavtsev v Sijsling,100,2016-01-31 09:37:57.921,1.55,2016-01-31 09:40:00,
1.122835066,5617034,Kenny De Schepper,Lamasine v K De Schepper,0,2016-01-31 08:44:25.197,1.38,2016-01-31 13:00:00,
1.122835066,5617034,Kenny De Schepper,Lamasine v K De Schepper,10,2016-01-31 09:14:03.047,1.37,2016-01-31 13:00:00,
1.122835066,5617034,Kenny De Schepper,Lamasine v K De Schepper,20,2016-01-31 11:26:18.844,1.36,2016-01-31 13:00:00,
1.122835066,5617034,Kenny De Schepper,Lamasine v K De Schepper,30,2016-01-31 11:43:28.608,1.37,2016-01-31 13:00:00,
1.122835066,5617034,Kenny De Schepper,Lamasine v K De Schepper,40,2016-01-31 12:22:26.787,1.39,2016-01-31 13:00:00,
1.122835066,5617034,Kenny De Schepper,Lamasine v K De Schepper,50,2016-01-31 12:36:25.324,1.36,2016-01-31 13:00:00,
1.122835066,5617034,Kenny De Schepper,Lamasine v K De Schepper,60,2016-01-31 12:43:26.824,1.35,2016-01-31 13:00:00,
1.122835066,5617034,Kenny De Schepper,Lamasine v K De Schepper,70,2016-01-31 12:55:26.222,1.39,2016-01-31 13:04:00,
1.122835066,5617034,Kenny De Schepper,Lamasine v K De Schepper,80,2016-01-31 12:57:25.663,1.36,2016-01-31 13:04:00,
1.122835066,5617034,Kenny De Schepper,Lamasine v K De Schepper,90,2016-01-31 12:58:22.601,1.4,2016-01-31 13:04:00,
1.122835066,5617034,Kenny De Schepper,Lamasine v K De Schepper,100,2016-01-31 12:59:05.537,1.37,2016-01-31 13:04:00,
1.122835074,2263625,Mischa Zverev,Du Brown v M Zverev,0,2016-01-31 07:09:08.757,1.55,2016-01-31 13:00:00,
1.122835074,2263625,Mischa Zverev,Du Brown v M Zverev,10,2016-01-31 08:44:26.830,1.54,2016-01-31 13:00:00,
1.122835074,2263625,Mischa Zverev,Du Brown v M Zverev,20,2016-01-31 11:03:17.011,1.49,2016-01-31 13:00:00,
1.122835074,2263625,Mischa Zverev,Du Brown v M Zverev,30,2016-01-31 11:36:23.908,1.52,2016-01-31 13:00:00,
1.122835074,2263625,Mischa Zverev,Du Brown v M Zverev,40,2016-01-31 11:53:27.438,1.53,2016-01-31 13:00:00,
1.122835074,2263625,Mischa Zverev,Du Brown v M Zverev,50,2016-01-31 11:58:24.794,1.47,2016-01-31 13:00:00,
1.122835074,2263625,Mischa Zverev,Du Brown v M Zverev,60,2016-01-31 12:05:15.901,1.5,2016-01-31 13:00:00,
1.122835074,2263625,Mischa Zverev,Du Brown v M Zverev,70,2016-01-31 12:08:57.615,1.52,2016-01-31 13:00:00,
1.122835074,2263625,Mischa Zverev,Du Brown v M Zverev,80,2016-01-31 12:22:24.033,1.51,2016-01-31 12:30:00,
1.122835074,2263625,Mischa Zverev,Du Brown v M Zverev,90,2016-01-31 12:26:10.519,1.5,2016-01-31 12:30:00,
1.122835074,2263625,Mischa Zverev,Du Brown v M Zverev,100,2016-01-31 12:29:15.503,1.5,2016-01-31 12:30:00,
1.122835074,4486603,Dustin Brown,Du Brown v M Zverev,0,2016-01-31 08:49:24.925,2.84,2016-01-31 13:00:00,
1.122835074,4486603,Dustin Brown,Du Brown v M Zverev,10,2016-01-31 11:36:23.908,2.92,2016-01-31 13:00:00,
1.122835074,4486603,Dustin Brown,Du Brown v M Zverev,20,2016-01-31 11:48:21.253,2.9,2016-01-31 13:00:00,
1.122835074,4486603,Dustin Brown,Du Brown v M Zverev,30,2016-01-31 11:51:12.129,2.9,2016-01-31 13:00:00,
1.122835074,4486603,Dustin Brown,Du Brown v M Zverev,40,2016-01-31 11:53:27.438,2.92,2016-01-31 13:00:00,
1.122835074,4486603,Dustin Brown,Du Brown v M Zverev,50,2016-01-31 11:58:24.794,3.15,2016-01-31 13:00:00,
1.122835074,4486603,Dustin Brown,Du Brown v M Zverev,60,2016-01-31 12:05:15.901,3.0,2016-01-31 13:00:00,
1.122835074,4486603,Dustin Brown,Du Brown v M Zverev,70,2016-01-31 12:06:30.982,2.98,2016-01-31 13:00:00,
1.122835074,4486603,Dustin Brown,Du Brown v M Zverev,80,2016-01-31 12:10:30.743,2.98,2016-01-31 13:00:00,
1.122835074,4486603,Dustin Brown,Du Brown v M Zverev,90,2016-01-31 12:20:30.528,2.96,2016-01-31 13:00:00,
1.122835074,4486603,Dustin Brown,Du Brown v M Zverev,100,2016-01-31 12:26:10.519,3.0,2016-01-31 12:30:00,
1.122835078,7414305,Elias Ymer,E Ymer v Janvier,0,2016-01-31 08:16:30.503,1.48,2016-01-31 14:45:00,
1.122835078,7414305,Elias Ymer,E Ymer v Janvier,10,2016-01-31 11:08:25.875,1.61,2016-01-31 14:45:00,
1.122835078,7414305,Elias Ymer,E Ymer v Janvier,20,2016-01-31 11:43:21.291,1.59,2016-01-31 14:45:00,
1.122835078,7414305,Elias Ymer,E Ymer v Janvier,30,2016-01-31 12:23:05.754,1.59,2016-01-31 14:45:00,
1.122835078,7414305,Elias Ymer,E Ymer v Janvier,40,2016-01-31 13:10:31.727,1.54,2016-01-31 14:45:00,
1.122835078,7414305,Elias Ymer,E Ymer v Janvier,50,2016-01-31 13:18:01.804,1.54,2016-01-31 14:45:00,
1.122835078,7414305,Elias Ymer,E Ymer v Janvier,60,2016-01-31 13:29:33.536,1.54,2016-01-31 14:45:00,
1.122835078,7414305,Elias Ymer,E Ymer v Janvier,70,2016-01-31 13:45:18.914,1.55,2016-01-31 14:45:00,
1.122835078,7414305,Elias Ymer,E Ymer v Janvier,80,2016-01-31 14:10:34.890,1.53,2016-01-31 14:45:00,
1.122835078,7414305,Elias Ymer,E Ymer v Janvier,90,2016-01-31 14:26:32.072,1.53,2016-01-31 14:45:00,
1.122835078,7414305,Elias Ymer,E Ymer v Janvier,100,2016-01-31 14:58:33.371,1.52,2016-01-31 15:02:00,
1.122835078,8257852,Maxime Janvier,E Ymer v Janvier,0,2016-01-31 08:16:30.503,2.88,2016-01-31 14:45:00,
1.122835078,8257852,Maxime Janvier,E Ymer v Janvier,10,2016-01-31 08:21:37.753,2.86,2016-01-31 14:45:00,
1.122835078,8257852,Maxime Janvier,E Ymer v Janvier,20,2016-01-31 11:08:25.875,2.62,2016-01-31 14:45:00,
1.122835078,8257852,Maxime Janvier,E Ymer v Janvier,30,2016-01-31 11:43:21.291,2.68,2016-01-31 14:45:00,
1.122835078,8257852,Maxime Janvier,E Ymer v Janvier,40,2016-01-31 12:24:10.468,2.8,2016-01-31 14:45:00,
1.122835078,8257852,Maxime Janvier,E Ymer v Janvier,50,2016-01-31 12:35:51.187,2.82,2016-01-31 14:45:00,
1.122835078,8257852,Maxime Janvier,E Ymer v Janvier,60,2016-01-31 13:11:37.316,2.72,2016-01-31 14:45:00,
1.122835078,8257852,Maxime Janvier,E Ymer v Janvier,70,2016-01-31 13:23:35.441,2.76,2016-01-31 14:45:00,
1.122835078,8257852,Maxime Janvier,E Ymer v Janvier,80,2016-01-31 13:23:57.599,2.74,2016-01-31 14:45:00,
1.122835078,8257852,Maxime Janvier,E Ymer v Janvier,90,2016-01-31 13:57:35.707,2.84,2016-01-31 14:45:00,
1.122835078,8257852,Maxime Janvier,E Ymer v Janvier,100,2016-01-31 14:40:21.733,2.9,2016-01-31 14:45:00,
1.122835082,7659623,Karen Khachanov,Millot v Khachanov,0,2016-01-31 08:18:16.010,1.58,2016-01-31 14:45:00,
1.122835082,7659623,Karen Khachanov,Millot v Khachanov,10,2016-01-31 08:28:39.080,1.56,2016-01-31 14:45:00,
1.122835082,7659623,Karen Khachanov,Millot v Khachanov,20,2016-01-31 08:29:30.639,1.51,2016-01-31 14:45:00,
1.122835082,7659623,Karen Khachanov,Millot v Khachanov,30,2016-01-31 11:22:33.494,1.53,2016-01-31 14:45:00,
1.122835082,7659623,Karen Khachanov,Millot v Khachanov,40,2016-01-31 12:18:37.631,1.51,2016-01-31 14:45:00,
1.122835082,7659623,Karen Khachanov,Millot v Khachanov,50,2016-01-31 12:22:38.879,1.54,2016-01-31 14:45:00,
1.122835082,7659623,Karen Khachanov,Millot v Khachanov,60,2016-01-31 12:37:21.973,1.51,2016-01-31 14:45:00,
1.122835082,7659623,Karen Khachanov,Millot v Khachanov,70,2016-01-31 12:39:19.215,1.49,2016-01-31 14:45:00,
1.122835082,7659623,Karen Khachanov,Millot v Khachanov,80,2016-01-31 13:09:02.351,1.5,2016-01-31 14:45:00,
1.122835082,7659623,Karen Khachanov,Millot v Khachanov,90,2016-01-31 13:22:21.746,1.49,2016-01-31 14:45:00,
1.122835082,7659623,Karen Khachanov,Millot v Khachanov,100,2016-01-31 13:57:35.538,1.49,2016-01-31 14:45:00,
1.122835812,2345099,Paolo Lorenzi,G Melzer v P Lorenzi,0,2016-01-31 08:41:15.533,1.38,2016-01-31 15:55:00,
1.122835812,2345099,Paolo Lorenzi,G Melzer v P Lorenzi,10,2016-01-31 10:13:28.668,1.35,2016-01-31 15:55:00,
1.122835812,2345099,Paolo Lorenzi,G Melzer v P Lorenzi,20,2016-01-31 10:40:20.903,1.35,2016-01-31 15:55:00,
1.122835812,2345099,Paolo Lorenzi,G Melzer v P Lorenzi,30,2016-01-31 11:51:18.442,1.34,2016-01-31 15:55:00,
1.122835812,2345099,Paolo Lorenzi,G Melzer v P Lorenzi,40,2016-01-31 12:32:23.111,1.35,2016-01-31 15:55:00,
1.122835812,2345099,Paolo Lorenzi,G Melzer v P Lorenzi,50,2016-01-31 12:57:26.358,1.35,2016-01-31 15:55:00,
1.122835812,2345099,Paolo Lorenzi,G Melzer v P Lorenzi,60,2016-01-31 13:41:26.012,1.32,2016-01-31 15:55:00,
1.122835812,2345099,Paolo Lorenzi,G Melzer v P Lorenzi,70,2016-01-31 14:15:25.024,1.34,2016-01-31 15:55:00,
1.122835812,2345099,Paolo Lorenzi,G Melzer v P Lorenzi,80,2016-01-31 14:55:25.944,1.35,2016-01-31 15:55:00,
1.122835812,2345099,Paolo Lorenzi,G Melzer v P Lorenzi,90,2016-01-31 15:25:28.699,1.35,2016-01-31 15:55:00,
1.122835812,2345099,Paolo Lorenzi,G Melzer v P Lorenzi,100,2016-01-31 15:55:30.259,1.4,2016-01-31 15:58:00,
1.12283645,7287668,Jozef Kovalik,Kovalik v Struvay,0,2016-01-31 08:50:10.135,1.61,2016-01-31 17:00:00,
1.12283645,7287668,Jozef Kovalik,Kovalik v Struvay,10,2016-01-31 11:16:20.884,1.66,2016-01-31 17:00:00,
1.12283645,7287668,Jozef Kovalik,Kovalik v Struvay,20,2016-01-31 11:30:13.261,1.76,2016-01-31 17:00:00,
1.12283645,7287668,Jozef Kovalik,Kovalik v Struvay,30,2016-01-31 12:34:38.081,1.74,2016-01-31 17:00:00,
1.12283645,7287668,Jozef Kovalik,Kovalik v Struvay,40,2016-01-31 13:09:34.703,1.74,2016-01-31 17:00:00,
1.12283645,7287668,Jozef Kovalik,Kovalik v Struvay,50,2016-01-31 14:30:06.108,1.8,2016-01-31 17:00:00,
1.12283645,7287668,Jozef Kovalik,Kovalik v Struvay,60,2016-01-31 14:53:33.162,1.79,2016-01-31 17:00:00,
1.12283645,7287668,Jozef Kovalik,Kovalik v Struvay,70,2016-01-31 15:33:20.981,1.82,2016-01-31 17:00:00,
1.12283645,7287668,Jozef Kovalik,Kovalik v Struvay,80,2016-01-31 16:13:40.825,1.81,2016-01-31 17:00:00,
1.12283645,7287668,Jozef Kovalik,Kovalik v Struvay,90,2016-01-31 16:21:13.528,1.81,2016-01-31 17:00:00,
1.12283645,7287668,Jozef Kovalik,Kovalik v Struvay,100,2016-01-31 16:55:15.095,1.81,2016-01-31 16:58:00,
1.12283645,7431682,Eduardo Struvay,Kovalik v Struvay,0,2016-01-31 11:16:20.884,2.5,2016-01-31 17:00:00,
1.12283645,7431682,Eduardo Struvay,Kovalik v Struvay,10,2016-01-31 11:17:09.324,2.36,2016-01-31 17:00:00,
1.12283645,7431682,Eduardo Struvay,Kovalik v Struvay,20,2016-01-31 11:20:15.865,2.38,2016-01-31 17:00:00,
1.12283645,7431682,Eduardo Struvay,Kovalik v Struvay,30,2016-01-31 11:30:13.261,2.3,2016-01-31 17:00:00,
1.12283645,7431682,Eduardo Struvay,Kovalik v Struvay,40,2016-01-31 14:30:06.108,2.28,2016-01-31 17:00:00,
1.12283645,7431682,Eduardo Struvay,Kovalik v Struvay,50,2016-01-31 14:32:24.642,2.22,2016-01-31 17:00:00,
1.12283645,7431682,Eduardo Struvay,Kovalik v Struvay,60,2016-01-31 14:53:33.162,2.28,2016-01-31 17:00:00,
1.12283645,7431682,Eduardo Struvay,Kovalik v Struvay,70,2016-01-31 16:03:18.520,2.26,2016-01-31 17:00:00,
1.12283645,7431682,Eduardo Struvay,Kovalik v Struvay,80,2016-01-31 16:36:20.161,2.22,2016-01-31 17:00:00,
1.12283645,7431682,Eduardo Struvay,Kovalik v Struvay,90,2016-01-31 16:50:21.199,2.18,2016-01-31 16:58:00,
1.12283645,7431682,Eduardo Struvay,Kovalik v Struvay,100,2016-01-31 16:55:15.095,2.22,2016-01-31 16:58:00,
1.122836468,4490590,Joao Souza,Souza v R Quiroz,0,2016-01-31 08:47:12.704,1.17,2016-01-31 19:30:00,
1.122836468,4490590,Joao Souza,Souza v R Quiroz,10,2016-01-31 12:26:14.143,1.24,2016-01-31 19:30:00,
1.122836468,4490590,Joao Souza,Souza v R Quiroz,20,2016-01-31 14:01:16.055,1.16,2016-01-31 19:30:00,
1.122836468,4490590,Joao Souza,Souza v R Quiroz,30,2016-01-31 14:17:12.631,1.17,2016-01-31 19:30:00,
1.122836468,4490590,Joao Souza,Souza v R Quiroz,40,2016-01-31 16:06:52.327,1.18,2016-01-31 19:30:00,
1.122836468,4490590,Joao Souza,Souza v R Quiroz,50,2016-01-31 18:08:38.945,1.19,2016-01-31 19:30:00,
1.122836468,4490590,Joao Souza,Souza v R Quiroz,60,2016-01-31 18:23:18.434,1.18,2016-01-31 19:30:00,
1.122836468,4490590,Joao Souza,Souza v R Quiroz,70,2016-01-31 18:33:17.866,1.19,2016-01-31 19:30:00,
1.122836468,4490590,Joao Souza,Souza v R Quiroz,80,2016-01-31 18:48:33.843,1.18,2016-01-31 19:30:00,
1.122836468,4490590,Joao Souza,Souza v R Quiroz,90,2016-01-31 18:53:12.560,1.19,2016-01-31 19:30:00,
1.122836468,4490590,Joao Souza,Souza v R Quiroz,100,2016-01-31 19:26:39.538,1.19,2016-01-31 19:30:00,
1.122837241,8765475,Christina McHale,Christina Mchale v Raveena Kingsley,0,2016-01-31 11:47:43.171,1.32,2016-01-31 20:00:00,
1.122837241,8765475,Christina McHale,Christina Mchale v Raveena Kingsley,10,2016-01-31 12:05:05.282,1.28,2016-01-31 20:00:00,
1.122837241,8765475,Christina McHale,Christina Mchale v Raveena Kingsley,20,2016-01-31 13:43:39.114,1.21,2016-01-31 20:00:00,
1.122837241,8765475,Christina McHale,Christina Mchale v Raveena Kingsley,30,2016-01-31 17:14:26.270,1.25,2016-01-31 20:00:00,
1.122837241,8765475,Christina McHale,Christina Mchale v Raveena Kingsley,40,2016-01-31 17:46:43.824,1.23,2016-01-31 20:00:00,
1.122837241,8765475,Christina McHale,Christina Mchale v Raveena Kingsley,50,2016-01-31 18:17:01.153,1.21,2016-01-31 20:00:00,
1.122837241,8765475,Christina McHale,Christina Mchale v Raveena Kingsley,60,2016-01-31 18:18:06.359,1.24,2016-01-31 20:00:00,
1.122837241,8765475,Christina McHale,Christina Mchale v Raveena Kingsley,70,2016-01-31 18:22:13.405,1.22,2016-01-31 20:00:00,
1.122837241,8765475,Christina McHale,Christina Mchale v Raveena Kingsley,80,2016-01-31 18:37:03.462,1.22,2016-01-31 20:00:00,
1.122837241,8765475,Christina McHale,Christina Mchale v Raveena Kingsley,90,2016-01-31 19:52:50.556,1.24,2016-01-31 20:00:00,
1.122837241,8765475,Christina McHale,Christina Mchale v Raveena Kingsley,100,2016-01-31 19:58:17.851,1.22,2016-01-31 20:00:00,
