market_id,selection_id,runner_name,event_name,interval_pct,timestamp,ltp,market_time,inplay_start
1.127968445,2257317,Nicolas Mahut,Mahut v Klizan,0,2016-10-28 21:20:37.071,1.21,2016-10-29 12:00:00,
1.127968445,2257317,Nicolas Mahut,Mahut v Klizan,10,2016-10-30 07:48:22.631,1.59,2016-10-31 12:00:00,
1.127968445,2257317,Nicolas Mahut,Mahut v Klizan,20,2016-10-31 17:17:27.109,1.74,2016-11-01 10:00:00,
1.127968445,2257317,Nicolas Mahut,Mahut v Klizan,30,2016-11-01 03:58:52.324,1.78,2016-11-01 10:00:00,
1.127968445,2257317,Nicolas Mahut,Mahut v Klizan,40,2016-11-01 06:43:43.159,1.83,2016-11-01 10:00:00,
1.127968445,2257317,Nicolas Mahut,Mahut v Klizan,50,2016-11-01 07:48:40.926,1.83,2016-11-01 10:00:00,
1.127968445,2257317,Nicolas Mahut,Mahut v Klizan,60,2016-11-01 08:39:25.737,1.8,2016-11-01 10:00:00,
1.127968445,2257317,Nicolas Mahut,Mahut v Klizan,70,2016-11-01 08:53:49.825,1.78,2016-11-01 10:00:00,
1.127968445,2257317,Nicolas Mahut,Mahut v Klizan,80,2016-11-01 09:18:17.707,1.78,2016-11-01 10:00:00,
1.127968445,2257317,Nicolas Mahut,Mahut v Klizan,90,2016-11-01 09:36:10.064,1.79,2016-11-01 10:00:00,
1.127968445,2257317,Nicolas Mahut,Mahut v Klizan,100,2016-11-01 09:55:19.072,1.76,2016-11-01 10:00:00,
1.127968445,2496035,Martin Klizan,Mahut v Klizan,0,2016-10-29 09:26:59.578,2.66,2016-10-30 12:00:00,
1.127968445,2496035,Martin Klizan,Mahut v Klizan,10,2016-10-31 07:40:20.485,2.42,2016-11-01 12:00:00,
1.127968445,2496035,Martin Klizan,Mahut v Klizan,20,2016-10-31 22:21:29.284,2.22,2016-11-01 10:00:00,
1.127968445,2496035,Martin Klizan,Mahut v Klizan,30,2016-11-01 03:55:45.437,2.24,2016-11-01 10:00:00,
1.127968445,2496035,Martin Klizan,Mahut v Klizan,40,2016-11-01 06:03:34.372,2.22,2016-11-01 10:00:00,
1.127968445,2496035,Martin Klizan,Mahut v Klizan,50,2016-11-01 07:58:49.901,2.16,2016-11-01 10:00:00,
1.127968445,2496035,Martin Klizan,Mahut v Klizan,60,2016-11-01 08:29:21.528,2.28,2016-11-01 10:00:00,
1.127968445,2496035,Martin Klizan,Mahut v Klizan,70,2016-11-01 08:45:26.619,2.28,2016-11-01 10:00:00,
1.127968445,2496035,Martin Klizan,Mahut v Klizan,80,2016-11-01 08:59:23.305,2.3,2016-11-01 10:00:00,
1.127968445,2496035,Martin Klizan,Mahut v Klizan,90,2016-11-01 09:41:19.713,2.26,2016-11-01 10:00:00,
1.127968445,2496035,Martin Klizan,Mahut v Klizan,100,2016-11-01 09:55:19.072,2.3,2016-11-01 10:00:00,
1.127968553,2257302,Philipp Kohlschreiber,Kohlschreiber v J Sock,0,2016-10-30 18:26:36.281,2.38,2016-10-31 12:00:00,
1.127968553,2257302,Philipp Kohlschreiber,Kohlschreiber v J Sock,10,2016-10-31 08:08:48.229,2.42,2016-11-01 12:00:00,
1.127968553,2257302,Philipp Kohlschreiber,Kohlschreiber v J Sock,20,2016-11-01 04:00:08.473,2.38,2016-11-01 14:00:00,
1.127968553,2257302,Philipp Kohlschreiber,Kohlschreiber v J Sock,30,2016-11-01 09:19:41.712,2.42,2016-11-01 14:00:00,
1.127968553,2257302,Philipp Kohlschreiber,Kohlschreiber v J Sock,40,2016-11-01 10:04:56.823,2.42,2016-11-01 13:50:00,
1.127968553,2257302,Philipp Kohlschreiber,Kohlschreiber v J Sock,50,2016-11-01 11:56:09.885,2.46,2016-11-01 13:39:00,
1.127968553,2257302,Philipp Kohlschreiber,Kohlschreiber v J Sock,60,2016-11-01 13:16:10.533,2.48,2016-11-01 13:39:00,
1.127968553,2257302,Philipp Kohlschreiber,Kohlschreiber v J Sock,70,2016-11-01 13:33:31.721,2.5,2016-11-01 13:39:00,
1.127968553,2257302,Philipp Kohlschreiber,Kohlschreiber v J Sock,80,2016-11-01 13:46:10.546,2.52,2016-11-01 13:54:00,
1.127968553,2257302,Philipp Kohlschreiber,Kohlschreiber v J Sock,90,2016-11-01 14:00:30.916,2.54,2016-11-01 14:09:00,
1.127968553,2257302,Philipp Kohlschreiber,Kohlschreiber v J Sock,100,2016-11-01 14:17:34.312,2.58,2016-11-01 14:31:00,
1.127968553,4596957,Jack Sock,Kohlschreiber v J Sock,0,2016-10-29 13:44:44.451,1.76,2016-10-30 12:00:00,
1.127968553,4596957,Jack Sock,Kohlschreiber v J Sock,10,2016-10-30 22:03:56.912,1.7,2016-10-31 12:00:00,
1.127968553,4596957,Jack Sock,Kohlschreiber v J Sock,20,2016-10-31 12:18:25.486,1.71,2016-11-01 12:00:00,
1.127968553,4596957,Jack Sock,Kohlschreiber v J Sock,30,2016-10-31 22:18:07.382,1.71,2016-11-01 14:00:00,
1.127968553,4596957,Jack Sock,Kohlschreiber v J Sock,40,2016-11-01 07:29:50.801,1.71,2016-11-01 14:00:00,
1.127968553,4596957,Jack Sock,Kohlschreiber v J Sock,50,2016-11-01 08:58:16.350,1.69,2016-11-01 14:00:00,
1.127968553,4596957,Jack Sock,Kohlschreiber v J Sock,60,2016-11-01 10:33:45.181,1.7,2016-11-01 13:50:00,
1.127968553,4596957,Jack Sock,Kohlschreiber v J Sock,70,2016-11-01 12:01:34.280,1.69,2016-11-01 13:39:00,
1.127968553,4596957,Jack Sock,Kohlschreiber v J Sock,80,2016-11-01 13:26:28.506,1.68,2016-11-01 13:39:00,
1.127968553,4596957,Jack Sock,Kohlschreiber v J Sock,90,2016-11-01 13:56:33.300,1.65,2016-11-01 14:09:00,
1.127968553,4596957,Jack Sock,Kohlschreiber v J Sock,100,2016-11-01 14:20:30.694,1.63,2016-11-01 14:31:00,
1.127968755,2263624,Viktor Troicki,Troicki v A Mannarino,0,2016-10-28 21:19:51.244,1.21,2016-10-29 12:00:00,
1.127968755,2263624,Viktor Troicki,Troicki v A Mannarino,10,2016-10-31 20:39:56.375,1.59,2016-11-01 12:00:00,
1.127968755,2263624,Viktor Troicki,Troicki v A Mannarino,20,2016-11-01 04:55:29.281,1.58,2016-11-01 12:00:00,
1.127968755,2263624,Viktor Troicki,Troicki v A Mannarino,30,2016-11-01 07:29:25.680,1.52,2016-11-01 12:00:00,
1.127968755,2263624,Viktor Troicki,Troicki v A Mannarino,40,2016-11-01 09:01:09.840,1.52,2016-11-01 12:00:00,
1.127968755,2263624,Viktor Troicki,Troicki v A Mannarino,50,2016-11-01 09:59:11.864,1.52,2016-11-01 11:50:00,
1.127968755,2263624,Viktor Troicki,Troicki v A Mannarino,60,2016-11-01 10:13:41.505,1.55,2016-11-01 11:50:00,
1.127968755,2263624,Viktor Troicki,Troicki v A Mannarino,70,2016-11-01 10:52:12.644,1.54,2016-11-01 11:50:00,
1.127968755,2263624,Viktor Troicki,Troicki v A Mannarino,80,2016-11-01 11:05:35.251,1.54,2016-11-01 11:50:00,
1.127968755,2263624,Viktor Troicki,Troicki v A Mannarino,90,2016-11-01 11:28:35.629,1.56,2016-11-01 11:50:00,
1.127968755,2263624,Viktor Troicki,Troicki v A Mannarino,100,2016-11-01 11:38:42.026,1.58,2016-11-01 11:39:00,
1.127968755,3066621,Adrian Mannarino,Troicki v A Mannarino,0,2016-10-29 23:32:35.533,2.66,2016-10-30 12:00:00,
1.127968755,3066621,Adrian Mannarino,Troicki v A Mannarino,10,2016-11-01 02:46:33.153,2.8,2016-11-01 12:00:00,
1.127968755,3066621,Adrian Mannarino,Troicki v A Mannarino,20,2016-11-01 07:29:25.680,2.92,2016-11-01 12:00:00,
1.127968755,3066621,Adrian Mannarino,Troicki v A Mannarino,30,2016-11-01 08:29:14.919,2.96,2016-11-01 12:00:00,
1.127968755,3066621,Adrian Mannarino,Troicki v A Mannarino,40,2016-11-01 09:59:11.864,2.92,2016-11-01 11:50:00,
1.127968755,3066621,Adrian Mannarino,Troicki v A Mannarino,50,2016-11-01 10:22:30.362,2.94,2016-11-01 11:50:00,
1.127968755,3066621,Adrian Mannarino,Troicki v A Mannarino,60,2016-11-01 11:01:22.947,2.82,2016-11-01 11:50:00,
1.127968755,3066621,Adrian Mannarino,Troicki v A Mannarino,70,2016-11-01 11:13:29.174,2.9,2016-11-01 11:50:00,
1.127968755,3066621,Adrian Mannarino,Troicki v A Mannarino,80,2016-11-01 11:15:38.391,2.84,2016-11-01 11:50:00,
1.127968755,3066621,Adrian Mannarino,Troicki v A Mannarino,90,2016-11-01 11:32:29.683,2.8,2016-11-01 11:50:00,
1.127968755,3066621,Adrian Mannarino,Troicki v A Mannarino,100,2016-11-01 11:38:42.026,2.74,2016-11-01 11:39:00,
1.12796877,4422812,Stephane Robert,Ramos-Vinolas v St Robert,0,2016-10-29 23:35:29.285,2.08,2016-10-30 12:00:00,
1.12796877,4422812,Stephane Robert,Ramos-Vinolas v St Robert,10,2016-10-30 22:20:16.087,2.2,2016-10-31 19:30:00,
1.12796877,4422812,Stephane Robert,Ramos-Vinolas v St Robert,20,2016-10-31 09:51:32.183,2.26,2016-10-31 19:30:00,
1.12796877,4422812,Stephane Robert,Ramos-Vinolas v St Robert,30,2016-10-31 14:30:47.640,2.42,2016-10-31 19:30:00,
1.12796877,4422812,Stephane Robert,Ramos-Vinolas v St Robert,40,2016-10-31 16:08:39.277,2.3,2016-10-31 19:30:00,
1.12796877,4422812,Stephane Robert,Ramos-Vinolas v St Robert,50,2016-10-31 18:01:44.448,2.36,2016-10-31 19:30:00,
1.12796877,4422812,Stephane Robert,Ramos-Vinolas v St Robert,60,2016-10-31 18:45:37.186,2.36,2016-10-31 19:30:00,
1.12796877,4422812,Stephane Robert,Ramos-Vinolas v St Robert,70,2016-10-31 19:56:43.955,2.32,2016-10-31 20:00:00,
1.12796877,4422812,Stephane Robert,Ramos-Vinolas v St Robert,80,2016-10-31 20:28:45.628,2.28,2016-10-31 20:30:00,
1.12796877,4422812,Stephane Robert,Ramos-Vinolas v St Robert,90,2016-10-31 20:46:41.387,2.36,2016-10-31 21:00:00,
1.12796877,4422812,Stephane Robert,Ramos-Vinolas v St Robert,100,2016-10-31 21:04:42.122,2.44,2016-10-31 21:15:00,
1.12796877,8621877,Albert Ramos-Vinolas,Ramos-Vinolas v St Robert,0,2016-10-29 12:17:36.333,1.87,2016-10-30 12:00:00,
1.12796877,8621877,Albert Ramos-Vinolas,Ramos-Vinolas v St Robert,10,2016-10-30 22:51:15.024,1.83,2016-10-31 19:30:00,
1.12796877,8621877,Albert Ramos-Vinolas,Ramos-Vinolas v St Robert,20,2016-10-31 10:59:07.573,1.72,2016-10-31 19:30:00,
1.12796877,8621877,Albert Ramos-Vinolas,Ramos-Vinolas v St Robert,30,2016-10-31 13:20:37.279,1.7,2016-10-31 19:30:00,
1.12796877,8621877,Albert Ramos-Vinolas,Ramos-Vinolas v St Robert,40,2016-10-31 15:53:42.853,1.74,2016-10-31 19:30:00,
1.12796877,8621877,Albert Ramos-Vinolas,Ramos-Vinolas v St Robert,50,2016-10-31 16:25:27.605,1.75,2016-10-31 19:30:00,
1.12796877,8621877,Albert Ramos-Vinolas,Ramos-Vinolas v St Robert,60,2016-10-31 17:36:32.736,1.74,2016-10-31 19:30:00,
1.12796877,8621877,Albert Ramos-Vinolas,Ramos-Vinolas v St Robert,70,2016-10-31 18:39:26.918,1.75,2016-10-31 19:30:00,
1.12796877,8621877,Albert Ramos-Vinolas,Ramos-Vinolas v St Robert,80,2016-10-31 20:06:25.530,1.75,2016-10-31 20:15:00,
1.12796877,8621877,Albert Ramos-Vinolas,Ramos-Vinolas v St Robert,90,2016-10-31 20:34:45.016,1.77,2016-10-31 20:45:00,
1.12796877,8621877,Albert Ramos-Vinolas,Ramos-Vinolas v St Robert,100,2016-10-31 21:03:45.557,1.69,2016-10-31 21:15:00,
1.127968917,2248579,Gilles Muller,Almagro v G Muller,0,2016-10-29 09:43:34.967,1.45,2016-10-30 12:00:00,
1.127968917,2248579,Gilles Muller,Almagro v G Muller,10,2016-10-29 14:37:47.074,1.49,2016-10-30 12:00:00,
1.127968917,2248579,Gilles Muller,Almagro v G Muller,20,2016-10-31 13:28:28.246,1.44,2016-11-01 12:00:00,
1.127968917,2248579,Gilles Muller,Almagro v G Muller,30,2016-11-01 05:47:55.624,1.41,2016-11-01 18:00:00,
1.127968917,2248579,Gilles Muller,Almagro v G Muller,40,2016-11-01 08:30:18.269,1.4,2016-11-01 18:00:00,
1.127968917,2248579,Gilles Muller,Almagro v G Muller,50,2016-11-01 10:45:49.576,1.4,2016-11-01 17:50:00,
1.127968917,2248579,Gilles Muller,Almagro v G Muller,60,2016-11-01 11:46:24.841,1.4,2016-11-01 17:39:00,
1.127968917,2248579,Gilles Muller,Almagro v G Muller,70,2016-11-01 15:12:51.136,1.4,2016-11-01 18:16:00,
1.127968917,2248579,Gilles Muller,Almagro v G Muller,80,2016-11-01 16:37:21.022,1.39,2016-11-01 17:52:00,
1.127968917,2248579,Gilles Muller,Almagro v G Muller,90,2016-11-01 17:21:39.969,1.39,2016-11-01 17:52:00,
1.127968917,2248579,Gilles Muller,Almagro v G Muller,100,2016-11-01 17:48:47.710,1.37,2016-11-01 17:49:00,
1.127968917,2257310,Nicolas Almagro,Almagro v G Muller,0,2016-10-30 19:51:50.946,3.1,2016-10-31 12:00:00,
1.127968917,2257310,Nicolas Almagro,Almagro v G Muller,10,2016-11-01 03:18:44.379,3.5,2016-11-01 18:00:00,
1.127968917,2257310,Nicolas Almagro,Almagro v G Muller,20,2016-11-01 08:47:00.752,3.5,2016-11-01 18:00:00,
1.127968917,2257310,Nicolas Almagro,Almagro v G Muller,30,2016-11-01 09:22:55.789,3.5,2016-11-01 18:00:00,
1.127968917,2257310,Nicolas Almagro,Almagro v G Muller,40,2016-11-01 14:28:49.368,3.6,2016-11-01 18:16:00,
1.127968917,2257310,Nicolas Almagro,Almagro v G Muller,50,2016-11-01 15:12:51.136,3.5,2016-11-01 18:16:00,
1.127968917,2257310,Nicolas Almagro,Almagro v G Muller,60,2016-11-01 15:58:18.142,3.45,2016-11-01 17:52:00,
1.127968917,2257310,Nicolas Almagro,Almagro v G Muller,70,2016-11-01 16:33:50.059,3.5,2016-11-01 17:52:00,
1.127968917,2257310,Nicolas Almagro,Almagro v G Muller,80,2016-11-01 17:03:47.775,3.7,2016-11-01 17:52:00,
1.127968917,2257310,Nicolas Almagro,Almagro v G Muller,90,2016-11-01 17:45:50.723,3.8,2016-11-01 17:49:00,
1.127968917,2257310,Nicolas Almagro,Almagro v G Muller,100,2016-11-01 17:48:47.710,3.7,2016-11-01 17:49:00,
1.127975774,2263625,Mischa Zverev,M Zverev v Isner,0,2016-10-30 06:19:25.887,2.16,2016-10-31 12:00:00,
1.127975774,2263625,Mischa Zverev,M Zverev v Isner,10,2016-10-30 22:08:53.397,2.12,2016-10-31 12:00:00,
1.127975774,2263625,Mischa Zverev,M Zverev v Isner,20,2016-10-31 20:21:13.877,2.2,2016-11-01 10:00:00,
1.127975774,2263625,Mischa Zverev,M Zverev v Isner,30,2016-10-31 21:54:41.333,2.28,2016-11-01 10:00:00,
1.127975774,2263625,Mischa Zverev,M Zverev v Isner,40,2016-11-01 04:45:10.018,2.32,2016-11-01 10:00:00,
1.127975774,2263625,Mischa Zverev,M Zverev v Isner,50,2016-11-01 06:09:57.389,2.18,2016-11-01 10:00:00,
1.127975774,2263625,Mischa Zverev,M Zverev v Isner,60,2016-11-01 07:36:16.464,2.12,2016-11-01 10:00:00,
1.127975774,2263625,Mischa Zverev,M Zverev v Isner,70,2016-11-01 08:07:27.084,2.1,2016-11-01 10:00:00,
1.127975774,2263625,Mischa Zverev,M Zverev v Isner,80,2016-11-01 08:49:25.604,2.14,2016-11-01 10:00:00,
1.127975774,2263625,Mischa Zverev,M Zverev v Isner,90,2016-11-01 09:12:25.846,2.16,2016-11-01 10:00:00,
1.127975774,2263625,Mischa Zverev,M Zverev v Isner,100,2016-11-01 09:46:18.132,2.14,2016-11-01 10:00:00,
1.127975774,2474763,John Isner,M Zverev v Isner,0,2016-10-30 06:19:25.887,1.86,2016-10-31 12:00:00,
1.127975774,2474763,John Isner,M Zverev v Isner,10,2016-10-30 22:17:15.234,1.84,2016-10-31 12:00:00,
1.127975774,2474763,John Isner,M Zverev v Isner,20,2016-10-31 17:22:08.090,1.85,2016-11-01 10:00:00,
1.127975774,2474763,John Isner,M Zverev v Isner,30,2016-10-31 21:15:58.731,1.76,2016-11-01 10:00:00,
1.127975774,2474763,John Isner,M Zverev v Isner,40,2016-11-01 03:09:05.360,1.75,2016-11-01 10:00:00,
1.127975774,2474763,John Isner,M Zverev v Isner,50,2016-11-01 06:08:25.018,1.79,2016-11-01 10:00:00,
1.127975774,2474763,John Isner,M Zverev v Isner,60,2016-11-01 06:54:26.688,1.85,2016-11-01 10:00:00,
1.127975774,2474763,John Isner,M Zverev v Isner,70,2016-11-01 07:44:27.244,1.9,2016-11-01 10:00:00,
1.127975774,2474763,John Isner,M Zverev v Isner,80,2016-11-01 08:28:42.218,1.86,2016-11-01 10:00:00,
1.127975774,2474763,John Isner,M Zverev v Isner,90,2016-11-01 09:15:56.337,1.87,2016-11-01 10:00:00,
1.127975774,2474763,John Isner,M Zverev v Isner,100,2016-11-01 09:50:28.797,1.86,2016-11-01 10:00:00,
1.127979957,2249396,Janko Tipsarevic,Tipsarevic v Kamke,0,2016-11-01 17:59:24.530,1.71,2016-11-02 17:00:00,
1.127979957,2249396,Janko Tipsarevic,Tipsarevic v Kamke,10,2016-11-02 10:17:16.420,1.73,2016-11-02 17:00:00,
1.127979957,2249396,Janko Tipsarevic,Tipsarevic v Kamke,20,2016-11-02 14:57:34.298,1.79,2016-11-02 17:00:00,
1.127979957,2249396,Janko Tipsarevic,Tipsarevic v Kamke,30,2016-11-02 15:53:30.852,1.81,2016-11-02 17:00:00,
1.127979957,2249396,Janko Tipsarevic,Tipsarevic v Kamke,40,2016-11-02 16:51:30.666,1.88,2016-11-02 17:00:00,
1.127979957,2249396,Janko Tipsarevic,Tipsarevic v Kamke,50,2016-11-02 17:11:25.252,1.89,2016-11-02 17:15:00,
1.127979957,2249396,Janko Tipsarevic,Tipsarevic v Kamke,60,2016-11-02 17:35:10.965,1.85,2016-11-02 17:45:00,
1.127979957,2249396,Janko Tipsarevic,Tipsarevic v Kamke,70,2016-11-02 17:44:28.428,1.87,2016-11-02 17:45:00,
1.127979957,2249396,Janko Tipsarevic,Tipsarevic v Kamke,80,2016-11-02 18:04:34.013,1.86,2016-11-02 18:15:00,
1.127979957,2249396,Janko Tipsarevic,Tipsarevic v Kamke,90,2016-11-02 18:50:04.521,1.87,2016-11-02 19:00:00,
1.127979957,2249396,Janko Tipsarevic,Tipsarevic v Kamke,100,2016-11-02 19:20:30.604,1.9,2016-11-02 19:30:00,
1.127979957,2581407,Tobias Kamke,Tipsarevic v Kamke,0,2016-11-02 05:31:21.848,2.44,2016-11-02 17:00:00,
1.127979957,2581407,Tobias Kamke,Tipsarevic v Kamke,10,2016-11-02 05:31:50.836,2.42,2016-11-02 17:00:00,
1.127979957,2581407,Tobias Kamke,Tipsarevic v Kamke,20,2016-11-02 13:23:26.476,2.4,2016-11-02 17:00:00,
1.127979957,2581407,Tobias Kamke,Tipsarevic v Kamke,30,2016-11-02 14:23:27.289,2.28,2016-11-02 17:00:00,
1.127979957,2581407,Tobias Kamke,Tipsarevic v Kamke,40,2016-11-02 15:26:32.416,2.08,2016-11-02 17:00:00,
1.127979957,2581407,Tobias Kamke,Tipsarevic v Kamke,50,2016-11-02 15:51:34.333,2.24,2016-11-02 17:00:00,
1.127979957,2581407,Tobias Kamke,Tipsarevic v Kamke,60,2016-11-02 16:24:29.756,2.12,2016-11-02 17:00:00,
1.127979957,2581407,Tobias Kamke,Tipsarevic v Kamke,70,2016-11-02 16:50:34.483,2.22,2016-11-02 17:00:00,
1.127979957,2581407,Tobias Kamke,Tipsarevic v Kamke,80,2016-11-02 16:58:26.661,2.3,2016-11-02 17:00:00,
1.127979957,2581407,Tobias Kamke,Tipsarevic v Kamke,90,2016-11-02 17:53:31.704,2.28,2016-11-02 18:00:00,
1.127979957,2581407,Tobias Kamke,Tipsarevic v Kamke,100,2016-11-02 18:56:12.650,2.14,2016-11-02 19:00:00,
1.127980147,2397396,Matthias Bachinger,Bachinger v And Martin,0,2016-10-30 22:42:23.031,1.73,2016-10-31 12:00:00,
1.127980147,2397396,Matthias Bachinger,Bachinger v And Martin,10,2016-10-31 18:06:08.096,1.7,2016-11-01 10:30:00,
1.127980147,2397396,Matthias Bachinger,Bachinger v And Martin,20,2016-11-01 03:29:33.706,1.59,2016-11-01 10:30:00,
1.127980147,2397396,Matthias Bachinger,Bachinger v And Martin,30,2016-11-01 08:30:36.385,1.62,2016-11-01 10:30:00,
1.127980147,2397396,Matthias Bachinger,Bachinger v And Martin,40,2016-11-01 08:50:27.867,1.64,2016-11-01 10:30:00,
1.127980147,2397396,Matthias Bachinger,Bachinger v And Martin,50,2016-11-01 08:58:19.907,1.62,2016-11-01 10:30:00,
1.127980147,2397396,Matthias Bachinger,Bachinger v And Martin,60,2016-11-01 09:41:29.818,1.65,2016-11-01 10:30:00,
1.127980147,2397396,Matthias Bachinger,Bachinger v And Martin,70,2016-11-01 10:07:45.123,1.69,2016-11-01 10:30:00,
1.127980147,2397396,Matthias Bachinger,Bachinger v And Martin,80,2016-11-01 10:18:42.167,1.7,2016-11-01 10:30:00,
1.127980147,2397396,Matthias Bachinger,Bachinger v And Martin,90,2016-11-01 11:04:12.094,1.71,2016-11-01 11:15:00,
1.127980147,2397396,Matthias Bachinger,Bachinger v And Martin,100,2016-11-01 11:06:51.408,1.71,2016-11-01 11:15:00,
1.127980234,2284304,Sergiy Stakhovsky,Hanfmann v Stakhovsky,0,2016-10-30 21:36:27.129,1.38,2016-10-31 12:00:00,
1.127980234,2284304,Sergiy Stakhovsky,Hanfmann v Stakhovsky,10,2016-10-31 00:18:42.618,1.34,2016-11-01 12:00:00,
1.127980234,2284304,Sergiy Stakhovsky,Hanfmann v Stakhovsky,20,2016-11-01 20:48:25.586,1.36,2016-11-02 10:00:00,
1.127980234,2284304,Sergiy Stakhovsky,Hanfmann v Stakhovsky,30,2016-11-02 06:17:40.081,1.38,2016-11-02 10:00:00,
1.127980234,2284304,Sergiy Stakhovsky,Hanfmann v Stakhovsky,40,2016-11-02 08:12:13.502,1.4,2016-11-02 10:00:00,
1.127980234,2284304,Sergiy Stakhovsky,Hanfmann v Stakhovsky,50,2016-11-02 08:37:19.966,1.34,2016-11-02 10:00:00,
1.127980234,2284304,Sergiy Stakhovsky,Hanfmann v Stakhovsky,60,2016-11-02 09:24:17.917,1.35,2016-11-02 10:00:00,
1.127980234,2284304,Sergiy Stakhovsky,Hanfmann v Stakhovsky,70,2016-11-02 09:40:43.251,1.37,2016-11-02 10:00:00,
1.127980234,2284304,Sergiy Stakhovsky,Hanfmann v Stakhovsky,80,2016-11-02 09:47:38.251,1.37,2016-11-02 10:00:00,
1.127980234,2284304,Sergiy Stakhovsky,Hanfmann v Stakhovsky,90,2016-11-02 09:53:44.218,1.33,2016-11-02 10:00:00,
1.127980234,2284304,Sergiy Stakhovsky,Hanfmann v Stakhovsky,100,2016-11-02 09:59:29.722,1.33,2016-11-02 10:00:00,
1.127980425,7797742,Daniil Medvedev,Ivashka v D Medvedev,0,2016-10-31 10:55:24.341,1.35,2016-11-01 12:00:00,
1.127980425,7797742,Daniil Medvedev,Ivashka v D Medvedev,10,2016-11-01 07:58:19.608,1.24,2016-11-01 09:00:00,
1.127980425,7797742,Daniil Medvedev,Ivashka v D Medvedev,20,2016-11-01 08:11:40.526,1.22,2016-11-01 09:00:00,
1.127980425,7797742,Daniil Medvedev,Ivashka v D Medvedev,30,2016-11-01 08:13:58.343,1.3,2016-11-01 09:00:00,
1.127980425,7797742,Daniil Medvedev,Ivashka v D Medvedev,40,2016-11-01 08:40:02.941,1.23,2016-11-01 09:00:00,
1.127980425,7797742,Daniil Medvedev,Ivashka v D Medvedev,50,2016-11-01 08:47:56.348,1.23,2016-11-01 09:00:00,
1.127980425,7797742,Daniil Medvedev,Ivashka v D Medvedev,60,2016-11-01 08:48:44.077,1.22,2016-11-01 09:00:00,
1.127980425,7797742,Daniil Medvedev,Ivashka v D Medvedev,70,2016-11-01 08:50:59.700,1.24,2016-11-01 09:00:00,
1.127980425,7797742,Daniil Medvedev,Ivashka v D Medvedev,80,2016-11-01 08:52:53.439,1.22,2016-11-01 09:00:00,
1.127980425,7797742,Daniil Medvedev,Ivashka v D Medvedev,90,2016-11-01 08:58:02.185,1.21,2016-11-01 09:00:00,
1.127980425,7797742,Daniil Medvedev,Ivashka v D Medvedev,100,2016-11-01 08:59:54.365,1.21,2016-11-01 09:00:00,
1.127982823,7413423,Jared Donaldson,Ritschard v J Donaldson,0,2016-10-30 13:54:26.257,1.08,2016-10-31 12:00:00,
1.127982823,7413423,Jared Donaldson,Ritschard v J Donaldson,10,2016-10-31 20:11:39.428,1.09,2016-10-31 23:00:00,
1.127982823,7413423,Jared Donaldson,Ritschard v J Donaldson,20,2016-10-31 20:24:50.115,1.11,2016-10-31 23:00:00,
1.127982823,7413423,Jared Donaldson,Ritschard v J Donaldson,30,2016-10-31 20:33:23.293,1.08,2016-10-31 23:00:00,
1.127982823,7413423,Jared Donaldson,Ritschard v J Donaldson,40,2016-10-31 20:52:18.559,1.09,2016-10-31 22:56:00,
1.127982823,7413423,Jared Donaldson,Ritschard v J Donaldson,50,2016-10-31 21:13:59.380,1.12,2016-10-31 23:02:00,
1.127982823,7413423,Jared Donaldson,Ritschard v J Donaldson,60,2016-10-31 21:54:37.498,1.13,2016-10-31 23:02:00,
1.127982823,7413423,Jared Donaldson,Ritschard v J Donaldson,70,2016-10-31 21:55:38.535,1.12,2016-10-31 23:02:00,
1.127982823,7413423,Jared Donaldson,Ritschard v J Donaldson,80,2016-10-31 21:57:35.020,1.08,2016-10-31 23:02:00,
1.127982823,7413423,Jared Donaldson,Ritschard v J Donaldson,90,2016-10-31 22:00:39.040,1.07,2016-10-31 23:02:00,
1.127982823,7413423,Jared Donaldson,Ritschard v J Donaldson,100,2016-10-31 22:57:59.458,1.2,2016-10-31 23:02:00,
1.127982955,9399490,Frances Tiafoe,Tiafoe v R Shane,0,2016-10-31 00:14:44.220,1.17,2016-11-01 12:00:00,
1.127982955,9399490,Frances Tiafoe,Tiafoe v R Shane,10,2016-11-01 08:58:17.090,1.15,2016-11-01 23:00:00,
1.127982955,9399490,Frances Tiafoe,Tiafoe v R Shane,20,2016-11-01 15:51:41.068,1.18,2016-11-01 23:00:00,
1.127982955,9399490,Frances Tiafoe,Tiafoe v R Shane,30,2016-11-01 20:20:16.147,1.19,2016-11-01 23:00:00,
1.127982955,9399490,Frances Tiafoe,Tiafoe v R Shane,40,2016-11-01 21:03:51.951,1.19,2016-11-01 22:54:00,
1.127982955,9399490,Frances Tiafoe,Tiafoe v R Shane,50,2016-11-01 21:40:10.068,1.18,2016-11-01 22:54:00,
1.127982955,9399490,Frances Tiafoe,Tiafoe v R Shane,60,2016-11-01 21:47:25.775,1.19,2016-11-01 22:54:00,
1.127982955,9399490,Frances Tiafoe,Tiafoe v R Shane,70,2016-11-01 22:06:28.715,1.17,2016-11-01 22:54:00,
1.127982955,9399490,Frances Tiafoe,Tiafoe v R Shane,80,2016-11-01 22:07:13.860,1.15,2016-11-01 22:54:00,
1.127982955,9399490,Frances Tiafoe,Tiafoe v R Shane,90,2016-11-01 22:09:42.642,1.17,2016-11-01 22:54:00,
1.127982955,9399490,Frances Tiafoe,Tiafoe v R Shane,100,2016-11-01 22:27:48.918,1.19,2016-11-01 22:54:00,
1.127983233,2831873,Ruben Bemelmans,Barry v Bemelmans,0,2016-10-30 19:52:47.666,1.32,2016-10-31 12:00:00,
1.127983233,2831873,Ruben Bemelmans,Barry v Bemelmans,10,2016-10-31 07:30:56.296,1.33,2016-11-01 12:00:00,
1.127983233,2831873,Ruben Bemelmans,Barry v Bemelmans,20,2016-10-31 11:55:52.150,1.27,2016-11-01 12:00:00,
1.127983233,2831873,Ruben Bemelmans,Barry v Bemelmans,30,2016-11-02 03:10:30.400,1.19,2016-11-02 16:00:00,
1.127983233,2831873,Ruben Bemelmans,Barry v Bemelmans,40,2016-11-02 06:53:52.723,1.16,2016-11-02 16:00:00,
1.127983233,2831873,Ruben Bemelmans,Barry v Bemelmans,50,2016-11-02 08:03:42.276,1.23,2016-11-02 16:00:00,
1.127983233,2831873,Ruben Bemelmans,Barry v Bemelmans,60,2016-11-02 08:59:41.516,1.19,2016-11-02 16:00:00,
1.127983233,2831873,Ruben Bemelmans,Barry v Bemelmans,70,2016-11-02 10:44:40.069,1.22,2016-11-02 16:00:00,
1.127983233,2831873,Ruben Bemelmans,Barry v Bemelmans,80,2016-11-02 12:58:03.738,1.2,2016-11-02 16:00:00,
1.127983233,2831873,Ruben Bemelmans,Barry v Bemelmans,90,2016-11-02 14:02:18.322,1.19,2016-11-02 16:00:00,
1.127983233,2831873,Ruben Bemelmans,Barry v Bemelmans,100,2016-11-02 15:16:23.062,1.2,2016-11-02 16:00:00,
1.12798408,3186303,Leonardo Mayer,R Quiroz v L Mayer,0,2016-10-30 21:40:35.629,1.24,2016-10-31 12:00:00,
1.12798408,3186303,Leonardo Mayer,R Quiroz v L Mayer,10,2016-11-01 00:58:34.381,1.18,2016-11-01 01:00:00,
1.12798408,3186303,Leonardo Mayer,R Quiroz v L Mayer,20,2016-11-01 00:59:11.738,1.16,2016-11-01 01:00:00,
1.12798408,3186303,Leonardo Mayer,R Quiroz v L Mayer,30,2016-11-01 17:22:13.000,1.24,2016-11-02 01:00:00,
1.12798408,3186303,Leonardo Mayer,R Quiroz v L Mayer,40,2016-11-01 19:32:56.907,1.25,2016-11-02 01:00:00,
1.12798408,3186303,Leonardo Mayer,R Quiroz v L Mayer,50,2016-11-01 20:53:40.373,1.23,2016-11-02 01:00:00,
1.12798408,3186303,Leonardo Mayer,R Quiroz v L Mayer,60,2016-11-01 21:29:38.624,1.28,2016-11-02 01:00:00,
1.12798408,3186303,Leonardo Mayer,R Quiroz v L Mayer,70,2016-11-01 21:58:27.782,1.24,2016-11-02 01:00:00,
1.12798408,3186303,Leonardo Mayer,R Quiroz v L Mayer,80,2016-11-01 22:40:20.027,1.32,2016-11-02 01:00:00,
1.12798408,3186303,Leonardo Mayer,R Quiroz v L Mayer,90,2016-11-01 22:54:38.134,1.25,2016-11-02 01:00:00,
1.12798408,3186303,Leonardo Mayer,R Quiroz v L Mayer,100,2016-11-01 22:58:19.218,1.21,2016-11-02 01:00:00,
1.127984149,4490590,Joao Souza,Bourgue v Souza,0,2016-11-01 05:21:28.060,1.91,2016-11-01 15:00:00,
1.127984149,4490590,Joao Souza,Bourgue v Souza,10,2016-11-01 10:54:19.115,1.85,2016-11-01 15:00:00,
1.127984149,4490590,Joao Souza,Bourgue v Souza,20,2016-11-01 11:43:28.079,1.86,2016-11-01 15:00:00,
1.127984149,4490590,Joao Souza,Bourgue v Souza,30,2016-11-01 12:12:14.575,1.82,2016-11-01 15:00:00,
1.127984149,4490590,Joao Souza,Bourgue v Souza,40,2016-11-01 12:28:31.742,1.87,2016-11-01 15:00:00,
1.127984149,4490590,Joao Souza,Bourgue v Souza,50,2016-11-01 12:42:52.400,1.9,2016-11-01 15:00:00,
1.127984149,4490590,Joao Souza,Bourgue v Souza,60,2016-11-01 13:00:29.044,1.94,2016-11-01 15:00:00,
1.127984149,4490590,Joao Souza,Bourgue v Souza,70,2016-11-01 13:17:05.494,1.94,2016-11-01 15:00:00,
1.127984149,4490590,Joao Souza,Bourgue v Souza,80,2016-11-01 14:15:46.437,1.93,2016-11-01 15:00:00,
1.127984149,4490590,Joao Souza,Bourgue v Souza,90,2016-11-01 14:33:20.580,1.9,2016-11-01 15:00:00,
1.127984149,4490590,Joao Souza,Bourgue v Souza,100,2016-11-01 14:54:58.883,1.87,2016-11-01 15:00:00,
1.127984149,7066925,Mathias Bourgue,Bourgue v Souza,0,2016-11-01 05:21:28.060,2.1,2016-11-01 15:00:00,
1.127984149,7066925,Mathias Bourgue,Bourgue v Souza,10,2016-11-01 11:43:28.079,2.16,2016-11-01 15:00:00,
1.127984149,7066925,Mathias Bourgue,Bourgue v Souza,20,2016-11-01 12:35:14.899,2.06,2016-11-01 15:00:00,
1.127984149,7066925,Mathias Bourgue,Bourgue v Souza,30,2016-11-01 12:38:02.386,2.04,2016-11-01 15:00:00,
1.127984149,7066925,Mathias Bourgue,Bourgue v Souza,40,2016-11-01 12:52:38.773,2.08,2016-11-01 15:00:00,
1.127984149,7066925,Mathias Bourgue,Bourgue v Souza,50,2016-11-01 12:55:32.959,2.06,2016-11-01 15:00:00,
1.127984149,7066925,Mathias Bourgue,Bourgue v Souza,60,2016-11-01 13:01:06.767,2.06,2016-11-01 15:00:00,
1.127984149,7066925,Mathias Bourgue,Bourgue v Souza,70,2016-11-01 13:24:08.253,2.08,2016-11-01 15:00:00,
1.127984149,7066925,Mathias Bourgue,Bourgue v Souza,80,2016-11-01 14:25:23.500,2.04,2016-11-01 15:00:00,
1.127984149,7066925,Mathias Bourgue,Bourgue v Souza,90,2016-11-01 14:33:20.580,2.08,2016-11-01 15:00:00,
1.127984149,7066925,Mathias Bourgue,Bourgue v Souza,100,2016-11-01 14:52:57.864,2.12,2016-11-01 15:00:00,
1.127984369,6603914,Guido Andreozzi,Andreozzi v E Gomez,0,2016-10-30 21:38:27.130,1.26,2016-10-31 12:00:00,
1.127984369,6603914,Guido Andreozzi,Andreozzi v E Gomez,10,2016-10-30 21:57:28.962,1.36,2016-10-31 12:00:00,
1.127984369,6603914,Guido Andreozzi,Andreozzi v E Gomez,20,2016-10-31 18:12:15.896,1.27,2016-11-01 12:00:00,
1.127984369,6603914,Guido Andreozzi,Andreozzi v E Gomez,30,2016-11-01 08:58:17.143,1.25,2016-11-01 23:00:00,
1.127984369,6603914,Guido Andreozzi,Andreozzi v E Gomez,40,2016-11-01 13:53:31.856,1.21,2016-11-01 23:00:00,
1.127984369,6603914,Guido Andreozzi,Andreozzi v E Gomez,50,2016-11-01 16:31:35.122,1.31,2016-11-01 23:00:00,
1.127984369,6603914,Guido Andreozzi,Andreozzi v E Gomez,60,2016-11-01 21:40:45.751,1.26,2016-11-01 23:00:00,
1.127984369,6603914,Guido Andreozzi,Andreozzi v E Gomez,70,2016-11-01 21:56:43.957,1.34,2016-11-01 23:00:00,
1.127984369,6603914,Guido Andreozzi,Andreozzi v E Gomez,80,2016-11-01 22:22:01.750,1.28,2016-11-01 23:00:00,
1.127984369,6603914,Guido Andreozzi,Andreozzi v E Gomez,90,2016-11-01 23:00:53.333,1.27,2016-11-01 23:15:00,
1.127984369,6603914,Guido Andreozzi,Andreozzi v E Gomez,100,2016-11-01 23:34:47.135,1.32,2016-11-01 23:45:00,
1.127984457,2283676,Carlos Berlocq,Berlocq v Ghem,0,2016-10-30 21:38:00.286,1.32,2016-10-31 12:00:00,
1.127984457,2283676,Carlos Berlocq,Berlocq v Ghem,10,2016-10-31 10:17:08.583,1.83,2016-11-01 12:00:00,
1.127984457,2283676,Carlos Berlocq,Berlocq v Ghem,20,2016-11-01 06:58:01.803,1.84,2016-11-01 18:00:00,
1.127984457,2283676,Carlos Berlocq,Berlocq v Ghem,30,2016-11-01 11:11:39.364,1.87,2016-11-01 18:00:00,
1.127984457,2283676,Carlos Berlocq,Berlocq v Ghem,40,2016-11-01 12:39:27.983,1.79,2016-11-01 18:00:00,
1.127984457,2283676,Carlos Berlocq,Berlocq v Ghem,50,2016-11-01 12:48:58.151,1.99,2016-11-01 18:00:00,
1.127984457,2283676,Carlos Berlocq,Berlocq v Ghem,60,2016-11-01 14:09:07.358,1.99,2016-11-01 18:00:00,
1.127984457,2283676,Carlos Berlocq,Berlocq v Ghem,70,2016-11-01 17:26:07.585,1.79,2016-11-01 18:00:00,
1.127984457,2283676,Carlos Berlocq,Berlocq v Ghem,80,2016-11-01 17:59:09.180,1.86,2016-11-01 18:00:00,
1.127984457,2283676,Carlos Berlocq,Berlocq v Ghem,90,2016-11-01 18:37:09.611,1.82,2016-11-01 18:45:00,
1.127984457,2283676,Carlos Berlocq,Berlocq v Ghem,100,2016-11-01 18:59:01.793,1.83,2016-11-01 19:00:00,
1.127984457,5304700,Andre Ghem,Berlocq v Ghem,0,2016-10-31 07:57:13.969,3.4,2016-11-01 12:00:00,
1.127984457,5304700,Andre Ghem,Berlocq v Ghem,10,2016-10-31 08:03:05.613,3.15,2016-11-01 12:00:00,
1.127984457,5304700,Andre Ghem,Berlocq v Ghem,20,2016-10-31 08:54:57.681,2.8,2016-11-01 12:00:00,
1.127984457,5304700,Andre Ghem,Berlocq v Ghem,30,2016-10-31 10:17:08.583,2.12,2016-11-01 12:00:00,
1.127984457,5304700,Andre Ghem,Berlocq v Ghem,40,2016-11-01 07:59:06.142,2.26,2016-11-01 18:00:00,
1.127984457,5304700,Andre Ghem,Berlocq v Ghem,50,2016-11-01 11:29:08.966,1.99,2016-11-01 18:00:00,
1.127984457,5304700,Andre Ghem,Berlocq v Ghem,60,2016-11-01 12:48:58.151,1.9,2016-11-01 18:00:00,
1.127984457,5304700,Andre Ghem,Berlocq v Ghem,70,2016-11-01 14:53:47.284,2.08,2016-11-01 18:00:00,
1.127984457,5304700,Andre Ghem,Berlocq v Ghem,80,2016-11-01 15:43:35.973,2.02,2016-11-01 18:00:00,
1.127984457,5304700,Andre Ghem,Berlocq v Ghem,90,2016-11-01 17:59:09.180,2.16,2016-11-01 18:00:00,
1.127984457,5304700,Andre Ghem,Berlocq v Ghem,100,2016-11-01 18:56:59.906,2.16,2016-11-01 19:00:00,
1.127988451,2265109,Feliciano Lopez,P Herbert v Fel Lopez,0,2016-10-30 21:49:46.268,1.6,2016-10-31 12:00:00,
1.127988451,2265109,Feliciano Lopez,P Herbert v Fel Lopez,10,2016-10-31 16:01:29.267,1.68,2016-11-01 12:00:00,
1.127988451,2265109,Feliciano Lopez,P Herbert v Fel Lopez,20,2016-11-01 06:44:09.193,1.69,2016-11-01 14:00:00,
1.127988451,2265109,Feliciano Lopez,P Herbert v Fel Lopez,30,2016-11-01 09:22:25.790,1.67,2016-11-01 14:00:00,
1.127988451,2265109,Feliciano Lopez,P Herbert v Fel Lopez,40,2016-11-01 11:06:23.463,1.71,2016-11-01 13:50:00,
1.127988451,2265109,Feliciano Lopez,P Herbert v Fel Lopez,50,2016-11-01 12:02:18.316,1.73,2016-11-01 14:05:00,
1.127988451,2265109,Feliciano Lopez,P Herbert v Fel Lopez,60,2016-11-01 12:42:17.459,1.73,2016-11-01 14:21:00,
1.127988451,2265109,Feliciano Lopez,P Herbert v Fel Lopez,70,2016-11-01 13:19:34.286,1.7,2016-11-01 14:21:00,
1.127988451,2265109,Feliciano Lopez,P Herbert v Fel Lopez,80,2016-11-01 13:56:18.607,1.72,2016-11-01 14:21:00,
1.127988451,2265109,Feliciano Lopez,P Herbert v Fel Lopez,90,2016-11-01 14:15:35.028,1.71,2016-11-01 14:21:00,
1.127988451,2265109,Feliciano Lopez,P Herbert v Fel Lopez,100,2016-11-01 14:27:25.874,1.72,2016-11-01 14:29:00,
1.127988451,8266399,Pierre-Hugues Herbert,P Herbert v Fel Lopez,0,2016-10-30 21:57:26.520,2.4,2016-10-31 12:00:00,
1.127988451,8266399,Pierre-Hugues Herbert,P Herbert v Fel Lopez,10,2016-11-01 00:55:04.927,2.46,2016-11-01 14:00:00,
1.127988451,8266399,Pierre-Hugues Herbert,P Herbert v Fel Lopez,20,2016-11-01 06:14:33.907,2.48,2016-11-01 14:00:00,
1.127988451,8266399,Pierre-Hugues Herbert,P Herbert v Fel Lopez,30,2016-11-01 07:44:31.471,2.46,2016-11-01 14:00:00,
1.127988451,8266399,Pierre-Hugues Herbert,P Herbert v Fel Lopez,40,2016-11-01 09:22:25.790,2.44,2016-11-01 14:00:00,
1.127988451,8266399,Pierre-Hugues Herbert,P Herbert v Fel Lopez,50,2016-11-01 10:53:07.490,2.42,2016-11-01 13:50:00,
1.127988451,8266399,Pierre-Hugues Herbert,P Herbert v Fel Lopez,60,2016-11-01 12:09:32.631,2.38,2016-11-01 14:07:00,
1.127988451,8266399,Pierre-Hugues Herbert,P Herbert v Fel Lopez,70,2016-11-01 12:20:26.665,2.34,2016-11-01 14:22:00,
1.127988451,8266399,Pierre-Hugues Herbert,P Herbert v Fel Lopez,80,2016-11-01 13:13:17.572,2.4,2016-11-01 14:21:00,
1.127988451,8266399,Pierre-Hugues Herbert,P Herbert v Fel Lopez,90,2016-11-01 13:54:34.579,2.38,2016-11-01 14:21:00,
1.127988451,8266399,Pierre-Hugues Herbert,P Herbert v Fel Lopez,100,2016-11-01 14:27:25.874,2.38,2016-11-01 14:29:00,
1.127988583,2263570,Ivo Karlovic,Lajovic v Karlovic,0,2016-10-30 21:41:53.131,1.45,2016-10-31 12:00:00,
1.127988583,2263570,Ivo Karlovic,Lajovic v Karlovic,10,2016-10-31 12:02:31.546,1.45,2016-11-01 12:00:00,
1.127988583,2263570,Ivo Karlovic,Lajovic v Karlovic,20,2016-11-01 08:54:25.963,1.44,2016-11-01 16:00:00,
1.127988583,2263570,Ivo Karlovic,Lajovic v Karlovic,30,2016-11-01 12:22:33.455,1.47,2016-11-01 15:39:00,
1.127988583,2263570,Ivo Karlovic,Lajovic v Karlovic,40,2016-11-01 13:27:36.530,1.47,2016-11-01 15:39:00,
1.127988583,2263570,Ivo Karlovic,Lajovic v Karlovic,50,2016-11-01 14:25:36.540,1.49,2016-11-01 16:16:00,
1.127988583,2263570,Ivo Karlovic,Lajovic v Karlovic,60,2016-11-01 14:43:35.766,1.47,2016-11-01 16:16:00,
1.127988583,2263570,Ivo Karlovic,Lajovic v Karlovic,70,2016-11-01 15:03:54.071,1.47,2016-11-01 16:16:00,
1.127988583,2263570,Ivo Karlovic,Lajovic v Karlovic,80,2016-11-01 15:20:34.477,1.44,2016-11-01 16:16:00,
1.127988583,2263570,Ivo Karlovic,Lajovic v Karlovic,90,2016-11-01 15:45:29.719,1.43,2016-11-01 16:16:00,
1.127988583,2263570,Ivo Karlovic,Lajovic v Karlovic,100,2016-11-01 15:55:31.159,1.47,2016-11-01 16:06:00,
1.127988583,4688724,Dusan Lajovic,Lajovic v Karlovic,0,2016-10-31 09:58:21.431,3.25,2016-11-01 12:00:00,
1.127988583,4688724,Dusan Lajovic,Lajovic v Karlovic,10,2016-11-01 02:49:49.903,3.3,2016-11-01 16:00:00,
1.127988583,4688724,Dusan Lajovic,Lajovic v Karlovic,20,2016-11-01 08:29:13.285,3.3,2016-11-01 16:00:00,
1.127988583,4688724,Dusan Lajovic,Lajovic v Karlovic,30,2016-11-01 10:57:16.224,3.3,2016-11-01 15:50:00,
1.127988583,4688724,Dusan Lajovic,Lajovic v Karlovic,40,2016-11-01 12:22:33.455,3.25,2016-11-01 15:39:00,
1.127988583,4688724,Dusan Lajovic,Lajovic v Karlovic,50,2016-11-01 13:36:22.520,3.05,2016-11-01 15:39:00,
1.127988583,4688724,Dusan Lajovic,Lajovic v Karlovic,60,2016-11-01 13:48:59.720,3.05,2016-11-01 15:54:00,
1.127988583,4688724,Dusan Lajovic,Lajovic v Karlovic,70,2016-11-01 14:35:32.156,3.05,2016-11-01 16:16:00,
1.127988583,4688724,Dusan Lajovic,Lajovic v Karlovic,80,2016-11-01 14:59:19.253,3.05,2016-11-01 16:16:00,
1.127988583,4688724,Dusan Lajovic,Lajovic v Karlovic,90,2016-11-01 15:17:35.003,3.25,2016-11-01 16:16:00,
1.127988583,4688724,Dusan Lajovic,Lajovic v Karlovic,100,2016-11-01 15:54:34.312,3.1,2016-11-01 16:06:00,
1.127994872,2415499,Santiago Giraldo,Giraldo v Galan,0,2016-11-01 02:21:54.804,1.2,2016-11-01 20:00:00,
1.127994872,2415499,Santiago Giraldo,Giraldo v Galan,10,2016-11-01 06:32:08.463,1.16,2016-11-01 20:00:00,
1.127994872,2415499,Santiago Giraldo,Giraldo v Galan,20,2016-11-01 20:16:28.888,1.15,2016-11-01 21:07:00,
1.127994872,2415499,Santiago Giraldo,Giraldo v Galan,30,2016-11-01 20:39:20.412,1.14,2016-11-01 21:07:00,
1.127994872,2415499,Santiago Giraldo,Giraldo v Galan,40,2016-11-01 20:43:14.930,1.13,2016-11-01 21:07:00,
1.127994872,2415499,Santiago Giraldo,Giraldo v Galan,50,2016-11-01 20:45:36.653,1.14,2016-11-01 21:07:00,
1.127994872,2415499,Santiago Giraldo,Giraldo v Galan,60,2016-11-01 20:57:36.006,1.12,2016-11-01 21:07:00,
1.127994872,2415499,Santiago Giraldo,Giraldo v Galan,70,2016-11-01 21:02:31.622,1.13,2016-11-01 21:07:00,
1.127994872,2415499,Santiago Giraldo,Giraldo v Galan,80,2016-11-01 21:04:36.792,1.14,2016-11-01 21:07:00,
1.127994872,2415499,Santiago Giraldo,Giraldo v Galan,90,2016-11-01 21:16:36.469,1.13,2016-11-01 21:22:00,
1.127994872,2415499,Santiago Giraldo,Giraldo v Galan,100,2016-11-01 21:26:35.980,1.14,2016-11-01 21:37:00,
1.127997134,5611697,Kiki Bertens,Svitolina v Bertens,0,2016-10-31 21:26:40.056,3.45,2016-11-01 09:30:00,
1.127997134,5611697,Kiki Bertens,Svitolina v Bertens,10,2016-11-01 02:26:01.306,3.35,2016-11-01 09:30:00,
1.127997134,5611697,Kiki Bertens,Svitolina v Bertens,20,2016-11-01 04:06:24.446,3.65,2016-11-01 09:30:00,
1.127997134,5611697,Kiki Bertens,Svitolina v Bertens,30,2016-11-01 05:30:49.901,3.35,2016-11-01 09:30:00,
1.127997134,5611697,Kiki Bertens,Svitolina v Bertens,40,2016-11-01 07:01:36.873,3.65,2016-11-01 09:30:00,
1.127997134,5611697,Kiki Bertens,Svitolina v Bertens,50,2016-11-01 07:44:41.740,3.65,2016-11-01 09:24:00,
1.127997134,5611697,Kiki Bertens,Svitolina v Bertens,60,2016-11-01 08:25:47.200,3.8,2016-11-01 09:24:00,
1.127997134,5611697,Kiki Bertens,Svitolina v Bertens,70,2016-11-01 08:36:26.670,3.7,2016-11-01 09:24:00,
1.127997134,5611697,Kiki Bertens,Svitolina v Bertens,80,2016-11-01 08:39:46.843,3.4,2016-11-01 09:24:00,
1.127997134,5611697,Kiki Bertens,Svitolina v Bertens,90,2016-11-01 08:42:36.668,3.6,2016-11-01 08:45:00,
1.127997134,5611697,Kiki Bertens,Svitolina v Bertens,100,2016-11-01 08:44:49.982,3.9,2016-11-01 08:45:00,
1.127997134,6324464,Elina Svitolina,Svitolina v Bertens,0,2016-10-31 20:34:27.414,1.42,2016-11-01 09:30:00,
1.127997134,6324464,Elina Svitolina,Svitolina v Bertens,10,2016-10-31 21:26:40.056,1.4,2016-11-01 09:30:00,
1.127997134,6324464,Elina Svitolina,Svitolina v Bertens,20,2016-11-01 02:07:07.727,1.38,2016-11-01 09:30:00,
1.127997134,6324464,Elina Svitolina,Svitolina v Bertens,30,2016-11-01 05:32:50.000,1.42,2016-11-01 09:30:00,
1.127997134,6324464,Elina Svitolina,Svitolina v Bertens,40,2016-11-01 07:01:36.873,1.38,2016-11-01 09:30:00,
1.127997134,6324464,Elina Svitolina,Svitolina v Bertens,50,2016-11-01 07:25:48.489,1.39,2016-11-01 09:24:00,
1.127997134,6324464,Elina Svitolina,Svitolina v Bertens,60,2016-11-01 07:44:41.740,1.39,2016-11-01 09:24:00,
1.127997134,6324464,Elina Svitolina,Svitolina v Bertens,70,2016-11-01 08:19:32.627,1.38,2016-11-01 09:24:00,
1.127997134,6324464,Elina Svitolina,Svitolina v Bertens,80,2016-11-01 08:29:12.968,1.36,2016-11-01 09:24:00,
1.127997134,6324464,Elina Svitolina,Svitolina v Bertens,90,2016-11-01 08:39:46.843,1.4,2016-11-01 09:24:00,
1.127997134,6324464,Elina Svitolina,Svitolina v Bertens,100,2016-11-01 08:44:49.982,1.35,2016-11-01 08:45:00,
1.127997178,2249840,Roberta Vinci,Vinci v Strycova,0,2016-11-01 00:57:26.441,2.38,2016-11-01 11:00:00,
1.127997178,2249840,Roberta Vinci,Vinci v Strycova,10,2016-11-01 03:24:41.796,2.46,2016-11-01 11:00:00,
1.127997178,2249840,Roberta Vinci,Vinci v Strycova,20,2016-11-01 07:00:09.462,2.44,2016-11-01 11:00:00,
1.127997178,2249840,Roberta Vinci,Vinci v Strycova,30,2016-11-01 07:23:53.202,2.34,2016-11-01 11:00:00,
1.127997178,2249840,Roberta Vinci,Vinci v Strycova,40,2016-11-01 09:02:49.284,2.3,2016-11-01 11:00:00,
1.127997178,2249840,Roberta Vinci,Vinci v Strycova,50,2016-11-01 09:09:58.252,2.3,2016-11-01 11:00:00,
1.127997178,2249840,Roberta Vinci,Vinci v Strycova,60,2016-11-01 09:52:33.569,2.36,2016-11-01 11:00:00,
1.127997178,2249840,Roberta Vinci,Vinci v Strycova,70,2016-11-01 10:28:43.969,2.44,2016-11-01 11:00:00,
1.127997178,2249840,Roberta Vinci,Vinci v Strycova,80,2016-11-01 10:33:29.717,2.44,2016-11-01 11:00:00,
1.127997178,2249840,Roberta Vinci,Vinci v Strycova,90,2016-11-01 10:51:53.660,2.42,2016-11-01 11:00:00,
1.127997178,2249840,Roberta Vinci,Vinci v Strycova,100,2016-11-01 10:54:52.176,2.42,2016-11-01 11:00:00,
1.127997178,9416669,Barbora Strycova,Vinci v Strycova,0,2016-11-01 00:57:26.441,1.73,2016-11-01 11:00:00,
1.127997178,9416669,Barbora Strycova,Vinci v Strycova,10,2016-11-01 05:21:29.268,1.72,2016-11-01 11:00:00,
1.127997178,9416669,Barbora Strycova,Vinci v Strycova,20,2016-11-01 06:41:20.440,1.71,2016-11-01 11:00:00,
1.127997178,9416669,Barbora Strycova,Vinci v Strycova,30,2016-11-01 07:06:40.556,1.73,2016-11-01 11:00:00,
1.127997178,9416669,Barbora Strycova,Vinci v Strycova,40,2016-11-01 07:58:19.815,1.74,2016-11-01 11:00:00,
1.127997178,9416669,Barbora Strycova,Vinci v Strycova,50,2016-11-01 08:56:54.164,1.74,2016-11-01 11:00:00,
1.127997178,9416669,Barbora Strycova,Vinci v Strycova,60,2016-11-01 09:09:55.737,1.77,2016-11-01 11:00:00,
1.127997178,9416669,Barbora Strycova,Vinci v Strycova,70,2016-11-01 09:52:33.569,1.71,2016-11-01 11:00:00,
1.127997178,9416669,Barbora Strycova,Vinci v Strycova,80,2016-11-01 10:31:53.036,1.72,2016-11-01 11:00:00,
1.127997178,9416669,Barbora Strycova,Vinci v Strycova,90,2016-11-01 10:52:54.739,1.73,2016-11-01 11:00:00,
1.127997178,9416669,Barbora Strycova,Vinci v Strycova,100,2016-11-01 10:59:50.492,1.69,2016-11-01 11:00:00,
1.127997222,2263710,Timea Bacsinszky,Bacsinszky v S Zhang,0,2016-10-31 13:53:18.849,1.64,2016-11-01 07:30:00,
1.127997222,2263710,Timea Bacsinszky,Bacsinszky v S Zhang,10,2016-11-01 01:07:09.765,1.69,2016-11-01 07:30:00,
1.127997222,2263710,Timea Bacsinszky,Bacsinszky v S Zhang,20,2016-11-01 02:14:06.837,1.68,2016-11-01 07:30:00,
1.127997222,2263710,Timea Bacsinszky,Bacsinszky v S Zhang,30,2016-11-01 04:17:50.292,1.7,2016-11-01 07:30:00,
1.127997222,2263710,Timea Bacsinszky,Bacsinszky v S Zhang,40,2016-11-01 05:59:06.302,1.66,2016-11-01 07:30:00,
1.127997222,2263710,Timea Bacsinszky,Bacsinszky v S Zhang,50,2016-11-01 06:23:07.063,1.69,2016-11-01 07:30:00,
1.127997222,2263710,Timea Bacsinszky,Bacsinszky v S Zhang,60,2016-11-01 06:39:01.405,1.67,2016-11-01 07:30:00,
1.127997222,2263710,Timea Bacsinszky,Bacsinszky v S Zhang,70,2016-11-01 06:49:06.753,1.71,2016-11-01 07:30:00,
1.127997222,2263710,Timea Bacsinszky,Bacsinszky v S Zhang,80,2016-11-01 06:57:45.055,1.73,2016-11-01 07:30:00,
1.127997222,2263710,Timea Bacsinszky,Bacsinszky v S Zhang,90,2016-11-01 07:10:02.999,1.73,2016-11-01 07:30:00,
1.127997222,2263710,Timea Bacsinszky,Bacsinszky v S Zhang,100,2016-11-01 07:25:08.020,1.75,2016-11-01 07:30:00,
1.127997222,2386498,Shuai Zhang,Bacsinszky v S Zhang,0,2016-10-31 17:51:04.228,2.48,2016-11-01 07:30:00,
1.127997222,2386498,Shuai Zhang,Bacsinszky v S Zhang,10,2016-10-31 22:18:08.014,2.36,2016-11-01 07:30:00,
1.127997222,2386498,Shuai Zhang,Bacsinszky v S Zhang,20,2016-11-01 01:51:06.692,2.4,2016-11-01 07:30:00,
1.127997222,2386498,Shuai Zhang,Bacsinszky v S Zhang,30,2016-11-01 03:30:04.958,2.52,2016-11-01 07:30:00,
1.127997222,2386498,Shuai Zhang,Bacsinszky v S Zhang,40,2016-11-01 04:57:45.609,2.44,2016-11-01 07:30:00,
1.127997222,2386498,Shuai Zhang,Bacsinszky v S Zhang,50,2016-11-01 05:39:05.196,2.52,2016-11-01 07:30:00,
1.127997222,2386498,Shuai Zhang,Bacsinszky v S Zhang,60,2016-11-01 06:06:08.152,2.48,2016-11-01 07:30:00,
1.127997222,2386498,Shuai Zhang,Bacsinszky v S Zhang,70,2016-11-01 06:39:01.405,2.46,2016-11-01 07:30:00,
1.127997222,2386498,Shuai Zhang,Bacsinszky v S Zhang,80,2016-11-01 06:53:01.042,2.38,2016-11-01 07:30:00,
1.127997222,2386498,Shuai Zhang,Bacsinszky v S Zhang,90,2016-11-01 07:17:08.103,2.38,2016-11-01 07:30:00,
1.127997222,2386498,Shuai Zhang,Bacsinszky v S Zhang,100,2016-11-01 07:25:08.020,2.32,2016-11-01 07:30:00,
1.127997621,4105819,Milos Raonic,Carreno Busta v Raonic,0,2016-10-31 14:33:30.718,1.38,2016-11-01 12:00:00,
1.127997621,4105819,Milos Raonic,Carreno Busta v Raonic,10,2016-10-31 21:52:58.744,1.42,2016-11-01 16:00:00,
1.127997621,4105819,Milos Raonic,Carreno Busta v Raonic,20,2016-11-01 03:38:15.705,1.38,2016-11-01 16:00:00,
1.127997621,4105819,Milos Raonic,Carreno Busta v Raonic,30,2016-11-01 08:39:57.312,1.41,2016-11-01 16:00:00,
1.127997621,4105819,Milos Raonic,Carreno Busta v Raonic,40,2016-11-01 10:18:24.931,1.42,2016-11-01 15:50:00,
1.127997621,4105819,Milos Raonic,Carreno Busta v Raonic,50,2016-11-01 11:49:17.366,1.44,2016-11-01 15:50:00,
1.127997621,4105819,Milos Raonic,Carreno Busta v Raonic,60,2016-11-01 13:13:25.945,1.41,2016-11-01 16:21:00,
1.127997621,4105819,Milos Raonic,Carreno Busta v Raonic,70,2016-11-01 14:26:12.539,1.42,2016-11-01 16:29:00,
1.127997621,4105819,Milos Raonic,Carreno Busta v Raonic,80,2016-11-01 15:36:25.483,1.42,2016-11-01 16:26:00,
1.127997621,4105819,Milos Raonic,Carreno Busta v Raonic,90,2016-11-01 16:08:25.189,1.42,2016-11-01 16:26:00,
1.127997621,4105819,Milos Raonic,Carreno Busta v Raonic,100,2016-11-01 16:35:27.874,1.41,2016-11-01 16:46:00,
1.127997621,5479878,Pablo Carreno Busta,Carreno Busta v Raonic,0,2016-10-31 12:30:01.646,3.6,2016-11-01 12:00:00,
1.127997621,5479878,Pablo Carreno Busta,Carreno Busta v Raonic,10,2016-10-31 21:48:49.012,3.45,2016-11-01 16:00:00,
1.127997621,5479878,Pablo Carreno Busta,Carreno Busta v Raonic,20,2016-11-01 00:50:22.692,3.65,2016-11-01 16:00:00,
1.127997621,5479878,Pablo Carreno Busta,Carreno Busta v Raonic,30,2016-11-01 04:22:58.484,3.7,2016-11-01 16:00:00,
1.127997621,5479878,Pablo Carreno Busta,Carreno Busta v Raonic,40,2016-11-01 08:35:35.187,3.4,2016-11-01 16:00:00,
1.127997621,5479878,Pablo Carreno Busta,Carreno Busta v Raonic,50,2016-11-01 11:38:47.075,3.3,2016-11-01 15:50:00,
1.127997621,5479878,Pablo Carreno Busta,Carreno Busta v Raonic,60,2016-11-01 12:38:07.586,3.35,2016-11-01 16:21:00,
1.127997621,5479878,Pablo Carreno Busta,Carreno Busta v Raonic,70,2016-11-01 14:51:26.352,3.3,2016-11-01 16:26:00,
1.127997621,5479878,Pablo Carreno Busta,Carreno Busta v Raonic,80,2016-11-01 15:33:15.451,3.35,2016-11-01 16:26:00,
1.127997621,5479878,Pablo Carreno Busta,Carreno Busta v Raonic,90,2016-11-01 15:58:24.388,3.35,2016-11-01 16:26:00,
1.127997621,5479878,Pablo Carreno Busta,Carreno Busta v Raonic,100,2016-11-01 16:27:27.677,3.35,2016-11-01 16:41:00,
1.127997743,2249399,Richard Gasquet,Gasquet v St Johnson,0,2016-10-31 20:30:10.028,1.52,2016-11-01 18:30:00,
1.127997743,2249399,Richard Gasquet,Gasquet v St Johnson,10,2016-11-01 06:59:14.914,1.51,2016-11-01 18:30:00,
1.127997743,2249399,Richard Gasquet,Gasquet v St Johnson,20,2016-11-01 08:58:16.829,1.5,2016-11-01 18:30:00,
1.127997743,2249399,Richard Gasquet,Gasquet v St Johnson,30,2016-11-01 09:55:40.842,1.47,2016-11-01 18:30:00,
1.127997743,2249399,Richard Gasquet,Gasquet v St Johnson,40,2016-11-01 11:39:27.992,1.5,2016-11-01 18:30:00,
1.127997743,2249399,Richard Gasquet,Gasquet v St Johnson,50,2016-11-01 13:53:26.367,1.48,2016-11-01 18:30:00,
1.127997743,2249399,Richard Gasquet,Gasquet v St Johnson,60,2016-11-01 15:48:57.366,1.47,2016-11-01 18:30:00,
1.127997743,2249399,Richard Gasquet,Gasquet v St Johnson,70,2016-11-01 17:01:11.305,1.48,2016-11-01 18:30:00,
1.127997743,2249399,Richard Gasquet,Gasquet v St Johnson,80,2016-11-01 17:39:27.496,1.49,2016-11-01 18:30:00,
1.127997743,2249399,Richard Gasquet,Gasquet v St Johnson,90,2016-11-01 18:04:21.755,1.47,2016-11-01 18:30:00,
1.127997743,2249399,Richard Gasquet,Gasquet v St Johnson,100,2016-11-01 18:15:12.517,1.45,2016-11-01 18:30:00,
1.127997743,4876706,Steve Johnson,Gasquet v St Johnson,0,2016-10-31 14:58:58.888,2.98,2016-11-01 12:00:00,
1.127997743,4876706,Steve Johnson,Gasquet v St Johnson,10,2016-11-01 05:18:23.221,2.86,2016-11-01 18:30:00,
1.127997743,4876706,Steve Johnson,Gasquet v St Johnson,20,2016-11-01 07:00:20.909,2.96,2016-11-01 18:30:00,
1.127997743,4876706,Steve Johnson,Gasquet v St Johnson,30,2016-11-01 07:55:32.290,2.9,2016-11-01 18:30:00,
1.127997743,4876706,Steve Johnson,Gasquet v St Johnson,40,2016-11-01 09:42:19.099,3.1,2016-11-01 18:30:00,
1.127997743,4876706,Steve Johnson,Gasquet v St Johnson,50,2016-11-01 11:39:27.992,2.98,2016-11-01 18:30:00,
1.127997743,4876706,Steve Johnson,Gasquet v St Johnson,60,2016-11-01 14:31:20.702,3.0,2016-11-01 18:30:00,
1.127997743,4876706,Steve Johnson,Gasquet v St Johnson,70,2016-11-01 15:37:24.711,3.1,2016-11-01 18:30:00,
1.127997743,4876706,Steve Johnson,Gasquet v St Johnson,80,2016-11-01 15:54:13.445,3.05,2016-11-01 18:30:00,
1.127997743,4876706,Steve Johnson,Gasquet v St Johnson,90,2016-11-01 17:51:25.585,3.05,2016-11-01 18:30:00,
1.127997743,4876706,Steve Johnson,Gasquet v St Johnson,100,2016-11-01 18:10:28.049,3.2,2016-11-01 18:30:00,
1.127998495,2256480,Fernando Verdasco,Verdasco v A Murray,0,2016-10-31 14:51:15.263,13.0,2016-11-01 12:00:00,
1.127998495,2256480,Fernando Verdasco,Verdasco v A Murray,10,2016-10-31 20:31:49.853,14.0,2016-11-01 12:00:00,
1.127998495,2256480,Fernando Verdasco,Verdasco v A Murray,20,2016-11-01 12:15:19.867,15.0,2016-11-02 12:00:00,
1.127998495,2256480,Fernando Verdasco,Verdasco v A Murray,30,2016-11-02 10:20:53.599,14.0,2016-11-02 18:30:00,
1.127998495,2256480,Fernando Verdasco,Verdasco v A Murray,40,2016-11-02 15:35:59.237,14.5,2016-11-02 18:30:00,
1.127998495,2256480,Fernando Verdasco,Verdasco v A Murray,50,2016-11-02 16:41:02.159,14.5,2016-11-02 18:30:00,
1.127998495,2256480,Fernando Verdasco,Verdasco v A Murray,60,2016-11-02 17:32:09.302,14.5,2016-11-02 18:30:00,
1.127998495,2256480,Fernando Verdasco,Verdasco v A Murray,70,2016-11-02 17:37:25.926,14.0,2016-11-02 18:30:00,
1.127998495,2256480,Fernando Verdasco,Verdasco v A Murray,80,2016-11-02 17:50:20.254,15.0,2016-11-02 18:30:00,
1.127998495,2256480,Fernando Verdasco,Verdasco v A Murray,90,2016-11-02 18:00:25.085,15.0,2016-11-02 18:30:00,
1.127998495,2256480,Fernando Verdasco,Verdasco v A Murray,100,2016-11-02 18:25:22.521,15.0,2016-11-02 18:30:00,
1.127998495,2256509,Andy Murray,Verdasco v A Murray,0,2016-10-31 13:23:13.689,1.09,2016-11-01 12:00:00,
1.127998495,2256509,Andy Murray,Verdasco v A Murray,10,2016-10-31 21:01:04.004,1.07,2016-11-01 12:00:00,
1.127998495,2256509,Andy Murray,Verdasco v A Murray,20,2016-11-01 12:05:11.193,1.07,2016-11-02 12:00:00,
1.127998495,2256509,Andy Murray,Verdasco v A Murray,30,2016-11-01 20:29:21.374,1.07,2016-11-02 18:30:00,
1.127998495,2256509,Andy Murray,Verdasco v A Murray,40,2016-11-02 02:02:00.080,1.07,2016-11-02 18:30:00,
1.127998495,2256509,Andy Murray,Verdasco v A Murray,50,2016-11-02 09:46:09.105,1.08,2016-11-02 18:30:00,
1.127998495,2256509,Andy Murray,Verdasco v A Murray,60,2016-11-02 14:08:46.952,1.08,2016-11-02 18:30:00,
1.127998495,2256509,Andy Murray,Verdasco v A Murray,70,2016-11-02 15:41:19.493,1.08,2016-11-02 18:30:00,
1.127998495,2256509,Andy Murray,Verdasco v A Murray,80,2016-11-02 17:24:11.538,1.08,2016-11-02 18:30:00,
1.127998495,2256509,Andy Murray,Verdasco v A Murray,90,2016-11-02 17:59:28.383,1.08,2016-11-02 18:30:00,
1.127998495,2256509,Andy Murray,Verdasco v A Murray,100,2016-11-02 18:25:22.521,1.07,2016-11-02 18:30:00,
1.127998749,2256470,Tomas Berdych,Berdych v J Sousa,0,2016-10-31 14:19:09.423,1.27,2016-11-01 12:00:00,
1.127998749,2256470,Tomas Berdych,Berdych v J Sousa,10,2016-11-01 03:37:40.515,1.31,2016-11-01 12:00:00,
1.127998749,2256470,Tomas Berdych,Berdych v J Sousa,20,2016-11-01 06:28:37.924,1.29,2016-11-01 12:00:00,
1.127998749,2256470,Tomas Berdych,Berdych v J Sousa,30,2016-11-01 07:52:52.804,1.29,2016-11-01 12:00:00,
1.127998749,2256470,Tomas Berdych,Berdych v J Sousa,40,2016-11-01 09:05:24.870,1.3,2016-11-01 12:00:00,
1.127998749,2256470,Tomas Berdych,Berdych v J Sousa,50,2016-11-01 09:38:35.735,1.29,2016-11-01 12:00:00,
1.127998749,2256470,Tomas Berdych,Berdych v J Sousa,60,2016-11-01 10:05:26.289,1.3,2016-11-01 11:50:00,
1.127998749,2256470,Tomas Berdych,Berdych v J Sousa,70,2016-11-01 10:37:24.196,1.3,2016-11-01 11:50:00,
1.127998749,2256470,Tomas Berdych,Berdych v J Sousa,80,2016-11-01 11:35:30.873,1.33,2016-11-01 11:50:00,
1.127998749,2256470,Tomas Berdych,Berdych v J Sousa,90,2016-11-01 11:58:30.043,1.33,2016-11-01 12:05:00,
1.127998749,2256470,Tomas Berdych,Berdych v J Sousa,100,2016-11-01 12:20:23.618,1.33,2016-11-01 12:22:00,
1.127998749,7053035,Joao Sousa,Berdych v J Sousa,0,2016-10-31 21:06:04.036,4.4,2016-11-01 12:00:00,
1.127998749,7053035,Joao Sousa,Berdych v J Sousa,10,2016-10-31 22:28:01.159,4.4,2016-11-01 12:00:00,
1.127998749,7053035,Joao Sousa,Berdych v J Sousa,20,2016-11-01 01:20:28.665,4.2,2016-11-01 12:00:00,
1.127998749,7053035,Joao Sousa,Berdych v J Sousa,30,2016-11-01 05:17:14.473,4.3,2016-11-01 12:00:00,
1.127998749,7053035,Joao Sousa,Berdych v J Sousa,40,2016-11-01 09:01:03.510,4.4,2016-11-01 12:00:00,
1.127998749,7053035,Joao Sousa,Berdych v J Sousa,50,2016-11-01 10:15:30.408,4.5,2016-11-01 11:50:00,
1.127998749,7053035,Joao Sousa,Berdych v J Sousa,60,2016-11-01 10:58:03.899,4.4,2016-11-01 11:50:00,
1.127998749,7053035,Joao Sousa,Berdych v J Sousa,70,2016-11-01 11:09:58.319,4.4,2016-11-01 11:50:00,
1.127998749,7053035,Joao Sousa,Berdych v J Sousa,80,2016-11-01 11:31:10.232,4.0,2016-11-01 11:50:00,
1.127998749,7053035,Joao Sousa,Berdych v J Sousa,90,2016-11-01 11:49:08.614,4.1,2016-11-01 11:50:00,
1.127998749,7053035,Joao Sousa,Berdych v J Sousa,100,2016-11-01 12:16:31.157,4.1,2016-11-01 12:22:00,
1.128001008,8284479,Federico Gaio,Otte v Gaio,0,2016-11-01 02:02:23.899,1.85,2016-11-01 14:30:00,
1.128001008,8284479,Federico Gaio,Otte v Gaio,10,2016-11-01 03:33:58.312,1.73,2016-11-01 14:30:00,
1.128001008,8284479,Federico Gaio,Otte v Gaio,20,2016-11-01 08:58:16.407,1.76,2016-11-01 14:30:00,
1.128001008,8284479,Federico Gaio,Otte v Gaio,30,2016-11-01 12:25:02.586,1.91,2016-11-01 14:19:00,
1.128001008,8284479,Federico Gaio,Otte v Gaio,40,2016-11-01 13:13:39.268,1.84,2016-11-01 14:19:00,
1.128001008,8284479,Federico Gaio,Otte v Gaio,50,2016-11-01 13:14:18.143,1.95,2016-11-01 14:19:00,
1.128001008,8284479,Federico Gaio,Otte v Gaio,60,2016-11-01 13:16:11.558,1.97,2016-11-01 14:19:00,
1.128001008,8284479,Federico Gaio,Otte v Gaio,70,2016-11-01 13:37:10.449,1.88,2016-11-01 14:19:00,
1.128001008,8284479,Federico Gaio,Otte v Gaio,80,2016-11-01 13:38:41.855,1.98,2016-11-01 14:19:00,
1.128001008,8284479,Federico Gaio,Otte v Gaio,90,2016-11-01 13:39:29.576,1.99,2016-11-01 14:19:00,
1.128001008,8284479,Federico Gaio,Otte v Gaio,100,2016-11-01 13:49:38.083,1.88,2016-11-01 13:50:00,
1.128001008,9624731,Oscar Otte,Otte v Gaio,0,2016-11-01 02:02:23.899,2.18,2016-11-01 14:30:00,
1.128001008,9624731,Oscar Otte,Otte v Gaio,10,2016-11-01 03:33:58.312,2.38,2016-11-01 14:30:00,
1.128001008,9624731,Oscar Otte,Otte v Gaio,20,2016-11-01 11:19:22.116,2.12,2016-11-01 14:42:00,
1.128001008,9624731,Oscar Otte,Otte v Gaio,30,2016-11-01 11:56:31.750,2.1,2016-11-01 14:42:00,
1.128001008,9624731,Oscar Otte,Otte v Gaio,40,2016-11-01 12:32:19.681,2.08,2016-11-01 14:19:00,
1.128001008,9624731,Oscar Otte,Otte v Gaio,50,2016-11-01 12:57:37.229,2.18,2016-11-01 14:19:00,
1.128001008,9624731,Oscar Otte,Otte v Gaio,60,2016-11-01 12:58:35.375,2.06,2016-11-01 14:19:00,
1.128001008,9624731,Oscar Otte,Otte v Gaio,70,2016-11-01 13:17:24.258,2.02,2016-11-01 14:19:00,
1.128001008,9624731,Oscar Otte,Otte v Gaio,80,2016-11-01 13:29:39.152,2.16,2016-11-01 14:19:00,
1.128001008,9624731,Oscar Otte,Otte v Gaio,90,2016-11-01 13:37:10.449,2.14,2016-11-01 14:19:00,
1.128001008,9624731,Oscar Otte,Otte v Gaio,100,2016-11-01 13:38:41.855,2.02,2016-11-01 14:19:00,
1.128001894,5617034,Kenny De Schepper,K De Schepper v De Minaur,0,2016-11-01 08:09:33.529,1.37,2016-11-01 12:30:00,
1.128001894,5617034,Kenny De Schepper,K De Schepper v De Minaur,10,2016-11-01 08:47:29.324,1.38,2016-11-01 12:30:00,
1.128001894,5617034,Kenny De Schepper,K De Schepper v De Minaur,20,2016-11-01 08:58:16.191,1.34,2016-11-01 12:30:00,
1.128001894,5617034,Kenny De Schepper,K De Schepper v De Minaur,30,2016-11-01 09:14:30.503,1.32,2016-11-01 12:30:00,
1.128001894,5617034,Kenny De Schepper,K De Schepper v De Minaur,40,2016-11-01 09:45:20.702,1.29,2016-11-01 12:30:00,
1.128001894,5617034,Kenny De Schepper,K De Schepper v De Minaur,50,2016-11-01 10:51:30.232,1.38,2016-11-01 12:42:00,
1.128001894,5617034,Kenny De Schepper,K De Schepper v De Minaur,60,2016-11-01 11:47:16.938,1.37,2016-11-01 12:42:00,
1.128001894,5617034,Kenny De Schepper,K De Schepper v De Minaur,70,2016-11-01 12:03:33.644,1.36,2016-11-01 12:42:00,
1.128001894,5617034,Kenny De Schepper,K De Schepper v De Minaur,80,2016-11-01 12:04:28.329,1.37,2016-11-01 12:42:00,
1.128001894,5617034,Kenny De Schepper,K De Schepper v De Minaur,90,2016-11-01 12:06:38.406,1.36,2016-11-01 12:42:00,
1.128001894,5617034,Kenny De Schepper,K De Schepper v De Minaur,100,2016-11-01 12:15:41.631,1.37,2016-11-01 12:42:00,
1.128001955,4195870,Marius Copil,Copil v Puetz,0,2016-10-31 20:26:31.947,1.25,2016-11-01 12:00:00,
1.128001955,4195870,Marius Copil,Copil v Puetz,10,2016-11-01 00:49:38.332,2.1,2016-11-02 12:00:00,
1.128001955,4195870,Marius Copil,Copil v Puetz,20,2016-11-01 01:14:21.873,1.3,2016-11-02 12:00:00,
1.128001955,4195870,Marius Copil,Copil v Puetz,30,2016-11-01 11:59:33.854,1.46,2016-11-02 12:00:00,
1.128001955,4195870,Marius Copil,Copil v Puetz,40,2016-11-02 07:06:15.540,1.57,2016-11-02 13:30:00,
1.128001955,4195870,Marius Copil,Copil v Puetz,50,2016-11-02 10:28:25.733,1.53,2016-11-02 13:30:00,
1.128001955,4195870,Marius Copil,Copil v Puetz,60,2016-11-02 11:53:31.140,1.54,2016-11-02 14:00:00,
1.128001955,4195870,Marius Copil,Copil v Puetz,70,2016-11-02 12:10:30.010,1.46,2016-11-02 14:15:00,
1.128001955,4195870,Marius Copil,Copil v Puetz,80,2016-11-02 13:06:02.422,1.47,2016-11-02 14:10:00,
1.128001955,4195870,Marius Copil,Copil v Puetz,90,2016-11-02 13:55:08.513,1.45,2016-11-02 14:10:00,
1.128001955,4195870,Marius Copil,Copil v Puetz,100,2016-11-02 14:08:38.106,1.44,2016-11-02 14:10:00,
1.128001955,7593247,Tim Puetz,Copil v Puetz,0,2016-10-31 20:25:33.998,1.25,2016-11-01 12:00:00,
1.128001955,7593247,Tim Puetz,Copil v Puetz,10,2016-11-01 14:12:21.821,2.8,2016-11-02 12:00:00,
1.128001955,7593247,Tim Puetz,Copil v Puetz,20,2016-11-02 05:30:34.409,2.74,2016-11-02 13:30:00,
1.128001955,7593247,Tim Puetz,Copil v Puetz,30,2016-11-02 09:07:30.174,2.88,2016-11-02 13:30:00,
1.128001955,7593247,Tim Puetz,Copil v Puetz,40,2016-11-02 10:28:25.733,2.88,2016-11-02 13:30:00,
1.128001955,7593247,Tim Puetz,Copil v Puetz,50,2016-11-02 11:14:26.966,2.86,2016-11-02 13:30:00,
1.128001955,7593247,Tim Puetz,Copil v Puetz,60,2016-11-02 11:58:29.983,3.2,2016-11-02 14:00:00,
1.128001955,7593247,Tim Puetz,Copil v Puetz,70,2016-11-02 12:31:39.187,3.2,2016-11-02 14:10:00,
1.128001955,7593247,Tim Puetz,Copil v Puetz,80,2016-11-02 13:02:58.241,3.0,2016-11-02 14:10:00,
1.128001955,7593247,Tim Puetz,Copil v Puetz,90,2016-11-02 13:38:29.040,3.0,2016-11-02 14:10:00,
1.128001955,7593247,Tim Puetz,Copil v Puetz,100,2016-11-02 14:03:38.881,3.3,2016-11-02 14:10:00,
1.128005558,8259098,Jan-Lennard Struff,S Wawrinka v Struff,0,2016-10-31 17:38:23.540,4.1,2016-11-01 12:00:00,
1.128005558,8259098,Jan-Lennard Struff,S Wawrinka v Struff,10,2016-10-31 22:21:51.307,4.2,2016-11-01 12:00:00,
1.128005558,8259098,Jan-Lennard Struff,S Wawrinka v Struff,20,2016-11-01 12:58:31.608,4.2,2016-11-02 12:00:00,
1.128005558,8259098,Jan-Lennard Struff,S Wawrinka v Struff,30,2016-11-02 05:35:08.244,4.1,2016-11-02 19:30:00,
1.128005558,8259098,Jan-Lennard Struff,S Wawrinka v Struff,40,2016-11-02 09:52:00.619,4.2,2016-11-02 19:30:00,
1.128005558,8259098,Jan-Lennard Struff,S Wawrinka v Struff,50,2016-11-02 16:34:53.299,4.1,2016-11-02 19:30:00,
1.128005558,8259098,Jan-Lennard Struff,S Wawrinka v Struff,60,2016-11-02 17:26:22.042,4.1,2016-11-02 19:30:00,
1.128005558,8259098,Jan-Lennard Struff,S Wawrinka v Struff,70,2016-11-02 18:04:23.937,4.0,2016-11-02 19:30:00,
1.128005558,8259098,Jan-Lennard Struff,S Wawrinka v Struff,80,2016-11-02 19:05:21.908,4.2,2016-11-02 19:30:00,
1.128005558,8259098,Jan-Lennard Struff,S Wawrinka v Struff,90,2016-11-02 20:53:26.434,3.95,2016-11-02 21:00:00,
1.128005558,8259098,Jan-Lennard Struff,S Wawrinka v Struff,100,2016-11-02 21:19:28.046,4.1,2016-11-02 21:30:00,
1.128005558,8597476,Stan Wawrinka,S Wawrinka v Struff,0,2016-10-31 17:38:23.540,1.32,2016-11-01 12:00:00,
1.128005558,8597476,Stan Wawrinka,S Wawrinka v Struff,10,2016-11-01 09:00:51.631,1.32,2016-11-02 12:00:00,
1.128005558,8597476,Stan Wawrinka,S Wawrinka v Struff,20,2016-11-01 20:04:48.869,1.3,2016-11-02 19:30:00,
1.128005558,8597476,Stan Wawrinka,S Wawrinka v Struff,30,2016-11-02 07:59:15.364,1.33,2016-11-02 19:30:00,
1.128005558,8597476,Stan Wawrinka,S Wawrinka v Struff,40,2016-11-02 11:18:36.070,1.31,2016-11-02 19:30:00,
1.128005558,8597476,Stan Wawrinka,S Wawrinka v Struff,50,2016-11-02 15:15:13.069,1.31,2016-11-02 19:30:00,
1.128005558,8597476,Stan Wawrinka,S Wawrinka v Struff,60,2016-11-02 17:31:27.599,1.33,2016-11-02 19:30:00,
1.128005558,8597476,Stan Wawrinka,S Wawrinka v Struff,70,2016-11-02 19:03:09.409,1.31,2016-11-02 19:30:00,
1.128005558,8597476,Stan Wawrinka,S Wawrinka v Struff,80,2016-11-02 19:48:57.092,1.32,2016-11-02 20:00:00,
1.128005558,8597476,Stan Wawrinka,S Wawrinka v Struff,90,2016-11-02 20:27:18.115,1.31,2016-11-02 20:30:00,
1.128005558,8597476,Stan Wawrinka,S Wawrinka v Struff,100,2016-11-02 21:19:28.046,1.32,2016-11-02 21:30:00,
1.128005561,10682718,Murray/Soares,Dimitrov/Qureshi v Murray/Soares,0,2016-10-31 18:10:10.302,1.25,2016-11-01 12:00:00,
1.128005561,10682718,Murray/Soares,Dimitrov/Qureshi v Murray/Soares,10,2016-10-31 19:06:12.146,4.0,2016-11-01 12:00:00,
1.128005561,10682718,Murray/Soares,Dimitrov/Qureshi v Murray/Soares,20,2016-11-01 22:01:32.919,1.39,2016-11-02 15:30:00,
1.128005561,10682718,Murray/Soares,Dimitrov/Qureshi v Murray/Soares,30,2016-11-02 06:09:17.490,1.65,2016-11-02 15:30:00,
1.128005561,10682718,Murray/Soares,Dimitrov/Qureshi v Murray/Soares,40,2016-11-02 12:48:24.567,1.41,2016-11-02 15:30:00,
1.128005561,10682718,Murray/Soares,Dimitrov/Qureshi v Murray/Soares,50,2016-11-02 14:29:21.756,1.43,2016-11-02 15:30:00,
1.128005561,10682718,Murray/Soares,Dimitrov/Qureshi v Murray/Soares,60,2016-11-02 15:12:51.176,1.43,2016-11-02 15:30:00,
1.128005561,10682718,Murray/Soares,Dimitrov/Qureshi v Murray/Soares,70,2016-11-02 15:15:43.286,1.41,2016-11-02 15:30:00,
1.128005561,10682718,Murray/Soares,Dimitrov/Qureshi v Murray/Soares,80,2016-11-02 15:28:29.066,1.41,2016-11-02 15:30:00,
1.128005561,10682718,Murray/Soares,Dimitrov/Qureshi v Murray/Soares,90,2016-11-02 15:38:23.861,1.46,2016-11-02 15:45:00,
1.128005561,10682718,Murray/Soares,Dimitrov/Qureshi v Murray/Soares,100,2016-11-02 16:55:17.214,1.41,2016-11-02 17:00:00,
1.128005578,2256469,Marcos Baghdatis,M Baghdatis v G Dimitrov,0,2016-11-01 01:58:19.950,3.4,2016-11-01 19:30:00,
1.128005578,2256469,Marcos Baghdatis,M Baghdatis v G Dimitrov,10,2016-11-01 07:16:59.839,3.45,2016-11-01 19:30:00,
1.128005578,2256469,Marcos Baghdatis,M Baghdatis v G Dimitrov,20,2016-11-01 11:56:59.674,3.6,2016-11-01 19:30:00,
1.128005578,2256469,Marcos Baghdatis,M Baghdatis v G Dimitrov,30,2016-11-01 14:54:25.019,3.45,2016-11-01 19:30:00,
1.128005578,2256469,Marcos Baghdatis,M Baghdatis v G Dimitrov,40,2016-11-01 16:08:44.995,3.55,2016-11-01 19:30:00,
1.128005578,2256469,Marcos Baghdatis,M Baghdatis v G Dimitrov,50,2016-11-01 18:33:57.213,3.45,2016-11-01 19:30:00,
1.128005578,2256469,Marcos Baghdatis,M Baghdatis v G Dimitrov,60,2016-11-01 19:27:22.984,3.3,2016-11-01 19:30:00,
1.128005578,2256469,Marcos Baghdatis,M Baghdatis v G Dimitrov,70,2016-11-01 19:40:07.072,3.5,2016-11-01 19:45:00,
1.128005578,2256469,Marcos Baghdatis,M Baghdatis v G Dimitrov,80,2016-11-01 20:31:27.394,3.55,2016-11-01 20:45:00,
1.128005578,2256469,Marcos Baghdatis,M Baghdatis v G Dimitrov,90,2016-11-01 20:42:27.977,3.6,2016-11-01 20:45:00,
1.128005578,2256469,Marcos Baghdatis,M Baghdatis v G Dimitrov,100,2016-11-01 20:47:29.393,3.55,2016-11-01 21:00:00,
1.128005578,3120169,Grigor Dimitrov,M Baghdatis v G Dimitrov,0,2016-10-31 16:13:17.629,1.43,2016-11-01 12:00:00,
1.128005578,3120169,Grigor Dimitrov,M Baghdatis v G Dimitrov,10,2016-11-01 08:22:58.220,1.36,2016-11-01 19:30:00,
1.128005578,3120169,Grigor Dimitrov,M Baghdatis v G Dimitrov,20,2016-11-01 09:55:52.069,1.38,2016-11-01 19:30:00,
1.128005578,3120169,Grigor Dimitrov,M Baghdatis v G Dimitrov,30,2016-11-01 14:25:42.353,1.38,2016-11-01 19:30:00,
1.128005578,3120169,Grigor Dimitrov,M Baghdatis v G Dimitrov,40,2016-11-01 17:38:33.897,1.4,2016-11-01 19:30:00,
1.128005578,3120169,Grigor Dimitrov,M Baghdatis v G Dimitrov,50,2016-11-01 18:32:11.338,1.41,2016-11-01 19:30:00,
1.128005578,3120169,Grigor Dimitrov,M Baghdatis v G Dimitrov,60,2016-11-01 18:59:15.094,1.42,2016-11-01 19:30:00,
1.128005578,3120169,Grigor Dimitrov,M Baghdatis v G Dimitrov,70,2016-11-01 19:33:23.528,1.4,2016-11-01 19:45:00,
1.128005578,3120169,Grigor Dimitrov,M Baghdatis v G Dimitrov,80,2016-11-01 20:10:27.574,1.4,2016-11-01 20:15:00,
1.128005578,3120169,Grigor Dimitrov,M Baghdatis v G Dimitrov,90,2016-11-01 20:37:20.594,1.39,2016-11-01 20:45:00,
1.128005578,3120169,Grigor Dimitrov,M Baghdatis v G Dimitrov,100,2016-11-01 20:48:21.116,1.39,2016-11-01 21:00:00,
1.12801313,8176467,Rojer/Tecau,Rojer/Tecau v Monroe/Sock,0,2016-11-02 20:06:26.607,1.7,2016-11-03 17:00:00,
1.12801313,8176467,Rojer/Tecau,Rojer/Tecau v Monroe/Sock,10,2016-11-02 21:42:19.797,1.61,2016-11-03 17:00:00,
1.12801313,8176467,Rojer/Tecau,Rojer/Tecau v Monroe/Sock,20,2016-11-02 23:07:53.263,1.77,2016-11-03 17:00:00,
1.12801313,8176467,Rojer/Tecau,Rojer/Tecau v Monroe/Sock,30,2016-11-03 09:54:24.958,1.59,2016-11-03 17:00:00,
1.12801313,8176467,Rojer/Tecau,Rojer/Tecau v Monroe/Sock,40,2016-11-03 12:53:35.757,1.58,2016-11-03 17:00:00,
1.12801313,8176467,Rojer/Tecau,Rojer/Tecau v Monroe/Sock,50,2016-11-03 14:04:51.376,1.58,2016-11-03 17:00:00,
1.12801313,8176467,Rojer/Tecau,Rojer/Tecau v Monroe/Sock,60,2016-11-03 15:49:27.847,1.58,2016-11-03 16:30:00,
1.12801313,8176467,Rojer/Tecau,Rojer/Tecau v Monroe/Sock,70,2016-11-03 16:15:23.438,1.54,2016-11-03 16:30:00,
1.12801313,8176467,Rojer/Tecau,Rojer/Tecau v Monroe/Sock,80,2016-11-03 16:35:16.204,1.54,2016-11-03 16:45:00,
1.12801313,8176467,Rojer/Tecau,Rojer/Tecau v Monroe/Sock,90,2016-11-03 16:40:46.439,1.54,2016-11-03 16:45:00,
1.12801313,8176467,Rojer/Tecau,Rojer/Tecau v Monroe/Sock,100,2016-11-03 17:05:18.157,1.51,2016-11-03 17:15:00,
1.128013132,2345099,Paolo Lorenzi,P Cuevas v P Lorenzi,0,2016-11-01 07:50:08.669,1.79,2016-11-02 12:00:00,
1.128013132,2345099,Paolo Lorenzi,P Cuevas v P Lorenzi,10,2016-11-02 02:12:43.774,1.75,2016-11-02 17:00:00,
1.128013132,2345099,Paolo Lorenzi,P Cuevas v P Lorenzi,20,2016-11-02 09:36:08.203,1.76,2016-11-02 17:00:00,
1.128013132,2345099,Paolo Lorenzi,P Cuevas v P Lorenzi,30,2016-11-02 11:39:27.703,1.8,2016-11-02 17:45:00,
1.128013132,2345099,Paolo Lorenzi,P Cuevas v P Lorenzi,40,2016-11-02 13:33:59.338,1.81,2016-11-02 17:52:00,
1.128013132,2345099,Paolo Lorenzi,P Cuevas v P Lorenzi,50,2016-11-02 14:37:11.627,1.81,2016-11-02 17:50:00,
1.128013132,2345099,Paolo Lorenzi,P Cuevas v P Lorenzi,60,2016-11-02 15:28:27.932,1.84,2016-11-02 16:58:00,
1.128013132,2345099,Paolo Lorenzi,P Cuevas v P Lorenzi,70,2016-11-02 16:17:30.257,1.82,2016-11-02 16:58:00,
1.128013132,2345099,Paolo Lorenzi,P Cuevas v P Lorenzi,80,2016-11-02 17:06:21.844,1.8,2016-11-02 17:13:00,
1.128013132,2345099,Paolo Lorenzi,P Cuevas v P Lorenzi,90,2016-11-02 17:24:30.670,1.79,2016-11-02 17:28:00,
1.128013132,2345099,Paolo Lorenzi,P Cuevas v P Lorenzi,100,2016-11-02 17:42:29.225,1.79,2016-11-02 17:43:00,
1.128013132,2424953,Pablo Cuevas,P Cuevas v P Lorenzi,0,2016-11-01 07:50:08.669,2.26,2016-11-02 12:00:00,
1.128013132,2424953,Pablo Cuevas,P Cuevas v P Lorenzi,10,2016-11-02 02:14:43.059,2.3,2016-11-02 17:00:00,
1.128013132,2424953,Pablo Cuevas,P Cuevas v P Lorenzi,20,2016-11-02 06:58:21.476,2.28,2016-11-02 17:00:00,
1.128013132,2424953,Pablo Cuevas,P Cuevas v P Lorenzi,30,2016-11-02 11:33:48.483,2.28,2016-11-02 17:45:00,
1.128013132,2424953,Pablo Cuevas,P Cuevas v P Lorenzi,40,2016-11-02 14:13:12.870,2.26,2016-11-02 17:50:00,
1.128013132,2424953,Pablo Cuevas,P Cuevas v P Lorenzi,50,2016-11-02 15:02:26.460,2.2,2016-11-02 16:58:00,
1.128013132,2424953,Pablo Cuevas,P Cuevas v P Lorenzi,60,2016-11-02 15:58:29.704,2.2,2016-11-02 16:58:00,
1.128013132,2424953,Pablo Cuevas,P Cuevas v P Lorenzi,70,2016-11-02 16:55:30.495,2.26,2016-11-02 16:58:00,
1.128013132,2424953,Pablo Cuevas,P Cuevas v P Lorenzi,80,2016-11-02 17:16:19.840,2.26,2016-11-02 17:28:00,
1.128013132,2424953,Pablo Cuevas,P Cuevas v P Lorenzi,90,2016-11-02 17:24:30.670,2.28,2016-11-02 17:28:00,
1.128013132,2424953,Pablo Cuevas,P Cuevas v P Lorenzi,100,2016-11-02 17:40:30.528,2.26,2016-11-02 17:43:00,
1.128013251,1502771,Bryan/Bryan,Halys/Mannarino v Bryan/Bryan,0,2016-10-31 18:16:30.288,1.2,2016-11-01 12:00:00,
1.128013251,1502771,Bryan/Bryan,Halys/Mannarino v Bryan/Bryan,10,2016-10-31 21:58:11.595,1.19,2016-11-01 12:00:00,
1.128013251,1502771,Bryan/Bryan,Halys/Mannarino v Bryan/Bryan,20,2016-11-01 00:43:02.172,1.2,2016-11-02 12:00:00,
1.128013251,1502771,Bryan/Bryan,Halys/Mannarino v Bryan/Bryan,30,2016-11-01 03:05:17.919,1.19,2016-11-02 12:00:00,
1.128013251,1502771,Bryan/Bryan,Halys/Mannarino v Bryan/Bryan,40,2016-11-02 03:56:49.423,1.16,2016-11-02 12:00:00,
1.128013251,1502771,Bryan/Bryan,Halys/Mannarino v Bryan/Bryan,50,2016-11-02 06:37:49.131,1.2,2016-11-02 12:00:00,
1.128013251,1502771,Bryan/Bryan,Halys/Mannarino v Bryan/Bryan,60,2016-11-02 06:46:35.940,1.28,2016-11-02 12:00:00,
1.128013251,1502771,Bryan/Bryan,Halys/Mannarino v Bryan/Bryan,70,2016-11-02 09:41:22.975,1.24,2016-11-02 12:00:00,
1.128013251,1502771,Bryan/Bryan,Halys/Mannarino v Bryan/Bryan,80,2016-11-02 09:41:56.535,1.23,2016-11-02 12:00:00,
1.128013251,1502771,Bryan/Bryan,Halys/Mannarino v Bryan/Bryan,90,2016-11-02 10:13:08.529,1.21,2016-11-02 11:50:00,
1.128013251,1502771,Bryan/Bryan,Halys/Mannarino v Bryan/Bryan,100,2016-11-02 10:28:27.211,1.2,2016-11-02 11:50:00,
1.128016886,6344314,Henri Laaksonen,Laaksonen v Y Bhambri,0,2016-11-01 12:06:02.587,1.66,2016-11-01 16:00:00,
1.128016886,6344314,Henri Laaksonen,Laaksonen v Y Bhambri,10,2016-11-01 14:38:30.655,1.68,2016-11-01 15:48:00,
1.128016886,6344314,Henri Laaksonen,Laaksonen v Y Bhambri,20,2016-11-01 14:40:32.648,1.61,2016-11-01 15:48:00,
1.128016886,6344314,Henri Laaksonen,Laaksonen v Y Bhambri,30,2016-11-01 15:01:26.841,1.67,2016-11-01 15:48:00,
1.128016886,6344314,Henri Laaksonen,Laaksonen v Y Bhambri,40,2016-11-01 15:31:24.244,1.63,2016-11-01 15:48:00,
1.128016886,6344314,Henri Laaksonen,Laaksonen v Y Bhambri,50,2016-11-01 15:36:27.556,1.66,2016-11-01 15:48:00,
1.128016886,6344314,Henri Laaksonen,Laaksonen v Y Bhambri,60,2016-11-01 15:46:35.692,1.65,2016-11-01 15:48:00,
1.128016886,6344314,Henri Laaksonen,Laaksonen v Y Bhambri,70,2016-11-01 15:47:37.108,1.66,2016-11-01 15:48:00,
1.128016886,6344314,Henri Laaksonen,Laaksonen v Y Bhambri,80,2016-11-01 15:54:02.998,1.64,2016-11-01 15:55:00,
1.128016886,6344314,Henri Laaksonen,Laaksonen v Y Bhambri,90,2016-11-01 15:56:37.414,1.62,2016-11-01 16:10:00,
1.128016886,6344314,Henri Laaksonen,Laaksonen v Y Bhambri,100,2016-11-01 15:57:35.439,1.66,2016-11-01 16:10:00,
1.128017635,2249345,Gilles Simon,G Simon v Bautista Agut,0,2016-11-01 03:22:01.782,1.84,2016-11-02 12:00:00,
1.128017635,2249345,Gilles Simon,G Simon v Bautista Agut,10,2016-11-01 20:56:21.936,1.88,2016-11-02 15:00:00,
1.128017635,2249345,Gilles Simon,G Simon v Bautista Agut,20,2016-11-02 00:26:26.176,1.89,2016-11-02 15:00:00,
1.128017635,2249345,Gilles Simon,G Simon v Bautista Agut,30,2016-11-02 06:28:25.398,1.96,2016-11-02 15:00:00,
1.128017635,2249345,Gilles Simon,G Simon v Bautista Agut,40,2016-11-02 08:13:04.841,1.88,2016-11-02 15:00:00,
1.128017635,2249345,Gilles Simon,G Simon v Bautista Agut,50,2016-11-02 09:51:59.669,1.89,2016-11-02 15:00:00,
1.128017635,2249345,Gilles Simon,G Simon v Bautista Agut,60,2016-11-02 11:09:46.161,1.93,2016-11-02 15:15:00,
1.128017635,2249345,Gilles Simon,G Simon v Bautista Agut,70,2016-11-02 12:20:55.506,1.91,2016-11-02 15:52:00,
1.128017635,2249345,Gilles Simon,G Simon v Bautista Agut,80,2016-11-02 13:41:41.971,1.87,2016-11-02 15:52:00,
1.128017635,2249345,Gilles Simon,G Simon v Bautista Agut,90,2016-11-02 14:16:27.471,1.87,2016-11-02 15:50:00,
1.128017635,2249345,Gilles Simon,G Simon v Bautista Agut,100,2016-11-02 15:00:27.649,1.95,2016-11-02 15:50:00,
1.128017635,4290403,Roberto Bautista Agut,G Simon v Bautista Agut,0,2016-11-01 08:09:08.499,2.06,2016-11-02 12:00:00,
1.128017635,4290403,Roberto Bautista Agut,G Simon v Bautista Agut,10,2016-11-01 21:39:21.417,2.1,2016-11-02 15:00:00,
1.128017635,4290403,Roberto Bautista Agut,G Simon v Bautista Agut,20,2016-11-02 00:26:26.176,2.12,2016-11-02 15:00:00,
1.128017635,4290403,Roberto Bautista Agut,G Simon v Bautista Agut,30,2016-11-02 05:27:33.428,2.04,2016-11-02 15:00:00,
1.128017635,4290403,Roberto Bautista Agut,G Simon v Bautista Agut,40,2016-11-02 08:10:46.360,2.12,2016-11-02 15:00:00,
1.128017635,4290403,Roberto Bautista Agut,G Simon v Bautista Agut,50,2016-11-02 09:32:21.898,2.06,2016-11-02 15:00:00,
1.128017635,4290403,Roberto Bautista Agut,G Simon v Bautista Agut,60,2016-11-02 10:32:02.281,2.06,2016-11-02 15:00:00,
1.128017635,4290403,Roberto Bautista Agut,G Simon v Bautista Agut,70,2016-11-02 12:11:18.202,2.1,2016-11-02 15:52:00,
1.128017635,4290403,Roberto Bautista Agut,G Simon v Bautista Agut,80,2016-11-02 14:04:26.464,2.18,2016-11-02 15:50:00,
1.128017635,4290403,Roberto Bautista Agut,G Simon v Bautista Agut,90,2016-11-02 14:48:26.994,2.12,2016-11-02 15:50:00,
1.128017635,4290403,Roberto Bautista Agut,G Simon v Bautista Agut,100,2016-11-02 14:59:27.793,2.04,2016-11-02 15:50:00,
1.128017985,4190307,Jo-Wilfried Tsonga,Ramos-Vinolas v Tsonga,0,2016-11-01 07:36:24.315,1.18,2016-11-02 12:00:00,
1.128017985,4190307,Jo-Wilfried Tsonga,Ramos-Vinolas v Tsonga,10,2016-11-01 15:28:15.668,1.18,2016-11-02 12:00:00,
1.128017985,4190307,Jo-Wilfried Tsonga,Ramos-Vinolas v Tsonga,20,2016-11-02 00:26:29.143,1.2,2016-11-02 14:00:00,
1.128017985,4190307,Jo-Wilfried Tsonga,Ramos-Vinolas v Tsonga,30,2016-11-02 05:28:31.595,1.2,2016-11-02 14:00:00,
1.128017985,4190307,Jo-Wilfried Tsonga,Ramos-Vinolas v Tsonga,40,2016-11-02 10:14:28.734,1.2,2016-11-02 13:48:00,
1.128017985,4190307,Jo-Wilfried Tsonga,Ramos-Vinolas v Tsonga,50,2016-11-02 11:19:12.381,1.2,2016-11-02 13:48:00,
1.128017985,4190307,Jo-Wilfried Tsonga,Ramos-Vinolas v Tsonga,60,2016-11-02 12:03:31.261,1.2,2016-11-02 13:28:00,
1.128017985,4190307,Jo-Wilfried Tsonga,Ramos-Vinolas v Tsonga,70,2016-11-02 12:33:20.178,1.2,2016-11-02 13:28:00,
1.128017985,4190307,Jo-Wilfried Tsonga,Ramos-Vinolas v Tsonga,80,2016-11-02 13:02:32.241,1.2,2016-11-02 13:28:00,
1.128017985,4190307,Jo-Wilfried Tsonga,Ramos-Vinolas v Tsonga,90,2016-11-02 13:31:30.868,1.21,2016-11-02 13:43:00,
1.128017985,4190307,Jo-Wilfried Tsonga,Ramos-Vinolas v Tsonga,100,2016-11-02 14:01:31.293,1.2,2016-11-02 14:16:00,
1.128017985,8621877,Albert Ramos-Vinolas,Ramos-Vinolas v Tsonga,0,2016-11-01 09:46:20.939,6.4,2016-11-02 12:00:00,
1.128017985,8621877,Albert Ramos-Vinolas,Ramos-Vinolas v Tsonga,10,2016-11-01 21:48:02.692,5.8,2016-11-02 14:00:00,
1.128017985,8621877,Albert Ramos-Vinolas,Ramos-Vinolas v Tsonga,20,2016-11-02 00:26:29.143,6.0,2016-11-02 14:00:00,
1.128017985,8621877,Albert Ramos-Vinolas,Ramos-Vinolas v Tsonga,30,2016-11-02 07:49:43.580,6.4,2016-11-02 14:00:00,
1.128017985,8621877,Albert Ramos-Vinolas,Ramos-Vinolas v Tsonga,40,2016-11-02 10:53:25.904,6.2,2016-11-02 13:48:00,
1.128017985,8621877,Albert Ramos-Vinolas,Ramos-Vinolas v Tsonga,50,2016-11-02 11:35:15.192,5.9,2016-11-02 13:28:00,
1.128017985,8621877,Albert Ramos-Vinolas,Ramos-Vinolas v Tsonga,60,2016-11-02 12:33:55.903,5.9,2016-11-02 13:28:00,
1.128017985,8621877,Albert Ramos-Vinolas,Ramos-Vinolas v Tsonga,70,2016-11-02 12:52:28.514,5.8,2016-11-02 13:28:00,
1.128017985,8621877,Albert Ramos-Vinolas,Ramos-Vinolas v Tsonga,80,2016-11-02 13:08:09.566,5.9,2016-11-02 13:28:00,
1.128017985,8621877,Albert Ramos-Vinolas,Ramos-Vinolas v Tsonga,90,2016-11-02 13:25:29.942,5.9,2016-11-02 13:28:00,
1.128017985,8621877,Albert Ramos-Vinolas,Ramos-Vinolas v Tsonga,100,2016-11-02 14:01:31.293,6.0,2016-11-02 14:16:00,
1.128018505,8145584,Jordan Thompson,Jor Thompson v Ebden,0,2016-11-01 11:39:15.981,1.46,2016-11-02 23:00:00,
1.128018505,8145584,Jordan Thompson,Jor Thompson v Ebden,10,2016-11-02 03:09:37.325,1.3,2016-11-02 23:00:00,
1.128018505,8145584,Jordan Thompson,Jor Thompson v Ebden,20,2016-11-02 12:05:13.444,1.42,2016-11-03 00:00:00,
1.128018505,8145584,Jordan Thompson,Jor Thompson v Ebden,30,2016-11-02 15:29:56.066,1.41,2016-11-03 00:00:00,
1.128018505,8145584,Jordan Thompson,Jor Thompson v Ebden,40,2016-11-02 20:37:21.146,1.44,2016-11-03 00:00:00,
1.128018505,8145584,Jordan Thompson,Jor Thompson v Ebden,50,2016-11-02 21:56:54.681,1.46,2016-11-03 00:00:00,
1.128018505,8145584,Jordan Thompson,Jor Thompson v Ebden,60,2016-11-02 22:00:15.729,1.44,2016-11-03 00:00:00,
1.128018505,8145584,Jordan Thompson,Jor Thompson v Ebden,70,2016-11-02 22:22:09.158,1.38,2016-11-03 00:00:00,
1.128018505,8145584,Jordan Thompson,Jor Thompson v Ebden,80,2016-11-02 22:26:33.166,1.39,2016-11-03 00:00:00,
1.128018505,8145584,Jordan Thompson,Jor Thompson v Ebden,90,2016-11-02 22:30:06.511,1.45,2016-11-03 00:00:00,
1.128018505,8145584,Jordan Thompson,Jor Thompson v Ebden,100,2016-11-02 23:55:07.857,1.4,2016-11-03 00:00:00,
1.128018509,6603936,John Patrick Smith,Prashanth v Jo Smith,0,2016-11-02 12:05:13.447,1.17,2016-11-03 01:15:00,
1.128018509,6603936,John Patrick Smith,Prashanth v Jo Smith,10,2016-11-02 22:12:18.030,1.24,2016-11-03 01:15:00,
1.128018509,6603936,John Patrick Smith,Prashanth v Jo Smith,20,2016-11-02 22:26:16.435,1.15,2016-11-03 01:15:00,
1.128018509,6603936,John Patrick Smith,Prashanth v Jo Smith,30,2016-11-02 23:03:20.498,1.19,2016-11-03 01:15:00,
1.128018509,6603936,John Patrick Smith,Prashanth v Jo Smith,40,2016-11-03 00:31:25.001,1.19,2016-11-03 01:15:00,
1.128018509,6603936,John Patrick Smith,Prashanth v Jo Smith,50,2016-11-03 00:33:28.509,1.27,2016-11-03 01:15:00,
1.128018509,6603936,John Patrick Smith,Prashanth v Jo Smith,60,2016-11-03 00:35:24.864,1.23,2016-11-03 01:15:00,
1.128018509,6603936,John Patrick Smith,Prashanth v Jo Smith,70,2016-11-03 00:42:22.585,1.31,2016-11-03 01:15:00,
1.128018509,6603936,John Patrick Smith,Prashanth v Jo Smith,80,2016-11-03 00:47:16.798,1.28,2016-11-03 01:15:00,
1.128018509,6603936,John Patrick Smith,Prashanth v Jo Smith,90,2016-11-03 01:00:50.277,1.24,2016-11-03 01:15:00,
1.128018509,6603936,John Patrick Smith,Prashanth v Jo Smith,100,2016-11-03 01:12:24.004,1.23,2016-11-03 01:15:00,
1.128018791,2263710,Timea Bacsinszky,Babos v Bacsinszky,0,2016-11-01 12:48:43.555,2.5,2016-11-02 07:00:00,
1.128018791,2263710,Timea Bacsinszky,Babos v Bacsinszky,10,2016-11-01 19:42:09.200,2.7,2016-11-02 07:00:00,
1.128018791,2263710,Timea Bacsinszky,Babos v Bacsinszky,20,2016-11-01 20:45:12.905,2.78,2016-11-02 07:00:00,
1.128018791,2263710,Timea Bacsinszky,Babos v Bacsinszky,30,2016-11-01 22:36:45.917,2.74,2016-11-02 07:00:00,
1.128018791,2263710,Timea Bacsinszky,Babos v Bacsinszky,40,2016-11-02 01:41:19.623,2.78,2016-11-02 07:00:00,
1.128018791,2263710,Timea Bacsinszky,Babos v Bacsinszky,50,2016-11-02 04:55:05.414,2.74,2016-11-02 07:00:00,
1.128018791,2263710,Timea Bacsinszky,Babos v Bacsinszky,60,2016-11-02 05:31:00.017,2.78,2016-11-02 07:00:00,
1.128018791,2263710,Timea Bacsinszky,Babos v Bacsinszky,70,2016-11-02 05:42:47.343,2.76,2016-11-02 07:00:00,
1.128018791,2263710,Timea Bacsinszky,Babos v Bacsinszky,80,2016-11-02 06:18:34.572,2.82,2016-11-02 07:00:00,
1.128018791,2263710,Timea Bacsinszky,Babos v Bacsinszky,90,2016-11-02 06:33:41.223,2.84,2016-11-02 07:00:00,
1.128018791,2263710,Timea Bacsinszky,Babos v Bacsinszky,100,2016-11-02 06:54:50.564,2.72,2016-11-02 07:00:00,
1.128018791,4828174,Timea Babos,Babos v Bacsinszky,0,2016-11-01 12:48:43.555,1.67,2016-11-02 07:00:00,
1.128018791,4828174,Timea Babos,Babos v Bacsinszky,10,2016-11-01 18:00:21.680,1.56,2016-11-02 07:00:00,
1.128018791,4828174,Timea Babos,Babos v Bacsinszky,20,2016-11-01 20:18:39.003,1.55,2016-11-02 07:00:00,
1.128018791,4828174,Timea Babos,Babos v Bacsinszky,30,2016-11-01 22:14:49.655,1.57,2016-11-02 07:00:00,
1.128018791,4828174,Timea Babos,Babos v Bacsinszky,40,2016-11-02 00:32:53.889,1.56,2016-11-02 07:00:00,
1.128018791,4828174,Timea Babos,Babos v Bacsinszky,50,2016-11-02 03:43:15.674,1.55,2016-11-02 07:00:00,
1.128018791,4828174,Timea Babos,Babos v Bacsinszky,60,2016-11-02 04:56:22.827,1.56,2016-11-02 07:00:00,
1.128018791,4828174,Timea Babos,Babos v Bacsinszky,70,2016-11-02 05:37:26.621,1.54,2016-11-02 07:00:00,
1.128018791,4828174,Timea Babos,Babos v Bacsinszky,80,2016-11-02 06:19:50.463,1.54,2016-11-02 07:00:00,
1.128018791,4828174,Timea Babos,Babos v Bacsinszky,90,2016-11-02 06:40:39.777,1.53,2016-11-02 07:00:00,
1.128018791,4828174,Timea Babos,Babos v Bacsinszky,100,2016-11-02 06:54:50.564,1.59,2016-11-02 07:00:00,
1.128018806,2249840,Roberta Vinci,Kvitova v Vinci,0,2016-11-01 23:14:43.339,4.6,2016-11-02 11:00:00,
1.128018806,2249840,Roberta Vinci,Kvitova v Vinci,10,2016-11-02 00:18:14.829,5.0,2016-11-02 11:00:00,
1.128018806,2249840,Roberta Vinci,Kvitova v Vinci,20,2016-11-02 03:37:02.979,5.1,2016-11-02 11:00:00,
1.128018806,2249840,Roberta Vinci,Kvitova v Vinci,30,2016-11-02 04:43:43.852,4.8,2016-11-02 11:00:00,
1.128018806,2249840,Roberta Vinci,Kvitova v Vinci,40,2016-11-02 09:16:35.574,4.7,2016-11-02 11:00:00,
1.128018806,2249840,Roberta Vinci,Kvitova v Vinci,50,2016-11-02 10:11:35.657,5.1,2016-11-02 11:00:00,
1.128018806,2249840,Roberta Vinci,Kvitova v Vinci,60,2016-11-02 10:13:49.550,5.2,2016-11-02 11:00:00,
1.128018806,2249840,Roberta Vinci,Kvitova v Vinci,70,2016-11-02 10:15:48.757,5.2,2016-11-02 11:00:00,
1.128018806,2249840,Roberta Vinci,Kvitova v Vinci,80,2016-11-02 10:18:50.111,5.4,2016-11-02 11:00:00,
1.128018806,2249840,Roberta Vinci,Kvitova v Vinci,90,2016-11-02 10:48:41.742,5.4,2016-11-02 11:00:00,
1.128018806,2249840,Roberta Vinci,Kvitova v Vinci,100,2016-11-02 10:50:48.021,5.4,2016-11-02 11:00:00,
1.128018806,2497008,Petra Kvitova,Kvitova v Vinci,0,2016-11-01 21:51:40.431,1.26,2016-11-02 11:00:00,
1.128018806,2497008,Petra Kvitova,Kvitova v Vinci,10,2016-11-02 02:14:20.688,1.26,2016-11-02 11:00:00,
1.128018806,2497008,Petra Kvitova,Kvitova v Vinci,20,2016-11-02 03:37:02.979,1.23,2016-11-02 11:00:00,
1.128018806,2497008,Petra Kvitova,Kvitova v Vinci,30,2016-11-02 05:38:49.106,1.24,2016-11-02 11:00:00,
1.128018806,2497008,Petra Kvitova,Kvitova v Vinci,40,2016-11-02 09:16:35.574,1.26,2016-11-02 11:00:00,
1.128018806,2497008,Petra Kvitova,Kvitova v Vinci,50,2016-11-02 09:35:35.547,1.25,2016-11-02 11:00:00,
1.128018806,2497008,Petra Kvitova,Kvitova v Vinci,60,2016-11-02 10:07:28.049,1.24,2016-11-02 11:00:00,
1.128018806,2497008,Petra Kvitova,Kvitova v Vinci,70,2016-11-02 10:24:23.106,1.22,2016-11-02 11:00:00,
1.128018806,2497008,Petra Kvitova,Kvitova v Vinci,80,2016-11-02 10:29:41.574,1.23,2016-11-02 11:00:00,
1.128018806,2497008,Petra Kvitova,Kvitova v Vinci,90,2016-11-02 10:39:48.858,1.22,2016-11-02 11:00:00,
1.128018806,2497008,Petra Kvitova,Kvitova v Vinci,100,2016-11-02 10:46:40.608,1.22,2016-11-02 11:00:00,
1.128018819,2248502,Samantha Stosur,Konta v Stosur,0,2016-11-01 21:40:41.524,4.0,2016-11-02 09:00:00,
1.128018819,2248502,Samantha Stosur,Konta v Stosur,10,2016-11-01 22:08:18.621,4.1,2016-11-02 09:00:00,
1.128018819,2248502,Samantha Stosur,Konta v Stosur,20,2016-11-02 03:38:45.943,4.2,2016-11-02 09:00:00,
1.128018819,2248502,Samantha Stosur,Konta v Stosur,30,2016-11-02 05:10:49.843,4.3,2016-11-02 09:00:00,
1.128018819,2248502,Samantha Stosur,Konta v Stosur,40,2016-11-02 06:20:10.563,4.4,2016-11-02 09:00:00,
1.128018819,2248502,Samantha Stosur,Konta v Stosur,50,2016-11-02 06:58:07.176,4.4,2016-11-02 08:53:00,
1.128018819,2248502,Samantha Stosur,Konta v Stosur,60,2016-11-02 07:35:38.068,4.3,2016-11-02 08:53:00,
1.128018819,2248502,Samantha Stosur,Konta v Stosur,70,2016-11-02 07:38:42.917,4.4,2016-11-02 08:53:00,
1.128018819,2248502,Samantha Stosur,Konta v Stosur,80,2016-11-02 08:13:46.307,4.5,2016-11-02 08:53:00,
1.128018819,2248502,Samantha Stosur,Konta v Stosur,90,2016-11-02 08:25:44.398,4.4,2016-11-02 08:53:00,
1.128018819,2248502,Samantha Stosur,Konta v Stosur,100,2016-11-02 08:30:43.133,4.4,2016-11-02 08:53:00,
1.128018819,5596561,Johanna Konta,Konta v Stosur,0,2016-11-01 18:45:31.170,1.37,2016-11-02 09:00:00,
1.128018819,5596561,Johanna Konta,Konta v Stosur,10,2016-11-01 23:51:00.064,1.32,2016-11-02 09:00:00,
1.128018819,5596561,Johanna Konta,Konta v Stosur,20,2016-11-02 05:10:49.843,1.3,2016-11-02 09:00:00,
1.128018819,5596561,Johanna Konta,Konta v Stosur,30,2016-11-02 05:44:07.726,1.29,2016-11-02 09:00:00,
1.128018819,5596561,Johanna Konta,Konta v Stosur,40,2016-11-02 06:20:10.563,1.3,2016-11-02 09:00:00,
1.128018819,5596561,Johanna Konta,Konta v Stosur,50,2016-11-02 07:13:46.316,1.29,2016-11-02 08:53:00,
1.128018819,5596561,Johanna Konta,Konta v Stosur,60,2016-11-02 07:33:03.819,1.3,2016-11-02 08:53:00,
1.128018819,5596561,Johanna Konta,Konta v Stosur,70,2016-11-02 07:38:42.917,1.28,2016-11-02 08:53:00,
1.128018819,5596561,Johanna Konta,Konta v Stosur,80,2016-11-02 08:01:45.950,1.31,2016-11-02 08:53:00,
1.128018819,5596561,Johanna Konta,Konta v Stosur,90,2016-11-02 08:25:44.398,1.29,2016-11-02 08:53:00,
1.128018819,5596561,Johanna Konta,Konta v Stosur,100,2016-11-02 08:33:46.679,1.27,2016-11-02 08:53:00,
1.128021322,2257314,David Ferrer,Isner v D Ferrer,0,2016-11-01 19:57:26.944,2.02,2016-11-02 19:00:00,
1.128021322,2257314,David Ferrer,Isner v D Ferrer,10,2016-11-01 23:39:06.269,2.06,2016-11-02 19:00:00,
1.128021322,2257314,David Ferrer,Isner v D Ferrer,20,2016-11-02 07:22:27.286,2.04,2016-11-02 19:00:00,
1.128021322,2257314,David Ferrer,Isner v D Ferrer,30,2016-11-02 10:22:13.031,2.02,2016-11-02 19:00:00,
1.128021322,2257314,David Ferrer,Isner v D Ferrer,40,2016-11-02 11:26:47.531,2.02,2016-11-02 19:30:00,
1.128021322,2257314,David Ferrer,Isner v D Ferrer,50,2016-11-02 12:06:26.084,2.02,2016-11-02 19:52:00,
1.128021322,2257314,David Ferrer,Isner v D Ferrer,60,2016-11-02 14:18:26.373,1.97,2016-11-02 19:50:00,
1.128021322,2257314,David Ferrer,Isner v D Ferrer,70,2016-11-02 16:19:16.299,2.06,2016-11-02 18:58:00,
1.128021322,2257314,David Ferrer,Isner v D Ferrer,80,2016-11-02 17:48:27.036,2.02,2016-11-02 19:44:00,
1.128021322,2257314,David Ferrer,Isner v D Ferrer,90,2016-11-02 18:18:01.147,2.0,2016-11-02 19:44:00,
1.128021322,2257314,David Ferrer,Isner v D Ferrer,100,2016-11-02 18:54:26.679,1.99,2016-11-02 19:44:00,
1.128021322,2474763,John Isner,Isner v D Ferrer,0,2016-11-01 13:11:21.573,2.14,2016-11-02 12:00:00,
1.128021322,2474763,John Isner,Isner v D Ferrer,10,2016-11-01 19:58:05.823,1.94,2016-11-02 19:00:00,
1.128021322,2474763,John Isner,Isner v D Ferrer,20,2016-11-01 22:50:18.271,1.88,2016-11-02 19:00:00,
1.128021322,2474763,John Isner,Isner v D Ferrer,30,2016-11-02 06:57:10.158,1.93,2016-11-02 19:00:00,
1.128021322,2474763,John Isner,Isner v D Ferrer,40,2016-11-02 10:00:56.005,2.0,2016-11-02 19:00:00,
1.128021322,2474763,John Isner,Isner v D Ferrer,50,2016-11-02 10:46:36.167,1.96,2016-11-02 19:00:00,
1.128021322,2474763,John Isner,Isner v D Ferrer,60,2016-11-02 14:47:14.753,1.99,2016-11-02 19:50:00,
1.128021322,2474763,John Isner,Isner v D Ferrer,70,2016-11-02 15:18:18.060,1.96,2016-11-02 18:58:00,
1.128021322,2474763,John Isner,Isner v D Ferrer,80,2016-11-02 16:37:22.638,1.93,2016-11-02 18:58:00,
1.128021322,2474763,John Isner,Isner v D Ferrer,90,2016-11-02 17:29:19.363,2.0,2016-11-02 19:28:00,
1.128021322,2474763,John Isner,Isner v D Ferrer,100,2016-11-02 18:40:49.930,2.0,2016-11-02 19:44:00,
1.128021629,2257317,Nicolas Mahut,Mahut v Goffin,0,2016-11-01 21:04:28.163,3.5,2016-11-02 10:00:00,
1.128021629,2257317,Nicolas Mahut,Mahut v Goffin,10,2016-11-01 22:53:25.515,3.45,2016-11-02 10:00:00,
1.128021629,2257317,Nicolas Mahut,Mahut v Goffin,20,2016-11-02 00:40:09.036,3.75,2016-11-02 10:00:00,
1.128021629,2257317,Nicolas Mahut,Mahut v Goffin,30,2016-11-02 03:56:05.895,3.9,2016-11-02 10:00:00,
1.128021629,2257317,Nicolas Mahut,Mahut v Goffin,40,2016-11-02 06:34:27.155,3.8,2016-11-02 10:00:00,
1.128021629,2257317,Nicolas Mahut,Mahut v Goffin,50,2016-11-02 07:06:16.272,3.85,2016-11-02 10:00:00,
1.128021629,2257317,Nicolas Mahut,Mahut v Goffin,60,2016-11-02 07:44:14.470,4.0,2016-11-02 10:00:00,
1.128021629,2257317,Nicolas Mahut,Mahut v Goffin,70,2016-11-02 08:32:23.807,4.0,2016-11-02 10:00:00,
1.128021629,2257317,Nicolas Mahut,Mahut v Goffin,80,2016-11-02 09:03:26.007,3.95,2016-11-02 10:00:00,
1.128021629,2257317,Nicolas Mahut,Mahut v Goffin,90,2016-11-02 09:30:24.901,4.1,2016-11-02 10:00:00,
1.128021629,2257317,Nicolas Mahut,Mahut v Goffin,100,2016-11-02 09:46:24.580,4.0,2016-11-02 10:00:00,
1.128021629,5224084,David Goffin,Mahut v Goffin,0,2016-11-01 14:05:03.058,1.4,2016-11-02 12:00:00,
1.128021629,5224084,David Goffin,Mahut v Goffin,10,2016-11-01 21:40:50.774,1.39,2016-11-02 10:00:00,
1.128021629,5224084,David Goffin,Mahut v Goffin,20,2016-11-02 00:00:08.728,1.37,2016-11-02 10:00:00,
1.128021629,5224084,David Goffin,Mahut v Goffin,30,2016-11-02 04:13:59.182,1.34,2016-11-02 10:00:00,
1.128021629,5224084,David Goffin,Mahut v Goffin,40,2016-11-02 06:43:46.240,1.35,2016-11-02 10:00:00,
1.128021629,5224084,David Goffin,Mahut v Goffin,50,2016-11-02 07:05:06.848,1.36,2016-11-02 10:00:00,
1.128021629,5224084,David Goffin,Mahut v Goffin,60,2016-11-02 07:44:14.470,1.33,2016-11-02 10:00:00,
1.128021629,5224084,David Goffin,Mahut v Goffin,70,2016-11-02 08:51:15.743,1.32,2016-11-02 10:00:00,
1.128021629,5224084,David Goffin,Mahut v Goffin,80,2016-11-02 09:16:20.247,1.33,2016-11-02 10:00:00,
1.128021629,5224084,David Goffin,Mahut v Goffin,90,2016-11-02 09:39:23.049,1.32,2016-11-02 10:00:00,
1.128021629,5224084,David Goffin,Mahut v Goffin,100,2016-11-02 09:50:24.774,1.33,2016-11-02 10:00:00,
1.128022211,7797742,Daniil Medvedev,Vatutin v D Medvedev,0,2016-11-03 00:12:29.034,1.2,2016-11-03 11:30:00,
1.128022211,7797742,Daniil Medvedev,Vatutin v D Medvedev,10,2016-11-03 01:46:27.401,1.24,2016-11-03 11:30:00,
1.128022211,7797742,Daniil Medvedev,Vatutin v D Medvedev,20,2016-11-03 07:09:18.863,1.29,2016-11-03 11:30:00,
1.128022211,7797742,Daniil Medvedev,Vatutin v D Medvedev,30,2016-11-03 07:48:21.719,1.29,2016-11-03 11:30:00,
1.128022211,7797742,Daniil Medvedev,Vatutin v D Medvedev,40,2016-11-03 08:09:19.914,1.3,2016-11-03 11:30:00,
1.128022211,7797742,Daniil Medvedev,Vatutin v D Medvedev,50,2016-11-03 09:01:17.602,1.25,2016-11-03 11:30:00,
1.128022211,7797742,Daniil Medvedev,Vatutin v D Medvedev,60,2016-11-03 09:23:04.124,1.22,2016-11-03 11:30:00,
1.128022211,7797742,Daniil Medvedev,Vatutin v D Medvedev,70,2016-11-03 10:04:27.361,1.24,2016-11-03 11:30:00,
1.128022211,7797742,Daniil Medvedev,Vatutin v D Medvedev,80,2016-11-03 10:35:28.891,1.21,2016-11-03 11:30:00,
1.128022211,7797742,Daniil Medvedev,Vatutin v D Medvedev,90,2016-11-03 11:10:24.864,1.23,2016-11-03 11:30:00,
1.128022211,7797742,Daniil Medvedev,Vatutin v D Medvedev,100,2016-11-03 11:24:26.952,1.22,2016-11-03 11:30:00,
1.128022255,2397396,Matthias Bachinger,Safwat v Bachinger,0,2016-11-02 08:10:36.742,1.42,2016-11-02 11:30:00,
1.128022255,2397396,Matthias Bachinger,Safwat v Bachinger,10,2016-11-02 08:59:44.225,1.51,2016-11-02 11:30:00,
1.128022255,2397396,Matthias Bachinger,Safwat v Bachinger,20,2016-11-02 10:00:29.182,1.51,2016-11-02 11:30:00,
1.128022255,2397396,Matthias Bachinger,Safwat v Bachinger,30,2016-11-02 10:04:26.558,1.58,2016-11-02 11:30:00,
1.128022255,2397396,Matthias Bachinger,Safwat v Bachinger,40,2016-11-02 10:12:29.461,1.46,2016-11-02 11:30:00,
1.128022255,2397396,Matthias Bachinger,Safwat v Bachinger,50,2016-11-02 10:14:29.437,1.51,2016-11-02 11:30:00,
1.128022255,2397396,Matthias Bachinger,Safwat v Bachinger,60,2016-11-02 10:24:26.559,1.46,2016-11-02 11:30:00,
1.128022255,2397396,Matthias Bachinger,Safwat v Bachinger,70,2016-11-02 11:21:30.957,1.48,2016-11-02 11:30:00,
1.128022255,2397396,Matthias Bachinger,Safwat v Bachinger,80,2016-11-02 11:36:26.446,1.48,2016-11-02 11:45:00,
1.128022255,2397396,Matthias Bachinger,Safwat v Bachinger,90,2016-11-02 11:38:08.593,1.47,2016-11-02 11:45:00,
1.128022255,2397396,Matthias Bachinger,Safwat v Bachinger,100,2016-11-02 11:40:26.635,1.47,2016-11-02 11:45:00,
1.128023099,2263624,Viktor Troicki,Nishikori v Troicki,0,2016-11-01 18:17:21.118,4.9,2016-11-02 10:00:00,
1.128023099,2263624,Viktor Troicki,Nishikori v Troicki,10,2016-11-01 21:57:40.419,4.9,2016-11-02 10:00:00,
1.128023099,2263624,Viktor Troicki,Nishikori v Troicki,20,2016-11-02 02:42:35.972,4.8,2016-11-02 10:00:00,
1.128023099,2263624,Viktor Troicki,Nishikori v Troicki,30,2016-11-02 05:36:08.417,5.0,2016-11-02 10:00:00,
1.128023099,2263624,Viktor Troicki,Nishikori v Troicki,40,2016-11-02 06:41:26.777,5.1,2016-11-02 10:00:00,
1.128023099,2263624,Viktor Troicki,Nishikori v Troicki,50,2016-11-02 07:16:25.664,4.8,2016-11-02 10:00:00,
1.128023099,2263624,Viktor Troicki,Nishikori v Troicki,60,2016-11-02 07:24:21.430,4.9,2016-11-02 10:00:00,
1.128023099,2263624,Viktor Troicki,Nishikori v Troicki,70,2016-11-02 08:08:25.179,5.3,2016-11-02 10:00:00,
1.128023099,2263624,Viktor Troicki,Nishikori v Troicki,80,2016-11-02 08:26:15.175,5.2,2016-11-02 10:00:00,
1.128023099,2263624,Viktor Troicki,Nishikori v Troicki,90,2016-11-02 09:08:22.199,5.3,2016-11-02 10:00:00,
1.128023099,2263624,Viktor Troicki,Nishikori v Troicki,100,2016-11-02 09:50:27.193,5.5,2016-11-02 10:00:00,
1.128023099,2483001,Kei Nishikori,Nishikori v Troicki,0,2016-11-01 21:08:10.053,1.25,2016-11-02 10:00:00,
1.128023099,2483001,Kei Nishikori,Nishikori v Troicki,10,2016-11-02 00:15:25.988,1.26,2016-11-02 10:00:00,
1.128023099,2483001,Kei Nishikori,Nishikori v Troicki,20,2016-11-02 02:38:45.282,1.27,2016-11-02 10:00:00,
1.128023099,2483001,Kei Nishikori,Nishikori v Troicki,30,2016-11-02 05:19:01.952,1.26,2016-11-02 10:00:00,
1.128023099,2483001,Kei Nishikori,Nishikori v Troicki,40,2016-11-02 06:42:24.252,1.25,2016-11-02 10:00:00,
1.128023099,2483001,Kei Nishikori,Nishikori v Troicki,50,2016-11-02 07:26:11.826,1.25,2016-11-02 10:00:00,
1.128023099,2483001,Kei Nishikori,Nishikori v Troicki,60,2016-11-02 08:14:49.392,1.24,2016-11-02 10:00:00,
1.128023099,2483001,Kei Nishikori,Nishikori v Troicki,70,2016-11-02 08:53:25.195,1.24,2016-11-02 10:00:00,
1.128023099,2483001,Kei Nishikori,Nishikori v Troicki,80,2016-11-02 09:28:10.074,1.23,2016-11-02 10:00:00,
1.128023099,2483001,Kei Nishikori,Nishikori v Troicki,90,2016-11-02 09:36:50.070,1.22,2016-11-02 10:00:00,
1.128023099,2483001,Kei Nishikori,Nishikori v Troicki,100,2016-11-02 09:49:27.199,1.22,2016-11-02 10:00:00,
1.128028118,8284479,Federico Gaio,Gaio v De Minaur,0,2016-11-02 06:12:16.067,2.14,2016-11-02 10:00:00,
1.128028118,8284479,Federico Gaio,Gaio v De Minaur,10,2016-11-02 06:19:38.626,2.06,2016-11-02 10:00:00,
1.128028118,8284479,Federico Gaio,Gaio v De Minaur,20,2016-11-02 06:34:25.960,2.04,2016-11-02 10:00:00,
1.128028118,8284479,Federico Gaio,Gaio v De Minaur,30,2016-11-02 07:39:30.411,2.16,2016-11-02 10:00:00,
1.128028118,8284479,Federico Gaio,Gaio v De Minaur,40,2016-11-02 08:38:01.703,2.24,2016-11-02 10:00:00,
1.128028118,8284479,Federico Gaio,Gaio v De Minaur,50,2016-11-02 08:46:14.217,2.26,2016-11-02 10:00:00,
1.128028118,8284479,Federico Gaio,Gaio v De Minaur,60,2016-11-02 08:55:21.803,2.24,2016-11-02 10:00:00,
1.128028118,8284479,Federico Gaio,Gaio v De Minaur,70,2016-11-02 09:17:54.518,2.26,2016-11-02 10:00:00,
1.128028118,8284479,Federico Gaio,Gaio v De Minaur,80,2016-11-02 09:45:29.553,2.3,2016-11-02 10:00:00,
1.128028118,8284479,Federico Gaio,Gaio v De Minaur,90,2016-11-02 09:54:24.069,2.2,2016-11-02 10:00:00,
1.128028118,8284479,Federico Gaio,Gaio v De Minaur,100,2016-11-02 09:56:12.144,2.1,2016-11-02 10:00:00,
1.128028118,10109527,Alex De Minaur,Gaio v De Minaur,0,2016-11-02 04:02:23.571,1.93,2016-11-02 10:00:00,
1.128028118,10109527,Alex De Minaur,Gaio v De Minaur,10,2016-11-02 04:38:58.850,1.92,2016-11-02 10:00:00,
1.128028118,10109527,Alex De Minaur,Gaio v De Minaur,20,2016-11-02 06:19:30.259,1.92,2016-11-02 10:00:00,
1.128028118,10109527,Alex De Minaur,Gaio v De Minaur,30,2016-11-02 06:21:27.680,1.96,2016-11-02 10:00:00,
1.128028118,10109527,Alex De Minaur,Gaio v De Minaur,40,2016-11-02 08:04:32.324,1.69,2016-11-02 10:00:00,
1.128028118,10109527,Alex De Minaur,Gaio v De Minaur,50,2016-11-02 08:46:14.217,1.79,2016-11-02 10:00:00,
1.128028118,10109527,Alex De Minaur,Gaio v De Minaur,60,2016-11-02 09:00:20.460,1.8,2016-11-02 10:00:00,
1.128028118,10109527,Alex De Minaur,Gaio v De Minaur,70,2016-11-02 09:17:54.518,1.79,2016-11-02 10:00:00,
1.128028118,10109527,Alex De Minaur,Gaio v De Minaur,80,2016-11-02 09:53:26.419,1.84,2016-11-02 10:00:00,
1.128028118,10109527,Alex De Minaur,Gaio v De Minaur,90,2016-11-02 09:55:30.270,1.88,2016-11-02 10:00:00,
1.128028118,10109527,Alex De Minaur,Gaio v De Minaur,100,2016-11-02 09:57:03.717,1.84,2016-11-02 10:00:00,
1.128031082,8700174,Ernesto Escobedo,Kicker v Escobedo,0,2016-11-02 07:10:25.271,2.24,2016-11-02 20:30:00,
1.128031082,8700174,Ernesto Escobedo,Kicker v Escobedo,10,2016-11-02 10:31:20.668,2.58,2016-11-02 20:30:00,
1.128031082,8700174,Ernesto Escobedo,Kicker v Escobedo,20,2016-11-02 12:27:18.938,2.28,2016-11-02 20:30:00,
1.128031082,8700174,Ernesto Escobedo,Kicker v Escobedo,30,2016-11-02 12:36:15.706,2.32,2016-11-02 20:30:00,
1.128031082,8700174,Ernesto Escobedo,Kicker v Escobedo,40,2016-11-02 15:51:27.665,2.34,2016-11-02 20:30:00,
1.128031082,8700174,Ernesto Escobedo,Kicker v Escobedo,50,2016-11-02 15:52:00.400,2.32,2016-11-02 20:30:00,
1.128031082,8700174,Ernesto Escobedo,Kicker v Escobedo,60,2016-11-02 16:31:03.387,2.46,2016-11-02 20:30:00,
1.128031082,8700174,Ernesto Escobedo,Kicker v Escobedo,70,2016-11-02 19:21:19.540,2.32,2016-11-02 20:25:00,
1.128031082,8700174,Ernesto Escobedo,Kicker v Escobedo,80,2016-11-02 19:22:22.611,2.26,2016-11-02 20:25:00,
1.128031082,8700174,Ernesto Escobedo,Kicker v Escobedo,90,2016-11-02 19:43:15.129,2.28,2016-11-02 20:25:00,
1.128031082,8700174,Ernesto Escobedo,Kicker v Escobedo,100,2016-11-02 19:55:19.415,2.26,2016-11-02 20:25:00,
1.128031099,4596957,Jack Sock,J Sock v D Thiem,0,2016-11-01 17:29:24.584,2.6,2016-11-02 12:00:00,
1.128031099,4596957,Jack Sock,J Sock v D Thiem,10,2016-11-01 21:55:11.111,2.3,2016-11-02 13:00:00,
1.128031099,4596957,Jack Sock,J Sock v D Thiem,20,2016-11-01 23:40:21.687,2.28,2016-11-02 13:00:00,
1.128031099,4596957,Jack Sock,J Sock v D Thiem,30,2016-11-02 03:38:52.660,2.24,2016-11-02 13:00:00,
1.128031099,4596957,Jack Sock,J Sock v D Thiem,40,2016-11-02 06:46:46.125,2.26,2016-11-02 13:00:00,
1.128031099,4596957,Jack Sock,J Sock v D Thiem,50,2016-11-02 08:55:23.106,2.28,2016-11-02 13:00:00,
1.128031099,4596957,Jack Sock,J Sock v D Thiem,60,2016-11-02 09:58:28.089,2.32,2016-11-02 13:00:00,
1.128031099,4596957,Jack Sock,J Sock v D Thiem,70,2016-11-02 11:44:08.671,2.32,2016-11-02 13:45:00,
1.128031099,4596957,Jack Sock,J Sock v D Thiem,80,2016-11-02 12:10:10.245,2.32,2016-11-02 13:52:00,
1.128031099,4596957,Jack Sock,J Sock v D Thiem,90,2016-11-02 13:17:12.326,2.34,2016-11-02 13:52:00,
1.128031099,4596957,Jack Sock,J Sock v D Thiem,100,2016-11-02 13:48:25.988,2.36,2016-11-02 13:49:00,
1.128031099,5720747,Dominic Thiem,J Sock v D Thiem,0,2016-11-01 17:29:24.584,1.63,2016-11-02 12:00:00,
1.128031099,5720747,Dominic Thiem,J Sock v D Thiem,10,2016-11-01 22:49:27.682,1.8,2016-11-02 13:00:00,
1.128031099,5720747,Dominic Thiem,J Sock v D Thiem,20,2016-11-02 04:11:35.147,1.79,2016-11-02 13:00:00,
1.128031099,5720747,Dominic Thiem,J Sock v D Thiem,30,2016-11-02 05:59:22.178,1.77,2016-11-02 13:00:00,
1.128031099,5720747,Dominic Thiem,J Sock v D Thiem,40,2016-11-02 09:10:07.028,1.79,2016-11-02 13:00:00,
1.128031099,5720747,Dominic Thiem,J Sock v D Thiem,50,2016-11-02 10:19:11.145,1.78,2016-11-02 13:00:00,
1.128031099,5720747,Dominic Thiem,J Sock v D Thiem,60,2016-11-02 11:28:03.776,1.75,2016-11-02 13:30:00,
1.128031099,5720747,Dominic Thiem,J Sock v D Thiem,70,2016-11-02 12:03:27.241,1.79,2016-11-02 13:52:00,
1.128031099,5720747,Dominic Thiem,J Sock v D Thiem,80,2016-11-02 12:59:25.753,1.73,2016-11-02 13:52:00,
1.128031099,5720747,Dominic Thiem,J Sock v D Thiem,90,2016-11-02 13:23:26.863,1.74,2016-11-02 13:52:00,
1.128031099,5720747,Dominic Thiem,J Sock v D Thiem,100,2016-11-02 13:48:25.988,1.74,2016-11-02 13:49:00,
1.128031255,2481589,Steve Darcis,Darcis v Marterer,0,2016-11-02 06:29:32.575,1.51,2016-11-02 15:30:00,
1.128031255,2481589,Steve Darcis,Darcis v Marterer,10,2016-11-02 06:34:04.586,1.52,2016-11-02 15:30:00,
1.128031255,2481589,Steve Darcis,Darcis v Marterer,20,2016-11-02 08:57:27.676,1.51,2016-11-02 15:30:00,
1.128031255,2481589,Steve Darcis,Darcis v Marterer,30,2016-11-02 13:01:57.614,1.59,2016-11-02 16:10:00,
1.128031255,2481589,Steve Darcis,Darcis v Marterer,40,2016-11-02 14:46:44.217,1.64,2016-11-02 16:07:00,
1.128031255,2481589,Steve Darcis,Darcis v Marterer,50,2016-11-02 15:06:21.288,1.63,2016-11-02 16:07:00,
1.128031255,2481589,Steve Darcis,Darcis v Marterer,60,2016-11-02 15:13:44.552,1.66,2016-11-02 16:07:00,
1.128031255,2481589,Steve Darcis,Darcis v Marterer,70,2016-11-02 15:24:50.093,1.65,2016-11-02 16:07:00,
1.128031255,2481589,Steve Darcis,Darcis v Marterer,80,2016-11-02 16:02:42.368,1.66,2016-11-02 16:07:00,
1.128031255,2481589,Steve Darcis,Darcis v Marterer,90,2016-11-02 16:43:43.922,1.61,2016-11-02 16:52:00,
1.128031255,2481589,Steve Darcis,Darcis v Marterer,100,2016-11-02 16:58:42.354,1.59,2016-11-02 17:12:00,
1.128031255,7335940,Maximilian Marterer,Darcis v Marterer,0,2016-11-02 05:32:20.920,2.48,2016-11-02 15:30:00,
1.128031255,7335940,Maximilian Marterer,Darcis v Marterer,10,2016-11-02 06:29:32.575,2.96,2016-11-02 15:30:00,
1.128031255,7335940,Maximilian Marterer,Darcis v Marterer,20,2016-11-02 08:52:46.994,3.0,2016-11-02 15:30:00,
1.128031255,7335940,Maximilian Marterer,Darcis v Marterer,30,2016-11-02 09:09:30.303,2.86,2016-11-02 15:30:00,
1.128031255,7335940,Maximilian Marterer,Darcis v Marterer,40,2016-11-02 14:24:26.728,2.6,2016-11-02 16:07:00,
1.128031255,7335940,Maximilian Marterer,Darcis v Marterer,50,2016-11-02 14:43:45.501,2.5,2016-11-02 16:07:00,
1.128031255,7335940,Maximilian Marterer,Darcis v Marterer,60,2016-11-02 14:53:46.329,2.58,2016-11-02 16:07:00,
1.128031255,7335940,Maximilian Marterer,Darcis v Marterer,70,2016-11-02 14:57:09.862,2.6,2016-11-02 16:07:00,
1.128031255,7335940,Maximilian Marterer,Darcis v Marterer,80,2016-11-02 15:07:49.945,2.5,2016-11-02 16:07:00,
1.128031255,7335940,Maximilian Marterer,Darcis v Marterer,90,2016-11-02 16:01:22.245,2.48,2016-11-02 16:07:00,
1.128031255,7335940,Maximilian Marterer,Darcis v Marterer,100,2016-11-02 16:04:06.453,2.48,2016-11-02 16:07:00,
1.128031379,2265109,Feliciano Lopez,Pouille v Fel Lopez,0,2016-11-02 00:59:30.756,2.46,2016-11-02 12:00:00,
1.128031379,2265109,Feliciano Lopez,Pouille v Fel Lopez,10,2016-11-02 03:52:45.174,2.5,2016-11-02 12:00:00,
1.128031379,2265109,Feliciano Lopez,Pouille v Fel Lopez,20,2016-11-02 05:47:28.491,2.56,2016-11-02 12:00:00,
1.128031379,2265109,Feliciano Lopez,Pouille v Fel Lopez,30,2016-11-02 06:31:24.878,2.4,2016-11-02 12:00:00,
1.128031379,2265109,Feliciano Lopez,Pouille v Fel Lopez,40,2016-11-02 06:58:04.374,2.4,2016-11-02 12:00:00,
1.128031379,2265109,Feliciano Lopez,Pouille v Fel Lopez,50,2016-11-02 08:08:22.752,2.42,2016-11-02 12:00:00,
1.128031379,2265109,Feliciano Lopez,Pouille v Fel Lopez,60,2016-11-02 08:58:22.475,2.52,2016-11-02 12:00:00,
1.128031379,2265109,Feliciano Lopez,Pouille v Fel Lopez,70,2016-11-02 09:48:44.817,2.54,2016-11-02 12:00:00,
1.128031379,2265109,Feliciano Lopez,Pouille v Fel Lopez,80,2016-11-02 10:44:30.298,2.5,2016-11-02 11:48:00,
1.128031379,2265109,Feliciano Lopez,Pouille v Fel Lopez,90,2016-11-02 11:10:54.158,2.52,2016-11-02 11:48:00,
1.128031379,2265109,Feliciano Lopez,Pouille v Fel Lopez,100,2016-11-02 11:30:30.818,2.66,2016-11-02 11:48:00,
1.128031379,7031400,Lucas Pouille,Pouille v Fel Lopez,0,2016-11-01 20:44:50.215,1.66,2016-11-02 12:00:00,
1.128031379,7031400,Lucas Pouille,Pouille v Fel Lopez,10,2016-11-02 05:18:22.271,1.66,2016-11-02 12:00:00,
1.128031379,7031400,Lucas Pouille,Pouille v Fel Lopez,20,2016-11-02 06:28:18.274,1.65,2016-11-02 12:00:00,
1.128031379,7031400,Lucas Pouille,Pouille v Fel Lopez,30,2016-11-02 08:17:20.373,1.7,2016-11-02 12:00:00,
1.128031379,7031400,Lucas Pouille,Pouille v Fel Lopez,40,2016-11-02 08:48:11.287,1.67,2016-11-02 12:00:00,
1.128031379,7031400,Lucas Pouille,Pouille v Fel Lopez,50,2016-11-02 09:21:29.373,1.64,2016-11-02 12:00:00,
1.128031379,7031400,Lucas Pouille,Pouille v Fel Lopez,60,2016-11-02 09:49:51.588,1.64,2016-11-02 12:00:00,
1.128031379,7031400,Lucas Pouille,Pouille v Fel Lopez,70,2016-11-02 10:25:28.563,1.65,2016-11-02 11:48:00,
1.128031379,7031400,Lucas Pouille,Pouille v Fel Lopez,80,2016-11-02 10:42:26.001,1.65,2016-11-02 11:48:00,
1.128031379,7031400,Lucas Pouille,Pouille v Fel Lopez,90,2016-11-02 11:16:19.719,1.66,2016-11-02 11:48:00,
1.128031379,7031400,Lucas Pouille,Pouille v Fel Lopez,100,2016-11-02 11:30:30.818,1.6,2016-11-02 11:48:00,
1.128031677,7413423,Jared Donaldson,L Broady v J Donaldson,0,2016-11-02 06:18:30.504,1.28,2016-11-02 18:00:00,
1.128031677,7413423,Jared Donaldson,L Broady v J Donaldson,10,2016-11-02 08:59:41.622,1.26,2016-11-02 18:00:00,
1.128031677,7413423,Jared Donaldson,L Broady v J Donaldson,20,2016-11-02 11:06:52.900,1.25,2016-11-02 18:00:00,
1.128031677,7413423,Jared Donaldson,L Broady v J Donaldson,30,2016-11-02 11:30:18.792,1.29,2016-11-02 18:00:00,
1.128031677,7413423,Jared Donaldson,L Broady v J Donaldson,40,2016-11-02 15:05:31.145,1.31,2016-11-02 18:00:00,
1.128031677,7413423,Jared Donaldson,L Broady v J Donaldson,50,2016-11-02 16:31:26.327,1.32,2016-11-02 17:46:00,
1.128031677,7413423,Jared Donaldson,L Broady v J Donaldson,60,2016-11-02 17:14:28.261,1.35,2016-11-02 17:46:00,
1.128031677,7413423,Jared Donaldson,L Broady v J Donaldson,70,2016-11-02 17:28:14.379,1.32,2016-11-02 17:46:00,
1.128031677,7413423,Jared Donaldson,L Broady v J Donaldson,80,2016-11-02 17:33:13.518,1.34,2016-11-02 17:46:00,
1.128031677,7413423,Jared Donaldson,L Broady v J Donaldson,90,2016-11-02 17:34:16.541,1.35,2016-11-02 17:46:00,
1.128031677,7413423,Jared Donaldson,L Broady v J Donaldson,100,2016-11-02 17:41:17.300,1.32,2016-11-02 17:46:00,
1.128031738,2263570,Ivo Karlovic,Ma Cilic v Karlovic,0,2016-11-01 22:37:50.685,3.4,2016-11-02 11:00:00,
1.128031738,2263570,Ivo Karlovic,Ma Cilic v Karlovic,10,2016-11-02 00:52:37.369,3.55,2016-11-02 11:00:00,
1.128031738,2263570,Ivo Karlovic,Ma Cilic v Karlovic,20,2016-11-02 03:57:47.366,3.7,2016-11-02 11:00:00,
1.128031738,2263570,Ivo Karlovic,Ma Cilic v Karlovic,30,2016-11-02 07:41:43.497,3.75,2016-11-02 11:00:00,
1.128031738,2263570,Ivo Karlovic,Ma Cilic v Karlovic,40,2016-11-02 09:05:23.037,3.7,2016-11-02 11:00:00,
1.128031738,2263570,Ivo Karlovic,Ma Cilic v Karlovic,50,2016-11-02 09:37:05.142,3.6,2016-11-02 11:00:00,
1.128031738,2263570,Ivo Karlovic,Ma Cilic v Karlovic,60,2016-11-02 10:08:04.657,3.55,2016-11-02 11:00:00,
1.128031738,2263570,Ivo Karlovic,Ma Cilic v Karlovic,70,2016-11-02 10:23:45.240,3.55,2016-11-02 11:00:00,
1.128031738,2263570,Ivo Karlovic,Ma Cilic v Karlovic,80,2016-11-02 10:57:46.918,3.6,2016-11-02 11:00:00,
1.128031738,2263570,Ivo Karlovic,Ma Cilic v Karlovic,90,2016-11-02 11:10:39.133,3.65,2016-11-02 11:15:00,
1.128031738,2263570,Ivo Karlovic,Ma Cilic v Karlovic,100,2016-11-02 11:53:48.272,3.7,2016-11-02 12:00:00,
1.128031738,2263681,Marin Cilic,Ma Cilic v Karlovic,0,2016-11-01 21:55:40.869,1.42,2016-11-02 11:00:00,
1.128031738,2263681,Marin Cilic,Ma Cilic v Karlovic,10,2016-11-02 00:24:43.846,1.38,2016-11-02 11:00:00,
1.128031738,2263681,Marin Cilic,Ma Cilic v Karlovic,20,2016-11-02 04:09:56.749,1.4,2016-11-02 11:00:00,
1.128031738,2263681,Marin Cilic,Ma Cilic v Karlovic,30,2016-11-02 08:09:10.432,1.36,2016-11-02 11:00:00,
1.128031738,2263681,Marin Cilic,Ma Cilic v Karlovic,40,2016-11-02 08:58:43.157,1.36,2016-11-02 11:00:00,
1.128031738,2263681,Marin Cilic,Ma Cilic v Karlovic,50,2016-11-02 10:06:38.435,1.37,2016-11-02 11:00:00,
1.128031738,2263681,Marin Cilic,Ma Cilic v Karlovic,60,2016-11-02 10:39:03.184,1.38,2016-11-02 11:00:00,
1.128031738,2263681,Marin Cilic,Ma Cilic v Karlovic,70,2016-11-02 11:04:34.911,1.38,2016-11-02 11:15:00,
1.128031738,2263681,Marin Cilic,Ma Cilic v Karlovic,80,2016-11-02 11:21:43.767,1.38,2016-11-02 11:30:00,
1.128031738,2263681,Marin Cilic,Ma Cilic v Karlovic,90,2016-11-02 11:33:21.258,1.38,2016-11-02 11:45:00,
1.128031738,2263681,Marin Cilic,Ma Cilic v Karlovic,100,2016-11-02 11:50:43.926,1.37,2016-11-02 12:00:00,
1.128033663,2504190,Peter Polansky,A Krajicek v Polansky,0,2016-11-03 02:35:23.421,1.49,2016-11-03 20:00:00,
1.128033663,2504190,Peter Polansky,A Krajicek v Polansky,10,2016-11-03 09:23:04.663,1.46,2016-11-03 20:00:00,
1.128033663,2504190,Peter Polansky,A Krajicek v Polansky,20,2016-11-03 11:54:34.561,1.7,2016-11-03 20:00:00,
1.128033663,2504190,Peter Polansky,A Krajicek v Polansky,30,2016-11-03 16:52:08.177,1.59,2016-11-03 19:44:00,
1.128033663,2504190,Peter Polansky,A Krajicek v Polansky,40,2016-11-03 18:13:00.640,1.55,2016-11-03 19:45:00,
1.128033663,2504190,Peter Polansky,A Krajicek v Polansky,50,2016-11-03 19:00:23.170,1.55,2016-11-03 19:45:00,
1.128033663,2504190,Peter Polansky,A Krajicek v Polansky,60,2016-11-03 19:31:34.541,1.68,2016-11-03 19:45:00,
1.128033663,2504190,Peter Polansky,A Krajicek v Polansky,70,2016-11-03 19:39:33.243,1.66,2016-11-03 19:45:00,
1.128033663,2504190,Peter Polansky,A Krajicek v Polansky,80,2016-11-03 19:48:34.112,1.59,2016-11-03 20:00:00,
1.128033663,2504190,Peter Polansky,A Krajicek v Polansky,90,2016-11-03 19:51:34.481,1.59,2016-11-03 20:00:00,
1.128033663,2504190,Peter Polansky,A Krajicek v Polansky,100,2016-11-03 19:55:33.391,1.6,2016-11-03 20:00:00,
1.128033718,2248579,Gilles Muller,N Djokovic v G Muller,0,2016-11-01 20:53:06.600,10.5,2016-11-02 16:00:00,
1.128033718,2248579,Gilles Muller,N Djokovic v G Muller,10,2016-11-01 22:41:26.013,8.2,2016-11-02 16:00:00,
1.128033718,2248579,Gilles Muller,N Djokovic v G Muller,20,2016-11-02 06:00:32.256,8.6,2016-11-02 16:00:00,
1.128033718,2248579,Gilles Muller,N Djokovic v G Muller,30,2016-11-02 08:35:03.929,8.6,2016-11-02 16:00:00,
1.128033718,2248579,Gilles Muller,N Djokovic v G Muller,40,2016-11-02 10:25:42.003,8.8,2016-11-02 15:48:00,
1.128033718,2248579,Gilles Muller,N Djokovic v G Muller,50,2016-11-02 12:50:42.953,8.8,2016-11-02 15:28:00,
1.128033718,2248579,Gilles Muller,N Djokovic v G Muller,60,2016-11-02 13:58:32.446,9.0,2016-11-02 15:58:00,
1.128033718,2248579,Gilles Muller,N Djokovic v G Muller,70,2016-11-02 14:21:42.098,8.8,2016-11-02 16:01:00,
1.128033718,2248579,Gilles Muller,N Djokovic v G Muller,80,2016-11-02 14:52:12.115,9.0,2016-11-02 16:01:00,
1.128033718,2248579,Gilles Muller,N Djokovic v G Muller,90,2016-11-02 15:10:42.830,9.0,2016-11-02 16:01:00,
1.128033718,2248579,Gilles Muller,N Djokovic v G Muller,100,2016-11-02 15:36:37.226,9.0,2016-11-02 15:39:00,
1.128033718,2249229,Novak Djokovic,N Djokovic v G Muller,0,2016-11-01 19:31:31.597,1.1,2016-11-02 16:00:00,
1.128033718,2249229,Novak Djokovic,N Djokovic v G Muller,10,2016-11-01 22:54:40.287,1.13,2016-11-02 16:00:00,
1.128033718,2249229,Novak Djokovic,N Djokovic v G Muller,20,2016-11-02 07:11:38.590,1.12,2016-11-02 16:00:00,
1.128033718,2249229,Novak Djokovic,N Djokovic v G Muller,30,2016-11-02 08:55:43.874,1.13,2016-11-02 16:00:00,
1.128033718,2249229,Novak Djokovic,N Djokovic v G Muller,40,2016-11-02 11:27:33.174,1.12,2016-11-02 15:48:00,
1.128033718,2249229,Novak Djokovic,N Djokovic v G Muller,50,2016-11-02 12:15:43.605,1.13,2016-11-02 15:28:00,
1.128033718,2249229,Novak Djokovic,N Djokovic v G Muller,60,2016-11-02 13:03:00.839,1.12,2016-11-02 15:28:00,
1.128033718,2249229,Novak Djokovic,N Djokovic v G Muller,70,2016-11-02 13:56:43.953,1.13,2016-11-02 15:58:00,
1.128033718,2249229,Novak Djokovic,N Djokovic v G Muller,80,2016-11-02 14:57:44.382,1.12,2016-11-02 16:01:00,
1.128033718,2249229,Novak Djokovic,N Djokovic v G Muller,90,2016-11-02 15:11:45.101,1.13,2016-11-02 16:01:00,
1.128033718,2249229,Novak Djokovic,N Djokovic v G Muller,100,2016-11-02 15:38:46.116,1.12,2016-11-02 15:39:00,
1.128034123,8798905,Michael Mmoh,Opelka v Mmoh,0,2016-11-02 07:54:56.725,1.82,2016-11-02 20:00:00,
1.128034123,8798905,Michael Mmoh,Opelka v Mmoh,10,2016-11-02 08:59:41.781,1.85,2016-11-02 20:00:00,
1.128034123,8798905,Michael Mmoh,Opelka v Mmoh,20,2016-11-02 10:24:37.449,2.06,2016-11-02 20:00:00,
1.128034123,8798905,Michael Mmoh,Opelka v Mmoh,30,2016-11-02 12:07:26.954,1.98,2016-11-02 20:00:00,
1.128034123,8798905,Michael Mmoh,Opelka v Mmoh,40,2016-11-02 14:23:56.951,1.9,2016-11-02 20:00:00,
1.128034123,8798905,Michael Mmoh,Opelka v Mmoh,50,2016-11-02 15:58:57.983,1.99,2016-11-02 19:46:00,
1.128034123,8798905,Michael Mmoh,Opelka v Mmoh,60,2016-11-02 16:16:56.354,1.98,2016-11-02 19:46:00,
1.128034123,8798905,Michael Mmoh,Opelka v Mmoh,70,2016-11-02 17:46:13.100,1.87,2016-11-02 19:44:00,
1.128034123,8798905,Michael Mmoh,Opelka v Mmoh,80,2016-11-02 17:56:13.671,1.84,2016-11-02 19:44:00,
1.128034123,8798905,Michael Mmoh,Opelka v Mmoh,90,2016-11-02 17:57:53.164,1.89,2016-11-02 19:44:00,
1.128034123,8798905,Michael Mmoh,Opelka v Mmoh,100,2016-11-02 19:05:59.239,1.82,2016-11-02 19:44:00,
1.128034123,8859316,Reilly Opelka,Opelka v Mmoh,0,2016-11-02 02:39:09.764,1.84,2016-11-02 20:00:00,
1.128034123,8859316,Reilly Opelka,Opelka v Mmoh,10,2016-11-02 03:50:51.094,1.84,2016-11-02 20:00:00,
1.128034123,8859316,Reilly Opelka,Opelka v Mmoh,20,2016-11-02 11:49:38.144,1.87,2016-11-02 20:00:00,
1.128034123,8859316,Reilly Opelka,Opelka v Mmoh,30,2016-11-02 12:35:31.043,1.86,2016-11-02 20:00:00,
1.128034123,8859316,Reilly Opelka,Opelka v Mmoh,40,2016-11-02 13:12:41.752,1.95,2016-11-02 20:00:00,
1.128034123,8859316,Reilly Opelka,Opelka v Mmoh,50,2016-11-02 15:14:18.979,2.04,2016-11-02 20:00:00,
1.128034123,8859316,Reilly Opelka,Opelka v Mmoh,60,2016-11-02 16:46:40.857,2.06,2016-11-02 19:46:00,
1.128034123,8859316,Reilly Opelka,Opelka v Mmoh,70,2016-11-02 18:17:03.727,2.02,2016-11-02 19:44:00,
1.128034123,8859316,Reilly Opelka,Opelka v Mmoh,80,2016-11-02 18:48:53.638,2.04,2016-11-02 19:44:00,
1.128034123,8859316,Reilly Opelka,Opelka v Mmoh,90,2016-11-02 19:15:59.674,2.1,2016-11-02 19:44:00,
1.128034123,8859316,Reilly Opelka,Opelka v Mmoh,100,2016-11-02 19:33:55.906,2.1,2016-11-02 19:44:00,
1.128035536,9399490,Frances Tiafoe,Tiafoe v McDonald,0,2016-11-02 17:54:05.259,1.54,2016-11-03 12:00:00,
1.128035536,9399490,Frances Tiafoe,Tiafoe v McDonald,10,2016-11-03 09:23:04.759,1.5,2016-11-03 23:00:00,
1.128035536,9399490,Frances Tiafoe,Tiafoe v McDonald,20,2016-11-03 16:53:40.613,1.52,2016-11-03 23:00:00,
1.128035536,9399490,Frances Tiafoe,Tiafoe v McDonald,30,2016-11-03 20:02:26.681,1.56,2016-11-03 23:00:00,
1.128035536,9399490,Frances Tiafoe,Tiafoe v McDonald,40,2016-11-03 20:41:56.468,1.49,2016-11-03 23:00:00,
1.128035536,9399490,Frances Tiafoe,Tiafoe v McDonald,50,2016-11-03 21:36:37.574,1.5,2016-11-03 23:19:00,
1.128035536,9399490,Frances Tiafoe,Tiafoe v McDonald,60,2016-11-03 22:02:36.041,1.5,2016-11-03 23:19:00,
1.128035536,9399490,Frances Tiafoe,Tiafoe v McDonald,70,2016-11-03 22:14:42.891,1.46,2016-11-03 23:19:00,
1.128035536,9399490,Frances Tiafoe,Tiafoe v McDonald,80,2016-11-03 22:34:43.396,1.55,2016-11-03 23:19:00,
1.128035536,9399490,Frances Tiafoe,Tiafoe v McDonald,90,2016-11-03 22:51:42.542,1.43,2016-11-03 22:53:00,
1.128035536,9399490,Frances Tiafoe,Tiafoe v McDonald,100,2016-11-03 22:56:37.474,1.48,2016-11-03 23:08:00,
1.128035536,10691901,Mackenzie McDonald,Tiafoe v McDonald,0,2016-11-03 02:35:54.801,3.05,2016-11-03 23:00:00,
1.128035536,10691901,Mackenzie McDonald,Tiafoe v McDonald,10,2016-11-03 14:57:28.301,2.58,2016-11-03 23:00:00,
1.128035536,10691901,Mackenzie McDonald,Tiafoe v McDonald,20,2016-11-03 16:52:23.452,2.6,2016-11-03 23:00:00,
1.128035536,10691901,Mackenzie McDonald,Tiafoe v McDonald,30,2016-11-03 20:25:40.514,2.78,2016-11-03 23:00:00,
1.128035536,10691901,Mackenzie McDonald,Tiafoe v McDonald,40,2016-11-03 21:36:37.574,3.05,2016-11-03 23:19:00,
1.128035536,10691901,Mackenzie McDonald,Tiafoe v McDonald,50,2016-11-03 21:58:57.575,2.88,2016-11-03 23:19:00,
1.128035536,10691901,Mackenzie McDonald,Tiafoe v McDonald,60,2016-11-03 22:23:35.135,3.05,2016-11-03 23:19:00,
1.128035536,10691901,Mackenzie McDonald,Tiafoe v McDonald,70,2016-11-03 22:34:43.396,2.84,2016-11-03 23:19:00,
1.128035536,10691901,Mackenzie McDonald,Tiafoe v McDonald,80,2016-11-03 22:45:41.923,3.05,2016-11-03 23:19:00,
1.128035536,10691901,Mackenzie McDonald,Tiafoe v McDonald,90,2016-11-03 22:52:41.475,3.35,2016-11-03 22:53:00,
1.128035536,10691901,Mackenzie McDonald,Tiafoe v McDonald,100,2016-11-03 22:56:37.474,3.05,2016-11-03 23:08:00,
1.128035627,2753884,Greg Jones,Jasika v G Jones,0,2016-11-03 19:07:00.758,2.24,2016-11-04 02:30:00,
1.128035627,2753884,Greg Jones,Jasika v G Jones,10,2016-11-03 20:22:41.361,2.48,2016-11-04 02:30:00,
1.128035627,2753884,Greg Jones,Jasika v G Jones,20,2016-11-03 20:30:06.294,2.6,2016-11-04 02:30:00,
1.128035627,2753884,Greg Jones,Jasika v G Jones,30,2016-11-03 20:31:07.552,2.62,2016-11-04 02:30:00,
1.128035627,2753884,Greg Jones,Jasika v G Jones,40,2016-11-04 00:16:38.851,2.42,2016-11-04 02:30:00,
1.128035627,2753884,Greg Jones,Jasika v G Jones,50,2016-11-04 00:35:03.846,2.64,2016-11-04 02:30:00,
1.128035627,2753884,Greg Jones,Jasika v G Jones,60,2016-11-04 00:49:49.421,2.62,2016-11-04 02:30:00,
1.128035627,2753884,Greg Jones,Jasika v G Jones,70,2016-11-04 00:58:04.190,2.64,2016-11-04 02:30:00,
1.128035627,2753884,Greg Jones,Jasika v G Jones,80,2016-11-04 01:03:56.311,2.62,2016-11-04 02:30:00,
1.128035627,2753884,Greg Jones,Jasika v G Jones,90,2016-11-04 02:18:28.181,3.4,2016-11-04 02:30:00,
1.128035627,2753884,Greg Jones,Jasika v G Jones,100,2016-11-04 02:23:06.425,2.9,2016-11-04 02:30:00,
1.128035627,7335917,Omar Jasika,Jasika v G Jones,0,2016-11-03 12:18:47.725,1.62,2016-11-04 02:30:00,
1.128035627,7335917,Omar Jasika,Jasika v G Jones,10,2016-11-03 20:24:25.983,1.71,2016-11-04 02:30:00,
1.128035627,7335917,Omar Jasika,Jasika v G Jones,20,2016-11-03 20:30:06.294,1.63,2016-11-04 02:30:00,
1.128035627,7335917,Omar Jasika,Jasika v G Jones,30,2016-11-03 22:19:23.325,1.61,2016-11-04 02:30:00,
1.128035627,7335917,Omar Jasika,Jasika v G Jones,40,2016-11-04 00:16:38.851,1.7,2016-11-04 02:30:00,
1.128035627,7335917,Omar Jasika,Jasika v G Jones,50,2016-11-04 00:55:35.836,1.62,2016-11-04 02:30:00,
1.128035627,7335917,Omar Jasika,Jasika v G Jones,60,2016-11-04 01:05:54.183,1.62,2016-11-04 02:30:00,
1.128035627,7335917,Omar Jasika,Jasika v G Jones,70,2016-11-04 01:14:38.367,1.62,2016-11-04 02:30:00,
1.128035627,7335917,Omar Jasika,Jasika v G Jones,80,2016-11-04 01:24:43.679,1.61,2016-11-04 02:30:00,
1.128035627,7335917,Omar Jasika,Jasika v G Jones,90,2016-11-04 02:21:05.675,1.53,2016-11-04 02:30:00,
1.128035627,7335917,Omar Jasika,Jasika v G Jones,100,2016-11-04 02:28:06.675,1.53,2016-11-04 02:30:00,
1.128035632,3506639,Ivan Endara,Andreozzi v Endara,0,2016-11-02 15:14:31.067,5.8,2016-11-02 23:00:00,
1.128035632,3506639,Ivan Endara,Andreozzi v Endara,10,2016-11-02 20:49:29.183,5.5,2016-11-02 23:00:00,
1.128035632,3506639,Ivan Endara,Andreozzi v Endara,20,2016-11-02 21:17:40.821,5.3,2016-11-02 23:00:00,
1.128035632,3506639,Ivan Endara,Andreozzi v Endara,30,2016-11-02 21:44:45.104,5.2,2016-11-02 23:00:00,
1.128035632,3506639,Ivan Endara,Andreozzi v Endara,40,2016-11-02 22:06:48.039,4.2,2016-11-02 23:00:00,
1.128035632,3506639,Ivan Endara,Andreozzi v Endara,50,2016-11-02 22:07:43.496,5.1,2016-11-02 23:00:00,
1.128035632,3506639,Ivan Endara,Andreozzi v Endara,60,2016-11-02 22:08:48.379,4.7,2016-11-02 23:00:00,
1.128035632,3506639,Ivan Endara,Andreozzi v Endara,70,2016-11-02 22:26:39.662,4.9,2016-11-02 23:00:00,
1.128035632,3506639,Ivan Endara,Andreozzi v Endara,80,2016-11-02 22:27:44.394,5.5,2016-11-02 23:00:00,
1.128035632,3506639,Ivan Endara,Andreozzi v Endara,90,2016-11-02 22:37:47.757,4.7,2016-11-02 23:00:00,
1.128035632,3506639,Ivan Endara,Andreozzi v Endara,100,2016-11-02 22:39:45.148,5.3,2016-11-02 23:00:00,
1.128035632,6603914,Guido Andreozzi,Andreozzi v Endara,0,2016-11-02 18:12:32.218,1.16,2016-11-02 23:00:00,
1.128035632,6603914,Guido Andreozzi,Andreozzi v Endara,10,2016-11-02 19:22:25.778,1.19,2016-11-02 23:00:00,
1.128035632,6603914,Guido Andreozzi,Andreozzi v Endara,20,2016-11-02 22:01:44.167,1.3,2016-11-02 23:00:00,
1.128035632,6603914,Guido Andreozzi,Andreozzi v Endara,30,2016-11-02 22:02:32.772,1.21,2016-11-02 23:00:00,
1.128035632,6603914,Guido Andreozzi,Andreozzi v Endara,40,2016-11-02 22:06:48.039,1.31,2016-11-02 23:00:00,
1.128035632,6603914,Guido Andreozzi,Andreozzi v Endara,50,2016-11-02 22:07:43.496,1.23,2016-11-02 23:00:00,
1.128035632,6603914,Guido Andreozzi,Andreozzi v Endara,60,2016-11-02 22:11:32.523,1.26,2016-11-02 23:00:00,
1.128035632,6603914,Guido Andreozzi,Andreozzi v Endara,70,2016-11-02 22:26:39.662,1.25,2016-11-02 23:00:00,
1.128035632,6603914,Guido Andreozzi,Andreozzi v Endara,80,2016-11-02 22:28:43.783,1.22,2016-11-02 23:00:00,
1.128035632,6603914,Guido Andreozzi,Andreozzi v Endara,90,2016-11-02 22:37:47.757,1.25,2016-11-02 23:00:00,
1.128035632,6603914,Guido Andreozzi,Andreozzi v Endara,100,2016-11-02 22:54:48.322,1.24,2016-11-02 23:00:00,
1.128036028,2248470,Elena Vesnina,Svitolina v Vesnina,0,2016-11-02 21:42:40.740,3.95,2016-11-03 11:00:00,
1.128036028,2248470,Elena Vesnina,Svitolina v Vesnina,10,2016-11-02 21:51:52.211,4.3,2016-11-03 11:00:00,
1.128036028,2248470,Elena Vesnina,Svitolina v Vesnina,20,2016-11-03 00:57:56.054,4.7,2016-11-03 11:00:00,
1.128036028,2248470,Elena Vesnina,Svitolina v Vesnina,30,2016-11-03 03:17:10.852,4.6,2016-11-03 11:00:00,
1.128036028,2248470,Elena Vesnina,Svitolina v Vesnina,40,2016-11-03 07:05:39.301,4.5,2016-11-03 11:00:00,
1.128036028,2248470,Elena Vesnina,Svitolina v Vesnina,50,2016-11-03 09:05:47.901,4.8,2016-11-03 11:00:00,
1.128036028,2248470,Elena Vesnina,Svitolina v Vesnina,60,2016-11-03 09:15:45.341,5.0,2016-11-03 11:00:00,
1.128036028,2248470,Elena Vesnina,Svitolina v Vesnina,70,2016-11-03 10:09:52.233,4.9,2016-11-03 11:00:00,
1.128036028,2248470,Elena Vesnina,Svitolina v Vesnina,80,2016-11-03 10:22:53.607,4.9,2016-11-03 11:00:00,
1.128036028,2248470,Elena Vesnina,Svitolina v Vesnina,90,2016-11-03 10:40:53.836,5.1,2016-11-03 11:00:00,
1.128036028,2248470,Elena Vesnina,Svitolina v Vesnina,100,2016-11-03 10:51:50.517,5.0,2016-11-03 11:00:00,
1.128036028,6324464,Elina Svitolina,Svitolina v Vesnina,0,2016-11-02 19:43:49.452,1.37,2016-11-03 11:00:00,
1.128036028,6324464,Elina Svitolina,Svitolina v Vesnina,10,2016-11-02 23:22:33.128,1.27,2016-11-03 11:00:00,
1.128036028,6324464,Elina Svitolina,Svitolina v Vesnina,20,2016-11-03 03:17:10.852,1.28,2016-11-03 11:00:00,
1.128036028,6324464,Elina Svitolina,Svitolina v Vesnina,30,2016-11-03 07:11:52.441,1.29,2016-11-03 11:00:00,
1.128036028,6324464,Elina Svitolina,Svitolina v Vesnina,40,2016-11-03 08:06:44.485,1.27,2016-11-03 11:00:00,
1.128036028,6324464,Elina Svitolina,Svitolina v Vesnina,50,2016-11-03 09:05:47.901,1.26,2016-11-03 11:00:00,
1.128036028,6324464,Elina Svitolina,Svitolina v Vesnina,60,2016-11-03 09:23:50.992,1.25,2016-11-03 11:00:00,
1.128036028,6324464,Elina Svitolina,Svitolina v Vesnina,70,2016-11-03 09:56:51.013,1.26,2016-11-03 11:00:00,
1.128036028,6324464,Elina Svitolina,Svitolina v Vesnina,80,2016-11-03 10:21:52.219,1.26,2016-11-03 11:00:00,
1.128036028,6324464,Elina Svitolina,Svitolina v Vesnina,90,2016-11-03 10:41:44.970,1.25,2016-11-03 11:00:00,
1.128036028,6324464,Elina Svitolina,Svitolina v Vesnina,100,2016-11-03 10:54:32.953,1.25,2016-11-03 11:00:00,
1.128036038,2248502,Samantha Stosur,Stosur v Caro Garcia,0,2016-11-02 22:41:37.809,2.36,2016-11-03 09:00:00,
1.128036038,2248502,Samantha Stosur,Stosur v Caro Garcia,10,2016-11-03 00:07:40.368,2.3,2016-11-03 09:00:00,
1.128036038,2248502,Samantha Stosur,Stosur v Caro Garcia,20,2016-11-03 01:29:18.361,2.3,2016-11-03 09:00:00,
1.128036038,2248502,Samantha Stosur,Stosur v Caro Garcia,30,2016-11-03 04:28:27.946,2.34,2016-11-03 09:00:00,
1.128036038,2248502,Samantha Stosur,Stosur v Caro Garcia,40,2016-11-03 05:13:54.417,2.42,2016-11-03 09:00:00,
1.128036038,2248502,Samantha Stosur,Stosur v Caro Garcia,50,2016-11-03 07:58:54.275,2.4,2016-11-03 08:52:00,
1.128036038,2248502,Samantha Stosur,Stosur v Caro Garcia,60,2016-11-03 08:03:49.202,2.38,2016-11-03 08:52:00,
1.128036038,2248502,Samantha Stosur,Stosur v Caro Garcia,70,2016-11-03 08:09:49.483,2.4,2016-11-03 08:52:00,
1.128036038,2248502,Samantha Stosur,Stosur v Caro Garcia,80,2016-11-03 08:30:54.098,2.34,2016-11-03 08:52:00,
1.128036038,2248502,Samantha Stosur,Stosur v Caro Garcia,90,2016-11-03 08:36:44.699,2.38,2016-11-03 08:52:00,
1.128036038,2248502,Samantha Stosur,Stosur v Caro Garcia,100,2016-11-03 08:39:43.248,2.38,2016-11-03 08:52:00,
1.128036038,5248977,Caroline Garcia,Stosur v Caro Garcia,0,2016-11-02 20:19:17.621,1.73,2016-11-03 09:00:00,
1.128036038,5248977,Caroline Garcia,Stosur v Caro Garcia,10,2016-11-03 01:28:54.183,1.75,2016-11-03 09:00:00,
1.128036038,5248977,Caroline Garcia,Stosur v Caro Garcia,20,2016-11-03 02:36:52.633,1.72,2016-11-03 09:00:00,
1.128036038,5248977,Caroline Garcia,Stosur v Caro Garcia,30,2016-11-03 04:52:27.320,1.74,2016-11-03 09:00:00,
1.128036038,5248977,Caroline Garcia,Stosur v Caro Garcia,40,2016-11-03 06:14:35.865,1.7,2016-11-03 09:00:00,
1.128036038,5248977,Caroline Garcia,Stosur v Caro Garcia,50,2016-11-03 06:59:50.643,1.7,2016-11-03 08:52:00,
1.128036038,5248977,Caroline Garcia,Stosur v Caro Garcia,60,2016-11-03 07:58:54.275,1.71,2016-11-03 08:52:00,
1.128036038,5248977,Caroline Garcia,Stosur v Caro Garcia,70,2016-11-03 08:21:45.557,1.71,2016-11-03 08:52:00,
1.128036038,5248977,Caroline Garcia,Stosur v Caro Garcia,80,2016-11-03 08:30:54.098,1.77,2016-11-03 08:52:00,
1.128036038,5248977,Caroline Garcia,Stosur v Caro Garcia,90,2016-11-03 08:39:43.248,1.72,2016-11-03 08:52:00,
1.128036038,5248977,Caroline Garcia,Stosur v Caro Garcia,100,2016-11-03 08:49:36.847,1.71,2016-11-03 08:52:00,
1.128036138,2386498,Shuai Zhang,Babos v S Zhang,0,2016-11-02 15:10:44.453,1.57,2016-11-03 07:00:00,
1.128036138,2386498,Shuai Zhang,Babos v S Zhang,10,2016-11-02 17:19:47.490,1.6,2016-11-03 07:00:00,
1.128036138,2386498,Shuai Zhang,Babos v S Zhang,20,2016-11-02 21:42:54.636,1.57,2016-11-03 07:00:00,
1.128036138,2386498,Shuai Zhang,Babos v S Zhang,30,2016-11-02 22:14:46.366,1.52,2016-11-03 07:00:00,
1.128036138,2386498,Shuai Zhang,Babos v S Zhang,40,2016-11-02 23:35:54.321,1.54,2016-11-03 07:00:00,
1.128036138,2386498,Shuai Zhang,Babos v S Zhang,50,2016-11-03 02:37:42.486,1.48,2016-11-03 07:00:00,
1.128036138,2386498,Shuai Zhang,Babos v S Zhang,60,2016-11-03 03:57:53.484,1.52,2016-11-03 07:00:00,
1.128036138,2386498,Shuai Zhang,Babos v S Zhang,70,2016-11-03 05:00:55.854,1.5,2016-11-03 07:00:00,
1.128036138,2386498,Shuai Zhang,Babos v S Zhang,80,2016-11-03 05:43:41.170,1.48,2016-11-03 07:00:00,
1.128036138,2386498,Shuai Zhang,Babos v S Zhang,90,2016-11-03 06:23:51.157,1.46,2016-11-03 07:00:00,
1.128036138,2386498,Shuai Zhang,Babos v S Zhang,100,2016-11-03 06:51:50.645,1.45,2016-11-03 07:00:00,
1.128036138,4828174,Timea Babos,Babos v S Zhang,0,2016-11-02 15:10:44.453,2.74,2016-11-03 07:00:00,
1.128036138,4828174,Timea Babos,Babos v S Zhang,10,2016-11-02 16:05:53.470,2.8,2016-11-03 07:00:00,
1.128036138,4828174,Timea Babos,Babos v S Zhang,20,2016-11-02 19:45:06.824,2.6,2016-11-03 07:00:00,
1.128036138,4828174,Timea Babos,Babos v S Zhang,30,2016-11-02 21:58:55.022,3.05,2016-11-03 07:00:00,
1.128036138,4828174,Timea Babos,Babos v S Zhang,40,2016-11-02 23:29:51.089,2.88,2016-11-03 07:00:00,
1.128036138,4828174,Timea Babos,Babos v S Zhang,50,2016-11-03 00:05:58.676,2.96,2016-11-03 07:00:00,
1.128036138,4828174,Timea Babos,Babos v S Zhang,60,2016-11-03 03:56:54.393,2.98,2016-11-03 07:00:00,
1.128036138,4828174,Timea Babos,Babos v S Zhang,70,2016-11-03 04:45:41.670,2.92,2016-11-03 07:00:00,
1.128036138,4828174,Timea Babos,Babos v S Zhang,80,2016-11-03 05:15:34.558,3.0,2016-11-03 07:00:00,
1.128036138,4828174,Timea Babos,Babos v S Zhang,90,2016-11-03 06:03:55.589,3.0,2016-11-03 07:00:00,
1.128036138,4828174,Timea Babos,Babos v S Zhang,100,2016-11-03 06:54:53.631,3.2,2016-11-03 07:00:00,
1.128038293,2249400,Florian Mayer,F Mayer v Hanfmann,0,2016-11-02 17:19:34.093,1.2,2016-11-03 16:30:00,
1.128038293,2249400,Florian Mayer,F Mayer v Hanfmann,10,2016-11-02 22:31:22.072,1.21,2016-11-03 16:30:00,
1.128038293,2249400,Florian Mayer,F Mayer v Hanfmann,20,2016-11-03 07:41:49.802,1.22,2016-11-03 16:30:00,
1.128038293,2249400,Florian Mayer,F Mayer v Hanfmann,30,2016-11-03 07:43:33.361,1.2,2016-11-03 16:30:00,
1.128038293,2249400,Florian Mayer,F Mayer v Hanfmann,40,2016-11-03 13:58:09.011,1.2,2016-11-03 16:30:00,
1.128038293,2249400,Florian Mayer,F Mayer v Hanfmann,50,2016-11-03 14:02:19.938,1.21,2016-11-03 16:30:00,
1.128038293,2249400,Florian Mayer,F Mayer v Hanfmann,60,2016-11-03 14:30:33.714,1.16,2016-11-03 16:30:00,
1.128038293,2249400,Florian Mayer,F Mayer v Hanfmann,70,2016-11-03 14:58:31.400,1.18,2016-11-03 16:30:00,
1.128038293,2249400,Florian Mayer,F Mayer v Hanfmann,80,2016-11-03 15:04:30.364,1.17,2016-11-03 16:30:00,
1.128038293,2249400,Florian Mayer,F Mayer v Hanfmann,90,2016-11-03 15:23:21.481,1.18,2016-11-03 16:30:00,
1.128038293,2249400,Florian Mayer,F Mayer v Hanfmann,100,2016-11-03 16:20:30.880,1.19,2016-11-03 16:30:00,
1.128038604,1502771,Bryan/Bryan,Kontinen/Peers v Bryan/Bryan,0,2016-11-02 19:03:27.984,1.53,2016-11-03 12:00:00,
1.128038604,1502771,Bryan/Bryan,Kontinen/Peers v Bryan/Bryan,10,2016-11-02 22:24:48.457,1.52,2016-11-03 12:00:00,
1.128038604,1502771,Bryan/Bryan,Kontinen/Peers v Bryan/Bryan,20,2016-11-04 05:13:05.919,1.62,2016-11-04 15:00:00,
1.128038604,1502771,Bryan/Bryan,Kontinen/Peers v Bryan/Bryan,30,2016-11-04 07:38:13.866,1.57,2016-11-04 15:00:00,
1.128038604,1502771,Bryan/Bryan,Kontinen/Peers v Bryan/Bryan,40,2016-11-04 10:31:49.683,1.64,2016-11-04 15:00:00,
1.128038604,1502771,Bryan/Bryan,Kontinen/Peers v Bryan/Bryan,50,2016-11-04 13:09:14.273,1.67,2016-11-04 14:48:00,
1.128038604,1502771,Bryan/Bryan,Kontinen/Peers v Bryan/Bryan,60,2016-11-04 13:23:18.182,1.64,2016-11-04 14:48:00,
1.128038604,1502771,Bryan/Bryan,Kontinen/Peers v Bryan/Bryan,70,2016-11-04 13:49:53.879,1.63,2016-11-04 14:48:00,
1.128038604,1502771,Bryan/Bryan,Kontinen/Peers v Bryan/Bryan,80,2016-11-04 13:57:25.175,1.64,2016-11-04 14:48:00,
1.128038604,1502771,Bryan/Bryan,Kontinen/Peers v Bryan/Bryan,90,2016-11-04 14:10:25.555,1.74,2016-11-04 14:48:00,
1.128038604,1502771,Bryan/Bryan,Kontinen/Peers v Bryan/Bryan,100,2016-11-04 14:35:17.103,1.74,2016-11-04 14:47:00,
1.128039224,2263681,Marin Cilic,Ma Cilic v Goffin,0,2016-11-02 15:18:24.206,1.65,2016-11-03 12:00:00,
1.128039224,2263681,Marin Cilic,Ma Cilic v Goffin,10,2016-11-02 22:37:26.136,1.61,2016-11-03 10:00:00,
1.128039224,2263681,Marin Cilic,Ma Cilic v Goffin,20,2016-11-03 00:11:04.950,1.6,2016-11-03 10:00:00,
1.128039224,2263681,Marin Cilic,Ma Cilic v Goffin,30,2016-11-03 03:36:04.815,1.63,2016-11-03 10:00:00,
1.128039224,2263681,Marin Cilic,Ma Cilic v Goffin,40,2016-11-03 06:58:15.648,1.66,2016-11-03 10:00:00,
1.128039224,2263681,Marin Cilic,Ma Cilic v Goffin,50,2016-11-03 07:40:11.176,1.64,2016-11-03 10:00:00,
1.128039224,2263681,Marin Cilic,Ma Cilic v Goffin,60,2016-11-03 08:40:20.760,1.65,2016-11-03 10:00:00,
1.128039224,2263681,Marin Cilic,Ma Cilic v Goffin,70,2016-11-03 08:59:27.223,1.65,2016-11-03 10:00:00,
1.128039224,2263681,Marin Cilic,Ma Cilic v Goffin,80,2016-11-03 09:16:21.507,1.66,2016-11-03 10:00:00,
1.128039224,2263681,Marin Cilic,Ma Cilic v Goffin,90,2016-11-03 09:29:19.481,1.7,2016-11-03 10:00:00,
1.128039224,2263681,Marin Cilic,Ma Cilic v Goffin,100,2016-11-03 09:54:26.746,1.69,2016-11-03 10:00:00,
1.128039224,5224084,David Goffin,Ma Cilic v Goffin,0,2016-11-02 20:36:48.486,2.6,2016-11-03 10:00:00,
1.128039224,5224084,David Goffin,Ma Cilic v Goffin,10,2016-11-03 00:12:44.353,2.64,2016-11-03 10:00:00,
1.128039224,5224084,David Goffin,Ma Cilic v Goffin,20,2016-11-03 03:43:50.184,2.56,2016-11-03 10:00:00,
1.128039224,5224084,David Goffin,Ma Cilic v Goffin,30,2016-11-03 05:31:20.561,2.56,2016-11-03 10:00:00,
1.128039224,5224084,David Goffin,Ma Cilic v Goffin,40,2016-11-03 06:22:39.846,2.56,2016-11-03 10:00:00,
1.128039224,5224084,David Goffin,Ma Cilic v Goffin,50,2016-11-03 07:18:30.329,2.54,2016-11-03 10:00:00,
1.128039224,5224084,David Goffin,Ma Cilic v Goffin,60,2016-11-03 08:25:20.980,2.6,2016-11-03 10:00:00,
1.128039224,5224084,David Goffin,Ma Cilic v Goffin,70,2016-11-03 08:51:10.408,2.5,2016-11-03 10:00:00,
1.128039224,5224084,David Goffin,Ma Cilic v Goffin,80,2016-11-03 09:12:16.526,2.58,2016-11-03 10:00:00,
1.128039224,5224084,David Goffin,Ma Cilic v Goffin,90,2016-11-03 09:34:24.697,2.46,2016-11-03 10:00:00,
1.128039224,5224084,David Goffin,Ma Cilic v Goffin,100,2016-11-03 09:54:26.746,2.44,2016-11-03 10:00:00,
1.128040719,2249399,Richard Gasquet,Gasquet v J Sock,0,2016-11-02 15:37:21.723,1.76,2016-11-03 12:00:00,
1.128040719,2249399,Richard Gasquet,Gasquet v J Sock,10,2016-11-03 01:50:21.058,1.9,2016-11-03 12:00:00,
1.128040719,2249399,Richard Gasquet,Gasquet v J Sock,20,2016-11-03 03:44:59.956,1.89,2016-11-03 12:00:00,
1.128040719,2249399,Richard Gasquet,Gasquet v J Sock,30,2016-11-03 06:08:37.588,1.9,2016-11-03 12:00:00,
1.128040719,2249399,Richard Gasquet,Gasquet v J Sock,40,2016-11-03 07:48:47.427,1.93,2016-11-03 12:00:00,
1.128040719,2249399,Richard Gasquet,Gasquet v J Sock,50,2016-11-03 08:44:22.448,1.99,2016-11-03 12:00:00,
1.128040719,2249399,Richard Gasquet,Gasquet v J Sock,60,2016-11-03 09:44:25.659,1.94,2016-11-03 12:00:00,
1.128040719,2249399,Richard Gasquet,Gasquet v J Sock,70,2016-11-03 10:36:14.471,1.98,2016-11-03 11:54:00,
1.128040719,2249399,Richard Gasquet,Gasquet v J Sock,80,2016-11-03 11:04:14.981,1.96,2016-11-03 11:54:00,
1.128040719,2249399,Richard Gasquet,Gasquet v J Sock,90,2016-11-03 11:38:27.912,1.96,2016-11-03 11:54:00,
1.128040719,2249399,Richard Gasquet,Gasquet v J Sock,100,2016-11-03 12:08:26.239,2.0,2016-11-03 12:09:00,
1.128040719,4596957,Jack Sock,Gasquet v J Sock,0,2016-11-02 21:03:09.734,2.12,2016-11-03 12:00:00,
1.128040719,4596957,Jack Sock,Gasquet v J Sock,10,2016-11-03 00:39:26.089,2.0,2016-11-03 12:00:00,
1.128040719,4596957,Jack Sock,Gasquet v J Sock,20,2016-11-03 03:18:47.173,2.14,2016-11-03 12:00:00,
1.128040719,4596957,Jack Sock,Gasquet v J Sock,30,2016-11-03 05:28:04.365,2.12,2016-11-03 12:00:00,
1.128040719,4596957,Jack Sock,Gasquet v J Sock,40,2016-11-03 07:15:27.811,2.08,2016-11-03 12:00:00,
1.128040719,4596957,Jack Sock,Gasquet v J Sock,50,2016-11-03 08:51:44.266,2.0,2016-11-03 12:00:00,
1.128040719,4596957,Jack Sock,Gasquet v J Sock,60,2016-11-03 10:03:20.708,2.06,2016-11-03 11:54:00,
1.128040719,4596957,Jack Sock,Gasquet v J Sock,70,2016-11-03 10:30:21.225,1.98,2016-11-03 11:54:00,
1.128040719,4596957,Jack Sock,Gasquet v J Sock,80,2016-11-03 10:56:27.633,1.99,2016-11-03 11:54:00,
1.128040719,4596957,Jack Sock,Gasquet v J Sock,90,2016-11-03 11:34:23.769,2.02,2016-11-03 11:54:00,
1.128040719,4596957,Jack Sock,Gasquet v J Sock,100,2016-11-03 12:11:27.410,1.99,2016-11-03 12:13:00,
1.128043917,2483001,Kei Nishikori,Nishikori v Tsonga,0,2016-11-02 17:46:35.705,1.65,2016-11-03 12:00:00,
1.128043917,2483001,Kei Nishikori,Nishikori v Tsonga,10,2016-11-03 02:41:09.518,1.68,2016-11-03 18:30:00,
1.128043917,2483001,Kei Nishikori,Nishikori v Tsonga,20,2016-11-03 08:01:21.428,1.68,2016-11-03 18:30:00,
1.128043917,2483001,Kei Nishikori,Nishikori v Tsonga,30,2016-11-03 10:19:07.303,1.67,2016-11-03 18:30:00,
1.128043917,2483001,Kei Nishikori,Nishikori v Tsonga,40,2016-11-03 12:39:45.247,1.68,2016-11-03 18:30:00,
1.128043917,2483001,Kei Nishikori,Nishikori v Tsonga,50,2016-11-03 14:22:21.607,1.65,2016-11-03 18:30:00,
1.128043917,2483001,Kei Nishikori,Nishikori v Tsonga,60,2016-11-03 16:15:30.902,1.65,2016-11-03 18:30:00,
1.128043917,2483001,Kei Nishikori,Nishikori v Tsonga,70,2016-11-03 17:15:19.093,1.64,2016-11-03 18:30:00,
1.128043917,2483001,Kei Nishikori,Nishikori v Tsonga,80,2016-11-03 18:10:28.057,1.63,2016-11-03 18:30:00,
1.128043917,2483001,Kei Nishikori,Nishikori v Tsonga,90,2016-11-03 18:43:25.338,1.65,2016-11-03 18:45:00,
1.128043917,2483001,Kei Nishikori,Nishikori v Tsonga,100,2016-11-03 19:10:26.932,1.65,2016-11-03 19:15:00,
1.128043917,4190307,Jo-Wilfried Tsonga,Nishikori v Tsonga,0,2016-11-02 21:42:19.793,2.5,2016-11-03 18:30:00,
1.128043917,4190307,Jo-Wilfried Tsonga,Nishikori v Tsonga,10,2016-11-03 09:15:01.854,2.46,2016-11-03 18:30:00,
1.128043917,4190307,Jo-Wilfried Tsonga,Nishikori v Tsonga,20,2016-11-03 11:25:25.811,2.5,2016-11-03 18:30:00,
1.128043917,4190307,Jo-Wilfried Tsonga,Nishikori v Tsonga,30,2016-11-03 14:09:31.725,2.54,2016-11-03 18:30:00,
1.128043917,4190307,Jo-Wilfried Tsonga,Nishikori v Tsonga,40,2016-11-03 16:19:14.170,2.52,2016-11-03 18:30:00,
1.128043917,4190307,Jo-Wilfried Tsonga,Nishikori v Tsonga,50,2016-11-03 17:02:24.625,2.56,2016-11-03 18:30:00,
1.128043917,4190307,Jo-Wilfried Tsonga,Nishikori v Tsonga,60,2016-11-03 17:44:56.527,2.56,2016-11-03 18:30:00,
1.128043917,4190307,Jo-Wilfried Tsonga,Nishikori v Tsonga,70,2016-11-03 18:10:28.057,2.58,2016-11-03 18:30:00,
1.128043917,4190307,Jo-Wilfried Tsonga,Nishikori v Tsonga,80,2016-11-03 18:35:28.766,2.58,2016-11-03 18:45:00,
1.128043917,4190307,Jo-Wilfried Tsonga,Nishikori v Tsonga,90,2016-11-03 18:57:28.383,2.56,2016-11-03 19:00:00,
1.128043917,4190307,Jo-Wilfried Tsonga,Nishikori v Tsonga,100,2016-11-03 19:09:27.105,2.52,2016-11-03 19:15:00,
1.128046597,4061310,Kevin Krawietz,Krawietz v Copil,0,2016-11-03 07:27:35.604,3.35,2016-11-03 13:30:00,
1.128046597,4061310,Kevin Krawietz,Krawietz v Copil,10,2016-11-03 07:34:55.876,4.4,2016-11-03 13:30:00,
1.128046597,4061310,Kevin Krawietz,Krawietz v Copil,20,2016-11-03 08:11:52.352,4.2,2016-11-03 13:30:00,
1.128046597,4061310,Kevin Krawietz,Krawietz v Copil,30,2016-11-03 11:30:43.659,4.2,2016-11-03 13:24:00,
1.128046597,4061310,Kevin Krawietz,Krawietz v Copil,40,2016-11-03 11:36:11.394,4.4,2016-11-03 13:24:00,
1.128046597,4061310,Kevin Krawietz,Krawietz v Copil,50,2016-11-03 11:54:11.158,4.6,2016-11-03 13:24:00,
1.128046597,4061310,Kevin Krawietz,Krawietz v Copil,60,2016-11-03 11:58:01.467,4.8,2016-11-03 13:24:00,
1.128046597,4061310,Kevin Krawietz,Krawietz v Copil,70,2016-11-03 12:00:14.465,4.2,2016-11-03 13:24:00,
1.128046597,4061310,Kevin Krawietz,Krawietz v Copil,80,2016-11-03 12:13:17.355,3.95,2016-11-03 13:24:00,
1.128046597,4061310,Kevin Krawietz,Krawietz v Copil,90,2016-11-03 12:16:14.078,4.4,2016-11-03 13:24:00,
1.128046597,4061310,Kevin Krawietz,Krawietz v Copil,100,2016-11-03 13:07:10.431,3.85,2016-11-03 13:08:00,
1.128046597,4195870,Marius Copil,Krawietz v Copil,0,2016-11-03 07:34:55.876,1.3,2016-11-03 13:30:00,
1.128046597,4195870,Marius Copil,Krawietz v Copil,10,2016-11-03 08:01:15.647,1.34,2016-11-03 13:30:00,
1.128046597,4195870,Marius Copil,Krawietz v Copil,20,2016-11-03 08:21:53.486,1.31,2016-11-03 13:30:00,
1.128046597,4195870,Marius Copil,Krawietz v Copil,30,2016-11-03 09:23:04.182,1.31,2016-11-03 13:30:00,
1.128046597,4195870,Marius Copil,Krawietz v Copil,40,2016-11-03 11:37:06.998,1.31,2016-11-03 13:24:00,
1.128046597,4195870,Marius Copil,Krawietz v Copil,50,2016-11-03 11:53:10.058,1.29,2016-11-03 13:24:00,
1.128046597,4195870,Marius Copil,Krawietz v Copil,60,2016-11-03 11:57:18.962,1.27,2016-11-03 13:24:00,
1.128046597,4195870,Marius Copil,Krawietz v Copil,70,2016-11-03 11:58:38.747,1.27,2016-11-03 13:24:00,
1.128046597,4195870,Marius Copil,Krawietz v Copil,80,2016-11-03 12:13:17.355,1.33,2016-11-03 13:24:00,
1.128046597,4195870,Marius Copil,Krawietz v Copil,90,2016-11-03 12:56:13.340,1.34,2016-11-03 13:24:00,
1.128046597,4195870,Marius Copil,Krawietz v Copil,100,2016-11-03 13:04:16.110,1.31,2016-11-03 13:24:00,
1.128046941,2249345,Gilles Simon,Berdych v G Simon,0,2016-11-02 22:21:11.748,2.2,2016-11-03 19:30:00,
1.128046941,2249345,Gilles Simon,Berdych v G Simon,10,2016-11-03 05:34:12.935,2.04,2016-11-03 19:30:00,
1.128046941,2249345,Gilles Simon,Berdych v G Simon,20,2016-11-03 11:54:45.717,2.06,2016-11-03 19:30:00,
1.128046941,2249345,Gilles Simon,Berdych v G Simon,30,2016-11-03 15:39:23.183,2.0,2016-11-03 19:30:00,
1.128046941,2249345,Gilles Simon,Berdych v G Simon,40,2016-11-03 17:18:24.481,2.04,2016-11-03 19:30:00,
1.128046941,2249345,Gilles Simon,Berdych v G Simon,50,2016-11-03 18:17:27.969,1.98,2016-11-03 19:30:00,
1.128046941,2249345,Gilles Simon,Berdych v G Simon,60,2016-11-03 19:17:42.777,1.96,2016-11-03 19:30:00,
1.128046941,2249345,Gilles Simon,Berdych v G Simon,70,2016-11-03 19:56:23.241,1.98,2016-11-03 20:00:00,
1.128046941,2249345,Gilles Simon,Berdych v G Simon,80,2016-11-03 20:27:39.950,1.96,2016-11-03 20:30:00,
1.128046941,2249345,Gilles Simon,Berdych v G Simon,90,2016-11-03 21:26:23.335,1.93,2016-11-03 21:30:00,
1.128046941,2249345,Gilles Simon,Berdych v G Simon,100,2016-11-03 21:54:27.751,1.94,2016-11-03 22:00:00,
1.128046941,2256470,Tomas Berdych,Berdych v G Simon,0,2016-11-02 19:26:54.660,1.54,2016-11-03 19:30:00,
1.128046941,2256470,Tomas Berdych,Berdych v G Simon,10,2016-11-03 05:28:26.628,1.96,2016-11-03 19:30:00,
1.128046941,2256470,Tomas Berdych,Berdych v G Simon,20,2016-11-03 08:25:38.912,1.89,2016-11-03 19:30:00,
1.128046941,2256470,Tomas Berdych,Berdych v G Simon,30,2016-11-03 12:16:17.785,1.94,2016-11-03 19:30:00,
1.128046941,2256470,Tomas Berdych,Berdych v G Simon,40,2016-11-03 14:30:27.912,1.94,2016-11-03 19:30:00,
1.128046941,2256470,Tomas Berdych,Berdych v G Simon,50,2016-11-03 15:59:08.510,1.97,2016-11-03 19:30:00,
1.128046941,2256470,Tomas Berdych,Berdych v G Simon,60,2016-11-03 17:01:02.405,1.96,2016-11-03 19:30:00,
1.128046941,2256470,Tomas Berdych,Berdych v G Simon,70,2016-11-03 17:44:20.728,1.98,2016-11-03 19:30:00,
1.128046941,2256470,Tomas Berdych,Berdych v G Simon,80,2016-11-03 18:52:23.457,2.0,2016-11-03 19:30:00,
1.128046941,2256470,Tomas Berdych,Berdych v G Simon,90,2016-11-03 20:34:09.744,2.06,2016-11-03 20:45:00,
1.128046941,2256470,Tomas Berdych,Berdych v G Simon,100,2016-11-03 21:54:27.751,2.06,2016-11-03 22:00:00,
1.128046995,2249229,Novak Djokovic,N Djokovic v G Dimitrov,0,2016-11-02 18:59:17.588,1.17,2016-11-03 14:00:00,
1.128046995,2249229,Novak Djokovic,N Djokovic v G Dimitrov,10,2016-11-02 21:54:34.368,1.15,2016-11-03 14:00:00,
1.128046995,2249229,Novak Djokovic,N Djokovic v G Dimitrov,20,2016-11-03 03:17:56.743,1.13,2016-11-03 14:00:00,
1.128046995,2249229,Novak Djokovic,N Djokovic v G Dimitrov,30,2016-11-03 07:28:15.691,1.13,2016-11-03 14:00:00,
1.128046995,2249229,Novak Djokovic,N Djokovic v G Dimitrov,40,2016-11-03 08:39:58.539,1.14,2016-11-03 14:00:00,
1.128046995,2249229,Novak Djokovic,N Djokovic v G Dimitrov,50,2016-11-03 09:22:33.235,1.14,2016-11-03 14:00:00,
1.128046995,2249229,Novak Djokovic,N Djokovic v G Dimitrov,60,2016-11-03 10:40:19.771,1.14,2016-11-03 13:54:00,
1.128046995,2249229,Novak Djokovic,N Djokovic v G Dimitrov,70,2016-11-03 12:09:26.790,1.14,2016-11-03 14:09:00,
1.128046995,2249229,Novak Djokovic,N Djokovic v G Dimitrov,80,2016-11-03 13:10:25.853,1.14,2016-11-03 14:11:00,
1.128046995,2249229,Novak Djokovic,N Djokovic v G Dimitrov,90,2016-11-03 14:16:34.361,1.14,2016-11-03 14:26:00,
1.128046995,2249229,Novak Djokovic,N Djokovic v G Dimitrov,100,2016-11-03 14:50:32.559,1.14,2016-11-03 14:57:00,
1.128046995,3120169,Grigor Dimitrov,N Djokovic v G Dimitrov,0,2016-11-02 20:06:33.950,5.5,2016-11-03 14:00:00,
1.128046995,3120169,Grigor Dimitrov,N Djokovic v G Dimitrov,10,2016-11-02 23:36:06.594,8.0,2016-11-03 14:00:00,
1.128046995,3120169,Grigor Dimitrov,N Djokovic v G Dimitrov,20,2016-11-03 04:00:07.714,8.0,2016-11-03 14:00:00,
1.128046995,3120169,Grigor Dimitrov,N Djokovic v G Dimitrov,30,2016-11-03 07:07:50.298,8.6,2016-11-03 14:00:00,
1.128046995,3120169,Grigor Dimitrov,N Djokovic v G Dimitrov,40,2016-11-03 08:52:26.123,8.4,2016-11-03 14:00:00,
1.128046995,3120169,Grigor Dimitrov,N Djokovic v G Dimitrov,50,2016-11-03 09:40:22.482,8.4,2016-11-03 14:00:00,
1.128046995,3120169,Grigor Dimitrov,N Djokovic v G Dimitrov,60,2016-11-03 10:54:33.738,8.0,2016-11-03 13:54:00,
1.128046995,3120169,Grigor Dimitrov,N Djokovic v G Dimitrov,70,2016-11-03 12:05:47.531,8.2,2016-11-03 14:09:00,
1.128046995,3120169,Grigor Dimitrov,N Djokovic v G Dimitrov,80,2016-11-03 13:15:34.453,7.8,2016-11-03 14:11:00,
1.128046995,3120169,Grigor Dimitrov,N Djokovic v G Dimitrov,90,2016-11-03 14:19:15.667,8.2,2016-11-03 14:26:00,
1.128046995,3120169,Grigor Dimitrov,N Djokovic v G Dimitrov,100,2016-11-03 14:48:34.570,7.6,2016-11-03 14:57:00,
1.128047145,2424953,Pablo Cuevas,P Cuevas v Raonic,0,2016-11-02 20:16:50.429,6.2,2016-11-03 13:30:00,
1.128047145,2424953,Pablo Cuevas,P Cuevas v Raonic,10,2016-11-02 21:50:43.562,7.2,2016-11-03 13:30:00,
1.128047145,2424953,Pablo Cuevas,P Cuevas v Raonic,20,2016-11-02 23:57:43.219,7.2,2016-11-03 13:30:00,
1.128047145,2424953,Pablo Cuevas,P Cuevas v Raonic,30,2016-11-03 05:32:22.893,7.8,2016-11-03 13:30:00,
1.128047145,2424953,Pablo Cuevas,P Cuevas v Raonic,40,2016-11-03 06:50:36.061,7.2,2016-11-03 13:30:00,
1.128047145,2424953,Pablo Cuevas,P Cuevas v Raonic,50,2016-11-03 10:20:47.317,7.4,2016-11-03 13:30:00,
1.128047145,2424953,Pablo Cuevas,P Cuevas v Raonic,60,2016-11-03 11:31:46.786,7.6,2016-11-03 13:30:00,
1.128047145,2424953,Pablo Cuevas,P Cuevas v Raonic,70,2016-11-03 11:59:49.524,7.0,2016-11-03 13:30:00,
1.128047145,2424953,Pablo Cuevas,P Cuevas v Raonic,80,2016-11-03 12:40:43.493,6.8,2016-11-03 13:30:00,
1.128047145,2424953,Pablo Cuevas,P Cuevas v Raonic,90,2016-11-03 13:00:36.373,6.8,2016-11-03 13:30:00,
1.128047145,2424953,Pablo Cuevas,P Cuevas v Raonic,100,2016-11-03 13:22:53.515,6.8,2016-11-03 13:30:00,
1.128047145,4105819,Milos Raonic,P Cuevas v Raonic,0,2016-11-02 19:41:41.645,1.17,2016-11-03 13:30:00,
1.128047145,4105819,Milos Raonic,P Cuevas v Raonic,10,2016-11-02 22:18:12.629,1.15,2016-11-03 13:30:00,
1.128047145,4105819,Milos Raonic,P Cuevas v Raonic,20,2016-11-03 03:55:33.498,1.14,2016-11-03 13:30:00,
1.128047145,4105819,Milos Raonic,P Cuevas v Raonic,30,2016-11-03 07:12:31.211,1.15,2016-11-03 13:30:00,
1.128047145,4105819,Milos Raonic,P Cuevas v Raonic,40,2016-11-03 09:08:53.195,1.15,2016-11-03 13:30:00,
1.128047145,4105819,Milos Raonic,P Cuevas v Raonic,50,2016-11-03 10:41:35.950,1.16,2016-11-03 13:30:00,
1.128047145,4105819,Milos Raonic,P Cuevas v Raonic,60,2016-11-03 11:18:02.057,1.15,2016-11-03 13:30:00,
1.128047145,4105819,Milos Raonic,P Cuevas v Raonic,70,2016-11-03 12:14:24.136,1.16,2016-11-03 13:30:00,
1.128047145,4105819,Milos Raonic,P Cuevas v Raonic,80,2016-11-03 12:45:40.867,1.17,2016-11-03 13:30:00,
1.128047145,4105819,Milos Raonic,P Cuevas v Raonic,90,2016-11-03 13:00:36.373,1.18,2016-11-03 13:30:00,
1.128047145,4105819,Milos Raonic,P Cuevas v Raonic,100,2016-11-03 13:21:32.962,1.17,2016-11-03 13:30:00,
1.128047319,2397396,Matthias Bachinger,Darcis v Bachinger,0,2016-11-04 08:46:55.067,3.55,2016-11-04 12:30:00,
1.128047319,2397396,Matthias Bachinger,Darcis v Bachinger,10,2016-11-04 10:33:29.925,3.6,2016-11-04 12:45:00,
1.128047319,2397396,Matthias Bachinger,Darcis v Bachinger,20,2016-11-04 10:39:22.949,3.3,2016-11-04 12:31:00,
1.128047319,2397396,Matthias Bachinger,Darcis v Bachinger,30,2016-11-04 10:48:28.105,3.5,2016-11-04 12:31:00,
1.128047319,2397396,Matthias Bachinger,Darcis v Bachinger,40,2016-11-04 10:59:19.980,3.2,2016-11-04 12:31:00,
1.128047319,2397396,Matthias Bachinger,Darcis v Bachinger,50,2016-11-04 11:22:26.509,3.2,2016-11-04 12:31:00,
1.128047319,2397396,Matthias Bachinger,Darcis v Bachinger,60,2016-11-04 11:30:28.470,3.4,2016-11-04 12:31:00,
1.128047319,2397396,Matthias Bachinger,Darcis v Bachinger,70,2016-11-04 11:31:24.728,3.3,2016-11-04 12:31:00,
1.128047319,2397396,Matthias Bachinger,Darcis v Bachinger,80,2016-11-04 11:34:25.061,3.25,2016-11-04 12:31:00,
1.128047319,2397396,Matthias Bachinger,Darcis v Bachinger,90,2016-11-04 11:57:25.464,3.35,2016-11-04 12:31:00,
1.128047319,2397396,Matthias Bachinger,Darcis v Bachinger,100,2016-11-04 12:25:21.327,3.3,2016-11-04 12:31:00,
1.128047319,2481589,Steve Darcis,Darcis v Bachinger,0,2016-11-03 21:00:04.308,1.5,2016-11-04 12:30:00,
1.128047319,2481589,Steve Darcis,Darcis v Bachinger,10,2016-11-04 07:00:23.142,1.42,2016-11-04 12:30:00,
1.128047319,2481589,Steve Darcis,Darcis v Bachinger,20,2016-11-04 09:38:19.815,1.37,2016-11-04 12:30:00,
1.128047319,2481589,Steve Darcis,Darcis v Bachinger,30,2016-11-04 10:33:29.925,1.39,2016-11-04 12:45:00,
1.128047319,2481589,Steve Darcis,Darcis v Bachinger,40,2016-11-04 10:47:27.211,1.41,2016-11-04 12:31:00,
1.128047319,2481589,Steve Darcis,Darcis v Bachinger,50,2016-11-04 10:56:22.384,1.45,2016-11-04 12:31:00,
1.128047319,2481589,Steve Darcis,Darcis v Bachinger,60,2016-11-04 11:07:28.714,1.41,2016-11-04 12:31:00,
1.128047319,2481589,Steve Darcis,Darcis v Bachinger,70,2016-11-04 11:23:02.732,1.46,2016-11-04 12:31:00,
1.128047319,2481589,Steve Darcis,Darcis v Bachinger,80,2016-11-04 11:34:25.061,1.46,2016-11-04 12:31:00,
1.128047319,2481589,Steve Darcis,Darcis v Bachinger,90,2016-11-04 11:57:25.464,1.43,2016-11-04 12:31:00,
1.128047319,2481589,Steve Darcis,Darcis v Bachinger,100,2016-11-04 12:23:13.137,1.43,2016-11-04 12:31:00,
1.128047414,6344314,Henri Laaksonen,Laaksonen v J Donaldson,0,2016-11-04 03:43:01.197,2.28,2016-11-04 18:00:00,
1.128047414,6344314,Henri Laaksonen,Laaksonen v J Donaldson,10,2016-11-04 11:11:15.221,2.1,2016-11-04 18:00:00,
1.128047414,6344314,Henri Laaksonen,Laaksonen v J Donaldson,20,2016-11-04 11:31:35.369,2.3,2016-11-04 18:00:00,
1.128047414,6344314,Henri Laaksonen,Laaksonen v J Donaldson,30,2016-11-04 13:27:25.922,1.98,2016-11-04 18:00:00,
1.128047414,6344314,Henri Laaksonen,Laaksonen v J Donaldson,40,2016-11-04 16:02:29.575,2.02,2016-11-04 17:47:00,
1.128047414,6344314,Henri Laaksonen,Laaksonen v J Donaldson,50,2016-11-04 16:44:34.653,1.98,2016-11-04 17:47:00,
1.128047414,6344314,Henri Laaksonen,Laaksonen v J Donaldson,60,2016-11-04 16:54:30.927,1.99,2016-11-04 17:47:00,
1.128047414,6344314,Henri Laaksonen,Laaksonen v J Donaldson,70,2016-11-04 17:17:25.091,2.0,2016-11-04 17:47:00,
1.128047414,6344314,Henri Laaksonen,Laaksonen v J Donaldson,80,2016-11-04 17:19:33.930,1.81,2016-11-04 17:47:00,
1.128047414,6344314,Henri Laaksonen,Laaksonen v J Donaldson,90,2016-11-04 17:22:30.947,1.99,2016-11-04 17:36:00,
1.128047414,6344314,Henri Laaksonen,Laaksonen v J Donaldson,100,2016-11-04 17:30:27.010,1.97,2016-11-04 17:36:00,
1.128047414,7413423,Jared Donaldson,Laaksonen v J Donaldson,0,2016-11-04 09:38:21.069,1.77,2016-11-04 18:00:00,
1.128047414,7413423,Jared Donaldson,Laaksonen v J Donaldson,10,2016-11-04 11:31:35.369,1.79,2016-11-04 18:00:00,
1.128047414,7413423,Jared Donaldson,Laaksonen v J Donaldson,20,2016-11-04 12:52:25.066,1.8,2016-11-04 18:00:00,
1.128047414,7413423,Jared Donaldson,Laaksonen v J Donaldson,30,2016-11-04 13:27:25.922,2.02,2016-11-04 18:00:00,
1.128047414,7413423,Jared Donaldson,Laaksonen v J Donaldson,40,2016-11-04 14:28:02.158,1.93,2016-11-04 18:00:00,
1.128047414,7413423,Jared Donaldson,Laaksonen v J Donaldson,50,2016-11-04 14:47:34.016,1.94,2016-11-04 18:00:00,
1.128047414,7413423,Jared Donaldson,Laaksonen v J Donaldson,60,2016-11-04 16:24:33.909,1.99,2016-11-04 17:47:00,
1.128047414,7413423,Jared Donaldson,Laaksonen v J Donaldson,70,2016-11-04 16:44:34.653,2.02,2016-11-04 17:47:00,
1.128047414,7413423,Jared Donaldson,Laaksonen v J Donaldson,80,2016-11-04 16:54:30.927,2.0,2016-11-04 17:47:00,
1.128047414,7413423,Jared Donaldson,Laaksonen v J Donaldson,90,2016-11-04 16:58:22.368,1.99,2016-11-04 17:47:00,
1.128047414,7413423,Jared Donaldson,Laaksonen v J Donaldson,100,2016-11-04 17:26:22.892,2.04,2016-11-04 17:36:00,
1.128047578,7287672,Arthur De Greef,De Greef v Bourgue,0,2016-11-03 07:31:16.755,1.69,2016-11-03 20:45:00,
1.128047578,7287672,Arthur De Greef,De Greef v Bourgue,10,2016-11-03 08:11:55.889,1.77,2016-11-03 20:45:00,
1.128047578,7287672,Arthur De Greef,De Greef v Bourgue,20,2016-11-03 09:09:51.646,1.81,2016-11-03 20:45:00,
1.128047578,7287672,Arthur De Greef,De Greef v Bourgue,30,2016-11-03 09:23:04.600,1.76,2016-11-03 20:45:00,
1.128047578,7287672,Arthur De Greef,De Greef v Bourgue,40,2016-11-03 10:55:15.607,1.83,2016-11-03 20:45:00,
1.128047578,7287672,Arthur De Greef,De Greef v Bourgue,50,2016-11-03 17:34:20.900,1.85,2016-11-03 20:45:00,
1.128047578,7287672,Arthur De Greef,De Greef v Bourgue,60,2016-11-03 17:47:15.112,1.99,2016-11-03 20:45:00,
1.128047578,7287672,Arthur De Greef,De Greef v Bourgue,70,2016-11-03 18:35:27.558,1.84,2016-11-03 20:45:00,
1.128047578,7287672,Arthur De Greef,De Greef v Bourgue,80,2016-11-03 19:34:24.408,1.93,2016-11-03 20:45:00,
1.128047578,7287672,Arthur De Greef,De Greef v Bourgue,90,2016-11-03 20:13:24.005,1.88,2016-11-03 20:45:00,
1.128047578,7287672,Arthur De Greef,De Greef v Bourgue,100,2016-11-03 20:41:21.028,1.85,2016-11-03 20:45:00,
1.128047887,2581407,Tobias Kamke,J Melzer v Kamke,0,2016-11-03 08:27:08.170,1.85,2016-11-03 14:30:00,
1.128047887,2581407,Tobias Kamke,J Melzer v Kamke,10,2016-11-03 08:36:34.792,1.84,2016-11-03 14:30:00,
1.128047887,2581407,Tobias Kamke,J Melzer v Kamke,20,2016-11-03 08:37:47.358,1.88,2016-11-03 14:30:00,
1.128047887,2581407,Tobias Kamke,J Melzer v Kamke,30,2016-11-03 08:38:48.806,1.83,2016-11-03 14:30:00,
1.128047887,2581407,Tobias Kamke,J Melzer v Kamke,40,2016-11-03 09:31:58.346,1.87,2016-11-03 14:30:00,
1.128047887,2581407,Tobias Kamke,J Melzer v Kamke,50,2016-11-03 10:12:01.995,1.92,2016-11-03 14:30:00,
1.128047887,2581407,Tobias Kamke,J Melzer v Kamke,60,2016-11-03 10:53:10.771,1.82,2016-11-03 14:30:00,
1.128047887,2581407,Tobias Kamke,J Melzer v Kamke,70,2016-11-03 11:56:14.970,1.82,2016-11-03 14:30:00,
1.128047887,2581407,Tobias Kamke,J Melzer v Kamke,80,2016-11-03 12:03:37.072,1.84,2016-11-03 14:30:00,
1.128047887,2581407,Tobias Kamke,J Melzer v Kamke,90,2016-11-03 12:04:49.355,1.87,2016-11-03 14:30:00,
1.128047887,2581407,Tobias Kamke,J Melzer v Kamke,100,2016-11-03 14:17:17.751,1.87,2016-11-03 14:30:00,
1.128047944,2256509,Andy Murray,Pouille v A Murray,0,2016-11-02 21:43:31.391,1.17,2016-11-03 16:00:00,
1.128047944,2256509,Andy Murray,Pouille v A Murray,10,2016-11-03 00:46:35.785,1.14,2016-11-03 16:00:00,
1.128047944,2256509,Andy Murray,Pouille v A Murray,20,2016-11-03 06:59:34.252,1.11,2016-11-03 16:00:00,
1.128047944,2256509,Andy Murray,Pouille v A Murray,30,2016-11-03 09:35:07.962,1.11,2016-11-03 16:00:00,
1.128047944,2256509,Andy Murray,Pouille v A Murray,40,2016-11-03 11:22:42.678,1.11,2016-11-03 15:54:00,
1.128047944,2256509,Andy Murray,Pouille v A Murray,50,2016-11-03 12:44:38.885,1.12,2016-11-03 16:11:00,
1.128047944,2256509,Andy Murray,Pouille v A Murray,60,2016-11-03 13:40:41.725,1.12,2016-11-03 16:11:00,
1.128047944,2256509,Andy Murray,Pouille v A Murray,70,2016-11-03 14:55:45.454,1.12,2016-11-03 16:47:00,
1.128047944,2256509,Andy Murray,Pouille v A Murray,80,2016-11-03 15:56:47.708,1.12,2016-11-03 16:47:00,
1.128047944,2256509,Andy Murray,Pouille v A Murray,90,2016-11-03 16:56:50.954,1.12,2016-11-03 17:02:00,
1.128047944,2256509,Andy Murray,Pouille v A Murray,100,2016-11-03 17:32:47.039,1.11,2016-11-03 17:33:00,
1.128047944,7031400,Lucas Pouille,Pouille v A Murray,0,2016-11-02 22:18:42.571,7.2,2016-11-03 16:00:00,
1.128047944,7031400,Lucas Pouille,Pouille v A Murray,10,2016-11-03 03:54:07.521,8.4,2016-11-03 16:00:00,
1.128047944,7031400,Lucas Pouille,Pouille v A Murray,20,2016-11-03 07:01:48.002,9.6,2016-11-03 16:00:00,
1.128047944,7031400,Lucas Pouille,Pouille v A Murray,30,2016-11-03 09:02:24.850,9.4,2016-11-03 16:00:00,
1.128047944,7031400,Lucas Pouille,Pouille v A Murray,40,2016-11-03 11:10:24.000,9.4,2016-11-03 15:54:00,
1.128047944,7031400,Lucas Pouille,Pouille v A Murray,50,2016-11-03 12:36:51.050,9.4,2016-11-03 16:11:00,
1.128047944,7031400,Lucas Pouille,Pouille v A Murray,60,2016-11-03 14:45:46.702,9.0,2016-11-03 16:57:00,
1.128047944,7031400,Lucas Pouille,Pouille v A Murray,70,2016-11-03 15:11:49.550,9.4,2016-11-03 16:47:00,
1.128047944,7031400,Lucas Pouille,Pouille v A Murray,80,2016-11-03 16:18:36.867,9.4,2016-11-03 16:47:00,
1.128047944,7031400,Lucas Pouille,Pouille v A Murray,90,2016-11-03 17:09:49.922,9.4,2016-11-03 17:17:00,
1.128047944,7031400,Lucas Pouille,Pouille v A Murray,100,2016-11-03 17:30:50.889,9.4,2016-11-03 17:33:00,
1.128048038,6180419,Andres Molteni,Molteni v Kicker,0,2016-11-02 22:48:23.419,1.2,2016-11-03 12:00:00,
1.128048038,6180419,Andres Molteni,Molteni v Kicker,10,2016-11-03 09:37:42.664,2.26,2016-11-03 20:45:00,
1.128048038,6180419,Andres Molteni,Molteni v Kicker,20,2016-11-03 10:41:53.455,2.0,2016-11-03 20:45:00,
1.128048038,6180419,Andres Molteni,Molteni v Kicker,30,2016-11-03 12:45:16.045,1.64,2016-11-03 20:45:00,
1.128048038,6180419,Andres Molteni,Molteni v Kicker,40,2016-11-03 13:06:05.302,1.61,2016-11-03 20:45:00,
1.128048038,6180419,Andres Molteni,Molteni v Kicker,50,2016-11-03 15:20:09.543,1.54,2016-11-03 20:45:00,
1.128048038,6180419,Andres Molteni,Molteni v Kicker,60,2016-11-03 16:22:25.426,1.44,2016-11-03 20:45:00,
1.128048038,6180419,Andres Molteni,Molteni v Kicker,70,2016-11-03 17:04:21.782,1.71,2016-11-03 20:45:00,
1.128048038,6180419,Andres Molteni,Molteni v Kicker,80,2016-11-03 19:23:24.539,1.95,2016-11-03 20:45:00,
1.128048038,6180419,Andres Molteni,Molteni v Kicker,90,2016-11-03 19:51:24.978,2.9,2016-11-03 20:45:00,
1.128048038,6180419,Andres Molteni,Molteni v Kicker,100,2016-11-03 20:41:19.856,2.92,2016-11-03 20:45:00,
1.128048038,8326744,Nicolas Kicker,Molteni v Kicker,0,2016-11-02 22:49:18.693,1.2,2016-11-03 12:00:00,
1.128048038,8326744,Nicolas Kicker,Molteni v Kicker,10,2016-11-03 09:26:24.973,1.81,2016-11-03 20:45:00,
1.128048038,8326744,Nicolas Kicker,Molteni v Kicker,20,2016-11-03 10:15:24.328,1.99,2016-11-03 20:45:00,
1.128048038,8326744,Nicolas Kicker,Molteni v Kicker,30,2016-11-03 11:19:59.361,2.26,2016-11-03 20:45:00,
1.128048038,8326744,Nicolas Kicker,Molteni v Kicker,40,2016-11-03 13:06:48.822,2.64,2016-11-03 20:45:00,
1.128048038,8326744,Nicolas Kicker,Molteni v Kicker,50,2016-11-03 16:20:25.851,2.92,2016-11-03 20:45:00,
1.128048038,8326744,Nicolas Kicker,Molteni v Kicker,60,2016-11-03 18:05:11.475,2.34,2016-11-03 20:45:00,
1.128048038,8326744,Nicolas Kicker,Molteni v Kicker,70,2016-11-03 19:24:06.119,2.02,2016-11-03 20:45:00,
1.128048038,8326744,Nicolas Kicker,Molteni v Kicker,80,2016-11-03 19:41:25.283,1.61,2016-11-03 20:45:00,
1.128048038,8326744,Nicolas Kicker,Molteni v Kicker,90,2016-11-03 19:58:24.185,1.56,2016-11-03 20:45:00,
1.128048038,8326744,Nicolas Kicker,Molteni v Kicker,100,2016-11-03 20:38:19.548,1.52,2016-11-03 20:45:00,
1.128048127,2474763,John Isner,Struff v Isner,0,2016-11-03 00:46:52.672,1.5,2016-11-03 15:00:00,
1.128048127,2474763,John Isner,Struff v Isner,10,2016-11-03 06:25:36.349,1.5,2016-11-03 15:00:00,
1.128048127,2474763,John Isner,Struff v Isner,20,2016-11-03 09:16:49.860,1.51,2016-11-03 15:00:00,
1.128048127,2474763,John Isner,Struff v Isner,30,2016-11-03 10:41:29.609,1.49,2016-11-03 15:00:00,
1.128048127,2474763,John Isner,Struff v Isner,40,2016-11-03 11:54:31.337,1.51,2016-11-03 15:00:00,
1.128048127,2474763,John Isner,Struff v Isner,50,2016-11-03 13:00:13.476,1.52,2016-11-03 15:00:00,
1.128048127,2474763,John Isner,Struff v Isner,60,2016-11-03 13:30:49.730,1.5,2016-11-03 15:00:00,
1.128048127,2474763,John Isner,Struff v Isner,70,2016-11-03 14:39:52.779,1.47,2016-11-03 15:00:00,
1.128048127,2474763,John Isner,Struff v Isner,80,2016-11-03 14:54:49.693,1.5,2016-11-03 15:00:00,
1.128048127,2474763,John Isner,Struff v Isner,90,2016-11-03 15:07:46.604,1.52,2016-11-03 15:15:00,
1.128048127,2474763,John Isner,Struff v Isner,100,2016-11-03 15:17:52.603,1.49,2016-11-03 15:30:00,
1.128048127,8259098,Jan-Lennard Struff,Struff v Isner,0,2016-11-03 01:43:07.984,2.84,2016-11-03 15:00:00,
1.128048127,8259098,Jan-Lennard Struff,Struff v Isner,10,2016-11-03 05:58:50.923,2.96,2016-11-03 15:00:00,
1.128048127,8259098,Jan-Lennard Struff,Struff v Isner,20,2016-11-03 08:36:36.211,2.94,2016-11-03 15:00:00,
1.128048127,8259098,Jan-Lennard Struff,Struff v Isner,30,2016-11-03 09:28:40.790,2.98,2016-11-03 15:00:00,
1.128048127,8259098,Jan-Lennard Struff,Struff v Isner,40,2016-11-03 11:08:50.370,2.96,2016-11-03 15:00:00,
1.128048127,8259098,Jan-Lennard Struff,Struff v Isner,50,2016-11-03 11:53:38.104,2.96,2016-11-03 15:00:00,
1.128048127,8259098,Jan-Lennard Struff,Struff v Isner,60,2016-11-03 12:59:10.427,2.9,2016-11-03 15:00:00,
1.128048127,8259098,Jan-Lennard Struff,Struff v Isner,70,2016-11-03 13:37:47.542,3.05,2016-11-03 15:00:00,
1.128048127,8259098,Jan-Lennard Struff,Struff v Isner,80,2016-11-03 14:43:49.700,2.94,2016-11-03 15:00:00,
1.128048127,8259098,Jan-Lennard Struff,Struff v Isner,90,2016-11-03 14:58:52.234,2.94,2016-11-03 15:00:00,
1.128048127,8259098,Jan-Lennard Struff,Struff v Isner,100,2016-11-03 15:14:52.459,3.0,2016-11-03 15:15:00,
1.128048196,4829260,Denis Kudla,Kudla v Opelka,0,2016-11-03 03:17:12.225,1.4,2016-11-04 12:00:00,
1.128048196,4829260,Denis Kudla,Kudla v Opelka,10,2016-11-04 10:43:32.911,1.57,2016-11-04 20:30:00,
1.128048196,4829260,Denis Kudla,Kudla v Opelka,20,2016-11-04 17:19:52.212,1.56,2016-11-04 20:30:00,
1.128048196,4829260,Denis Kudla,Kudla v Opelka,30,2016-11-04 18:36:24.090,1.57,2016-11-04 20:30:00,
1.128048196,4829260,Denis Kudla,Kudla v Opelka,40,2016-11-04 19:01:39.742,1.57,2016-11-04 20:30:00,
1.128048196,4829260,Denis Kudla,Kudla v Opelka,50,2016-11-04 19:16:44.452,1.57,2016-11-04 20:30:00,
1.128048196,4829260,Denis Kudla,Kudla v Opelka,60,2016-11-04 19:28:41.935,1.55,2016-11-04 20:30:00,
1.128048196,4829260,Denis Kudla,Kudla v Opelka,70,2016-11-04 19:40:42.323,1.52,2016-11-04 20:30:00,
1.128048196,4829260,Denis Kudla,Kudla v Opelka,80,2016-11-04 20:08:36.398,1.58,2016-11-04 20:30:00,
1.128048196,4829260,Denis Kudla,Kudla v Opelka,90,2016-11-04 20:46:34.820,1.64,2016-11-04 21:00:00,
1.128048196,4829260,Denis Kudla,Kudla v Opelka,100,2016-11-04 21:09:41.701,1.44,2016-11-04 21:15:00,
1.128048196,8859316,Reilly Opelka,Kudla v Opelka,0,2016-11-03 03:17:12.225,3.5,2016-11-04 12:00:00,
1.128048196,8859316,Reilly Opelka,Kudla v Opelka,10,2016-11-04 08:44:03.144,2.44,2016-11-04 20:30:00,
1.128048196,8859316,Reilly Opelka,Kudla v Opelka,20,2016-11-04 14:02:35.853,2.5,2016-11-04 20:30:00,
1.128048196,8859316,Reilly Opelka,Kudla v Opelka,30,2016-11-04 18:32:18.887,2.7,2016-11-04 20:30:00,
1.128048196,8859316,Reilly Opelka,Kudla v Opelka,40,2016-11-04 18:39:38.534,2.8,2016-11-04 20:30:00,
1.128048196,8859316,Reilly Opelka,Kudla v Opelka,50,2016-11-04 18:47:06.328,2.82,2016-11-04 20:30:00,
1.128048196,8859316,Reilly Opelka,Kudla v Opelka,60,2016-11-04 19:17:36.203,2.86,2016-11-04 20:30:00,
1.128048196,8859316,Reilly Opelka,Kudla v Opelka,70,2016-11-04 19:34:31.897,2.9,2016-11-04 20:30:00,
1.128048196,8859316,Reilly Opelka,Kudla v Opelka,80,2016-11-04 19:51:44.845,2.78,2016-11-04 20:30:00,
1.128048196,8859316,Reilly Opelka,Kudla v Opelka,90,2016-11-04 20:46:34.820,2.52,2016-11-04 21:00:00,
1.128048196,8859316,Reilly Opelka,Kudla v Opelka,100,2016-11-04 21:09:41.701,3.25,2016-11-04 21:15:00,
1.128048256,5304700,Andre Ghem,Ghem v Andreozzi,0,2016-11-03 07:35:26.622,3.15,2016-11-03 23:00:00,
1.128048256,5304700,Andre Ghem,Ghem v Andreozzi,10,2016-11-03 09:23:17.251,3.15,2016-11-03 23:00:00,
1.128048256,5304700,Andre Ghem,Ghem v Andreozzi,20,2016-11-03 11:26:40.021,3.25,2016-11-03 23:00:00,
1.128048256,5304700,Andre Ghem,Ghem v Andreozzi,30,2016-11-03 16:51:40.613,3.55,2016-11-03 23:00:00,
1.128048256,5304700,Andre Ghem,Ghem v Andreozzi,40,2016-11-03 21:30:31.666,3.45,2016-11-03 23:00:00,
1.128048256,5304700,Andre Ghem,Ghem v Andreozzi,50,2016-11-03 21:42:38.651,3.3,2016-11-03 23:00:00,
1.128048256,5304700,Andre Ghem,Ghem v Andreozzi,60,2016-11-03 21:52:43.653,3.1,2016-11-03 23:00:00,
1.128048256,5304700,Andre Ghem,Ghem v Andreozzi,70,2016-11-03 22:11:38.523,3.1,2016-11-03 23:00:00,
1.128048256,5304700,Andre Ghem,Ghem v Andreozzi,80,2016-11-03 22:37:29.794,3.0,2016-11-03 23:00:00,
1.128048256,5304700,Andre Ghem,Ghem v Andreozzi,90,2016-11-03 22:46:30.525,3.0,2016-11-03 23:00:00,
1.128048256,5304700,Andre Ghem,Ghem v Andreozzi,100,2016-11-03 22:52:08.993,3.05,2016-11-03 23:00:00,
1.128048256,6603914,Guido Andreozzi,Ghem v Andreozzi,0,2016-11-03 07:13:00.820,1.5,2016-11-03 23:00:00,
1.128048256,6603914,Guido Andreozzi,Ghem v Andreozzi,10,2016-11-03 10:56:21.768,1.34,2016-11-03 23:00:00,
1.128048256,6603914,Guido Andreozzi,Ghem v Andreozzi,20,2016-11-03 15:07:57.924,1.43,2016-11-03 23:00:00,
1.128048256,6603914,Guido Andreozzi,Ghem v Andreozzi,30,2016-11-03 17:38:42.600,1.38,2016-11-03 23:00:00,
1.128048256,6603914,Guido Andreozzi,Ghem v Andreozzi,40,2016-11-03 21:42:38.651,1.43,2016-11-03 23:00:00,
1.128048256,6603914,Guido Andreozzi,Ghem v Andreozzi,50,2016-11-03 21:52:43.653,1.46,2016-11-03 23:00:00,
1.128048256,6603914,Guido Andreozzi,Ghem v Andreozzi,60,2016-11-03 22:15:42.214,1.48,2016-11-03 23:00:00,
1.128048256,6603914,Guido Andreozzi,Ghem v Andreozzi,70,2016-11-03 22:18:42.373,1.48,2016-11-03 23:00:00,
1.128048256,6603914,Guido Andreozzi,Ghem v Andreozzi,80,2016-11-03 22:42:28.272,1.49,2016-11-03 23:00:00,
1.128048256,6603914,Guido Andreozzi,Ghem v Andreozzi,90,2016-11-03 22:50:27.893,1.48,2016-11-03 23:00:00,
1.128048256,6603914,Guido Andreozzi,Ghem v Andreozzi,100,2016-11-03 22:54:41.961,1.48,2016-11-03 23:00:00,
1.128048439,8145584,Jordan Thompson,Jor Thompson v Jo Smith,0,2016-11-03 10:31:40.057,1.42,2016-11-04 01:00:00,
1.128048439,8145584,Jordan Thompson,Jor Thompson v Jo Smith,10,2016-11-03 15:05:38.213,1.46,2016-11-04 01:00:00,
1.128048439,8145584,Jordan Thompson,Jor Thompson v Jo Smith,20,2016-11-03 19:30:36.403,1.37,2016-11-04 01:00:00,
1.128048439,8145584,Jordan Thompson,Jor Thompson v Jo Smith,30,2016-11-03 20:13:56.469,1.4,2016-11-04 01:00:00,
1.128048439,8145584,Jordan Thompson,Jor Thompson v Jo Smith,40,2016-11-03 21:29:26.818,1.39,2016-11-04 01:00:00,
1.128048439,8145584,Jordan Thompson,Jor Thompson v Jo Smith,50,2016-11-03 22:00:15.579,1.37,2016-11-04 01:00:00,
1.128048439,8145584,Jordan Thompson,Jor Thompson v Jo Smith,60,2016-11-03 23:02:17.329,1.37,2016-11-04 01:00:00,
1.128048439,8145584,Jordan Thompson,Jor Thompson v Jo Smith,70,2016-11-03 23:25:22.423,1.38,2016-11-04 01:00:00,
1.128048439,8145584,Jordan Thompson,Jor Thompson v Jo Smith,80,2016-11-04 00:32:38.823,1.36,2016-11-04 01:00:00,
1.128048439,8145584,Jordan Thompson,Jor Thompson v Jo Smith,90,2016-11-04 00:54:46.818,1.38,2016-11-04 01:00:00,
1.128048439,8145584,Jordan Thompson,Jor Thompson v Jo Smith,100,2016-11-04 00:59:24.881,1.35,2016-11-04 01:00:00,
1.128048761,5248977,Caroline Garcia,Konta v Caro Garcia,0,2016-11-03 19:59:51.515,3.7,2016-11-04 09:00:00,
1.128048761,5248977,Caroline Garcia,Konta v Caro Garcia,10,2016-11-04 03:59:41.391,3.65,2016-11-04 09:00:00,
1.128048761,5248977,Caroline Garcia,Konta v Caro Garcia,20,2016-11-04 05:40:50.762,3.85,2016-11-04 09:00:00,
1.128048761,5248977,Caroline Garcia,Konta v Caro Garcia,30,2016-11-04 06:52:34.430,3.85,2016-11-04 09:00:00,
1.128048761,5248977,Caroline Garcia,Konta v Caro Garcia,40,2016-11-04 07:25:43.849,3.95,2016-11-04 08:56:00,
1.128048761,5248977,Caroline Garcia,Konta v Caro Garcia,50,2016-11-04 07:30:49.701,4.0,2016-11-04 08:56:00,
1.128048761,5248977,Caroline Garcia,Konta v Caro Garcia,60,2016-11-04 07:34:51.293,4.0,2016-11-04 08:56:00,
1.128048761,5248977,Caroline Garcia,Konta v Caro Garcia,70,2016-11-04 07:44:40.344,4.2,2016-11-04 08:56:00,
1.128048761,5248977,Caroline Garcia,Konta v Caro Garcia,80,2016-11-04 07:47:51.752,4.1,2016-11-04 08:56:00,
1.128048761,5248977,Caroline Garcia,Konta v Caro Garcia,90,2016-11-04 08:12:44.463,4.1,2016-11-04 08:56:00,
1.128048761,5248977,Caroline Garcia,Konta v Caro Garcia,100,2016-11-04 08:24:51.594,4.4,2016-11-04 08:56:00,
1.128048761,5596561,Johanna Konta,Konta v Caro Garcia,0,2016-11-03 11:24:42.290,1.34,2016-11-04 09:00:00,
1.128048761,5596561,Johanna Konta,Konta v Caro Garcia,10,2016-11-03 23:01:08.307,1.38,2016-11-04 09:00:00,
1.128048761,5596561,Johanna Konta,Konta v Caro Garcia,20,2016-11-04 03:59:41.391,1.37,2016-11-04 09:00:00,
1.128048761,5596561,Johanna Konta,Konta v Caro Garcia,30,2016-11-04 05:16:55.618,1.36,2016-11-04 09:00:00,
1.128048761,5596561,Johanna Konta,Konta v Caro Garcia,40,2016-11-04 06:02:42.547,1.38,2016-11-04 09:00:00,
1.128048761,5596561,Johanna Konta,Konta v Caro Garcia,50,2016-11-04 06:41:37.002,1.35,2016-11-04 09:00:00,
1.128048761,5596561,Johanna Konta,Konta v Caro Garcia,60,2016-11-04 07:10:45.370,1.35,2016-11-04 08:56:00,
1.128048761,5596561,Johanna Konta,Konta v Caro Garcia,70,2016-11-04 07:29:48.052,1.36,2016-11-04 08:56:00,
1.128048761,5596561,Johanna Konta,Konta v Caro Garcia,80,2016-11-04 07:43:39.642,1.31,2016-11-04 08:56:00,
1.128048761,5596561,Johanna Konta,Konta v Caro Garcia,90,2016-11-04 08:16:51.133,1.31,2016-11-04 08:56:00,
1.128048761,5596561,Johanna Konta,Konta v Caro Garcia,100,2016-11-04 08:24:51.594,1.29,2016-11-04 08:56:00,
1.128048781,2248470,Elena Vesnina,Vesnina v Bertens,0,2016-11-03 21:43:14.968,2.32,2016-11-04 11:00:00,
1.128048781,2248470,Elena Vesnina,Vesnina v Bertens,10,2016-11-04 06:38:48.911,2.38,2016-11-04 11:00:00,
1.128048781,2248470,Elena Vesnina,Vesnina v Bertens,20,2016-11-04 07:13:42.725,2.4,2016-11-04 11:00:00,
1.128048781,2248470,Elena Vesnina,Vesnina v Bertens,30,2016-11-04 07:43:39.593,2.44,2016-11-04 11:00:00,
1.128048781,2248470,Elena Vesnina,Vesnina v Bertens,40,2016-11-04 08:22:51.311,2.44,2016-11-04 11:00:00,
1.128048781,2248470,Elena Vesnina,Vesnina v Bertens,50,2016-11-04 08:41:52.992,2.38,2016-11-04 11:00:00,
1.128048781,2248470,Elena Vesnina,Vesnina v Bertens,60,2016-11-04 09:31:49.834,2.4,2016-11-04 11:00:00,
1.128048781,2248470,Elena Vesnina,Vesnina v Bertens,70,2016-11-04 10:13:48.987,2.42,2016-11-04 11:00:00,
1.128048781,2248470,Elena Vesnina,Vesnina v Bertens,80,2016-11-04 10:26:49.522,2.42,2016-11-04 11:00:00,
1.128048781,2248470,Elena Vesnina,Vesnina v Bertens,90,2016-11-04 10:43:52.526,2.48,2016-11-04 11:00:00,
1.128048781,2248470,Elena Vesnina,Vesnina v Bertens,100,2016-11-04 10:54:47.384,2.52,2016-11-04 11:00:00,
1.128048781,5611697,Kiki Bertens,Vesnina v Bertens,0,2016-11-03 20:39:37.579,1.75,2016-11-04 11:00:00,
1.128048781,5611697,Kiki Bertens,Vesnina v Bertens,10,2016-11-04 03:46:33.067,1.75,2016-11-04 11:00:00,
1.128048781,5611697,Kiki Bertens,Vesnina v Bertens,20,2016-11-04 06:27:49.930,1.76,2016-11-04 11:00:00,
1.128048781,5611697,Kiki Bertens,Vesnina v Bertens,30,2016-11-04 07:04:51.036,1.66,2016-11-04 11:00:00,
1.128048781,5611697,Kiki Bertens,Vesnina v Bertens,40,2016-11-04 07:30:38.083,1.68,2016-11-04 11:00:00,
1.128048781,5611697,Kiki Bertens,Vesnina v Bertens,50,2016-11-04 08:23:50.383,1.71,2016-11-04 11:00:00,
1.128048781,5611697,Kiki Bertens,Vesnina v Bertens,60,2016-11-04 09:11:14.733,1.72,2016-11-04 11:00:00,
1.128048781,5611697,Kiki Bertens,Vesnina v Bertens,70,2016-11-04 10:04:50.879,1.72,2016-11-04 11:00:00,
1.128048781,5611697,Kiki Bertens,Vesnina v Bertens,80,2016-11-04 10:28:50.688,1.67,2016-11-04 11:00:00,
1.128048781,5611697,Kiki Bertens,Vesnina v Bertens,90,2016-11-04 10:45:52.190,1.66,2016-11-04 11:00:00,
1.128048781,5611697,Kiki Bertens,Vesnina v Bertens,100,2016-11-04 10:54:47.384,1.65,2016-11-04 11:00:00,
1.128048874,2497008,Petra Kvitova,Kvitova v Strycova,0,2016-11-03 10:36:11.497,1.34,2016-11-04 07:00:00,
1.128048874,2497008,Petra Kvitova,Kvitova v Strycova,10,2016-11-03 17:04:55.445,1.31,2016-11-04 07:00:00,
1.128048874,2497008,Petra Kvitova,Kvitova v Strycova,20,2016-11-03 20:09:14.875,1.31,2016-11-04 07:00:00,
1.128048874,2497008,Petra Kvitova,Kvitova v Strycova,30,2016-11-03 23:24:55.589,1.27,2016-11-04 07:00:00,
1.128048874,2497008,Petra Kvitova,Kvitova v Strycova,40,2016-11-04 01:08:52.969,1.27,2016-11-04 07:00:00,
1.128048874,2497008,Petra Kvitova,Kvitova v Strycova,50,2016-11-04 03:52:55.515,1.27,2016-11-04 07:00:00,
1.128048874,2497008,Petra Kvitova,Kvitova v Strycova,60,2016-11-04 04:32:43.200,1.27,2016-11-04 07:00:00,
1.128048874,2497008,Petra Kvitova,Kvitova v Strycova,70,2016-11-04 05:20:55.451,1.25,2016-11-04 07:00:00,
1.128048874,2497008,Petra Kvitova,Kvitova v Strycova,80,2016-11-04 06:04:40.498,1.26,2016-11-04 07:00:00,
1.128048874,2497008,Petra Kvitova,Kvitova v Strycova,90,2016-11-04 06:30:43.145,1.26,2016-11-04 07:00:00,
1.128048874,2497008,Petra Kvitova,Kvitova v Strycova,100,2016-11-04 06:58:54.892,1.25,2016-11-04 07:00:00,
1.128048874,9416669,Barbora Strycova,Kvitova v Strycova,0,2016-11-03 15:55:43.521,4.0,2016-11-04 07:00:00,
1.128048874,9416669,Barbora Strycova,Kvitova v Strycova,10,2016-11-03 21:45:34.475,4.4,2016-11-04 07:00:00,
1.128048874,9416669,Barbora Strycova,Kvitova v Strycova,20,2016-11-03 23:50:55.716,4.8,2016-11-04 07:00:00,
1.128048874,9416669,Barbora Strycova,Kvitova v Strycova,30,2016-11-04 02:20:36.667,4.7,2016-11-04 07:00:00,
1.128048874,9416669,Barbora Strycova,Kvitova v Strycova,40,2016-11-04 03:02:51.843,4.4,2016-11-04 07:00:00,
1.128048874,9416669,Barbora Strycova,Kvitova v Strycova,50,2016-11-04 03:48:33.015,4.8,2016-11-04 07:00:00,
1.128048874,9416669,Barbora Strycova,Kvitova v Strycova,60,2016-11-04 04:03:02.127,4.6,2016-11-04 07:00:00,
1.128048874,9416669,Barbora Strycova,Kvitova v Strycova,70,2016-11-04 05:03:48.554,4.7,2016-11-04 07:00:00,
1.128048874,9416669,Barbora Strycova,Kvitova v Strycova,80,2016-11-04 05:54:39.132,4.9,2016-11-04 07:00:00,
1.128048874,9416669,Barbora Strycova,Kvitova v Strycova,90,2016-11-04 06:17:22.309,4.8,2016-11-04 07:00:00,
1.128048874,9416669,Barbora Strycova,Kvitova v Strycova,100,2016-11-04 06:58:54.892,4.8,2016-11-04 07:00:00,
1.128049347,12049962,Melo/Pospisil,Melo/Pospisil v Dimitrov/Qureshi,0,2016-11-03 15:25:26.616,2.1,2016-11-04 12:00:00,
1.128049347,12049962,Melo/Pospisil,Melo/Pospisil v Dimitrov/Qureshi,10,2016-11-03 18:38:13.155,1.83,2016-11-04 13:00:00,
1.128049347,12049962,Melo/Pospisil,Melo/Pospisil v Dimitrov/Qureshi,20,2016-11-04 03:38:27.026,1.54,2016-11-04 13:00:00,
1.128049347,12049962,Melo/Pospisil,Melo/Pospisil v Dimitrov/Qureshi,30,2016-11-04 08:24:32.196,1.55,2016-11-04 13:00:00,
1.128049347,12049962,Melo/Pospisil,Melo/Pospisil v Dimitrov/Qureshi,40,2016-11-04 08:55:35.788,1.74,2016-11-04 13:00:00,
1.128049347,12049962,Melo/Pospisil,Melo/Pospisil v Dimitrov/Qureshi,50,2016-11-04 10:15:45.843,1.61,2016-11-04 13:00:00,
1.128049347,12049962,Melo/Pospisil,Melo/Pospisil v Dimitrov/Qureshi,60,2016-11-04 10:17:29.138,1.56,2016-11-04 13:00:00,
1.128049347,12049962,Melo/Pospisil,Melo/Pospisil v Dimitrov/Qureshi,70,2016-11-04 11:25:27.818,1.67,2016-11-04 13:00:00,
1.128049347,12049962,Melo/Pospisil,Melo/Pospisil v Dimitrov/Qureshi,80,2016-11-04 11:58:52.232,1.68,2016-11-04 13:00:00,
1.128049347,12049962,Melo/Pospisil,Melo/Pospisil v Dimitrov/Qureshi,90,2016-11-04 12:09:30.640,1.75,2016-11-04 13:00:00,
1.128049347,12049962,Melo/Pospisil,Melo/Pospisil v Dimitrov/Qureshi,100,2016-11-04 12:50:28.391,1.74,2016-11-04 13:00:00,
1.128051892,7797742,Daniil Medvedev,Krawietz v D Medvedev,0,2016-11-03 19:29:07.144,1.19,2016-11-04 10:30:00,
1.128051892,7797742,Daniil Medvedev,Krawietz v D Medvedev,10,2016-11-04 04:33:56.936,1.17,2016-11-04 10:30:00,
1.128051892,7797742,Daniil Medvedev,Krawietz v D Medvedev,20,2016-11-04 06:22:21.245,1.13,2016-11-04 10:30:00,
1.128051892,7797742,Daniil Medvedev,Krawietz v D Medvedev,30,2016-11-04 08:30:58.678,1.1,2016-11-04 10:30:00,
1.128051892,7797742,Daniil Medvedev,Krawietz v D Medvedev,40,2016-11-04 09:21:22.235,1.1,2016-11-04 10:30:00,
1.128051892,7797742,Daniil Medvedev,Krawietz v D Medvedev,50,2016-11-04 09:40:08.082,1.11,2016-11-04 10:30:00,
1.128051892,7797742,Daniil Medvedev,Krawietz v D Medvedev,60,2016-11-04 09:43:21.200,1.11,2016-11-04 10:30:00,
1.128051892,7797742,Daniil Medvedev,Krawietz v D Medvedev,70,2016-11-04 09:49:31.549,1.11,2016-11-04 10:30:00,
1.128051892,7797742,Daniil Medvedev,Krawietz v D Medvedev,80,2016-11-04 10:08:48.626,1.11,2016-11-04 10:30:00,
1.128051892,7797742,Daniil Medvedev,Krawietz v D Medvedev,90,2016-11-04 10:24:15.142,1.11,2016-11-04 10:30:00,
1.128051892,7797742,Daniil Medvedev,Krawietz v D Medvedev,100,2016-11-04 10:32:31.767,1.12,2016-11-04 10:45:00,
1.128062946,2256472,Jurgen Melzer,De Minaur v J Melzer,0,2016-11-04 07:28:24.481,1.44,2016-11-04 14:30:00,
1.128062946,2256472,Jurgen Melzer,De Minaur v J Melzer,10,2016-11-04 09:35:43.248,1.38,2016-11-04 14:30:00,
1.128062946,2256472,Jurgen Melzer,De Minaur v J Melzer,20,2016-11-04 12:03:41.220,1.37,2016-11-04 14:30:00,
1.128062946,2256472,Jurgen Melzer,De Minaur v J Melzer,30,2016-11-04 12:12:18.638,1.38,2016-11-04 14:30:00,
1.128062946,2256472,Jurgen Melzer,De Minaur v J Melzer,40,2016-11-04 12:15:40.936,1.36,2016-11-04 14:30:00,
1.128062946,2256472,Jurgen Melzer,De Minaur v J Melzer,50,2016-11-04 12:35:48.916,1.38,2016-11-04 14:30:00,
1.128062946,2256472,Jurgen Melzer,De Minaur v J Melzer,60,2016-11-04 12:57:33.491,1.35,2016-11-04 14:30:00,
1.128062946,2256472,Jurgen Melzer,De Minaur v J Melzer,70,2016-11-04 13:07:21.619,1.38,2016-11-04 14:30:00,
1.128062946,2256472,Jurgen Melzer,De Minaur v J Melzer,80,2016-11-04 13:26:21.769,1.39,2016-11-04 14:30:00,
1.128062946,2256472,Jurgen Melzer,De Minaur v J Melzer,90,2016-11-04 13:53:09.801,1.37,2016-11-04 14:30:00,
1.128062946,2256472,Jurgen Melzer,De Minaur v J Melzer,100,2016-11-04 14:18:41.191,1.32,2016-11-04 14:30:00,
1.128070208,2474763,John Isner,Isner v J Sock,0,2016-11-03 19:56:12.434,2.2,2016-11-04 13:00:00,
1.128070208,2474763,John Isner,Isner v J Sock,10,2016-11-04 00:42:12.758,2.32,2016-11-04 13:00:00,
1.128070208,2474763,John Isner,Isner v J Sock,20,2016-11-04 05:39:54.906,2.36,2016-11-04 13:00:00,
1.128070208,2474763,John Isner,Isner v J Sock,30,2016-11-04 07:10:20.749,2.36,2016-11-04 13:00:00,
1.128070208,2474763,John Isner,Isner v J Sock,40,2016-11-04 07:59:00.165,2.36,2016-11-04 13:00:00,
1.128070208,2474763,John Isner,Isner v J Sock,50,2016-11-04 08:54:27.138,2.4,2016-11-04 13:00:00,
1.128070208,2474763,John Isner,Isner v J Sock,60,2016-11-04 10:22:24.783,2.4,2016-11-04 13:00:00,
1.128070208,2474763,John Isner,Isner v J Sock,70,2016-11-04 10:54:54.595,2.38,2016-11-04 13:00:00,
1.128070208,2474763,John Isner,Isner v J Sock,80,2016-11-04 11:14:17.550,2.4,2016-11-04 13:00:00,
1.128070208,2474763,John Isner,Isner v J Sock,90,2016-11-04 11:54:27.457,2.44,2016-11-04 13:00:00,
1.128070208,2474763,John Isner,Isner v J Sock,100,2016-11-04 12:54:23.479,2.48,2016-11-04 13:00:00,
1.128070208,4596957,Jack Sock,Isner v J Sock,0,2016-11-03 19:56:12.434,1.83,2016-11-04 13:00:00,
1.128070208,4596957,Jack Sock,Isner v J Sock,10,2016-11-04 00:04:23.424,1.75,2016-11-04 13:00:00,
1.128070208,4596957,Jack Sock,Isner v J Sock,20,2016-11-04 05:36:43.722,1.73,2016-11-04 13:00:00,
1.128070208,4596957,Jack Sock,Isner v J Sock,30,2016-11-04 06:50:29.242,1.74,2016-11-04 13:00:00,
1.128070208,4596957,Jack Sock,Isner v J Sock,40,2016-11-04 07:53:42.950,1.73,2016-11-04 13:00:00,
1.128070208,4596957,Jack Sock,Isner v J Sock,50,2016-11-04 09:05:25.752,1.73,2016-11-04 13:00:00,
1.128070208,4596957,Jack Sock,Isner v J Sock,60,2016-11-04 10:14:06.608,1.72,2016-11-04 13:00:00,
1.128070208,4596957,Jack Sock,Isner v J Sock,70,2016-11-04 11:02:59.597,1.72,2016-11-04 13:00:00,
1.128070208,4596957,Jack Sock,Isner v J Sock,80,2016-11-04 11:38:27.778,1.7,2016-11-04 13:00:00,
1.128070208,4596957,Jack Sock,Isner v J Sock,90,2016-11-04 12:20:24.472,1.69,2016-11-04 13:00:00,
1.128070208,4596957,Jack Sock,Isner v J Sock,100,2016-11-04 12:54:23.479,1.67,2016-11-04 13:00:00,
1.128071611,2249229,Novak Djokovic,N Djokovic v Ma Cilic,0,2016-11-03 18:43:15.772,1.22,2016-11-04 15:00:00,
1.128071611,2249229,Novak Djokovic,N Djokovic v Ma Cilic,10,2016-11-03 23:19:24.612,1.27,2016-11-04 15:00:00,
1.128071611,2249229,Novak Djokovic,N Djokovic v Ma Cilic,20,2016-11-04 05:51:51.371,1.27,2016-11-04 15:00:00,
1.128071611,2249229,Novak Djokovic,N Djokovic v Ma Cilic,30,2016-11-04 07:28:16.710,1.23,2016-11-04 15:00:00,
1.128071611,2249229,Novak Djokovic,N Djokovic v Ma Cilic,40,2016-11-04 09:36:24.549,1.24,2016-11-04 15:00:00,
1.128071611,2249229,Novak Djokovic,N Djokovic v Ma Cilic,50,2016-11-04 11:22:01.059,1.23,2016-11-04 15:00:00,
1.128071611,2249229,Novak Djokovic,N Djokovic v Ma Cilic,60,2016-11-04 12:30:59.614,1.24,2016-11-04 15:00:00,
1.128071611,2249229,Novak Djokovic,N Djokovic v Ma Cilic,70,2016-11-04 13:48:12.450,1.23,2016-11-04 14:51:00,
1.128071611,2249229,Novak Djokovic,N Djokovic v Ma Cilic,80,2016-11-04 14:37:16.946,1.22,2016-11-04 14:51:00,
1.128071611,2249229,Novak Djokovic,N Djokovic v Ma Cilic,90,2016-11-04 15:07:25.666,1.23,2016-11-04 15:21:00,
1.128071611,2249229,Novak Djokovic,N Djokovic v Ma Cilic,100,2016-11-04 15:34:27.737,1.25,2016-11-04 15:35:00,
1.128071611,2263681,Marin Cilic,N Djokovic v Ma Cilic,0,2016-11-03 19:08:13.279,4.9,2016-11-04 15:00:00,
1.128071611,2263681,Marin Cilic,N Djokovic v Ma Cilic,10,2016-11-03 23:16:28.242,4.6,2016-11-04 15:00:00,
1.128071611,2263681,Marin Cilic,N Djokovic v Ma Cilic,20,2016-11-04 05:00:28.214,4.8,2016-11-04 15:00:00,
1.128071611,2263681,Marin Cilic,N Djokovic v Ma Cilic,30,2016-11-04 07:03:26.749,5.3,2016-11-04 15:00:00,
1.128071611,2263681,Marin Cilic,N Djokovic v Ma Cilic,40,2016-11-04 09:36:24.549,5.2,2016-11-04 15:00:00,
1.128071611,2263681,Marin Cilic,N Djokovic v Ma Cilic,50,2016-11-04 10:38:55.256,5.1,2016-11-04 15:00:00,
1.128071611,2263681,Marin Cilic,N Djokovic v Ma Cilic,60,2016-11-04 12:17:24.672,5.0,2016-11-04 15:00:00,
1.128071611,2263681,Marin Cilic,N Djokovic v Ma Cilic,70,2016-11-04 13:31:13.338,5.2,2016-11-04 14:51:00,
1.128071611,2263681,Marin Cilic,N Djokovic v Ma Cilic,80,2016-11-04 14:13:22.577,5.3,2016-11-04 14:51:00,
1.128071611,2263681,Marin Cilic,N Djokovic v Ma Cilic,90,2016-11-04 15:00:26.017,5.4,2016-11-04 15:06:00,
1.128071611,2263681,Marin Cilic,N Djokovic v Ma Cilic,100,2016-11-04 15:33:28.589,5.0,2016-11-04 15:35:00,
1.128071745,2249400,Florian Mayer,F Mayer v Skugor,0,2016-11-04 07:11:48.425,1.26,2016-11-04 16:30:00,
1.128071745,2249400,Florian Mayer,F Mayer v Skugor,10,2016-11-04 09:38:18.848,1.28,2016-11-04 16:30:00,
1.128071745,2249400,Florian Mayer,F Mayer v Skugor,20,2016-11-04 11:33:16.636,1.28,2016-11-04 16:30:00,
1.128071745,2249400,Florian Mayer,F Mayer v Skugor,30,2016-11-04 14:47:43.572,1.28,2016-11-04 16:30:00,
1.128071745,2249400,Florian Mayer,F Mayer v Skugor,40,2016-11-04 15:20:39.524,1.31,2016-11-04 16:30:00,
1.128071745,2249400,Florian Mayer,F Mayer v Skugor,50,2016-11-04 15:34:54.426,1.35,2016-11-04 16:30:00,
1.128071745,2249400,Florian Mayer,F Mayer v Skugor,60,2016-11-04 15:49:19.724,1.33,2016-11-04 16:30:00,
1.128071745,2249400,Florian Mayer,F Mayer v Skugor,70,2016-11-04 15:54:38.365,1.33,2016-11-04 16:30:00,
1.128071745,2249400,Florian Mayer,F Mayer v Skugor,80,2016-11-04 16:15:49.421,1.33,2016-11-04 16:30:00,
1.128071745,2249400,Florian Mayer,F Mayer v Skugor,90,2016-11-04 16:27:29.948,1.33,2016-11-04 16:30:00,
1.128071745,2249400,Florian Mayer,F Mayer v Skugor,100,2016-11-04 16:38:54.756,1.32,2016-11-04 16:45:00,
1.128072691,2831873,Ruben Bemelmans,Smyczek v Bemelmans,0,2016-11-04 08:08:29.686,2.32,2016-11-04 22:30:00,
1.128072691,2831873,Ruben Bemelmans,Smyczek v Bemelmans,10,2016-11-04 11:32:03.331,2.18,2016-11-04 22:30:00,
1.128072691,2831873,Ruben Bemelmans,Smyczek v Bemelmans,20,2016-11-04 18:15:31.071,1.89,2016-11-04 22:30:00,
1.128072691,2831873,Ruben Bemelmans,Smyczek v Bemelmans,30,2016-11-04 18:46:02.857,1.81,2016-11-04 22:30:00,
1.128072691,2831873,Ruben Bemelmans,Smyczek v Bemelmans,40,2016-11-04 19:19:27.587,1.78,2016-11-04 22:30:00,
1.128072691,2831873,Ruben Bemelmans,Smyczek v Bemelmans,50,2016-11-04 20:21:19.871,1.78,2016-11-04 22:30:00,
1.128072691,2831873,Ruben Bemelmans,Smyczek v Bemelmans,60,2016-11-04 20:50:23.598,1.7,2016-11-04 23:00:00,
1.128072691,2831873,Ruben Bemelmans,Smyczek v Bemelmans,70,2016-11-04 21:32:04.532,1.66,2016-11-04 23:06:00,
1.128072691,2831873,Ruben Bemelmans,Smyczek v Bemelmans,80,2016-11-04 21:45:32.422,1.65,2016-11-04 23:06:00,
1.128072691,2831873,Ruben Bemelmans,Smyczek v Bemelmans,90,2016-11-04 21:52:23.187,1.64,2016-11-04 23:06:00,
1.128072691,2831873,Ruben Bemelmans,Smyczek v Bemelmans,100,2016-11-04 22:51:31.516,1.61,2016-11-04 22:53:00,
1.128072691,2848631,Tim Smyczek,Smyczek v Bemelmans,0,2016-11-04 08:08:29.686,1.75,2016-11-04 22:30:00,
1.128072691,2848631,Tim Smyczek,Smyczek v Bemelmans,10,2016-11-04 10:48:28.370,2.06,2016-11-04 22:30:00,
1.128072691,2848631,Tim Smyczek,Smyczek v Bemelmans,20,2016-11-04 17:45:19.424,2.08,2016-11-04 22:30:00,
1.128072691,2848631,Tim Smyczek,Smyczek v Bemelmans,30,2016-11-04 18:32:29.944,2.08,2016-11-04 22:30:00,
1.128072691,2848631,Tim Smyczek,Smyczek v Bemelmans,40,2016-11-04 18:55:53.158,2.18,2016-11-04 22:30:00,
1.128072691,2848631,Tim Smyczek,Smyczek v Bemelmans,50,2016-11-04 19:18:19.500,2.26,2016-11-04 22:30:00,
1.128072691,2848631,Tim Smyczek,Smyczek v Bemelmans,60,2016-11-04 20:38:28.749,2.3,2016-11-04 22:45:00,
1.128072691,2848631,Tim Smyczek,Smyczek v Bemelmans,70,2016-11-04 21:27:29.547,2.52,2016-11-04 23:06:00,
1.128072691,2848631,Tim Smyczek,Smyczek v Bemelmans,80,2016-11-04 21:40:32.075,2.56,2016-11-04 23:06:00,
1.128072691,2848631,Tim Smyczek,Smyczek v Bemelmans,90,2016-11-04 21:53:05.903,2.42,2016-11-04 23:06:00,
1.128072691,2848631,Tim Smyczek,Smyczek v Bemelmans,100,2016-11-04 22:51:31.516,2.66,2016-11-04 22:53:00,
1.128073193,4105819,Milos Raonic,Tsonga v Raonic,0,2016-11-03 22:27:20.947,1.8,2016-11-04 19:30:00,
1.128073193,4105819,Milos Raonic,Tsonga v Raonic,10,2016-11-04 07:52:06.465,1.75,2016-11-04 19:30:00,
1.128073193,4105819,Milos Raonic,Tsonga v Raonic,20,2016-11-04 12:00:11.807,1.78,2016-11-04 19:30:00,
1.128073193,4105819,Milos Raonic,Tsonga v Raonic,30,2016-11-04 14:13:06.600,1.8,2016-11-04 19:30:00,
1.128073193,4105819,Milos Raonic,Tsonga v Raonic,40,2016-11-04 15:39:50.247,1.82,2016-11-04 19:30:00,
1.128073193,4105819,Milos Raonic,Tsonga v Raonic,50,2016-11-04 17:42:48.676,1.83,2016-11-04 19:30:00,
1.128073193,4105819,Milos Raonic,Tsonga v Raonic,60,2016-11-04 18:28:37.339,1.8,2016-11-04 19:30:00,
1.128073193,4105819,Milos Raonic,Tsonga v Raonic,70,2016-11-04 19:20:52.586,1.8,2016-11-04 19:30:00,
1.128073193,4105819,Milos Raonic,Tsonga v Raonic,80,2016-11-04 19:53:40.806,1.77,2016-11-04 20:00:00,
1.128073193,4105819,Milos Raonic,Tsonga v Raonic,90,2016-11-04 20:23:52.063,1.77,2016-11-04 20:30:00,
1.128073193,4105819,Milos Raonic,Tsonga v Raonic,100,2016-11-04 20:44:52.929,1.81,2016-11-04 20:45:00,
1.128073193,4190307,Jo-Wilfried Tsonga,Tsonga v Raonic,0,2016-11-03 22:45:05.355,2.26,2016-11-04 19:30:00,
1.128073193,4190307,Jo-Wilfried Tsonga,Tsonga v Raonic,10,2016-11-04 09:41:20.471,2.34,2016-11-04 19:30:00,
1.128073193,4190307,Jo-Wilfried Tsonga,Tsonga v Raonic,20,2016-11-04 12:10:59.490,2.26,2016-11-04 19:30:00,
1.128073193,4190307,Jo-Wilfried Tsonga,Tsonga v Raonic,30,2016-11-04 14:04:27.238,2.24,2016-11-04 19:30:00,
1.128073193,4190307,Jo-Wilfried Tsonga,Tsonga v Raonic,40,2016-11-04 15:38:32.108,2.22,2016-11-04 19:30:00,
1.128073193,4190307,Jo-Wilfried Tsonga,Tsonga v Raonic,50,2016-11-04 17:42:48.676,2.2,2016-11-04 19:30:00,
1.128073193,4190307,Jo-Wilfried Tsonga,Tsonga v Raonic,60,2016-11-04 18:36:52.658,2.26,2016-11-04 19:30:00,
1.128073193,4190307,Jo-Wilfried Tsonga,Tsonga v Raonic,70,2016-11-04 19:03:49.397,2.28,2016-11-04 19:30:00,
1.128073193,4190307,Jo-Wilfried Tsonga,Tsonga v Raonic,80,2016-11-04 19:48:41.160,2.32,2016-11-04 20:00:00,
1.128073193,4190307,Jo-Wilfried Tsonga,Tsonga v Raonic,90,2016-11-04 20:16:41.951,2.3,2016-11-04 20:30:00,
1.128073193,4190307,Jo-Wilfried Tsonga,Tsonga v Raonic,100,2016-11-04 20:44:52.929,2.24,2016-11-04 20:45:00,
1.128073398,2256470,Tomas Berdych,Berdych v A Murray,0,2016-11-03 23:55:39.118,7.2,2016-11-04 18:30:00,
1.128073398,2256470,Tomas Berdych,Berdych v A Murray,10,2016-11-04 07:00:41.512,7.6,2016-11-04 18:30:00,
1.128073398,2256470,Tomas Berdych,Berdych v A Murray,20,2016-11-04 08:52:24.679,8.4,2016-11-04 18:30:00,
1.128073398,2256470,Tomas Berdych,Berdych v A Murray,30,2016-11-04 13:02:42.927,8.6,2016-11-04 18:30:00,
1.128073398,2256470,Tomas Berdych,Berdych v A Murray,40,2016-11-04 14:51:44.779,8.4,2016-11-04 18:30:00,
1.128073398,2256470,Tomas Berdych,Berdych v A Murray,50,2016-11-04 15:53:44.318,8.6,2016-11-04 18:30:00,
1.128073398,2256470,Tomas Berdych,Berdych v A Murray,60,2016-11-04 16:48:20.249,8.4,2016-11-04 18:30:00,
1.128073398,2256470,Tomas Berdych,Berdych v A Murray,70,2016-11-04 17:35:37.429,8.6,2016-11-04 18:30:00,
1.128073398,2256470,Tomas Berdych,Berdych v A Murray,80,2016-11-04 17:45:47.137,8.4,2016-11-04 18:30:00,
1.128073398,2256470,Tomas Berdych,Berdych v A Murray,90,2016-11-04 18:04:43.951,8.6,2016-11-04 18:30:00,
1.128073398,2256470,Tomas Berdych,Berdych v A Murray,100,2016-11-04 18:17:47.247,8.4,2016-11-04 18:30:00,
1.128073398,2256509,Andy Murray,Berdych v A Murray,0,2016-11-03 23:23:35.754,1.13,2016-11-04 18:30:00,
1.128073398,2256509,Andy Murray,Berdych v A Murray,10,2016-11-04 04:24:15.608,1.14,2016-11-04 18:30:00,
1.128073398,2256509,Andy Murray,Berdych v A Murray,20,2016-11-04 07:11:43.376,1.14,2016-11-04 18:30:00,
1.128073398,2256509,Andy Murray,Berdych v A Murray,30,2016-11-04 10:15:11.315,1.13,2016-11-04 18:30:00,
1.128073398,2256509,Andy Murray,Berdych v A Murray,40,2016-11-04 12:01:45.147,1.13,2016-11-04 18:30:00,
1.128073398,2256509,Andy Murray,Berdych v A Murray,50,2016-11-04 13:53:08.401,1.13,2016-11-04 18:30:00,
1.128073398,2256509,Andy Murray,Berdych v A Murray,60,2016-11-04 15:17:34.683,1.13,2016-11-04 18:30:00,
1.128073398,2256509,Andy Murray,Berdych v A Murray,70,2016-11-04 16:50:45.321,1.13,2016-11-04 18:30:00,
1.128073398,2256509,Andy Murray,Berdych v A Murray,80,2016-11-04 17:45:47.137,1.13,2016-11-04 18:30:00,
1.128073398,2256509,Andy Murray,Berdych v A Murray,90,2016-11-04 17:57:46.278,1.13,2016-11-04 18:30:00,
1.128073398,2256509,Andy Murray,Berdych v A Murray,100,2016-11-04 18:18:41.908,1.14,2016-11-04 18:30:00,
1.128073581,10691901,Mackenzie McDonald,McDonald v Polansky,0,2016-11-04 09:56:32.450,1.9,2016-11-04 20:00:00,
1.128073581,10691901,Mackenzie McDonald,McDonald v Polansky,10,2016-11-04 15:42:23.335,1.82,2016-11-04 20:00:00,
1.128073581,10691901,Mackenzie McDonald,McDonald v Polansky,20,2016-11-04 16:19:34.859,1.82,2016-11-04 19:47:00,
1.128073581,10691901,Mackenzie McDonald,McDonald v Polansky,30,2016-11-04 17:25:32.288,1.68,2016-11-04 19:36:00,
1.128073581,10691901,Mackenzie McDonald,McDonald v Polansky,40,2016-11-04 17:26:45.662,1.7,2016-11-04 19:36:00,
1.128073581,10691901,Mackenzie McDonald,McDonald v Polansky,50,2016-11-04 17:56:33.637,1.77,2016-11-04 19:26:00,
1.128073581,10691901,Mackenzie McDonald,McDonald v Polansky,60,2016-11-04 17:58:08.687,1.69,2016-11-04 19:26:00,
1.128073581,10691901,Mackenzie McDonald,McDonald v Polansky,70,2016-11-04 18:11:02.694,1.69,2016-11-04 19:26:00,
1.128073581,10691901,Mackenzie McDonald,McDonald v Polansky,80,2016-11-04 18:50:21.368,1.66,2016-11-04 19:26:00,
1.128073581,10691901,Mackenzie McDonald,McDonald v Polansky,90,2016-11-04 18:59:30.026,1.73,2016-11-04 19:26:00,
1.128073581,10691901,Mackenzie McDonald,McDonald v Polansky,100,2016-11-04 19:19:29.744,1.7,2016-11-04 19:20:00,
1.128073671,6603914,Guido Andreozzi,De Greef v Andreozzi,0,2016-11-04 11:33:42.295,1.49,2016-11-04 23:00:00,
1.128073671,6603914,Guido Andreozzi,De Greef v Andreozzi,10,2016-11-04 11:34:10.611,1.48,2016-11-04 23:00:00,
1.128073671,6603914,Guido Andreozzi,De Greef v Andreozzi,20,2016-11-04 13:02:02.465,1.49,2016-11-04 23:00:00,
1.128073671,6603914,Guido Andreozzi,De Greef v Andreozzi,30,2016-11-04 15:40:41.753,1.43,2016-11-04 23:00:00,
1.128073671,6603914,Guido Andreozzi,De Greef v Andreozzi,40,2016-11-04 15:45:41.862,1.6,2016-11-04 23:00:00,
1.128073671,6603914,Guido Andreozzi,De Greef v Andreozzi,50,2016-11-04 21:30:41.334,1.52,2016-11-04 23:00:00,
1.128073671,6603914,Guido Andreozzi,De Greef v Andreozzi,60,2016-11-04 21:50:22.561,1.59,2016-11-04 23:00:00,
1.128073671,6603914,Guido Andreozzi,De Greef v Andreozzi,70,2016-11-04 22:15:37.329,1.58,2016-11-04 23:00:00,
1.128073671,6603914,Guido Andreozzi,De Greef v Andreozzi,80,2016-11-04 22:21:15.675,1.54,2016-11-04 23:00:00,
1.128073671,6603914,Guido Andreozzi,De Greef v Andreozzi,90,2016-11-04 22:22:58.729,1.6,2016-11-04 23:00:00,
1.128073671,6603914,Guido Andreozzi,De Greef v Andreozzi,100,2016-11-04 22:49:51.717,1.59,2016-11-04 23:00:00,
1.128073876,7335917,Omar Jasika,Polmans v Jasika,0,2016-11-04 15:51:52.244,2.04,2016-11-05 01:00:00,
1.128073876,7335917,Omar Jasika,Polmans v Jasika,10,2016-11-04 21:14:59.665,2.1,2016-11-05 01:00:00,
1.128073876,7335917,Omar Jasika,Polmans v Jasika,20,2016-11-04 23:02:42.933,2.0,2016-11-05 01:00:00,
1.128073876,7335917,Omar Jasika,Polmans v Jasika,30,2016-11-04 23:08:48.278,2.0,2016-11-05 01:00:00,
1.128073876,7335917,Omar Jasika,Polmans v Jasika,40,2016-11-04 23:14:36.522,1.99,2016-11-05 01:00:00,
1.128073876,7335917,Omar Jasika,Polmans v Jasika,50,2016-11-04 23:47:50.282,2.06,2016-11-05 01:00:00,
1.128073876,7335917,Omar Jasika,Polmans v Jasika,60,2016-11-04 23:51:11.660,1.98,2016-11-05 01:00:00,
1.128073876,7335917,Omar Jasika,Polmans v Jasika,70,2016-11-05 00:03:45.453,1.98,2016-11-05 01:00:00,
1.128073876,7335917,Omar Jasika,Polmans v Jasika,80,2016-11-05 00:21:51.503,1.98,2016-11-05 01:00:00,
1.128073876,7335917,Omar Jasika,Polmans v Jasika,90,2016-11-05 00:25:51.331,2.0,2016-11-05 01:00:00,
1.128073876,7335917,Omar Jasika,Polmans v Jasika,100,2016-11-05 00:58:44.948,1.98,2016-11-05 01:00:00,
1.128073876,8194278,Marc Polmans,Polmans v Jasika,0,2016-11-04 10:50:51.906,1.8,2016-11-05 01:00:00,
1.128073876,8194278,Marc Polmans,Polmans v Jasika,10,2016-11-04 15:50:42.735,1.78,2016-11-05 01:00:00,
1.128073876,8194278,Marc Polmans,Polmans v Jasika,20,2016-11-04 15:51:52.244,1.98,2016-11-05 01:00:00,
1.128073876,8194278,Marc Polmans,Polmans v Jasika,30,2016-11-04 15:52:50.508,1.78,2016-11-05 01:00:00,
1.128073876,8194278,Marc Polmans,Polmans v Jasika,40,2016-11-04 22:49:52.242,1.9,2016-11-05 01:00:00,
1.128073876,8194278,Marc Polmans,Polmans v Jasika,50,2016-11-04 23:09:44.075,2.0,2016-11-05 01:00:00,
1.128073876,8194278,Marc Polmans,Polmans v Jasika,60,2016-11-04 23:47:50.282,1.94,2016-11-05 01:00:00,
1.128073876,8194278,Marc Polmans,Polmans v Jasika,70,2016-11-05 00:03:45.453,2.02,2016-11-05 01:00:00,
1.128073876,8194278,Marc Polmans,Polmans v Jasika,80,2016-11-05 00:24:52.006,1.99,2016-11-05 01:00:00,
1.128073876,8194278,Marc Polmans,Polmans v Jasika,90,2016-11-05 00:25:51.331,2.0,2016-11-05 01:00:00,
1.128073876,8194278,Marc Polmans,Polmans v Jasika,100,2016-11-05 00:56:44.291,2.04,2016-11-05 01:00:00,
1.128073888,8145584,Jordan Thompson,Jor Thompson v Duckworth,0,2016-11-04 09:39:30.005,1.52,2016-11-05 00:00:00,
1.128073888,8145584,Jordan Thompson,Jor Thompson v Duckworth,10,2016-11-04 15:59:30.827,1.77,2016-11-05 00:00:00,
1.128073888,8145584,Jordan Thompson,Jor Thompson v Duckworth,20,2016-11-04 18:56:44.179,1.64,2016-11-05 00:00:00,
1.128073888,8145584,Jordan Thompson,Jor Thompson v Duckworth,30,2016-11-04 19:51:02.661,1.62,2016-11-05 00:00:00,
1.128073888,8145584,Jordan Thompson,Jor Thompson v Duckworth,40,2016-11-04 21:06:28.385,1.59,2016-11-05 00:00:00,
1.128073888,8145584,Jordan Thompson,Jor Thompson v Duckworth,50,2016-11-04 22:02:25.680,1.71,2016-11-05 00:00:00,
1.128073888,8145584,Jordan Thompson,Jor Thompson v Duckworth,60,2016-11-04 22:07:10.237,1.63,2016-11-05 00:00:00,
1.128073888,8145584,Jordan Thompson,Jor Thompson v Duckworth,70,2016-11-04 22:49:30.722,1.72,2016-11-05 00:00:00,
1.128073888,8145584,Jordan Thompson,Jor Thompson v Duckworth,80,2016-11-04 23:08:54.804,1.72,2016-11-05 00:00:00,
1.128073888,8145584,Jordan Thompson,Jor Thompson v Duckworth,90,2016-11-04 23:48:27.618,1.67,2016-11-05 00:00:00,
1.128073888,8145584,Jordan Thompson,Jor Thompson v Duckworth,100,2016-11-04 23:58:06.010,1.71,2016-11-05 00:00:00,
1.128078455,8326744,Nicolas Kicker,Kicker v Sorgi,0,2016-11-04 20:29:43.450,1.47,2016-11-05 01:00:00,
1.128078455,8326744,Nicolas Kicker,Kicker v Sorgi,10,2016-11-04 21:16:02.803,1.54,2016-11-05 01:00:00,
1.128078455,8326744,Nicolas Kicker,Kicker v Sorgi,20,2016-11-04 21:52:10.599,1.57,2016-11-05 01:00:00,
1.128078455,8326744,Nicolas Kicker,Kicker v Sorgi,30,2016-11-04 22:52:22.286,1.43,2016-11-05 01:00:00,
1.128078455,8326744,Nicolas Kicker,Kicker v Sorgi,40,2016-11-04 23:01:43.914,1.51,2016-11-05 01:00:00,
1.128078455,8326744,Nicolas Kicker,Kicker v Sorgi,50,2016-11-04 23:50:43.902,1.45,2016-11-05 01:00:00,
1.128078455,8326744,Nicolas Kicker,Kicker v Sorgi,60,2016-11-05 00:11:44.817,1.44,2016-11-05 01:00:00,
1.128078455,8326744,Nicolas Kicker,Kicker v Sorgi,70,2016-11-05 00:15:44.462,1.44,2016-11-05 01:00:00,
1.128078455,8326744,Nicolas Kicker,Kicker v Sorgi,80,2016-11-05 00:39:43.152,1.44,2016-11-05 01:00:00,
1.128078455,8326744,Nicolas Kicker,Kicker v Sorgi,90,2016-11-05 00:50:41.771,1.46,2016-11-05 01:00:00,
1.128078455,8326744,Nicolas Kicker,Kicker v Sorgi,100,2016-11-05 00:59:45.354,1.46,2016-11-05 01:00:00,
1.128078455,8395359,Joao Pedro Sorgi,Kicker v Sorgi,0,2016-11-04 20:29:43.450,3.1,2016-11-05 01:00:00,
1.128078455,8395359,Joao Pedro Sorgi,Kicker v Sorgi,10,2016-11-04 20:44:02.259,2.52,2016-11-05 01:00:00,
1.128078455,8395359,Joao Pedro Sorgi,Kicker v Sorgi,20,2016-11-04 22:57:30.810,2.74,2016-11-05 01:00:00,
1.128078455,8395359,Joao Pedro Sorgi,Kicker v Sorgi,30,2016-11-04 22:58:35.776,2.6,2016-11-05 01:00:00,
1.128078455,8395359,Joao Pedro Sorgi,Kicker v Sorgi,40,2016-11-04 23:07:35.485,3.3,2016-11-05 01:00:00,
1.128078455,8395359,Joao Pedro Sorgi,Kicker v Sorgi,50,2016-11-04 23:17:17.915,2.64,2016-11-05 01:00:00,
1.128078455,8395359,Joao Pedro Sorgi,Kicker v Sorgi,60,2016-11-05 00:21:45.368,3.0,2016-11-05 01:00:00,
1.128078455,8395359,Joao Pedro Sorgi,Kicker v Sorgi,70,2016-11-05 00:48:44.434,3.15,2016-11-05 01:00:00,
1.128078455,8395359,Joao Pedro Sorgi,Kicker v Sorgi,80,2016-11-05 00:50:41.771,3.25,2016-11-05 01:00:00,
1.128078455,8395359,Joao Pedro Sorgi,Kicker v Sorgi,90,2016-11-05 00:53:32.356,3.2,2016-11-05 01:00:00,
1.128078455,8395359,Joao Pedro Sorgi,Kicker v Sorgi,100,2016-11-05 00:57:13.693,3.2,2016-11-05 01:00:00,
1.128078757,2386498,Shuai Zhang,S Zhang v Kvitova,0,2016-11-04 19:06:26.164,3.85,2016-11-05 08:30:00,
1.128078757,2386498,Shuai Zhang,S Zhang v Kvitova,10,2016-11-04 23:20:33.700,3.95,2016-11-05 08:30:00,
1.128078757,2386498,Shuai Zhang,S Zhang v Kvitova,20,2016-11-05 02:58:48.527,3.95,2016-11-05 08:30:00,
1.128078757,2386498,Shuai Zhang,S Zhang v Kvitova,30,2016-11-05 04:32:34.762,3.85,2016-11-05 08:30:00,
1.128078757,2386498,Shuai Zhang,S Zhang v Kvitova,40,2016-11-05 05:07:37.970,3.95,2016-11-05 08:30:00,
1.128078757,2386498,Shuai Zhang,S Zhang v Kvitova,50,2016-11-05 05:43:46.318,4.1,2016-11-05 08:30:00,
1.128078757,2386498,Shuai Zhang,S Zhang v Kvitova,60,2016-11-05 06:57:39.094,3.85,2016-11-05 08:30:00,
1.128078757,2386498,Shuai Zhang,S Zhang v Kvitova,70,2016-11-05 07:37:37.136,3.9,2016-11-05 08:30:00,
1.128078757,2386498,Shuai Zhang,S Zhang v Kvitova,80,2016-11-05 08:08:48.872,4.0,2016-11-05 08:30:00,
1.128078757,2386498,Shuai Zhang,S Zhang v Kvitova,90,2016-11-05 08:27:49.077,3.95,2016-11-05 08:30:00,
1.128078757,2386498,Shuai Zhang,S Zhang v Kvitova,100,2016-11-05 08:43:49.094,3.85,2016-11-05 08:45:00,
1.128078757,2497008,Petra Kvitova,S Zhang v Kvitova,0,2016-11-04 19:25:47.058,1.22,2016-11-05 08:30:00,
1.128078757,2497008,Petra Kvitova,S Zhang v Kvitova,10,2016-11-04 22:37:03.204,1.36,2016-11-05 08:30:00,
1.128078757,2497008,Petra Kvitova,S Zhang v Kvitova,20,2016-11-04 23:47:44.343,1.33,2016-11-05 08:30:00,
1.128078757,2497008,Petra Kvitova,S Zhang v Kvitova,30,2016-11-05 03:32:47.322,1.34,2016-11-05 08:30:00,
1.128078757,2497008,Petra Kvitova,S Zhang v Kvitova,40,2016-11-05 04:50:48.517,1.33,2016-11-05 08:30:00,
1.128078757,2497008,Petra Kvitova,S Zhang v Kvitova,50,2016-11-05 05:42:42.804,1.32,2016-11-05 08:30:00,
1.128078757,2497008,Petra Kvitova,S Zhang v Kvitova,60,2016-11-05 06:11:47.249,1.32,2016-11-05 08:30:00,
1.128078757,2497008,Petra Kvitova,S Zhang v Kvitova,70,2016-11-05 06:34:08.035,1.32,2016-11-05 08:30:00,
1.128078757,2497008,Petra Kvitova,S Zhang v Kvitova,80,2016-11-05 07:37:37.136,1.33,2016-11-05 08:30:00,
1.128078757,2497008,Petra Kvitova,S Zhang v Kvitova,90,2016-11-05 08:07:39.945,1.34,2016-11-05 08:30:00,
1.128078757,2497008,Petra Kvitova,S Zhang v Kvitova,100,2016-11-05 08:41:42.476,1.34,2016-11-05 08:45:00,
1.128078821,5596561,Johanna Konta,Konta v Svitolina,0,2016-11-04 17:11:18.019,1.76,2016-11-05 11:00:00,
1.128078821,5596561,Johanna Konta,Konta v Svitolina,10,2016-11-04 22:25:36.446,1.57,2016-11-05 11:00:00,
1.128078821,5596561,Johanna Konta,Konta v Svitolina,20,2016-11-05 05:06:01.277,1.58,2016-11-05 11:00:00,
1.128078821,5596561,Johanna Konta,Konta v Svitolina,30,2016-11-05 07:01:03.213,1.6,2016-11-05 11:00:00,
1.128078821,5596561,Johanna Konta,Konta v Svitolina,40,2016-11-05 08:31:12.583,1.59,2016-11-05 11:00:00,
1.128078821,5596561,Johanna Konta,Konta v Svitolina,50,2016-11-05 09:25:02.246,1.61,2016-11-05 11:00:00,
1.128078821,5596561,Johanna Konta,Konta v Svitolina,60,2016-11-05 09:48:01.841,1.6,2016-11-05 11:00:00,
1.128078821,5596561,Johanna Konta,Konta v Svitolina,70,2016-11-05 09:59:58.730,1.58,2016-11-05 11:00:00,
1.128078821,5596561,Johanna Konta,Konta v Svitolina,80,2016-11-05 10:13:53.138,1.56,2016-11-05 11:00:00,
1.128078821,5596561,Johanna Konta,Konta v Svitolina,90,2016-11-05 10:40:59.041,1.56,2016-11-05 11:00:00,
1.128078821,5596561,Johanna Konta,Konta v Svitolina,100,2016-11-05 10:54:56.870,1.56,2016-11-05 11:00:00,
1.128078821,6324464,Elina Svitolina,Konta v Svitolina,0,2016-11-04 19:05:58.770,2.28,2016-11-05 11:00:00,
1.128078821,6324464,Elina Svitolina,Konta v Svitolina,10,2016-11-04 22:25:36.446,2.74,2016-11-05 11:00:00,
1.128078821,6324464,Elina Svitolina,Konta v Svitolina,20,2016-11-05 05:31:53.549,2.66,2016-11-05 11:00:00,
1.128078821,6324464,Elina Svitolina,Konta v Svitolina,30,2016-11-05 07:17:51.596,2.68,2016-11-05 11:00:00,
1.128078821,6324464,Elina Svitolina,Konta v Svitolina,40,2016-11-05 09:09:03.336,2.58,2016-11-05 11:00:00,
1.128078821,6324464,Elina Svitolina,Konta v Svitolina,50,2016-11-05 09:26:52.824,2.68,2016-11-05 11:00:00,
1.128078821,6324464,Elina Svitolina,Konta v Svitolina,60,2016-11-05 09:39:23.046,2.64,2016-11-05 11:00:00,
1.128078821,6324464,Elina Svitolina,Konta v Svitolina,70,2016-11-05 10:00:32.361,2.68,2016-11-05 11:00:00,
1.128078821,6324464,Elina Svitolina,Konta v Svitolina,80,2016-11-05 10:06:58.476,2.72,2016-11-05 11:00:00,
1.128078821,6324464,Elina Svitolina,Konta v Svitolina,90,2016-11-05 10:28:52.689,2.78,2016-11-05 11:00:00,
1.128078821,6324464,Elina Svitolina,Konta v Svitolina,100,2016-11-05 10:54:56.870,2.78,2016-11-05 11:00:00,
1.128079061,2481589,Steve Darcis,Darcis v Krawietz,0,2016-11-05 04:29:17.229,1.26,2016-11-05 11:00:00,
1.128079061,2481589,Steve Darcis,Darcis v Krawietz,10,2016-11-05 08:25:48.710,1.28,2016-11-05 11:00:00,
1.128079061,2481589,Steve Darcis,Darcis v Krawietz,20,2016-11-05 09:27:13.192,1.25,2016-11-05 11:00:00,
1.128079061,2481589,Steve Darcis,Darcis v Krawietz,30,2016-11-05 09:39:21.988,1.27,2016-11-05 11:00:00,
1.128079061,2481589,Steve Darcis,Darcis v Krawietz,40,2016-11-05 10:20:30.609,1.31,2016-11-05 11:00:00,
1.128079061,2481589,Steve Darcis,Darcis v Krawietz,50,2016-11-05 10:55:30.486,1.29,2016-11-05 11:00:00,
1.128079061,2481589,Steve Darcis,Darcis v Krawietz,60,2016-11-05 10:58:27.152,1.25,2016-11-05 11:00:00,
1.128079061,2481589,Steve Darcis,Darcis v Krawietz,70,2016-11-05 11:04:17.966,1.22,2016-11-05 11:15:00,
1.128079061,2481589,Steve Darcis,Darcis v Krawietz,80,2016-11-05 11:12:30.464,1.24,2016-11-05 11:15:00,
1.128079061,2481589,Steve Darcis,Darcis v Krawietz,90,2016-11-05 11:18:19.428,1.25,2016-11-05 11:30:00,
1.128079061,2481589,Steve Darcis,Darcis v Krawietz,100,2016-11-05 11:35:03.806,1.25,2016-11-05 11:45:00,
1.128085716,10682162,Kontinen/Peers,Kontinen/Peers v Melo/Pospisil,0,2016-11-04 23:07:21.013,1.9,2016-11-05 10:45:00,
1.128085716,10682162,Kontinen/Peers,Kontinen/Peers v Melo/Pospisil,10,2016-11-05 08:24:32.136,1.64,2016-11-05 10:45:00,
1.128085716,10682162,Kontinen/Peers,Kontinen/Peers v Melo/Pospisil,20,2016-11-05 08:26:59.818,1.72,2016-11-05 10:45:00,
1.128085716,10682162,Kontinen/Peers,Kontinen/Peers v Melo/Pospisil,30,2016-11-05 08:54:13.213,1.71,2016-11-05 10:45:00,
1.128085716,10682162,Kontinen/Peers,Kontinen/Peers v Melo/Pospisil,40,2016-11-05 08:56:51.557,1.71,2016-11-05 10:45:00,
1.128085716,10682162,Kontinen/Peers,Kontinen/Peers v Melo/Pospisil,50,2016-11-05 09:11:26.025,1.7,2016-11-05 10:45:00,
1.128085716,10682162,Kontinen/Peers,Kontinen/Peers v Melo/Pospisil,60,2016-11-05 09:41:25.532,1.65,2016-11-05 10:45:00,
1.128085716,10682162,Kontinen/Peers,Kontinen/Peers v Melo/Pospisil,70,2016-11-05 09:50:12.998,1.64,2016-11-05 10:45:00,
1.128085716,10682162,Kontinen/Peers,Kontinen/Peers v Melo/Pospisil,80,2016-11-05 10:20:09.849,1.62,2016-11-05 10:45:00,
1.128085716,10682162,Kontinen/Peers,Kontinen/Peers v Melo/Pospisil,90,2016-11-05 10:30:24.329,1.62,2016-11-05 10:45:00,
1.128085716,10682162,Kontinen/Peers,Kontinen/Peers v Melo/Pospisil,100,2016-11-05 10:39:25.772,1.63,2016-11-05 10:45:00,
1.128090084,2263681,Marin Cilic,Ma Cilic v Isner,0,2016-11-04 17:54:36.984,1.5,2016-11-05 12:00:00,
1.128090084,2263681,Marin Cilic,Ma Cilic v Isner,10,2016-11-04 20:41:12.088,1.42,2016-11-05 13:00:00,
1.128090084,2263681,Marin Cilic,Ma Cilic v Isner,20,2016-11-05 01:36:15.187,1.38,2016-11-05 13:00:00,
1.128090084,2263681,Marin Cilic,Ma Cilic v Isner,30,2016-11-05 05:51:41.067,1.41,2016-11-05 13:00:00,
1.128090084,2263681,Marin Cilic,Ma Cilic v Isner,40,2016-11-05 07:16:45.495,1.41,2016-11-05 13:00:00,
1.128090084,2263681,Marin Cilic,Ma Cilic v Isner,50,2016-11-05 08:31:12.589,1.39,2016-11-05 13:00:00,
1.128090084,2263681,Marin Cilic,Ma Cilic v Isner,60,2016-11-05 09:42:19.386,1.39,2016-11-05 13:00:00,
1.128090084,2263681,Marin Cilic,Ma Cilic v Isner,70,2016-11-05 10:21:07.286,1.4,2016-11-05 13:00:00,
1.128090084,2263681,Marin Cilic,Ma Cilic v Isner,80,2016-11-05 11:03:20.036,1.41,2016-11-05 13:00:00,
1.128090084,2263681,Marin Cilic,Ma Cilic v Isner,90,2016-11-05 12:12:18.846,1.4,2016-11-05 13:00:00,
1.128090084,2263681,Marin Cilic,Ma Cilic v Isner,100,2016-11-05 13:05:27.657,1.39,2016-11-05 13:15:00,
1.128090084,2474763,John Isner,Ma Cilic v Isner,0,2016-11-04 19:33:10.723,3.3,2016-11-05 13:00:00,
1.128090084,2474763,John Isner,Ma Cilic v Isner,10,2016-11-04 22:39:15.909,3.35,2016-11-05 13:00:00,
1.128090084,2474763,John Isner,Ma Cilic v Isner,20,2016-11-05 02:24:55.667,3.55,2016-11-05 13:00:00,
1.128090084,2474763,John Isner,Ma Cilic v Isner,30,2016-11-05 07:16:27.787,3.5,2016-11-05 13:00:00,
1.128090084,2474763,John Isner,Ma Cilic v Isner,40,2016-11-05 09:45:25.217,3.5,2016-11-05 13:00:00,
1.128090084,2474763,John Isner,Ma Cilic v Isner,50,2016-11-05 10:02:37.402,3.6,2016-11-05 13:00:00,
1.128090084,2474763,John Isner,Ma Cilic v Isner,60,2016-11-05 10:57:03.924,3.6,2016-11-05 13:00:00,
1.128090084,2474763,John Isner,Ma Cilic v Isner,70,2016-11-05 11:45:25.334,3.6,2016-11-05 13:00:00,
1.128090084,2474763,John Isner,Ma Cilic v Isner,80,2016-11-05 12:12:18.846,3.5,2016-11-05 13:00:00,
1.128090084,2474763,John Isner,Ma Cilic v Isner,90,2016-11-05 12:34:15.469,3.5,2016-11-05 13:00:00,
1.128090084,2474763,John Isner,Ma Cilic v Isner,100,2016-11-05 12:52:27.117,3.5,2016-11-05 13:00:00,
1.128090206,2862839,Franko Skugor,Skugor v De Minaur,0,2016-11-05 08:21:42.978,2.02,2016-11-05 14:00:00,
1.128090206,2862839,Franko Skugor,Skugor v De Minaur,10,2016-11-05 09:23:28.565,1.89,2016-11-05 14:00:00,
1.128090206,2862839,Franko Skugor,Skugor v De Minaur,20,2016-11-05 10:50:05.638,2.04,2016-11-05 14:00:00,
1.128090206,2862839,Franko Skugor,Skugor v De Minaur,30,2016-11-05 10:57:10.590,2.08,2016-11-05 14:00:00,
1.128090206,2862839,Franko Skugor,Skugor v De Minaur,40,2016-11-05 11:01:20.663,1.9,2016-11-05 14:00:00,
1.128090206,2862839,Franko Skugor,Skugor v De Minaur,50,2016-11-05 11:06:45.535,1.88,2016-11-05 14:00:00,
1.128090206,2862839,Franko Skugor,Skugor v De Minaur,60,2016-11-05 11:47:46.469,2.04,2016-11-05 14:00:00,
1.128090206,2862839,Franko Skugor,Skugor v De Minaur,70,2016-11-05 12:50:24.186,1.92,2016-11-05 14:00:00,
1.128090206,2862839,Franko Skugor,Skugor v De Minaur,80,2016-11-05 13:12:38.871,1.91,2016-11-05 14:00:00,
1.128090206,2862839,Franko Skugor,Skugor v De Minaur,90,2016-11-05 13:35:42.168,1.93,2016-11-05 14:00:00,
1.128090206,2862839,Franko Skugor,Skugor v De Minaur,100,2016-11-05 13:43:37.874,1.88,2016-11-05 14:00:00,
1.128090206,10109527,Alex De Minaur,Skugor v De Minaur,0,2016-11-05 00:42:46.901,2.12,2016-11-05 14:00:00,
1.128090206,10109527,Alex De Minaur,Skugor v De Minaur,10,2016-11-05 06:52:22.286,1.96,2016-11-05 14:00:00,
1.128090206,10109527,Alex De Minaur,Skugor v De Minaur,20,2016-11-05 07:18:48.577,1.96,2016-11-05 14:00:00,
1.128090206,10109527,Alex De Minaur,Skugor v De Minaur,30,2016-11-05 08:22:31.310,2.0,2016-11-05 14:00:00,
1.128090206,10109527,Alex De Minaur,Skugor v De Minaur,40,2016-11-05 08:32:39.521,1.93,2016-11-05 14:00:00,
1.128090206,10109527,Alex De Minaur,Skugor v De Minaur,50,2016-11-05 11:03:43.388,2.12,2016-11-05 14:00:00,
1.128090206,10109527,Alex De Minaur,Skugor v De Minaur,60,2016-11-05 11:47:46.469,1.95,2016-11-05 14:00:00,
1.128090206,10109527,Alex De Minaur,Skugor v De Minaur,70,2016-11-05 12:48:38.891,2.0,2016-11-05 14:00:00,
1.128090206,10109527,Alex De Minaur,Skugor v De Minaur,80,2016-11-05 13:08:46.417,2.06,2016-11-05 14:00:00,
1.128090206,10109527,Alex De Minaur,Skugor v De Minaur,90,2016-11-05 13:28:47.490,2.12,2016-11-05 14:00:00,
1.128090206,10109527,Alex De Minaur,Skugor v De Minaur,100,2016-11-05 13:43:37.874,2.14,2016-11-05 14:00:00,
1.128090416,8942538,Herbert/Mahut,Herbert/Mahut v Bopanna/Nestor,0,2016-11-05 10:35:18.927,1.46,2016-11-05 17:30:00,
1.128090416,8942538,Herbert/Mahut,Herbert/Mahut v Bopanna/Nestor,10,2016-11-05 11:09:27.455,1.35,2016-11-05 17:30:00,
1.128090416,8942538,Herbert/Mahut,Herbert/Mahut v Bopanna/Nestor,20,2016-11-05 12:55:32.547,1.46,2016-11-05 17:30:00,
1.128090416,8942538,Herbert/Mahut,Herbert/Mahut v Bopanna/Nestor,30,2016-11-05 13:40:40.671,1.39,2016-11-05 17:30:00,
1.128090416,8942538,Herbert/Mahut,Herbert/Mahut v Bopanna/Nestor,40,2016-11-05 14:32:42.260,1.39,2016-11-05 17:30:00,
1.128090416,8942538,Herbert/Mahut,Herbert/Mahut v Bopanna/Nestor,50,2016-11-05 14:38:21.086,1.4,2016-11-05 14:39:00,
1.128090416,8942538,Herbert/Mahut,Herbert/Mahut v Bopanna/Nestor,60,2016-11-05 14:43:37.801,1.5,2016-11-05 14:54:00,
1.128090416,8942538,Herbert/Mahut,Herbert/Mahut v Bopanna/Nestor,70,2016-11-05 14:55:05.233,1.44,2016-11-05 15:45:00,
1.128090416,8942538,Herbert/Mahut,Herbert/Mahut v Bopanna/Nestor,80,2016-11-05 15:00:12.689,1.4,2016-11-05 15:45:00,
1.128090416,8942538,Herbert/Mahut,Herbert/Mahut v Bopanna/Nestor,90,2016-11-05 15:12:42.827,1.37,2016-11-05 15:45:00,
1.128090416,8942538,Herbert/Mahut,Herbert/Mahut v Bopanna/Nestor,100,2016-11-05 15:32:32.673,1.37,2016-11-05 15:45:00,
1.128093247,7364125,Enrico Becuzzi,Sancic v Becuzzi,0,2016-11-05 08:42:07.982,11.0,2016-11-05 13:00:00,
1.128093247,7364125,Enrico Becuzzi,Sancic v Becuzzi,10,2016-11-05 08:50:52.655,7.0,2016-11-05 13:00:00,
1.128093247,7364125,Enrico Becuzzi,Sancic v Becuzzi,20,2016-11-05 11:36:04.902,6.0,2016-11-05 13:16:00,
1.128093247,7364125,Enrico Becuzzi,Sancic v Becuzzi,30,2016-11-05 11:41:05.001,5.0,2016-11-05 13:16:00,
1.128093247,7364125,Enrico Becuzzi,Sancic v Becuzzi,40,2016-11-05 11:47:09.161,9.2,2016-11-05 13:16:00,
1.128093247,7364125,Enrico Becuzzi,Sancic v Becuzzi,50,2016-11-05 11:48:24.830,4.9,2016-11-05 13:16:00,
1.128093247,7364125,Enrico Becuzzi,Sancic v Becuzzi,60,2016-11-05 11:53:52.179,5.2,2016-11-05 13:16:00,
1.128093247,7364125,Enrico Becuzzi,Sancic v Becuzzi,70,2016-11-05 12:20:07.272,5.4,2016-11-05 13:16:00,
1.128093247,7364125,Enrico Becuzzi,Sancic v Becuzzi,80,2016-11-05 12:21:07.440,5.3,2016-11-05 13:16:00,
1.128093247,7364125,Enrico Becuzzi,Sancic v Becuzzi,90,2016-11-05 12:22:10.194,5.4,2016-11-05 13:16:00,
1.128093247,7364125,Enrico Becuzzi,Sancic v Becuzzi,100,2016-11-05 12:37:00.500,5.8,2016-11-05 13:16:00,
1.128093247,8826899,Antonio Sancic,Sancic v Becuzzi,0,2016-11-04 21:14:39.923,1.03,2016-11-05 13:00:00,
1.128093247,8826899,Antonio Sancic,Sancic v Becuzzi,10,2016-11-05 06:23:01.401,1.02,2016-11-05 13:00:00,
1.128093247,8826899,Antonio Sancic,Sancic v Becuzzi,20,2016-11-05 10:46:08.586,1.18,2016-11-05 12:55:00,
1.128093247,8826899,Antonio Sancic,Sancic v Becuzzi,30,2016-11-05 11:12:58.884,1.16,2016-11-05 13:25:00,
1.128093247,8826899,Antonio Sancic,Sancic v Becuzzi,40,2016-11-05 11:41:05.001,1.25,2016-11-05 13:16:00,
1.128093247,8826899,Antonio Sancic,Sancic v Becuzzi,50,2016-11-05 11:47:09.161,1.13,2016-11-05 13:16:00,
1.128093247,8826899,Antonio Sancic,Sancic v Becuzzi,60,2016-11-05 11:51:57.921,1.23,2016-11-05 13:16:00,
1.128093247,8826899,Antonio Sancic,Sancic v Becuzzi,70,2016-11-05 12:06:02.721,1.27,2016-11-05 13:16:00,
1.128093247,8826899,Antonio Sancic,Sancic v Becuzzi,80,2016-11-05 12:25:08.921,1.19,2016-11-05 13:16:00,
1.128093247,8826899,Antonio Sancic,Sancic v Becuzzi,90,2016-11-05 12:37:00.500,1.2,2016-11-05 13:16:00,
1.128093247,8826899,Antonio Sancic,Sancic v Becuzzi,100,2016-11-05 12:49:42.427,1.2,2016-11-05 13:16:00,
1.128094175,2256509,Andy Murray,Raonic v A Murray,0,2016-11-04 22:51:25.382,1.23,2016-11-05 15:30:00,
1.128094175,2256509,Andy Murray,Raonic v A Murray,10,2016-11-05 01:09:08.691,1.26,2016-11-05 15:30:00,
1.128094175,2256509,Andy Murray,Raonic v A Murray,20,2016-11-05 05:33:16.902,1.24,2016-11-05 15:30:00,
1.128094175,2256509,Andy Murray,Raonic v A Murray,30,2016-11-05 07:38:47.466,1.24,2016-11-05 15:30:00,
1.128094175,2256509,Andy Murray,Raonic v A Murray,40,2016-11-05 09:01:21.104,1.24,2016-11-05 15:30:00,
1.128094175,2256509,Andy Murray,Raonic v A Murray,50,2016-11-05 09:53:16.837,1.26,2016-11-05 15:30:00,
1.128094175,2256509,Andy Murray,Raonic v A Murray,60,2016-11-05 10:34:22.296,1.26,2016-11-05 15:30:00,
1.128094175,2256509,Andy Murray,Raonic v A Murray,70,2016-11-05 12:12:20.823,1.26,2016-11-05 15:30:00,
1.128094175,2256509,Andy Murray,Raonic v A Murray,80,2016-11-05 13:09:24.744,1.26,2016-11-05 15:30:00,
1.128094175,2256509,Andy Murray,Raonic v A Murray,90,2016-11-05 13:45:03.485,1.26,2016-11-05 15:30:00,
1.128094175,2256509,Andy Murray,Raonic v A Murray,100,2016-11-05 14:22:27.181,1.27,2016-11-05 15:30:00,
1.128094175,4105819,Milos Raonic,Raonic v A Murray,0,2016-11-04 22:51:25.382,4.4,2016-11-05 15:30:00,
1.128094175,4105819,Milos Raonic,Raonic v A Murray,10,2016-11-05 00:01:29.369,4.7,2016-11-05 15:30:00,
1.128094175,4105819,Milos Raonic,Raonic v A Murray,20,2016-11-05 01:35:05.653,4.7,2016-11-05 15:30:00,
1.128094175,4105819,Milos Raonic,Raonic v A Murray,30,2016-11-05 05:26:07.191,5.0,2016-11-05 15:30:00,
1.128094175,4105819,Milos Raonic,Raonic v A Murray,40,2016-11-05 07:35:16.912,5.0,2016-11-05 15:30:00,
1.128094175,4105819,Milos Raonic,Raonic v A Murray,50,2016-11-05 08:22:10.529,5.0,2016-11-05 15:30:00,
1.128094175,4105819,Milos Raonic,Raonic v A Murray,60,2016-11-05 10:03:24.465,4.8,2016-11-05 15:30:00,
1.128094175,4105819,Milos Raonic,Raonic v A Murray,70,2016-11-05 10:43:23.822,4.8,2016-11-05 15:30:00,
1.128094175,4105819,Milos Raonic,Raonic v A Murray,80,2016-11-05 11:13:17.693,4.6,2016-11-05 15:30:00,
1.128094175,4105819,Milos Raonic,Raonic v A Murray,90,2016-11-05 11:27:26.176,4.8,2016-11-05 15:30:00,
1.128094175,4105819,Milos Raonic,Raonic v A Murray,100,2016-11-05 14:34:26.535,4.7,2016-11-05 15:30:00,2016-11-05 14:34:26.535
1.128094236,8859316,Reilly Opelka,McDonald v Opelka,0,2016-11-05 12:37:15.198,2.14,2016-11-05 19:00:00,
1.128094236,8859316,Reilly Opelka,McDonald v Opelka,10,2016-11-05 16:12:23.166,1.96,2016-11-05 19:00:00,
1.128094236,8859316,Reilly Opelka,McDonald v Opelka,20,2016-11-05 16:36:21.708,1.9,2016-11-05 19:00:00,
1.128094236,8859316,Reilly Opelka,McDonald v Opelka,30,2016-11-05 17:04:23.887,1.92,2016-11-05 18:49:00,
1.128094236,8859316,Reilly Opelka,McDonald v Opelka,40,2016-11-05 17:09:14.956,1.93,2016-11-05 18:49:00,
1.128094236,8859316,Reilly Opelka,McDonald v Opelka,50,2016-11-05 17:17:34.220,1.92,2016-11-05 18:49:00,
1.128094236,8859316,Reilly Opelka,McDonald v Opelka,60,2016-11-05 17:27:29.311,1.92,2016-11-05 18:49:00,
1.128094236,8859316,Reilly Opelka,McDonald v Opelka,70,2016-11-05 17:40:21.298,1.9,2016-11-05 18:49:00,
1.128094236,8859316,Reilly Opelka,McDonald v Opelka,80,2016-11-05 17:53:29.334,2.0,2016-11-05 18:49:00,
1.128094236,8859316,Reilly Opelka,McDonald v Opelka,90,2016-11-05 18:10:15.748,1.93,2016-11-05 18:49:00,
1.128094236,8859316,Reilly Opelka,McDonald v Opelka,100,2016-11-05 18:28:14.470,1.85,2016-11-05 18:42:00,
1.128094236,10691901,Mackenzie McDonald,McDonald v Opelka,0,2016-11-05 12:37:15.198,1.89,2016-11-05 19:00:00,
1.128094236,10691901,Mackenzie McDonald,McDonald v Opelka,10,2016-11-05 12:59:19.914,1.85,2016-11-05 19:00:00,
1.128094236,10691901,Mackenzie McDonald,McDonald v Opelka,20,2016-11-05 14:33:32.799,2.0,2016-11-05 19:00:00,
1.128094236,10691901,Mackenzie McDonald,McDonald v Opelka,30,2016-11-05 16:20:24.955,2.0,2016-11-05 19:00:00,
1.128094236,10691901,Mackenzie McDonald,McDonald v Opelka,40,2016-11-05 17:01:25.116,2.08,2016-11-05 18:49:00,
1.128094236,10691901,Mackenzie McDonald,McDonald v Opelka,50,2016-11-05 17:26:29.470,2.06,2016-11-05 18:49:00,
1.128094236,10691901,Mackenzie McDonald,McDonald v Opelka,60,2016-11-05 17:35:30.995,2.12,2016-11-05 18:49:00,
1.128094236,10691901,Mackenzie McDonald,McDonald v Opelka,70,2016-11-05 17:47:17.401,2.04,2016-11-05 18:49:00,
1.128094236,10691901,Mackenzie McDonald,McDonald v Opelka,80,2016-11-05 17:53:29.334,1.96,2016-11-05 18:49:00,
1.128094236,10691901,Mackenzie McDonald,McDonald v Opelka,90,2016-11-05 18:10:51.642,2.06,2016-11-05 18:49:00,
1.128094236,10691901,Mackenzie McDonald,McDonald v Opelka,100,2016-11-05 18:19:34.201,2.14,2016-11-05 18:49:00,
1.128094532,2831873,Ruben Bemelmans,Bemelmans v Laaksonen,0,2016-11-05 07:44:10.938,1.65,2016-11-05 21:00:00,
1.128094532,2831873,Ruben Bemelmans,Bemelmans v Laaksonen,10,2016-11-05 13:43:14.090,1.94,2016-11-05 21:00:00,
1.128094532,2831873,Ruben Bemelmans,Bemelmans v Laaksonen,20,2016-11-05 15:38:35.283,1.91,2016-11-05 21:00:00,
1.128094532,2831873,Ruben Bemelmans,Bemelmans v Laaksonen,30,2016-11-05 16:21:22.442,1.94,2016-11-05 21:00:00,
1.128094532,2831873,Ruben Bemelmans,Bemelmans v Laaksonen,40,2016-11-05 17:00:45.514,1.91,2016-11-05 20:49:00,
1.128094532,2831873,Ruben Bemelmans,Bemelmans v Laaksonen,50,2016-11-05 18:39:22.912,1.92,2016-11-05 20:26:00,
1.128094532,2831873,Ruben Bemelmans,Bemelmans v Laaksonen,60,2016-11-05 19:03:52.245,1.94,2016-11-05 20:26:00,
1.128094532,2831873,Ruben Bemelmans,Bemelmans v Laaksonen,70,2016-11-05 19:18:34.754,1.89,2016-11-05 20:26:00,
1.128094532,2831873,Ruben Bemelmans,Bemelmans v Laaksonen,80,2016-11-05 19:29:26.299,1.84,2016-11-05 20:26:00,
1.128094532,2831873,Ruben Bemelmans,Bemelmans v Laaksonen,90,2016-11-05 19:35:29.692,1.88,2016-11-05 20:26:00,
1.128094532,2831873,Ruben Bemelmans,Bemelmans v Laaksonen,100,2016-11-05 19:40:24.097,1.91,2016-11-05 19:52:00,
1.128094532,6344314,Henri Laaksonen,Bemelmans v Laaksonen,0,2016-11-05 10:15:31.652,2.3,2016-11-05 21:00:00,
1.128094532,6344314,Henri Laaksonen,Bemelmans v Laaksonen,10,2016-11-05 10:28:05.934,2.08,2016-11-05 21:00:00,
1.128094532,6344314,Henri Laaksonen,Bemelmans v Laaksonen,20,2016-11-05 16:21:22.442,2.06,2016-11-05 21:00:00,
1.128094532,6344314,Henri Laaksonen,Bemelmans v Laaksonen,30,2016-11-05 17:17:23.484,2.06,2016-11-05 20:49:00,
1.128094532,6344314,Henri Laaksonen,Bemelmans v Laaksonen,40,2016-11-05 18:51:34.151,2.06,2016-11-05 20:26:00,
1.128094532,6344314,Henri Laaksonen,Bemelmans v Laaksonen,50,2016-11-05 19:08:25.042,2.1,2016-11-05 20:26:00,
1.128094532,6344314,Henri Laaksonen,Bemelmans v Laaksonen,60,2016-11-05 19:22:03.007,2.1,2016-11-05 20:26:00,
1.128094532,6344314,Henri Laaksonen,Bemelmans v Laaksonen,70,2016-11-05 19:27:32.522,2.16,2016-11-05 20:26:00,
1.128094532,6344314,Henri Laaksonen,Bemelmans v Laaksonen,80,2016-11-05 19:31:34.276,2.12,2016-11-05 20:26:00,
1.128094532,6344314,Henri Laaksonen,Bemelmans v Laaksonen,90,2016-11-05 19:35:29.692,2.12,2016-11-05 20:26:00,
1.128094532,6344314,Henri Laaksonen,Bemelmans v Laaksonen,100,2016-11-05 19:37:35.697,2.08,2016-11-05 19:52:00,
1.128095477,6064287,James Duckworth,Duckworth v Polmans,0,2016-11-05 20:39:14.816,1.28,2016-11-06 01:00:00,
1.128095477,6064287,James Duckworth,Duckworth v Polmans,10,2016-11-05 21:08:03.162,1.3,2016-11-06 01:00:00,
1.128095477,6064287,James Duckworth,Duckworth v Polmans,20,2016-11-05 21:49:02.019,1.35,2016-11-06 01:00:00,
1.128095477,6064287,James Duckworth,Duckworth v Polmans,30,2016-11-05 21:53:34.001,1.31,2016-11-06 01:00:00,
1.128095477,6064287,James Duckworth,Duckworth v Polmans,40,2016-11-05 22:06:30.891,1.29,2016-11-06 01:00:00,
1.128095477,6064287,James Duckworth,Duckworth v Polmans,50,2016-11-05 22:59:26.306,1.28,2016-11-06 01:00:00,
1.128095477,6064287,James Duckworth,Duckworth v Polmans,60,2016-11-05 23:07:34.618,1.24,2016-11-06 01:00:00,
1.128095477,6064287,James Duckworth,Duckworth v Polmans,70,2016-11-05 23:13:51.397,1.24,2016-11-06 01:00:00,
1.128095477,6064287,James Duckworth,Duckworth v Polmans,80,2016-11-05 23:29:28.220,1.24,2016-11-06 01:00:00,
1.128095477,6064287,James Duckworth,Duckworth v Polmans,90,2016-11-06 00:43:37.043,1.22,2016-11-06 01:00:00,
1.128095477,6064287,James Duckworth,Duckworth v Polmans,100,2016-11-06 00:59:08.762,1.22,2016-11-06 01:00:00,
1.128095753,7690576,Hyeon Chung,Hy Chung v Seo Hong,0,2016-11-06 16:47:18.975,1.1,2016-11-07 03:30:00,
1.128095753,7690576,Hyeon Chung,Hy Chung v Seo Hong,10,2016-11-06 22:33:19.454,1.09,2016-11-07 03:30:00,
1.128095753,7690576,Hyeon Chung,Hy Chung v Seo Hong,20,2016-11-06 22:46:08.693,1.1,2016-11-07 03:30:00,
1.128095753,7690576,Hyeon Chung,Hy Chung v Seo Hong,30,2016-11-06 22:55:37.477,1.07,2016-11-07 03:30:00,
1.128095753,7690576,Hyeon Chung,Hy Chung v Seo Hong,40,2016-11-06 23:50:06.506,1.1,2016-11-07 03:30:00,
1.128095753,7690576,Hyeon Chung,Hy Chung v Seo Hong,50,2016-11-07 02:07:15.462,1.07,2016-11-07 03:30:00,
1.128095753,7690576,Hyeon Chung,Hy Chung v Seo Hong,60,2016-11-07 02:09:22.565,1.09,2016-11-07 03:30:00,
1.128095753,7690576,Hyeon Chung,Hy Chung v Seo Hong,70,2016-11-07 02:57:51.550,1.08,2016-11-07 03:30:00,
1.128095753,7690576,Hyeon Chung,Hy Chung v Seo Hong,80,2016-11-07 03:24:26.862,1.08,2016-11-07 03:30:00,
1.128095753,7690576,Hyeon Chung,Hy Chung v Seo Hong,90,2016-11-07 03:25:29.917,1.1,2016-11-07 03:30:00,
1.128095753,7690576,Hyeon Chung,Hy Chung v Seo Hong,100,2016-11-07 03:31:13.051,1.06,2016-11-07 03:45:00,
1.128095885,8173434,Taro Daniel,T Daniel v Moriya,0,2016-11-06 23:21:59.875,1.49,2016-11-07 12:00:00,
1.128095885,8173434,Taro Daniel,T Daniel v Moriya,10,2016-11-07 17:29:30.715,1.48,2016-11-08 04:30:00,
1.128095885,8173434,Taro Daniel,T Daniel v Moriya,20,2016-11-07 21:26:19.263,1.4,2016-11-08 04:30:00,
1.128095885,8173434,Taro Daniel,T Daniel v Moriya,30,2016-11-07 21:55:33.852,1.47,2016-11-08 04:30:00,
1.128095885,8173434,Taro Daniel,T Daniel v Moriya,40,2016-11-07 21:57:04.731,1.48,2016-11-08 04:30:00,
1.128095885,8173434,Taro Daniel,T Daniel v Moriya,50,2016-11-07 22:12:29.762,1.36,2016-11-08 04:30:00,
1.128095885,8173434,Taro Daniel,T Daniel v Moriya,60,2016-11-08 00:08:10.220,1.42,2016-11-08 04:30:00,
1.128095885,8173434,Taro Daniel,T Daniel v Moriya,70,2016-11-08 03:54:32.035,1.39,2016-11-08 04:30:00,
1.128095885,8173434,Taro Daniel,T Daniel v Moriya,80,2016-11-08 04:06:25.166,1.38,2016-11-08 04:30:00,
1.128095885,8173434,Taro Daniel,T Daniel v Moriya,90,2016-11-08 04:30:31.737,1.39,2016-11-08 04:45:00,
1.128095885,8173434,Taro Daniel,T Daniel v Moriya,100,2016-11-08 04:49:20.249,1.4,2016-11-08 05:00:00,
1.128096017,7137497,Yoshihito Nishioka,S Kwon v Yo Nishioka,0,2016-11-06 10:14:13.577,1.17,2016-11-07 12:00:00,
1.128096017,7137497,Yoshihito Nishioka,S Kwon v Yo Nishioka,10,2016-11-06 14:39:11.048,1.22,2016-11-07 12:00:00,
1.128096017,7137497,Yoshihito Nishioka,S Kwon v Yo Nishioka,20,2016-11-07 21:06:10.819,1.2,2016-11-08 02:00:00,
1.128096017,7137497,Yoshihito Nishioka,S Kwon v Yo Nishioka,30,2016-11-07 21:21:07.092,1.25,2016-11-08 02:00:00,
1.128096017,7137497,Yoshihito Nishioka,S Kwon v Yo Nishioka,40,2016-11-07 22:03:00.407,1.18,2016-11-08 02:00:00,
1.128096017,7137497,Yoshihito Nishioka,S Kwon v Yo Nishioka,50,2016-11-08 00:07:33.198,1.19,2016-11-08 02:00:00,
1.128096017,7137497,Yoshihito Nishioka,S Kwon v Yo Nishioka,60,2016-11-08 00:10:35.220,1.15,2016-11-08 02:00:00,
1.128096017,7137497,Yoshihito Nishioka,S Kwon v Yo Nishioka,70,2016-11-08 00:20:29.614,1.18,2016-11-08 02:00:00,
1.128096017,7137497,Yoshihito Nishioka,S Kwon v Yo Nishioka,80,2016-11-08 00:23:13.543,1.19,2016-11-08 02:00:00,
1.128096017,7137497,Yoshihito Nishioka,S Kwon v Yo Nishioka,90,2016-11-08 00:51:39.787,1.16,2016-11-08 02:00:00,
1.128096017,7137497,Yoshihito Nishioka,S Kwon v Yo Nishioka,100,2016-11-08 01:51:41.496,1.16,2016-11-08 02:00:00,
1.128096149,8978439,Makoto Ochi,Makoto Ochi v Onishi,0,2016-11-06 08:02:13.096,1.19,2016-11-07 12:00:00,
1.128096149,8978439,Makoto Ochi,Makoto Ochi v Onishi,10,2016-11-06 17:37:06.798,1.17,2016-11-07 12:00:00,
1.128096149,8978439,Makoto Ochi,Makoto Ochi v Onishi,20,2016-11-07 07:01:48.728,1.21,2016-11-08 02:00:00,
1.128096149,8978439,Makoto Ochi,Makoto Ochi v Onishi,30,2016-11-07 21:07:47.956,1.2,2016-11-08 02:00:00,
1.128096149,8978439,Makoto Ochi,Makoto Ochi v Onishi,40,2016-11-07 21:25:47.890,1.16,2016-11-08 02:00:00,
1.128096149,8978439,Makoto Ochi,Makoto Ochi v Onishi,50,2016-11-07 21:54:33.285,1.21,2016-11-08 02:00:00,
1.128096149,8978439,Makoto Ochi,Makoto Ochi v Onishi,60,2016-11-07 22:04:54.233,1.17,2016-11-08 02:00:00,
1.128096149,8978439,Makoto Ochi,Makoto Ochi v Onishi,70,2016-11-08 00:44:51.040,1.15,2016-11-08 02:00:00,
1.128096149,8978439,Makoto Ochi,Makoto Ochi v Onishi,80,2016-11-08 00:50:55.430,1.19,2016-11-08 02:00:00,
1.128096149,8978439,Makoto Ochi,Makoto Ochi v Onishi,90,2016-11-08 01:50:45.798,1.15,2016-11-08 02:00:00,
1.128096149,8978439,Makoto Ochi,Makoto Ochi v Onishi,100,2016-11-08 01:56:53.740,1.15,2016-11-08 02:00:00,
1.128096193,2559490,Ti Chen,Ti Chen v Watanuki,0,2016-11-06 07:40:46.387,1.72,2016-11-07 12:00:00,
1.128096193,2559490,Ti Chen,Ti Chen v Watanuki,10,2016-11-06 18:19:38.496,1.74,2016-11-07 12:00:00,
1.128096193,2559490,Ti Chen,Ti Chen v Watanuki,20,2016-11-06 22:31:17.552,1.73,2016-11-07 12:00:00,
1.128096193,2559490,Ti Chen,Ti Chen v Watanuki,30,2016-11-08 09:17:23.671,1.78,2016-11-09 02:00:00,
1.128096193,2559490,Ti Chen,Ti Chen v Watanuki,40,2016-11-08 20:07:34.442,1.74,2016-11-09 02:00:00,
1.128096193,2559490,Ti Chen,Ti Chen v Watanuki,50,2016-11-08 21:15:55.094,1.71,2016-11-09 02:00:00,
1.128096193,2559490,Ti Chen,Ti Chen v Watanuki,60,2016-11-08 21:44:14.421,1.74,2016-11-09 02:00:00,
1.128096193,2559490,Ti Chen,Ti Chen v Watanuki,70,2016-11-08 23:03:36.032,1.75,2016-11-09 02:00:00,
1.128096193,2559490,Ti Chen,Ti Chen v Watanuki,80,2016-11-08 23:56:54.666,1.79,2016-11-09 02:00:00,
1.128096193,2559490,Ti Chen,Ti Chen v Watanuki,90,2016-11-08 23:57:06.465,1.89,2016-11-09 02:00:00,
1.128096193,2559490,Ti Chen,Ti Chen v Watanuki,100,2016-11-09 00:22:55.635,1.86,2016-11-09 02:00:00,
1.128096237,8256934,Prajnesh Gunneswaran,Gunneswaran v Lokoli,0,2016-11-07 12:07:46.254,2.7,2016-11-08 04:00:00,
1.128096237,8256934,Prajnesh Gunneswaran,Gunneswaran v Lokoli,10,2016-11-07 21:09:38.000,2.64,2016-11-08 04:00:00,
1.128096237,8256934,Prajnesh Gunneswaran,Gunneswaran v Lokoli,20,2016-11-07 21:53:58.402,2.58,2016-11-08 04:00:00,
1.128096237,8256934,Prajnesh Gunneswaran,Gunneswaran v Lokoli,30,2016-11-07 22:43:40.374,2.6,2016-11-08 04:00:00,
1.128096237,8256934,Prajnesh Gunneswaran,Gunneswaran v Lokoli,40,2016-11-07 23:42:22.555,2.64,2016-11-08 04:00:00,
1.128096237,8256934,Prajnesh Gunneswaran,Gunneswaran v Lokoli,50,2016-11-08 00:38:09.353,2.58,2016-11-08 04:00:00,
1.128096237,8256934,Prajnesh Gunneswaran,Gunneswaran v Lokoli,60,2016-11-08 01:16:13.653,2.56,2016-11-08 04:00:00,
1.128096237,8256934,Prajnesh Gunneswaran,Gunneswaran v Lokoli,70,2016-11-08 01:19:09.282,2.46,2016-11-08 04:00:00,
1.128096237,8256934,Prajnesh Gunneswaran,Gunneswaran v Lokoli,80,2016-11-08 02:03:51.815,2.58,2016-11-08 03:52:00,
1.128096237,8256934,Prajnesh Gunneswaran,Gunneswaran v Lokoli,90,2016-11-08 02:41:46.539,2.46,2016-11-08 03:52:00,
1.128096237,8256934,Prajnesh Gunneswaran,Gunneswaran v Lokoli,100,2016-11-08 03:06:01.845,2.5,2016-11-08 03:52:00,
1.128096237,8257788,Laurent Lokoli,Gunneswaran v Lokoli,0,2016-11-07 12:07:46.254,1.58,2016-11-08 04:00:00,
1.128096237,8257788,Laurent Lokoli,Gunneswaran v Lokoli,10,2016-11-07 21:09:38.000,1.6,2016-11-08 04:00:00,
1.128096237,8257788,Laurent Lokoli,Gunneswaran v Lokoli,20,2016-11-07 21:53:58.402,1.68,2016-11-08 04:00:00,
1.128096237,8257788,Laurent Lokoli,Gunneswaran v Lokoli,30,2016-11-07 22:38:41.067,1.64,2016-11-08 04:00:00,
1.128096237,8257788,Laurent Lokoli,Gunneswaran v Lokoli,40,2016-11-07 22:43:40.374,1.63,2016-11-08 04:00:00,
1.128096237,8257788,Laurent Lokoli,Gunneswaran v Lokoli,50,2016-11-07 23:42:22.555,1.6,2016-11-08 04:00:00,
1.128096237,8257788,Laurent Lokoli,Gunneswaran v Lokoli,60,2016-11-08 00:38:09.353,1.63,2016-11-08 04:00:00,
1.128096237,8257788,Laurent Lokoli,Gunneswaran v Lokoli,70,2016-11-08 01:16:13.653,1.64,2016-11-08 04:00:00,
1.128096237,8257788,Laurent Lokoli,Gunneswaran v Lokoli,80,2016-11-08 02:03:51.815,1.63,2016-11-08 03:52:00,
1.128096237,8257788,Laurent Lokoli,Gunneswaran v Lokoli,90,2016-11-08 03:06:01.845,1.66,2016-11-08 03:52:00,
1.128096237,8257788,Laurent Lokoli,Gunneswaran v Lokoli,100,2016-11-08 03:13:26.825,1.67,2016-11-08 03:52:00,
1.128098312,585761,Julien Benneteau,J Benneteau v Youzhny,0,2016-11-06 10:23:57.253,1.81,2016-11-07 12:00:00,
1.128098312,585761,Julien Benneteau,J Benneteau v Youzhny,10,2016-11-06 10:26:03.801,1.77,2016-11-07 12:00:00,
1.128098312,585761,Julien Benneteau,J Benneteau v Youzhny,20,2016-11-08 10:00:52.368,1.68,2016-11-08 18:30:00,
1.128098312,585761,Julien Benneteau,J Benneteau v Youzhny,30,2016-11-08 17:53:25.887,1.62,2016-11-08 18:30:00,
1.128098312,585761,Julien Benneteau,J Benneteau v Youzhny,40,2016-11-08 18:13:20.194,1.63,2016-11-08 18:30:00,
1.128098312,585761,Julien Benneteau,J Benneteau v Youzhny,50,2016-11-08 18:45:53.624,1.66,2016-11-08 19:00:00,
1.128098312,585761,Julien Benneteau,J Benneteau v Youzhny,60,2016-11-08 19:24:23.578,1.63,2016-11-08 19:30:00,
1.128098312,585761,Julien Benneteau,J Benneteau v Youzhny,70,2016-11-08 19:32:20.971,1.62,2016-11-08 19:45:00,
1.128098312,585761,Julien Benneteau,J Benneteau v Youzhny,80,2016-11-08 19:37:14.432,1.62,2016-11-08 19:45:00,
1.128098312,585761,Julien Benneteau,J Benneteau v Youzhny,90,2016-11-08 19:49:48.239,1.64,2016-11-08 20:00:00,
1.128098312,585761,Julien Benneteau,J Benneteau v Youzhny,100,2016-11-08 19:54:23.975,1.6,2016-11-08 20:00:00,
1.128098312,2263536,Mikhail Youzhny,J Benneteau v Youzhny,0,2016-11-06 22:05:13.551,2.3,2016-11-07 12:00:00,
1.128098312,2263536,Mikhail Youzhny,J Benneteau v Youzhny,10,2016-11-07 16:49:37.424,2.32,2016-11-08 18:30:00,
1.128098312,2263536,Mikhail Youzhny,J Benneteau v Youzhny,20,2016-11-08 09:50:03.747,2.66,2016-11-08 18:30:00,
1.128098312,2263536,Mikhail Youzhny,J Benneteau v Youzhny,30,2016-11-08 10:00:52.368,2.46,2016-11-08 18:30:00,
1.128098312,2263536,Mikhail Youzhny,J Benneteau v Youzhny,40,2016-11-08 18:44:25.309,2.48,2016-11-08 18:45:00,
1.128098312,2263536,Mikhail Youzhny,J Benneteau v Youzhny,50,2016-11-08 19:05:00.142,2.62,2016-11-08 19:15:00,
1.128098312,2263536,Mikhail Youzhny,J Benneteau v Youzhny,60,2016-11-08 19:34:49.296,2.64,2016-11-08 19:45:00,
1.128098312,2263536,Mikhail Youzhny,J Benneteau v Youzhny,70,2016-11-08 19:49:48.239,2.56,2016-11-08 20:00:00,
1.128098312,2263536,Mikhail Youzhny,J Benneteau v Youzhny,80,2016-11-08 19:51:27.022,2.44,2016-11-08 20:00:00,
1.128098312,2263536,Mikhail Youzhny,J Benneteau v Youzhny,90,2016-11-08 19:52:19.868,2.52,2016-11-08 20:00:00,
1.128098312,2263536,Mikhail Youzhny,J Benneteau v Youzhny,100,2016-11-08 19:54:23.975,2.66,2016-11-08 20:00:00,
1.128098358,2426230,Jonathan Eysseric,Paire v J Eysseric,0,2016-11-06 23:47:51.342,3.7,2016-11-07 17:30:00,
1.128098358,2426230,Jonathan Eysseric,Paire v J Eysseric,10,2016-11-07 05:11:27.167,4.3,2016-11-07 17:30:00,
1.128098358,2426230,Jonathan Eysseric,Paire v J Eysseric,20,2016-11-07 10:44:25.905,3.8,2016-11-07 17:30:00,
1.128098358,2426230,Jonathan Eysseric,Paire v J Eysseric,30,2016-11-07 13:30:13.763,3.8,2016-11-07 17:30:00,
1.128098358,2426230,Jonathan Eysseric,Paire v J Eysseric,40,2016-11-07 14:04:12.131,3.75,2016-11-07 17:30:00,
1.128098358,2426230,Jonathan Eysseric,Paire v J Eysseric,50,2016-11-07 14:36:26.683,3.7,2016-11-07 17:30:00,
1.128098358,2426230,Jonathan Eysseric,Paire v J Eysseric,60,2016-11-07 15:09:24.043,3.75,2016-11-07 17:30:00,
1.128098358,2426230,Jonathan Eysseric,Paire v J Eysseric,70,2016-11-07 16:23:20.971,3.75,2016-11-07 17:30:00,
1.128098358,2426230,Jonathan Eysseric,Paire v J Eysseric,80,2016-11-07 17:01:12.604,4.1,2016-11-07 17:30:00,
1.128098358,2426230,Jonathan Eysseric,Paire v J Eysseric,90,2016-11-07 17:08:22.633,4.0,2016-11-07 17:30:00,
1.128098358,2426230,Jonathan Eysseric,Paire v J Eysseric,100,2016-11-07 17:23:15.153,3.4,2016-11-07 17:30:00,
1.128098358,3911345,Benoit Paire,Paire v J Eysseric,0,2016-11-06 23:47:51.342,1.38,2016-11-07 17:30:00,
1.128098358,3911345,Benoit Paire,Paire v J Eysseric,10,2016-11-07 08:49:18.595,1.26,2016-11-07 17:30:00,
1.128098358,3911345,Benoit Paire,Paire v J Eysseric,20,2016-11-07 13:25:58.592,1.36,2016-11-07 17:30:00,
1.128098358,3911345,Benoit Paire,Paire v J Eysseric,30,2016-11-07 15:31:53.568,1.32,2016-11-07 17:30:00,
1.128098358,3911345,Benoit Paire,Paire v J Eysseric,40,2016-11-07 16:27:19.608,1.37,2016-11-07 17:30:00,
1.128098358,3911345,Benoit Paire,Paire v J Eysseric,50,2016-11-07 16:34:10.070,1.35,2016-11-07 17:30:00,
1.128098358,3911345,Benoit Paire,Paire v J Eysseric,60,2016-11-07 16:58:20.110,1.34,2016-11-07 17:30:00,
1.128098358,3911345,Benoit Paire,Paire v J Eysseric,70,2016-11-07 17:04:21.434,1.33,2016-11-07 17:30:00,
1.128098358,3911345,Benoit Paire,Paire v J Eysseric,80,2016-11-07 17:10:51.627,1.32,2016-11-07 17:30:00,
1.128098358,3911345,Benoit Paire,Paire v J Eysseric,90,2016-11-07 17:19:26.429,1.28,2016-11-07 17:30:00,
1.128098358,3911345,Benoit Paire,Paire v J Eysseric,100,2016-11-07 17:28:19.140,1.34,2016-11-07 17:30:00,
1.128098439,8257792,Enrique Lopez-Perez,Lopez-Perez v Barrere,0,2016-11-06 15:29:11.144,2.14,2016-11-07 12:00:00,
1.128098439,8257792,Enrique Lopez-Perez,Lopez-Perez v Barrere,10,2016-11-06 17:51:13.808,2.18,2016-11-07 12:00:00,
1.128098439,8257792,Enrique Lopez-Perez,Lopez-Perez v Barrere,20,2016-11-08 00:10:41.119,2.14,2016-11-08 10:00:00,
1.128098439,8257792,Enrique Lopez-Perez,Lopez-Perez v Barrere,30,2016-11-08 02:18:33.737,2.08,2016-11-08 10:00:00,
1.128098439,8257792,Enrique Lopez-Perez,Lopez-Perez v Barrere,40,2016-11-08 06:56:21.239,2.02,2016-11-08 10:00:00,
1.128098439,8257792,Enrique Lopez-Perez,Lopez-Perez v Barrere,50,2016-11-08 07:06:24.619,1.99,2016-11-08 10:00:00,
1.128098439,8257792,Enrique Lopez-Perez,Lopez-Perez v Barrere,60,2016-11-08 07:58:41.194,2.0,2016-11-08 10:00:00,
1.128098439,8257792,Enrique Lopez-Perez,Lopez-Perez v Barrere,70,2016-11-08 08:50:16.664,2.1,2016-11-08 10:00:00,
1.128098439,8257792,Enrique Lopez-Perez,Lopez-Perez v Barrere,80,2016-11-08 09:21:03.386,2.12,2016-11-08 10:00:00,
1.128098439,8257792,Enrique Lopez-Perez,Lopez-Perez v Barrere,90,2016-11-08 09:50:31.897,2.2,2016-11-08 10:00:00,
1.128098439,8257792,Enrique Lopez-Perez,Lopez-Perez v Barrere,100,2016-11-08 09:54:34.040,2.2,2016-11-08 10:00:00,
1.128098439,8842295,Gregoire Barrere,Lopez-Perez v Barrere,0,2016-11-07 11:55:44.443,1.84,2016-11-08 12:00:00,
1.128098439,8842295,Gregoire Barrere,Lopez-Perez v Barrere,10,2016-11-08 00:10:41.119,1.87,2016-11-08 10:00:00,
1.128098439,8842295,Gregoire Barrere,Lopez-Perez v Barrere,20,2016-11-08 07:54:33.999,1.9,2016-11-08 10:00:00,
1.128098439,8842295,Gregoire Barrere,Lopez-Perez v Barrere,30,2016-11-08 08:03:08.548,1.89,2016-11-08 10:00:00,
1.128098439,8842295,Gregoire Barrere,Lopez-Perez v Barrere,40,2016-11-08 08:20:32.331,1.87,2016-11-08 10:00:00,
1.128098439,8842295,Gregoire Barrere,Lopez-Perez v Barrere,50,2016-11-08 08:43:03.790,1.88,2016-11-08 10:00:00,
1.128098439,8842295,Gregoire Barrere,Lopez-Perez v Barrere,60,2016-11-08 09:28:15.738,1.8,2016-11-08 10:00:00,
1.128098439,8842295,Gregoire Barrere,Lopez-Perez v Barrere,70,2016-11-08 09:47:17.526,1.85,2016-11-08 10:00:00,
1.128098439,8842295,Gregoire Barrere,Lopez-Perez v Barrere,80,2016-11-08 09:50:31.897,1.83,2016-11-08 10:00:00,
1.128098439,8842295,Gregoire Barrere,Lopez-Perez v Barrere,90,2016-11-08 09:52:33.774,1.85,2016-11-08 10:00:00,
1.128098439,8842295,Gregoire Barrere,Lopez-Perez v Barrere,100,2016-11-08 09:54:34.040,1.83,2016-11-08 10:00:00,
1.128098454,8461638,Yannik Reuter,Giustino v Reuter,0,2016-11-06 18:06:25.355,1.64,2016-11-07 12:00:00,
1.128098454,8461638,Yannik Reuter,Giustino v Reuter,10,2016-11-09 01:18:46.397,1.6,2016-11-09 10:00:00,
1.128098454,8461638,Yannik Reuter,Giustino v Reuter,20,2016-11-09 09:03:11.185,1.61,2016-11-09 10:00:00,
1.128098454,8461638,Yannik Reuter,Giustino v Reuter,30,2016-11-09 09:13:33.195,1.61,2016-11-09 10:00:00,
1.128098454,8461638,Yannik Reuter,Giustino v Reuter,40,2016-11-09 09:14:02.122,1.6,2016-11-09 10:00:00,
1.128098454,8461638,Yannik Reuter,Giustino v Reuter,50,2016-11-09 09:18:38.499,1.57,2016-11-09 10:00:00,
1.128098454,8461638,Yannik Reuter,Giustino v Reuter,60,2016-11-09 09:24:43.912,1.56,2016-11-09 10:00:00,
1.128098454,8461638,Yannik Reuter,Giustino v Reuter,70,2016-11-09 09:35:46.549,1.55,2016-11-09 10:00:00,
1.128098454,8461638,Yannik Reuter,Giustino v Reuter,80,2016-11-09 09:40:28.607,1.58,2016-11-09 10:00:00,
1.128098454,8461638,Yannik Reuter,Giustino v Reuter,90,2016-11-09 09:41:33.096,1.6,2016-11-09 10:00:00,
1.128098454,8461638,Yannik Reuter,Giustino v Reuter,100,2016-11-09 09:49:13.159,1.57,2016-11-09 10:00:00,
1.128098527,10109527,Alex De Minaur,De Minaur v Moutet,0,2016-11-06 19:00:36.426,1.61,2016-11-07 12:00:00,
1.128098527,10109527,Alex De Minaur,De Minaur v Moutet,10,2016-11-08 20:18:13.276,1.71,2016-11-09 14:00:00,
1.128098527,10109527,Alex De Minaur,De Minaur v Moutet,20,2016-11-08 22:05:12.396,1.62,2016-11-09 14:00:00,
1.128098527,10109527,Alex De Minaur,De Minaur v Moutet,30,2016-11-09 08:57:26.832,1.7,2016-11-09 14:00:00,
1.128098527,10109527,Alex De Minaur,De Minaur v Moutet,40,2016-11-09 09:13:33.202,1.6,2016-11-09 14:00:00,
1.128098527,10109527,Alex De Minaur,De Minaur v Moutet,50,2016-11-09 10:45:21.906,1.55,2016-11-09 14:00:00,
1.128098527,10109527,Alex De Minaur,De Minaur v Moutet,60,2016-11-09 11:01:47.800,1.55,2016-11-09 14:00:00,
1.128098527,10109527,Alex De Minaur,De Minaur v Moutet,70,2016-11-09 11:19:35.361,1.66,2016-11-09 14:00:00,
1.128098527,10109527,Alex De Minaur,De Minaur v Moutet,80,2016-11-09 12:33:06.082,1.56,2016-11-09 14:45:00,
1.128098527,10109527,Alex De Minaur,De Minaur v Moutet,90,2016-11-09 13:44:28.373,1.54,2016-11-09 14:43:00,
1.128098527,10109527,Alex De Minaur,De Minaur v Moutet,100,2016-11-09 14:01:18.977,1.45,2016-11-09 14:02:00,
1.128098571,8259186,Paul-Henri Mathieu,P Mathieu v Lamasine,0,2016-11-08 07:26:22.102,1.5,2016-11-08 16:30:00,
1.128098571,8259186,Paul-Henri Mathieu,P Mathieu v Lamasine,10,2016-11-08 14:35:18.452,1.45,2016-11-08 16:30:00,
1.128098571,8259186,Paul-Henri Mathieu,P Mathieu v Lamasine,20,2016-11-08 15:41:38.109,1.56,2016-11-08 16:30:00,
1.128098571,8259186,Paul-Henri Mathieu,P Mathieu v Lamasine,30,2016-11-08 15:59:27.078,1.54,2016-11-08 16:30:00,
1.128098571,8259186,Paul-Henri Mathieu,P Mathieu v Lamasine,40,2016-11-08 16:22:26.145,1.55,2016-11-08 16:30:00,
1.128098571,8259186,Paul-Henri Mathieu,P Mathieu v Lamasine,50,2016-11-08 16:45:40.924,1.54,2016-11-08 17:00:00,
1.128098571,8259186,Paul-Henri Mathieu,P Mathieu v Lamasine,60,2016-11-08 16:54:40.565,1.49,2016-11-08 17:00:00,
1.128098571,8259186,Paul-Henri Mathieu,P Mathieu v Lamasine,70,2016-11-08 17:14:37.014,1.48,2016-11-08 17:15:00,
1.128098571,8259186,Paul-Henri Mathieu,P Mathieu v Lamasine,80,2016-11-08 17:17:39.980,1.44,2016-11-08 17:30:00,
1.128098571,8259186,Paul-Henri Mathieu,P Mathieu v Lamasine,90,2016-11-08 17:25:33.536,1.44,2016-11-08 17:30:00,
1.128098571,8259186,Paul-Henri Mathieu,P Mathieu v Lamasine,100,2016-11-08 17:44:35.655,1.45,2016-11-08 17:45:00,
1.128098571,8428332,Tristan Lamasine,P Mathieu v Lamasine,0,2016-11-08 10:54:52.253,3.15,2016-11-08 16:30:00,
1.128098571,8428332,Tristan Lamasine,P Mathieu v Lamasine,10,2016-11-08 12:52:34.316,3.1,2016-11-08 16:30:00,
1.128098571,8428332,Tristan Lamasine,P Mathieu v Lamasine,20,2016-11-08 14:34:27.251,3.2,2016-11-08 16:30:00,
1.128098571,8428332,Tristan Lamasine,P Mathieu v Lamasine,30,2016-11-08 15:35:32.664,2.96,2016-11-08 16:30:00,
1.128098571,8428332,Tristan Lamasine,P Mathieu v Lamasine,40,2016-11-08 15:37:34.031,2.7,2016-11-08 16:30:00,
1.128098571,8428332,Tristan Lamasine,P Mathieu v Lamasine,50,2016-11-08 15:46:37.040,3.2,2016-11-08 16:30:00,
1.128098571,8428332,Tristan Lamasine,P Mathieu v Lamasine,60,2016-11-08 16:21:41.051,3.0,2016-11-08 16:30:00,
1.128098571,8428332,Tristan Lamasine,P Mathieu v Lamasine,70,2016-11-08 16:22:26.145,2.8,2016-11-08 16:30:00,
1.128098571,8428332,Tristan Lamasine,P Mathieu v Lamasine,80,2016-11-08 16:53:37.905,3.05,2016-11-08 17:00:00,
1.128098571,8428332,Tristan Lamasine,P Mathieu v Lamasine,90,2016-11-08 17:38:41.011,2.96,2016-11-08 17:45:00,
1.128098571,8428332,Tristan Lamasine,P Mathieu v Lamasine,100,2016-11-08 17:40:39.914,2.86,2016-11-08 17:45:00,
1.128098573,5011822,Konstantin Kravchuk,Halys v Kravchuk,0,2016-11-07 09:37:12.573,1.7,2016-11-08 12:00:00,
1.128098573,5011822,Konstantin Kravchuk,Halys v Kravchuk,10,2016-11-08 08:53:40.126,1.88,2016-11-08 15:30:00,
1.128098573,5011822,Konstantin Kravchuk,Halys v Kravchuk,20,2016-11-08 11:42:54.761,1.73,2016-11-08 15:45:00,
1.128098573,5011822,Konstantin Kravchuk,Halys v Kravchuk,30,2016-11-08 11:54:07.811,1.67,2016-11-08 15:48:00,
1.128098573,5011822,Konstantin Kravchuk,Halys v Kravchuk,40,2016-11-08 14:14:28.535,1.75,2016-11-08 16:09:00,
1.128098573,5011822,Konstantin Kravchuk,Halys v Kravchuk,50,2016-11-08 14:45:26.469,1.77,2016-11-08 16:09:00,
1.128098573,5011822,Konstantin Kravchuk,Halys v Kravchuk,60,2016-11-08 14:55:32.844,1.76,2016-11-08 16:09:00,
1.128098573,5011822,Konstantin Kravchuk,Halys v Kravchuk,70,2016-11-08 15:09:46.251,1.72,2016-11-08 16:09:00,
1.128098573,5011822,Konstantin Kravchuk,Halys v Kravchuk,80,2016-11-08 15:49:37.848,1.79,2016-11-08 16:09:00,
1.128098573,5011822,Konstantin Kravchuk,Halys v Kravchuk,90,2016-11-08 15:53:36.727,1.82,2016-11-08 16:09:00,
1.128098573,5011822,Konstantin Kravchuk,Halys v Kravchuk,100,2016-11-08 16:02:41.744,1.72,2016-11-08 16:04:00,
1.128098573,7287690,Quentin Halys,Halys v Kravchuk,0,2016-11-08 08:53:40.126,2.14,2016-11-08 15:30:00,
1.128098573,7287690,Quentin Halys,Halys v Kravchuk,10,2016-11-08 10:45:30.968,2.2,2016-11-08 15:30:00,
1.128098573,7287690,Quentin Halys,Halys v Kravchuk,20,2016-11-08 11:41:04.756,2.32,2016-11-08 15:45:00,
1.128098573,7287690,Quentin Halys,Halys v Kravchuk,30,2016-11-08 14:21:41.736,2.44,2016-11-08 16:09:00,
1.128098573,7287690,Quentin Halys,Halys v Kravchuk,40,2016-11-08 14:44:41.838,2.32,2016-11-08 16:09:00,
1.128098573,7287690,Quentin Halys,Halys v Kravchuk,50,2016-11-08 15:03:31.524,2.28,2016-11-08 16:09:00,
1.128098573,7287690,Quentin Halys,Halys v Kravchuk,60,2016-11-08 15:30:41.553,2.34,2016-11-08 16:09:00,
1.128098573,7287690,Quentin Halys,Halys v Kravchuk,70,2016-11-08 15:31:34.439,2.3,2016-11-08 16:09:00,
1.128098573,7287690,Quentin Halys,Halys v Kravchuk,80,2016-11-08 15:32:24.618,2.28,2016-11-08 16:09:00,
1.128098573,7287690,Quentin Halys,Halys v Kravchuk,90,2016-11-08 15:53:36.727,2.22,2016-11-08 16:09:00,
1.128098573,7287690,Quentin Halys,Halys v Kravchuk,100,2016-11-08 15:58:40.861,2.22,2016-11-08 16:09:00,
1.128098659,2581407,Tobias Kamke,K De Schepper v Kamke,0,2016-11-07 09:38:07.981,1.73,2016-11-08 12:00:00,
1.128098659,2581407,Tobias Kamke,K De Schepper v Kamke,10,2016-11-08 10:16:42.518,1.76,2016-11-08 13:30:00,
1.128098659,2581407,Tobias Kamke,K De Schepper v Kamke,20,2016-11-08 10:47:38.092,1.72,2016-11-08 13:30:00,
1.128098659,2581407,Tobias Kamke,K De Schepper v Kamke,30,2016-11-08 11:07:59.604,1.67,2016-11-08 13:30:00,
1.128098659,2581407,Tobias Kamke,K De Schepper v Kamke,40,2016-11-08 11:31:34.707,1.76,2016-11-08 13:45:00,
1.128098659,2581407,Tobias Kamke,K De Schepper v Kamke,50,2016-11-08 11:55:42.351,1.63,2016-11-08 13:48:00,
1.128098659,2581407,Tobias Kamke,K De Schepper v Kamke,60,2016-11-08 12:09:27.749,1.62,2016-11-08 13:48:00,
1.128098659,2581407,Tobias Kamke,K De Schepper v Kamke,70,2016-11-08 13:19:43.623,1.7,2016-11-08 13:48:00,
1.128098659,2581407,Tobias Kamke,K De Schepper v Kamke,80,2016-11-08 13:27:36.586,1.63,2016-11-08 13:48:00,
1.128098659,2581407,Tobias Kamke,K De Schepper v Kamke,90,2016-11-08 13:39:35.349,1.58,2016-11-08 13:48:00,
1.128098659,2581407,Tobias Kamke,K De Schepper v Kamke,100,2016-11-08 13:52:18.987,1.71,2016-11-08 14:03:00,
1.128098659,5617034,Kenny De Schepper,K De Schepper v Kamke,0,2016-11-08 10:46:33.086,2.32,2016-11-08 13:30:00,
1.128098659,5617034,Kenny De Schepper,K De Schepper v Kamke,10,2016-11-08 11:18:32.307,2.48,2016-11-08 13:30:00,
1.128098659,5617034,Kenny De Schepper,K De Schepper v Kamke,20,2016-11-08 11:31:34.707,2.32,2016-11-08 13:45:00,
1.128098659,5617034,Kenny De Schepper,K De Schepper v Kamke,30,2016-11-08 11:45:28.090,2.3,2016-11-08 14:00:00,
1.128098659,5617034,Kenny De Schepper,K De Schepper v Kamke,40,2016-11-08 11:49:28.606,2.48,2016-11-08 14:00:00,
1.128098659,5617034,Kenny De Schepper,K De Schepper v Kamke,50,2016-11-08 11:55:42.351,2.58,2016-11-08 13:48:00,
1.128098659,5617034,Kenny De Schepper,K De Schepper v Kamke,60,2016-11-08 11:56:41.627,2.32,2016-11-08 13:48:00,
1.128098659,5617034,Kenny De Schepper,K De Schepper v Kamke,70,2016-11-08 13:16:11.286,2.56,2016-11-08 13:48:00,
1.128098659,5617034,Kenny De Schepper,K De Schepper v Kamke,80,2016-11-08 13:20:43.654,2.4,2016-11-08 13:48:00,
1.128098659,5617034,Kenny De Schepper,K De Schepper v Kamke,90,2016-11-08 13:28:42.621,2.48,2016-11-08 13:48:00,
1.128098659,5617034,Kenny De Schepper,K De Schepper v Kamke,100,2016-11-08 13:52:18.987,2.46,2016-11-08 14:03:00,
1.128098704,4691416,Peter Gojowczyk,Gojowczyk v Sidorenko,0,2016-11-06 19:13:41.945,1.48,2016-11-07 12:00:00,
1.128098704,4691416,Peter Gojowczyk,Gojowczyk v Sidorenko,10,2016-11-08 07:17:44.867,1.61,2016-11-08 13:00:00,
1.128098704,4691416,Peter Gojowczyk,Gojowczyk v Sidorenko,20,2016-11-08 09:46:16.465,1.61,2016-11-08 13:00:00,
1.128098704,4691416,Peter Gojowczyk,Gojowczyk v Sidorenko,30,2016-11-08 09:50:03.747,1.51,2016-11-08 13:00:00,
1.128098704,4691416,Peter Gojowczyk,Gojowczyk v Sidorenko,40,2016-11-08 11:02:39.634,1.52,2016-11-08 13:00:00,
1.128098704,4691416,Peter Gojowczyk,Gojowczyk v Sidorenko,50,2016-11-08 11:05:40.468,1.51,2016-11-08 13:00:00,
1.128098704,4691416,Peter Gojowczyk,Gojowczyk v Sidorenko,60,2016-11-08 11:30:42.358,1.6,2016-11-08 13:00:00,
1.128098704,4691416,Peter Gojowczyk,Gojowczyk v Sidorenko,70,2016-11-08 12:07:45.775,1.51,2016-11-08 13:00:00,
1.128098704,4691416,Peter Gojowczyk,Gojowczyk v Sidorenko,80,2016-11-08 12:16:16.900,1.56,2016-11-08 13:00:00,
1.128098704,4691416,Peter Gojowczyk,Gojowczyk v Sidorenko,90,2016-11-08 12:17:48.438,1.54,2016-11-08 13:00:00,
1.128098704,4691416,Peter Gojowczyk,Gojowczyk v Sidorenko,100,2016-11-08 12:51:32.531,1.51,2016-11-08 13:00:00,
1.128098792,2263632,Marco Chiudinelli,Chiudinelli v Blancaneaux,0,2016-11-06 20:25:25.663,1.26,2016-11-07 19:30:00,
1.128098792,2263632,Marco Chiudinelli,Chiudinelli v Blancaneaux,10,2016-11-06 23:48:15.506,1.31,2016-11-07 19:30:00,
1.128098792,2263632,Marco Chiudinelli,Chiudinelli v Blancaneaux,20,2016-11-07 01:31:21.573,1.26,2016-11-07 19:30:00,
1.128098792,2263632,Marco Chiudinelli,Chiudinelli v Blancaneaux,30,2016-11-07 02:44:43.404,1.3,2016-11-07 19:30:00,
1.128098792,2263632,Marco Chiudinelli,Chiudinelli v Blancaneaux,40,2016-11-07 08:20:37.117,1.31,2016-11-07 19:30:00,
1.128098792,2263632,Marco Chiudinelli,Chiudinelli v Blancaneaux,50,2016-11-07 10:50:17.826,1.24,2016-11-07 19:30:00,
1.128098792,2263632,Marco Chiudinelli,Chiudinelli v Blancaneaux,60,2016-11-07 17:58:46.421,1.23,2016-11-07 19:26:00,
1.128098792,2263632,Marco Chiudinelli,Chiudinelli v Blancaneaux,70,2016-11-07 18:07:35.814,1.2,2016-11-07 19:26:00,
1.128098792,2263632,Marco Chiudinelli,Chiudinelli v Blancaneaux,80,2016-11-07 18:22:47.698,1.21,2016-11-07 19:26:00,
1.128098792,2263632,Marco Chiudinelli,Chiudinelli v Blancaneaux,90,2016-11-07 18:39:56.490,1.22,2016-11-07 19:26:00,
1.128098792,2263632,Marco Chiudinelli,Chiudinelli v Blancaneaux,100,2016-11-07 18:49:44.613,1.2,2016-11-07 19:26:00,
1.128098836,7797764,Alexey Vatutin,Vatutin v Riba,0,2016-11-08 06:29:28.654,1.58,2016-11-08 10:00:00,
1.128098836,7797764,Alexey Vatutin,Vatutin v Riba,10,2016-11-08 07:09:53.827,1.67,2016-11-08 10:00:00,
1.128098836,7797764,Alexey Vatutin,Vatutin v Riba,20,2016-11-08 07:24:02.889,1.57,2016-11-08 10:00:00,
1.128098836,7797764,Alexey Vatutin,Vatutin v Riba,30,2016-11-08 08:06:54.451,1.57,2016-11-08 10:00:00,
1.128098836,7797764,Alexey Vatutin,Vatutin v Riba,40,2016-11-08 08:09:40.915,1.57,2016-11-08 10:00:00,
1.128098836,7797764,Alexey Vatutin,Vatutin v Riba,50,2016-11-08 08:12:55.360,1.55,2016-11-08 10:00:00,
1.128098836,7797764,Alexey Vatutin,Vatutin v Riba,60,2016-11-08 08:13:43.194,1.56,2016-11-08 10:00:00,
1.128098836,7797764,Alexey Vatutin,Vatutin v Riba,70,2016-11-08 09:25:55.224,1.58,2016-11-08 10:00:00,
1.128098836,7797764,Alexey Vatutin,Vatutin v Riba,80,2016-11-08 09:34:42.838,1.56,2016-11-08 10:00:00,
1.128098836,7797764,Alexey Vatutin,Vatutin v Riba,90,2016-11-08 09:47:45.259,1.57,2016-11-08 10:00:00,
1.128098836,7797764,Alexey Vatutin,Vatutin v Riba,100,2016-11-08 09:52:50.844,1.55,2016-11-08 10:00:00,
1.128099936,7364079,Adrien Bossel,A Penaud v Bossel,0,2016-11-06 07:56:27.477,1.59,2016-11-06 13:00:00,
1.128099936,7364079,Adrien Bossel,A Penaud v Bossel,10,2016-11-06 08:12:06.676,1.6,2016-11-06 13:00:00,
1.128099936,7364079,Adrien Bossel,A Penaud v Bossel,20,2016-11-06 08:13:03.323,1.59,2016-11-06 13:00:00,
1.128099936,7364079,Adrien Bossel,A Penaud v Bossel,30,2016-11-06 08:15:20.064,2.02,2016-11-06 13:00:00,
1.128099936,7364079,Adrien Bossel,A Penaud v Bossel,40,2016-11-06 09:14:23.372,1.64,2016-11-06 13:00:00,
1.128099936,7364079,Adrien Bossel,A Penaud v Bossel,50,2016-11-06 09:42:55.323,1.59,2016-11-06 13:00:00,
1.128099936,7364079,Adrien Bossel,A Penaud v Bossel,60,2016-11-06 11:02:05.515,1.56,2016-11-06 12:52:00,
1.128099936,7364079,Adrien Bossel,A Penaud v Bossel,70,2016-11-06 12:16:25.142,1.46,2016-11-06 12:52:00,
1.128099936,7364079,Adrien Bossel,A Penaud v Bossel,80,2016-11-06 12:30:22.139,1.47,2016-11-06 12:52:00,
1.128099936,7364079,Adrien Bossel,A Penaud v Bossel,90,2016-11-06 12:31:05.361,1.46,2016-11-06 12:52:00,
1.128099936,7364079,Adrien Bossel,A Penaud v Bossel,100,2016-11-06 12:34:24.969,1.44,2016-11-06 12:52:00,
1.128100153,2497008,Petra Kvitova,Svitolina v Kvitova,0,2016-11-05 13:43:37.702,1.27,2016-11-06 08:00:00,
1.128100153,2497008,Petra Kvitova,Svitolina v Kvitova,10,2016-11-05 17:37:23.803,1.37,2016-11-06 08:00:00,
1.128100153,2497008,Petra Kvitova,Svitolina v Kvitova,20,2016-11-05 21:46:20.680,1.34,2016-11-06 08:00:00,
1.128100153,2497008,Petra Kvitova,Svitolina v Kvitova,30,2016-11-05 22:25:54.475,1.35,2016-11-06 08:00:00,
1.128100153,2497008,Petra Kvitova,Svitolina v Kvitova,40,2016-11-05 23:19:59.244,1.35,2016-11-06 08:00:00,
1.128100153,2497008,Petra Kvitova,Svitolina v Kvitova,50,2016-11-06 01:24:48.011,1.32,2016-11-06 08:00:00,
1.128100153,2497008,Petra Kvitova,Svitolina v Kvitova,60,2016-11-06 03:38:21.158,1.3,2016-11-06 08:00:00,
1.128100153,2497008,Petra Kvitova,Svitolina v Kvitova,70,2016-11-06 05:30:07.800,1.3,2016-11-06 08:00:00,
1.128100153,2497008,Petra Kvitova,Svitolina v Kvitova,80,2016-11-06 07:19:50.897,1.3,2016-11-06 08:00:00,
1.128100153,2497008,Petra Kvitova,Svitolina v Kvitova,90,2016-11-06 07:41:54.487,1.32,2016-11-06 08:00:00,
1.128100153,2497008,Petra Kvitova,Svitolina v Kvitova,100,2016-11-06 07:53:55.098,1.3,2016-11-06 08:00:00,
1.128100153,6324464,Elina Svitolina,Svitolina v Kvitova,0,2016-11-05 15:34:45.169,3.55,2016-11-06 08:00:00,
1.128100153,6324464,Elina Svitolina,Svitolina v Kvitova,10,2016-11-05 18:23:53.448,3.9,2016-11-06 08:00:00,
1.128100153,6324464,Elina Svitolina,Svitolina v Kvitova,20,2016-11-05 20:53:42.890,3.8,2016-11-06 08:00:00,
1.128100153,6324464,Elina Svitolina,Svitolina v Kvitova,30,2016-11-05 22:14:33.737,3.85,2016-11-06 08:00:00,
1.128100153,6324464,Elina Svitolina,Svitolina v Kvitova,40,2016-11-06 00:04:00.916,3.95,2016-11-06 08:00:00,
1.128100153,6324464,Elina Svitolina,Svitolina v Kvitova,50,2016-11-06 01:59:54.315,4.3,2016-11-06 08:00:00,
1.128100153,6324464,Elina Svitolina,Svitolina v Kvitova,60,2016-11-06 04:10:55.166,4.3,2016-11-06 08:00:00,
1.128100153,6324464,Elina Svitolina,Svitolina v Kvitova,70,2016-11-06 05:39:00.706,4.3,2016-11-06 08:00:00,
1.128100153,6324464,Elina Svitolina,Svitolina v Kvitova,80,2016-11-06 07:18:02.551,4.4,2016-11-06 08:00:00,
1.128100153,6324464,Elina Svitolina,Svitolina v Kvitova,90,2016-11-06 07:44:25.738,4.3,2016-11-06 08:00:00,
1.128100153,6324464,Elina Svitolina,Svitolina v Kvitova,100,2016-11-06 07:53:55.098,4.1,2016-11-06 08:00:00,
1.128100382,2249832,Frank Dancevic,Dancevic v Kavcic,0,2016-11-07 07:02:19.175,2.06,2016-11-07 17:00:00,
1.128100382,2249832,Frank Dancevic,Dancevic v Kavcic,10,2016-11-07 08:06:39.282,2.08,2016-11-07 17:00:00,
1.128100382,2249832,Frank Dancevic,Dancevic v Kavcic,20,2016-11-07 09:12:36.469,1.97,2016-11-07 17:00:00,
1.128100382,2249832,Frank Dancevic,Dancevic v Kavcic,30,2016-11-07 10:20:30.386,1.86,2016-11-07 17:00:00,
1.128100382,2249832,Frank Dancevic,Dancevic v Kavcic,40,2016-11-07 10:32:23.586,1.95,2016-11-07 17:00:00,
1.128100382,2249832,Frank Dancevic,Dancevic v Kavcic,50,2016-11-07 11:54:33.979,1.89,2016-11-07 17:00:00,
1.128100382,2249832,Frank Dancevic,Dancevic v Kavcic,60,2016-11-07 14:26:21.357,1.94,2016-11-07 17:00:00,
1.128100382,2249832,Frank Dancevic,Dancevic v Kavcic,70,2016-11-07 16:33:36.685,1.87,2016-11-07 17:00:00,
1.128100382,2249832,Frank Dancevic,Dancevic v Kavcic,80,2016-11-07 16:36:37.838,1.91,2016-11-07 17:00:00,
1.128100382,2249832,Frank Dancevic,Dancevic v Kavcic,90,2016-11-07 16:49:34.675,1.94,2016-11-07 17:00:00,
1.128100382,2249832,Frank Dancevic,Dancevic v Kavcic,100,2016-11-07 16:58:35.549,1.89,2016-11-07 17:00:00,
1.128100382,2863465,Blaz Kavcic,Dancevic v Kavcic,0,2016-11-07 07:40:34.803,1.86,2016-11-07 17:00:00,
1.128100382,2863465,Blaz Kavcic,Dancevic v Kavcic,10,2016-11-07 07:59:25.973,1.98,2016-11-07 17:00:00,
1.128100382,2863465,Blaz Kavcic,Dancevic v Kavcic,20,2016-11-07 08:26:08.212,2.0,2016-11-07 17:00:00,
1.128100382,2863465,Blaz Kavcic,Dancevic v Kavcic,30,2016-11-07 10:12:27.664,2.14,2016-11-07 17:00:00,
1.128100382,2863465,Blaz Kavcic,Dancevic v Kavcic,40,2016-11-07 10:32:23.586,2.06,2016-11-07 17:00:00,
1.128100382,2863465,Blaz Kavcic,Dancevic v Kavcic,50,2016-11-07 13:46:41.664,2.08,2016-11-07 17:00:00,
1.128100382,2863465,Blaz Kavcic,Dancevic v Kavcic,60,2016-11-07 14:30:26.694,2.08,2016-11-07 17:00:00,
1.128100382,2863465,Blaz Kavcic,Dancevic v Kavcic,70,2016-11-07 16:33:36.685,2.12,2016-11-07 17:00:00,
1.128100382,2863465,Blaz Kavcic,Dancevic v Kavcic,80,2016-11-07 16:39:06.005,2.1,2016-11-07 17:00:00,
1.128100382,2863465,Blaz Kavcic,Dancevic v Kavcic,90,2016-11-07 16:52:39.507,2.1,2016-11-07 17:00:00,
1.128100382,2863465,Blaz Kavcic,Dancevic v Kavcic,100,2016-11-07 16:56:37.873,2.02,2016-11-07 17:00:00,
1.128100418,8284479,Federico Gaio,Prader v Gaio,0,2016-11-06 23:49:18.111,1.25,2016-11-07 19:00:00,
1.128100418,8284479,Federico Gaio,Prader v Gaio,10,2016-11-07 11:34:35.467,1.31,2016-11-07 19:00:00,
1.128100418,8284479,Federico Gaio,Prader v Gaio,20,2016-11-07 12:11:08.166,1.36,2016-11-07 19:00:00,
1.128100418,8284479,Federico Gaio,Prader v Gaio,30,2016-11-07 15:04:41.012,1.75,2016-11-07 19:00:00,
1.128100418,8284479,Federico Gaio,Prader v Gaio,40,2016-11-07 15:36:26.207,1.6,2016-11-07 19:00:00,
1.128100418,8284479,Federico Gaio,Prader v Gaio,50,2016-11-07 16:33:42.128,1.62,2016-11-07 19:00:00,
1.128100418,8284479,Federico Gaio,Prader v Gaio,60,2016-11-07 17:16:37.255,1.62,2016-11-07 18:56:00,
1.128100418,8284479,Federico Gaio,Prader v Gaio,70,2016-11-07 17:42:51.086,1.56,2016-11-07 18:56:00,
1.128100418,8284479,Federico Gaio,Prader v Gaio,80,2016-11-07 18:13:42.039,1.83,2016-11-07 18:56:00,
1.128100418,8284479,Federico Gaio,Prader v Gaio,90,2016-11-07 18:45:39.486,1.51,2016-11-07 18:56:00,
1.128100418,8284479,Federico Gaio,Prader v Gaio,100,2016-11-07 18:54:32.537,1.62,2016-11-07 19:06:00,
1.128100418,8960809,Patrick Prader,Prader v Gaio,0,2016-11-06 23:49:18.111,5.1,2016-11-07 19:00:00,
1.128100418,8960809,Patrick Prader,Prader v Gaio,10,2016-11-07 11:29:42.518,4.7,2016-11-07 19:00:00,
1.128100418,8960809,Patrick Prader,Prader v Gaio,20,2016-11-07 11:35:36.508,4.1,2016-11-07 19:00:00,
1.128100418,8960809,Patrick Prader,Prader v Gaio,30,2016-11-07 11:40:27.397,3.5,2016-11-07 19:00:00,
1.128100418,8960809,Patrick Prader,Prader v Gaio,40,2016-11-07 12:38:25.364,2.32,2016-11-07 19:00:00,
1.128100418,8960809,Patrick Prader,Prader v Gaio,50,2016-11-07 14:32:03.597,2.6,2016-11-07 19:00:00,
1.128100418,8960809,Patrick Prader,Prader v Gaio,60,2016-11-07 15:08:14.798,2.66,2016-11-07 19:00:00,
1.128100418,8960809,Patrick Prader,Prader v Gaio,70,2016-11-07 16:33:42.128,2.6,2016-11-07 19:00:00,
1.128100418,8960809,Patrick Prader,Prader v Gaio,80,2016-11-07 17:33:39.854,2.62,2016-11-07 18:56:00,
1.128100418,8960809,Patrick Prader,Prader v Gaio,90,2016-11-07 18:06:24.064,2.46,2016-11-07 18:56:00,
1.128100418,8960809,Patrick Prader,Prader v Gaio,100,2016-11-07 18:54:32.537,2.62,2016-11-07 19:06:00,
1.128100516,8907933,Alexander Bublik,Giannessi v Bublik,0,2016-11-06 12:45:12.536,1.64,2016-11-07 12:00:00,
1.128100516,8907933,Alexander Bublik,Giannessi v Bublik,10,2016-11-06 19:10:27.463,1.62,2016-11-07 12:00:00,
1.128100516,8907933,Alexander Bublik,Giannessi v Bublik,20,2016-11-07 19:20:13.555,1.71,2016-11-08 17:00:00,
1.128100516,8907933,Alexander Bublik,Giannessi v Bublik,30,2016-11-08 09:17:37.987,1.65,2016-11-08 17:00:00,
1.128100516,8907933,Alexander Bublik,Giannessi v Bublik,40,2016-11-08 15:53:37.350,1.75,2016-11-08 17:00:00,
1.128100516,8907933,Alexander Bublik,Giannessi v Bublik,50,2016-11-08 16:08:40.188,1.7,2016-11-08 17:00:00,
1.128100516,8907933,Alexander Bublik,Giannessi v Bublik,60,2016-11-08 16:09:14.153,1.65,2016-11-08 17:00:00,
1.128100516,8907933,Alexander Bublik,Giannessi v Bublik,70,2016-11-08 16:35:41.040,1.63,2016-11-08 17:00:00,
1.128100516,8907933,Alexander Bublik,Giannessi v Bublik,80,2016-11-08 17:19:52.821,1.66,2016-11-08 17:30:00,
1.128100516,8907933,Alexander Bublik,Giannessi v Bublik,90,2016-11-08 17:45:35.169,1.6,2016-11-08 18:00:00,
1.128100516,8907933,Alexander Bublik,Giannessi v Bublik,100,2016-11-08 17:47:34.278,1.6,2016-11-08 18:00:00,
1.128100541,7593283,Andrea Arnaboldi,Arnaboldi v S Napolitano,0,2016-11-06 11:17:40.620,2.46,2016-11-07 12:00:00,
1.128100541,7593283,Andrea Arnaboldi,Arnaboldi v S Napolitano,10,2016-11-06 11:35:38.918,2.38,2016-11-07 12:00:00,
1.128100541,7593283,Andrea Arnaboldi,Arnaboldi v S Napolitano,20,2016-11-07 06:47:24.371,1.9,2016-11-08 12:00:00,
1.128100541,7593283,Andrea Arnaboldi,Arnaboldi v S Napolitano,30,2016-11-07 20:37:36.501,1.94,2016-11-08 15:30:00,
1.128100541,7593283,Andrea Arnaboldi,Arnaboldi v S Napolitano,40,2016-11-08 07:11:07.665,1.96,2016-11-08 15:30:00,
1.128100541,7593283,Andrea Arnaboldi,Arnaboldi v S Napolitano,50,2016-11-08 13:02:43.450,1.79,2016-11-08 15:30:00,
1.128100541,7593283,Andrea Arnaboldi,Arnaboldi v S Napolitano,60,2016-11-08 13:07:40.165,1.92,2016-11-08 15:30:00,
1.128100541,7593283,Andrea Arnaboldi,Arnaboldi v S Napolitano,70,2016-11-08 14:41:38.735,1.74,2016-11-08 16:45:00,
1.128100541,7593283,Andrea Arnaboldi,Arnaboldi v S Napolitano,80,2016-11-08 15:44:31.125,1.74,2016-11-08 17:00:00,
1.128100541,7593283,Andrea Arnaboldi,Arnaboldi v S Napolitano,90,2016-11-08 16:00:28.057,1.7,2016-11-08 17:00:00,
1.128100541,7593283,Andrea Arnaboldi,Arnaboldi v S Napolitano,100,2016-11-08 16:18:40.847,1.74,2016-11-08 17:00:00,
1.128100647,8535963,Nikola Milojevic,Z Kolar v N Milojevic,0,2016-11-07 08:16:40.288,1.72,2016-11-07 15:15:00,
1.128100647,8535963,Nikola Milojevic,Z Kolar v N Milojevic,10,2016-11-07 09:21:27.620,1.7,2016-11-07 15:15:00,
1.128100647,8535963,Nikola Milojevic,Z Kolar v N Milojevic,20,2016-11-07 10:22:37.810,1.7,2016-11-07 15:15:00,
1.128100647,8535963,Nikola Milojevic,Z Kolar v N Milojevic,30,2016-11-07 11:03:07.860,1.67,2016-11-07 15:15:00,
1.128100647,8535963,Nikola Milojevic,Z Kolar v N Milojevic,40,2016-11-07 12:32:23.754,1.65,2016-11-07 15:15:00,
1.128100647,8535963,Nikola Milojevic,Z Kolar v N Milojevic,50,2016-11-07 12:40:17.535,1.61,2016-11-07 15:15:00,
1.128100647,8535963,Nikola Milojevic,Z Kolar v N Milojevic,60,2016-11-07 13:12:44.796,1.6,2016-11-07 15:15:00,
1.128100647,8535963,Nikola Milojevic,Z Kolar v N Milojevic,70,2016-11-07 13:30:43.356,1.66,2016-11-07 15:15:00,
1.128100647,8535963,Nikola Milojevic,Z Kolar v N Milojevic,80,2016-11-07 14:19:44.891,1.64,2016-11-07 15:15:00,
1.128100647,8535963,Nikola Milojevic,Z Kolar v N Milojevic,90,2016-11-07 14:33:43.929,1.63,2016-11-07 15:15:00,
1.128100647,8535963,Nikola Milojevic,Z Kolar v N Milojevic,100,2016-11-07 14:57:47.114,1.59,2016-11-07 15:15:00,
1.128100652,8684410,Marko Tepavac,Jahn v Tepavac,0,2016-11-06 11:47:33.116,2.06,2016-11-07 12:00:00,
1.128100652,8684410,Marko Tepavac,Jahn v Tepavac,10,2016-11-08 00:10:33.332,1.97,2016-11-08 13:00:00,
1.128100652,8684410,Marko Tepavac,Jahn v Tepavac,20,2016-11-08 06:57:05.218,1.74,2016-11-08 13:00:00,
1.128100652,8684410,Marko Tepavac,Jahn v Tepavac,30,2016-11-08 07:12:54.711,1.73,2016-11-08 13:00:00,
1.128100652,8684410,Marko Tepavac,Jahn v Tepavac,40,2016-11-08 09:17:22.417,1.73,2016-11-08 12:39:00,
1.128100652,8684410,Marko Tepavac,Jahn v Tepavac,50,2016-11-08 11:02:43.416,1.73,2016-11-08 12:18:00,
1.128100652,8684410,Marko Tepavac,Jahn v Tepavac,60,2016-11-08 11:03:29.524,1.66,2016-11-08 12:18:00,
1.128100652,8684410,Marko Tepavac,Jahn v Tepavac,70,2016-11-08 11:11:08.114,1.75,2016-11-08 12:18:00,
1.128100652,8684410,Marko Tepavac,Jahn v Tepavac,80,2016-11-08 11:12:42.282,1.79,2016-11-08 12:18:00,
1.128100652,8684410,Marko Tepavac,Jahn v Tepavac,90,2016-11-08 11:15:27.259,1.74,2016-11-08 12:18:00,
1.128100652,8684410,Marko Tepavac,Jahn v Tepavac,100,2016-11-08 11:51:47.030,1.6,2016-11-08 11:52:00,
1.128100691,8257868,Salvatore Caruso,Caruso v Mager,0,2016-11-06 11:35:49.957,1.63,2016-11-07 12:00:00,
1.128100691,8257868,Salvatore Caruso,Caruso v Mager,10,2016-11-06 20:09:19.854,1.55,2016-11-07 12:00:00,
1.128100691,8257868,Salvatore Caruso,Caruso v Mager,20,2016-11-07 06:48:46.629,1.45,2016-11-08 12:00:00,
1.128100691,8257868,Salvatore Caruso,Caruso v Mager,30,2016-11-07 17:43:05.638,1.42,2016-11-08 12:00:00,
1.128100691,8257868,Salvatore Caruso,Caruso v Mager,40,2016-11-08 11:55:39.546,1.36,2016-11-09 12:00:00,
1.128100691,8257868,Salvatore Caruso,Caruso v Mager,50,2016-11-09 04:59:29.486,1.35,2016-11-09 17:00:00,
1.128100691,8257868,Salvatore Caruso,Caruso v Mager,60,2016-11-09 10:48:45.540,1.43,2016-11-09 17:00:00,
1.128100691,8257868,Salvatore Caruso,Caruso v Mager,70,2016-11-09 11:49:16.345,1.44,2016-11-09 17:00:00,
1.128100691,8257868,Salvatore Caruso,Caruso v Mager,80,2016-11-09 14:23:43.511,1.44,2016-11-09 17:00:00,
1.128100691,8257868,Salvatore Caruso,Caruso v Mager,90,2016-11-09 15:51:43.250,1.48,2016-11-09 17:00:00,
1.128100691,8257868,Salvatore Caruso,Caruso v Mager,100,2016-11-09 16:40:44.441,1.48,2016-11-09 17:00:00,
1.12810078,6179151,Albano Olivetti,Djere v Olivetti,0,2016-11-06 10:49:46.219,1.97,2016-11-07 12:00:00,
1.12810078,6179151,Albano Olivetti,Djere v Olivetti,10,2016-11-06 17:16:01.316,2.6,2016-11-07 12:00:00,
1.12810078,6179151,Albano Olivetti,Djere v Olivetti,20,2016-11-07 07:54:39.560,2.7,2016-11-08 12:00:00,
1.12810078,6179151,Albano Olivetti,Djere v Olivetti,30,2016-11-07 12:23:00.813,2.12,2016-11-08 12:00:00,
1.12810078,6179151,Albano Olivetti,Djere v Olivetti,40,2016-11-08 00:08:41.931,2.08,2016-11-08 09:00:00,
1.12810078,6179151,Albano Olivetti,Djere v Olivetti,50,2016-11-08 05:04:23.625,2.38,2016-11-08 09:00:00,
1.12810078,6179151,Albano Olivetti,Djere v Olivetti,60,2016-11-08 06:59:00.984,2.38,2016-11-08 09:00:00,
1.12810078,6179151,Albano Olivetti,Djere v Olivetti,70,2016-11-08 07:08:54.211,2.18,2016-11-08 09:00:00,
1.12810078,6179151,Albano Olivetti,Djere v Olivetti,80,2016-11-08 07:46:17.788,2.18,2016-11-08 09:00:00,
1.12810078,6179151,Albano Olivetti,Djere v Olivetti,90,2016-11-08 08:05:56.782,2.36,2016-11-08 09:00:00,
1.12810078,6179151,Albano Olivetti,Djere v Olivetti,100,2016-11-08 08:44:01.410,2.4,2016-11-08 09:00:00,
1.12810078,7692106,Laslo Djere,Djere v Olivetti,0,2016-11-06 10:49:46.219,2.04,2016-11-07 12:00:00,
1.12810078,7692106,Laslo Djere,Djere v Olivetti,10,2016-11-06 12:47:05.982,1.66,2016-11-07 12:00:00,
1.12810078,7692106,Laslo Djere,Djere v Olivetti,20,2016-11-06 17:37:10.903,1.59,2016-11-07 12:00:00,
1.12810078,7692106,Laslo Djere,Djere v Olivetti,30,2016-11-07 07:54:39.560,1.59,2016-11-08 12:00:00,
1.12810078,7692106,Laslo Djere,Djere v Olivetti,40,2016-11-07 21:50:56.781,1.73,2016-11-08 09:00:00,
1.12810078,7692106,Laslo Djere,Djere v Olivetti,50,2016-11-08 05:24:08.542,1.73,2016-11-08 09:00:00,
1.12810078,7692106,Laslo Djere,Djere v Olivetti,60,2016-11-08 07:07:54.126,1.85,2016-11-08 09:00:00,
1.12810078,7692106,Laslo Djere,Djere v Olivetti,70,2016-11-08 07:46:17.788,1.73,2016-11-08 09:00:00,
1.12810078,7692106,Laslo Djere,Djere v Olivetti,80,2016-11-08 08:08:02.673,1.85,2016-11-08 09:00:00,
1.12810078,7692106,Laslo Djere,Djere v Olivetti,90,2016-11-08 08:26:02.649,1.76,2016-11-08 09:00:00,
1.12810078,7692106,Laslo Djere,Djere v Olivetti,100,2016-11-08 08:44:01.410,1.77,2016-11-08 09:00:00,
1.128100788,8681900,Luca Vanni,Vanni v Sonego,0,2016-11-06 10:46:01.816,1.76,2016-11-07 12:00:00,
1.128100788,8681900,Luca Vanni,Vanni v Sonego,10,2016-11-06 10:47:00.028,1.72,2016-11-07 12:00:00,
1.128100788,8681900,Luca Vanni,Vanni v Sonego,20,2016-11-06 10:47:14.324,1.7,2016-11-07 12:00:00,
1.128100788,8681900,Luca Vanni,Vanni v Sonego,30,2016-11-06 17:21:09.299,1.75,2016-11-07 12:00:00,
1.128100788,8681900,Luca Vanni,Vanni v Sonego,40,2016-11-06 17:37:10.841,1.72,2016-11-07 12:00:00,
1.128100788,8681900,Luca Vanni,Vanni v Sonego,50,2016-11-07 20:51:50.613,1.69,2016-11-08 11:00:00,
1.128100788,8681900,Luca Vanni,Vanni v Sonego,60,2016-11-08 09:17:22.416,1.68,2016-11-08 10:42:00,
1.128100788,8681900,Luca Vanni,Vanni v Sonego,70,2016-11-08 09:18:58.442,1.69,2016-11-08 10:42:00,
1.128100788,8681900,Luca Vanni,Vanni v Sonego,80,2016-11-08 09:50:25.468,1.67,2016-11-08 10:42:00,
1.128100788,8681900,Luca Vanni,Vanni v Sonego,90,2016-11-08 10:02:40.796,1.74,2016-11-08 10:42:00,
1.128100788,8681900,Luca Vanni,Vanni v Sonego,100,2016-11-08 10:13:59.374,1.75,2016-11-08 10:42:00,
1.128100912,4061310,Kevin Krawietz,Krawietz v Ramanathan,0,2016-11-07 12:21:53.779,1.86,2016-11-08 12:00:00,
1.128100912,4061310,Kevin Krawietz,Krawietz v Ramanathan,10,2016-11-07 13:59:03.051,1.73,2016-11-08 11:00:00,
1.128100912,4061310,Kevin Krawietz,Krawietz v Ramanathan,20,2016-11-08 06:10:10.962,1.71,2016-11-08 11:00:00,
1.128100912,4061310,Kevin Krawietz,Krawietz v Ramanathan,30,2016-11-08 06:30:18.955,1.74,2016-11-08 11:00:00,
1.128100912,4061310,Kevin Krawietz,Krawietz v Ramanathan,40,2016-11-08 06:52:01.011,1.76,2016-11-08 11:00:00,
1.128100912,4061310,Kevin Krawietz,Krawietz v Ramanathan,50,2016-11-08 08:23:10.322,1.81,2016-11-08 11:00:00,
1.128100912,4061310,Kevin Krawietz,Krawietz v Ramanathan,60,2016-11-08 09:01:16.310,1.72,2016-11-08 10:39:00,
1.128100912,4061310,Kevin Krawietz,Krawietz v Ramanathan,70,2016-11-08 09:05:15.156,1.71,2016-11-08 10:39:00,
1.128100912,4061310,Kevin Krawietz,Krawietz v Ramanathan,80,2016-11-08 09:06:29.378,1.72,2016-11-08 10:39:00,
1.128100912,4061310,Kevin Krawietz,Krawietz v Ramanathan,90,2016-11-08 09:17:57.582,1.71,2016-11-08 10:39:00,
1.128100912,4061310,Kevin Krawietz,Krawietz v Ramanathan,100,2016-11-08 10:15:00.048,1.75,2016-11-08 10:39:00,
1.128100912,8173038,Ramkumar Ramanathan,Krawietz v Ramanathan,0,2016-11-06 23:56:46.303,2.2,2016-11-07 12:00:00,
1.128100912,8173038,Ramkumar Ramanathan,Krawietz v Ramanathan,10,2016-11-07 04:44:02.394,2.16,2016-11-08 12:00:00,
1.128100912,8173038,Ramkumar Ramanathan,Krawietz v Ramanathan,20,2016-11-07 04:46:03.405,2.12,2016-11-08 12:00:00,
1.128100912,8173038,Ramkumar Ramanathan,Krawietz v Ramanathan,30,2016-11-07 12:21:53.779,2.16,2016-11-08 12:00:00,
1.128100912,8173038,Ramkumar Ramanathan,Krawietz v Ramanathan,40,2016-11-07 13:59:03.051,2.36,2016-11-08 11:00:00,
1.128100912,8173038,Ramkumar Ramanathan,Krawietz v Ramanathan,50,2016-11-07 14:03:09.419,2.2,2016-11-08 11:00:00,
1.128100912,8173038,Ramkumar Ramanathan,Krawietz v Ramanathan,60,2016-11-08 06:52:01.011,2.3,2016-11-08 11:00:00,
1.128100912,8173038,Ramkumar Ramanathan,Krawietz v Ramanathan,70,2016-11-08 06:54:35.187,2.18,2016-11-08 11:00:00,
1.128100912,8173038,Ramkumar Ramanathan,Krawietz v Ramanathan,80,2016-11-08 07:54:54.534,2.36,2016-11-08 11:00:00,
1.128100912,8173038,Ramkumar Ramanathan,Krawietz v Ramanathan,90,2016-11-08 08:23:10.322,2.22,2016-11-08 11:00:00,
1.128100912,8173038,Ramkumar Ramanathan,Krawietz v Ramanathan,100,2016-11-08 10:15:00.048,2.32,2016-11-08 10:39:00,
1.128100957,9128710,Adrian Menendez-Maceira,Menendez-Maceiras v M Berrettini,0,2016-11-08 12:51:45.298,1.49,2016-11-09 12:00:00,
1.128100957,9128710,Adrian Menendez-Maceira,Menendez-Maceiras v M Berrettini,10,2016-11-08 12:54:16.523,1.48,2016-11-09 12:00:00,
1.128100957,9128710,Adrian Menendez-Maceira,Menendez-Maceiras v M Berrettini,20,2016-11-08 23:55:20.354,1.47,2016-11-09 11:00:00,
1.128100957,9128710,Adrian Menendez-Maceira,Menendez-Maceiras v M Berrettini,30,2016-11-09 08:59:02.184,1.42,2016-11-09 11:00:00,
1.128100957,9128710,Adrian Menendez-Maceira,Menendez-Maceiras v M Berrettini,40,2016-11-09 09:13:32.931,1.43,2016-11-09 11:00:00,
1.128100957,9128710,Adrian Menendez-Maceira,Menendez-Maceiras v M Berrettini,50,2016-11-09 09:51:00.846,1.47,2016-11-09 11:00:00,
1.128100957,9128710,Adrian Menendez-Maceira,Menendez-Maceiras v M Berrettini,60,2016-11-09 09:54:09.119,1.48,2016-11-09 11:00:00,
1.128100957,9128710,Adrian Menendez-Maceira,Menendez-Maceiras v M Berrettini,70,2016-11-09 10:14:17.686,1.54,2016-11-09 11:00:00,
1.128100957,9128710,Adrian Menendez-Maceira,Menendez-Maceiras v M Berrettini,80,2016-11-09 10:24:03.057,1.54,2016-11-09 11:00:00,
1.128100957,9128710,Adrian Menendez-Maceira,Menendez-Maceiras v M Berrettini,90,2016-11-09 10:41:41.857,1.54,2016-11-09 11:00:00,
1.128100957,9128710,Adrian Menendez-Maceira,Menendez-Maceiras v M Berrettini,100,2016-11-09 10:52:04.676,1.54,2016-11-09 11:00:00,
1.128101179,3019240,Thomas Fabbiano,Stebe v Fabbiano,0,2016-11-06 18:27:14.023,1.72,2016-11-07 12:00:00,
1.128101179,3019240,Thomas Fabbiano,Stebe v Fabbiano,10,2016-11-08 09:17:33.808,1.78,2016-11-08 16:00:00,
1.128101179,3019240,Thomas Fabbiano,Stebe v Fabbiano,20,2016-11-08 12:01:27.718,1.85,2016-11-08 16:15:00,
1.128101179,3019240,Thomas Fabbiano,Stebe v Fabbiano,30,2016-11-08 15:53:26.062,1.9,2016-11-08 16:29:00,
1.128101179,3019240,Thomas Fabbiano,Stebe v Fabbiano,40,2016-11-08 15:59:23.230,1.87,2016-11-08 16:29:00,
1.128101179,3019240,Thomas Fabbiano,Stebe v Fabbiano,50,2016-11-08 16:12:31.146,1.84,2016-11-08 16:29:00,
1.128101179,3019240,Thomas Fabbiano,Stebe v Fabbiano,60,2016-11-08 16:25:32.714,1.99,2016-11-08 16:29:00,
1.128101179,3019240,Thomas Fabbiano,Stebe v Fabbiano,70,2016-11-08 16:28:34.114,2.04,2016-11-08 16:29:00,
1.128101179,3019240,Thomas Fabbiano,Stebe v Fabbiano,80,2016-11-08 16:57:31.255,1.88,2016-11-08 16:59:00,
1.128101179,3019240,Thomas Fabbiano,Stebe v Fabbiano,90,2016-11-08 17:00:32.739,1.88,2016-11-08 17:14:00,
1.128101179,3019240,Thomas Fabbiano,Stebe v Fabbiano,100,2016-11-08 17:04:22.670,1.98,2016-11-08 17:14:00,
1.128101184,8259098,Jan-Lennard Struff,Molcan v Struff,0,2016-11-06 16:35:21.163,1.1,2016-11-07 12:00:00,
1.128101184,8259098,Jan-Lennard Struff,Molcan v Struff,10,2016-11-07 17:03:01.551,1.07,2016-11-08 15:00:00,
1.128101184,8259098,Jan-Lennard Struff,Molcan v Struff,20,2016-11-08 00:37:22.807,1.08,2016-11-08 15:00:00,
1.128101184,8259098,Jan-Lennard Struff,Molcan v Struff,30,2016-11-08 09:17:23.045,1.06,2016-11-08 15:00:00,
1.128101184,8259098,Jan-Lennard Struff,Molcan v Struff,40,2016-11-08 09:23:10.382,1.1,2016-11-08 15:00:00,
1.128101184,8259098,Jan-Lennard Struff,Molcan v Struff,50,2016-11-08 12:06:48.162,1.09,2016-11-08 15:00:00,
1.128101184,8259098,Jan-Lennard Struff,Molcan v Struff,60,2016-11-08 13:31:59.051,1.1,2016-11-08 15:00:00,
1.128101184,8259098,Jan-Lennard Struff,Molcan v Struff,70,2016-11-08 14:33:26.714,1.06,2016-11-08 15:00:00,
1.128101184,8259098,Jan-Lennard Struff,Molcan v Struff,80,2016-11-08 15:05:34.535,1.06,2016-11-08 15:15:00,
1.128101184,8259098,Jan-Lennard Struff,Molcan v Struff,90,2016-11-08 15:11:30.328,1.06,2016-11-08 15:15:00,
1.128101184,8259098,Jan-Lennard Struff,Molcan v Struff,100,2016-11-08 15:13:21.972,1.06,2016-11-08 15:15:00,
1.128101274,4147957,Marsel Ilhan,Safwat v Ilhan,0,2016-11-06 10:22:40.081,1.48,2016-11-07 12:00:00,
1.128101274,4147957,Marsel Ilhan,Safwat v Ilhan,10,2016-11-06 12:27:34.817,1.4,2016-11-07 12:00:00,
1.128101274,4147957,Marsel Ilhan,Safwat v Ilhan,20,2016-11-07 06:46:40.782,1.33,2016-11-08 12:00:00,
1.128101274,4147957,Marsel Ilhan,Safwat v Ilhan,30,2016-11-07 08:08:57.731,1.36,2016-11-08 12:00:00,
1.128101274,4147957,Marsel Ilhan,Safwat v Ilhan,40,2016-11-08 11:36:41.797,1.33,2016-11-08 18:00:00,
1.128101274,4147957,Marsel Ilhan,Safwat v Ilhan,50,2016-11-08 13:13:19.359,1.33,2016-11-08 19:15:00,
1.128101274,4147957,Marsel Ilhan,Safwat v Ilhan,60,2016-11-08 15:08:39.659,1.4,2016-11-08 18:29:00,
1.128101274,4147957,Marsel Ilhan,Safwat v Ilhan,70,2016-11-08 16:12:35.726,1.36,2016-11-08 18:29:00,
1.128101274,4147957,Marsel Ilhan,Safwat v Ilhan,80,2016-11-08 17:12:51.374,1.37,2016-11-08 19:14:00,
1.128101274,4147957,Marsel Ilhan,Safwat v Ilhan,90,2016-11-08 18:03:38.929,1.43,2016-11-08 19:20:00,
1.128101274,4147957,Marsel Ilhan,Safwat v Ilhan,100,2016-11-08 18:24:39.109,1.4,2016-11-08 19:20:00,
1.128101364,3691700,Illya Marchenko,Nema v Marchenko,0,2016-11-06 20:17:32.209,1.09,2016-11-07 15:00:00,
1.128101364,3691700,Illya Marchenko,Nema v Marchenko,10,2016-11-07 07:00:06.654,1.08,2016-11-07 15:00:00,
1.128101364,3691700,Illya Marchenko,Nema v Marchenko,20,2016-11-07 09:13:57.318,1.06,2016-11-07 15:00:00,
1.128101364,3691700,Illya Marchenko,Nema v Marchenko,30,2016-11-07 11:07:25.232,1.08,2016-11-07 15:00:00,
1.128101364,3691700,Illya Marchenko,Nema v Marchenko,40,2016-11-07 13:03:47.075,1.09,2016-11-07 15:00:00,
1.128101364,3691700,Illya Marchenko,Nema v Marchenko,50,2016-11-07 14:33:42.198,1.08,2016-11-07 15:00:00,
1.128101364,3691700,Illya Marchenko,Nema v Marchenko,60,2016-11-07 14:56:42.171,1.06,2016-11-07 15:00:00,
1.128101364,3691700,Illya Marchenko,Nema v Marchenko,70,2016-11-07 15:24:14.864,1.08,2016-11-07 15:30:00,
1.128101364,3691700,Illya Marchenko,Nema v Marchenko,80,2016-11-07 15:27:30.023,1.08,2016-11-07 15:30:00,
1.128101364,3691700,Illya Marchenko,Nema v Marchenko,90,2016-11-07 15:31:35.324,1.08,2016-11-07 15:45:00,
1.128101364,3691700,Illya Marchenko,Nema v Marchenko,100,2016-11-07 15:34:45.380,1.07,2016-11-07 15:45:00,
1.128101408,8494652,Adam Pavlasek,Pavlasek v And Martin,0,2016-11-08 17:40:26.962,1.57,2016-11-09 17:00:00,
1.128101408,8494652,Adam Pavlasek,Pavlasek v And Martin,10,2016-11-09 02:15:17.921,1.6,2016-11-09 17:00:00,
1.128101408,8494652,Adam Pavlasek,Pavlasek v And Martin,20,2016-11-09 09:13:33.409,1.57,2016-11-09 17:00:00,
1.128101408,8494652,Adam Pavlasek,Pavlasek v And Martin,30,2016-11-09 13:26:58.305,1.6,2016-11-09 17:00:00,
1.128101408,8494652,Adam Pavlasek,Pavlasek v And Martin,40,2016-11-09 13:59:45.282,1.57,2016-11-09 17:00:00,
1.128101408,8494652,Adam Pavlasek,Pavlasek v And Martin,50,2016-11-09 15:00:40.797,1.6,2016-11-09 17:15:00,
1.128101408,8494652,Adam Pavlasek,Pavlasek v And Martin,60,2016-11-09 15:18:15.659,1.63,2016-11-09 17:30:00,
1.128101408,8494652,Adam Pavlasek,Pavlasek v And Martin,70,2016-11-09 15:55:45.517,1.59,2016-11-09 17:19:00,
1.128101408,8494652,Adam Pavlasek,Pavlasek v And Martin,80,2016-11-09 16:37:59.912,1.67,2016-11-09 17:19:00,
1.128101408,8494652,Adam Pavlasek,Pavlasek v And Martin,90,2016-11-09 16:40:44.123,1.59,2016-11-09 17:19:00,
1.128101408,8494652,Adam Pavlasek,Pavlasek v And Martin,100,2016-11-09 17:09:48.478,1.76,2016-11-09 17:11:00,
1.128101422,4195870,Marius Copil,Klein v Copil,0,2016-11-07 02:58:26.812,1.13,2016-11-08 12:00:00,
1.128101422,4195870,Marius Copil,Klein v Copil,10,2016-11-07 03:52:03.582,1.18,2016-11-08 12:00:00,
1.128101422,4195870,Marius Copil,Klein v Copil,20,2016-11-08 09:16:10.656,1.13,2016-11-08 19:00:00,
1.128101422,4195870,Marius Copil,Klein v Copil,30,2016-11-08 11:41:21.421,1.14,2016-11-08 19:00:00,
1.128101422,4195870,Marius Copil,Klein v Copil,40,2016-11-08 12:35:08.369,1.13,2016-11-08 19:00:00,
1.128101422,4195870,Marius Copil,Klein v Copil,50,2016-11-08 16:12:51.532,1.12,2016-11-08 19:16:00,
1.128101422,4195870,Marius Copil,Klein v Copil,60,2016-11-08 16:35:49.611,1.16,2016-11-08 18:37:00,
1.128101422,4195870,Marius Copil,Klein v Copil,70,2016-11-08 17:36:45.437,1.17,2016-11-08 18:38:00,
1.128101422,4195870,Marius Copil,Klein v Copil,80,2016-11-08 18:04:56.701,1.15,2016-11-08 18:38:00,
1.128101422,4195870,Marius Copil,Klein v Copil,90,2016-11-08 18:36:44.760,1.12,2016-11-08 18:38:00,
1.128101422,4195870,Marius Copil,Klein v Copil,100,2016-11-08 19:07:49.321,1.18,2016-11-08 19:09:00,
1.128101422,9635456,Lukas Klein,Klein v Copil,0,2016-11-07 02:58:26.812,9.0,2016-11-08 12:00:00,
1.128101422,9635456,Lukas Klein,Klein v Copil,10,2016-11-07 03:16:44.400,8.2,2016-11-08 12:00:00,
1.128101422,9635456,Lukas Klein,Klein v Copil,20,2016-11-07 03:52:03.582,6.4,2016-11-08 12:00:00,
1.128101422,9635456,Lukas Klein,Klein v Copil,30,2016-11-07 03:59:43.687,6.8,2016-11-08 12:00:00,
1.128101422,9635456,Lukas Klein,Klein v Copil,40,2016-11-08 11:56:49.945,7.8,2016-11-08 19:00:00,
1.128101422,9635456,Lukas Klein,Klein v Copil,50,2016-11-08 16:32:53.562,7.8,2016-11-08 19:16:00,
1.128101422,9635456,Lukas Klein,Klein v Copil,60,2016-11-08 16:35:49.611,7.6,2016-11-08 18:37:00,
1.128101422,9635456,Lukas Klein,Klein v Copil,70,2016-11-08 16:46:45.005,7.2,2016-11-08 18:38:00,
1.128101422,9635456,Lukas Klein,Klein v Copil,80,2016-11-08 17:59:40.757,7.6,2016-11-08 18:38:00,
1.128101422,9635456,Lukas Klein,Klein v Copil,90,2016-11-08 18:28:50.265,10.5,2016-11-08 18:38:00,
1.128101422,9635456,Lukas Klein,Klein v Copil,100,2016-11-08 19:03:39.265,6.8,2016-11-08 19:08:00,
1.128101497,8173023,Norbert Gombos,Kovalik v Gombos,0,2016-11-06 10:55:51.424,1.81,2016-11-07 12:00:00,
1.128101497,8173023,Norbert Gombos,Kovalik v Gombos,10,2016-11-06 11:01:47.511,1.8,2016-11-07 12:00:00,
1.128101497,8173023,Norbert Gombos,Kovalik v Gombos,20,2016-11-06 11:56:21.368,1.64,2016-11-07 12:00:00,
1.128101497,8173023,Norbert Gombos,Kovalik v Gombos,30,2016-11-06 16:37:42.078,1.62,2016-11-07 12:00:00,
1.128101497,8173023,Norbert Gombos,Kovalik v Gombos,40,2016-11-08 07:14:24.696,1.73,2016-11-08 17:00:00,
1.128101497,8173023,Norbert Gombos,Kovalik v Gombos,50,2016-11-08 08:09:18.724,1.58,2016-11-08 17:00:00,
1.128101497,8173023,Norbert Gombos,Kovalik v Gombos,60,2016-11-08 09:50:30.062,1.56,2016-11-08 17:00:00,
1.128101497,8173023,Norbert Gombos,Kovalik v Gombos,70,2016-11-08 14:59:12.229,1.57,2016-11-08 17:00:00,
1.128101497,8173023,Norbert Gombos,Kovalik v Gombos,80,2016-11-08 15:25:54.381,1.55,2016-11-08 17:16:00,
1.128101497,8173023,Norbert Gombos,Kovalik v Gombos,90,2016-11-08 16:17:44.869,1.5,2016-11-08 17:16:00,
1.128101497,8173023,Norbert Gombos,Kovalik v Gombos,100,2016-11-08 16:34:51.458,1.51,2016-11-08 17:16:00,
1.128101541,4903598,Vasek Pospisil,Satral v V Pospisil,0,2016-11-07 04:17:55.331,1.32,2016-11-08 12:00:00,
1.128101541,4903598,Vasek Pospisil,Satral v V Pospisil,10,2016-11-07 21:31:30.908,1.41,2016-11-08 14:00:00,
1.128101541,4903598,Vasek Pospisil,Satral v V Pospisil,20,2016-11-08 04:33:48.552,1.41,2016-11-08 14:00:00,
1.128101541,4903598,Vasek Pospisil,Satral v V Pospisil,30,2016-11-08 08:36:23.163,1.46,2016-11-08 14:00:00,
1.128101541,4903598,Vasek Pospisil,Satral v V Pospisil,40,2016-11-08 08:57:56.048,1.45,2016-11-08 14:00:00,
1.128101541,4903598,Vasek Pospisil,Satral v V Pospisil,50,2016-11-08 10:38:19.952,1.38,2016-11-08 14:00:00,
1.128101541,4903598,Vasek Pospisil,Satral v V Pospisil,60,2016-11-08 11:01:38.991,1.36,2016-11-08 14:00:00,
1.128101541,4903598,Vasek Pospisil,Satral v V Pospisil,70,2016-11-08 11:02:28.019,1.35,2016-11-08 14:00:00,
1.128101541,4903598,Vasek Pospisil,Satral v V Pospisil,80,2016-11-08 12:22:44.957,1.4,2016-11-08 14:30:00,
1.128101541,4903598,Vasek Pospisil,Satral v V Pospisil,90,2016-11-08 13:52:53.956,1.4,2016-11-08 15:12:00,
1.128101541,4903598,Vasek Pospisil,Satral v V Pospisil,100,2016-11-08 14:27:59.602,1.4,2016-11-08 15:12:00,
1.128101541,8490613,Jan Satral,Satral v V Pospisil,0,2016-11-07 10:48:55.646,3.4,2016-11-08 12:00:00,
1.128101541,8490613,Jan Satral,Satral v V Pospisil,10,2016-11-07 17:31:56.719,3.35,2016-11-08 14:00:00,
1.128101541,8490613,Jan Satral,Satral v V Pospisil,20,2016-11-08 04:33:48.552,3.45,2016-11-08 14:00:00,
1.128101541,8490613,Jan Satral,Satral v V Pospisil,30,2016-11-08 05:37:49.799,3.5,2016-11-08 14:00:00,
1.128101541,8490613,Jan Satral,Satral v V Pospisil,40,2016-11-08 09:17:28.804,3.45,2016-11-08 14:00:00,
1.128101541,8490613,Jan Satral,Satral v V Pospisil,50,2016-11-08 10:59:49.074,3.7,2016-11-08 14:00:00,
1.128101541,8490613,Jan Satral,Satral v V Pospisil,60,2016-11-08 11:01:38.991,3.75,2016-11-08 14:00:00,
1.128101541,8490613,Jan Satral,Satral v V Pospisil,70,2016-11-08 12:08:50.070,3.55,2016-11-08 14:15:00,
1.128101541,8490613,Jan Satral,Satral v V Pospisil,80,2016-11-08 12:38:58.279,3.5,2016-11-08 14:45:00,
1.128101541,8490613,Jan Satral,Satral v V Pospisil,90,2016-11-08 13:46:35.654,3.4,2016-11-08 15:12:00,
1.128101541,8490613,Jan Satral,Satral v V Pospisil,100,2016-11-08 14:27:59.602,3.5,2016-11-08 15:12:00,
1.128101585,2258415,Lukas Rosol,Kudryavtsev v Rosol,0,2016-11-07 04:04:26.902,1.39,2016-11-08 12:00:00,
1.128101585,2258415,Lukas Rosol,Kudryavtsev v Rosol,10,2016-11-07 21:22:59.695,1.37,2016-11-08 12:00:00,
1.128101585,2258415,Lukas Rosol,Kudryavtsev v Rosol,20,2016-11-08 00:34:24.580,1.41,2016-11-08 12:00:00,
1.128101585,2258415,Lukas Rosol,Kudryavtsev v Rosol,30,2016-11-08 06:52:02.873,1.35,2016-11-08 12:00:00,
1.128101585,2258415,Lukas Rosol,Kudryavtsev v Rosol,40,2016-11-08 08:23:20.907,1.35,2016-11-08 12:00:00,
1.128101585,2258415,Lukas Rosol,Kudryavtsev v Rosol,50,2016-11-08 09:17:22.417,1.36,2016-11-08 12:00:00,
1.128101585,2258415,Lukas Rosol,Kudryavtsev v Rosol,60,2016-11-08 10:00:05.102,1.4,2016-11-08 12:00:00,
1.128101585,2258415,Lukas Rosol,Kudryavtsev v Rosol,70,2016-11-08 10:32:00.436,1.36,2016-11-08 12:00:00,
1.128101585,2258415,Lukas Rosol,Kudryavtsev v Rosol,80,2016-11-08 11:12:59.022,1.41,2016-11-08 12:00:00,
1.128101585,2258415,Lukas Rosol,Kudryavtsev v Rosol,90,2016-11-08 11:18:21.229,1.39,2016-11-08 12:00:00,
1.128101585,2258415,Lukas Rosol,Kudryavtsev v Rosol,100,2016-11-08 11:49:51.165,1.42,2016-11-08 12:00:00,
1.128101629,2263634,Lukas Lacko,Lacko v Stakhovsky,0,2016-11-08 08:50:39.053,1.63,2016-11-09 12:00:00,
1.128101629,2263634,Lukas Lacko,Lacko v Stakhovsky,10,2016-11-08 23:14:38.005,1.69,2016-11-09 15:00:00,
1.128101629,2263634,Lukas Lacko,Lacko v Stakhovsky,20,2016-11-09 10:54:06.516,1.63,2016-11-09 15:00:00,
1.128101629,2263634,Lukas Lacko,Lacko v Stakhovsky,30,2016-11-09 12:00:58.775,1.59,2016-11-09 15:00:00,
1.128101629,2263634,Lukas Lacko,Lacko v Stakhovsky,40,2016-11-09 13:39:05.467,1.63,2016-11-09 15:00:00,
1.128101629,2263634,Lukas Lacko,Lacko v Stakhovsky,50,2016-11-09 14:06:28.834,1.59,2016-11-09 15:00:00,
1.128101629,2263634,Lukas Lacko,Lacko v Stakhovsky,60,2016-11-09 14:35:43.697,1.55,2016-11-09 15:00:00,
1.128101629,2263634,Lukas Lacko,Lacko v Stakhovsky,70,2016-11-09 14:42:02.118,1.6,2016-11-09 15:00:00,
1.128101629,2263634,Lukas Lacko,Lacko v Stakhovsky,80,2016-11-09 14:53:58.490,1.51,2016-11-09 15:00:00,
1.128101629,2263634,Lukas Lacko,Lacko v Stakhovsky,90,2016-11-09 15:03:05.025,1.57,2016-11-09 15:15:00,
1.128101629,2263634,Lukas Lacko,Lacko v Stakhovsky,100,2016-11-09 15:22:52.354,1.6,2016-11-09 15:30:00,
1.128101629,2284304,Sergiy Stakhovsky,Lacko v Stakhovsky,0,2016-11-07 22:17:19.114,2.24,2016-11-08 12:00:00,
1.128101629,2284304,Sergiy Stakhovsky,Lacko v Stakhovsky,10,2016-11-08 23:14:38.005,2.44,2016-11-09 15:00:00,
1.128101629,2284304,Sergiy Stakhovsky,Lacko v Stakhovsky,20,2016-11-09 08:51:31.923,2.4,2016-11-09 15:00:00,
1.128101629,2284304,Sergiy Stakhovsky,Lacko v Stakhovsky,30,2016-11-09 09:17:39.609,2.46,2016-11-09 15:00:00,
1.128101629,2284304,Sergiy Stakhovsky,Lacko v Stakhovsky,40,2016-11-09 12:00:58.775,2.6,2016-11-09 15:00:00,
1.128101629,2284304,Sergiy Stakhovsky,Lacko v Stakhovsky,50,2016-11-09 14:02:58.072,2.68,2016-11-09 15:00:00,
1.128101629,2284304,Sergiy Stakhovsky,Lacko v Stakhovsky,60,2016-11-09 14:35:43.697,2.82,2016-11-09 15:00:00,
1.128101629,2284304,Sergiy Stakhovsky,Lacko v Stakhovsky,70,2016-11-09 14:39:05.950,2.98,2016-11-09 15:00:00,
1.128101629,2284304,Sergiy Stakhovsky,Lacko v Stakhovsky,80,2016-11-09 14:42:59.612,2.96,2016-11-09 15:00:00,
1.128101629,2284304,Sergiy Stakhovsky,Lacko v Stakhovsky,90,2016-11-09 14:53:58.490,2.96,2016-11-09 15:00:00,
1.128101629,2284304,Sergiy Stakhovsky,Lacko v Stakhovsky,100,2016-11-09 15:10:03.612,2.66,2016-11-09 15:15:00,
1.128101673,2249400,Florian Mayer,F Mayer v Ignatik,0,2016-11-06 23:36:56.232,1.41,2016-11-07 13:30:00,
1.128101673,2249400,Florian Mayer,F Mayer v Ignatik,10,2016-11-07 06:41:11.478,1.36,2016-11-07 13:30:00,
1.128101673,2249400,Florian Mayer,F Mayer v Ignatik,20,2016-11-07 09:18:14.068,1.31,2016-11-07 13:30:00,
1.128101673,2249400,Florian Mayer,F Mayer v Ignatik,30,2016-11-07 11:04:59.034,1.33,2016-11-07 13:30:00,
1.128101673,2249400,Florian Mayer,F Mayer v Ignatik,40,2016-11-07 11:54:31.972,1.32,2016-11-07 13:30:00,
1.128101673,2249400,Florian Mayer,F Mayer v Ignatik,50,2016-11-07 12:02:58.846,1.39,2016-11-07 13:30:00,
1.128101673,2249400,Florian Mayer,F Mayer v Ignatik,60,2016-11-07 12:23:05.826,1.37,2016-11-07 13:30:00,
1.128101673,2249400,Florian Mayer,F Mayer v Ignatik,70,2016-11-07 12:49:56.729,1.32,2016-11-07 13:30:00,
1.128101673,2249400,Florian Mayer,F Mayer v Ignatik,80,2016-11-07 13:07:13.481,1.33,2016-11-07 13:30:00,
1.128101673,2249400,Florian Mayer,F Mayer v Ignatik,90,2016-11-07 13:19:08.344,1.33,2016-11-07 13:30:00,
1.128101673,2249400,Florian Mayer,F Mayer v Ignatik,100,2016-11-07 13:32:13.352,1.26,2016-11-07 13:45:00,
1.128101673,3259323,Uladzimir Ignatik,F Mayer v Ignatik,0,2016-11-06 07:51:55.969,3.55,2016-11-07 12:00:00,
1.128101673,3259323,Uladzimir Ignatik,F Mayer v Ignatik,10,2016-11-07 01:11:51.520,3.4,2016-11-07 13:30:00,
1.128101673,3259323,Uladzimir Ignatik,F Mayer v Ignatik,20,2016-11-07 03:46:51.832,3.35,2016-11-07 13:30:00,
1.128101673,3259323,Uladzimir Ignatik,F Mayer v Ignatik,30,2016-11-07 09:28:28.930,3.65,2016-11-07 13:30:00,
1.128101673,3259323,Uladzimir Ignatik,F Mayer v Ignatik,40,2016-11-07 11:54:31.972,4.1,2016-11-07 13:30:00,
1.128101673,3259323,Uladzimir Ignatik,F Mayer v Ignatik,50,2016-11-07 12:01:11.407,3.65,2016-11-07 13:30:00,
1.128101673,3259323,Uladzimir Ignatik,F Mayer v Ignatik,60,2016-11-07 12:14:04.340,3.6,2016-11-07 13:30:00,
1.128101673,3259323,Uladzimir Ignatik,F Mayer v Ignatik,70,2016-11-07 12:25:01.752,3.9,2016-11-07 13:30:00,
1.128101673,3259323,Uladzimir Ignatik,F Mayer v Ignatik,80,2016-11-07 12:43:13.723,4.3,2016-11-07 13:30:00,
1.128101673,3259323,Uladzimir Ignatik,F Mayer v Ignatik,90,2016-11-07 13:06:10.927,4.0,2016-11-07 13:30:00,
1.128101673,3259323,Uladzimir Ignatik,F Mayer v Ignatik,100,2016-11-07 13:33:13.448,4.8,2016-11-07 13:45:00,
1.128101875,2256509,Andy Murray,Isner v A Murray,0,2016-11-05 14:51:16.730,1.14,2016-11-06 14:00:00,
1.128101875,2256509,Andy Murray,Isner v A Murray,10,2016-11-05 16:21:26.246,1.17,2016-11-06 14:00:00,
1.128101875,2256509,Andy Murray,Isner v A Murray,20,2016-11-05 19:34:52.407,1.18,2016-11-06 14:00:00,
1.128101875,2256509,Andy Murray,Isner v A Murray,30,2016-11-05 22:11:27.406,1.17,2016-11-06 14:00:00,
1.128101875,2256509,Andy Murray,Isner v A Murray,40,2016-11-06 05:30:13.093,1.17,2016-11-06 14:00:00,
1.128101875,2256509,Andy Murray,Isner v A Murray,50,2016-11-06 09:30:26.565,1.18,2016-11-06 14:00:00,
1.128101875,2256509,Andy Murray,Isner v A Murray,60,2016-11-06 10:22:14.848,1.19,2016-11-06 14:00:00,
1.128101875,2256509,Andy Murray,Isner v A Murray,70,2016-11-06 11:18:26.873,1.18,2016-11-06 14:00:00,
1.128101875,2256509,Andy Murray,Isner v A Murray,80,2016-11-06 12:15:00.622,1.19,2016-11-06 14:00:00,
1.128101875,2256509,Andy Murray,Isner v A Murray,90,2016-11-06 13:02:13.801,1.2,2016-11-06 14:00:00,
1.128101875,2256509,Andy Murray,Isner v A Murray,100,2016-11-06 13:49:17.298,1.19,2016-11-06 14:00:00,
1.128101875,2474763,John Isner,Isner v A Murray,0,2016-11-05 14:52:24.317,6.2,2016-11-06 14:00:00,
1.128101875,2474763,John Isner,Isner v A Murray,10,2016-11-05 15:23:59.712,6.2,2016-11-06 14:00:00,
1.128101875,2474763,John Isner,Isner v A Murray,20,2016-11-06 02:02:41.377,6.6,2016-11-06 14:00:00,
1.128101875,2474763,John Isner,Isner v A Murray,30,2016-11-06 09:29:07.166,6.6,2016-11-06 14:00:00,
1.128101875,2474763,John Isner,Isner v A Murray,40,2016-11-06 10:15:17.224,6.6,2016-11-06 14:00:00,
1.128101875,2474763,John Isner,Isner v A Murray,50,2016-11-06 10:58:25.932,6.4,2016-11-06 14:00:00,
1.128101875,2474763,John Isner,Isner v A Murray,60,2016-11-06 11:45:04.345,6.4,2016-11-06 14:00:00,
1.128101875,2474763,John Isner,Isner v A Murray,70,2016-11-06 12:12:26.127,6.0,2016-11-06 14:00:00,
1.128101875,2474763,John Isner,Isner v A Murray,80,2016-11-06 12:58:27.867,6.0,2016-11-06 14:00:00,
1.128101875,2474763,John Isner,Isner v A Murray,90,2016-11-06 13:15:25.410,6.2,2016-11-06 14:00:00,
1.128101875,2474763,John Isner,Isner v A Murray,100,2016-11-06 13:39:16.539,6.2,2016-11-06 14:00:00,
1.128102302,2481589,Steve Darcis,De Minaur v Darcis,0,2016-11-06 04:50:45.989,1.27,2016-11-06 13:00:00,
1.128102302,2481589,Steve Darcis,De Minaur v Darcis,10,2016-11-06 08:35:42.305,1.29,2016-11-06 13:00:00,
1.128102302,2481589,Steve Darcis,De Minaur v Darcis,20,2016-11-06 10:18:55.861,1.29,2016-11-06 13:00:00,
1.128102302,2481589,Steve Darcis,De Minaur v Darcis,30,2016-11-06 11:05:45.988,1.29,2016-11-06 13:00:00,
1.128102302,2481589,Steve Darcis,De Minaur v Darcis,40,2016-11-06 11:54:42.173,1.29,2016-11-06 13:00:00,
1.128102302,2481589,Steve Darcis,De Minaur v Darcis,50,2016-11-06 12:27:46.720,1.28,2016-11-06 13:00:00,
1.128102302,2481589,Steve Darcis,De Minaur v Darcis,60,2016-11-06 12:48:04.963,1.26,2016-11-06 13:00:00,
1.128102302,2481589,Steve Darcis,De Minaur v Darcis,70,2016-11-06 12:59:45.053,1.29,2016-11-06 13:00:00,
1.128102302,2481589,Steve Darcis,De Minaur v Darcis,80,2016-11-06 13:03:41.352,1.25,2016-11-06 13:15:00,
1.128102302,2481589,Steve Darcis,De Minaur v Darcis,90,2016-11-06 13:12:46.180,1.33,2016-11-06 13:15:00,
1.128102302,2481589,Steve Darcis,De Minaur v Darcis,100,2016-11-06 13:17:44.907,1.3,2016-11-06 13:30:00,
1.128102302,10109527,Alex De Minaur,De Minaur v Darcis,0,2016-11-06 06:00:34.476,4.3,2016-11-06 13:00:00,
1.128102302,10109527,Alex De Minaur,De Minaur v Darcis,10,2016-11-06 10:18:55.861,4.4,2016-11-06 13:00:00,
1.128102302,10109527,Alex De Minaur,De Minaur v Darcis,20,2016-11-06 11:04:36.531,4.1,2016-11-06 13:00:00,
1.128102302,10109527,Alex De Minaur,De Minaur v Darcis,30,2016-11-06 11:50:59.201,4.3,2016-11-06 13:00:00,
1.128102302,10109527,Alex De Minaur,De Minaur v Darcis,40,2016-11-06 12:28:45.844,4.5,2016-11-06 13:00:00,
1.128102302,10109527,Alex De Minaur,De Minaur v Darcis,50,2016-11-06 12:29:45.339,5.0,2016-11-06 13:00:00,
1.128102302,10109527,Alex De Minaur,De Minaur v Darcis,60,2016-11-06 12:48:04.963,4.8,2016-11-06 13:00:00,
1.128102302,10109527,Alex De Minaur,De Minaur v Darcis,70,2016-11-06 12:56:40.867,5.0,2016-11-06 13:00:00,
1.128102302,10109527,Alex De Minaur,De Minaur v Darcis,80,2016-11-06 12:59:45.053,4.4,2016-11-06 13:00:00,
1.128102302,10109527,Alex De Minaur,De Minaur v Darcis,90,2016-11-06 13:03:41.352,5.0,2016-11-06 13:15:00,
1.128102302,10109527,Alex De Minaur,De Minaur v Darcis,100,2016-11-06 13:10:46.832,4.5,2016-11-06 13:15:00,
1.128103478,8443401,Oscar Jose Gutierrez,Barrios Vera v O Gutierrez,0,2016-11-05 23:13:08.846,9.4,2016-11-06 15:00:00,2016-11-05 21:10:08.066
1.128103478,8443401,Oscar Jose Gutierrez,Barrios Vera v O Gutierrez,10,2016-11-05 23:48:10.971,3.9,2016-11-06 15:00:00,2016-11-05 21:10:08.066
1.128103478,8443401,Oscar Jose Gutierrez,Barrios Vera v O Gutierrez,20,2016-11-06 00:06:11.176,4.5,2016-11-06 15:00:00,2016-11-05 21:10:08.066
1.128103478,8443401,Oscar Jose Gutierrez,Barrios Vera v O Gutierrez,30,2016-11-06 00:52:42.406,4.1,2016-11-06 15:00:00,2016-11-05 21:10:08.066
1.128103478,8443401,Oscar Jose Gutierrez,Barrios Vera v O Gutierrez,40,2016-11-06 03:45:07.046,5.5,2016-11-06 15:00:00,2016-11-05 21:10:08.066
1.128103478,8443401,Oscar Jose Gutierrez,Barrios Vera v O Gutierrez,50,2016-11-06 06:49:02.556,4.3,2016-11-06 15:00:00,2016-11-05 21:10:08.066
1.128103478,8443401,Oscar Jose Gutierrez,Barrios Vera v O Gutierrez,60,2016-11-06 07:42:09.473,5.0,2016-11-06 15:00:00,2016-11-05 21:10:08.066
1.128103478,8443401,Oscar Jose Gutierrez,Barrios Vera v O Gutierrez,70,2016-11-06 08:49:37.510,4.9,2016-11-06 15:00:00,2016-11-05 21:10:08.066
1.128103478,8443401,Oscar Jose Gutierrez,Barrios Vera v O Gutierrez,80,2016-11-06 09:49:08.229,4.8,2016-11-06 15:00:00,2016-11-05 21:10:08.066
1.128103478,8443401,Oscar Jose Gutierrez,Barrios Vera v O Gutierrez,90,2016-11-06 11:23:11.450,4.5,2016-11-06 15:00:00,2016-11-05 21:10:08.066
1.128103478,8443401,Oscar Jose Gutierrez,Barrios Vera v O Gutierrez,100,2016-11-06 14:47:11.073,5.0,2016-11-06 15:00:00,2016-11-05 21:10:08.066
1.128103478,9633137,Marcelo Tomas Barrios V,Barrios Vera v O Gutierrez,0,2016-11-05 23:09:45.161,1.12,2016-11-06 15:00:00,2016-11-05 21:10:08.066
1.128103478,9633137,Marcelo Tomas Barrios V,Barrios Vera v O Gutierrez,10,2016-11-05 23:54:10.397,1.39,2016-11-06 15:00:00,2016-11-05 21:10:08.066
1.128103478,9633137,Marcelo Tomas Barrios V,Barrios Vera v O Gutierrez,20,2016-11-06 00:52:09.449,1.31,2016-11-06 15:00:00,2016-11-05 21:10:08.066
1.128103478,9633137,Marcelo Tomas Barrios V,Barrios Vera v O Gutierrez,30,2016-11-06 03:30:04.297,1.25,2016-11-06 15:00:00,2016-11-05 21:10:08.066
1.128103478,9633137,Marcelo Tomas Barrios V,Barrios Vera v O Gutierrez,40,2016-11-06 05:32:41.140,1.29,2016-11-06 15:00:00,2016-11-05 21:10:08.066
1.128103478,9633137,Marcelo Tomas Barrios V,Barrios Vera v O Gutierrez,50,2016-11-06 07:44:11.699,1.24,2016-11-06 15:00:00,2016-11-05 21:10:08.066
1.128103478,9633137,Marcelo Tomas Barrios V,Barrios Vera v O Gutierrez,60,2016-11-06 09:01:08.049,1.26,2016-11-06 15:00:00,2016-11-05 21:10:08.066
1.128103478,9633137,Marcelo Tomas Barrios V,Barrios Vera v O Gutierrez,70,2016-11-06 09:46:52.958,1.3,2016-11-06 15:00:00,2016-11-05 21:10:08.066
1.128103478,9633137,Marcelo Tomas Barrios V,Barrios Vera v O Gutierrez,80,2016-11-06 10:38:10.193,1.24,2016-11-06 15:00:00,2016-11-05 21:10:08.066
1.128103478,9633137,Marcelo Tomas Barrios V,Barrios Vera v O Gutierrez,90,2016-11-06 13:08:59.589,1.27,2016-11-06 15:00:00,2016-11-05 21:10:08.066
1.128103478,9633137,Marcelo Tomas Barrios V,Barrios Vera v O Gutierrez,100,2016-11-06 14:49:11.228,1.21,2016-11-06 15:00:00,2016-11-05 21:10:08.066
1.128103636,8326744,Nicolas Kicker,De Greef v Kicker,0,2016-11-05 18:28:01.962,1.77,2016-11-06 01:00:00,
1.128103636,8326744,Nicolas Kicker,De Greef v Kicker,10,2016-11-05 20:23:03.573,1.66,2016-11-06 01:00:00,
1.128103636,8326744,Nicolas Kicker,De Greef v Kicker,20,2016-11-05 20:57:26.759,1.44,2016-11-06 01:00:00,
1.128103636,8326744,Nicolas Kicker,De Greef v Kicker,30,2016-11-05 21:52:04.069,1.68,2016-11-06 01:00:00,
1.128103636,8326744,Nicolas Kicker,De Greef v Kicker,40,2016-11-05 22:30:32.606,1.69,2016-11-06 01:00:00,
1.128103636,8326744,Nicolas Kicker,De Greef v Kicker,50,2016-11-05 22:39:00.520,1.7,2016-11-06 01:00:00,
1.128103636,8326744,Nicolas Kicker,De Greef v Kicker,60,2016-11-05 23:08:56.149,1.71,2016-11-06 01:00:00,
1.128103636,8326744,Nicolas Kicker,De Greef v Kicker,70,2016-11-05 23:49:18.938,1.76,2016-11-06 01:00:00,
1.128103636,8326744,Nicolas Kicker,De Greef v Kicker,80,2016-11-06 00:08:04.618,1.76,2016-11-06 01:00:00,
1.128103636,8326744,Nicolas Kicker,De Greef v Kicker,90,2016-11-06 00:28:03.598,1.85,2016-11-06 01:00:00,
1.128103636,8326744,Nicolas Kicker,De Greef v Kicker,100,2016-11-06 00:45:04.563,1.86,2016-11-06 01:00:00,
1.128103636,8492061,Arthur De Greef ,De Greef v Kicker,0,2016-11-05 19:43:54.621,2.3,2016-11-06 01:00:00,
1.128103636,8492061,Arthur De Greef ,De Greef v Kicker,10,2016-11-05 20:20:58.886,2.44,2016-11-06 01:00:00,
1.128103636,8492061,Arthur De Greef ,De Greef v Kicker,20,2016-11-05 20:24:05.483,2.5,2016-11-06 01:00:00,
1.128103636,8492061,Arthur De Greef ,De Greef v Kicker,30,2016-11-05 20:25:19.432,2.44,2016-11-06 01:00:00,
1.128103636,8492061,Arthur De Greef ,De Greef v Kicker,40,2016-11-05 21:52:32.625,2.44,2016-11-06 01:00:00,
1.128103636,8492061,Arthur De Greef ,De Greef v Kicker,50,2016-11-05 22:40:08.791,2.28,2016-11-06 01:00:00,
1.128103636,8492061,Arthur De Greef ,De Greef v Kicker,60,2016-11-05 23:28:03.855,2.32,2016-11-06 01:00:00,
1.128103636,8492061,Arthur De Greef ,De Greef v Kicker,70,2016-11-06 00:14:39.168,2.28,2016-11-06 01:00:00,
1.128103636,8492061,Arthur De Greef ,De Greef v Kicker,80,2016-11-06 00:25:04.289,2.16,2016-11-06 01:00:00,
1.128103636,8492061,Arthur De Greef ,De Greef v Kicker,90,2016-11-06 00:28:03.598,2.18,2016-11-06 01:00:00,
1.128103636,8492061,Arthur De Greef ,De Greef v Kicker,100,2016-11-06 00:45:04.563,2.16,2016-11-06 01:00:00,
1.128103857,2415499,Santiago Giraldo,Mena v Giraldo,0,2016-11-07 09:46:37.716,1.17,2016-11-08 12:00:00,
1.128103857,2415499,Santiago Giraldo,Mena v Giraldo,10,2016-11-07 21:33:08.036,1.13,2016-11-08 17:00:00,
1.128103857,2415499,Santiago Giraldo,Mena v Giraldo,20,2016-11-08 08:55:54.150,1.13,2016-11-08 17:00:00,
1.128103857,2415499,Santiago Giraldo,Mena v Giraldo,30,2016-11-08 15:23:32.594,1.14,2016-11-08 17:00:00,
1.128103857,2415499,Santiago Giraldo,Mena v Giraldo,40,2016-11-08 16:28:18.185,1.16,2016-11-08 17:00:00,
1.128103857,2415499,Santiago Giraldo,Mena v Giraldo,50,2016-11-08 17:06:26.902,1.15,2016-11-08 17:15:00,
1.128103857,2415499,Santiago Giraldo,Mena v Giraldo,60,2016-11-08 17:34:35.265,1.12,2016-11-08 17:45:00,
1.128103857,2415499,Santiago Giraldo,Mena v Giraldo,70,2016-11-08 17:41:12.809,1.1,2016-11-08 17:45:00,
1.128103857,2415499,Santiago Giraldo,Mena v Giraldo,80,2016-11-08 17:55:29.548,1.09,2016-11-08 18:00:00,
1.128103857,2415499,Santiago Giraldo,Mena v Giraldo,90,2016-11-08 18:23:35.059,1.08,2016-11-08 18:30:00,
1.128103857,2415499,Santiago Giraldo,Mena v Giraldo,100,2016-11-08 18:29:22.765,1.08,2016-11-08 18:30:00,
1.128103991,2284300,Alejandro Falla,Cervantes v Falla,0,2016-11-06 14:08:47.155,2.8,2016-11-07 12:00:00,
1.128103991,2284300,Alejandro Falla,Cervantes v Falla,10,2016-11-07 09:24:35.589,2.92,2016-11-07 16:30:00,
1.128103991,2284300,Alejandro Falla,Cervantes v Falla,20,2016-11-07 10:28:28.303,2.7,2016-11-07 16:30:00,
1.128103991,2284300,Alejandro Falla,Cervantes v Falla,30,2016-11-07 11:50:38.877,2.7,2016-11-07 16:30:00,
1.128103991,2284300,Alejandro Falla,Cervantes v Falla,40,2016-11-07 11:58:08.753,2.46,2016-11-07 16:30:00,
1.128103991,2284300,Alejandro Falla,Cervantes v Falla,50,2016-11-07 14:46:44.326,2.5,2016-11-07 16:30:00,
1.128103991,2284300,Alejandro Falla,Cervantes v Falla,60,2016-11-07 15:20:55.103,2.48,2016-11-07 16:30:00,
1.128103991,2284300,Alejandro Falla,Cervantes v Falla,70,2016-11-07 16:07:43.701,2.44,2016-11-07 16:30:00,
1.128103991,2284300,Alejandro Falla,Cervantes v Falla,80,2016-11-07 16:10:43.468,2.62,2016-11-07 16:30:00,
1.128103991,2284300,Alejandro Falla,Cervantes v Falla,90,2016-11-07 16:12:41.869,2.64,2016-11-07 16:30:00,
1.128103991,2284300,Alejandro Falla,Cervantes v Falla,100,2016-11-07 16:19:02.183,2.72,2016-11-07 16:30:00,
1.128103991,6297238,Inigo Cervantes,Cervantes v Falla,0,2016-11-06 14:08:44.217,1.46,2016-11-07 12:00:00,
1.128103991,6297238,Inigo Cervantes,Cervantes v Falla,10,2016-11-07 00:27:20.804,1.5,2016-11-07 16:30:00,
1.128103991,6297238,Inigo Cervantes,Cervantes v Falla,20,2016-11-07 09:29:58.923,1.54,2016-11-07 16:30:00,
1.128103991,6297238,Inigo Cervantes,Cervantes v Falla,30,2016-11-07 11:50:55.560,1.59,2016-11-07 16:30:00,
1.128103991,6297238,Inigo Cervantes,Cervantes v Falla,40,2016-11-07 11:58:08.753,1.59,2016-11-07 16:30:00,
1.128103991,6297238,Inigo Cervantes,Cervantes v Falla,50,2016-11-07 14:30:44.311,1.62,2016-11-07 16:30:00,
1.128103991,6297238,Inigo Cervantes,Cervantes v Falla,60,2016-11-07 14:46:44.326,1.66,2016-11-07 16:30:00,
1.128103991,6297238,Inigo Cervantes,Cervantes v Falla,70,2016-11-07 15:33:37.943,1.67,2016-11-07 16:30:00,
1.128103991,6297238,Inigo Cervantes,Cervantes v Falla,80,2016-11-07 16:07:43.701,1.69,2016-11-07 16:30:00,
1.128103991,6297238,Inigo Cervantes,Cervantes v Falla,90,2016-11-07 16:10:43.468,1.61,2016-11-07 16:30:00,
1.128103991,6297238,Inigo Cervantes,Cervantes v Falla,100,2016-11-07 16:19:02.183,1.58,2016-11-07 16:30:00,
1.128104077,7430580,Victor Estrella Burgos,Estrella Burgos v E Gomez,0,2016-11-06 23:41:28.654,1.5,2016-11-07 15:00:00,
1.128104077,7430580,Victor Estrella Burgos,Estrella Burgos v E Gomez,10,2016-11-07 02:48:43.400,1.5,2016-11-07 15:00:00,
1.128104077,7430580,Victor Estrella Burgos,Estrella Burgos v E Gomez,20,2016-11-07 05:56:44.213,1.39,2016-11-07 15:00:00,
1.128104077,7430580,Victor Estrella Burgos,Estrella Burgos v E Gomez,30,2016-11-07 08:56:45.461,1.42,2016-11-07 15:00:00,
1.128104077,7430580,Victor Estrella Burgos,Estrella Burgos v E Gomez,40,2016-11-07 10:18:12.359,1.42,2016-11-07 15:00:00,
1.128104077,7430580,Victor Estrella Burgos,Estrella Burgos v E Gomez,50,2016-11-07 13:02:57.910,1.45,2016-11-07 15:00:00,
1.128104077,7430580,Victor Estrella Burgos,Estrella Burgos v E Gomez,60,2016-11-07 13:34:47.557,1.5,2016-11-07 15:00:00,
1.128104077,7430580,Victor Estrella Burgos,Estrella Burgos v E Gomez,70,2016-11-07 14:19:08.649,1.48,2016-11-07 15:00:00,
1.128104077,7430580,Victor Estrella Burgos,Estrella Burgos v E Gomez,80,2016-11-07 14:30:37.897,1.5,2016-11-07 15:00:00,
1.128104077,7430580,Victor Estrella Burgos,Estrella Burgos v E Gomez,90,2016-11-07 14:36:44.641,1.5,2016-11-07 15:00:00,
1.128104077,7430580,Victor Estrella Burgos,Estrella Burgos v E Gomez,100,2016-11-07 14:45:24.148,1.47,2016-11-07 15:00:00,
1.128104132,4873352,Agustin Velotti,Majchrzak v Velotti,0,2016-11-06 13:01:32.485,2.08,2016-11-07 12:00:00,
1.128104132,4873352,Agustin Velotti,Majchrzak v Velotti,10,2016-11-06 13:15:33.899,1.82,2016-11-07 12:00:00,
1.128104132,4873352,Agustin Velotti,Majchrzak v Velotti,20,2016-11-07 12:33:21.303,1.95,2016-11-08 12:00:00,
1.128104132,4873352,Agustin Velotti,Majchrzak v Velotti,30,2016-11-07 19:02:51.729,1.91,2016-11-08 17:00:00,
1.128104132,4873352,Agustin Velotti,Majchrzak v Velotti,40,2016-11-08 00:35:32.634,1.82,2016-11-08 17:00:00,
1.128104132,4873352,Agustin Velotti,Majchrzak v Velotti,50,2016-11-08 12:55:08.443,1.94,2016-11-08 17:00:00,
1.128104132,4873352,Agustin Velotti,Majchrzak v Velotti,60,2016-11-08 15:47:43.005,2.02,2016-11-08 16:52:00,
1.128104132,4873352,Agustin Velotti,Majchrzak v Velotti,70,2016-11-08 15:53:38.244,1.99,2016-11-08 16:52:00,
1.128104132,4873352,Agustin Velotti,Majchrzak v Velotti,80,2016-11-08 16:23:31.656,1.91,2016-11-08 16:52:00,
1.128104132,4873352,Agustin Velotti,Majchrzak v Velotti,90,2016-11-08 16:51:01.743,1.87,2016-11-08 16:52:00,
1.128104132,4873352,Agustin Velotti,Majchrzak v Velotti,100,2016-11-08 17:11:51.861,1.9,2016-11-08 17:12:00,
1.128104132,8698678,Kamil Majchrzak,Majchrzak v Velotti,0,2016-11-06 19:16:30.060,1.98,2016-11-07 12:00:00,
1.128104132,8698678,Kamil Majchrzak,Majchrzak v Velotti,10,2016-11-06 19:18:31.094,1.96,2016-11-07 12:00:00,
1.128104132,8698678,Kamil Majchrzak,Majchrzak v Velotti,20,2016-11-08 00:35:32.634,2.22,2016-11-08 17:00:00,
1.128104132,8698678,Kamil Majchrzak,Majchrzak v Velotti,30,2016-11-08 12:02:00.868,1.98,2016-11-08 17:00:00,
1.128104132,8698678,Kamil Majchrzak,Majchrzak v Velotti,40,2016-11-08 15:07:35.790,1.97,2016-11-08 16:52:00,
1.128104132,8698678,Kamil Majchrzak,Majchrzak v Velotti,50,2016-11-08 15:22:39.961,1.99,2016-11-08 16:52:00,
1.128104132,8698678,Kamil Majchrzak,Majchrzak v Velotti,60,2016-11-08 15:52:11.010,2.0,2016-11-08 16:52:00,
1.128104132,8698678,Kamil Majchrzak,Majchrzak v Velotti,70,2016-11-08 16:07:38.103,2.06,2016-11-08 16:52:00,
1.128104132,8698678,Kamil Majchrzak,Majchrzak v Velotti,80,2016-11-08 16:28:51.323,2.14,2016-11-08 16:52:00,
1.128104132,8698678,Kamil Majchrzak,Majchrzak v Velotti,90,2016-11-08 16:45:02.659,2.1,2016-11-08 16:52:00,
1.128104132,8698678,Kamil Majchrzak,Majchrzak v Velotti,100,2016-11-08 17:09:52.934,2.16,2016-11-08 17:12:00,
1.128104209,5304700,Andre Ghem,F De Paula v Ghem,0,2016-11-06 21:54:50.085,1.44,2016-11-07 12:00:00,
1.128104209,5304700,Andre Ghem,F De Paula v Ghem,10,2016-11-07 06:39:33.772,1.36,2016-11-08 12:00:00,
1.128104209,5304700,Andre Ghem,F De Paula v Ghem,20,2016-11-07 17:09:20.144,1.33,2016-11-08 12:00:00,
1.128104209,5304700,Andre Ghem,F De Paula v Ghem,30,2016-11-08 00:33:10.971,1.41,2016-11-08 17:00:00,
1.128104209,5304700,Andre Ghem,F De Paula v Ghem,40,2016-11-08 08:58:54.681,1.37,2016-11-08 17:00:00,
1.128104209,5304700,Andre Ghem,F De Paula v Ghem,50,2016-11-08 09:16:33.050,1.32,2016-11-08 17:00:00,
1.128104209,5304700,Andre Ghem,F De Paula v Ghem,60,2016-11-08 10:49:01.510,1.34,2016-11-08 17:00:00,
1.128104209,5304700,Andre Ghem,F De Paula v Ghem,70,2016-11-08 11:23:29.311,1.39,2016-11-08 17:00:00,
1.128104209,5304700,Andre Ghem,F De Paula v Ghem,80,2016-11-08 11:34:52.417,1.42,2016-11-08 17:00:00,
1.128104209,5304700,Andre Ghem,F De Paula v Ghem,90,2016-11-08 15:23:12.711,1.47,2016-11-08 16:55:00,
1.128104209,5304700,Andre Ghem,F De Paula v Ghem,100,2016-11-08 16:31:34.566,1.37,2016-11-08 16:55:00,
1.128104209,7366935,Fabiano De Paula,F De Paula v Ghem,0,2016-11-06 21:54:50.085,3.3,2016-11-07 12:00:00,
1.128104209,7366935,Fabiano De Paula,F De Paula v Ghem,10,2016-11-07 06:39:33.772,3.75,2016-11-08 12:00:00,
1.128104209,7366935,Fabiano De Paula,F De Paula v Ghem,20,2016-11-07 17:09:20.144,3.95,2016-11-08 12:00:00,
1.128104209,7366935,Fabiano De Paula,F De Paula v Ghem,30,2016-11-08 00:33:10.971,3.45,2016-11-08 17:00:00,
1.128104209,7366935,Fabiano De Paula,F De Paula v Ghem,40,2016-11-08 08:58:54.681,3.7,2016-11-08 17:00:00,
1.128104209,7366935,Fabiano De Paula,F De Paula v Ghem,50,2016-11-08 09:11:30.289,3.65,2016-11-08 17:00:00,
1.128104209,7366935,Fabiano De Paula,F De Paula v Ghem,60,2016-11-08 10:49:01.510,3.6,2016-11-08 17:00:00,
1.128104209,7366935,Fabiano De Paula,F De Paula v Ghem,70,2016-11-08 11:23:29.311,3.55,2016-11-08 17:00:00,
1.128104209,7366935,Fabiano De Paula,F De Paula v Ghem,80,2016-11-08 11:34:52.417,3.3,2016-11-08 17:00:00,
1.128104209,7366935,Fabiano De Paula,F De Paula v Ghem,90,2016-11-08 11:57:54.742,3.1,2016-11-08 17:00:00,
1.128104209,7366935,Fabiano De Paula,F De Paula v Ghem,100,2016-11-08 16:40:56.800,3.2,2016-11-08 16:42:00,
1.128104253,7287672,Arthur De Greef,R Quiroz v De Greef,0,2016-11-06 21:08:08.891,1.4,2016-11-07 12:00:00,
1.128104253,7287672,Arthur De Greef,R Quiroz v De Greef,10,2016-11-08 00:32:38.886,1.38,2016-11-08 17:00:00,
1.128104253,7287672,Arthur De Greef,R Quiroz v De Greef,20,2016-11-08 09:17:39.194,1.38,2016-11-08 17:00:00,
1.128104253,7287672,Arthur De Greef,R Quiroz v De Greef,30,2016-11-08 09:41:27.914,1.37,2016-11-08 17:00:00,
1.128104253,7287672,Arthur De Greef,R Quiroz v De Greef,40,2016-11-08 15:00:29.274,1.47,2016-11-08 16:51:00,
1.128104253,7287672,Arthur De Greef,R Quiroz v De Greef,50,2016-11-08 15:25:00.269,1.47,2016-11-08 16:51:00,
1.128104253,7287672,Arthur De Greef,R Quiroz v De Greef,60,2016-11-08 15:25:43.342,1.46,2016-11-08 16:51:00,
1.128104253,7287672,Arthur De Greef,R Quiroz v De Greef,70,2016-11-08 16:25:58.441,1.46,2016-11-08 16:51:00,
1.128104253,7287672,Arthur De Greef,R Quiroz v De Greef,80,2016-11-08 16:26:49.082,1.5,2016-11-08 16:51:00,
1.128104253,7287672,Arthur De Greef,R Quiroz v De Greef,90,2016-11-08 16:30:48.329,1.48,2016-11-08 16:51:00,
1.128104253,7287672,Arthur De Greef,R Quiroz v De Greef,100,2016-11-08 16:39:54.149,1.5,2016-11-08 16:56:00,
1.128104267,4903602,Carlos Salamanca,M Arevalo v Salamanca,0,2016-11-07 20:55:01.268,3.9,2016-11-08 15:00:00,
1.128104267,4903602,Carlos Salamanca,M Arevalo v Salamanca,10,2016-11-07 20:57:01.869,5.0,2016-11-08 15:00:00,
1.128104267,4903602,Carlos Salamanca,M Arevalo v Salamanca,20,2016-11-07 21:04:59.190,4.3,2016-11-08 15:00:00,
1.128104267,4903602,Carlos Salamanca,M Arevalo v Salamanca,30,2016-11-07 21:06:51.421,4.0,2016-11-08 15:00:00,
1.128104267,4903602,Carlos Salamanca,M Arevalo v Salamanca,40,2016-11-07 21:09:02.450,4.1,2016-11-08 15:00:00,
1.128104267,4903602,Carlos Salamanca,M Arevalo v Salamanca,50,2016-11-07 22:52:57.606,3.9,2016-11-08 15:00:00,
1.128104267,4903602,Carlos Salamanca,M Arevalo v Salamanca,60,2016-11-08 08:18:02.327,5.3,2016-11-08 15:00:00,
1.128104267,4903602,Carlos Salamanca,M Arevalo v Salamanca,70,2016-11-08 08:29:43.384,7.2,2016-11-08 15:00:00,
1.128104267,4903602,Carlos Salamanca,M Arevalo v Salamanca,80,2016-11-08 12:08:29.549,6.6,2016-11-08 15:00:00,
1.128104267,4903602,Carlos Salamanca,M Arevalo v Salamanca,90,2016-11-08 12:13:37.366,6.4,2016-11-08 15:00:00,
1.128104267,4903602,Carlos Salamanca,M Arevalo v Salamanca,100,2016-11-08 14:10:45.669,6.4,2016-11-08 15:00:00,
1.128104267,7430966,Marcelo Arevalo,M Arevalo v Salamanca,0,2016-11-07 20:47:59.505,1.03,2016-11-08 15:00:00,
1.128104267,7430966,Marcelo Arevalo,M Arevalo v Salamanca,10,2016-11-07 20:49:59.689,1.26,2016-11-08 15:00:00,
1.128104267,7430966,Marcelo Arevalo,M Arevalo v Salamanca,20,2016-11-07 20:55:01.268,1.9,2016-11-08 15:00:00,
1.128104267,7430966,Marcelo Arevalo,M Arevalo v Salamanca,30,2016-11-07 20:58:01.096,1.27,2016-11-08 15:00:00,
1.128104267,7430966,Marcelo Arevalo,M Arevalo v Salamanca,40,2016-11-07 21:04:59.190,1.59,2016-11-08 15:00:00,
1.128104267,7430966,Marcelo Arevalo,M Arevalo v Salamanca,50,2016-11-07 21:07:49.122,1.33,2016-11-08 15:00:00,
1.128104267,7430966,Marcelo Arevalo,M Arevalo v Salamanca,60,2016-11-08 09:17:23.041,1.17,2016-11-08 15:00:00,
1.128104267,7430966,Marcelo Arevalo,M Arevalo v Salamanca,70,2016-11-08 12:08:29.549,1.18,2016-11-08 15:00:00,
1.128104267,7430966,Marcelo Arevalo,M Arevalo v Salamanca,80,2016-11-08 12:22:40.977,1.24,2016-11-08 15:00:00,
1.128104267,7430966,Marcelo Arevalo,M Arevalo v Salamanca,90,2016-11-08 14:06:53.504,1.18,2016-11-08 15:00:00,
1.128104267,7430966,Marcelo Arevalo,M Arevalo v Salamanca,100,2016-11-08 14:47:49.610,1.16,2016-11-08 15:00:00,
1.128104341,7216260,Michael Linzer,Galan v M Linzer,0,2016-11-07 08:09:00.785,1.97,2016-11-07 18:30:00,
1.128104341,7216260,Michael Linzer,Galan v M Linzer,10,2016-11-07 17:09:03.174,2.28,2016-11-07 18:19:00,
1.128104341,7216260,Michael Linzer,Galan v M Linzer,20,2016-11-07 17:35:59.685,2.14,2016-11-07 18:19:00,
1.128104341,7216260,Michael Linzer,Galan v M Linzer,30,2016-11-07 21:51:49.348,2.18,2016-11-08 17:00:00,2016-11-07 18:39:06.304
1.128104341,7216260,Michael Linzer,Galan v M Linzer,40,2016-11-07 23:28:00.067,2.28,2016-11-08 17:00:00,2016-11-07 18:39:06.304
1.128104341,7216260,Michael Linzer,Galan v M Linzer,50,2016-11-08 03:38:30.742,2.36,2016-11-08 17:00:00,2016-11-07 18:39:06.304
1.128104341,7216260,Michael Linzer,Galan v M Linzer,60,2016-11-08 06:44:58.092,2.38,2016-11-08 17:00:00,2016-11-07 18:39:06.304
1.128104341,7216260,Michael Linzer,Galan v M Linzer,70,2016-11-08 08:09:55.542,2.42,2016-11-08 17:00:00,2016-11-07 18:39:06.304
1.128104341,7216260,Michael Linzer,Galan v M Linzer,80,2016-11-08 10:52:59.085,2.4,2016-11-08 17:00:00,2016-11-07 18:39:06.304
1.128104341,7216260,Michael Linzer,Galan v M Linzer,90,2016-11-08 12:53:05.145,2.48,2016-11-08 17:00:00,2016-11-07 18:39:06.304
1.128104341,7216260,Michael Linzer,Galan v M Linzer,100,2016-11-08 16:28:05.217,2.3,2016-11-08 16:54:00,2016-11-07 18:39:06.304
1.128104341,8860646,Daniel Elahi Galan,Galan v M Linzer,0,2016-11-06 14:49:02.354,2.06,2016-11-07 12:00:00,
1.128104341,8860646,Daniel Elahi Galan,Galan v M Linzer,10,2016-11-07 17:21:03.310,1.83,2016-11-07 18:19:00,
1.128104341,8860646,Daniel Elahi Galan,Galan v M Linzer,20,2016-11-07 21:41:16.265,1.82,2016-11-08 17:00:00,2016-11-07 18:39:06.304
1.128104341,8860646,Daniel Elahi Galan,Galan v M Linzer,30,2016-11-07 23:10:03.048,1.79,2016-11-08 17:00:00,2016-11-07 18:39:06.304
1.128104341,8860646,Daniel Elahi Galan,Galan v M Linzer,40,2016-11-08 01:20:33.367,1.79,2016-11-08 17:00:00,2016-11-07 18:39:06.304
1.128104341,8860646,Daniel Elahi Galan,Galan v M Linzer,50,2016-11-08 05:12:23.390,1.71,2016-11-08 17:00:00,2016-11-07 18:39:06.304
1.128104341,8860646,Daniel Elahi Galan,Galan v M Linzer,60,2016-11-08 07:37:05.933,1.71,2016-11-08 17:00:00,2016-11-07 18:39:06.304
1.128104341,8860646,Daniel Elahi Galan,Galan v M Linzer,70,2016-11-08 09:34:40.857,1.71,2016-11-08 17:00:00,2016-11-07 18:39:06.304
1.128104341,8860646,Daniel Elahi Galan,Galan v M Linzer,80,2016-11-08 12:30:05.185,1.69,2016-11-08 17:00:00,2016-11-07 18:39:06.304
1.128104341,8860646,Daniel Elahi Galan,Galan v M Linzer,90,2016-11-08 14:18:16.200,1.67,2016-11-08 17:00:00,2016-11-07 18:39:06.304
1.128104341,8860646,Daniel Elahi Galan,Galan v M Linzer,100,2016-11-08 17:25:56.348,1.69,2016-11-08 17:28:00,2016-11-07 18:39:06.304
1.128104385,3506037,Horacio Zeballos,Janvier v H Zeballos,0,2016-11-06 08:16:08.876,1.2,2016-11-07 12:00:00,
1.128104385,3506037,Horacio Zeballos,Janvier v H Zeballos,10,2016-11-07 09:52:08.233,1.48,2016-11-07 19:00:00,
1.128104385,3506037,Horacio Zeballos,Janvier v H Zeballos,20,2016-11-07 18:03:14.754,1.45,2016-11-07 19:00:00,
1.128104385,3506037,Horacio Zeballos,Janvier v H Zeballos,30,2016-11-07 19:09:58.628,1.52,2016-11-07 19:15:00,
1.128104385,3506037,Horacio Zeballos,Janvier v H Zeballos,40,2016-11-07 19:50:03.805,1.51,2016-11-07 20:00:00,
1.128104385,3506037,Horacio Zeballos,Janvier v H Zeballos,50,2016-11-07 20:29:14.089,2.48,2016-11-07 20:30:00,
1.128104385,3506037,Horacio Zeballos,Janvier v H Zeballos,60,2016-11-07 21:10:01.281,1.51,2016-11-08 19:00:00,
1.128104385,3506037,Horacio Zeballos,Janvier v H Zeballos,70,2016-11-07 22:45:15.210,1.57,2016-11-08 19:00:00,
1.128104385,3506037,Horacio Zeballos,Janvier v H Zeballos,80,2016-11-08 07:02:13.975,1.54,2016-11-08 19:00:00,
1.128104385,3506037,Horacio Zeballos,Janvier v H Zeballos,90,2016-11-08 10:35:06.311,1.49,2016-11-08 19:00:00,
1.128104385,3506037,Horacio Zeballos,Janvier v H Zeballos,100,2016-11-08 18:46:37.597,1.45,2016-11-08 18:55:00,
1.128104385,8257852,Maxime Janvier,Janvier v H Zeballos,0,2016-11-06 08:16:08.876,1.2,2016-11-07 12:00:00,
1.128104385,8257852,Maxime Janvier,Janvier v H Zeballos,10,2016-11-07 08:45:08.336,3.05,2016-11-07 19:00:00,
1.128104385,8257852,Maxime Janvier,Janvier v H Zeballos,20,2016-11-07 13:22:07.717,3.0,2016-11-07 19:00:00,
1.128104385,8257852,Maxime Janvier,Janvier v H Zeballos,30,2016-11-07 13:43:52.161,2.82,2016-11-07 19:00:00,
1.128104385,8257852,Maxime Janvier,Janvier v H Zeballos,40,2016-11-07 15:24:58.834,3.15,2016-11-07 19:00:00,
1.128104385,8257852,Maxime Janvier,Janvier v H Zeballos,50,2016-11-07 19:39:13.316,3.2,2016-11-07 19:45:00,
1.128104385,8257852,Maxime Janvier,Janvier v H Zeballos,60,2016-11-07 20:30:54.329,2.68,2016-11-07 20:45:00,
1.128104385,8257852,Maxime Janvier,Janvier v H Zeballos,70,2016-11-07 23:01:36.337,2.8,2016-11-08 19:00:00,
1.128104385,8257852,Maxime Janvier,Janvier v H Zeballos,80,2016-11-08 08:07:04.799,2.8,2016-11-08 19:00:00,
1.128104385,8257852,Maxime Janvier,Janvier v H Zeballos,90,2016-11-08 17:49:06.019,2.96,2016-11-08 18:40:00,
1.128104385,8257852,Maxime Janvier,Janvier v H Zeballos,100,2016-11-08 18:51:07.198,3.1,2016-11-08 18:55:00,
1.128104504,8942538,Herbert/Mahut,Herbert/Mahut v Kontinen/Peers,0,2016-11-05 23:09:38.109,1.49,2016-11-06 11:15:00,
1.128104504,8942538,Herbert/Mahut,Herbert/Mahut v Kontinen/Peers,10,2016-11-05 23:10:17.936,1.46,2016-11-06 11:15:00,
1.128104504,8942538,Herbert/Mahut,Herbert/Mahut v Kontinen/Peers,20,2016-11-06 07:14:33.764,1.59,2016-11-06 11:15:00,
1.128104504,8942538,Herbert/Mahut,Herbert/Mahut v Kontinen/Peers,30,2016-11-06 10:05:39.161,1.61,2016-11-06 11:15:00,
1.128104504,8942538,Herbert/Mahut,Herbert/Mahut v Kontinen/Peers,40,2016-11-06 10:25:36.387,1.58,2016-11-06 11:15:00,
1.128104504,8942538,Herbert/Mahut,Herbert/Mahut v Kontinen/Peers,50,2016-11-06 10:46:45.687,1.62,2016-11-06 11:15:00,
1.128104504,8942538,Herbert/Mahut,Herbert/Mahut v Kontinen/Peers,60,2016-11-06 10:48:40.842,1.63,2016-11-06 11:15:00,
1.128104504,8942538,Herbert/Mahut,Herbert/Mahut v Kontinen/Peers,70,2016-11-06 10:50:23.672,1.63,2016-11-06 11:15:00,
1.128104504,8942538,Herbert/Mahut,Herbert/Mahut v Kontinen/Peers,80,2016-11-06 10:56:33.358,1.59,2016-11-06 11:15:00,
1.128104504,8942538,Herbert/Mahut,Herbert/Mahut v Kontinen/Peers,90,2016-11-06 10:59:31.365,1.6,2016-11-06 11:15:00,
1.128104504,8942538,Herbert/Mahut,Herbert/Mahut v Kontinen/Peers,100,2016-11-06 11:03:41.499,1.59,2016-11-06 11:15:00,
1.128104504,10682162,Kontinen/Peers,Herbert/Mahut v Kontinen/Peers,0,2016-11-05 23:09:38.109,3.0,2016-11-06 11:15:00,
1.128104504,10682162,Kontinen/Peers,Herbert/Mahut v Kontinen/Peers,10,2016-11-06 05:52:44.593,2.74,2016-11-06 11:15:00,
1.128104504,10682162,Kontinen/Peers,Herbert/Mahut v Kontinen/Peers,20,2016-11-06 08:10:39.357,2.66,2016-11-06 11:15:00,
1.128104504,10682162,Kontinen/Peers,Herbert/Mahut v Kontinen/Peers,30,2016-11-06 09:06:26.190,2.68,2016-11-06 11:15:00,
1.128104504,10682162,Kontinen/Peers,Herbert/Mahut v Kontinen/Peers,40,2016-11-06 10:19:44.389,2.64,2016-11-06 11:15:00,
1.128104504,10682162,Kontinen/Peers,Herbert/Mahut v Kontinen/Peers,50,2016-11-06 10:25:36.387,2.68,2016-11-06 11:15:00,
1.128104504,10682162,Kontinen/Peers,Herbert/Mahut v Kontinen/Peers,60,2016-11-06 10:28:39.638,2.62,2016-11-06 11:15:00,
1.128104504,10682162,Kontinen/Peers,Herbert/Mahut v Kontinen/Peers,70,2016-11-06 10:46:45.687,2.62,2016-11-06 11:15:00,
1.128104504,10682162,Kontinen/Peers,Herbert/Mahut v Kontinen/Peers,80,2016-11-06 10:50:23.672,2.58,2016-11-06 11:15:00,
1.128104504,10682162,Kontinen/Peers,Herbert/Mahut v Kontinen/Peers,90,2016-11-06 10:58:38.613,2.6,2016-11-06 11:15:00,
1.128104504,10682162,Kontinen/Peers,Herbert/Mahut v Kontinen/Peers,100,2016-11-06 11:04:37.555,2.68,2016-11-06 11:15:00,
1.128106295,8443403,Andre Miele,Portaluri v A Miele,0,2016-11-05 23:05:59.656,1.19,2016-11-06 17:00:00,2016-11-05 21:16:03.304
1.128106295,8443403,Andre Miele,Portaluri v A Miele,10,2016-11-05 23:51:57.941,1.21,2016-11-06 17:00:00,2016-11-05 21:16:03.304
1.128106295,8443403,Andre Miele,Portaluri v A Miele,20,2016-11-06 02:15:27.103,1.23,2016-11-06 17:00:00,2016-11-05 21:16:03.304
1.128106295,8443403,Andre Miele,Portaluri v A Miele,30,2016-11-06 04:51:55.224,1.18,2016-11-06 17:00:00,2016-11-05 21:16:03.304
1.128106295,8443403,Andre Miele,Portaluri v A Miele,40,2016-11-06 07:31:47.152,1.39,2016-11-06 17:00:00,2016-11-05 21:16:03.304
1.128106295,8443403,Andre Miele,Portaluri v A Miele,50,2016-11-06 09:11:29.211,1.3,2016-11-06 17:00:00,2016-11-05 21:16:03.304
1.128106295,8443403,Andre Miele,Portaluri v A Miele,60,2016-11-06 10:26:05.851,1.33,2016-11-06 17:00:00,2016-11-05 21:16:03.304
1.128106295,8443403,Andre Miele,Portaluri v A Miele,70,2016-11-06 11:26:58.051,1.34,2016-11-06 17:00:00,2016-11-05 21:16:03.304
1.128106295,8443403,Andre Miele,Portaluri v A Miele,80,2016-11-06 12:40:48.872,1.32,2016-11-06 17:00:00,2016-11-05 21:16:03.304
1.128106295,8443403,Andre Miele,Portaluri v A Miele,90,2016-11-06 13:44:12.976,1.29,2016-11-06 17:00:00,2016-11-05 21:16:03.304
1.128106295,8443403,Andre Miele,Portaluri v A Miele,100,2016-11-06 15:30:50.868,1.26,2016-11-06 15:45:00,2016-11-05 21:16:03.304
1.128106295,8679685,Giorgio Portaluri,Portaluri v A Miele,0,2016-11-05 23:13:26.632,6.2,2016-11-06 17:00:00,2016-11-05 21:16:03.304
1.128106295,8679685,Giorgio Portaluri,Portaluri v A Miele,10,2016-11-06 00:12:04.964,6.4,2016-11-06 17:00:00,2016-11-05 21:16:03.304
1.128106295,8679685,Giorgio Portaluri,Portaluri v A Miele,20,2016-11-06 03:45:52.008,5.1,2016-11-06 17:00:00,2016-11-05 21:16:03.304
1.128106295,8679685,Giorgio Portaluri,Portaluri v A Miele,30,2016-11-06 04:57:28.140,5.3,2016-11-06 17:00:00,2016-11-05 21:16:03.304
1.128106295,8679685,Giorgio Portaluri,Portaluri v A Miele,40,2016-11-06 05:51:56.315,5.0,2016-11-06 17:00:00,2016-11-05 21:16:03.304
1.128106295,8679685,Giorgio Portaluri,Portaluri v A Miele,50,2016-11-06 06:45:00.608,4.7,2016-11-06 17:00:00,2016-11-05 21:16:03.304
1.128106295,8679685,Giorgio Portaluri,Portaluri v A Miele,60,2016-11-06 08:09:02.030,5.0,2016-11-06 17:00:00,2016-11-05 21:16:03.304
1.128106295,8679685,Giorgio Portaluri,Portaluri v A Miele,70,2016-11-06 08:39:36.986,4.9,2016-11-06 17:00:00,2016-11-05 21:16:03.304
1.128106295,8679685,Giorgio Portaluri,Portaluri v A Miele,80,2016-11-06 09:21:03.965,4.1,2016-11-06 17:00:00,2016-11-05 21:16:03.304
1.128106295,8679685,Giorgio Portaluri,Portaluri v A Miele,90,2016-11-06 11:56:26.075,4.1,2016-11-06 17:00:00,2016-11-05 21:16:03.304
1.128106295,8679685,Giorgio Portaluri,Portaluri v A Miele,100,2016-11-06 15:38:58.627,4.9,2016-11-06 15:45:00,2016-11-05 21:16:03.304
1.128109683,2831873,Ruben Bemelmans,Opelka v Bemelmans,0,2016-11-06 07:25:27.648,2.1,2016-11-06 20:00:00,
1.128109683,2831873,Ruben Bemelmans,Opelka v Bemelmans,10,2016-11-06 09:18:30.549,2.16,2016-11-06 20:00:00,
1.128109683,2831873,Ruben Bemelmans,Opelka v Bemelmans,20,2016-11-06 15:24:41.258,2.32,2016-11-06 20:00:00,
1.128109683,2831873,Ruben Bemelmans,Opelka v Bemelmans,30,2016-11-06 17:27:45.593,2.1,2016-11-06 20:00:00,
1.128109683,2831873,Ruben Bemelmans,Opelka v Bemelmans,40,2016-11-06 18:01:26.969,2.36,2016-11-06 19:55:00,
1.128109683,2831873,Ruben Bemelmans,Opelka v Bemelmans,50,2016-11-06 18:21:27.764,2.32,2016-11-06 19:55:00,
1.128109683,2831873,Ruben Bemelmans,Opelka v Bemelmans,60,2016-11-06 18:33:30.354,2.34,2016-11-06 19:55:00,
1.128109683,2831873,Ruben Bemelmans,Opelka v Bemelmans,70,2016-11-06 18:50:22.513,2.32,2016-11-06 19:55:00,
1.128109683,2831873,Ruben Bemelmans,Opelka v Bemelmans,80,2016-11-06 19:04:35.036,2.28,2016-11-06 19:55:00,
1.128109683,2831873,Ruben Bemelmans,Opelka v Bemelmans,90,2016-11-06 19:27:35.758,2.46,2016-11-06 19:32:00,
1.128109683,2831873,Ruben Bemelmans,Opelka v Bemelmans,100,2016-11-06 19:39:32.351,2.56,2016-11-06 19:47:00,
1.128109683,8859316,Reilly Opelka,Opelka v Bemelmans,0,2016-11-05 23:19:17.508,1.99,2016-11-06 20:00:00,
1.128109683,8859316,Reilly Opelka,Opelka v Bemelmans,10,2016-11-06 09:18:30.549,1.86,2016-11-06 20:00:00,
1.128109683,8859316,Reilly Opelka,Opelka v Bemelmans,20,2016-11-06 14:13:20.025,1.8,2016-11-06 20:00:00,
1.128109683,8859316,Reilly Opelka,Opelka v Bemelmans,30,2016-11-06 16:36:28.049,1.72,2016-11-06 20:00:00,
1.128109683,8859316,Reilly Opelka,Opelka v Bemelmans,40,2016-11-06 17:27:23.865,1.79,2016-11-06 20:00:00,
1.128109683,8859316,Reilly Opelka,Opelka v Bemelmans,50,2016-11-06 18:10:27.529,1.75,2016-11-06 19:55:00,
1.128109683,8859316,Reilly Opelka,Opelka v Bemelmans,60,2016-11-06 18:31:29.607,1.77,2016-11-06 19:55:00,
1.128109683,8859316,Reilly Opelka,Opelka v Bemelmans,70,2016-11-06 18:44:11.676,1.75,2016-11-06 19:55:00,
1.128109683,8859316,Reilly Opelka,Opelka v Bemelmans,80,2016-11-06 19:00:24.800,1.76,2016-11-06 19:55:00,
1.128109683,8859316,Reilly Opelka,Opelka v Bemelmans,90,2016-11-06 19:20:29.593,1.73,2016-11-06 19:32:00,
1.128109683,8859316,Reilly Opelka,Opelka v Bemelmans,100,2016-11-06 19:37:26.542,1.64,2016-11-06 19:47:00,
1.128112448,8475978,Sadio Doumbia,Doumbia v Boutillier,0,2016-11-07 08:00:55.601,2.0,2016-11-07 10:00:00,
1.128112448,8475978,Sadio Doumbia,Doumbia v Boutillier,10,2016-11-07 08:48:48.282,1.77,2016-11-07 10:00:00,
1.128112448,8475978,Sadio Doumbia,Doumbia v Boutillier,20,2016-11-07 09:08:46.214,1.99,2016-11-07 10:00:00,
1.128112448,8475978,Sadio Doumbia,Doumbia v Boutillier,30,2016-11-07 09:20:55.265,1.81,2016-11-07 10:00:00,
1.128112448,8475978,Sadio Doumbia,Doumbia v Boutillier,40,2016-11-07 09:24:00.338,2.0,2016-11-07 10:00:00,
1.128112448,8475978,Sadio Doumbia,Doumbia v Boutillier,50,2016-11-07 09:27:01.391,2.1,2016-11-07 10:00:00,
1.128112448,8475978,Sadio Doumbia,Doumbia v Boutillier,60,2016-11-07 09:29:00.885,2.08,2016-11-07 10:00:00,
1.128112448,8475978,Sadio Doumbia,Doumbia v Boutillier,70,2016-11-07 09:36:53.669,2.08,2016-11-07 10:00:00,
1.128112448,8475978,Sadio Doumbia,Doumbia v Boutillier,80,2016-11-07 09:44:51.158,2.0,2016-11-07 10:00:00,
1.128112448,8475978,Sadio Doumbia,Doumbia v Boutillier,90,2016-11-07 09:47:57.056,2.04,2016-11-07 10:00:00,
1.128112448,8475978,Sadio Doumbia,Doumbia v Boutillier,100,2016-11-07 09:50:42.922,2.22,2016-11-07 10:00:00,
1.128112448,8596370,Remi Boutillier,Doumbia v Boutillier,0,2016-11-07 08:00:55.601,2.0,2016-11-07 10:00:00,
1.128112448,8596370,Remi Boutillier,Doumbia v Boutillier,10,2016-11-07 09:06:52.375,2.02,2016-11-07 10:00:00,
1.128112448,8596370,Remi Boutillier,Doumbia v Boutillier,20,2016-11-07 09:08:46.214,2.0,2016-11-07 10:00:00,
1.128112448,8596370,Remi Boutillier,Doumbia v Boutillier,30,2016-11-07 09:22:58.571,2.0,2016-11-07 10:00:00,
1.128112448,8596370,Remi Boutillier,Doumbia v Boutillier,40,2016-11-07 09:24:53.818,1.91,2016-11-07 10:00:00,
1.128112448,8596370,Remi Boutillier,Doumbia v Boutillier,50,2016-11-07 09:29:00.885,1.91,2016-11-07 10:00:00,
1.128112448,8596370,Remi Boutillier,Doumbia v Boutillier,60,2016-11-07 09:29:49.772,1.92,2016-11-07 10:00:00,
1.128112448,8596370,Remi Boutillier,Doumbia v Boutillier,70,2016-11-07 09:41:41.819,1.98,2016-11-07 10:00:00,
1.128112448,8596370,Remi Boutillier,Doumbia v Boutillier,80,2016-11-07 09:44:51.158,2.0,2016-11-07 10:00:00,
1.128112448,8596370,Remi Boutillier,Doumbia v Boutillier,90,2016-11-07 09:45:59.730,2.04,2016-11-07 10:00:00,
1.128112448,8596370,Remi Boutillier,Doumbia v Boutillier,100,2016-11-07 09:50:42.922,1.81,2016-11-07 10:00:00,
1.128112807,12008511,Doumbia/Reboul,Sabanov/Sabanov v Doumbia/Reboul,0,2016-11-09 13:49:54.585,2.14,2016-11-09 16:00:00,
1.128112807,12008511,Doumbia/Reboul,Sabanov/Sabanov v Doumbia/Reboul,10,2016-11-09 13:54:57.417,2.1,2016-11-09 16:00:00,
1.128112807,12008511,Doumbia/Reboul,Sabanov/Sabanov v Doumbia/Reboul,20,2016-11-09 13:56:41.026,2.08,2016-11-09 16:00:00,
1.128112807,12008511,Doumbia/Reboul,Sabanov/Sabanov v Doumbia/Reboul,30,2016-11-09 13:59:51.448,2.02,2016-11-09 16:00:00,
1.128112807,12008511,Doumbia/Reboul,Sabanov/Sabanov v Doumbia/Reboul,40,2016-11-09 14:01:38.491,2.0,2016-11-09 16:00:00,
1.128112807,12008511,Doumbia/Reboul,Sabanov/Sabanov v Doumbia/Reboul,50,2016-11-09 14:22:00.251,2.0,2016-11-09 16:00:00,
1.128112807,12008511,Doumbia/Reboul,Sabanov/Sabanov v Doumbia/Reboul,60,2016-11-09 14:28:55.150,1.99,2016-11-09 16:00:00,
1.128112807,12008511,Doumbia/Reboul,Sabanov/Sabanov v Doumbia/Reboul,70,2016-11-09 14:30:48.669,1.98,2016-11-09 16:00:00,
1.128112807,12008511,Doumbia/Reboul,Sabanov/Sabanov v Doumbia/Reboul,80,2016-11-09 15:15:51.647,1.96,2016-11-09 16:00:00,
1.128112807,12008511,Doumbia/Reboul,Sabanov/Sabanov v Doumbia/Reboul,90,2016-11-09 15:16:55.082,1.95,2016-11-09 16:00:00,
1.128112807,12008511,Doumbia/Reboul,Sabanov/Sabanov v Doumbia/Reboul,100,2016-11-09 16:06:48.817,1.93,2016-11-09 16:15:00,
1.128114398,3772081,Yuki Bhambri,Y Bhambri v Bambridge,0,2016-11-07 07:37:31.811,1.38,2016-11-07 15:00:00,
1.128114398,3772081,Yuki Bhambri,Y Bhambri v Bambridge,10,2016-11-07 09:48:17.254,1.4,2016-11-07 15:00:00,
1.128114398,3772081,Yuki Bhambri,Y Bhambri v Bambridge,20,2016-11-07 10:39:56.905,1.34,2016-11-07 15:00:00,
1.128114398,3772081,Yuki Bhambri,Y Bhambri v Bambridge,30,2016-11-07 11:34:56.457,1.24,2016-11-07 15:00:00,
1.128114398,3772081,Yuki Bhambri,Y Bhambri v Bambridge,40,2016-11-07 11:55:58.692,1.32,2016-11-07 15:00:00,
1.128114398,3772081,Yuki Bhambri,Y Bhambri v Bambridge,50,2016-11-07 13:07:57.004,1.33,2016-11-07 15:00:00,
1.128114398,3772081,Yuki Bhambri,Y Bhambri v Bambridge,60,2016-11-07 13:28:44.647,1.32,2016-11-07 15:00:00,
1.128114398,3772081,Yuki Bhambri,Y Bhambri v Bambridge,70,2016-11-07 13:52:57.425,1.32,2016-11-07 15:00:00,
1.128114398,3772081,Yuki Bhambri,Y Bhambri v Bambridge,80,2016-11-07 13:57:01.469,1.24,2016-11-07 15:00:00,
1.128114398,3772081,Yuki Bhambri,Y Bhambri v Bambridge,90,2016-11-07 13:57:50.183,1.22,2016-11-07 15:00:00,
1.128114398,3772081,Yuki Bhambri,Y Bhambri v Bambridge,100,2016-11-07 14:30:55.400,1.37,2016-11-07 15:00:00,
1.128114398,7364198,Luke Bambridge,Y Bhambri v Bambridge,0,2016-11-07 07:50:59.935,4.6,2016-11-07 15:00:00,
1.128114398,7364198,Luke Bambridge,Y Bhambri v Bambridge,10,2016-11-07 07:51:53.032,4.0,2016-11-07 15:00:00,
1.128114398,7364198,Luke Bambridge,Y Bhambri v Bambridge,20,2016-11-07 08:07:52.506,4.1,2016-11-07 15:00:00,
1.128114398,7364198,Luke Bambridge,Y Bhambri v Bambridge,30,2016-11-07 09:48:17.254,3.5,2016-11-07 15:00:00,
1.128114398,7364198,Luke Bambridge,Y Bhambri v Bambridge,40,2016-11-07 10:39:56.905,3.95,2016-11-07 15:00:00,
1.128114398,7364198,Luke Bambridge,Y Bhambri v Bambridge,50,2016-11-07 11:34:56.457,5.1,2016-11-07 15:00:00,
1.128114398,7364198,Luke Bambridge,Y Bhambri v Bambridge,60,2016-11-07 13:07:57.004,4.1,2016-11-07 15:00:00,
1.128114398,7364198,Luke Bambridge,Y Bhambri v Bambridge,70,2016-11-07 13:28:44.647,4.2,2016-11-07 15:00:00,
1.128114398,7364198,Luke Bambridge,Y Bhambri v Bambridge,80,2016-11-07 13:32:47.504,4.1,2016-11-07 15:00:00,
1.128114398,7364198,Luke Bambridge,Y Bhambri v Bambridge,90,2016-11-07 13:57:01.469,5.1,2016-11-07 15:00:00,
1.128114398,7364198,Luke Bambridge,Y Bhambri v Bambridge,100,2016-11-07 14:07:58.324,3.5,2016-11-07 15:00:00,
1.128116502,7797772,Egor Gerasimov,Gerasimov v P Fabian,0,2016-11-07 01:13:02.014,1.48,2016-11-07 17:00:00,
1.128116502,7797772,Egor Gerasimov,Gerasimov v P Fabian,10,2016-11-07 05:58:00.629,1.58,2016-11-07 17:00:00,
1.128116502,7797772,Egor Gerasimov,Gerasimov v P Fabian,20,2016-11-07 07:20:42.473,1.48,2016-11-07 17:00:00,
1.128116502,7797772,Egor Gerasimov,Gerasimov v P Fabian,30,2016-11-07 10:49:47.436,1.5,2016-11-07 17:00:00,
1.128116502,7797772,Egor Gerasimov,Gerasimov v P Fabian,40,2016-11-07 13:50:07.380,1.49,2016-11-07 17:00:00,
1.128116502,7797772,Egor Gerasimov,Gerasimov v P Fabian,50,2016-11-07 15:32:01.279,1.47,2016-11-07 17:45:00,
1.128116502,7797772,Egor Gerasimov,Gerasimov v P Fabian,60,2016-11-07 15:35:44.907,1.44,2016-11-07 17:31:00,
1.128116502,7797772,Egor Gerasimov,Gerasimov v P Fabian,70,2016-11-07 15:43:54.883,1.41,2016-11-07 17:31:00,
1.128116502,7797772,Egor Gerasimov,Gerasimov v P Fabian,80,2016-11-07 16:28:44.510,1.42,2016-11-07 17:31:00,
1.128116502,7797772,Egor Gerasimov,Gerasimov v P Fabian,90,2016-11-07 16:36:27.591,1.37,2016-11-07 17:31:00,
1.128116502,7797772,Egor Gerasimov,Gerasimov v P Fabian,100,2016-11-07 17:03:00.109,1.38,2016-11-07 17:04:00,
1.128116546,7366936,Aldin Setkic,Michnev v Setkic,0,2016-11-06 22:07:19.692,1.78,2016-11-07 18:00:00,
1.128116546,7366936,Aldin Setkic,Michnev v Setkic,10,2016-11-07 07:36:22.870,1.84,2016-11-07 18:00:00,
1.128116546,7366936,Aldin Setkic,Michnev v Setkic,20,2016-11-07 09:57:04.330,1.79,2016-11-07 18:00:00,
1.128116546,7366936,Aldin Setkic,Michnev v Setkic,30,2016-11-07 11:45:18.234,1.81,2016-11-07 18:00:00,
1.128116546,7366936,Aldin Setkic,Michnev v Setkic,40,2016-11-07 13:28:32.012,1.78,2016-11-07 18:00:00,
1.128116546,7366936,Aldin Setkic,Michnev v Setkic,50,2016-11-07 14:32:48.858,1.7,2016-11-07 18:00:00,
1.128116546,7366936,Aldin Setkic,Michnev v Setkic,60,2016-11-07 16:09:12.016,1.69,2016-11-07 17:47:00,
1.128116546,7366936,Aldin Setkic,Michnev v Setkic,70,2016-11-07 16:33:11.960,1.78,2016-11-07 17:47:00,
1.128116546,7366936,Aldin Setkic,Michnev v Setkic,80,2016-11-07 16:42:21.484,1.75,2016-11-07 17:47:00,
1.128116546,7366936,Aldin Setkic,Michnev v Setkic,90,2016-11-07 17:08:22.799,1.8,2016-11-07 17:47:00,
1.128116546,7366936,Aldin Setkic,Michnev v Setkic,100,2016-11-07 17:27:17.909,1.84,2016-11-07 17:47:00,
1.128116546,8224989,Petr Michnev,Michnev v Setkic,0,2016-11-07 02:22:43.119,2.06,2016-11-07 18:00:00,
1.128116546,8224989,Petr Michnev,Michnev v Setkic,10,2016-11-07 11:39:59.664,2.1,2016-11-07 18:00:00,
1.128116546,8224989,Petr Michnev,Michnev v Setkic,20,2016-11-07 12:13:15.729,2.24,2016-11-07 18:00:00,
1.128116546,8224989,Petr Michnev,Michnev v Setkic,30,2016-11-07 14:00:21.296,2.28,2016-11-07 18:00:00,
1.128116546,8224989,Petr Michnev,Michnev v Setkic,40,2016-11-07 14:31:21.453,2.3,2016-11-07 18:00:00,
1.128116546,8224989,Petr Michnev,Michnev v Setkic,50,2016-11-07 15:13:49.593,2.26,2016-11-07 18:00:00,
1.128116546,8224989,Petr Michnev,Michnev v Setkic,60,2016-11-07 16:16:06.255,2.42,2016-11-07 17:47:00,
1.128116546,8224989,Petr Michnev,Michnev v Setkic,70,2016-11-07 16:30:19.983,2.34,2016-11-07 17:47:00,
1.128116546,8224989,Petr Michnev,Michnev v Setkic,80,2016-11-07 16:47:13.779,2.3,2016-11-07 17:47:00,
1.128116546,8224989,Petr Michnev,Michnev v Setkic,90,2016-11-07 17:08:22.799,2.26,2016-11-07 17:47:00,
1.128116546,8224989,Petr Michnev,Michnev v Setkic,100,2016-11-07 17:27:17.909,2.18,2016-11-07 17:47:00,
1.128118173,11402108,Jarry/Podlipnik-Castill,Cervantes/Vervoort v Jarry/Podlipnik-Castill,0,2016-11-08 23:51:21.357,1.1,2016-11-09 19:00:00,2016-11-08 21:47:10.919
1.128118173,11402108,Jarry/Podlipnik-Castill,Cervantes/Vervoort v Jarry/Podlipnik-Castill,10,2016-11-09 01:24:41.690,1.08,2016-11-09 19:00:00,2016-11-08 21:47:10.919
1.128118173,11402108,Jarry/Podlipnik-Castill,Cervantes/Vervoort v Jarry/Podlipnik-Castill,20,2016-11-09 07:09:00.590,1.14,2016-11-09 19:00:00,2016-11-08 21:47:10.919
1.128118173,11402108,Jarry/Podlipnik-Castill,Cervantes/Vervoort v Jarry/Podlipnik-Castill,30,2016-11-09 07:54:15.113,1.2,2016-11-09 19:00:00,2016-11-08 21:47:10.919
1.128118173,11402108,Jarry/Podlipnik-Castill,Cervantes/Vervoort v Jarry/Podlipnik-Castill,40,2016-11-09 08:31:54.954,1.21,2016-11-09 19:00:00,2016-11-08 21:47:10.919
1.128118173,11402108,Jarry/Podlipnik-Castill,Cervantes/Vervoort v Jarry/Podlipnik-Castill,50,2016-11-09 09:52:53.542,1.15,2016-11-09 19:00:00,2016-11-08 21:47:10.919
1.128118173,11402108,Jarry/Podlipnik-Castill,Cervantes/Vervoort v Jarry/Podlipnik-Castill,60,2016-11-09 10:22:12.808,1.15,2016-11-09 19:00:00,2016-11-08 21:47:10.919
1.128118173,11402108,Jarry/Podlipnik-Castill,Cervantes/Vervoort v Jarry/Podlipnik-Castill,70,2016-11-09 11:28:30.598,1.2,2016-11-09 19:00:00,2016-11-08 21:47:10.919
1.128118173,11402108,Jarry/Podlipnik-Castill,Cervantes/Vervoort v Jarry/Podlipnik-Castill,80,2016-11-09 13:41:27.788,1.17,2016-11-09 19:00:00,2016-11-08 21:47:10.919
1.128118173,11402108,Jarry/Podlipnik-Castill,Cervantes/Vervoort v Jarry/Podlipnik-Castill,90,2016-11-09 16:37:35.776,1.15,2016-11-09 19:00:00,2016-11-08 21:47:10.919
1.128118173,11402108,Jarry/Podlipnik-Castill,Cervantes/Vervoort v Jarry/Podlipnik-Castill,100,2016-11-09 20:35:51.114,1.17,2016-11-09 21:00:00,2016-11-08 21:47:10.919
1.128118193,7659542,Gomez/Quiroz,Gomez/Quiroz v Ghem/Russi Assumpcao,0,2016-11-07 19:24:34.567,1.05,2016-11-07 20:27:00,
1.128118193,7659542,Gomez/Quiroz,Gomez/Quiroz v Ghem/Russi Assumpcao,10,2016-11-08 00:09:21.600,1.24,2016-11-08 20:00:00,2016-11-07 19:51:07.715
1.128118193,7659542,Gomez/Quiroz,Gomez/Quiroz v Ghem/Russi Assumpcao,20,2016-11-08 06:19:17.260,1.31,2016-11-08 20:00:00,2016-11-07 19:51:07.715
1.128118193,7659542,Gomez/Quiroz,Gomez/Quiroz v Ghem/Russi Assumpcao,30,2016-11-08 10:33:11.745,1.32,2016-11-08 20:00:00,2016-11-07 19:51:07.715
1.128118193,7659542,Gomez/Quiroz,Gomez/Quiroz v Ghem/Russi Assumpcao,40,2016-11-08 17:03:12.203,1.36,2016-11-08 20:00:00,2016-11-07 19:51:07.715
1.128118193,7659542,Gomez/Quiroz,Gomez/Quiroz v Ghem/Russi Assumpcao,50,2016-11-08 23:02:57.764,1.17,2016-11-09 19:00:00,2016-11-07 19:51:07.715
1.128118193,7659542,Gomez/Quiroz,Gomez/Quiroz v Ghem/Russi Assumpcao,60,2016-11-09 02:18:56.100,1.31,2016-11-09 19:00:00,2016-11-07 19:51:07.715
1.128118193,7659542,Gomez/Quiroz,Gomez/Quiroz v Ghem/Russi Assumpcao,70,2016-11-09 07:55:20.070,1.23,2016-11-09 19:00:00,2016-11-07 19:51:07.715
1.128118193,7659542,Gomez/Quiroz,Gomez/Quiroz v Ghem/Russi Assumpcao,80,2016-11-09 11:22:51.836,1.22,2016-11-09 19:00:00,2016-11-07 19:51:07.715
1.128118193,7659542,Gomez/Quiroz,Gomez/Quiroz v Ghem/Russi Assumpcao,90,2016-11-09 15:39:22.115,1.24,2016-11-09 19:00:00,2016-11-07 19:51:07.715
1.128118193,7659542,Gomez/Quiroz,Gomez/Quiroz v Ghem/Russi Assumpcao,100,2016-11-09 19:48:39.558,1.32,2016-11-09 20:00:00,2016-11-07 19:51:07.715
1.128118193,11809489,Ghem/Russi Assumpcao,Gomez/Quiroz v Ghem/Russi Assumpcao,0,2016-11-07 20:55:01.628,4.1,2016-11-08 20:00:00,2016-11-07 19:51:07.715
1.128118193,11809489,Ghem/Russi Assumpcao,Gomez/Quiroz v Ghem/Russi Assumpcao,10,2016-11-07 23:23:01.096,5.0,2016-11-08 20:00:00,2016-11-07 19:51:07.715
1.128118193,11809489,Ghem/Russi Assumpcao,Gomez/Quiroz v Ghem/Russi Assumpcao,20,2016-11-08 01:04:20.209,4.4,2016-11-08 20:00:00,2016-11-07 19:51:07.715
1.128118193,11809489,Ghem/Russi Assumpcao,Gomez/Quiroz v Ghem/Russi Assumpcao,30,2016-11-08 07:02:13.871,4.1,2016-11-08 20:00:00,2016-11-07 19:51:07.715
1.128118193,11809489,Ghem/Russi Assumpcao,Gomez/Quiroz v Ghem/Russi Assumpcao,40,2016-11-08 10:33:11.745,4.3,2016-11-08 20:00:00,2016-11-07 19:51:07.715
1.128118193,11809489,Ghem/Russi Assumpcao,Gomez/Quiroz v Ghem/Russi Assumpcao,50,2016-11-08 15:32:17.839,4.5,2016-11-08 20:00:00,2016-11-07 19:51:07.715
1.128118193,11809489,Ghem/Russi Assumpcao,Gomez/Quiroz v Ghem/Russi Assumpcao,60,2016-11-08 18:34:55.652,4.2,2016-11-08 20:00:00,2016-11-07 19:51:07.715
1.128118193,11809489,Ghem/Russi Assumpcao,Gomez/Quiroz v Ghem/Russi Assumpcao,70,2016-11-08 22:57:04.678,5.9,2016-11-09 19:00:00,2016-11-07 19:51:07.715
1.128118193,11809489,Ghem/Russi Assumpcao,Gomez/Quiroz v Ghem/Russi Assumpcao,80,2016-11-09 00:48:41.857,5.6,2016-11-09 19:00:00,2016-11-07 19:51:07.715
1.128118193,11809489,Ghem/Russi Assumpcao,Gomez/Quiroz v Ghem/Russi Assumpcao,90,2016-11-09 10:44:56.213,5.3,2016-11-09 19:00:00,2016-11-07 19:51:07.715
1.128118193,11809489,Ghem/Russi Assumpcao,Gomez/Quiroz v Ghem/Russi Assumpcao,100,2016-11-09 19:48:39.558,4.2,2016-11-09 20:00:00,2016-11-07 19:51:07.715
1.128118553,3218484,Rhyne Williams,Bangoura v R Williams,0,2016-11-07 07:41:10.581,2.16,2016-11-08 12:00:00,
1.128118553,3218484,Rhyne Williams,Bangoura v R Williams,10,2016-11-07 22:07:51.451,2.22,2016-11-08 00:00:00,
1.128118553,3218484,Rhyne Williams,Bangoura v R Williams,20,2016-11-07 22:21:42.041,2.18,2016-11-08 00:00:00,
1.128118553,3218484,Rhyne Williams,Bangoura v R Williams,30,2016-11-08 20:53:58.368,2.42,2016-11-09 00:00:00,
1.128118553,3218484,Rhyne Williams,Bangoura v R Williams,40,2016-11-08 22:36:37.322,2.5,2016-11-09 00:00:00,
1.128118553,3218484,Rhyne Williams,Bangoura v R Williams,50,2016-11-08 22:59:47.861,2.44,2016-11-09 00:00:00,
1.128118553,3218484,Rhyne Williams,Bangoura v R Williams,60,2016-11-08 23:00:53.771,2.46,2016-11-09 00:00:00,
1.128118553,3218484,Rhyne Williams,Bangoura v R Williams,70,2016-11-08 23:23:52.988,2.56,2016-11-09 00:00:00,
1.128118553,3218484,Rhyne Williams,Bangoura v R Williams,80,2016-11-08 23:41:01.265,2.58,2016-11-09 00:00:00,
1.128118553,3218484,Rhyne Williams,Bangoura v R Williams,90,2016-11-08 23:44:55.289,2.5,2016-11-09 00:00:00,
1.128118553,3218484,Rhyne Williams,Bangoura v R Williams,100,2016-11-08 23:48:00.577,2.5,2016-11-09 00:00:00,
1.128118553,7066127,Sekou Bangoura,Bangoura v R Williams,0,2016-11-07 07:28:48.951,1.87,2016-11-08 12:00:00,
1.128118553,7066127,Sekou Bangoura,Bangoura v R Williams,10,2016-11-07 20:47:50.314,1.73,2016-11-08 00:00:00,
1.128118553,7066127,Sekou Bangoura,Bangoura v R Williams,20,2016-11-08 09:17:23.625,1.68,2016-11-09 00:00:00,
1.128118553,7066127,Sekou Bangoura,Bangoura v R Williams,30,2016-11-08 19:45:44.606,1.72,2016-11-09 00:00:00,
1.128118553,7066127,Sekou Bangoura,Bangoura v R Williams,40,2016-11-08 21:49:55.776,1.59,2016-11-09 00:00:00,
1.128118553,7066127,Sekou Bangoura,Bangoura v R Williams,50,2016-11-08 21:52:01.298,1.64,2016-11-09 00:00:00,
1.128118553,7066127,Sekou Bangoura,Bangoura v R Williams,60,2016-11-08 22:58:50.326,1.69,2016-11-09 00:00:00,
1.128118553,7066127,Sekou Bangoura,Bangoura v R Williams,70,2016-11-08 23:23:52.988,1.64,2016-11-09 00:00:00,
1.128118553,7066127,Sekou Bangoura,Bangoura v R Williams,80,2016-11-08 23:44:55.289,1.66,2016-11-09 00:00:00,
1.128118553,7066127,Sekou Bangoura,Bangoura v R Williams,90,2016-11-08 23:48:00.577,1.64,2016-11-09 00:00:00,
1.128118553,7066127,Sekou Bangoura,Bangoura v R Williams,100,2016-11-08 23:50:26.475,1.62,2016-11-09 00:00:00,
1.128118597,2759763,Brydan Klein,B Klein v Tiafoe,0,2016-11-09 07:45:51.750,2.72,2016-11-09 22:30:00,
1.128118597,2759763,Brydan Klein,B Klein v Tiafoe,10,2016-11-09 16:38:06.082,2.8,2016-11-09 22:45:00,
1.128118597,2759763,Brydan Klein,B Klein v Tiafoe,20,2016-11-09 18:48:59.220,2.74,2016-11-09 23:04:00,
1.128118597,2759763,Brydan Klein,B Klein v Tiafoe,30,2016-11-09 20:16:35.308,2.8,2016-11-09 21:30:00,
1.128118597,2759763,Brydan Klein,B Klein v Tiafoe,40,2016-11-09 21:05:05.164,3.25,2016-11-09 21:30:00,
1.128118597,2759763,Brydan Klein,B Klein v Tiafoe,50,2016-11-09 21:07:54.377,3.35,2016-11-09 21:30:00,
1.128118597,2759763,Brydan Klein,B Klein v Tiafoe,60,2016-11-09 21:21:01.839,3.45,2016-11-09 21:30:00,
1.128118597,2759763,Brydan Klein,B Klein v Tiafoe,70,2016-11-09 21:25:02.329,3.45,2016-11-09 21:30:00,
1.128118597,2759763,Brydan Klein,B Klein v Tiafoe,80,2016-11-09 21:28:02.388,3.35,2016-11-09 21:30:00,
1.128118597,2759763,Brydan Klein,B Klein v Tiafoe,90,2016-11-09 21:30:06.250,3.45,2016-11-09 21:45:00,
1.128118597,2759763,Brydan Klein,B Klein v Tiafoe,100,2016-11-09 22:02:05.912,3.25,2016-11-09 22:15:00,
1.128118597,9399490,Frances Tiafoe,B Klein v Tiafoe,0,2016-11-09 09:06:18.602,1.5,2016-11-09 22:30:00,
1.128118597,9399490,Frances Tiafoe,B Klein v Tiafoe,10,2016-11-09 17:27:53.612,1.64,2016-11-09 22:34:00,
1.128118597,9399490,Frances Tiafoe,B Klein v Tiafoe,20,2016-11-09 20:22:05.925,1.49,2016-11-09 21:30:00,
1.128118597,9399490,Frances Tiafoe,B Klein v Tiafoe,30,2016-11-09 21:07:06.296,1.44,2016-11-09 21:30:00,
1.128118597,9399490,Frances Tiafoe,B Klein v Tiafoe,40,2016-11-09 21:21:01.839,1.41,2016-11-09 21:30:00,
1.128118597,9399490,Frances Tiafoe,B Klein v Tiafoe,50,2016-11-09 21:27:04.418,1.4,2016-11-09 21:30:00,
1.128118597,9399490,Frances Tiafoe,B Klein v Tiafoe,60,2016-11-09 21:31:59.210,1.42,2016-11-09 21:45:00,
1.128118597,9399490,Frances Tiafoe,B Klein v Tiafoe,70,2016-11-09 21:42:03.433,1.41,2016-11-09 21:45:00,
1.128118597,9399490,Frances Tiafoe,B Klein v Tiafoe,80,2016-11-09 21:48:31.844,1.4,2016-11-09 22:00:00,
1.128118597,9399490,Frances Tiafoe,B Klein v Tiafoe,90,2016-11-09 21:59:05.659,1.38,2016-11-09 22:15:00,
1.128118597,9399490,Frances Tiafoe,B Klein v Tiafoe,100,2016-11-09 22:03:01.349,1.4,2016-11-09 22:15:00,
1.128118614,7413423,Jared Donaldson,J Donaldson v Libietis,0,2016-11-07 21:36:05.999,1.2,2016-11-08 22:30:00,
1.128118614,7413423,Jared Donaldson,J Donaldson v Libietis,10,2016-11-07 22:51:41.518,1.26,2016-11-08 22:30:00,
1.128118614,7413423,Jared Donaldson,J Donaldson v Libietis,20,2016-11-08 13:55:04.174,1.22,2016-11-08 22:30:00,
1.128118614,7413423,Jared Donaldson,J Donaldson v Libietis,30,2016-11-08 20:13:04.208,1.23,2016-11-08 22:30:00,
1.128118614,7413423,Jared Donaldson,J Donaldson v Libietis,40,2016-11-08 21:13:52.237,1.23,2016-11-08 22:30:00,
1.128118614,7413423,Jared Donaldson,J Donaldson v Libietis,50,2016-11-08 21:45:59.892,1.19,2016-11-08 22:30:00,
1.128118614,7413423,Jared Donaldson,J Donaldson v Libietis,60,2016-11-08 21:47:04.025,1.17,2016-11-08 22:30:00,
1.128118614,7413423,Jared Donaldson,J Donaldson v Libietis,70,2016-11-08 22:02:48.856,1.2,2016-11-08 22:30:00,
1.128118614,7413423,Jared Donaldson,J Donaldson v Libietis,80,2016-11-08 22:21:05.741,1.16,2016-11-08 22:30:00,
1.128118614,7413423,Jared Donaldson,J Donaldson v Libietis,90,2016-11-08 22:25:03.857,1.2,2016-11-08 22:30:00,
1.128118614,7413423,Jared Donaldson,J Donaldson v Libietis,100,2016-11-08 22:27:03.032,1.2,2016-11-08 22:30:00,
1.128118685,8639819,Sam Groth,Groth v Fratangelo,0,2016-11-09 11:40:08.626,1.89,2016-11-09 20:30:00,
1.128118685,8639819,Sam Groth,Groth v Fratangelo,10,2016-11-09 12:19:51.264,1.86,2016-11-09 20:30:00,
1.128118685,8639819,Sam Groth,Groth v Fratangelo,20,2016-11-09 16:48:40.864,1.88,2016-11-09 20:34:00,
1.128118685,8639819,Sam Groth,Groth v Fratangelo,30,2016-11-09 19:25:40.102,1.76,2016-11-09 21:04:00,
1.128118685,8639819,Sam Groth,Groth v Fratangelo,40,2016-11-09 19:43:06.881,1.8,2016-11-09 21:04:00,
1.128118685,8639819,Sam Groth,Groth v Fratangelo,50,2016-11-09 19:49:50.261,1.73,2016-11-09 21:04:00,
1.128118685,8639819,Sam Groth,Groth v Fratangelo,60,2016-11-09 19:56:48.641,1.7,2016-11-09 21:04:00,
1.128118685,8639819,Sam Groth,Groth v Fratangelo,70,2016-11-09 20:27:05.102,1.71,2016-11-09 21:04:00,
1.128118685,8639819,Sam Groth,Groth v Fratangelo,80,2016-11-09 20:39:29.254,1.77,2016-11-09 21:04:00,
1.128118685,8639819,Sam Groth,Groth v Fratangelo,90,2016-11-09 20:50:02.311,1.77,2016-11-09 21:04:00,
1.128118685,8639819,Sam Groth,Groth v Fratangelo,100,2016-11-09 21:08:03.366,1.73,2016-11-09 21:19:00,
1.128118993,3103121,Daniel Evans,D Evans v M Krueger,0,2016-11-06 21:52:26.262,1.2,2016-11-07 12:00:00,
1.128118993,3103121,Daniel Evans,D Evans v M Krueger,10,2016-11-08 05:01:18.255,1.26,2016-11-08 22:30:00,
1.128118993,3103121,Daniel Evans,D Evans v M Krueger,20,2016-11-08 19:08:14.612,1.27,2016-11-08 22:30:00,
1.128118993,3103121,Daniel Evans,D Evans v M Krueger,30,2016-11-08 20:17:05.638,1.26,2016-11-08 22:30:00,
1.128118993,3103121,Daniel Evans,D Evans v M Krueger,40,2016-11-08 20:23:04.689,1.32,2016-11-08 22:30:00,
1.128118993,3103121,Daniel Evans,D Evans v M Krueger,50,2016-11-08 20:54:21.785,1.26,2016-11-08 22:30:00,
1.128118993,3103121,Daniel Evans,D Evans v M Krueger,60,2016-11-08 21:11:20.582,1.27,2016-11-08 22:30:00,
1.128118993,3103121,Daniel Evans,D Evans v M Krueger,70,2016-11-08 21:29:16.354,1.22,2016-11-08 22:30:00,
1.128118993,3103121,Daniel Evans,D Evans v M Krueger,80,2016-11-08 21:49:30.695,1.23,2016-11-08 22:30:00,
1.128118993,3103121,Daniel Evans,D Evans v M Krueger,90,2016-11-08 21:55:27.202,1.23,2016-11-08 22:30:00,
1.128118993,3103121,Daniel Evans,D Evans v M Krueger,100,2016-11-08 22:24:27.340,1.23,2016-11-08 22:30:00,
1.128118993,6603910,Mitchell Krueger,D Evans v M Krueger,0,2016-11-06 21:52:26.262,1.2,2016-11-07 12:00:00,
1.128118993,6603910,Mitchell Krueger,D Evans v M Krueger,10,2016-11-07 22:51:25.234,3.9,2016-11-08 22:30:00,
1.128118993,6603910,Mitchell Krueger,D Evans v M Krueger,20,2016-11-08 08:06:25.315,4.8,2016-11-08 22:30:00,
1.128118993,6603910,Mitchell Krueger,D Evans v M Krueger,30,2016-11-08 12:20:26.995,3.9,2016-11-08 22:30:00,
1.128118993,6603910,Mitchell Krueger,D Evans v M Krueger,40,2016-11-08 20:19:31.402,3.25,2016-11-08 22:30:00,
1.128118993,6603910,Mitchell Krueger,D Evans v M Krueger,50,2016-11-08 20:22:24.272,4.4,2016-11-08 22:30:00,
1.128118993,6603910,Mitchell Krueger,D Evans v M Krueger,60,2016-11-08 20:27:25.339,4.5,2016-11-08 22:30:00,
1.128118993,6603910,Mitchell Krueger,D Evans v M Krueger,70,2016-11-08 20:29:31.071,4.8,2016-11-08 22:30:00,
1.128118993,6603910,Mitchell Krueger,D Evans v M Krueger,80,2016-11-08 21:21:58.179,4.5,2016-11-08 22:30:00,
1.128118993,6603910,Mitchell Krueger,D Evans v M Krueger,90,2016-11-08 21:28:25.902,5.2,2016-11-08 22:30:00,
1.128118993,6603910,Mitchell Krueger,D Evans v M Krueger,100,2016-11-08 21:59:08.613,5.0,2016-11-08 22:30:00,
1.12812368,9633137,Marcelo Tomas Barrios V,G Escobar v Barrios Vera,0,2016-11-08 08:14:57.277,1.83,2016-11-08 15:00:00,
1.12812368,9633137,Marcelo Tomas Barrios V,G Escobar v Barrios Vera,10,2016-11-08 08:15:57.866,1.93,2016-11-08 15:00:00,
1.12812368,9633137,Marcelo Tomas Barrios V,G Escobar v Barrios Vera,20,2016-11-08 09:37:48.931,1.71,2016-11-08 15:00:00,
1.12812368,9633137,Marcelo Tomas Barrios V,G Escobar v Barrios Vera,30,2016-11-08 11:25:18.137,1.76,2016-11-08 15:00:00,
1.12812368,9633137,Marcelo Tomas Barrios V,G Escobar v Barrios Vera,40,2016-11-08 11:31:23.868,1.88,2016-11-08 15:00:00,
1.12812368,9633137,Marcelo Tomas Barrios V,G Escobar v Barrios Vera,50,2016-11-08 11:45:00.566,1.87,2016-11-08 15:00:00,
1.12812368,9633137,Marcelo Tomas Barrios V,G Escobar v Barrios Vera,60,2016-11-08 13:18:02.561,1.78,2016-11-08 15:00:00,
1.12812368,9633137,Marcelo Tomas Barrios V,G Escobar v Barrios Vera,70,2016-11-08 13:20:30.753,1.76,2016-11-08 15:00:00,
1.12812368,9633137,Marcelo Tomas Barrios V,G Escobar v Barrios Vera,80,2016-11-08 14:10:57.501,1.82,2016-11-08 15:00:00,
1.12812368,9633137,Marcelo Tomas Barrios V,G Escobar v Barrios Vera,90,2016-11-08 14:12:42.955,1.8,2016-11-08 15:00:00,
1.12812368,9633137,Marcelo Tomas Barrios V,G Escobar v Barrios Vera,100,2016-11-08 14:54:04.303,1.73,2016-11-08 15:00:00,
1.128123695,8260515,Nicolas Jarry,Jarry v Zampieri,0,2016-11-08 06:19:02.307,1.63,2016-11-08 15:00:00,
1.128123695,8260515,Nicolas Jarry,Jarry v Zampieri,10,2016-11-08 09:17:31.559,1.59,2016-11-08 15:00:00,
1.128123695,8260515,Nicolas Jarry,Jarry v Zampieri,20,2016-11-08 12:15:42.395,1.64,2016-11-08 15:00:00,
1.128123695,8260515,Nicolas Jarry,Jarry v Zampieri,30,2016-11-08 13:01:02.850,1.57,2016-11-08 15:00:00,
1.128123695,8260515,Nicolas Jarry,Jarry v Zampieri,40,2016-11-08 13:47:50.070,1.57,2016-11-08 15:00:00,
1.128123695,8260515,Nicolas Jarry,Jarry v Zampieri,50,2016-11-08 13:50:39.304,1.57,2016-11-08 15:00:00,
1.128123695,8260515,Nicolas Jarry,Jarry v Zampieri,60,2016-11-08 14:25:05.533,1.6,2016-11-08 15:00:00,
1.128123695,8260515,Nicolas Jarry,Jarry v Zampieri,70,2016-11-08 14:28:01.048,1.6,2016-11-08 15:00:00,
1.128123695,8260515,Nicolas Jarry,Jarry v Zampieri,80,2016-11-08 14:31:02.932,1.61,2016-11-08 15:00:00,
1.128123695,8260515,Nicolas Jarry,Jarry v Zampieri,90,2016-11-08 14:35:02.811,1.56,2016-11-08 15:00:00,
1.128123695,8260515,Nicolas Jarry,Jarry v Zampieri,100,2016-11-08 14:49:55.270,1.58,2016-11-08 15:00:00,
1.128124813,4994683,Axel Michon,Michon v Lee,0,2016-11-07 21:58:14.682,1.59,2016-11-08 04:30:00,
1.128124813,4994683,Axel Michon,Michon v Lee,10,2016-11-07 21:59:05.958,1.65,2016-11-08 04:30:00,
1.128124813,4994683,Axel Michon,Michon v Lee,20,2016-11-07 23:40:12.591,1.5,2016-11-08 04:30:00,
1.128124813,4994683,Axel Michon,Michon v Lee,30,2016-11-08 02:32:11.061,1.51,2016-11-08 04:30:00,
1.128124813,4994683,Axel Michon,Michon v Lee,40,2016-11-08 02:46:09.291,1.54,2016-11-08 04:30:00,
1.128124813,4994683,Axel Michon,Michon v Lee,50,2016-11-08 04:20:10.968,1.51,2016-11-08 04:30:00,
1.128124813,4994683,Axel Michon,Michon v Lee,60,2016-11-08 04:21:08.185,1.5,2016-11-08 04:30:00,
1.128124813,4994683,Axel Michon,Michon v Lee,70,2016-11-08 04:45:01.351,1.51,2016-11-08 05:00:00,
1.128124813,4994683,Axel Michon,Michon v Lee,80,2016-11-08 04:55:24.173,1.52,2016-11-08 05:00:00,
1.128124813,4994683,Axel Michon,Michon v Lee,90,2016-11-08 04:58:13.152,1.53,2016-11-08 05:00:00,
1.128124813,4994683,Axel Michon,Michon v Lee,100,2016-11-08 05:09:13.296,1.55,2016-11-08 05:15:00,
1.128124857,8505197,Duckhee Lee,Cheong- Kim v Du Lee,0,2016-11-07 19:44:18.789,1.36,2016-11-08 02:00:00,
1.128124857,8505197,Duckhee Lee,Cheong- Kim v Du Lee,10,2016-11-07 20:50:21.070,1.37,2016-11-08 02:00:00,
1.128124857,8505197,Duckhee Lee,Cheong- Kim v Du Lee,20,2016-11-07 20:52:53.813,1.36,2016-11-08 02:00:00,
1.128124857,8505197,Duckhee Lee,Cheong- Kim v Du Lee,30,2016-11-07 21:22:59.696,1.37,2016-11-08 02:00:00,
1.128124857,8505197,Duckhee Lee,Cheong- Kim v Du Lee,40,2016-11-07 21:32:16.989,1.36,2016-11-08 02:00:00,
1.128124857,8505197,Duckhee Lee,Cheong- Kim v Du Lee,50,2016-11-07 22:00:33.889,1.37,2016-11-08 02:00:00,
1.128124857,8505197,Duckhee Lee,Cheong- Kim v Du Lee,60,2016-11-07 22:09:59.626,1.33,2016-11-08 02:00:00,
1.128124857,8505197,Duckhee Lee,Cheong- Kim v Du Lee,70,2016-11-07 23:46:23.493,1.37,2016-11-08 02:00:00,
1.128124857,8505197,Duckhee Lee,Cheong- Kim v Du Lee,80,2016-11-08 00:05:53.916,1.39,2016-11-08 02:00:00,
1.128124857,8505197,Duckhee Lee,Cheong- Kim v Du Lee,90,2016-11-08 00:49:27.693,1.46,2016-11-08 02:00:00,
1.128124857,8505197,Duckhee Lee,Cheong- Kim v Du Lee,100,2016-11-08 01:37:17.174,1.4,2016-11-08 02:00:00,
1.128124912,6064287,James Duckworth,Imai v Duckworth,0,2016-11-07 21:29:41.754,1.12,2016-11-08 12:00:00,
1.128124912,6064287,James Duckworth,Imai v Duckworth,10,2016-11-08 09:17:36.214,1.11,2016-11-09 04:00:00,
1.128124912,6064287,James Duckworth,Imai v Duckworth,20,2016-11-08 20:15:49.371,1.18,2016-11-09 04:00:00,
1.128124912,6064287,James Duckworth,Imai v Duckworth,30,2016-11-08 22:01:31.350,1.19,2016-11-09 04:00:00,
1.128124912,6064287,James Duckworth,Imai v Duckworth,40,2016-11-08 22:54:50.270,1.18,2016-11-09 04:00:00,
1.128124912,6064287,James Duckworth,Imai v Duckworth,50,2016-11-09 00:03:26.244,1.12,2016-11-09 04:00:00,
1.128124912,6064287,James Duckworth,Imai v Duckworth,60,2016-11-09 00:25:45.191,1.1,2016-11-09 04:00:00,
1.128124912,6064287,James Duckworth,Imai v Duckworth,70,2016-11-09 01:53:44.103,1.11,2016-11-09 03:49:00,
1.128124912,6064287,James Duckworth,Imai v Duckworth,80,2016-11-09 01:54:49.245,1.12,2016-11-09 03:49:00,
1.128124912,6064287,James Duckworth,Imai v Duckworth,90,2016-11-09 02:05:00.405,1.06,2016-11-09 03:49:00,
1.128124912,6064287,James Duckworth,Imai v Duckworth,100,2016-11-09 03:26:49.716,1.1,2016-11-09 03:49:00,
1.128126124,2249398,Benjamin Becker,B Becker v Dubail,0,2016-11-08 00:47:06.706,1.19,2016-11-08 13:30:00,
1.128126124,2249398,Benjamin Becker,B Becker v Dubail,10,2016-11-08 08:52:49.623,1.2,2016-11-08 13:30:00,
1.128126124,2249398,Benjamin Becker,B Becker v Dubail,20,2016-11-08 12:25:53.970,1.15,2016-11-08 13:30:00,
1.128126124,2249398,Benjamin Becker,B Becker v Dubail,30,2016-11-08 12:57:46.444,1.15,2016-11-08 13:30:00,
1.128126124,2249398,Benjamin Becker,B Becker v Dubail,40,2016-11-08 13:26:59.430,1.16,2016-11-08 13:30:00,
1.128126124,2249398,Benjamin Becker,B Becker v Dubail,50,2016-11-08 13:47:55.737,1.18,2016-11-08 14:00:00,
1.128126124,2249398,Benjamin Becker,B Becker v Dubail,60,2016-11-08 14:06:43.742,1.15,2016-11-08 14:15:00,
1.128126124,2249398,Benjamin Becker,B Becker v Dubail,70,2016-11-08 14:09:25.437,1.15,2016-11-08 14:15:00,
1.128126124,2249398,Benjamin Becker,B Becker v Dubail,80,2016-11-08 14:27:45.841,1.16,2016-11-08 14:30:00,
1.128126124,2249398,Benjamin Becker,B Becker v Dubail,90,2016-11-08 14:45:59.066,1.16,2016-11-08 15:00:00,
1.128126124,2249398,Benjamin Becker,B Becker v Dubail,100,2016-11-08 15:00:41.280,1.15,2016-11-08 15:15:00,
1.128126124,8874197,Julien Dubail,B Becker v Dubail,0,2016-11-08 00:47:06.706,6.4,2016-11-08 13:30:00,
1.128126124,8874197,Julien Dubail,B Becker v Dubail,10,2016-11-08 08:52:49.623,6.2,2016-11-08 13:30:00,
1.128126124,8874197,Julien Dubail,B Becker v Dubail,20,2016-11-08 12:13:31.082,7.6,2016-11-08 13:30:00,
1.128126124,8874197,Julien Dubail,B Becker v Dubail,30,2016-11-08 13:29:00.603,7.0,2016-11-08 13:30:00,
1.128126124,8874197,Julien Dubail,B Becker v Dubail,40,2016-11-08 13:33:54.010,7.4,2016-11-08 13:45:00,
1.128126124,8874197,Julien Dubail,B Becker v Dubail,50,2016-11-08 13:57:51.839,7.0,2016-11-08 14:00:00,
1.128126124,8874197,Julien Dubail,B Becker v Dubail,60,2016-11-08 14:14:56.564,7.2,2016-11-08 14:30:00,
1.128126124,8874197,Julien Dubail,B Becker v Dubail,70,2016-11-08 14:34:48.088,8.8,2016-11-08 14:45:00,
1.128126124,8874197,Julien Dubail,B Becker v Dubail,80,2016-11-08 14:37:49.485,7.2,2016-11-08 14:45:00,
1.128126124,8874197,Julien Dubail,B Becker v Dubail,90,2016-11-08 14:44:00.146,7.4,2016-11-08 14:45:00,
1.128126124,8874197,Julien Dubail,B Becker v Dubail,100,2016-11-08 14:45:59.066,7.0,2016-11-08 15:00:00,
1.128130652,7797771,Andrey Rublev,Rublev v Bossel,0,2016-11-08 06:23:54.315,1.38,2016-11-08 11:30:00,
1.128130652,7797771,Andrey Rublev,Rublev v Bossel,10,2016-11-08 06:43:35.219,1.28,2016-11-08 11:30:00,
1.128130652,7797771,Andrey Rublev,Rublev v Bossel,20,2016-11-08 07:05:37.673,1.27,2016-11-08 11:30:00,
1.128130652,7797771,Andrey Rublev,Rublev v Bossel,30,2016-11-08 09:17:22.732,1.27,2016-11-08 11:30:00,
1.128130652,7797771,Andrey Rublev,Rublev v Bossel,40,2016-11-08 10:30:52.994,1.27,2016-11-08 11:30:00,
1.128130652,7797771,Andrey Rublev,Rublev v Bossel,50,2016-11-08 10:47:19.819,1.32,2016-11-08 11:30:00,
1.128130652,7797771,Andrey Rublev,Rublev v Bossel,60,2016-11-08 11:03:52.810,1.31,2016-11-08 11:30:00,
1.128130652,7797771,Andrey Rublev,Rublev v Bossel,70,2016-11-08 11:33:41.732,1.29,2016-11-08 11:45:00,
1.128130652,7797771,Andrey Rublev,Rublev v Bossel,80,2016-11-08 11:36:52.970,1.3,2016-11-08 11:45:00,
1.128130652,7797771,Andrey Rublev,Rublev v Bossel,90,2016-11-08 11:42:46.606,1.29,2016-11-08 11:45:00,
1.128130652,7797771,Andrey Rublev,Rublev v Bossel,100,2016-11-08 11:46:10.602,1.32,2016-11-08 12:00:00,
1.128130657,7287667,Calvin Hemery,Calvin Hemery v Basilashvili,0,2016-11-08 13:11:46.334,3.1,2016-11-09 12:00:00,
1.128130657,7287667,Calvin Hemery,Calvin Hemery v Basilashvili,10,2016-11-08 15:58:54.064,2.7,2016-11-09 12:00:00,
1.128130657,7287667,Calvin Hemery,Calvin Hemery v Basilashvili,20,2016-11-08 21:12:49.911,2.48,2016-11-09 12:00:00,
1.128130657,7287667,Calvin Hemery,Calvin Hemery v Basilashvili,30,2016-11-09 00:21:59.114,2.4,2016-11-09 12:00:00,
1.128130657,7287667,Calvin Hemery,Calvin Hemery v Basilashvili,40,2016-11-09 07:03:52.238,2.16,2016-11-09 12:00:00,
1.128130657,7287667,Calvin Hemery,Calvin Hemery v Basilashvili,50,2016-11-09 09:16:22.546,2.06,2016-11-09 12:00:00,
1.128130657,7287667,Calvin Hemery,Calvin Hemery v Basilashvili,60,2016-11-09 10:32:53.882,1.81,2016-11-09 12:00:00,
1.128130657,7287667,Calvin Hemery,Calvin Hemery v Basilashvili,70,2016-11-09 11:10:40.993,1.76,2016-11-09 12:00:00,
1.128130657,7287667,Calvin Hemery,Calvin Hemery v Basilashvili,80,2016-11-09 11:33:54.323,1.59,2016-11-09 12:00:00,
1.128130657,7287667,Calvin Hemery,Calvin Hemery v Basilashvili,90,2016-11-09 12:01:41.525,1.58,2016-11-09 12:15:00,
1.128130657,7287667,Calvin Hemery,Calvin Hemery v Basilashvili,100,2016-11-09 12:42:53.726,1.57,2016-11-09 12:45:00,
1.128130657,8257807,Nikoloz Basilashvili,Calvin Hemery v Basilashvili,0,2016-11-08 14:26:18.394,1.52,2016-11-09 12:00:00,
1.128130657,8257807,Nikoloz Basilashvili,Calvin Hemery v Basilashvili,10,2016-11-08 16:56:30.292,1.61,2016-11-09 12:00:00,
1.128130657,8257807,Nikoloz Basilashvili,Calvin Hemery v Basilashvili,20,2016-11-08 22:35:27.881,1.78,2016-11-09 12:00:00,
1.128130657,8257807,Nikoloz Basilashvili,Calvin Hemery v Basilashvili,30,2016-11-09 06:04:53.656,1.88,2016-11-09 12:00:00,
1.128130657,8257807,Nikoloz Basilashvili,Calvin Hemery v Basilashvili,40,2016-11-09 08:01:42.639,1.99,2016-11-09 12:00:00,
1.128130657,8257807,Nikoloz Basilashvili,Calvin Hemery v Basilashvili,50,2016-11-09 09:17:44.498,1.97,2016-11-09 12:00:00,
1.128130657,8257807,Nikoloz Basilashvili,Calvin Hemery v Basilashvili,60,2016-11-09 10:19:39.854,2.12,2016-11-09 12:00:00,
1.128130657,8257807,Nikoloz Basilashvili,Calvin Hemery v Basilashvili,70,2016-11-09 10:58:48.433,2.22,2016-11-09 12:00:00,
1.128130657,8257807,Nikoloz Basilashvili,Calvin Hemery v Basilashvili,80,2016-11-09 11:26:52.555,2.74,2016-11-09 12:00:00,
1.128130657,8257807,Nikoloz Basilashvili,Calvin Hemery v Basilashvili,90,2016-11-09 11:57:53.444,2.6,2016-11-09 12:00:00,
1.128130657,8257807,Nikoloz Basilashvili,Calvin Hemery v Basilashvili,100,2016-11-09 12:42:53.726,2.72,2016-11-09 12:45:00,
1.128130661,7287667,Calvin Hemery,Calvin Hemery v Basilashvili,0,2016-11-08 18:26:54.433,2.58,2016-11-09 12:00:00,
1.128130661,7287667,Calvin Hemery,Calvin Hemery v Basilashvili,10,2016-11-09 09:15:51.530,2.06,2016-11-09 12:00:00,
1.128130661,7287667,Calvin Hemery,Calvin Hemery v Basilashvili,20,2016-11-09 09:49:52.350,1.93,2016-11-09 12:00:00,
1.128130661,7287667,Calvin Hemery,Calvin Hemery v Basilashvili,30,2016-11-09 10:31:54.020,1.84,2016-11-09 12:00:00,
1.128130661,7287667,Calvin Hemery,Calvin Hemery v Basilashvili,40,2016-11-09 10:56:53.311,1.85,2016-11-09 12:00:00,
1.128130661,7287667,Calvin Hemery,Calvin Hemery v Basilashvili,50,2016-11-09 10:57:52.860,1.82,2016-11-09 12:00:00,
1.128130661,7287667,Calvin Hemery,Calvin Hemery v Basilashvili,60,2016-11-09 11:16:52.889,1.53,2016-11-09 12:00:00,
1.128130661,7287667,Calvin Hemery,Calvin Hemery v Basilashvili,70,2016-11-09 11:21:54.814,1.68,2016-11-09 12:00:00,
1.128130661,7287667,Calvin Hemery,Calvin Hemery v Basilashvili,80,2016-11-09 12:13:54.730,1.58,2016-11-09 12:30:00,
1.128130661,7287667,Calvin Hemery,Calvin Hemery v Basilashvili,90,2016-11-09 12:27:53.969,1.5,2016-11-09 12:30:00,
1.128130661,7287667,Calvin Hemery,Calvin Hemery v Basilashvili,100,2016-11-09 12:42:53.726,1.55,2016-11-09 12:45:00,
1.128130661,8257807,Nikoloz Basilashvili,Calvin Hemery v Basilashvili,0,2016-11-08 15:53:40.232,1.62,2016-11-09 12:00:00,
1.128130661,8257807,Nikoloz Basilashvili,Calvin Hemery v Basilashvili,10,2016-11-08 18:26:54.433,1.63,2016-11-09 12:00:00,
1.128130661,8257807,Nikoloz Basilashvili,Calvin Hemery v Basilashvili,20,2016-11-09 07:03:52.238,1.87,2016-11-09 12:00:00,
1.128130661,8257807,Nikoloz Basilashvili,Calvin Hemery v Basilashvili,30,2016-11-09 07:20:54.055,1.91,2016-11-09 12:00:00,
1.128130661,8257807,Nikoloz Basilashvili,Calvin Hemery v Basilashvili,40,2016-11-09 09:49:52.350,2.08,2016-11-09 12:00:00,
1.128130661,8257807,Nikoloz Basilashvili,Calvin Hemery v Basilashvili,50,2016-11-09 10:57:52.860,2.22,2016-11-09 12:00:00,
1.128130661,8257807,Nikoloz Basilashvili,Calvin Hemery v Basilashvili,60,2016-11-09 11:13:54.535,2.46,2016-11-09 12:00:00,
1.128130661,8257807,Nikoloz Basilashvili,Calvin Hemery v Basilashvili,70,2016-11-09 11:16:52.889,2.88,2016-11-09 12:00:00,
1.128130661,8257807,Nikoloz Basilashvili,Calvin Hemery v Basilashvili,80,2016-11-09 11:41:53.056,3.0,2016-11-09 12:00:00,
1.128130661,8257807,Nikoloz Basilashvili,Calvin Hemery v Basilashvili,90,2016-11-09 12:13:54.730,2.74,2016-11-09 12:30:00,
1.128130661,8257807,Nikoloz Basilashvili,Calvin Hemery v Basilashvili,100,2016-11-09 12:42:53.726,2.84,2016-11-09 12:45:00,
1.12813069,6603898,Radu Albot,Albot v Hoang,0,2016-11-08 06:12:34.081,1.37,2016-11-08 14:30:00,
1.12813069,6603898,Radu Albot,Albot v Hoang,10,2016-11-08 07:25:35.703,1.38,2016-11-08 14:30:00,
1.12813069,6603898,Radu Albot,Albot v Hoang,20,2016-11-08 08:54:50.730,1.9,2016-11-08 14:30:00,
1.12813069,6603898,Radu Albot,Albot v Hoang,30,2016-11-08 09:17:22.625,1.27,2016-11-08 14:30:00,
1.12813069,6603898,Radu Albot,Albot v Hoang,40,2016-11-08 11:30:39.235,1.29,2016-11-08 14:30:00,
1.12813069,6603898,Radu Albot,Albot v Hoang,50,2016-11-08 13:07:46.126,1.29,2016-11-08 14:30:00,
1.12813069,6603898,Radu Albot,Albot v Hoang,60,2016-11-08 13:13:47.802,1.28,2016-11-08 14:30:00,
1.12813069,6603898,Radu Albot,Albot v Hoang,70,2016-11-08 13:51:53.233,1.28,2016-11-08 14:30:00,
1.12813069,6603898,Radu Albot,Albot v Hoang,80,2016-11-08 13:52:54.602,1.3,2016-11-08 14:30:00,
1.12813069,6603898,Radu Albot,Albot v Hoang,90,2016-11-08 13:57:27.074,1.33,2016-11-08 14:30:00,
1.12813069,6603898,Radu Albot,Albot v Hoang,100,2016-11-08 14:25:52.202,1.3,2016-11-08 14:30:00,
1.128130784,2862839,Franko Skugor,Skugor v Boutillier,0,2016-11-08 02:30:51.051,1.8,2016-11-08 12:00:00,
1.128130784,2862839,Franko Skugor,Skugor v Boutillier,10,2016-11-08 06:59:26.219,1.85,2016-11-08 12:00:00,
1.128130784,2862839,Franko Skugor,Skugor v Boutillier,20,2016-11-08 07:25:32.914,1.85,2016-11-08 12:00:00,
1.128130784,2862839,Franko Skugor,Skugor v Boutillier,30,2016-11-08 09:17:22.416,1.82,2016-11-08 12:00:00,
1.128130784,2862839,Franko Skugor,Skugor v Boutillier,40,2016-11-08 10:00:48.985,1.85,2016-11-08 11:53:00,
1.128130784,2862839,Franko Skugor,Skugor v Boutillier,50,2016-11-08 10:21:01.293,1.87,2016-11-08 11:53:00,
1.128130784,2862839,Franko Skugor,Skugor v Boutillier,60,2016-11-08 10:37:00.168,1.85,2016-11-08 11:53:00,
1.128130784,2862839,Franko Skugor,Skugor v Boutillier,70,2016-11-08 10:48:00.214,1.97,2016-11-08 11:53:00,
1.128130784,2862839,Franko Skugor,Skugor v Boutillier,80,2016-11-08 11:01:01.407,1.88,2016-11-08 11:53:00,
1.128130784,2862839,Franko Skugor,Skugor v Boutillier,90,2016-11-08 11:02:53.224,1.96,2016-11-08 11:53:00,
1.128130784,2862839,Franko Skugor,Skugor v Boutillier,100,2016-11-08 11:14:00.611,1.85,2016-11-08 11:53:00,
1.128130784,8596370,Remi Boutillier,Skugor v Boutillier,0,2016-11-07 23:08:48.749,2.2,2016-11-08 12:00:00,
1.128130784,8596370,Remi Boutillier,Skugor v Boutillier,10,2016-11-07 23:12:46.285,2.08,2016-11-08 12:00:00,
1.128130784,8596370,Remi Boutillier,Skugor v Boutillier,20,2016-11-08 02:30:51.051,2.26,2016-11-08 12:00:00,
1.128130784,8596370,Remi Boutillier,Skugor v Boutillier,30,2016-11-08 06:59:26.219,2.16,2016-11-08 12:00:00,
1.128130784,8596370,Remi Boutillier,Skugor v Boutillier,40,2016-11-08 10:11:56.460,2.2,2016-11-08 11:53:00,
1.128130784,8596370,Remi Boutillier,Skugor v Boutillier,50,2016-11-08 10:47:01.497,2.02,2016-11-08 11:53:00,
1.128130784,8596370,Remi Boutillier,Skugor v Boutillier,60,2016-11-08 10:48:00.214,2.16,2016-11-08 11:53:00,
1.128130784,8596370,Remi Boutillier,Skugor v Boutillier,70,2016-11-08 10:48:51.222,2.06,2016-11-08 11:53:00,
1.128130784,8596370,Remi Boutillier,Skugor v Boutillier,80,2016-11-08 11:08:35.429,2.08,2016-11-08 11:53:00,
1.128130784,8596370,Remi Boutillier,Skugor v Boutillier,90,2016-11-08 11:10:52.757,2.12,2016-11-08 11:53:00,
1.128130784,8596370,Remi Boutillier,Skugor v Boutillier,100,2016-11-08 11:12:06.835,2.06,2016-11-08 11:53:00,
1.128132092,1502771,Bryan/Bryan,Bryan/Bryan v Dodig/Melo,0,2016-11-08 22:47:46.717,1.45,2016-11-13 12:00:00,
1.128132092,1502771,Bryan/Bryan,Bryan/Bryan v Dodig/Melo,10,2016-11-10 09:22:58.159,1.76,2016-11-13 12:00:00,
1.128132092,1502771,Bryan/Bryan,Bryan/Bryan v Dodig/Melo,20,2016-11-12 14:19:02.075,1.68,2016-11-13 12:00:00,
1.128132092,1502771,Bryan/Bryan,Bryan/Bryan v Dodig/Melo,30,2016-11-13 06:46:14.970,1.76,2016-11-13 12:00:00,
1.128132092,1502771,Bryan/Bryan,Bryan/Bryan v Dodig/Melo,40,2016-11-13 08:07:04.772,1.76,2016-11-13 12:00:00,
1.128132092,1502771,Bryan/Bryan,Bryan/Bryan v Dodig/Melo,50,2016-11-13 09:33:11.883,1.74,2016-11-13 12:00:00,
1.128132092,1502771,Bryan/Bryan,Bryan/Bryan v Dodig/Melo,60,2016-11-13 10:01:59.468,1.73,2016-11-13 12:00:00,
1.128132092,1502771,Bryan/Bryan,Bryan/Bryan v Dodig/Melo,70,2016-11-13 10:32:51.216,1.8,2016-11-13 12:00:00,
1.128132092,1502771,Bryan/Bryan,Bryan/Bryan v Dodig/Melo,80,2016-11-13 11:06:01.053,1.76,2016-11-13 12:00:00,
1.128132092,1502771,Bryan/Bryan,Bryan/Bryan v Dodig/Melo,90,2016-11-13 11:21:30.088,1.73,2016-11-13 12:00:00,
1.128132092,1502771,Bryan/Bryan,Bryan/Bryan v Dodig/Melo,100,2016-11-13 11:44:30.579,1.75,2016-11-13 12:00:00,
1.128132092,6195133,Dodig/Melo,Bryan/Bryan v Dodig/Melo,0,2016-11-09 19:51:30.674,2.16,2016-11-13 12:00:00,
1.128132092,6195133,Dodig/Melo,Bryan/Bryan v Dodig/Melo,10,2016-11-10 15:07:27.121,2.32,2016-11-13 12:00:00,
1.128132092,6195133,Dodig/Melo,Bryan/Bryan v Dodig/Melo,20,2016-11-13 07:43:20.394,2.18,2016-11-13 12:00:00,
1.128132092,6195133,Dodig/Melo,Bryan/Bryan v Dodig/Melo,30,2016-11-13 08:07:04.772,2.3,2016-11-13 12:00:00,
1.128132092,6195133,Dodig/Melo,Bryan/Bryan v Dodig/Melo,40,2016-11-13 09:33:11.883,2.34,2016-11-13 12:00:00,
1.128132092,6195133,Dodig/Melo,Bryan/Bryan v Dodig/Melo,50,2016-11-13 10:08:58.143,2.36,2016-11-13 12:00:00,
1.128132092,6195133,Dodig/Melo,Bryan/Bryan v Dodig/Melo,60,2016-11-13 10:32:51.216,2.24,2016-11-13 12:00:00,
1.128132092,6195133,Dodig/Melo,Bryan/Bryan v Dodig/Melo,70,2016-11-13 10:46:47.197,2.3,2016-11-13 12:00:00,
1.128132092,6195133,Dodig/Melo,Bryan/Bryan v Dodig/Melo,80,2016-11-13 11:21:30.088,2.36,2016-11-13 12:00:00,
1.128132092,6195133,Dodig/Melo,Bryan/Bryan v Dodig/Melo,90,2016-11-13 11:25:34.926,2.36,2016-11-13 12:00:00,
1.128132092,6195133,Dodig/Melo,Bryan/Bryan v Dodig/Melo,100,2016-11-13 11:44:30.579,2.32,2016-11-13 12:00:00,
1.128132097,2483001,Kei Nishikori,S Wawrinka v Nishikori,0,2016-11-08 08:39:06.450,1.89,2016-11-14 14:00:00,
1.128132097,2483001,Kei Nishikori,S Wawrinka v Nishikori,10,2016-11-12 11:34:05.585,1.95,2016-11-14 14:00:00,
1.128132097,2483001,Kei Nishikori,S Wawrinka v Nishikori,20,2016-11-13 21:55:01.754,1.89,2016-11-14 14:00:00,
1.128132097,2483001,Kei Nishikori,S Wawrinka v Nishikori,30,2016-11-14 01:15:01.914,1.88,2016-11-14 14:00:00,
1.128132097,2483001,Kei Nishikori,S Wawrinka v Nishikori,40,2016-11-14 05:57:50.496,1.89,2016-11-14 14:00:00,
1.128132097,2483001,Kei Nishikori,S Wawrinka v Nishikori,50,2016-11-14 08:56:05.370,1.87,2016-11-14 14:00:00,
1.128132097,2483001,Kei Nishikori,S Wawrinka v Nishikori,60,2016-11-14 10:16:58.085,1.81,2016-11-14 14:00:00,
1.128132097,2483001,Kei Nishikori,S Wawrinka v Nishikori,70,2016-11-14 11:17:27.399,1.81,2016-11-14 14:00:00,
1.128132097,2483001,Kei Nishikori,S Wawrinka v Nishikori,80,2016-11-14 12:08:03.382,1.83,2016-11-14 14:00:00,
1.128132097,2483001,Kei Nishikori,S Wawrinka v Nishikori,90,2016-11-14 13:05:06.250,1.81,2016-11-14 14:00:00,
1.128132097,2483001,Kei Nishikori,S Wawrinka v Nishikori,100,2016-11-14 13:44:07.553,1.8,2016-11-14 14:00:00,
1.128132097,8597476,Stan Wawrinka,S Wawrinka v Nishikori,0,2016-11-07 20:37:31.707,1.99,2016-11-14 14:00:00,
1.128132097,8597476,Stan Wawrinka,S Wawrinka v Nishikori,10,2016-11-12 18:55:16.882,2.06,2016-11-14 14:00:00,
1.128132097,8597476,Stan Wawrinka,S Wawrinka v Nishikori,20,2016-11-13 21:41:47.225,2.1,2016-11-14 14:00:00,
1.128132097,8597476,Stan Wawrinka,S Wawrinka v Nishikori,30,2016-11-14 00:07:03.410,2.16,2016-11-14 14:00:00,
1.128132097,8597476,Stan Wawrinka,S Wawrinka v Nishikori,40,2016-11-14 07:10:55.024,2.18,2016-11-14 14:00:00,
1.128132097,8597476,Stan Wawrinka,S Wawrinka v Nishikori,50,2016-11-14 09:07:04.525,2.14,2016-11-14 14:00:00,
1.128132097,8597476,Stan Wawrinka,S Wawrinka v Nishikori,60,2016-11-14 10:20:00.421,2.2,2016-11-14 14:00:00,
1.128132097,8597476,Stan Wawrinka,S Wawrinka v Nishikori,70,2016-11-14 11:12:59.719,2.22,2016-11-14 14:00:00,
1.128132097,8597476,Stan Wawrinka,S Wawrinka v Nishikori,80,2016-11-14 12:06:06.241,2.18,2016-11-14 14:00:00,
1.128132097,8597476,Stan Wawrinka,S Wawrinka v Nishikori,90,2016-11-14 13:11:05.475,2.18,2016-11-14 14:00:00,
1.128132097,8597476,Stan Wawrinka,S Wawrinka v Nishikori,100,2016-11-14 13:45:06.446,2.24,2016-11-14 14:00:00,
1.128132108,2483001,Kei Nishikori,S Wawrinka v Nishikori,0,2016-11-13 18:31:41.562,1.95,2016-11-14 14:00:00,
1.128132108,2483001,Kei Nishikori,S Wawrinka v Nishikori,10,2016-11-14 00:27:32.310,1.89,2016-11-14 14:00:00,
1.128132108,2483001,Kei Nishikori,S Wawrinka v Nishikori,20,2016-11-14 05:58:37.320,1.88,2016-11-14 14:00:00,
1.128132108,2483001,Kei Nishikori,S Wawrinka v Nishikori,30,2016-11-14 07:44:05.925,1.84,2016-11-14 14:00:00,
1.128132108,2483001,Kei Nishikori,S Wawrinka v Nishikori,40,2016-11-14 08:31:48.695,1.85,2016-11-14 14:00:00,
1.128132108,2483001,Kei Nishikori,S Wawrinka v Nishikori,50,2016-11-14 09:31:37.054,1.83,2016-11-14 14:00:00,
1.128132108,2483001,Kei Nishikori,S Wawrinka v Nishikori,60,2016-11-14 10:35:57.909,1.82,2016-11-14 14:00:00,
1.128132108,2483001,Kei Nishikori,S Wawrinka v Nishikori,70,2016-11-14 12:08:56.126,1.84,2016-11-14 14:00:00,
1.128132108,2483001,Kei Nishikori,S Wawrinka v Nishikori,80,2016-11-14 12:19:53.441,1.84,2016-11-14 14:00:00,
1.128132108,2483001,Kei Nishikori,S Wawrinka v Nishikori,90,2016-11-14 13:33:07.425,1.82,2016-11-14 14:00:00,
1.128132108,2483001,Kei Nishikori,S Wawrinka v Nishikori,100,2016-11-14 13:40:07.756,1.78,2016-11-14 14:00:00,
1.128132112,2249229,Novak Djokovic,N Djokovic v D Thiem,0,2016-11-08 13:27:49.560,1.15,2016-11-13 14:00:00,
1.128132112,2249229,Novak Djokovic,N Djokovic v D Thiem,10,2016-11-10 02:10:55.873,1.15,2016-11-13 14:00:00,
1.128132112,2249229,Novak Djokovic,N Djokovic v D Thiem,20,2016-11-10 22:59:33.618,1.17,2016-11-13 14:00:00,
1.128132112,2249229,Novak Djokovic,N Djokovic v D Thiem,30,2016-11-12 08:17:23.385,1.16,2016-11-13 14:00:00,
1.128132112,2249229,Novak Djokovic,N Djokovic v D Thiem,40,2016-11-12 17:36:37.210,1.17,2016-11-13 14:00:00,
1.128132112,2249229,Novak Djokovic,N Djokovic v D Thiem,50,2016-11-12 23:31:04.952,1.17,2016-11-13 14:00:00,
1.128132112,2249229,Novak Djokovic,N Djokovic v D Thiem,60,2016-11-13 03:00:50.114,1.17,2016-11-13 14:00:00,
1.128132112,2249229,Novak Djokovic,N Djokovic v D Thiem,70,2016-11-13 08:09:02.575,1.16,2016-11-13 14:00:00,
1.128132112,2249229,Novak Djokovic,N Djokovic v D Thiem,80,2016-11-13 09:26:04.467,1.16,2016-11-13 14:00:00,
1.128132112,2249229,Novak Djokovic,N Djokovic v D Thiem,90,2016-11-13 11:42:06.454,1.14,2016-11-13 14:00:00,
1.128132112,2249229,Novak Djokovic,N Djokovic v D Thiem,100,2016-11-13 13:28:05.692,1.13,2016-11-13 14:00:00,
1.128132112,5720747,Dominic Thiem,N Djokovic v D Thiem,0,2016-11-08 13:27:49.560,7.6,2016-11-13 14:00:00,
1.128132112,5720747,Dominic Thiem,N Djokovic v D Thiem,10,2016-11-10 14:23:35.974,7.4,2016-11-13 14:00:00,
1.128132112,5720747,Dominic Thiem,N Djokovic v D Thiem,20,2016-11-12 18:44:55.621,6.8,2016-11-13 14:00:00,
1.128132112,5720747,Dominic Thiem,N Djokovic v D Thiem,30,2016-11-13 05:00:42.604,7.2,2016-11-13 14:00:00,
1.128132112,5720747,Dominic Thiem,N Djokovic v D Thiem,40,2016-11-13 10:01:07.163,7.4,2016-11-13 14:00:00,
1.128132112,5720747,Dominic Thiem,N Djokovic v D Thiem,50,2016-11-13 10:46:15.931,7.4,2016-11-13 14:00:00,
1.128132112,5720747,Dominic Thiem,N Djokovic v D Thiem,60,2016-11-13 11:50:06.274,8.2,2016-11-13 14:00:00,
1.128132112,5720747,Dominic Thiem,N Djokovic v D Thiem,70,2016-11-13 12:38:06.077,8.2,2016-11-13 14:00:00,
1.128132112,5720747,Dominic Thiem,N Djokovic v D Thiem,80,2016-11-13 13:02:56.396,8.4,2016-11-13 14:00:00,
1.128132112,5720747,Dominic Thiem,N Djokovic v D Thiem,90,2016-11-13 13:26:08.153,8.4,2016-11-13 14:00:00,
1.128132112,5720747,Dominic Thiem,N Djokovic v D Thiem,100,2016-11-13 13:40:06.410,8.6,2016-11-13 14:00:00,
1.128132205,2010693,Lopez/Lopez,Lopez/Lopez v Kontinen/Peers,0,2016-11-12 14:40:01.585,2.4,2016-11-14 18:00:00,
1.128132205,2010693,Lopez/Lopez,Lopez/Lopez v Kontinen/Peers,10,2016-11-14 07:16:19.240,2.56,2016-11-14 18:00:00,
1.128132205,2010693,Lopez/Lopez,Lopez/Lopez v Kontinen/Peers,20,2016-11-14 09:27:44.869,2.24,2016-11-14 18:00:00,
1.128132205,2010693,Lopez/Lopez,Lopez/Lopez v Kontinen/Peers,30,2016-11-14 10:52:39.891,2.26,2016-11-14 18:00:00,
1.128132205,2010693,Lopez/Lopez,Lopez/Lopez v Kontinen/Peers,40,2016-11-14 13:52:49.119,2.4,2016-11-14 18:00:00,
1.128132205,2010693,Lopez/Lopez,Lopez/Lopez v Kontinen/Peers,50,2016-11-14 15:17:00.422,2.24,2016-11-14 18:00:00,
1.128132205,2010693,Lopez/Lopez,Lopez/Lopez v Kontinen/Peers,60,2016-11-14 15:43:10.437,2.34,2016-11-14 18:00:00,
1.128132205,2010693,Lopez/Lopez,Lopez/Lopez v Kontinen/Peers,70,2016-11-14 16:13:04.276,2.28,2016-11-14 18:00:00,
1.128132205,2010693,Lopez/Lopez,Lopez/Lopez v Kontinen/Peers,80,2016-11-14 17:17:45.036,2.26,2016-11-14 18:00:00,
1.128132205,2010693,Lopez/Lopez,Lopez/Lopez v Kontinen/Peers,90,2016-11-14 17:32:39.067,2.26,2016-11-14 18:00:00,
1.128132205,2010693,Lopez/Lopez,Lopez/Lopez v Kontinen/Peers,100,2016-11-14 17:41:09.972,2.28,2016-11-14 18:00:00,
1.128132205,10682162,Kontinen/Peers,Lopez/Lopez v Kontinen/Peers,0,2016-11-12 14:40:01.585,1.71,2016-11-14 18:00:00,
1.128132205,10682162,Kontinen/Peers,Lopez/Lopez v Kontinen/Peers,10,2016-11-14 05:31:12.156,1.63,2016-11-14 18:00:00,
1.128132205,10682162,Kontinen/Peers,Lopez/Lopez v Kontinen/Peers,20,2016-11-14 10:31:32.326,1.78,2016-11-14 18:00:00,
1.128132205,10682162,Kontinen/Peers,Lopez/Lopez v Kontinen/Peers,30,2016-11-14 13:52:49.119,1.72,2016-11-14 18:00:00,
1.128132205,10682162,Kontinen/Peers,Lopez/Lopez v Kontinen/Peers,40,2016-11-14 14:45:11.586,1.83,2016-11-14 18:00:00,
1.128132205,10682162,Kontinen/Peers,Lopez/Lopez v Kontinen/Peers,50,2016-11-14 15:21:52.562,1.75,2016-11-14 18:00:00,
1.128132205,10682162,Kontinen/Peers,Lopez/Lopez v Kontinen/Peers,60,2016-11-14 15:33:54.307,1.77,2016-11-14 18:00:00,
1.128132205,10682162,Kontinen/Peers,Lopez/Lopez v Kontinen/Peers,70,2016-11-14 15:52:04.220,1.71,2016-11-14 18:00:00,
1.128132205,10682162,Kontinen/Peers,Lopez/Lopez v Kontinen/Peers,80,2016-11-14 16:21:05.272,1.75,2016-11-14 18:00:00,
1.128132205,10682162,Kontinen/Peers,Lopez/Lopez v Kontinen/Peers,90,2016-11-14 17:12:02.217,1.76,2016-11-14 18:00:00,
1.128132205,10682162,Kontinen/Peers,Lopez/Lopez v Kontinen/Peers,100,2016-11-14 17:41:09.972,1.77,2016-11-14 18:00:00,
1.12813221,8942538,Herbert/Mahut,Herbert/Mahut v Klaasen/Ram,0,2016-11-13 13:03:39.745,1.3,2016-11-14 12:00:00,
1.12813221,8942538,Herbert/Mahut,Herbert/Mahut v Klaasen/Ram,10,2016-11-14 05:04:07.662,1.29,2016-11-14 12:00:00,
1.12813221,8942538,Herbert/Mahut,Herbert/Mahut v Klaasen/Ram,20,2016-11-14 08:07:12.402,1.29,2016-11-14 12:00:00,
1.12813221,8942538,Herbert/Mahut,Herbert/Mahut v Klaasen/Ram,30,2016-11-14 08:18:06.708,1.26,2016-11-14 12:00:00,
1.12813221,8942538,Herbert/Mahut,Herbert/Mahut v Klaasen/Ram,40,2016-11-14 08:28:11.294,1.22,2016-11-14 12:00:00,
1.12813221,8942538,Herbert/Mahut,Herbert/Mahut v Klaasen/Ram,50,2016-11-14 09:01:07.626,1.28,2016-11-14 12:00:00,
1.12813221,8942538,Herbert/Mahut,Herbert/Mahut v Klaasen/Ram,60,2016-11-14 09:11:44.600,1.29,2016-11-14 12:00:00,
1.12813221,8942538,Herbert/Mahut,Herbert/Mahut v Klaasen/Ram,70,2016-11-14 09:42:12.704,1.3,2016-11-14 12:00:00,
1.12813221,8942538,Herbert/Mahut,Herbert/Mahut v Klaasen/Ram,80,2016-11-14 10:04:42.159,1.29,2016-11-14 12:00:00,
1.12813221,8942538,Herbert/Mahut,Herbert/Mahut v Klaasen/Ram,90,2016-11-14 11:16:02.314,1.32,2016-11-14 12:00:00,
1.12813221,8942538,Herbert/Mahut,Herbert/Mahut v Klaasen/Ram,100,2016-11-14 11:43:59.081,1.3,2016-11-14 12:00:00,
1.12813221,9546313,Klaasen/Ram,Herbert/Mahut v Klaasen/Ram,0,2016-11-14 04:32:43.473,4.5,2016-11-14 12:00:00,
1.12813221,9546313,Klaasen/Ram,Herbert/Mahut v Klaasen/Ram,10,2016-11-14 08:01:53.832,4.2,2016-11-14 12:00:00,
1.12813221,9546313,Klaasen/Ram,Herbert/Mahut v Klaasen/Ram,20,2016-11-14 08:17:08.193,4.9,2016-11-14 12:00:00,
1.12813221,9546313,Klaasen/Ram,Herbert/Mahut v Klaasen/Ram,30,2016-11-14 09:05:59.897,4.4,2016-11-14 12:00:00,
1.12813221,9546313,Klaasen/Ram,Herbert/Mahut v Klaasen/Ram,40,2016-11-14 09:21:32.170,4.4,2016-11-14 12:00:00,
1.12813221,9546313,Klaasen/Ram,Herbert/Mahut v Klaasen/Ram,50,2016-11-14 09:29:51.582,4.2,2016-11-14 12:00:00,
1.12813221,9546313,Klaasen/Ram,Herbert/Mahut v Klaasen/Ram,60,2016-11-14 09:36:05.811,4.1,2016-11-14 12:00:00,
1.12813221,9546313,Klaasen/Ram,Herbert/Mahut v Klaasen/Ram,70,2016-11-14 09:46:44.829,4.1,2016-11-14 12:00:00,
1.12813221,9546313,Klaasen/Ram,Herbert/Mahut v Klaasen/Ram,80,2016-11-14 09:53:09.365,4.3,2016-11-14 12:00:00,
1.12813221,9546313,Klaasen/Ram,Herbert/Mahut v Klaasen/Ram,90,2016-11-14 11:23:11.319,4.2,2016-11-14 12:00:00,
1.12813221,9546313,Klaasen/Ram,Herbert/Mahut v Klaasen/Ram,100,2016-11-14 11:46:02.273,4.2,2016-11-14 12:00:00,
1.128132215,10682718,Murray/Soares,Murray/Soares v Huey/Mirnyi,0,2016-11-12 17:29:26.267,1.39,2016-11-13 18:00:00,
1.128132215,10682718,Murray/Soares,Murray/Soares v Huey/Mirnyi,10,2016-11-13 12:37:43.072,1.4,2016-11-13 18:00:00,
1.128132215,10682718,Murray/Soares,Murray/Soares v Huey/Mirnyi,20,2016-11-13 13:57:20.633,1.4,2016-11-13 18:00:00,
1.128132215,10682718,Murray/Soares,Murray/Soares v Huey/Mirnyi,30,2016-11-13 16:20:06.787,1.39,2016-11-13 18:00:00,
1.128132215,10682718,Murray/Soares,Murray/Soares v Huey/Mirnyi,40,2016-11-13 16:32:11.177,1.4,2016-11-13 18:00:00,
1.128132215,10682718,Murray/Soares,Murray/Soares v Huey/Mirnyi,50,2016-11-13 16:48:49.413,1.38,2016-11-13 18:00:00,
1.128132215,10682718,Murray/Soares,Murray/Soares v Huey/Mirnyi,60,2016-11-13 17:12:04.924,1.41,2016-11-13 18:00:00,
1.128132215,10682718,Murray/Soares,Murray/Soares v Huey/Mirnyi,70,2016-11-13 17:16:18.261,1.43,2016-11-13 18:00:00,
1.128132215,10682718,Murray/Soares,Murray/Soares v Huey/Mirnyi,80,2016-11-13 17:25:02.943,1.4,2016-11-13 18:00:00,
1.128132215,10682718,Murray/Soares,Murray/Soares v Huey/Mirnyi,90,2016-11-13 17:39:12.825,1.44,2016-11-13 18:00:00,
1.128132215,10682718,Murray/Soares,Murray/Soares v Huey/Mirnyi,100,2016-11-13 17:46:12.291,1.4,2016-11-13 18:00:00,
1.128132215,10704370,Huey/Mirnyi,Murray/Soares v Huey/Mirnyi,0,2016-11-13 13:16:10.203,3.5,2016-11-13 18:00:00,
1.128132215,10704370,Huey/Mirnyi,Murray/Soares v Huey/Mirnyi,10,2016-11-13 13:18:05.223,3.4,2016-11-13 18:00:00,
1.128132215,10704370,Huey/Mirnyi,Murray/Soares v Huey/Mirnyi,20,2016-11-13 16:16:53.013,3.5,2016-11-13 18:00:00,
1.128132215,10704370,Huey/Mirnyi,Murray/Soares v Huey/Mirnyi,30,2016-11-13 16:20:59.348,3.6,2016-11-13 18:00:00,
1.128132215,10704370,Huey/Mirnyi,Murray/Soares v Huey/Mirnyi,40,2016-11-13 16:28:56.938,3.65,2016-11-13 18:00:00,
1.128132215,10704370,Huey/Mirnyi,Murray/Soares v Huey/Mirnyi,50,2016-11-13 16:55:05.676,3.45,2016-11-13 18:00:00,
1.128132215,10704370,Huey/Mirnyi,Murray/Soares v Huey/Mirnyi,60,2016-11-13 17:13:12.468,3.4,2016-11-13 18:00:00,
1.128132215,10704370,Huey/Mirnyi,Murray/Soares v Huey/Mirnyi,70,2016-11-13 17:16:06.032,3.3,2016-11-13 18:00:00,
1.128132215,10704370,Huey/Mirnyi,Murray/Soares v Huey/Mirnyi,80,2016-11-13 17:22:58.447,3.5,2016-11-13 18:00:00,
1.128132215,10704370,Huey/Mirnyi,Murray/Soares v Huey/Mirnyi,90,2016-11-13 17:34:11.414,3.0,2016-11-13 18:00:00,
1.128132215,10704370,Huey/Mirnyi,Murray/Soares v Huey/Mirnyi,100,2016-11-13 17:42:39.188,3.3,2016-11-13 18:00:00,
1.12813222,2256509,Andy Murray,A Murray v Ma Cilic,0,2016-11-07 22:58:38.438,1.16,2016-11-14 20:00:00,
1.12813222,2256509,Andy Murray,A Murray v Ma Cilic,10,2016-11-13 11:21:28.501,1.3,2016-11-14 20:00:00,
1.12813222,2256509,Andy Murray,A Murray v Ma Cilic,20,2016-11-14 01:22:18.975,1.29,2016-11-14 20:00:00,
1.12813222,2256509,Andy Murray,A Murray v Ma Cilic,30,2016-11-14 08:57:22.802,1.28,2016-11-14 20:00:00,
1.12813222,2256509,Andy Murray,A Murray v Ma Cilic,40,2016-11-14 12:17:22.702,1.27,2016-11-14 20:00:00,
1.12813222,2256509,Andy Murray,A Murray v Ma Cilic,50,2016-11-14 14:04:05.590,1.28,2016-11-14 20:00:00,
1.12813222,2256509,Andy Murray,A Murray v Ma Cilic,60,2016-11-14 15:55:03.870,1.27,2016-11-14 20:00:00,
1.12813222,2256509,Andy Murray,A Murray v Ma Cilic,70,2016-11-14 16:55:15.765,1.28,2016-11-14 20:00:00,
1.12813222,2256509,Andy Murray,A Murray v Ma Cilic,80,2016-11-14 18:14:20.000,1.27,2016-11-14 20:00:00,
1.12813222,2256509,Andy Murray,A Murray v Ma Cilic,90,2016-11-14 19:01:23.025,1.28,2016-11-14 20:00:00,
1.12813222,2256509,Andy Murray,A Murray v Ma Cilic,100,2016-11-14 19:59:23.132,1.28,2016-11-14 20:00:00,
1.12813222,2263681,Marin Cilic,A Murray v Ma Cilic,0,2016-11-08 05:18:59.376,4.2,2016-11-14 20:00:00,
1.12813222,2263681,Marin Cilic,A Murray v Ma Cilic,10,2016-11-13 21:43:18.085,4.4,2016-11-14 20:00:00,
1.12813222,2263681,Marin Cilic,A Murray v Ma Cilic,20,2016-11-14 06:49:28.014,4.4,2016-11-14 20:00:00,
1.12813222,2263681,Marin Cilic,A Murray v Ma Cilic,30,2016-11-14 11:38:05.510,4.5,2016-11-14 20:00:00,
1.12813222,2263681,Marin Cilic,A Murray v Ma Cilic,40,2016-11-14 13:43:23.228,4.5,2016-11-14 20:00:00,
1.12813222,2263681,Marin Cilic,A Murray v Ma Cilic,50,2016-11-14 15:29:22.700,4.5,2016-11-14 20:00:00,
1.12813222,2263681,Marin Cilic,A Murray v Ma Cilic,60,2016-11-14 16:37:22.034,4.6,2016-11-14 20:00:00,
1.12813222,2263681,Marin Cilic,A Murray v Ma Cilic,70,2016-11-14 17:48:14.091,4.6,2016-11-14 20:00:00,
1.12813222,2263681,Marin Cilic,A Murray v Ma Cilic,80,2016-11-14 18:52:21.991,4.7,2016-11-14 20:00:00,
1.12813222,2263681,Marin Cilic,A Murray v Ma Cilic,90,2016-11-14 19:33:19.794,4.7,2016-11-14 20:00:00,
1.12813222,2263681,Marin Cilic,A Murray v Ma Cilic,100,2016-11-14 19:59:23.132,4.5,2016-11-14 20:00:00,
1.128132274,2257300,Gael Monfils,Raonic v Monfils,0,2016-11-09 07:11:12.649,2.16,2016-11-13 20:00:00,
1.128132274,2257300,Gael Monfils,Raonic v Monfils,10,2016-11-12 11:33:22.539,2.1,2016-11-13 20:00:00,
1.128132274,2257300,Gael Monfils,Raonic v Monfils,20,2016-11-13 06:44:30.919,2.06,2016-11-13 20:00:00,
1.128132274,2257300,Gael Monfils,Raonic v Monfils,30,2016-11-13 12:43:16.070,2.1,2016-11-13 20:00:00,
1.128132274,2257300,Gael Monfils,Raonic v Monfils,40,2016-11-13 15:55:25.129,2.08,2016-11-13 20:00:00,
1.128132274,2257300,Gael Monfils,Raonic v Monfils,50,2016-11-13 16:35:24.028,2.12,2016-11-13 20:00:00,
1.128132274,2257300,Gael Monfils,Raonic v Monfils,60,2016-11-13 17:45:29.815,2.16,2016-11-13 20:00:00,
1.128132274,2257300,Gael Monfils,Raonic v Monfils,70,2016-11-13 18:10:24.105,2.12,2016-11-13 20:00:00,
1.128132274,2257300,Gael Monfils,Raonic v Monfils,80,2016-11-13 18:51:16.472,2.14,2016-11-13 20:00:00,
1.128132274,2257300,Gael Monfils,Raonic v Monfils,90,2016-11-13 19:40:31.526,2.18,2016-11-13 20:00:00,
1.128132274,2257300,Gael Monfils,Raonic v Monfils,100,2016-11-13 20:05:30.953,2.16,2016-11-13 20:15:00,
1.128132274,4105819,Milos Raonic,Raonic v Monfils,0,2016-11-08 17:03:02.298,1.77,2016-11-13 20:00:00,
1.128132274,4105819,Milos Raonic,Raonic v Monfils,10,2016-11-11 12:25:46.571,1.88,2016-11-13 20:00:00,
1.128132274,4105819,Milos Raonic,Raonic v Monfils,20,2016-11-12 21:13:23.788,1.9,2016-11-13 20:00:00,
1.128132274,4105819,Milos Raonic,Raonic v Monfils,30,2016-11-13 09:04:50.468,1.91,2016-11-13 20:00:00,
1.128132274,4105819,Milos Raonic,Raonic v Monfils,40,2016-11-13 13:04:14.928,1.93,2016-11-13 20:00:00,
1.128132274,4105819,Milos Raonic,Raonic v Monfils,50,2016-11-13 16:03:26.146,1.9,2016-11-13 20:00:00,
1.128132274,4105819,Milos Raonic,Raonic v Monfils,60,2016-11-13 17:19:09.802,1.87,2016-11-13 20:00:00,
1.128132274,4105819,Milos Raonic,Raonic v Monfils,70,2016-11-13 17:52:29.494,1.9,2016-11-13 20:00:00,
1.128132274,4105819,Milos Raonic,Raonic v Monfils,80,2016-11-13 18:57:29.422,1.87,2016-11-13 20:00:00,
1.128132274,4105819,Milos Raonic,Raonic v Monfils,90,2016-11-13 19:38:28.166,1.85,2016-11-13 20:00:00,
1.128132274,4105819,Milos Raonic,Raonic v Monfils,100,2016-11-13 20:05:30.953,1.86,2016-11-13 20:15:00,
1.128138177,3259323,Uladzimir Ignatik,Ignatik v Gerasimov,0,2016-11-08 10:34:26.631,1.64,2016-11-09 12:00:00,
1.128138177,3259323,Uladzimir Ignatik,Ignatik v Gerasimov,10,2016-11-09 03:26:22.326,1.62,2016-11-09 13:00:00,
1.128138177,3259323,Uladzimir Ignatik,Ignatik v Gerasimov,20,2016-11-09 10:18:15.550,1.7,2016-11-09 13:00:00,
1.128138177,3259323,Uladzimir Ignatik,Ignatik v Gerasimov,30,2016-11-09 10:43:25.874,1.81,2016-11-09 13:00:00,
1.128138177,3259323,Uladzimir Ignatik,Ignatik v Gerasimov,40,2016-11-09 10:50:27.739,1.81,2016-11-09 13:00:00,
1.128138177,3259323,Uladzimir Ignatik,Ignatik v Gerasimov,50,2016-11-09 13:01:22.769,1.85,2016-11-09 13:15:00,
1.128138177,3259323,Uladzimir Ignatik,Ignatik v Gerasimov,60,2016-11-09 13:14:52.309,1.85,2016-11-09 13:30:00,
1.128138177,3259323,Uladzimir Ignatik,Ignatik v Gerasimov,70,2016-11-09 13:35:25.891,1.83,2016-11-09 13:45:00,
1.128138177,3259323,Uladzimir Ignatik,Ignatik v Gerasimov,80,2016-11-09 13:38:29.817,1.84,2016-11-09 13:45:00,
1.128138177,3259323,Uladzimir Ignatik,Ignatik v Gerasimov,90,2016-11-09 13:42:27.084,2.02,2016-11-09 13:45:00,
1.128138177,3259323,Uladzimir Ignatik,Ignatik v Gerasimov,100,2016-11-09 13:49:25.736,1.85,2016-11-09 14:00:00,
1.128138177,7797772,Egor Gerasimov,Ignatik v Gerasimov,0,2016-11-09 03:26:22.326,2.62,2016-11-09 13:00:00,
1.128138177,7797772,Egor Gerasimov,Ignatik v Gerasimov,10,2016-11-09 10:18:15.550,2.36,2016-11-09 13:00:00,
1.128138177,7797772,Egor Gerasimov,Ignatik v Gerasimov,20,2016-11-09 10:41:13.071,2.28,2016-11-09 13:00:00,
1.128138177,7797772,Egor Gerasimov,Ignatik v Gerasimov,30,2016-11-09 11:00:43.849,2.32,2016-11-09 13:00:00,
1.128138177,7797772,Egor Gerasimov,Ignatik v Gerasimov,40,2016-11-09 12:25:04.316,2.12,2016-11-09 13:00:00,
1.128138177,7797772,Egor Gerasimov,Ignatik v Gerasimov,50,2016-11-09 12:59:16.810,2.1,2016-11-09 13:15:00,
1.128138177,7797772,Egor Gerasimov,Ignatik v Gerasimov,60,2016-11-09 13:33:17.665,2.18,2016-11-09 13:45:00,
1.128138177,7797772,Egor Gerasimov,Ignatik v Gerasimov,70,2016-11-09 13:37:28.658,2.14,2016-11-09 13:45:00,
1.128138177,7797772,Egor Gerasimov,Ignatik v Gerasimov,80,2016-11-09 13:39:22.077,2.08,2016-11-09 13:45:00,
1.128138177,7797772,Egor Gerasimov,Ignatik v Gerasimov,90,2016-11-09 13:42:27.084,1.98,2016-11-09 13:45:00,
1.128138177,7797772,Egor Gerasimov,Ignatik v Gerasimov,100,2016-11-09 13:49:25.736,2.16,2016-11-09 14:00:00,
1.128140748,7797742,Daniil Medvedev,Michnev v D Medvedev,0,2016-11-09 00:55:36.010,1.16,2016-11-09 15:00:00,
1.128140748,7797742,Daniil Medvedev,Michnev v D Medvedev,10,2016-11-09 09:13:33.249,1.13,2016-11-09 15:00:00,
1.128140748,7797742,Daniil Medvedev,Michnev v D Medvedev,20,2016-11-09 09:52:32.077,1.16,2016-11-09 15:00:00,
1.128140748,7797742,Daniil Medvedev,Michnev v D Medvedev,30,2016-11-09 10:50:32.977,1.16,2016-11-09 15:00:00,
1.128140748,7797742,Daniil Medvedev,Michnev v D Medvedev,40,2016-11-09 12:30:59.259,1.17,2016-11-09 15:00:00,
1.128140748,7797742,Daniil Medvedev,Michnev v D Medvedev,50,2016-11-09 13:03:54.296,1.17,2016-11-09 15:15:00,
1.128140748,7797742,Daniil Medvedev,Michnev v D Medvedev,60,2016-11-09 13:21:58.053,1.19,2016-11-09 15:30:00,
1.128140748,7797742,Daniil Medvedev,Michnev v D Medvedev,70,2016-11-09 13:33:03.327,1.21,2016-11-09 15:45:00,
1.128140748,7797742,Daniil Medvedev,Michnev v D Medvedev,80,2016-11-09 14:27:59.252,1.23,2016-11-09 16:04:00,
1.128140748,7797742,Daniil Medvedev,Michnev v D Medvedev,90,2016-11-09 14:28:50.423,1.21,2016-11-09 16:04:00,
1.128140748,7797742,Daniil Medvedev,Michnev v D Medvedev,100,2016-11-09 15:02:03.727,1.2,2016-11-09 16:04:00,
1.128140835,8535963,Nikola Milojevic,N Milojevic v Gaio,0,2016-11-08 23:21:48.617,1.78,2016-11-09 15:00:00,
1.128140835,8535963,Nikola Milojevic,N Milojevic v Gaio,10,2016-11-09 07:16:02.410,1.79,2016-11-09 15:00:00,
1.128140835,8535963,Nikola Milojevic,N Milojevic v Gaio,20,2016-11-09 07:56:18.152,1.8,2016-11-09 15:00:00,
1.128140835,8535963,Nikola Milojevic,N Milojevic v Gaio,30,2016-11-09 08:26:58.113,1.76,2016-11-09 15:00:00,
1.128140835,8535963,Nikola Milojevic,N Milojevic v Gaio,40,2016-11-09 09:13:33.142,1.67,2016-11-09 15:00:00,
1.128140835,8535963,Nikola Milojevic,N Milojevic v Gaio,50,2016-11-09 10:13:48.537,1.65,2016-11-09 15:00:00,
1.128140835,8535963,Nikola Milojevic,N Milojevic v Gaio,60,2016-11-09 10:42:46.422,1.75,2016-11-09 15:00:00,
1.128140835,8535963,Nikola Milojevic,N Milojevic v Gaio,70,2016-11-09 10:43:58.934,1.76,2016-11-09 15:00:00,
1.128140835,8535963,Nikola Milojevic,N Milojevic v Gaio,80,2016-11-09 13:00:01.520,1.77,2016-11-09 14:15:00,
1.128140835,8535963,Nikola Milojevic,N Milojevic v Gaio,90,2016-11-09 13:05:21.644,1.78,2016-11-09 14:15:00,
1.128140835,8535963,Nikola Milojevic,N Milojevic v Gaio,100,2016-11-09 13:38:00.490,1.78,2016-11-09 14:15:00,
1.128141646,7137497,Yoshihito Nishioka,Kibi v Yo Nishioka,0,2016-11-08 22:02:29.088,1.24,2016-11-09 04:00:00,
1.128141646,7137497,Yoshihito Nishioka,Kibi v Yo Nishioka,10,2016-11-09 00:08:00.278,1.29,2016-11-09 04:00:00,
1.128141646,7137497,Yoshihito Nishioka,Kibi v Yo Nishioka,20,2016-11-09 00:42:55.893,1.2,2016-11-09 04:00:00,
1.128141646,7137497,Yoshihito Nishioka,Kibi v Yo Nishioka,30,2016-11-09 02:27:55.092,1.18,2016-11-09 03:54:00,
1.128141646,7137497,Yoshihito Nishioka,Kibi v Yo Nishioka,40,2016-11-09 02:39:44.879,1.15,2016-11-09 03:54:00,
1.128141646,7137497,Yoshihito Nishioka,Kibi v Yo Nishioka,50,2016-11-09 03:00:57.325,1.16,2016-11-09 03:54:00,
1.128141646,7137497,Yoshihito Nishioka,Kibi v Yo Nishioka,60,2016-11-09 03:01:56.439,1.17,2016-11-09 03:54:00,
1.128141646,7137497,Yoshihito Nishioka,Kibi v Yo Nishioka,70,2016-11-09 03:04:57.496,1.19,2016-11-09 03:54:00,
1.128141646,7137497,Yoshihito Nishioka,Kibi v Yo Nishioka,80,2016-11-09 03:05:50.900,1.16,2016-11-09 03:54:00,
1.128141646,7137497,Yoshihito Nishioka,Kibi v Yo Nishioka,90,2016-11-09 03:06:53.776,1.18,2016-11-09 03:54:00,
1.128141646,7137497,Yoshihito Nishioka,Kibi v Yo Nishioka,100,2016-11-09 03:31:45.752,1.19,2016-11-09 03:54:00,
1.128141805,7690576,Hyeon Chung,Hy Chung v Masur,0,2016-11-08 11:23:11.990,1.18,2016-11-09 04:30:00,
1.128141805,7690576,Hyeon Chung,Hy Chung v Masur,10,2016-11-08 22:03:13.361,1.22,2016-11-09 04:30:00,
1.128141805,7690576,Hyeon Chung,Hy Chung v Masur,20,2016-11-08 22:52:06.485,1.28,2016-11-09 04:30:00,
1.128141805,7690576,Hyeon Chung,Hy Chung v Masur,30,2016-11-09 02:34:08.687,1.23,2016-11-09 04:30:00,
1.128141805,7690576,Hyeon Chung,Hy Chung v Masur,40,2016-11-09 02:41:08.458,1.28,2016-11-09 04:30:00,
1.128141805,7690576,Hyeon Chung,Hy Chung v Masur,50,2016-11-09 03:45:09.944,1.24,2016-11-09 04:30:00,
1.128141805,7690576,Hyeon Chung,Hy Chung v Masur,60,2016-11-09 04:55:08.893,1.23,2016-11-09 05:00:00,
1.128141805,7690576,Hyeon Chung,Hy Chung v Masur,70,2016-11-09 05:53:41.890,1.22,2016-11-09 06:00:00,
1.128141805,7690576,Hyeon Chung,Hy Chung v Masur,80,2016-11-09 06:07:02.604,1.19,2016-11-09 06:15:00,
1.128141805,7690576,Hyeon Chung,Hy Chung v Masur,90,2016-11-09 06:08:04.803,1.14,2016-11-09 06:15:00,
1.128141805,7690576,Hyeon Chung,Hy Chung v Masur,100,2016-11-09 06:09:07.808,1.19,2016-11-09 06:15:00,
1.128141901,5858048,Yasutaka Uchiyama,Uchiyama v Michon,0,2016-11-09 19:29:51.200,1.57,2016-11-10 04:30:00,
1.128141901,5858048,Yasutaka Uchiyama,Uchiyama v Michon,10,2016-11-10 00:13:06.323,1.56,2016-11-10 04:30:00,
1.128141901,5858048,Yasutaka Uchiyama,Uchiyama v Michon,20,2016-11-10 00:20:48.660,1.51,2016-11-10 04:30:00,
1.128141901,5858048,Yasutaka Uchiyama,Uchiyama v Michon,30,2016-11-10 02:30:39.492,1.42,2016-11-10 04:30:00,
1.128141901,5858048,Yasutaka Uchiyama,Uchiyama v Michon,40,2016-11-10 02:38:56.521,1.43,2016-11-10 04:30:00,
1.128141901,5858048,Yasutaka Uchiyama,Uchiyama v Michon,50,2016-11-10 02:43:56.665,1.44,2016-11-10 04:30:00,
1.128141901,5858048,Yasutaka Uchiyama,Uchiyama v Michon,60,2016-11-10 02:50:55.222,1.42,2016-11-10 04:30:00,
1.128141901,5858048,Yasutaka Uchiyama,Uchiyama v Michon,70,2016-11-10 02:54:36.944,1.43,2016-11-10 04:30:00,
1.128141901,5858048,Yasutaka Uchiyama,Uchiyama v Michon,80,2016-11-10 03:17:55.016,1.37,2016-11-10 04:30:00,
1.128141901,5858048,Yasutaka Uchiyama,Uchiyama v Michon,90,2016-11-10 03:46:20.848,1.35,2016-11-10 04:30:00,
1.128141901,5858048,Yasutaka Uchiyama,Uchiyama v Michon,100,2016-11-10 04:29:54.149,1.39,2016-11-10 04:45:00,
1.12814197,9629018,S Vickery,S Vickery v B Shankle,0,2016-11-08 11:42:06.545,1.03,2016-11-08 17:35:00,
1.12814197,9629018,S Vickery,S Vickery v B Shankle,10,2016-11-08 12:50:24.555,1.05,2016-11-08 17:35:00,
1.12814197,9629018,S Vickery,S Vickery v B Shankle,20,2016-11-08 17:03:12.515,1.02,2016-11-08 17:35:00,
1.12814197,9629018,S Vickery,S Vickery v B Shankle,30,2016-11-08 17:29:24.771,1.04,2016-11-08 17:35:00,
1.12814197,9629018,S Vickery,S Vickery v B Shankle,40,2016-11-09 03:16:52.500,1.03,2016-11-10 00:05:00,
1.12814197,9629018,S Vickery,S Vickery v B Shankle,50,2016-11-09 04:46:27.457,1.04,2016-11-10 00:05:00,
1.12814197,9629018,S Vickery,S Vickery v B Shankle,60,2016-11-09 21:53:31.668,1.06,2016-11-10 00:05:00,
1.12814197,9629018,S Vickery,S Vickery v B Shankle,70,2016-11-09 22:02:54.044,1.04,2016-11-10 00:05:00,
1.12814197,9629018,S Vickery,S Vickery v B Shankle,80,2016-11-09 23:24:28.842,1.03,2016-11-10 00:05:00,
1.12814197,9629018,S Vickery,S Vickery v B Shankle,90,2016-11-09 23:56:30.237,1.06,2016-11-10 00:05:00,
1.12814197,9629018,S Vickery,S Vickery v B Shankle,100,2016-11-10 00:01:59.543,1.07,2016-11-10 00:05:00,
1.128142617,2263632,Marco Chiudinelli,Chiudinelli v Vatutin,0,2016-11-09 14:19:54.520,1.55,2016-11-09 19:30:00,
1.128142617,2263632,Marco Chiudinelli,Chiudinelli v Vatutin,10,2016-11-09 15:47:25.308,1.6,2016-11-09 19:30:00,
1.128142617,2263632,Marco Chiudinelli,Chiudinelli v Vatutin,20,2016-11-09 16:32:43.159,1.56,2016-11-09 19:30:00,
1.128142617,2263632,Marco Chiudinelli,Chiudinelli v Vatutin,30,2016-11-09 16:47:43.293,1.58,2016-11-09 19:30:00,
1.128142617,2263632,Marco Chiudinelli,Chiudinelli v Vatutin,40,2016-11-09 18:21:54.611,1.6,2016-11-09 20:08:00,
1.128142617,2263632,Marco Chiudinelli,Chiudinelli v Vatutin,50,2016-11-09 18:35:51.228,1.59,2016-11-09 20:08:00,
1.128142617,2263632,Marco Chiudinelli,Chiudinelli v Vatutin,60,2016-11-09 18:36:44.220,1.57,2016-11-09 20:08:00,
1.128142617,2263632,Marco Chiudinelli,Chiudinelli v Vatutin,70,2016-11-09 19:36:43.160,1.56,2016-11-09 20:08:00,
1.128142617,2263632,Marco Chiudinelli,Chiudinelli v Vatutin,80,2016-11-09 19:56:25.379,1.55,2016-11-09 20:08:00,
1.128142617,2263632,Marco Chiudinelli,Chiudinelli v Vatutin,90,2016-11-09 20:15:32.772,1.57,2016-11-09 20:23:00,
1.128142617,2263632,Marco Chiudinelli,Chiudinelli v Vatutin,100,2016-11-09 20:17:47.610,1.55,2016-11-09 20:23:00,
1.128142996,3911345,Benoit Paire,Paire v Lopez-Perez,0,2016-11-09 03:38:50.300,1.19,2016-11-09 17:30:00,
1.128142996,3911345,Benoit Paire,Paire v Lopez-Perez,10,2016-11-09 13:14:38.158,1.26,2016-11-09 17:30:00,
1.128142996,3911345,Benoit Paire,Paire v Lopez-Perez,20,2016-11-09 16:16:01.138,1.26,2016-11-09 17:30:00,
1.128142996,3911345,Benoit Paire,Paire v Lopez-Perez,30,2016-11-09 16:19:56.489,1.28,2016-11-09 17:30:00,
1.128142996,3911345,Benoit Paire,Paire v Lopez-Perez,40,2016-11-09 16:48:02.231,1.26,2016-11-09 17:30:00,
1.128142996,3911345,Benoit Paire,Paire v Lopez-Perez,50,2016-11-09 17:13:49.637,1.34,2016-11-09 17:30:00,
1.128142996,3911345,Benoit Paire,Paire v Lopez-Perez,60,2016-11-09 17:15:56.772,1.38,2016-11-09 17:30:00,
1.128142996,3911345,Benoit Paire,Paire v Lopez-Perez,70,2016-11-09 17:32:59.080,1.32,2016-11-09 17:45:00,
1.128142996,3911345,Benoit Paire,Paire v Lopez-Perez,80,2016-11-09 17:42:01.327,1.32,2016-11-09 17:45:00,
1.128142996,3911345,Benoit Paire,Paire v Lopez-Perez,90,2016-11-09 17:44:18.797,1.3,2016-11-09 18:00:00,
1.128142996,3911345,Benoit Paire,Paire v Lopez-Perez,100,2016-11-09 18:03:00.507,1.28,2016-11-09 18:15:00,
1.128142996,8257792,Enrique Lopez-Perez,Paire v Lopez-Perez,0,2016-11-09 11:36:02.316,5.0,2016-11-09 17:30:00,
1.128142996,8257792,Enrique Lopez-Perez,Paire v Lopez-Perez,10,2016-11-09 12:00:51.150,4.7,2016-11-09 17:30:00,
1.128142996,8257792,Enrique Lopez-Perez,Paire v Lopez-Perez,20,2016-11-09 12:03:23.747,4.8,2016-11-09 17:30:00,
1.128142996,8257792,Enrique Lopez-Perez,Paire v Lopez-Perez,30,2016-11-09 15:45:56.539,4.3,2016-11-09 17:30:00,
1.128142996,8257792,Enrique Lopez-Perez,Paire v Lopez-Perez,40,2016-11-09 15:51:10.183,3.85,2016-11-09 17:30:00,
1.128142996,8257792,Enrique Lopez-Perez,Paire v Lopez-Perez,50,2016-11-09 16:16:01.138,4.8,2016-11-09 17:30:00,
1.128142996,8257792,Enrique Lopez-Perez,Paire v Lopez-Perez,60,2016-11-09 16:16:49.135,4.4,2016-11-09 17:30:00,
1.128142996,8257792,Enrique Lopez-Perez,Paire v Lopez-Perez,70,2016-11-09 16:26:00.525,3.85,2016-11-09 17:30:00,
1.128142996,8257792,Enrique Lopez-Perez,Paire v Lopez-Perez,80,2016-11-09 16:53:58.895,3.8,2016-11-09 17:30:00,
1.128142996,8257792,Enrique Lopez-Perez,Paire v Lopez-Perez,90,2016-11-09 17:42:01.327,3.95,2016-11-09 17:45:00,
1.128142996,8257792,Enrique Lopez-Perez,Paire v Lopez-Perez,100,2016-11-09 17:55:29.480,4.1,2016-11-09 18:00:00,
1.12814409,3391304,Evgeny Donskoy,Krawietz v Donskoy,0,2016-11-09 00:44:45.508,1.36,2016-11-09 13:00:00,
1.12814409,3391304,Evgeny Donskoy,Krawietz v Donskoy,10,2016-11-09 09:51:20.965,1.41,2016-11-09 13:00:00,
1.12814409,3391304,Evgeny Donskoy,Krawietz v Donskoy,20,2016-11-09 10:07:21.382,1.38,2016-11-09 13:00:00,
1.12814409,3391304,Evgeny Donskoy,Krawietz v Donskoy,30,2016-11-09 11:14:17.745,1.47,2016-11-09 12:47:00,
1.12814409,3391304,Evgeny Donskoy,Krawietz v Donskoy,40,2016-11-09 11:25:04.433,1.55,2016-11-09 12:47:00,
1.12814409,3391304,Evgeny Donskoy,Krawietz v Donskoy,50,2016-11-09 12:29:21.631,1.51,2016-11-09 12:47:00,
1.12814409,3391304,Evgeny Donskoy,Krawietz v Donskoy,60,2016-11-09 12:41:20.010,1.46,2016-11-09 12:47:00,
1.12814409,3391304,Evgeny Donskoy,Krawietz v Donskoy,70,2016-11-09 12:49:21.633,1.57,2016-11-09 13:02:00,
1.12814409,3391304,Evgeny Donskoy,Krawietz v Donskoy,80,2016-11-09 12:50:14.649,1.49,2016-11-09 13:02:00,
1.12814409,3391304,Evgeny Donskoy,Krawietz v Donskoy,90,2016-11-09 12:50:47.464,1.57,2016-11-09 13:02:00,
1.12814409,3391304,Evgeny Donskoy,Krawietz v Donskoy,100,2016-11-09 12:59:09.603,1.49,2016-11-09 13:02:00,
1.128144631,8259098,Jan-Lennard Struff,Nedovyesov v Struff,0,2016-11-09 18:53:05.659,1.22,2016-11-10 19:00:00,
1.128144631,8259098,Jan-Lennard Struff,Nedovyesov v Struff,10,2016-11-09 22:05:03.143,1.2,2016-11-10 19:00:00,
1.128144631,8259098,Jan-Lennard Struff,Nedovyesov v Struff,20,2016-11-10 08:52:38.547,1.18,2016-11-10 19:00:00,
1.128144631,8259098,Jan-Lennard Struff,Nedovyesov v Struff,30,2016-11-10 16:35:09.633,1.21,2016-11-10 19:27:00,
1.128144631,8259098,Jan-Lennard Struff,Nedovyesov v Struff,40,2016-11-10 17:28:05.622,1.2,2016-11-10 19:04:00,
1.128144631,8259098,Jan-Lennard Struff,Nedovyesov v Struff,50,2016-11-10 17:51:04.361,1.2,2016-11-10 19:04:00,
1.128144631,8259098,Jan-Lennard Struff,Nedovyesov v Struff,60,2016-11-10 18:52:26.983,1.2,2016-11-10 19:04:00,
1.128144631,8259098,Jan-Lennard Struff,Nedovyesov v Struff,70,2016-11-10 19:09:02.998,1.17,2016-11-10 19:19:00,
1.128144631,8259098,Jan-Lennard Struff,Nedovyesov v Struff,80,2016-11-10 19:12:53.206,1.19,2016-11-10 19:19:00,
1.128144631,8259098,Jan-Lennard Struff,Nedovyesov v Struff,90,2016-11-10 19:23:21.730,1.17,2016-11-10 19:34:00,
1.128144631,8259098,Jan-Lennard Struff,Nedovyesov v Struff,100,2016-11-10 19:49:10.278,1.17,2016-11-10 19:51:00,
1.128146623,3691700,Illya Marchenko,V Pospisil v Marchenko,0,2016-11-09 01:02:58.603,2.26,2016-11-09 12:00:00,
1.128146623,3691700,Illya Marchenko,V Pospisil v Marchenko,10,2016-11-09 01:04:53.528,2.3,2016-11-09 12:00:00,
1.128146623,3691700,Illya Marchenko,V Pospisil v Marchenko,20,2016-11-09 06:50:26.381,2.26,2016-11-09 12:00:00,
1.128146623,3691700,Illya Marchenko,V Pospisil v Marchenko,30,2016-11-09 07:54:59.107,2.26,2016-11-09 12:00:00,
1.128146623,3691700,Illya Marchenko,V Pospisil v Marchenko,40,2016-11-09 07:55:23.917,2.18,2016-11-09 12:00:00,
1.128146623,3691700,Illya Marchenko,V Pospisil v Marchenko,50,2016-11-09 08:08:59.820,2.16,2016-11-09 12:00:00,
1.128146623,3691700,Illya Marchenko,V Pospisil v Marchenko,60,2016-11-09 08:40:51.473,2.16,2016-11-09 12:00:00,
1.128146623,3691700,Illya Marchenko,V Pospisil v Marchenko,70,2016-11-09 09:13:32.986,2.24,2016-11-09 12:00:00,
1.128146623,3691700,Illya Marchenko,V Pospisil v Marchenko,80,2016-11-09 10:03:35.968,2.3,2016-11-09 12:00:00,
1.128146623,3691700,Illya Marchenko,V Pospisil v Marchenko,90,2016-11-09 10:51:54.366,2.3,2016-11-09 12:00:00,
1.128146623,3691700,Illya Marchenko,V Pospisil v Marchenko,100,2016-11-09 11:51:59.192,2.38,2016-11-09 12:00:00,
1.128146623,4903598,Vasek Pospisil,V Pospisil v Marchenko,0,2016-11-08 23:34:10.086,1.79,2016-11-09 12:00:00,
1.128146623,4903598,Vasek Pospisil,V Pospisil v Marchenko,10,2016-11-09 01:02:58.603,1.79,2016-11-09 12:00:00,
1.128146623,4903598,Vasek Pospisil,V Pospisil v Marchenko,20,2016-11-09 06:50:26.381,1.79,2016-11-09 12:00:00,
1.128146623,4903598,Vasek Pospisil,V Pospisil v Marchenko,30,2016-11-09 07:54:59.107,1.79,2016-11-09 12:00:00,
1.128146623,4903598,Vasek Pospisil,V Pospisil v Marchenko,40,2016-11-09 08:39:54.324,1.9,2016-11-09 12:00:00,
1.128146623,4903598,Vasek Pospisil,V Pospisil v Marchenko,50,2016-11-09 09:41:51.190,1.78,2016-11-09 12:00:00,
1.128146623,4903598,Vasek Pospisil,V Pospisil v Marchenko,60,2016-11-09 10:18:53.931,1.78,2016-11-09 12:00:00,
1.128146623,4903598,Vasek Pospisil,V Pospisil v Marchenko,70,2016-11-09 11:09:31.518,1.75,2016-11-09 12:00:00,
1.128146623,4903598,Vasek Pospisil,V Pospisil v Marchenko,80,2016-11-09 11:28:59.623,1.74,2016-11-09 12:00:00,
1.128146623,4903598,Vasek Pospisil,V Pospisil v Marchenko,90,2016-11-09 11:38:58.991,1.72,2016-11-09 12:00:00,
1.128146623,4903598,Vasek Pospisil,V Pospisil v Marchenko,100,2016-11-09 11:51:59.192,1.72,2016-11-09 12:00:00,
1.128147683,4691416,Peter Gojowczyk,Gojowczyk v Kravchuk,0,2016-11-10 06:34:42.392,2.72,2016-11-10 12:00:00,
1.128147683,4691416,Peter Gojowczyk,Gojowczyk v Kravchuk,10,2016-11-10 06:54:58.256,2.68,2016-11-10 12:00:00,
1.128147683,4691416,Peter Gojowczyk,Gojowczyk v Kravchuk,20,2016-11-10 07:32:28.697,2.42,2016-11-10 12:00:00,
1.128147683,4691416,Peter Gojowczyk,Gojowczyk v Kravchuk,30,2016-11-10 07:58:51.231,2.44,2016-11-10 12:00:00,
1.128147683,4691416,Peter Gojowczyk,Gojowczyk v Kravchuk,40,2016-11-10 08:03:55.937,2.56,2016-11-10 12:00:00,
1.128147683,4691416,Peter Gojowczyk,Gojowczyk v Kravchuk,50,2016-11-10 09:37:45.045,2.44,2016-11-10 12:00:00,
1.128147683,4691416,Peter Gojowczyk,Gojowczyk v Kravchuk,60,2016-11-10 10:54:54.321,2.58,2016-11-10 12:00:00,
1.128147683,4691416,Peter Gojowczyk,Gojowczyk v Kravchuk,70,2016-11-10 10:58:53.837,2.6,2016-11-10 12:00:00,
1.128147683,4691416,Peter Gojowczyk,Gojowczyk v Kravchuk,80,2016-11-10 11:00:37.210,2.6,2016-11-10 12:00:00,
1.128147683,4691416,Peter Gojowczyk,Gojowczyk v Kravchuk,90,2016-11-10 11:07:51.964,2.52,2016-11-10 12:00:00,
1.128147683,4691416,Peter Gojowczyk,Gojowczyk v Kravchuk,100,2016-11-10 11:17:52.468,2.54,2016-11-10 12:00:00,
1.128147683,5011822,Konstantin Kravchuk,Gojowczyk v Kravchuk,0,2016-11-09 18:13:49.972,1.71,2016-11-10 12:00:00,
1.128147683,5011822,Konstantin Kravchuk,Gojowczyk v Kravchuk,10,2016-11-10 04:17:40.616,1.55,2016-11-10 12:00:00,
1.128147683,5011822,Konstantin Kravchuk,Gojowczyk v Kravchuk,20,2016-11-10 07:19:58.290,1.69,2016-11-10 12:00:00,
1.128147683,5011822,Konstantin Kravchuk,Gojowczyk v Kravchuk,30,2016-11-10 07:58:57.207,1.65,2016-11-10 12:00:00,
1.128147683,5011822,Konstantin Kravchuk,Gojowczyk v Kravchuk,40,2016-11-10 08:46:04.205,1.65,2016-11-10 12:00:00,
1.128147683,5011822,Konstantin Kravchuk,Gojowczyk v Kravchuk,50,2016-11-10 09:37:45.045,1.69,2016-11-10 12:00:00,
1.128147683,5011822,Konstantin Kravchuk,Gojowczyk v Kravchuk,60,2016-11-10 10:55:46.138,1.65,2016-11-10 12:00:00,
1.128147683,5011822,Konstantin Kravchuk,Gojowczyk v Kravchuk,70,2016-11-10 10:59:35.108,1.64,2016-11-10 12:00:00,
1.128147683,5011822,Konstantin Kravchuk,Gojowczyk v Kravchuk,80,2016-11-10 11:04:54.373,1.62,2016-11-10 12:00:00,
1.128147683,5011822,Konstantin Kravchuk,Gojowczyk v Kravchuk,90,2016-11-10 11:26:53.848,1.6,2016-11-10 12:00:00,
1.128147683,5011822,Konstantin Kravchuk,Gojowczyk v Kravchuk,100,2016-11-10 11:46:53.986,1.57,2016-11-10 12:00:00,
1.128147729,6179151,Albano Olivetti,Olivetti v S Napolitano,0,2016-11-09 22:40:16.069,1.75,2016-11-10 14:30:00,
1.128147729,6179151,Albano Olivetti,Olivetti v S Napolitano,10,2016-11-09 22:41:16.953,1.74,2016-11-10 14:30:00,
1.128147729,6179151,Albano Olivetti,Olivetti v S Napolitano,20,2016-11-09 22:41:37.895,1.6,2016-11-10 14:30:00,
1.128147729,6179151,Albano Olivetti,Olivetti v S Napolitano,30,2016-11-09 23:24:14.390,1.67,2016-11-10 14:30:00,
1.128147729,6179151,Albano Olivetti,Olivetti v S Napolitano,40,2016-11-10 08:00:13.889,1.57,2016-11-10 14:30:00,
1.128147729,6179151,Albano Olivetti,Olivetti v S Napolitano,50,2016-11-10 08:52:38.132,1.59,2016-11-10 14:30:00,
1.128147729,6179151,Albano Olivetti,Olivetti v S Napolitano,60,2016-11-10 10:35:16.521,1.66,2016-11-10 14:30:00,
1.128147729,6179151,Albano Olivetti,Olivetti v S Napolitano,70,2016-11-10 11:45:18.421,1.78,2016-11-10 14:30:00,
1.128147729,6179151,Albano Olivetti,Olivetti v S Napolitano,80,2016-11-10 12:00:11.668,1.66,2016-11-10 14:30:00,
1.128147729,6179151,Albano Olivetti,Olivetti v S Napolitano,90,2016-11-10 12:46:10.690,1.7,2016-11-10 14:21:00,
1.128147729,6179151,Albano Olivetti,Olivetti v S Napolitano,100,2016-11-10 14:13:14.745,1.7,2016-11-10 14:21:00,
1.128148308,4490590,Joao Souza,Souza v Ghem,0,2016-11-09 06:59:59.891,1.88,2016-11-09 17:00:00,
1.128148308,4490590,Joao Souza,Souza v Ghem,10,2016-11-09 10:32:29.753,1.75,2016-11-09 17:00:00,
1.128148308,4490590,Joao Souza,Souza v Ghem,20,2016-11-09 14:08:03.374,1.75,2016-11-09 17:00:00,
1.128148308,4490590,Joao Souza,Souza v Ghem,30,2016-11-09 14:38:06.459,1.8,2016-11-09 17:00:00,
1.128148308,4490590,Joao Souza,Souza v Ghem,40,2016-11-09 15:19:58.843,1.85,2016-11-09 16:51:00,
1.128148308,4490590,Joao Souza,Souza v Ghem,50,2016-11-09 15:36:04.339,1.79,2016-11-09 16:51:00,
1.128148308,4490590,Joao Souza,Souza v Ghem,60,2016-11-09 16:03:05.983,1.93,2016-11-09 16:51:00,
1.128148308,4490590,Joao Souza,Souza v Ghem,70,2016-11-09 16:05:06.682,1.88,2016-11-09 16:51:00,
1.128148308,4490590,Joao Souza,Souza v Ghem,80,2016-11-09 16:07:05.387,1.84,2016-11-09 16:51:00,
1.128148308,4490590,Joao Souza,Souza v Ghem,90,2016-11-09 16:10:06.369,1.79,2016-11-09 16:51:00,
1.128148308,4490590,Joao Souza,Souza v Ghem,100,2016-11-09 16:21:58.425,1.75,2016-11-09 16:51:00,
1.128148457,3772081,Yuki Bhambri,Y Bhambri v Mmoh,0,2016-11-09 14:54:27.819,2.12,2016-11-09 18:30:00,
1.128148457,3772081,Yuki Bhambri,Y Bhambri v Mmoh,10,2016-11-09 16:59:51.248,1.94,2016-11-09 18:34:00,
1.128148457,3772081,Yuki Bhambri,Y Bhambri v Mmoh,20,2016-11-09 17:12:49.516,2.0,2016-11-09 18:34:00,
1.128148457,3772081,Yuki Bhambri,Y Bhambri v Mmoh,30,2016-11-09 17:18:56.189,2.02,2016-11-09 18:34:00,
1.128148457,3772081,Yuki Bhambri,Y Bhambri v Mmoh,40,2016-11-09 17:34:54.144,2.0,2016-11-09 18:34:00,
1.128148457,3772081,Yuki Bhambri,Y Bhambri v Mmoh,50,2016-11-09 17:50:55.831,1.99,2016-11-09 18:34:00,
1.128148457,3772081,Yuki Bhambri,Y Bhambri v Mmoh,60,2016-11-09 18:04:56.200,1.98,2016-11-09 18:34:00,
1.128148457,3772081,Yuki Bhambri,Y Bhambri v Mmoh,70,2016-11-09 18:13:52.974,1.93,2016-11-09 18:34:00,
1.128148457,3772081,Yuki Bhambri,Y Bhambri v Mmoh,80,2016-11-09 18:25:00.570,2.02,2016-11-09 18:34:00,
1.128148457,3772081,Yuki Bhambri,Y Bhambri v Mmoh,90,2016-11-09 18:52:54.625,2.04,2016-11-09 19:04:00,
1.128148457,3772081,Yuki Bhambri,Y Bhambri v Mmoh,100,2016-11-09 18:57:06.409,2.04,2016-11-09 19:04:00,
1.128148457,8798905,Michael Mmoh,Y Bhambri v Mmoh,0,2016-11-09 14:54:27.819,1.89,2016-11-09 18:30:00,
1.128148457,8798905,Michael Mmoh,Y Bhambri v Mmoh,10,2016-11-09 16:31:46.263,1.88,2016-11-09 18:45:00,
1.128148457,8798905,Michael Mmoh,Y Bhambri v Mmoh,20,2016-11-09 16:54:55.046,1.9,2016-11-09 18:34:00,
1.128148457,8798905,Michael Mmoh,Y Bhambri v Mmoh,30,2016-11-09 17:04:56.401,2.04,2016-11-09 18:34:00,
1.128148457,8798905,Michael Mmoh,Y Bhambri v Mmoh,40,2016-11-09 17:09:51.439,2.02,2016-11-09 18:34:00,
1.128148457,8798905,Michael Mmoh,Y Bhambri v Mmoh,50,2016-11-09 17:34:54.144,1.99,2016-11-09 18:34:00,
1.128148457,8798905,Michael Mmoh,Y Bhambri v Mmoh,60,2016-11-09 17:52:55.919,1.99,2016-11-09 18:34:00,
1.128148457,8798905,Michael Mmoh,Y Bhambri v Mmoh,70,2016-11-09 18:02:53.496,2.0,2016-11-09 18:34:00,
1.128148457,8798905,Michael Mmoh,Y Bhambri v Mmoh,80,2016-11-09 18:08:53.799,2.04,2016-11-09 18:34:00,
1.128148457,8798905,Michael Mmoh,Y Bhambri v Mmoh,90,2016-11-09 18:14:54.291,2.06,2016-11-09 18:34:00,
1.128148457,8798905,Michael Mmoh,Y Bhambri v Mmoh,100,2016-11-09 18:58:54.152,1.96,2016-11-09 19:04:00,
1.128148588,5595356,Daniel Cox,D Cox v McDonald,0,2016-11-09 13:02:58.741,4.3,2016-11-09 15:00:00,
1.128148588,5595356,Daniel Cox,D Cox v McDonald,10,2016-11-09 13:04:03.793,4.4,2016-11-09 15:00:00,
1.128148588,5595356,Daniel Cox,D Cox v McDonald,20,2016-11-09 14:00:04.504,4.4,2016-11-09 15:00:00,
1.128148588,5595356,Daniel Cox,D Cox v McDonald,30,2016-11-09 14:03:04.610,4.7,2016-11-09 15:00:00,
1.128148588,5595356,Daniel Cox,D Cox v McDonald,40,2016-11-09 14:08:02.083,4.5,2016-11-09 15:00:00,
1.128148588,5595356,Daniel Cox,D Cox v McDonald,50,2016-11-09 14:11:03.360,4.1,2016-11-09 15:00:00,
1.128148588,5595356,Daniel Cox,D Cox v McDonald,60,2016-11-09 14:11:55.867,4.3,2016-11-09 15:00:00,
1.128148588,5595356,Daniel Cox,D Cox v McDonald,70,2016-11-09 14:13:57.495,4.4,2016-11-09 15:00:00,
1.128148588,5595356,Daniel Cox,D Cox v McDonald,80,2016-11-09 14:15:55.172,4.1,2016-11-09 15:00:00,
1.128148588,5595356,Daniel Cox,D Cox v McDonald,90,2016-11-09 14:27:47.726,4.1,2016-11-09 15:00:00,
1.128148588,5595356,Daniel Cox,D Cox v McDonald,100,2016-11-09 14:43:03.661,4.1,2016-11-09 15:00:00,
1.128148588,10691901,Mackenzie McDonald,D Cox v McDonald,0,2016-11-09 13:02:58.741,1.28,2016-11-09 15:00:00,
1.128148588,10691901,Mackenzie McDonald,D Cox v McDonald,10,2016-11-09 13:04:03.793,1.26,2016-11-09 15:00:00,
1.128148588,10691901,Mackenzie McDonald,D Cox v McDonald,20,2016-11-09 13:37:43.872,1.26,2016-11-09 15:00:00,
1.128148588,10691901,Mackenzie McDonald,D Cox v McDonald,30,2016-11-09 13:53:55.455,1.27,2016-11-09 15:00:00,
1.128148588,10691901,Mackenzie McDonald,D Cox v McDonald,40,2016-11-09 14:03:04.610,1.27,2016-11-09 15:00:00,
1.128148588,10691901,Mackenzie McDonald,D Cox v McDonald,50,2016-11-09 14:09:01.164,1.28,2016-11-09 15:00:00,
1.128148588,10691901,Mackenzie McDonald,D Cox v McDonald,60,2016-11-09 14:13:04.303,1.29,2016-11-09 15:00:00,
1.128148588,10691901,Mackenzie McDonald,D Cox v McDonald,70,2016-11-09 14:21:03.722,1.31,2016-11-09 15:00:00,
1.128148588,10691901,Mackenzie McDonald,D Cox v McDonald,80,2016-11-09 14:22:02.761,1.32,2016-11-09 15:00:00,
1.128148588,10691901,Mackenzie McDonald,D Cox v McDonald,90,2016-11-09 14:36:57.364,1.3,2016-11-09 15:00:00,
1.128148588,10691901,Mackenzie McDonald,D Cox v McDonald,100,2016-11-09 14:43:03.661,1.34,2016-11-09 15:00:00,
1.128148604,7287672,Arthur De Greef,Al Gomez v De Greef,0,2016-11-09 06:25:57.370,1.26,2016-11-09 15:00:00,
1.128148604,7287672,Arthur De Greef,Al Gomez v De Greef,10,2016-11-09 06:27:03.369,1.24,2016-11-09 15:00:00,
1.128148604,7287672,Arthur De Greef,Al Gomez v De Greef,20,2016-11-09 09:41:35.733,1.22,2016-11-09 15:00:00,
1.128148604,7287672,Arthur De Greef,Al Gomez v De Greef,30,2016-11-09 09:53:47.237,1.28,2016-11-09 15:00:00,
1.128148604,7287672,Arthur De Greef,Al Gomez v De Greef,40,2016-11-09 10:14:52.137,1.21,2016-11-09 15:00:00,
1.128148604,7287672,Arthur De Greef,Al Gomez v De Greef,50,2016-11-09 10:59:57.946,1.25,2016-11-09 15:00:00,
1.128148604,7287672,Arthur De Greef,Al Gomez v De Greef,60,2016-11-09 12:55:24.485,1.21,2016-11-09 15:00:00,
1.128148604,7287672,Arthur De Greef,Al Gomez v De Greef,70,2016-11-09 13:01:03.035,1.25,2016-11-09 15:00:00,
1.128148604,7287672,Arthur De Greef,Al Gomez v De Greef,80,2016-11-09 14:11:48.619,1.26,2016-11-09 15:00:00,
1.128148604,7287672,Arthur De Greef,Al Gomez v De Greef,90,2016-11-09 14:12:59.802,1.29,2016-11-09 15:00:00,
1.128148604,7287672,Arthur De Greef,Al Gomez v De Greef,100,2016-11-09 14:40:04.006,1.25,2016-11-09 15:00:00,
1.128148644,8173023,Norbert Gombos,Gombos v Stebe,0,2016-11-10 00:14:52.617,1.49,2016-11-10 17:00:00,
1.128148644,8173023,Norbert Gombos,Gombos v Stebe,10,2016-11-10 03:27:57.046,1.45,2016-11-10 17:00:00,
1.128148644,8173023,Norbert Gombos,Gombos v Stebe,20,2016-11-10 08:34:31.476,1.48,2016-11-10 17:00:00,
1.128148644,8173023,Norbert Gombos,Gombos v Stebe,30,2016-11-10 09:11:28.956,1.49,2016-11-10 17:00:00,
1.128148644,8173023,Norbert Gombos,Gombos v Stebe,40,2016-11-10 10:26:50.610,1.55,2016-11-10 17:00:00,
1.128148644,8173023,Norbert Gombos,Gombos v Stebe,50,2016-11-10 11:58:53.943,1.54,2016-11-10 17:00:00,
1.128148644,8173023,Norbert Gombos,Gombos v Stebe,60,2016-11-10 13:00:44.208,1.49,2016-11-10 17:00:00,
1.128148644,8173023,Norbert Gombos,Gombos v Stebe,70,2016-11-10 15:44:28.815,1.51,2016-11-10 17:27:00,
1.128148644,8173023,Norbert Gombos,Gombos v Stebe,80,2016-11-10 15:50:02.235,1.55,2016-11-10 17:27:00,
1.128148644,8173023,Norbert Gombos,Gombos v Stebe,90,2016-11-10 16:32:42.912,1.51,2016-11-10 17:27:00,
1.128148644,8173023,Norbert Gombos,Gombos v Stebe,100,2016-11-10 17:02:04.435,1.53,2016-11-10 17:27:00,
1.128148644,9624854,Cedrik-Marcel Stebe,Gombos v Stebe,0,2016-11-10 09:55:45.632,2.82,2016-11-10 17:00:00,
1.128148644,9624854,Cedrik-Marcel Stebe,Gombos v Stebe,10,2016-11-10 10:41:36.678,2.8,2016-11-10 17:00:00,
1.128148644,9624854,Cedrik-Marcel Stebe,Gombos v Stebe,20,2016-11-10 11:06:23.363,2.74,2016-11-10 17:00:00,
1.128148644,9624854,Cedrik-Marcel Stebe,Gombos v Stebe,30,2016-11-10 11:43:21.754,2.82,2016-11-10 17:00:00,
1.128148644,9624854,Cedrik-Marcel Stebe,Gombos v Stebe,40,2016-11-10 15:48:59.356,2.92,2016-11-10 17:27:00,
1.128148644,9624854,Cedrik-Marcel Stebe,Gombos v Stebe,50,2016-11-10 15:50:02.235,2.8,2016-11-10 17:27:00,
1.128148644,9624854,Cedrik-Marcel Stebe,Gombos v Stebe,60,2016-11-10 16:36:03.464,2.98,2016-11-10 17:27:00,
1.128148644,9624854,Cedrik-Marcel Stebe,Gombos v Stebe,70,2016-11-10 16:49:53.478,2.84,2016-11-10 17:27:00,
1.128148644,9624854,Cedrik-Marcel Stebe,Gombos v Stebe,80,2016-11-10 16:50:33.749,2.82,2016-11-10 17:27:00,
1.128148644,9624854,Cedrik-Marcel Stebe,Gombos v Stebe,90,2016-11-10 16:53:01.480,3.0,2016-11-10 17:27:00,
1.128148644,9624854,Cedrik-Marcel Stebe,Gombos v Stebe,100,2016-11-10 17:02:55.938,2.82,2016-11-10 17:27:00,
1.128149352,4195870,Marius Copil,Copil v Kudryavtsev,0,2016-11-10 04:18:39.698,1.43,2016-11-10 12:00:00,
1.128149352,4195870,Marius Copil,Copil v Kudryavtsev,10,2016-11-10 08:12:06.823,1.52,2016-11-10 12:00:00,
1.128149352,4195870,Marius Copil,Copil v Kudryavtsev,20,2016-11-10 09:32:30.336,1.5,2016-11-10 12:00:00,
1.128149352,4195870,Marius Copil,Copil v Kudryavtsev,30,2016-11-10 10:20:59.981,1.44,2016-11-10 12:00:00,
1.128149352,4195870,Marius Copil,Copil v Kudryavtsev,40,2016-11-10 10:29:06.538,1.42,2016-11-10 12:00:00,
1.128149352,4195870,Marius Copil,Copil v Kudryavtsev,50,2016-11-10 11:26:48.214,1.4,2016-11-10 12:00:00,
1.128149352,4195870,Marius Copil,Copil v Kudryavtsev,60,2016-11-10 11:41:02.629,1.42,2016-11-10 12:00:00,
1.128149352,4195870,Marius Copil,Copil v Kudryavtsev,70,2016-11-10 11:52:49.132,1.41,2016-11-10 12:00:00,
1.128149352,4195870,Marius Copil,Copil v Kudryavtsev,80,2016-11-10 11:55:59.986,1.4,2016-11-10 12:00:00,
1.128149352,4195870,Marius Copil,Copil v Kudryavtsev,90,2016-11-10 12:04:53.409,1.42,2016-11-10 12:15:00,
1.128149352,4195870,Marius Copil,Copil v Kudryavtsev,100,2016-11-10 12:29:56.430,1.4,2016-11-10 12:45:00,
1.128149352,5908538,Alexander Kudryavtsev,Copil v Kudryavtsev,0,2016-11-10 04:18:39.698,3.3,2016-11-10 12:00:00,
1.128149352,5908538,Alexander Kudryavtsev,Copil v Kudryavtsev,10,2016-11-10 07:44:53.793,3.0,2016-11-10 12:00:00,
1.128149352,5908538,Alexander Kudryavtsev,Copil v Kudryavtsev,20,2016-11-10 08:27:38.561,3.0,2016-11-10 12:00:00,
1.128149352,5908538,Alexander Kudryavtsev,Copil v Kudryavtsev,30,2016-11-10 10:03:59.365,3.2,2016-11-10 12:00:00,
1.128149352,5908538,Alexander Kudryavtsev,Copil v Kudryavtsev,40,2016-11-10 10:19:58.383,3.25,2016-11-10 12:00:00,
1.128149352,5908538,Alexander Kudryavtsev,Copil v Kudryavtsev,50,2016-11-10 10:27:04.473,3.5,2016-11-10 12:00:00,
1.128149352,5908538,Alexander Kudryavtsev,Copil v Kudryavtsev,60,2016-11-10 11:41:02.629,3.35,2016-11-10 12:00:00,
1.128149352,5908538,Alexander Kudryavtsev,Copil v Kudryavtsev,70,2016-11-10 11:59:03.740,3.35,2016-11-10 12:15:00,
1.128149352,5908538,Alexander Kudryavtsev,Copil v Kudryavtsev,80,2016-11-10 12:03:58.320,3.15,2016-11-10 12:15:00,
1.128149352,5908538,Alexander Kudryavtsev,Copil v Kudryavtsev,90,2016-11-10 12:10:06.062,3.15,2016-11-10 12:15:00,
1.128149352,5908538,Alexander Kudryavtsev,Copil v Kudryavtsev,100,2016-11-10 12:29:56.430,3.4,2016-11-10 12:45:00,
1.128149499,6297238,Inigo Cervantes,Cervantes v Romboli,0,2016-11-09 08:08:05.606,1.2,2016-11-09 17:00:00,
1.128149499,6297238,Inigo Cervantes,Cervantes v Romboli,10,2016-11-09 09:13:34.675,1.17,2016-11-09 17:00:00,
1.128149499,6297238,Inigo Cervantes,Cervantes v Romboli,20,2016-11-09 15:25:03.652,1.18,2016-11-09 16:52:00,
1.128149499,6297238,Inigo Cervantes,Cervantes v Romboli,30,2016-11-09 15:27:03.720,1.17,2016-11-09 16:52:00,
1.128149499,6297238,Inigo Cervantes,Cervantes v Romboli,40,2016-11-09 15:51:02.012,1.16,2016-11-09 16:52:00,
1.128149499,6297238,Inigo Cervantes,Cervantes v Romboli,50,2016-11-09 16:04:02.961,1.15,2016-11-09 16:52:00,
1.128149499,6297238,Inigo Cervantes,Cervantes v Romboli,60,2016-11-09 16:37:02.293,1.17,2016-11-09 16:52:00,
1.128149499,6297238,Inigo Cervantes,Cervantes v Romboli,70,2016-11-09 16:38:59.534,1.15,2016-11-09 16:52:00,
1.128149499,6297238,Inigo Cervantes,Cervantes v Romboli,80,2016-11-09 16:39:35.003,1.14,2016-11-09 16:52:00,
1.128149499,6297238,Inigo Cervantes,Cervantes v Romboli,90,2016-11-09 17:25:00.721,1.16,2016-11-09 17:37:00,
1.128149499,6297238,Inigo Cervantes,Cervantes v Romboli,100,2016-11-09 17:36:01.064,1.15,2016-11-09 17:37:00,
1.128149543,10252645,Arevalo/Galdos,Arevalo/Galdos v De Greef/Mena,0,2016-11-09 18:41:03.019,1.22,2016-11-09 18:45:00,
1.128149543,10252645,Arevalo/Galdos,Arevalo/Galdos v De Greef/Mena,10,2016-11-09 18:42:00.631,1.2,2016-11-09 18:45:00,
1.128149543,10252645,Arevalo/Galdos,Arevalo/Galdos v De Greef/Mena,20,2016-11-09 18:42:59.933,1.18,2016-11-09 18:45:00,
1.128149543,10252645,Arevalo/Galdos,Arevalo/Galdos v De Greef/Mena,30,2016-11-09 18:43:59.372,1.16,2016-11-09 19:00:00,
1.128149543,10252645,Arevalo/Galdos,Arevalo/Galdos v De Greef/Mena,40,2016-11-09 18:53:05.609,1.18,2016-11-09 19:00:00,
1.128149543,10252645,Arevalo/Galdos,Arevalo/Galdos v De Greef/Mena,50,2016-11-09 18:54:04.045,1.19,2016-11-09 19:00:00,
1.128149543,10252645,Arevalo/Galdos,Arevalo/Galdos v De Greef/Mena,60,2016-11-09 18:54:56.631,1.2,2016-11-09 19:00:00,
1.128149543,10252645,Arevalo/Galdos,Arevalo/Galdos v De Greef/Mena,70,2016-11-09 18:59:04.600,1.22,2016-11-09 19:15:00,
1.128149543,10252645,Arevalo/Galdos,Arevalo/Galdos v De Greef/Mena,80,2016-11-09 19:04:05.334,1.17,2016-11-09 19:15:00,
1.128149543,10252645,Arevalo/Galdos,Arevalo/Galdos v De Greef/Mena,90,2016-11-09 19:07:05.641,1.19,2016-11-09 19:15:00,
1.128149543,10252645,Arevalo/Galdos,Arevalo/Galdos v De Greef/Mena,100,2016-11-09 19:07:57.356,1.2,2016-11-09 19:15:00,
1.12814957,585761,Julien Benneteau,Skugor v J Benneteau,0,2016-11-10 06:51:06.888,1.26,2016-11-10 17:30:00,
1.12814957,585761,Julien Benneteau,Skugor v J Benneteau,10,2016-11-10 10:10:37.558,1.24,2016-11-10 17:30:00,
1.12814957,585761,Julien Benneteau,Skugor v J Benneteau,20,2016-11-10 12:50:35.518,1.25,2016-11-10 17:30:00,
1.12814957,585761,Julien Benneteau,Skugor v J Benneteau,30,2016-11-10 15:26:52.598,1.23,2016-11-10 17:30:00,
1.12814957,585761,Julien Benneteau,Skugor v J Benneteau,40,2016-11-10 16:52:50.811,1.23,2016-11-10 17:30:00,
1.12814957,585761,Julien Benneteau,Skugor v J Benneteau,50,2016-11-10 17:22:39.425,1.23,2016-11-10 17:30:00,
1.12814957,585761,Julien Benneteau,Skugor v J Benneteau,60,2016-11-10 17:31:20.161,1.23,2016-11-10 17:45:00,
1.12814957,585761,Julien Benneteau,Skugor v J Benneteau,70,2016-11-10 17:46:57.064,1.23,2016-11-10 18:00:00,
1.12814957,585761,Julien Benneteau,Skugor v J Benneteau,80,2016-11-10 17:54:35.697,1.23,2016-11-10 18:00:00,
1.12814957,585761,Julien Benneteau,Skugor v J Benneteau,90,2016-11-10 18:08:36.685,1.24,2016-11-10 18:15:00,
1.12814957,585761,Julien Benneteau,Skugor v J Benneteau,100,2016-11-10 18:12:29.920,1.24,2016-11-10 18:15:00,
1.128149965,7413423,Jared Donaldson,J Donaldson v R Williams,0,2016-11-09 11:27:53.277,1.29,2016-11-10 12:00:00,
1.128149965,7413423,Jared Donaldson,J Donaldson v R Williams,10,2016-11-09 23:19:50.328,1.28,2016-11-10 12:00:00,
1.128149965,7413423,Jared Donaldson,J Donaldson @ R Williams,20,2016-11-10 09:57:54.988,1.25,2016-11-11 00:00:00,
1.128149965,7413423,Jared Donaldson,J Donaldson @ R Williams,30,2016-11-10 11:29:47.718,1.26,2016-11-11 00:00:00,
1.128149965,7413423,Jared Donaldson,J Donaldson @ R Williams,40,2016-11-10 20:11:54.813,1.28,2016-11-11 00:00:00,
1.128149965,7413423,Jared Donaldson,J Donaldson @ R Williams,50,2016-11-10 22:02:43.560,1.26,2016-11-11 00:00:00,
1.128149965,7413423,Jared Donaldson,J Donaldson @ R Williams,60,2016-11-10 22:13:00.581,1.27,2016-11-11 00:00:00,
1.128149965,7413423,Jared Donaldson,J Donaldson @ R Williams,70,2016-11-10 23:06:57.418,1.24,2016-11-11 00:00:00,
1.128149965,7413423,Jared Donaldson,J Donaldson @ R Williams,80,2016-11-10 23:16:51.434,1.25,2016-11-11 00:00:00,
1.128149965,7413423,Jared Donaldson,J Donaldson @ R Williams,90,2016-11-10 23:53:55.222,1.25,2016-11-11 00:00:00,
1.128149965,7413423,Jared Donaldson,J Donaldson @ R Williams,100,2016-11-10 23:58:01.409,1.22,2016-11-11 00:00:00,
1.12815036,6064287,James Duckworth,Jo Smith v Duckworth,0,2016-11-09 09:35:21.022,1.75,2016-11-10 02:00:00,
1.12815036,6064287,James Duckworth,Jo Smith v Duckworth,10,2016-11-09 23:36:56.732,1.63,2016-11-10 02:00:00,
1.12815036,6064287,James Duckworth,Jo Smith v Duckworth,20,2016-11-09 23:45:50.457,1.6,2016-11-10 02:00:00,
1.12815036,6064287,James Duckworth,Jo Smith v Duckworth,30,2016-11-09 23:50:44.829,1.51,2016-11-10 02:00:00,
1.12815036,6064287,James Duckworth,Jo Smith v Duckworth,40,2016-11-09 23:57:54.956,1.51,2016-11-10 02:00:00,
1.12815036,6064287,James Duckworth,Jo Smith v Duckworth,50,2016-11-10 00:11:52.405,1.53,2016-11-10 02:00:00,
1.12815036,6064287,James Duckworth,Jo Smith v Duckworth,60,2016-11-10 00:18:53.869,1.58,2016-11-10 02:00:00,
1.12815036,6064287,James Duckworth,Jo Smith v Duckworth,70,2016-11-10 00:23:40.893,1.57,2016-11-10 02:00:00,
1.12815036,6064287,James Duckworth,Jo Smith v Duckworth,80,2016-11-10 00:30:39.856,1.58,2016-11-10 02:00:00,
1.12815036,6064287,James Duckworth,Jo Smith v Duckworth,90,2016-11-10 00:52:42.796,1.58,2016-11-10 02:00:00,
1.12815036,6064287,James Duckworth,Jo Smith v Duckworth,100,2016-11-10 01:57:57.131,1.55,2016-11-10 02:00:00,
1.128150536,7690576,Hyeon Chung,Hy Chung v Yo Nishioka,0,2016-11-10 07:33:22.443,1.65,2016-11-11 07:00:00,
1.128150536,7690576,Hyeon Chung,Hy Chung v Yo Nishioka,10,2016-11-10 19:11:54.446,1.78,2016-11-11 07:00:00,
1.128150536,7690576,Hyeon Chung,Hy Chung v Yo Nishioka,20,2016-11-10 19:42:10.663,1.66,2016-11-11 07:00:00,
1.128150536,7690576,Hyeon Chung,Hy Chung v Yo Nishioka,30,2016-11-10 21:31:23.710,1.72,2016-11-11 07:00:00,
1.128150536,7690576,Hyeon Chung,Hy Chung v Yo Nishioka,40,2016-11-11 00:11:43.098,1.76,2016-11-11 07:00:00,
1.128150536,7690576,Hyeon Chung,Hy Chung v Yo Nishioka,50,2016-11-11 00:12:42.441,1.85,2016-11-11 07:00:00,
1.128150536,7690576,Hyeon Chung,Hy Chung v Yo Nishioka,60,2016-11-11 00:47:28.647,1.83,2016-11-11 07:00:00,
1.128150536,7690576,Hyeon Chung,Hy Chung v Yo Nishioka,70,2016-11-11 00:57:51.719,1.75,2016-11-11 07:00:00,
1.128150536,7690576,Hyeon Chung,Hy Chung v Yo Nishioka,80,2016-11-11 01:10:09.774,1.85,2016-11-11 07:00:00,
1.128150536,7690576,Hyeon Chung,Hy Chung v Yo Nishioka,90,2016-11-11 01:11:08.054,1.7,2016-11-11 07:00:00,
1.128150536,7690576,Hyeon Chung,Hy Chung v Yo Nishioka,100,2016-11-11 05:22:39.149,1.7,2016-11-11 05:58:00,
1.128155229,5829494,Alessandro Giannessi,Giannessi v Menendez-Maceiras,0,2016-11-10 06:38:28.390,1.7,2016-11-10 12:30:00,
1.128155229,5829494,Alessandro Giannessi,Giannessi v Menendez-Maceiras,10,2016-11-10 10:57:14.555,1.79,2016-11-10 12:30:00,
1.128155229,5829494,Alessandro Giannessi,Giannessi v Menendez-Maceiras,20,2016-11-10 11:03:20.867,1.9,2016-11-10 12:30:00,
1.128155229,5829494,Alessandro Giannessi,Giannessi v Menendez-Maceiras,30,2016-11-10 11:11:22.703,1.88,2016-11-10 12:30:00,
1.128155229,5829494,Alessandro Giannessi,Giannessi v Menendez-Maceiras,40,2016-11-10 11:13:18.716,1.88,2016-11-10 12:30:00,
1.128155229,5829494,Alessandro Giannessi,Giannessi v Menendez-Maceiras,50,2016-11-10 11:20:28.926,1.89,2016-11-10 12:30:00,
1.128155229,5829494,Alessandro Giannessi,Giannessi v Menendez-Maceiras,60,2016-11-10 11:23:21.105,1.96,2016-11-10 12:30:00,
1.128155229,5829494,Alessandro Giannessi,Giannessi v Menendez-Maceiras,70,2016-11-10 11:44:14.367,1.83,2016-11-10 12:30:00,
1.128155229,5829494,Alessandro Giannessi,Giannessi v Menendez-Maceiras,80,2016-11-10 12:04:24.085,1.85,2016-11-10 12:30:00,
1.128155229,5829494,Alessandro Giannessi,Giannessi v Menendez-Maceiras,90,2016-11-10 12:09:45.204,1.82,2016-11-10 12:30:00,
1.128155229,5829494,Alessandro Giannessi,Giannessi v Menendez-Maceiras,100,2016-11-10 12:18:28.318,1.78,2016-11-10 12:30:00,
1.128155229,9128710,Adrian Menendez-Maceira,Giannessi v Menendez-Maceiras,0,2016-11-10 06:38:28.390,2.42,2016-11-10 12:30:00,
1.128155229,9128710,Adrian Menendez-Maceira,Giannessi v Menendez-Maceiras,10,2016-11-10 07:36:22.641,2.18,2016-11-10 12:30:00,
1.128155229,9128710,Adrian Menendez-Maceira,Giannessi v Menendez-Maceiras,20,2016-11-10 10:30:12.865,2.16,2016-11-10 12:30:00,
1.128155229,9128710,Adrian Menendez-Maceira,Giannessi v Menendez-Maceiras,30,2016-11-10 10:59:27.341,2.12,2016-11-10 12:30:00,
1.128155229,9128710,Adrian Menendez-Maceira,Giannessi v Menendez-Maceiras,40,2016-11-10 11:03:20.867,2.12,2016-11-10 12:30:00,
1.128155229,9128710,Adrian Menendez-Maceira,Giannessi v Menendez-Maceiras,50,2016-11-10 11:06:22.147,2.14,2016-11-10 12:30:00,
1.128155229,9128710,Adrian Menendez-Maceira,Giannessi v Menendez-Maceiras,60,2016-11-10 11:11:22.703,2.12,2016-11-10 12:30:00,
1.128155229,9128710,Adrian Menendez-Maceira,Giannessi v Menendez-Maceiras,70,2016-11-10 11:20:28.926,2.1,2016-11-10 12:30:00,
1.128155229,9128710,Adrian Menendez-Maceira,Giannessi v Menendez-Maceiras,80,2016-11-10 11:44:14.367,2.2,2016-11-10 12:30:00,
1.128155229,9128710,Adrian Menendez-Maceira,Giannessi v Menendez-Maceiras,90,2016-11-10 12:03:28.842,2.18,2016-11-10 12:30:00,
1.128155229,9128710,Adrian Menendez-Maceira,Giannessi v Menendez-Maceiras,100,2016-11-10 12:13:25.798,2.22,2016-11-10 12:30:00,
1.128155796,7534093,Lorenzo Giustino,Lamasine v Giustino,0,2016-11-09 17:49:55.107,2.56,2016-11-10 10:00:00,
1.128155796,7534093,Lorenzo Giustino,Lamasine v Giustino,10,2016-11-10 08:17:19.644,2.8,2016-11-10 10:00:00,
1.128155796,7534093,Lorenzo Giustino,Lamasine v Giustino,20,2016-11-10 08:57:21.614,2.8,2016-11-10 10:00:00,
1.128155796,7534093,Lorenzo Giustino,Lamasine v Giustino,30,2016-11-10 09:08:17.005,2.82,2016-11-10 10:00:00,
1.128155796,7534093,Lorenzo Giustino,Lamasine v Giustino,40,2016-11-10 09:23:23.710,3.05,2016-11-10 10:00:00,
1.128155796,7534093,Lorenzo Giustino,Lamasine v Giustino,50,2016-11-10 09:31:17.346,3.1,2016-11-10 10:00:00,
1.128155796,7534093,Lorenzo Giustino,Lamasine v Giustino,60,2016-11-10 09:37:19.483,3.5,2016-11-10 10:00:00,
1.128155796,7534093,Lorenzo Giustino,Lamasine v Giustino,70,2016-11-10 09:44:23.303,3.15,2016-11-10 10:00:00,
1.128155796,7534093,Lorenzo Giustino,Lamasine v Giustino,80,2016-11-10 09:45:23.216,3.2,2016-11-10 10:00:00,
1.128155796,7534093,Lorenzo Giustino,Lamasine v Giustino,90,2016-11-10 09:47:24.907,3.25,2016-11-10 10:00:00,
1.128155796,7534093,Lorenzo Giustino,Lamasine v Giustino,100,2016-11-10 09:50:22.038,3.15,2016-11-10 10:00:00,
1.128155796,8428332,Tristan Lamasine,Lamasine v Giustino,0,2016-11-09 17:49:55.107,1.65,2016-11-10 10:00:00,
1.128155796,8428332,Tristan Lamasine,Lamasine v Giustino,10,2016-11-10 04:17:15.121,1.54,2016-11-10 10:00:00,
1.128155796,8428332,Tristan Lamasine,Lamasine v Giustino,20,2016-11-10 07:07:57.005,1.58,2016-11-10 10:00:00,
1.128155796,8428332,Tristan Lamasine,Lamasine v Giustino,30,2016-11-10 08:46:01.999,1.62,2016-11-10 10:00:00,
1.128155796,8428332,Tristan Lamasine,Lamasine v Giustino,40,2016-11-10 09:10:59.235,1.54,2016-11-10 10:00:00,
1.128155796,8428332,Tristan Lamasine,Lamasine v Giustino,50,2016-11-10 09:22:11.082,1.52,2016-11-10 10:00:00,
1.128155796,8428332,Tristan Lamasine,Lamasine v Giustino,60,2016-11-10 09:27:17.240,1.4,2016-11-10 10:00:00,
1.128155796,8428332,Tristan Lamasine,Lamasine v Giustino,70,2016-11-10 09:30:17.249,1.42,2016-11-10 10:00:00,
1.128155796,8428332,Tristan Lamasine,Lamasine v Giustino,80,2016-11-10 09:37:19.483,1.4,2016-11-10 10:00:00,
1.128155796,8428332,Tristan Lamasine,Lamasine v Giustino,90,2016-11-10 09:47:24.907,1.46,2016-11-10 10:00:00,
1.128155796,8428332,Tristan Lamasine,Lamasine v Giustino,100,2016-11-10 09:52:22.219,1.44,2016-11-10 10:00:00,
1.128157276,7287667,Calvin Hemery,Rublev v Calvin Hemery,0,2016-11-10 08:14:09.077,2.38,2016-11-10 12:00:00,
1.128157276,7287667,Calvin Hemery,Rublev v Calvin Hemery,10,2016-11-10 08:59:17.153,2.3,2016-11-10 12:00:00,
1.128157276,7287667,Calvin Hemery,Rublev v Calvin Hemery,20,2016-11-10 10:33:24.098,2.52,2016-11-10 11:51:00,
1.128157276,7287667,Calvin Hemery,Rublev v Calvin Hemery,30,2016-11-10 10:37:13.383,2.4,2016-11-10 11:51:00,
1.128157276,7287667,Calvin Hemery,Rublev v Calvin Hemery,40,2016-11-10 10:48:23.154,2.58,2016-11-10 11:51:00,
1.128157276,7287667,Calvin Hemery,Rublev v Calvin Hemery,50,2016-11-10 11:20:15.398,2.66,2016-11-10 11:51:00,
1.128157276,7287667,Calvin Hemery,Rublev v Calvin Hemery,60,2016-11-10 11:23:06.236,2.62,2016-11-10 11:51:00,
1.128157276,7287667,Calvin Hemery,Rublev v Calvin Hemery,70,2016-11-10 11:32:21.764,2.46,2016-11-10 11:51:00,
1.128157276,7287667,Calvin Hemery,Rublev v Calvin Hemery,80,2016-11-10 11:38:16.083,2.64,2016-11-10 11:51:00,
1.128157276,7287667,Calvin Hemery,Rublev v Calvin Hemery,90,2016-11-10 11:42:24.134,2.5,2016-11-10 11:51:00,
1.128157276,7287667,Calvin Hemery,Rublev v Calvin Hemery,100,2016-11-10 11:45:23.612,2.58,2016-11-10 11:46:00,
1.128157276,7797771,Andrey Rublev,Rublev v Calvin Hemery,0,2016-11-10 04:18:15.796,1.61,2016-11-10 12:00:00,
1.128157276,7797771,Andrey Rublev,Rublev v Calvin Hemery,10,2016-11-10 08:59:17.153,1.77,2016-11-10 12:00:00,
1.128157276,7797771,Andrey Rublev,Rublev v Calvin Hemery,20,2016-11-10 09:37:09.104,1.7,2016-11-10 12:00:00,
1.128157276,7797771,Andrey Rublev,Rublev v Calvin Hemery,30,2016-11-10 10:33:24.098,1.66,2016-11-10 11:51:00,
1.128157276,7797771,Andrey Rublev,Rublev v Calvin Hemery,40,2016-11-10 10:45:22.084,1.66,2016-11-10 11:51:00,
1.128157276,7797771,Andrey Rublev,Rublev v Calvin Hemery,50,2016-11-10 11:06:46.246,1.61,2016-11-10 11:51:00,
1.128157276,7797771,Andrey Rublev,Rublev v Calvin Hemery,60,2016-11-10 11:20:15.398,1.6,2016-11-10 11:51:00,
1.128157276,7797771,Andrey Rublev,Rublev v Calvin Hemery,70,2016-11-10 11:33:16.844,1.68,2016-11-10 11:51:00,
1.128157276,7797771,Andrey Rublev,Rublev v Calvin Hemery,80,2016-11-10 11:38:16.083,1.61,2016-11-10 11:51:00,
1.128157276,7797771,Andrey Rublev,Rublev v Calvin Hemery,90,2016-11-10 11:42:24.134,1.67,2016-11-10 11:51:00,
1.128157276,7797771,Andrey Rublev,Rublev v Calvin Hemery,100,2016-11-10 11:45:23.612,1.61,2016-11-10 11:46:00,
1.128161923,6603898,Radu Albot,Albot v De Minaur,0,2016-11-10 07:37:40.866,1.45,2016-11-10 14:00:00,
1.128161923,6603898,Radu Albot,Albot v De Minaur,10,2016-11-10 10:01:24.825,1.51,2016-11-10 13:51:00,
1.128161923,6603898,Radu Albot,Albot v De Minaur,20,2016-11-10 10:58:28.544,1.47,2016-11-10 13:51:00,
1.128161923,6603898,Radu Albot,Albot v De Minaur,30,2016-11-10 11:34:49.025,1.48,2016-11-10 13:51:00,
1.128161923,6603898,Radu Albot,Albot v De Minaur,40,2016-11-10 11:45:31.400,1.5,2016-11-10 13:46:00,
1.128161923,6603898,Radu Albot,Albot v De Minaur,50,2016-11-10 12:11:51.882,1.56,2016-11-10 13:43:00,
1.128161923,6603898,Radu Albot,Albot v De Minaur,60,2016-11-10 12:15:33.104,1.55,2016-11-10 13:43:00,
1.128161923,6603898,Radu Albot,Albot v De Minaur,70,2016-11-10 12:17:34.765,1.56,2016-11-10 13:43:00,
1.128161923,6603898,Radu Albot,Albot v De Minaur,80,2016-11-10 12:24:12.707,1.61,2016-11-10 13:43:00,
1.128161923,6603898,Radu Albot,Albot v De Minaur,90,2016-11-10 13:07:25.491,1.54,2016-11-10 13:43:00,
1.128161923,6603898,Radu Albot,Albot v De Minaur,100,2016-11-10 13:12:00.244,1.57,2016-11-10 13:43:00,
1.128162617,2284304,Sergiy Stakhovsky,Stakhovsky v Istomin,0,2016-11-10 08:52:38.341,1.87,2016-11-10 15:00:00,
1.128162617,2284304,Sergiy Stakhovsky,Stakhovsky v Istomin,10,2016-11-10 11:32:36.892,1.9,2016-11-10 15:00:00,
1.128162617,2284304,Sergiy Stakhovsky,Stakhovsky v Istomin,20,2016-11-10 13:00:19.158,1.84,2016-11-10 15:00:00,
1.128162617,2284304,Sergiy Stakhovsky,Stakhovsky v Istomin,30,2016-11-10 13:26:07.579,1.88,2016-11-10 15:00:00,
1.128162617,2284304,Sergiy Stakhovsky,Stakhovsky v Istomin,40,2016-11-10 13:59:20.697,1.88,2016-11-10 15:00:00,
1.128162617,2284304,Sergiy Stakhovsky,Stakhovsky v Istomin,50,2016-11-10 14:42:23.099,1.85,2016-11-10 15:00:00,
1.128162617,2284304,Sergiy Stakhovsky,Stakhovsky v Istomin,60,2016-11-10 14:46:20.466,1.93,2016-11-10 15:00:00,
1.128162617,2284304,Sergiy Stakhovsky,Stakhovsky v Istomin,70,2016-11-10 14:54:11.984,1.82,2016-11-10 15:00:00,
1.128162617,2284304,Sergiy Stakhovsky,Stakhovsky v Istomin,80,2016-11-10 15:04:22.798,1.86,2016-11-10 15:15:00,
1.128162617,2284304,Sergiy Stakhovsky,Stakhovsky v Istomin,90,2016-11-10 15:14:22.523,1.87,2016-11-10 15:30:00,
1.128162617,2284304,Sergiy Stakhovsky,Stakhovsky v Istomin,100,2016-11-10 15:26:21.923,1.89,2016-11-10 15:30:00,
1.128162617,2765780,Denis Istomin,Stakhovsky v Istomin,0,2016-11-10 07:22:13.064,1.9,2016-11-10 15:00:00,
1.128162617,2765780,Denis Istomin,Stakhovsky v Istomin,10,2016-11-10 09:08:03.831,2.08,2016-11-10 15:00:00,
1.128162617,2765780,Denis Istomin,Stakhovsky v Istomin,20,2016-11-10 11:29:23.208,2.18,2016-11-10 15:00:00,
1.128162617,2765780,Denis Istomin,Stakhovsky v Istomin,30,2016-11-10 12:22:10.730,2.12,2016-11-10 15:00:00,
1.128162617,2765780,Denis Istomin,Stakhovsky v Istomin,40,2016-11-10 13:13:23.270,2.2,2016-11-10 15:00:00,
1.128162617,2765780,Denis Istomin,Stakhovsky v Istomin,50,2016-11-10 14:41:17.419,2.16,2016-11-10 15:00:00,
1.128162617,2765780,Denis Istomin,Stakhovsky v Istomin,60,2016-11-10 14:44:21.401,2.16,2016-11-10 15:00:00,
1.128162617,2765780,Denis Istomin,Stakhovsky v Istomin,70,2016-11-10 14:47:11.506,2.08,2016-11-10 15:00:00,
1.128162617,2765780,Denis Istomin,Stakhovsky v Istomin,80,2016-11-10 15:04:22.798,2.16,2016-11-10 15:15:00,
1.128162617,2765780,Denis Istomin,Stakhovsky v Istomin,90,2016-11-10 15:22:23.099,2.08,2016-11-10 15:30:00,
1.128162617,2765780,Denis Istomin,Stakhovsky v Istomin,100,2016-11-10 15:26:21.923,2.02,2016-11-10 15:30:00,
1.128162703,2863465,Blaz Kavcic,Kavcic v Krawietz,0,2016-11-10 07:35:21.379,1.2,2016-11-11 12:00:00,
1.128162703,2863465,Blaz Kavcic,Kavcic v Krawietz,10,2016-11-10 11:34:56.073,1.53,2016-11-11 12:00:00,
1.128162703,2863465,Blaz Kavcic,Kavcic v Krawietz,20,2016-11-11 03:04:54.122,1.53,2016-11-11 13:00:00,
1.128162703,2863465,Blaz Kavcic,Kavcic v Krawietz,30,2016-11-11 08:31:28.785,1.51,2016-11-11 13:00:00,
1.128162703,2863465,Blaz Kavcic,Kavcic v Krawietz,40,2016-11-11 08:34:34.297,1.5,2016-11-11 13:00:00,
1.128162703,2863465,Blaz Kavcic,Kavcic v Krawietz,50,2016-11-11 09:03:14.324,1.56,2016-11-11 13:00:00,
1.128162703,2863465,Blaz Kavcic,Kavcic v Krawietz,60,2016-11-11 09:29:13.927,1.56,2016-11-11 13:00:00,
1.128162703,2863465,Blaz Kavcic,Kavcic v Krawietz,70,2016-11-11 10:12:55.235,1.56,2016-11-11 13:00:00,
1.128162703,2863465,Blaz Kavcic,Kavcic v Krawietz,80,2016-11-11 10:28:46.873,1.55,2016-11-11 13:00:00,
1.128162703,2863465,Blaz Kavcic,Kavcic v Krawietz,90,2016-11-11 11:09:48.299,1.62,2016-11-11 12:44:00,
1.128162703,2863465,Blaz Kavcic,Kavcic v Krawietz,100,2016-11-11 12:03:23.161,1.6,2016-11-11 12:44:00,
1.12816277,5617034,Kenny De Schepper,Roger-Vasselin v K De Schepper,0,2016-11-10 08:52:38.449,1.79,2016-11-10 15:30:00,
1.12816277,5617034,Kenny De Schepper,Roger-Vasselin v K De Schepper,10,2016-11-10 11:58:45.565,1.87,2016-11-10 15:30:00,
1.12816277,5617034,Kenny De Schepper,Roger-Vasselin v K De Schepper,20,2016-11-10 13:50:29.818,1.91,2016-11-10 15:30:00,
1.12816277,5617034,Kenny De Schepper,Roger-Vasselin v K De Schepper,30,2016-11-10 13:59:27.275,2.0,2016-11-10 15:30:00,
1.12816277,5617034,Kenny De Schepper,Roger-Vasselin v K De Schepper,40,2016-11-10 14:47:29.533,1.84,2016-11-10 15:30:00,
1.12816277,5617034,Kenny De Schepper,Roger-Vasselin v K De Schepper,50,2016-11-10 14:54:22.267,1.83,2016-11-10 15:30:00,
1.12816277,5617034,Kenny De Schepper,Roger-Vasselin v K De Schepper,60,2016-11-10 14:59:27.689,1.82,2016-11-10 15:30:00,
1.12816277,5617034,Kenny De Schepper,Roger-Vasselin v K De Schepper,70,2016-11-10 15:22:23.747,1.83,2016-11-10 15:30:00,
1.12816277,5617034,Kenny De Schepper,Roger-Vasselin v K De Schepper,80,2016-11-10 15:41:21.989,1.82,2016-11-10 15:45:00,
1.12816277,5617034,Kenny De Schepper,Roger-Vasselin v K De Schepper,90,2016-11-10 15:55:03.763,1.83,2016-11-10 16:00:00,
1.12816277,5617034,Kenny De Schepper,Roger-Vasselin v K De Schepper,100,2016-11-10 15:59:25.934,1.81,2016-11-10 16:15:00,
1.12816277,8259187,Edouard Roger-Vasselin,Roger-Vasselin v K De Schepper,0,2016-11-10 07:57:06.646,2.18,2016-11-10 15:30:00,
1.12816277,8259187,Edouard Roger-Vasselin,Roger-Vasselin v K De Schepper,10,2016-11-10 11:47:29.439,2.12,2016-11-10 15:30:00,
1.12816277,8259187,Edouard Roger-Vasselin,Roger-Vasselin v K De Schepper,20,2016-11-10 12:38:30.043,2.1,2016-11-10 15:30:00,
1.12816277,8259187,Edouard Roger-Vasselin,Roger-Vasselin v K De Schepper,30,2016-11-10 13:42:20.780,2.02,2016-11-10 15:30:00,
1.12816277,8259187,Edouard Roger-Vasselin,Roger-Vasselin v K De Schepper,40,2016-11-10 13:49:26.759,2.1,2016-11-10 15:30:00,
1.12816277,8259187,Edouard Roger-Vasselin,Roger-Vasselin v K De Schepper,50,2016-11-10 14:32:30.147,1.95,2016-11-10 15:30:00,
1.12816277,8259187,Edouard Roger-Vasselin,Roger-Vasselin v K De Schepper,60,2016-11-10 14:46:27.490,2.18,2016-11-10 15:30:00,
1.12816277,8259187,Edouard Roger-Vasselin,Roger-Vasselin v K De Schepper,70,2016-11-10 14:49:28.753,2.22,2016-11-10 15:30:00,
1.12816277,8259187,Edouard Roger-Vasselin,Roger-Vasselin v K De Schepper,80,2016-11-10 15:04:50.931,2.22,2016-11-10 15:30:00,
1.12816277,8259187,Edouard Roger-Vasselin,Roger-Vasselin v K De Schepper,90,2016-11-10 15:24:52.926,2.22,2016-11-10 15:30:00,
1.12816277,8259187,Edouard Roger-Vasselin,Roger-Vasselin v K De Schepper,100,2016-11-10 15:58:29.274,2.22,2016-11-10 16:15:00,
1.128162892,3506037,Horacio Zeballos,M Arevalo v H Zeballos,0,2016-11-10 06:48:20.971,1.31,2016-11-10 15:00:00,
1.128162892,3506037,Horacio Zeballos,M Arevalo v H Zeballos,10,2016-11-10 08:52:38.449,1.3,2016-11-10 15:00:00,
1.128162892,3506037,Horacio Zeballos,M Arevalo v H Zeballos,20,2016-11-10 10:47:20.760,1.29,2016-11-10 15:00:00,
1.128162892,3506037,Horacio Zeballos,M Arevalo v H Zeballos,30,2016-11-10 12:38:39.615,1.35,2016-11-10 15:00:00,
1.128162892,3506037,Horacio Zeballos,M Arevalo v H Zeballos,40,2016-11-10 12:44:19.797,1.39,2016-11-10 15:00:00,
1.128162892,3506037,Horacio Zeballos,M Arevalo v H Zeballos,50,2016-11-10 13:35:34.407,1.32,2016-11-10 15:00:00,
1.128162892,3506037,Horacio Zeballos,M Arevalo v H Zeballos,60,2016-11-10 13:50:16.146,1.3,2016-11-10 15:00:00,
1.128162892,3506037,Horacio Zeballos,M Arevalo v H Zeballos,70,2016-11-10 14:30:31.874,1.39,2016-11-10 15:00:00,
1.128162892,3506037,Horacio Zeballos,M Arevalo v H Zeballos,80,2016-11-10 14:57:32.534,1.43,2016-11-10 15:00:00,
1.128162892,3506037,Horacio Zeballos,M Arevalo v H Zeballos,90,2016-11-10 14:58:19.006,1.42,2016-11-10 15:30:00,
1.128162892,3506037,Horacio Zeballos,M Arevalo v H Zeballos,100,2016-11-10 15:09:50.294,1.42,2016-11-10 15:30:00,
1.128163006,8494652,Adam Pavlasek,Pavlasek v Safwat,0,2016-11-09 20:10:19.041,1.25,2016-11-10 14:00:00,
1.128163006,8494652,Adam Pavlasek,Pavlasek v Safwat,10,2016-11-10 06:08:09.375,1.33,2016-11-10 14:00:00,
1.128163006,8494652,Adam Pavlasek,Pavlasek v Safwat,20,2016-11-10 08:51:33.752,1.25,2016-11-10 14:00:00,
1.128163006,8494652,Adam Pavlasek,Pavlasek v Safwat,30,2016-11-10 10:08:20.211,1.25,2016-11-10 14:00:00,
1.128163006,8494652,Adam Pavlasek,Pavlasek v Safwat,40,2016-11-10 10:51:19.897,1.25,2016-11-10 14:00:00,
1.128163006,8494652,Adam Pavlasek,Pavlasek v Safwat,50,2016-11-10 11:55:59.986,1.3,2016-11-10 14:00:00,
1.128163006,8494652,Adam Pavlasek,Pavlasek v Safwat,60,2016-11-10 12:22:13.419,1.31,2016-11-10 14:30:00,
1.128163006,8494652,Adam Pavlasek,Pavlasek v Safwat,70,2016-11-10 12:49:56.484,1.3,2016-11-10 14:31:00,
1.128163006,8494652,Adam Pavlasek,Pavlasek v Safwat,80,2016-11-10 13:00:33.706,1.3,2016-11-10 14:31:00,
1.128163006,8494652,Adam Pavlasek,Pavlasek v Safwat,90,2016-11-10 13:06:20.137,1.3,2016-11-10 14:31:00,
1.128163006,8494652,Adam Pavlasek,Pavlasek v Safwat,100,2016-11-10 13:51:17.500,1.29,2016-11-10 14:31:00,
1.128163078,2831873,Ruben Bemelmans,Bemelmans v N Rubin,0,2016-11-10 06:46:51.296,1.48,2016-11-10 15:00:00,
1.128163078,2831873,Ruben Bemelmans,Bemelmans v N Rubin,10,2016-11-10 07:22:15.968,1.56,2016-11-10 15:00:00,
1.128163078,2831873,Ruben Bemelmans,Bemelmans v N Rubin,20,2016-11-10 10:27:03.898,1.68,2016-11-10 15:00:00,
1.128163078,2831873,Ruben Bemelmans,Bemelmans v N Rubin,30,2016-11-10 12:26:39.063,1.58,2016-11-10 15:00:00,
1.128163078,2831873,Ruben Bemelmans,Bemelmans v N Rubin,40,2016-11-10 13:08:06.711,1.64,2016-11-10 15:00:00,
1.128163078,2831873,Ruben Bemelmans,Bemelmans v N Rubin,50,2016-11-10 13:41:09.959,1.64,2016-11-10 15:00:00,
1.128163078,2831873,Ruben Bemelmans,Bemelmans v N Rubin,60,2016-11-10 13:57:24.814,1.61,2016-11-10 15:00:00,
1.128163078,2831873,Ruben Bemelmans,Bemelmans v N Rubin,70,2016-11-10 14:00:19.287,1.62,2016-11-10 15:00:00,
1.128163078,2831873,Ruben Bemelmans,Bemelmans v N Rubin,80,2016-11-10 14:49:20.455,1.62,2016-11-10 15:00:00,
1.128163078,2831873,Ruben Bemelmans,Bemelmans v N Rubin,90,2016-11-10 14:53:50.536,1.66,2016-11-10 15:00:00,
1.128163078,2831873,Ruben Bemelmans,Bemelmans v N Rubin,100,2016-11-10 14:57:17.681,1.61,2016-11-10 15:00:00,
1.128163078,7593248,Noah Rubin,Bemelmans v N Rubin,0,2016-11-10 07:22:15.968,2.56,2016-11-10 15:00:00,
1.128163078,7593248,Noah Rubin,Bemelmans v N Rubin,10,2016-11-10 09:17:15.017,2.5,2016-11-10 15:00:00,
1.128163078,7593248,Noah Rubin,Bemelmans v N Rubin,20,2016-11-10 09:29:01.883,2.5,2016-11-10 15:00:00,
1.128163078,7593248,Noah Rubin,Bemelmans v N Rubin,30,2016-11-10 11:04:53.957,2.48,2016-11-10 15:00:00,
1.128163078,7593248,Noah Rubin,Bemelmans v N Rubin,40,2016-11-10 12:23:00.099,2.54,2016-11-10 15:00:00,
1.128163078,7593248,Noah Rubin,Bemelmans v N Rubin,50,2016-11-10 13:41:09.959,2.58,2016-11-10 15:00:00,
1.128163078,7593248,Noah Rubin,Bemelmans v N Rubin,60,2016-11-10 14:23:13.165,2.6,2016-11-10 15:00:00,
1.128163078,7593248,Noah Rubin,Bemelmans v N Rubin,70,2016-11-10 14:32:52.751,2.54,2016-11-10 15:00:00,
1.128163078,7593248,Noah Rubin,Bemelmans v N Rubin,80,2016-11-10 14:50:14.642,2.5,2016-11-10 15:00:00,
1.128163078,7593248,Noah Rubin,Bemelmans v N Rubin,90,2016-11-10 14:53:50.536,2.5,2016-11-10 15:00:00,
1.128163078,7593248,Noah Rubin,Bemelmans v N Rubin,100,2016-11-10 14:58:19.305,2.56,2016-11-10 15:15:00,
1.128163122,2415499,Santiago Giraldo,Ghem v Giraldo,0,2016-11-10 06:49:14.576,1.34,2016-11-10 16:30:00,
1.128163122,2415499,Santiago Giraldo,Ghem v Giraldo,10,2016-11-10 10:10:32.004,1.31,2016-11-10 16:30:00,
1.128163122,2415499,Santiago Giraldo,Ghem v Giraldo,20,2016-11-10 12:08:07.898,1.35,2016-11-10 16:30:00,
1.128163122,2415499,Santiago Giraldo,Ghem v Giraldo,30,2016-11-10 14:48:20.876,1.37,2016-11-10 16:30:00,
1.128163122,2415499,Santiago Giraldo,Ghem v Giraldo,40,2016-11-10 15:16:08.458,1.31,2016-11-10 16:30:00,
1.128163122,2415499,Santiago Giraldo,Ghem v Giraldo,50,2016-11-10 15:35:21.549,1.33,2016-11-10 16:30:00,
1.128163122,2415499,Santiago Giraldo,Ghem v Giraldo,60,2016-11-10 16:01:49.058,1.32,2016-11-10 16:30:00,
1.128163122,2415499,Santiago Giraldo,Ghem v Giraldo,70,2016-11-10 16:13:39.770,1.32,2016-11-10 16:30:00,
1.128163122,2415499,Santiago Giraldo,Ghem v Giraldo,80,2016-11-10 16:25:54.927,1.32,2016-11-10 16:30:00,
1.128163122,2415499,Santiago Giraldo,Ghem v Giraldo,90,2016-11-10 16:46:44.684,1.32,2016-11-10 17:00:00,
1.128163122,2415499,Santiago Giraldo,Ghem v Giraldo,100,2016-11-10 17:32:17.601,1.34,2016-11-10 17:45:00,
1.128163715,4520808,Facundo Bagnis,Bagnis v Al Gomez,0,2016-11-10 06:45:25.824,1.19,2016-11-10 15:00:00,
1.128163715,4520808,Facundo Bagnis,Bagnis v Al Gomez,10,2016-11-10 08:53:26.471,1.2,2016-11-10 15:00:00,
1.128163715,4520808,Facundo Bagnis,Bagnis v Al Gomez,20,2016-11-10 11:12:58.749,1.18,2016-11-10 15:00:00,
1.128163715,4520808,Facundo Bagnis,Bagnis v Al Gomez,30,2016-11-10 12:39:05.045,1.2,2016-11-10 15:00:00,
1.128163715,4520808,Facundo Bagnis,Bagnis v Al Gomez,40,2016-11-10 14:03:15.361,1.19,2016-11-10 15:00:00,
1.128163715,4520808,Facundo Bagnis,Bagnis v Al Gomez,50,2016-11-10 14:30:52.191,1.21,2016-11-10 15:00:00,
1.128163715,4520808,Facundo Bagnis,Bagnis v Al Gomez,60,2016-11-10 14:51:04.437,1.18,2016-11-10 15:00:00,
1.128163715,4520808,Facundo Bagnis,Bagnis v Al Gomez,70,2016-11-10 14:53:25.562,1.2,2016-11-10 15:00:00,
1.128163715,4520808,Facundo Bagnis,Bagnis v Al Gomez,80,2016-11-10 14:57:26.496,1.18,2016-11-10 15:00:00,
1.128163715,4520808,Facundo Bagnis,Bagnis v Al Gomez,90,2016-11-10 15:01:24.041,1.22,2016-11-10 15:30:00,
1.128163715,4520808,Facundo Bagnis,Bagnis v Al Gomez,100,2016-11-10 15:16:24.664,1.19,2016-11-10 15:30:00,
1.128164218,2848631,Tim Smyczek,Smyczek v Mmoh,0,2016-11-10 00:18:19.047,1.86,2016-11-11 12:00:00,
1.128164218,2848631,Tim Smyczek,Smyczek v Mmoh,10,2016-11-10 09:13:00.638,1.67,2016-11-10 15:00:00,
1.128164218,2848631,Tim Smyczek,Smyczek v Mmoh,20,2016-11-10 10:40:16.656,1.64,2016-11-10 15:00:00,
1.128164218,2848631,Tim Smyczek,Smyczek v Mmoh,30,2016-11-10 13:00:19.743,1.75,2016-11-10 15:00:00,
1.128164218,2848631,Tim Smyczek,Smyczek v Mmoh,40,2016-11-10 13:33:50.642,1.82,2016-11-10 15:00:00,
1.128164218,2848631,Tim Smyczek,Smyczek v Mmoh,50,2016-11-10 14:05:19.559,1.81,2016-11-10 15:00:00,
1.128164218,2848631,Tim Smyczek,Smyczek v Mmoh,60,2016-11-10 14:07:11.574,1.8,2016-11-10 15:00:00,
1.128164218,2848631,Tim Smyczek,Smyczek v Mmoh,70,2016-11-10 14:31:19.900,1.78,2016-11-10 15:00:00,
1.128164218,2848631,Tim Smyczek,Smyczek v Mmoh,80,2016-11-10 14:36:17.057,1.75,2016-11-10 15:00:00,
1.128164218,2848631,Tim Smyczek,Smyczek v Mmoh,90,2016-11-10 14:45:08.474,1.85,2016-11-10 15:00:00,
1.128164218,2848631,Tim Smyczek,Smyczek v Mmoh,100,2016-11-10 14:51:19.383,1.83,2016-11-10 15:00:00,
1.128164218,8798905,Michael Mmoh,Smyczek v Mmoh,0,2016-11-10 00:18:19.047,2.16,2016-11-11 12:00:00,
1.128164218,8798905,Michael Mmoh,Smyczek v Mmoh,10,2016-11-10 10:36:19.943,2.54,2016-11-10 15:00:00,
1.128164218,8798905,Michael Mmoh,Smyczek v Mmoh,20,2016-11-10 11:47:08.350,2.28,2016-11-10 15:00:00,
1.128164218,8798905,Michael Mmoh,Smyczek v Mmoh,30,2016-11-10 12:55:16.177,2.46,2016-11-10 15:00:00,
1.128164218,8798905,Michael Mmoh,Smyczek v Mmoh,40,2016-11-10 13:00:19.743,2.48,2016-11-10 15:00:00,
1.128164218,8798905,Michael Mmoh,Smyczek v Mmoh,50,2016-11-10 13:07:18.669,2.44,2016-11-10 15:00:00,
1.128164218,8798905,Michael Mmoh,Smyczek v Mmoh,60,2016-11-10 13:55:54.889,2.2,2016-11-10 15:00:00,
1.128164218,8798905,Michael Mmoh,Smyczek v Mmoh,70,2016-11-10 14:01:18.905,2.22,2016-11-10 15:00:00,
1.128164218,8798905,Michael Mmoh,Smyczek v Mmoh,80,2016-11-10 14:05:19.559,2.3,2016-11-10 15:00:00,
1.128164218,8798905,Michael Mmoh,Smyczek v Mmoh,90,2016-11-10 14:30:19.838,2.24,2016-11-10 15:00:00,
1.128164218,8798905,Michael Mmoh,Smyczek v Mmoh,100,2016-11-10 14:52:18.922,2.2,2016-11-10 15:00:00,
1.128164262,6297238,Inigo Cervantes,Cervantes v Galan,0,2016-11-10 10:10:42.156,1.31,2016-11-10 15:00:00,
1.128164262,6297238,Inigo Cervantes,Cervantes v Galan,10,2016-11-10 11:04:22.896,1.28,2016-11-10 15:00:00,
1.128164262,6297238,Inigo Cervantes,Cervantes v Galan,20,2016-11-10 12:02:51.953,1.34,2016-11-10 15:00:00,
1.128164262,6297238,Inigo Cervantes,Cervantes v Galan,30,2016-11-10 12:39:23.607,1.38,2016-11-10 15:00:00,
1.128164262,6297238,Inigo Cervantes,Cervantes v Galan,40,2016-11-10 12:53:17.302,1.34,2016-11-10 15:00:00,
1.128164262,6297238,Inigo Cervantes,Cervantes v Galan,50,2016-11-10 14:37:07.818,1.3,2016-11-10 15:00:00,
1.128164262,6297238,Inigo Cervantes,Cervantes v Galan,60,2016-11-10 14:47:28.461,1.35,2016-11-10 15:00:00,
1.128164262,6297238,Inigo Cervantes,Cervantes v Galan,70,2016-11-10 14:50:16.438,1.36,2016-11-10 15:00:00,
1.128164262,6297238,Inigo Cervantes,Cervantes v Galan,80,2016-11-10 14:51:22.439,1.35,2016-11-10 15:00:00,
1.128164262,6297238,Inigo Cervantes,Cervantes v Galan,90,2016-11-10 14:52:11.590,1.32,2016-11-10 15:00:00,
1.128164262,6297238,Inigo Cervantes,Cervantes v Galan,100,2016-11-10 14:57:29.100,1.34,2016-11-10 15:00:00,
1.128164952,3289083,S Zhang,S Zhang v A Sabalenka,0,2016-11-10 02:44:21.381,1.2,2016-11-10 06:05:00,
1.128164952,3289083,S Zhang,S Zhang v A Sabalenka,10,2016-11-10 04:05:36.107,1.21,2016-11-10 06:05:00,
1.128164952,3289083,S Zhang,S Zhang v A Sabalenka,20,2016-11-10 04:39:38.637,1.2,2016-11-10 06:05:00,
1.128164952,3289083,S Zhang,S Zhang v A Sabalenka,30,2016-11-10 05:15:31.987,1.19,2016-11-10 06:05:00,
1.128164952,3289083,S Zhang,S Zhang v A Sabalenka,40,2016-11-10 05:16:31.366,1.18,2016-11-10 06:05:00,
1.128164952,3289083,S Zhang,S Zhang v A Sabalenka,50,2016-11-10 05:22:48.303,1.21,2016-11-10 06:05:00,
1.128164952,3289083,S Zhang,S Zhang v A Sabalenka,60,2016-11-10 05:32:22.233,1.18,2016-11-10 06:05:00,
1.128164952,3289083,S Zhang,S Zhang v A Sabalenka,70,2016-11-10 05:50:25.182,1.1,2016-11-10 06:05:00,2016-11-10 05:45:51.789
1.128164952,3289083,S Zhang,S Zhang v A Sabalenka,80,2016-11-10 05:58:33.082,1.25,2016-11-10 06:05:00,2016-11-10 05:45:51.789
1.128164952,3289083,S Zhang,S Zhang v A Sabalenka,90,2016-11-10 06:00:33.652,1.44,2016-11-10 06:05:00,2016-11-10 05:45:51.789
1.128164952,3289083,S Zhang,S Zhang v A Sabalenka,100,2016-11-10 06:03:37.293,1.22,2016-11-10 06:05:00,2016-11-10 05:45:51.789
1.128165062,6604266,Tennys Sandgren,S Kozlov v Sandgren,0,2016-11-10 12:32:01.634,2.3,2016-11-10 18:00:00,
1.128165062,6604266,Tennys Sandgren,S Kozlov v Sandgren,10,2016-11-10 12:49:27.082,2.24,2016-11-10 18:00:00,
1.128165062,6604266,Tennys Sandgren,S Kozlov v Sandgren,20,2016-11-10 15:07:20.779,2.3,2016-11-10 18:00:00,
1.128165062,6604266,Tennys Sandgren,S Kozlov v Sandgren,30,2016-11-10 16:00:25.089,2.26,2016-11-10 18:00:00,
1.128165062,6604266,Tennys Sandgren,S Kozlov v Sandgren,40,2016-11-10 16:27:28.406,2.32,2016-11-10 18:00:00,
1.128165062,6604266,Tennys Sandgren,S Kozlov v Sandgren,50,2016-11-10 17:55:31.416,2.2,2016-11-10 18:00:00,
1.128165062,6604266,Tennys Sandgren,S Kozlov v Sandgren,60,2016-11-10 17:57:28.189,2.22,2016-11-10 18:00:00,
1.128165062,6604266,Tennys Sandgren,S Kozlov v Sandgren,70,2016-11-10 17:58:30.003,2.24,2016-11-10 18:15:00,
1.128165062,6604266,Tennys Sandgren,S Kozlov v Sandgren,80,2016-11-10 18:15:28.894,2.28,2016-11-10 18:30:00,
1.128165062,6604266,Tennys Sandgren,S Kozlov v Sandgren,90,2016-11-10 18:23:21.396,2.22,2016-11-10 18:30:00,
1.128165062,6604266,Tennys Sandgren,S Kozlov v Sandgren,100,2016-11-10 18:36:30.519,2.26,2016-11-10 18:45:00,
1.128165062,7415002,Stefan Kozlov,S Kozlov v Sandgren,0,2016-11-10 09:08:50.270,1.64,2016-11-10 18:00:00,
1.128165062,7415002,Stefan Kozlov,S Kozlov v Sandgren,10,2016-11-10 12:49:27.082,1.81,2016-11-10 18:00:00,
1.128165062,7415002,Stefan Kozlov,S Kozlov v Sandgren,20,2016-11-10 15:07:20.779,1.76,2016-11-10 18:00:00,
1.128165062,7415002,Stefan Kozlov,S Kozlov v Sandgren,30,2016-11-10 17:08:29.027,1.78,2016-11-10 18:00:00,
1.128165062,7415002,Stefan Kozlov,S Kozlov v Sandgren,40,2016-11-10 17:45:23.066,1.79,2016-11-10 18:00:00,
1.128165062,7415002,Stefan Kozlov,S Kozlov v Sandgren,50,2016-11-10 17:56:21.782,1.83,2016-11-10 18:00:00,
1.128165062,7415002,Stefan Kozlov,S Kozlov v Sandgren,60,2016-11-10 17:58:30.003,1.79,2016-11-10 18:15:00,
1.128165062,7415002,Stefan Kozlov,S Kozlov v Sandgren,70,2016-11-10 18:22:31.946,1.78,2016-11-10 18:30:00,
1.128165062,7415002,Stefan Kozlov,S Kozlov v Sandgren,80,2016-11-10 18:27:30.459,1.8,2016-11-10 18:30:00,
1.128165062,7415002,Stefan Kozlov,S Kozlov v Sandgren,90,2016-11-10 18:32:25.919,1.79,2016-11-10 18:45:00,
1.128165062,7415002,Stefan Kozlov,S Kozlov v Sandgren,100,2016-11-10 19:02:21.461,1.72,2016-11-10 19:15:00,
1.128165618,6064287,James Duckworth,Lokoli v Duckworth,0,2016-11-10 18:27:55.356,1.35,2016-11-11 03:00:00,
1.128165618,6064287,James Duckworth,Lokoli v Duckworth,10,2016-11-10 18:28:59.978,1.29,2016-11-11 03:00:00,
1.128165618,6064287,James Duckworth,Lokoli v Duckworth,20,2016-11-10 23:12:49.776,1.3,2016-11-11 03:00:00,
1.128165618,6064287,James Duckworth,Lokoli v Duckworth,30,2016-11-11 01:01:15.651,1.35,2016-11-11 03:00:00,
1.128165618,6064287,James Duckworth,Lokoli v Duckworth,40,2016-11-11 01:19:11.756,1.35,2016-11-11 03:00:00,
1.128165618,6064287,James Duckworth,Lokoli v Duckworth,50,2016-11-11 02:03:15.003,1.34,2016-11-11 03:00:00,
1.128165618,6064287,James Duckworth,Lokoli v Duckworth,60,2016-11-11 02:10:15.757,1.29,2016-11-11 03:00:00,
1.128165618,6064287,James Duckworth,Lokoli v Duckworth,70,2016-11-11 02:26:11.654,1.28,2016-11-11 03:00:00,
1.128165618,6064287,James Duckworth,Lokoli v Duckworth,80,2016-11-11 02:27:18.785,1.3,2016-11-11 03:00:00,
1.128165618,6064287,James Duckworth,Lokoli v Duckworth,90,2016-11-11 02:34:18.791,1.34,2016-11-11 03:00:00,
1.128165618,6064287,James Duckworth,Lokoli v Duckworth,100,2016-11-11 02:57:10.414,1.29,2016-11-11 03:00:00,
1.128165674,2249835,Go Soeda,Weintraub v Soeda,0,2016-11-10 12:08:38.585,1.47,2016-11-11 05:00:00,
1.128165674,2249835,Go Soeda,Weintraub v Soeda,10,2016-11-10 15:35:20.115,1.36,2016-11-11 05:00:00,
1.128165674,2249835,Go Soeda,Weintraub v Soeda,20,2016-11-10 22:14:18.550,1.41,2016-11-11 05:00:00,
1.128165674,2249835,Go Soeda,Weintraub v Soeda,30,2016-11-10 23:22:20.440,1.45,2016-11-11 05:00:00,
1.128165674,2249835,Go Soeda,Weintraub v Soeda,40,2016-11-11 01:19:52.658,1.52,2016-11-11 05:00:00,
1.128165674,2249835,Go Soeda,Weintraub v Soeda,50,2016-11-11 02:49:02.592,1.45,2016-11-11 05:00:00,
1.128165674,2249835,Go Soeda,Weintraub v Soeda,60,2016-11-11 02:58:59.771,1.46,2016-11-11 04:55:00,
1.128165674,2249835,Go Soeda,Weintraub v Soeda,70,2016-11-11 03:05:04.801,1.44,2016-11-11 04:55:00,
1.128165674,2249835,Go Soeda,Weintraub v Soeda,80,2016-11-11 03:14:20.519,1.41,2016-11-11 04:55:00,
1.128165674,2249835,Go Soeda,Weintraub v Soeda,90,2016-11-11 03:25:16.034,1.41,2016-11-11 04:55:00,
1.128165674,2249835,Go Soeda,Weintraub v Soeda,100,2016-11-11 03:53:10.703,1.41,2016-11-11 04:55:00,
1.128165674,5822663,Amir Weintraub,Weintraub v Soeda,0,2016-11-10 12:08:38.585,3.15,2016-11-11 05:00:00,
1.128165674,5822663,Amir Weintraub,Weintraub v Soeda,10,2016-11-10 19:19:01.056,3.2,2016-11-11 05:00:00,
1.128165674,5822663,Amir Weintraub,Weintraub v Soeda,20,2016-11-10 21:58:51.111,3.1,2016-11-11 05:00:00,
1.128165674,5822663,Amir Weintraub,Weintraub v Soeda,30,2016-11-10 22:14:18.550,3.45,2016-11-11 05:00:00,
1.128165674,5822663,Amir Weintraub,Weintraub v Soeda,40,2016-11-10 23:22:20.440,3.2,2016-11-11 05:00:00,
1.128165674,5822663,Amir Weintraub,Weintraub v Soeda,50,2016-11-10 23:22:59.577,3.0,2016-11-11 05:00:00,
1.128165674,5822663,Amir Weintraub,Weintraub v Soeda,60,2016-11-10 23:24:18.265,2.94,2016-11-11 05:00:00,
1.128165674,5822663,Amir Weintraub,Weintraub v Soeda,70,2016-11-10 23:24:23.674,2.92,2016-11-11 05:00:00,
1.128165674,5822663,Amir Weintraub,Weintraub v Soeda,80,2016-11-10 23:55:35.468,2.98,2016-11-11 05:00:00,
1.128165674,5822663,Amir Weintraub,Weintraub v Soeda,90,2016-11-11 02:58:59.771,3.15,2016-11-11 04:55:00,
1.128165674,5822663,Amir Weintraub,Weintraub v Soeda,100,2016-11-11 03:04:18.325,3.25,2016-11-11 04:55:00,
1.128168144,4195870,Marius Copil,Gerasimov v Copil,0,2016-11-10 22:13:55.469,1.44,2016-11-11 12:00:00,
1.128168144,4195870,Marius Copil,Gerasimov v Copil,10,2016-11-11 05:04:27.631,1.62,2016-11-11 12:00:00,
1.128168144,4195870,Marius Copil,Gerasimov v Copil,20,2016-11-11 08:28:53.259,1.57,2016-11-11 12:00:00,
1.128168144,4195870,Marius Copil,Gerasimov v Copil,30,2016-11-11 08:45:07.877,1.63,2016-11-11 12:00:00,
1.128168144,4195870,Marius Copil,Gerasimov v Copil,40,2016-11-11 10:06:13.107,1.6,2016-11-11 12:00:00,
1.128168144,4195870,Marius Copil,Gerasimov v Copil,50,2016-11-11 10:47:23.595,1.55,2016-11-11 12:00:00,
1.128168144,4195870,Marius Copil,Gerasimov v Copil,60,2016-11-11 11:08:21.231,1.51,2016-11-11 12:00:00,
1.128168144,4195870,Marius Copil,Gerasimov v Copil,70,2016-11-11 11:23:05.025,1.54,2016-11-11 12:00:00,
1.128168144,4195870,Marius Copil,Gerasimov v Copil,80,2016-11-11 11:38:20.794,1.55,2016-11-11 12:00:00,
1.128168144,4195870,Marius Copil,Gerasimov v Copil,90,2016-11-11 11:51:22.077,1.54,2016-11-11 12:00:00,
1.128168144,4195870,Marius Copil,Gerasimov v Copil,100,2016-11-11 11:58:18.020,1.52,2016-11-11 12:00:00,
1.128168144,7797772,Egor Gerasimov,Gerasimov v Copil,0,2016-11-10 22:02:21.797,3.1,2016-11-11 12:00:00,
1.128168144,7797772,Egor Gerasimov,Gerasimov v Copil,10,2016-11-10 22:47:15.270,2.7,2016-11-11 12:00:00,
1.128168144,7797772,Egor Gerasimov,Gerasimov v Copil,20,2016-11-11 02:54:31.690,2.64,2016-11-11 12:00:00,
1.128168144,7797772,Egor Gerasimov,Gerasimov v Copil,30,2016-11-11 08:39:46.717,2.74,2016-11-11 12:00:00,
1.128168144,7797772,Egor Gerasimov,Gerasimov v Copil,40,2016-11-11 10:15:02.413,2.68,2016-11-11 12:00:00,
1.128168144,7797772,Egor Gerasimov,Gerasimov v Copil,50,2016-11-11 10:34:10.654,2.8,2016-11-11 12:00:00,
1.128168144,7797772,Egor Gerasimov,Gerasimov v Copil,60,2016-11-11 11:08:21.231,2.96,2016-11-11 12:00:00,
1.128168144,7797772,Egor Gerasimov,Gerasimov v Copil,70,2016-11-11 11:29:24.252,2.86,2016-11-11 12:00:00,
1.128168144,7797772,Egor Gerasimov,Gerasimov v Copil,80,2016-11-11 11:44:16.740,2.76,2016-11-11 12:00:00,
1.128168144,7797772,Egor Gerasimov,Gerasimov v Copil,90,2016-11-11 11:55:24.058,2.84,2016-11-11 12:00:00,
1.128168144,7797772,Egor Gerasimov,Gerasimov v Copil,100,2016-11-11 11:59:22.993,2.86,2016-11-11 12:00:00,
1.128179348,7797742,Daniil Medvedev,Pavlasek v D Medvedev,0,2016-11-11 03:16:04.003,1.51,2016-11-11 14:00:00,
1.128179348,7797742,Daniil Medvedev,Pavlasek v D Medvedev,10,2016-11-11 08:59:55.527,1.51,2016-11-11 14:00:00,
1.128179348,7797742,Daniil Medvedev,Pavlasek v D Medvedev,20,2016-11-11 10:25:09.642,1.52,2016-11-11 14:00:00,
1.128179348,7797742,Daniil Medvedev,Pavlasek v D Medvedev,30,2016-11-11 11:52:17.861,1.51,2016-11-11 14:00:00,
1.128179348,7797742,Daniil Medvedev,Pavlasek v D Medvedev,40,2016-11-11 11:56:54.563,1.5,2016-11-11 14:00:00,
1.128179348,7797742,Daniil Medvedev,Pavlasek v D Medvedev,50,2016-11-11 12:36:19.647,1.52,2016-11-11 13:56:00,
1.128179348,7797742,Daniil Medvedev,Pavlasek v D Medvedev,60,2016-11-11 12:42:14.152,1.5,2016-11-11 13:56:00,
1.128179348,7797742,Daniil Medvedev,Pavlasek v D Medvedev,70,2016-11-11 12:59:17.276,1.55,2016-11-11 13:56:00,
1.128179348,7797742,Daniil Medvedev,Pavlasek v D Medvedev,80,2016-11-11 13:01:36.087,1.51,2016-11-11 13:56:00,
1.128179348,7797742,Daniil Medvedev,Pavlasek v D Medvedev,90,2016-11-11 13:19:14.176,1.5,2016-11-11 13:56:00,
1.128179348,7797742,Daniil Medvedev,Pavlasek v D Medvedev,100,2016-11-11 13:49:24.556,1.51,2016-11-11 13:56:00,
1.128179348,8494652,Adam Pavlasek,Pavlasek v D Medvedev,0,2016-11-11 02:15:04.607,2.96,2016-11-11 14:00:00,
1.128179348,8494652,Adam Pavlasek,Pavlasek v D Medvedev,10,2016-11-11 08:58:00.842,2.98,2016-11-11 14:00:00,
1.128179348,8494652,Adam Pavlasek,Pavlasek v D Medvedev,20,2016-11-11 10:25:09.642,2.92,2016-11-11 14:00:00,
1.128179348,8494652,Adam Pavlasek,Pavlasek v D Medvedev,30,2016-11-11 11:13:32.282,2.98,2016-11-11 14:00:00,
1.128179348,8494652,Adam Pavlasek,Pavlasek v D Medvedev,40,2016-11-11 11:56:54.563,2.98,2016-11-11 14:00:00,
1.128179348,8494652,Adam Pavlasek,Pavlasek v D Medvedev,50,2016-11-11 12:20:46.935,2.96,2016-11-11 13:56:00,
1.128179348,8494652,Adam Pavlasek,Pavlasek v D Medvedev,60,2016-11-11 12:42:14.152,2.98,2016-11-11 13:56:00,
1.128179348,8494652,Adam Pavlasek,Pavlasek v D Medvedev,70,2016-11-11 13:01:36.087,2.96,2016-11-11 13:56:00,
1.128179348,8494652,Adam Pavlasek,Pavlasek v D Medvedev,80,2016-11-11 13:20:21.288,3.05,2016-11-11 13:56:00,
1.128179348,8494652,Adam Pavlasek,Pavlasek v D Medvedev,90,2016-11-11 13:37:13.564,2.96,2016-11-11 13:56:00,
1.128179348,8494652,Adam Pavlasek,Pavlasek v D Medvedev,100,2016-11-11 13:49:24.556,2.92,2016-11-11 13:56:00,
1.12818371,4691416,Peter Gojowczyk,De Minaur v Gojowczyk,0,2016-11-11 04:40:17.265,1.73,2016-11-11 12:30:00,
1.12818371,4691416,Peter Gojowczyk,De Minaur v Gojowczyk,10,2016-11-11 07:22:22.629,1.73,2016-11-11 12:30:00,
1.12818371,4691416,Peter Gojowczyk,De Minaur v Gojowczyk,20,2016-11-11 08:20:51.205,1.71,2016-11-11 12:30:00,
1.12818371,4691416,Peter Gojowczyk,De Minaur v Gojowczyk,30,2016-11-11 09:09:48.785,1.72,2016-11-11 12:30:00,
1.12818371,4691416,Peter Gojowczyk,De Minaur v Gojowczyk,40,2016-11-11 10:09:13.493,1.79,2016-11-11 12:30:00,
1.12818371,4691416,Peter Gojowczyk,De Minaur v Gojowczyk,50,2016-11-11 10:45:05.671,1.79,2016-11-11 12:30:00,
1.12818371,4691416,Peter Gojowczyk,De Minaur v Gojowczyk,60,2016-11-11 10:53:15.518,1.74,2016-11-11 12:30:00,
1.12818371,4691416,Peter Gojowczyk,De Minaur v Gojowczyk,70,2016-11-11 11:07:37.650,1.76,2016-11-11 12:30:00,
1.12818371,4691416,Peter Gojowczyk,De Minaur v Gojowczyk,80,2016-11-11 11:20:02.182,1.72,2016-11-11 12:30:00,
1.12818371,4691416,Peter Gojowczyk,De Minaur v Gojowczyk,90,2016-11-11 12:14:17.120,1.73,2016-11-11 12:30:00,
1.12818371,4691416,Peter Gojowczyk,De Minaur v Gojowczyk,100,2016-11-11 12:21:00.179,1.7,2016-11-11 12:30:00,
1.12818371,10109527,Alex De Minaur,De Minaur v Gojowczyk,0,2016-11-11 04:40:17.265,2.36,2016-11-11 12:30:00,
1.12818371,10109527,Alex De Minaur,De Minaur v Gojowczyk,10,2016-11-11 08:09:14.377,2.42,2016-11-11 12:30:00,
1.12818371,10109527,Alex De Minaur,De Minaur v Gojowczyk,20,2016-11-11 08:20:51.205,2.42,2016-11-11 12:30:00,
1.12818371,10109527,Alex De Minaur,De Minaur v Gojowczyk,30,2016-11-11 09:01:57.517,2.38,2016-11-11 12:30:00,
1.12818371,10109527,Alex De Minaur,De Minaur v Gojowczyk,40,2016-11-11 10:03:11.228,2.24,2016-11-11 12:30:00,
1.12818371,10109527,Alex De Minaur,De Minaur v Gojowczyk,50,2016-11-11 10:09:42.393,2.28,2016-11-11 12:30:00,
1.12818371,10109527,Alex De Minaur,De Minaur v Gojowczyk,60,2016-11-11 10:41:17.475,2.32,2016-11-11 12:30:00,
1.12818371,10109527,Alex De Minaur,De Minaur v Gojowczyk,70,2016-11-11 10:53:15.518,2.32,2016-11-11 12:30:00,
1.12818371,10109527,Alex De Minaur,De Minaur v Gojowczyk,80,2016-11-11 11:07:37.650,2.3,2016-11-11 12:30:00,
1.12818371,10109527,Alex De Minaur,De Minaur v Gojowczyk,90,2016-11-11 11:17:13.082,2.34,2016-11-11 12:30:00,
1.12818371,10109527,Alex De Minaur,De Minaur v Gojowczyk,100,2016-11-11 12:14:17.120,2.38,2016-11-11 12:30:00,
1.128191157,4520808,Facundo Bagnis,Bagnis v Cervantes,0,2016-11-11 03:08:21.346,1.67,2016-11-11 15:30:00,
1.128191157,4520808,Facundo Bagnis,Bagnis v Cervantes,10,2016-11-11 09:09:50.120,1.72,2016-11-11 15:30:00,
1.128191157,4520808,Facundo Bagnis,Bagnis v Cervantes,20,2016-11-11 09:16:18.435,1.67,2016-11-11 15:30:00,
1.128191157,4520808,Facundo Bagnis,Bagnis v Cervantes,30,2016-11-11 10:14:07.737,1.8,2016-11-11 15:30:00,
1.128191157,4520808,Facundo Bagnis,Bagnis v Cervantes,40,2016-11-11 11:19:02.199,1.71,2016-11-11 15:30:00,
1.128191157,4520808,Facundo Bagnis,Bagnis v Cervantes,50,2016-11-11 11:29:19.271,1.72,2016-11-11 15:30:00,
1.128191157,4520808,Facundo Bagnis,Bagnis v Cervantes,60,2016-11-11 12:37:08.220,1.8,2016-11-11 15:30:00,
1.128191157,4520808,Facundo Bagnis,Bagnis v Cervantes,70,2016-11-11 14:53:14.309,1.75,2016-11-11 16:30:00,
1.128191157,4520808,Facundo Bagnis,Bagnis v Cervantes,80,2016-11-11 15:21:20.815,1.78,2016-11-11 16:30:00,
1.128191157,4520808,Facundo Bagnis,Bagnis v Cervantes,90,2016-11-11 15:59:16.710,1.76,2016-11-11 16:30:00,
1.128191157,4520808,Facundo Bagnis,Bagnis v Cervantes,100,2016-11-11 16:29:47.837,1.76,2016-11-11 17:30:00,
1.128191157,6297238,Inigo Cervantes,Bagnis v Cervantes,0,2016-11-11 02:16:27.879,2.34,2016-11-11 15:30:00,
1.128191157,6297238,Inigo Cervantes,Bagnis v Cervantes,10,2016-11-11 10:50:46.814,2.22,2016-11-11 15:30:00,
1.128191157,6297238,Inigo Cervantes,Bagnis v Cervantes,20,2016-11-11 12:40:42.302,2.3,2016-11-11 15:30:00,
1.128191157,6297238,Inigo Cervantes,Bagnis v Cervantes,30,2016-11-11 14:05:06.585,2.32,2016-11-11 15:30:00,
1.128191157,6297238,Inigo Cervantes,Bagnis v Cervantes,40,2016-11-11 15:09:06.267,2.28,2016-11-11 16:30:00,
1.128191157,6297238,Inigo Cervantes,Bagnis v Cervantes,50,2016-11-11 15:30:15.373,2.3,2016-11-11 16:30:00,
1.128191157,6297238,Inigo Cervantes,Bagnis v Cervantes,60,2016-11-11 15:39:22.065,2.28,2016-11-11 16:30:00,
1.128191157,6297238,Inigo Cervantes,Bagnis v Cervantes,70,2016-11-11 15:59:16.710,2.3,2016-11-11 16:30:00,
1.128191157,6297238,Inigo Cervantes,Bagnis v Cervantes,80,2016-11-11 16:23:52.203,2.28,2016-11-11 17:30:00,
1.128191157,6297238,Inigo Cervantes,Bagnis v Cervantes,90,2016-11-11 16:29:47.837,2.3,2016-11-11 17:30:00,
1.128191157,6297238,Inigo Cervantes,Bagnis v Cervantes,100,2016-11-11 18:53:51.077,2.26,2016-11-11 19:00:00,
1.128191319,3911345,Benoit Paire,Paire v Roger-Vasselin,0,2016-11-10 22:14:51.666,1.56,2016-11-11 15:30:00,
1.128191319,3911345,Benoit Paire,Paire v Roger-Vasselin,10,2016-11-11 09:19:19.654,1.76,2016-11-11 15:30:00,
1.128191319,3911345,Benoit Paire,Paire v Roger-Vasselin,20,2016-11-11 11:06:02.611,1.66,2016-11-11 15:30:00,
1.128191319,3911345,Benoit Paire,Paire v Roger-Vasselin,30,2016-11-11 11:23:28.656,1.74,2016-11-11 15:30:00,
1.128191319,3911345,Benoit Paire,Paire v Roger-Vasselin,40,2016-11-11 12:42:11.914,1.71,2016-11-11 15:30:00,
1.128191319,3911345,Benoit Paire,Paire v Roger-Vasselin,50,2016-11-11 13:26:53.839,1.8,2016-11-11 15:30:00,
1.128191319,3911345,Benoit Paire,Paire v Roger-Vasselin,60,2016-11-11 14:15:15.712,1.76,2016-11-11 15:30:00,
1.128191319,3911345,Benoit Paire,Paire v Roger-Vasselin,70,2016-11-11 14:32:29.915,1.76,2016-11-11 15:30:00,
1.128191319,3911345,Benoit Paire,Paire v Roger-Vasselin,80,2016-11-11 15:10:26.219,1.8,2016-11-11 15:30:00,
1.128191319,3911345,Benoit Paire,Paire v Roger-Vasselin,90,2016-11-11 15:18:27.001,1.76,2016-11-11 15:30:00,
1.128191319,3911345,Benoit Paire,Paire v Roger-Vasselin,100,2016-11-11 15:24:27.815,1.73,2016-11-11 15:30:00,
1.128191319,8259187,Edouard Roger-Vasselin,Paire v Roger-Vasselin,0,2016-11-11 09:19:19.654,2.3,2016-11-11 15:30:00,
1.128191319,8259187,Edouard Roger-Vasselin,Paire v Roger-Vasselin,10,2016-11-11 10:51:06.923,2.32,2016-11-11 15:30:00,
1.128191319,8259187,Edouard Roger-Vasselin,Paire v Roger-Vasselin,20,2016-11-11 11:06:02.611,2.52,2016-11-11 15:30:00,
1.128191319,8259187,Edouard Roger-Vasselin,Paire v Roger-Vasselin,30,2016-11-11 11:23:28.656,2.34,2016-11-11 15:30:00,
1.128191319,8259187,Edouard Roger-Vasselin,Paire v Roger-Vasselin,40,2016-11-11 11:26:25.668,2.26,2016-11-11 15:30:00,
1.128191319,8259187,Edouard Roger-Vasselin,Paire v Roger-Vasselin,50,2016-11-11 13:05:18.092,2.42,2016-11-11 15:30:00,
1.128191319,8259187,Edouard Roger-Vasselin,Paire v Roger-Vasselin,60,2016-11-11 13:26:53.839,2.24,2016-11-11 15:30:00,
1.128191319,8259187,Edouard Roger-Vasselin,Paire v Roger-Vasselin,70,2016-11-11 14:34:35.448,2.32,2016-11-11 15:30:00,
1.128191319,8259187,Edouard Roger-Vasselin,Paire v Roger-Vasselin,80,2016-11-11 15:10:26.219,2.24,2016-11-11 15:30:00,
1.128191319,8259187,Edouard Roger-Vasselin,Paire v Roger-Vasselin,90,2016-11-11 15:18:27.001,2.32,2016-11-11 15:30:00,
1.128191319,8259187,Edouard Roger-Vasselin,Paire v Roger-Vasselin,100,2016-11-11 15:25:26.669,2.34,2016-11-11 15:30:00,
1.128192131,2504190,Peter Polansky,Polansky v McDonald,0,2016-11-11 02:15:39.585,2.4,2016-11-11 15:00:00,
1.128192131,2504190,Peter Polansky,Polansky v McDonald,10,2016-11-11 06:30:24.201,2.38,2016-11-11 15:00:00,
1.128192131,2504190,Peter Polansky,Polansky v McDonald,20,2016-11-11 10:57:18.076,2.48,2016-11-11 15:00:00,
1.128192131,2504190,Peter Polansky,Polansky v McDonald,30,2016-11-11 11:17:18.745,2.28,2016-11-11 15:00:00,
1.128192131,2504190,Peter Polansky,Polansky v McDonald,40,2016-11-11 11:29:26.333,2.48,2016-11-11 15:00:00,
1.128192131,2504190,Peter Polansky,Polansky v McDonald,50,2016-11-11 11:46:21.780,2.42,2016-11-11 15:00:00,
1.128192131,2504190,Peter Polansky,Polansky v McDonald,60,2016-11-11 13:47:24.121,2.46,2016-11-11 15:00:00,
1.128192131,2504190,Peter Polansky,Polansky v McDonald,70,2016-11-11 14:13:29.252,2.44,2016-11-11 15:00:00,
1.128192131,2504190,Peter Polansky,Polansky v McDonald,80,2016-11-11 14:19:10.589,2.42,2016-11-11 15:00:00,
1.128192131,2504190,Peter Polansky,Polansky v McDonald,90,2016-11-11 14:25:22.356,2.44,2016-11-11 15:00:00,
1.128192131,2504190,Peter Polansky,Polansky v McDonald,100,2016-11-11 14:34:51.735,2.52,2016-11-11 15:00:00,
1.128192131,10691901,Mackenzie McDonald,Polansky v McDonald,0,2016-11-11 06:30:24.201,1.72,2016-11-11 15:00:00,
1.128192131,10691901,Mackenzie McDonald,Polansky v McDonald,10,2016-11-11 09:09:49.535,1.66,2016-11-11 15:00:00,
1.128192131,10691901,Mackenzie McDonald,Polansky v McDonald,20,2016-11-11 10:03:26.510,1.66,2016-11-11 15:00:00,
1.128192131,10691901,Mackenzie McDonald,Polansky v McDonald,30,2016-11-11 10:58:00.486,1.66,2016-11-11 15:00:00,
1.128192131,10691901,Mackenzie McDonald,Polansky v McDonald,40,2016-11-11 11:46:21.780,1.7,2016-11-11 15:00:00,
1.128192131,10691901,Mackenzie McDonald,Polansky v McDonald,50,2016-11-11 12:36:08.947,1.7,2016-11-11 15:00:00,
1.128192131,10691901,Mackenzie McDonald,Polansky v McDonald,60,2016-11-11 14:00:06.687,1.69,2016-11-11 15:00:00,
1.128192131,10691901,Mackenzie McDonald,Polansky v McDonald,70,2016-11-11 14:19:10.589,1.7,2016-11-11 15:00:00,
1.128192131,10691901,Mackenzie McDonald,Polansky v McDonald,80,2016-11-11 14:31:11.776,1.67,2016-11-11 15:00:00,
1.128192131,10691901,Mackenzie McDonald,Polansky v McDonald,90,2016-11-11 14:34:51.735,1.65,2016-11-11 15:00:00,
1.128192131,10691901,Mackenzie McDonald,Polansky v McDonald,100,2016-11-11 14:39:12.251,1.58,2016-11-11 15:00:00,
1.128192175,2415499,Santiago Giraldo,Giraldo v H Zeballos,0,2016-11-10 22:51:31.011,1.7,2016-11-11 17:00:00,
1.128192175,2415499,Santiago Giraldo,Giraldo v H Zeballos,10,2016-11-10 22:52:01.410,1.67,2016-11-11 17:00:00,
1.128192175,2415499,Santiago Giraldo,Giraldo v H Zeballos,20,2016-11-11 09:09:51.128,1.69,2016-11-11 17:00:00,
1.128192175,2415499,Santiago Giraldo,Giraldo v H Zeballos,30,2016-11-11 09:17:31.862,1.67,2016-11-11 17:00:00,
1.128192175,2415499,Santiago Giraldo,Giraldo v H Zeballos,40,2016-11-11 11:19:13.323,1.62,2016-11-11 17:00:00,
1.128192175,2415499,Santiago Giraldo,Giraldo v H Zeballos,50,2016-11-11 12:41:34.901,1.7,2016-11-11 17:00:00,
1.128192175,2415499,Santiago Giraldo,Giraldo v H Zeballos,60,2016-11-11 15:39:20.156,1.65,2016-11-11 18:30:00,
1.128192175,2415499,Santiago Giraldo,Giraldo v H Zeballos,70,2016-11-11 16:48:30.996,1.65,2016-11-11 19:30:00,
1.128192175,2415499,Santiago Giraldo,Giraldo v H Zeballos,80,2016-11-11 16:59:40.772,1.7,2016-11-11 19:30:00,
1.128192175,2415499,Santiago Giraldo,Giraldo v H Zeballos,90,2016-11-11 17:00:28.016,1.72,2016-11-11 19:30:00,
1.128192175,2415499,Santiago Giraldo,Giraldo v H Zeballos,100,2016-11-11 18:54:39.495,1.64,2016-11-11 19:00:00,
1.128192544,4903598,Vasek Pospisil,Gombos v V Pospisil,0,2016-11-11 06:43:16.606,1.66,2016-11-11 17:00:00,
1.128192544,4903598,Vasek Pospisil,Gombos v V Pospisil,10,2016-11-11 09:15:15.952,1.62,2016-11-11 17:00:00,
1.128192544,4903598,Vasek Pospisil,Gombos v V Pospisil,20,2016-11-11 10:50:46.817,1.54,2016-11-11 17:00:00,
1.128192544,4903598,Vasek Pospisil,Gombos v V Pospisil,30,2016-11-11 14:15:51.708,1.64,2016-11-11 17:00:00,
1.128192544,4903598,Vasek Pospisil,Gombos v V Pospisil,40,2016-11-11 16:00:01.369,1.64,2016-11-11 17:23:00,
1.128192544,4903598,Vasek Pospisil,Gombos v V Pospisil,50,2016-11-11 17:00:26.851,1.64,2016-11-11 17:23:00,
1.128192544,4903598,Vasek Pospisil,Gombos v V Pospisil,60,2016-11-11 17:33:24.950,1.63,2016-11-11 17:38:00,
1.128192544,4903598,Vasek Pospisil,Gombos v V Pospisil,70,2016-11-11 17:36:03.767,1.62,2016-11-11 17:38:00,
1.128192544,4903598,Vasek Pospisil,Gombos v V Pospisil,80,2016-11-11 17:51:07.177,1.67,2016-11-11 17:53:00,
1.128192544,4903598,Vasek Pospisil,Gombos v V Pospisil,90,2016-11-11 17:58:16.236,1.59,2016-11-11 18:08:00,
1.128192544,4903598,Vasek Pospisil,Gombos v V Pospisil,100,2016-11-11 18:15:26.243,1.57,2016-11-11 18:23:00,
1.128192544,8173023,Norbert Gombos,Gombos v V Pospisil,0,2016-11-11 09:15:15.952,2.6,2016-11-11 17:00:00,
1.128192544,8173023,Norbert Gombos,Gombos v V Pospisil,10,2016-11-11 11:25:17.796,2.52,2016-11-11 17:00:00,
1.128192544,8173023,Norbert Gombos,Gombos v V Pospisil,20,2016-11-11 11:58:25.517,2.36,2016-11-11 17:00:00,
1.128192544,8173023,Norbert Gombos,Gombos v V Pospisil,30,2016-11-11 14:15:51.708,2.56,2016-11-11 17:00:00,
1.128192544,8173023,Norbert Gombos,Gombos v V Pospisil,40,2016-11-11 15:27:18.834,2.5,2016-11-11 17:23:00,
1.128192544,8173023,Norbert Gombos,Gombos v V Pospisil,50,2016-11-11 15:42:21.611,2.48,2016-11-11 17:23:00,
1.128192544,8173023,Norbert Gombos,Gombos v V Pospisil,60,2016-11-11 17:09:16.275,2.56,2016-11-11 17:23:00,
1.128192544,8173023,Norbert Gombos,Gombos v V Pospisil,70,2016-11-11 17:22:19.569,2.7,2016-11-11 17:23:00,
1.128192544,8173023,Norbert Gombos,Gombos v V Pospisil,80,2016-11-11 17:33:24.950,2.58,2016-11-11 17:38:00,
1.128192544,8173023,Norbert Gombos,Gombos v V Pospisil,90,2016-11-11 17:51:07.177,2.48,2016-11-11 17:53:00,
1.128192544,8173023,Norbert Gombos,Gombos v V Pospisil,100,2016-11-11 18:14:16.147,2.7,2016-11-11 18:23:00,
1.128197844,585761,Julien Benneteau,Vatutin v J Benneteau,0,2016-11-10 22:21:00.565,1.21,2016-11-11 14:00:00,
1.128197844,585761,Julien Benneteau,Vatutin v J Benneteau,10,2016-11-11 09:10:00.422,1.35,2016-11-11 14:00:00,
1.128197844,585761,Julien Benneteau,Vatutin v J Benneteau,20,2016-11-11 10:44:59.360,1.29,2016-11-11 14:00:00,
1.128197844,585761,Julien Benneteau,Vatutin v J Benneteau,30,2016-11-11 11:19:12.206,1.3,2016-11-11 14:00:00,
1.128197844,585761,Julien Benneteau,Vatutin v J Benneteau,40,2016-11-11 12:34:13.103,1.34,2016-11-11 14:00:00,
1.128197844,585761,Julien Benneteau,Vatutin v J Benneteau,50,2016-11-11 13:03:22.383,1.28,2016-11-11 14:00:00,
1.128197844,585761,Julien Benneteau,Vatutin v J Benneteau,60,2016-11-11 13:13:50.227,1.34,2016-11-11 14:00:00,
1.128197844,585761,Julien Benneteau,Vatutin v J Benneteau,70,2016-11-11 13:30:09.846,1.32,2016-11-11 14:00:00,
1.128197844,585761,Julien Benneteau,Vatutin v J Benneteau,80,2016-11-11 13:34:21.046,1.3,2016-11-11 14:00:00,
1.128197844,585761,Julien Benneteau,Vatutin v J Benneteau,90,2016-11-11 13:40:43.374,1.32,2016-11-11 14:00:00,
1.128197844,585761,Julien Benneteau,Vatutin v J Benneteau,100,2016-11-11 13:50:23.852,1.31,2016-11-11 14:00:00,
1.128197844,7797764,Alexey Vatutin,Vatutin v J Benneteau,0,2016-11-10 22:21:00.565,1.21,2016-11-11 14:00:00,
1.128197844,7797764,Alexey Vatutin,Vatutin v J Benneteau,10,2016-11-11 09:54:10.536,4.3,2016-11-11 14:00:00,
1.128197844,7797764,Alexey Vatutin,Vatutin v J Benneteau,20,2016-11-11 12:34:13.103,3.9,2016-11-11 14:00:00,
1.128197844,7797764,Alexey Vatutin,Vatutin v J Benneteau,30,2016-11-11 12:51:06.686,4.0,2016-11-11 14:00:00,
1.128197844,7797764,Alexey Vatutin,Vatutin v J Benneteau,40,2016-11-11 13:30:09.846,4.1,2016-11-11 14:00:00,
1.128197844,7797764,Alexey Vatutin,Vatutin v J Benneteau,50,2016-11-11 13:31:14.584,4.0,2016-11-11 14:00:00,
1.128197844,7797764,Alexey Vatutin,Vatutin v J Benneteau,60,2016-11-11 13:33:25.652,3.8,2016-11-11 14:00:00,
1.128197844,7797764,Alexey Vatutin,Vatutin v J Benneteau,70,2016-11-11 13:34:58.003,3.75,2016-11-11 14:00:00,
1.128197844,7797764,Alexey Vatutin,Vatutin v J Benneteau,80,2016-11-11 13:37:15.166,4.3,2016-11-11 14:00:00,
1.128197844,7797764,Alexey Vatutin,Vatutin v J Benneteau,90,2016-11-11 13:49:14.356,4.1,2016-11-11 14:00:00,
1.128197844,7797764,Alexey Vatutin,Vatutin v J Benneteau,100,2016-11-11 13:50:23.852,4.2,2016-11-11 14:00:00,
1.128197892,7337094,Edward Corrie,S Kozlov v Corrie,0,2016-11-11 14:56:02.744,3.0,2016-11-12 00:00:00,
1.128197892,7337094,Edward Corrie,S Kozlov v Corrie,10,2016-11-11 15:42:57.286,2.88,2016-11-12 00:00:00,
1.128197892,7337094,Edward Corrie,S Kozlov v Corrie,20,2016-11-11 21:05:22.321,3.05,2016-11-12 00:00:00,
1.128197892,7337094,Edward Corrie,S Kozlov v Corrie,30,2016-11-11 21:39:21.133,3.25,2016-11-12 00:00:00,
1.128197892,7337094,Edward Corrie,S Kozlov v Corrie,40,2016-11-11 21:42:17.006,3.4,2016-11-12 00:00:00,
1.128197892,7337094,Edward Corrie,S Kozlov v Corrie,50,2016-11-11 22:00:18.879,3.45,2016-11-12 00:00:00,
1.128197892,7337094,Edward Corrie,S Kozlov v Corrie,60,2016-11-11 22:06:22.519,3.4,2016-11-12 00:00:00,
1.128197892,7337094,Edward Corrie,S Kozlov v Corrie,70,2016-11-11 22:06:58.226,3.45,2016-11-12 00:00:00,
1.128197892,7337094,Edward Corrie,S Kozlov v Corrie,80,2016-11-11 22:10:12.074,3.6,2016-11-12 00:00:00,
1.128197892,7337094,Edward Corrie,S Kozlov v Corrie,90,2016-11-11 22:56:21.027,3.65,2016-11-12 00:00:00,
1.128197892,7337094,Edward Corrie,S Kozlov v Corrie,100,2016-11-11 23:53:50.105,3.85,2016-11-12 00:00:00,
1.128197892,7415002,Stefan Kozlov,S Kozlov v Corrie,0,2016-11-11 11:17:31.556,1.48,2016-11-12 00:00:00,
1.128197892,7415002,Stefan Kozlov,S Kozlov v Corrie,10,2016-11-11 16:36:23.606,1.51,2016-11-12 00:00:00,
1.128197892,7415002,Stefan Kozlov,S Kozlov v Corrie,20,2016-11-11 20:53:48.580,1.51,2016-11-12 00:00:00,
1.128197892,7415002,Stefan Kozlov,S Kozlov v Corrie,30,2016-11-11 21:24:12.877,1.46,2016-11-12 00:00:00,
1.128197892,7415002,Stefan Kozlov,S Kozlov v Corrie,40,2016-11-11 21:40:22.028,1.42,2016-11-12 00:00:00,
1.128197892,7415002,Stefan Kozlov,S Kozlov v Corrie,50,2016-11-11 21:46:14.462,1.42,2016-11-12 00:00:00,
1.128197892,7415002,Stefan Kozlov,S Kozlov v Corrie,60,2016-11-11 22:09:20.835,1.39,2016-11-12 00:00:00,
1.128197892,7415002,Stefan Kozlov,S Kozlov v Corrie,70,2016-11-11 22:26:19.173,1.38,2016-11-12 00:00:00,
1.128197892,7415002,Stefan Kozlov,S Kozlov v Corrie,80,2016-11-11 22:38:22.097,1.38,2016-11-12 00:00:00,
1.128197892,7415002,Stefan Kozlov,S Kozlov v Corrie,90,2016-11-11 23:18:20.219,1.36,2016-11-12 00:00:00,
1.128197892,7415002,Stefan Kozlov,S Kozlov v Corrie,100,2016-11-11 23:55:18.927,1.33,2016-11-12 00:00:00,
1.128200156,2284304,Sergiy Stakhovsky,Stakhovsky v Nedovyesov,0,2016-11-11 08:34:34.295,1.53,2016-11-11 15:00:00,
1.128200156,2284304,Sergiy Stakhovsky,Stakhovsky v Nedovyesov,10,2016-11-11 09:03:19.819,1.65,2016-11-11 15:00:00,
1.128200156,2284304,Sergiy Stakhovsky,Stakhovsky v Nedovyesov,20,2016-11-11 11:07:22.728,1.55,2016-11-11 15:00:00,
1.128200156,2284304,Sergiy Stakhovsky,Stakhovsky v Nedovyesov,30,2016-11-11 13:01:11.307,1.57,2016-11-11 15:00:00,
1.128200156,2284304,Sergiy Stakhovsky,Stakhovsky v Nedovyesov,40,2016-11-11 13:17:11.622,1.5,2016-11-11 15:00:00,
1.128200156,2284304,Sergiy Stakhovsky,Stakhovsky v Nedovyesov,50,2016-11-11 14:10:05.881,1.5,2016-11-11 15:00:00,
1.128200156,2284304,Sergiy Stakhovsky,Stakhovsky v Nedovyesov,60,2016-11-11 14:35:38.161,1.53,2016-11-11 15:00:00,
1.128200156,2284304,Sergiy Stakhovsky,Stakhovsky v Nedovyesov,70,2016-11-11 14:53:56.820,1.52,2016-11-11 15:00:00,
1.128200156,2284304,Sergiy Stakhovsky,Stakhovsky v Nedovyesov,80,2016-11-11 15:11:19.665,1.5,2016-11-11 15:15:00,
1.128200156,2284304,Sergiy Stakhovsky,Stakhovsky v Nedovyesov,90,2016-11-11 15:18:15.739,1.49,2016-11-11 15:30:00,
1.128200156,2284304,Sergiy Stakhovsky,Stakhovsky v Nedovyesov,100,2016-11-11 15:23:14.830,1.52,2016-11-11 15:30:00,
1.128200156,8188266,Aleksandr Nedovyesov,Stakhovsky v Nedovyesov,0,2016-11-11 08:09:06.580,2.62,2016-11-11 15:00:00,
1.128200156,8188266,Aleksandr Nedovyesov,Stakhovsky v Nedovyesov,10,2016-11-11 08:34:34.295,2.86,2016-11-11 15:00:00,
1.128200156,8188266,Aleksandr Nedovyesov,Stakhovsky v Nedovyesov,20,2016-11-11 08:58:50.548,2.72,2016-11-11 15:00:00,
1.128200156,8188266,Aleksandr Nedovyesov,Stakhovsky v Nedovyesov,30,2016-11-11 09:09:49.648,2.72,2016-11-11 15:00:00,
1.128200156,8188266,Aleksandr Nedovyesov,Stakhovsky v Nedovyesov,40,2016-11-11 10:15:17.108,2.84,2016-11-11 15:00:00,
1.128200156,8188266,Aleksandr Nedovyesov,Stakhovsky v Nedovyesov,50,2016-11-11 13:43:00.013,2.74,2016-11-11 15:00:00,
1.128200156,8188266,Aleksandr Nedovyesov,Stakhovsky v Nedovyesov,60,2016-11-11 14:25:32.229,2.7,2016-11-11 15:00:00,
1.128200156,8188266,Aleksandr Nedovyesov,Stakhovsky v Nedovyesov,70,2016-11-11 14:29:56.186,2.74,2016-11-11 15:00:00,
1.128200156,8188266,Aleksandr Nedovyesov,Stakhovsky v Nedovyesov,80,2016-11-11 14:53:16.125,2.8,2016-11-11 15:00:00,
1.128200156,8188266,Aleksandr Nedovyesov,Stakhovsky v Nedovyesov,90,2016-11-11 15:19:06.459,3.05,2016-11-11 15:30:00,
1.128200156,8188266,Aleksandr Nedovyesov,Stakhovsky v Nedovyesov,100,2016-11-11 15:22:17.852,2.62,2016-11-11 15:30:00,
1.128200383,8798905,Michael Mmoh,Mmoh v A Krajicek,0,2016-11-11 07:52:11.521,1.7,2016-11-11 19:00:00,
1.128200383,8798905,Michael Mmoh,Mmoh v A Krajicek,10,2016-11-11 08:58:13.548,1.67,2016-11-11 19:00:00,
1.128200383,8798905,Michael Mmoh,Mmoh v A Krajicek,20,2016-11-11 09:21:05.812,1.65,2016-11-11 19:00:00,
1.128200383,8798905,Michael Mmoh,Mmoh v A Krajicek,30,2016-11-11 10:34:19.291,1.83,2016-11-11 19:00:00,
1.128200383,8798905,Michael Mmoh,Mmoh v A Krajicek,40,2016-11-11 15:35:31.244,1.7,2016-11-11 19:00:00,
1.128200383,8798905,Michael Mmoh,Mmoh v A Krajicek,50,2016-11-11 17:11:37.626,1.69,2016-11-11 19:15:00,
1.128200383,8798905,Michael Mmoh,Mmoh v A Krajicek,60,2016-11-11 17:30:08.934,1.67,2016-11-11 19:30:00,
1.128200383,8798905,Michael Mmoh,Mmoh v A Krajicek,70,2016-11-11 18:32:18.333,1.67,2016-11-11 19:30:00,
1.128200383,8798905,Michael Mmoh,Mmoh v A Krajicek,80,2016-11-11 19:13:44.240,1.66,2016-11-11 19:30:00,
1.128200383,8798905,Michael Mmoh,Mmoh v A Krajicek,90,2016-11-11 19:27:19.184,1.63,2016-11-11 19:30:00,
1.128200383,8798905,Michael Mmoh,Mmoh v A Krajicek,100,2016-11-11 19:59:07.969,1.61,2016-11-11 20:00:00,
1.128200768,7413423,Jared Donaldson,J Donaldson v Bemelmans,0,2016-11-11 07:36:17.378,1.9,2016-11-11 17:00:00,
1.128200768,7413423,Jared Donaldson,J Donaldson v Bemelmans,10,2016-11-11 09:10:23.355,1.79,2016-11-11 17:00:00,
1.128200768,7413423,Jared Donaldson,J Donaldson v Bemelmans,20,2016-11-11 09:50:02.045,1.96,2016-11-11 17:00:00,
1.128200768,7413423,Jared Donaldson,J Donaldson v Bemelmans,30,2016-11-11 10:50:46.816,1.83,2016-11-11 17:00:00,
1.128200768,7413423,Jared Donaldson,J Donaldson v Bemelmans,40,2016-11-11 11:49:23.752,1.76,2016-11-11 17:00:00,
1.128200768,7413423,Jared Donaldson,J Donaldson v Bemelmans,50,2016-11-11 13:56:03.952,1.89,2016-11-11 17:00:00,
1.128200768,7413423,Jared Donaldson,J Donaldson v Bemelmans,60,2016-11-11 15:39:26.271,1.92,2016-11-11 17:00:00,
1.128200768,7413423,Jared Donaldson,J Donaldson v Bemelmans,70,2016-11-11 16:35:22.942,1.95,2016-11-11 17:00:00,
1.128200768,7413423,Jared Donaldson,J Donaldson v Bemelmans,80,2016-11-11 16:59:51.790,1.9,2016-11-11 17:00:00,
1.128200768,7413423,Jared Donaldson,J Donaldson v Bemelmans,90,2016-11-11 17:22:13.986,1.94,2016-11-11 17:30:00,
1.128200768,7413423,Jared Donaldson,J Donaldson v Bemelmans,100,2016-11-11 17:27:34.982,1.94,2016-11-11 17:30:00,
1.128201019,6064287,James Duckworth,Du Lee v Duckworth,0,2016-11-11 12:44:19.455,1.46,2016-11-12 03:00:00,
1.128201019,6064287,James Duckworth,Du Lee v Duckworth,10,2016-11-11 20:36:53.920,1.54,2016-11-12 03:00:00,
1.128201019,6064287,James Duckworth,Du Lee v Duckworth,20,2016-11-11 23:00:32.792,1.48,2016-11-12 03:00:00,
1.128201019,6064287,James Duckworth,Du Lee v Duckworth,30,2016-11-11 23:15:23.639,1.47,2016-11-12 03:00:00,
1.128201019,6064287,James Duckworth,Du Lee v Duckworth,40,2016-11-11 23:27:30.156,1.5,2016-11-12 03:00:00,
1.128201019,6064287,James Duckworth,Du Lee v Duckworth,50,2016-11-12 01:14:53.693,1.47,2016-11-12 03:00:00,
1.128201019,6064287,James Duckworth,Du Lee v Duckworth,60,2016-11-12 02:35:16.047,1.45,2016-11-12 03:00:00,
1.128201019,6064287,James Duckworth,Du Lee v Duckworth,70,2016-11-12 02:36:10.815,1.44,2016-11-12 03:00:00,
1.128201019,6064287,James Duckworth,Du Lee v Duckworth,80,2016-11-12 02:44:40.110,1.42,2016-11-12 03:00:00,
1.128201019,6064287,James Duckworth,Du Lee v Duckworth,90,2016-11-12 02:49:27.336,1.39,2016-11-12 03:00:00,
1.128201019,6064287,James Duckworth,Du Lee v Duckworth,100,2016-11-12 02:55:18.536,1.41,2016-11-12 03:00:00,
1.128201105,7690576,Hyeon Chung,Soeda v Hy Chung,0,2016-11-11 13:32:15.399,1.95,2016-11-12 05:00:00,
1.128201105,7690576,Hyeon Chung,Soeda v Hy Chung,10,2016-11-11 20:48:09.009,1.8,2016-11-12 05:00:00,
1.128201105,7690576,Hyeon Chung,Soeda v Hy Chung,20,2016-11-11 23:12:29.106,1.77,2016-11-12 05:00:00,
1.128201105,7690576,Hyeon Chung,Soeda v Hy Chung,30,2016-11-12 02:41:49.453,1.83,2016-11-12 05:00:00,
1.128201105,7690576,Hyeon Chung,Soeda v Hy Chung,40,2016-11-12 03:04:21.178,1.82,2016-11-12 04:52:00,
1.128201105,7690576,Hyeon Chung,Soeda v Hy Chung,50,2016-11-12 03:08:14.618,1.81,2016-11-12 04:52:00,
1.128201105,7690576,Hyeon Chung,Soeda v Hy Chung,60,2016-11-12 03:11:21.061,1.75,2016-11-12 04:52:00,
1.128201105,7690576,Hyeon Chung,Soeda v Hy Chung,70,2016-11-12 03:16:23.880,1.74,2016-11-12 04:52:00,
1.128201105,7690576,Hyeon Chung,Soeda v Hy Chung,80,2016-11-12 03:19:19.630,1.74,2016-11-12 04:52:00,
1.128201105,7690576,Hyeon Chung,Soeda v Hy Chung,90,2016-11-12 03:29:23.333,1.73,2016-11-12 04:52:00,
1.128201105,7690576,Hyeon Chung,Soeda v Hy Chung,100,2016-11-12 04:43:14.271,1.73,2016-11-12 04:45:00,
1.128214451,8257870,Stefano Napolitano,S Napolitano v Krawietz,0,2016-11-12 07:51:34.395,1.67,2016-11-12 13:00:00,
1.128214451,8257870,Stefano Napolitano,S Napolitano v Krawietz,10,2016-11-12 08:00:57.376,1.84,2016-11-12 13:00:00,
1.128214451,8257870,Stefano Napolitano,S Napolitano v Krawietz,20,2016-11-12 09:28:14.249,1.68,2016-11-12 13:00:00,
1.128214451,8257870,Stefano Napolitano,S Napolitano v Krawietz,30,2016-11-12 10:12:35.760,1.71,2016-11-12 13:00:00,
1.128214451,8257870,Stefano Napolitano,S Napolitano v Krawietz,40,2016-11-12 10:48:55.235,1.72,2016-11-12 13:00:00,
1.128214451,8257870,Stefano Napolitano,S Napolitano v Krawietz,50,2016-11-12 11:47:46.348,1.8,2016-11-12 13:00:00,
1.128214451,8257870,Stefano Napolitano,S Napolitano v Krawietz,60,2016-11-12 12:33:48.788,1.81,2016-11-12 13:00:00,
1.128214451,8257870,Stefano Napolitano,S Napolitano v Krawietz,70,2016-11-12 12:37:49.044,1.83,2016-11-12 13:00:00,
1.128214451,8257870,Stefano Napolitano,S Napolitano v Krawietz,80,2016-11-12 12:45:56.649,1.81,2016-11-12 13:00:00,
1.128214451,8257870,Stefano Napolitano,S Napolitano v Krawietz,90,2016-11-12 12:47:49.394,1.87,2016-11-12 13:00:00,
1.128214451,8257870,Stefano Napolitano,S Napolitano v Krawietz,100,2016-11-12 12:53:52.341,1.9,2016-11-12 13:00:00,
1.128216159,585761,Julien Benneteau,Gojowczyk v J Benneteau,0,2016-11-12 09:28:14.528,1.53,2016-11-12 14:00:00,
1.128216159,585761,Julien Benneteau,Gojowczyk v J Benneteau,10,2016-11-12 11:13:54.613,1.51,2016-11-12 14:00:00,
1.128216159,585761,Julien Benneteau,Gojowczyk v J Benneteau,20,2016-11-12 11:46:48.744,1.52,2016-11-12 13:45:00,
1.128216159,585761,Julien Benneteau,Gojowczyk v J Benneteau,30,2016-11-12 11:57:58.926,1.53,2016-11-12 13:45:00,
1.128216159,585761,Julien Benneteau,Gojowczyk v J Benneteau,40,2016-11-12 12:28:57.747,1.53,2016-11-12 13:45:00,
1.128216159,585761,Julien Benneteau,Gojowczyk v J Benneteau,50,2016-11-12 13:20:46.102,1.51,2016-11-12 13:45:00,
1.128216159,585761,Julien Benneteau,Gojowczyk v J Benneteau,60,2016-11-12 13:36:36.985,1.49,2016-11-12 13:45:00,
1.128216159,585761,Julien Benneteau,Gojowczyk v J Benneteau,70,2016-11-12 13:42:59.943,1.53,2016-11-12 13:45:00,
1.128216159,585761,Julien Benneteau,Gojowczyk v J Benneteau,80,2016-11-12 13:56:00.548,1.53,2016-11-12 14:00:00,
1.128216159,585761,Julien Benneteau,Gojowczyk v J Benneteau,90,2016-11-12 13:57:48.490,1.52,2016-11-12 14:00:00,
1.128216159,585761,Julien Benneteau,Gojowczyk v J Benneteau,100,2016-11-12 14:03:01.121,1.57,2016-11-12 14:17:00,
1.128216159,4691416,Peter Gojowczyk,Gojowczyk v J Benneteau,0,2016-11-12 04:37:23.556,2.54,2016-11-12 14:00:00,
1.128216159,4691416,Peter Gojowczyk,Gojowczyk v J Benneteau,10,2016-11-12 08:54:44.091,2.6,2016-11-12 14:00:00,
1.128216159,4691416,Peter Gojowczyk,Gojowczyk v J Benneteau,20,2016-11-12 09:18:51.458,2.62,2016-11-12 14:00:00,
1.128216159,4691416,Peter Gojowczyk,Gojowczyk v J Benneteau,30,2016-11-12 10:33:31.651,2.8,2016-11-12 14:00:00,
1.128216159,4691416,Peter Gojowczyk,Gojowczyk v J Benneteau,40,2016-11-12 11:35:28.398,2.68,2016-11-12 14:00:00,
1.128216159,4691416,Peter Gojowczyk,Gojowczyk v J Benneteau,50,2016-11-12 12:28:57.747,2.72,2016-11-12 13:45:00,
1.128216159,4691416,Peter Gojowczyk,Gojowczyk v J Benneteau,60,2016-11-12 13:27:42.516,2.96,2016-11-12 13:45:00,
1.128216159,4691416,Peter Gojowczyk,Gojowczyk v J Benneteau,70,2016-11-12 13:36:36.985,3.1,2016-11-12 13:45:00,
1.128216159,4691416,Peter Gojowczyk,Gojowczyk v J Benneteau,80,2016-11-12 13:38:57.489,2.92,2016-11-12 13:45:00,
1.128216159,4691416,Peter Gojowczyk,Gojowczyk v J Benneteau,90,2016-11-12 13:42:59.943,2.88,2016-11-12 13:45:00,
1.128216159,4691416,Peter Gojowczyk,Gojowczyk v J Benneteau,100,2016-11-12 13:57:48.490,2.92,2016-11-12 14:00:00,
1.128216325,4195870,Marius Copil,Copil v D Medvedev,0,2016-11-12 00:17:22.112,2.16,2016-11-12 13:00:00,
1.128216325,4195870,Marius Copil,Copil v D Medvedev,10,2016-11-12 09:54:34.345,2.22,2016-11-12 13:00:00,
1.128216325,4195870,Marius Copil,Copil v D Medvedev,20,2016-11-12 10:48:55.237,2.34,2016-11-12 13:00:00,
1.128216325,4195870,Marius Copil,Copil v D Medvedev,30,2016-11-12 11:00:55.265,2.16,2016-11-12 13:00:00,
1.128216325,4195870,Marius Copil,Copil v D Medvedev,40,2016-11-12 11:28:59.946,2.1,2016-11-12 13:00:00,
1.128216325,4195870,Marius Copil,Copil v D Medvedev,50,2016-11-12 11:31:59.711,2.08,2016-11-12 13:00:00,
1.128216325,4195870,Marius Copil,Copil v D Medvedev,60,2016-11-12 11:41:58.343,2.14,2016-11-12 13:00:00,
1.128216325,4195870,Marius Copil,Copil v D Medvedev,70,2016-11-12 12:09:44.651,2.12,2016-11-12 13:00:00,
1.128216325,4195870,Marius Copil,Copil v D Medvedev,80,2016-11-12 12:15:15.392,2.26,2016-11-12 13:00:00,
1.128216325,4195870,Marius Copil,Copil v D Medvedev,90,2016-11-12 12:33:54.481,2.3,2016-11-12 13:00:00,
1.128216325,4195870,Marius Copil,Copil v D Medvedev,100,2016-11-12 12:48:59.694,2.28,2016-11-12 13:00:00,
1.128216325,7797742,Daniil Medvedev,Copil v D Medvedev,0,2016-11-12 00:17:22.112,1.85,2016-11-12 13:00:00,
1.128216325,7797742,Daniil Medvedev,Copil v D Medvedev,10,2016-11-12 08:47:33.179,1.84,2016-11-12 13:00:00,
1.128216325,7797742,Daniil Medvedev,Copil v D Medvedev,20,2016-11-12 10:00:34.071,1.85,2016-11-12 13:00:00,
1.128216325,7797742,Daniil Medvedev,Copil v D Medvedev,30,2016-11-12 10:54:46.642,1.81,2016-11-12 13:00:00,
1.128216325,7797742,Daniil Medvedev,Copil v D Medvedev,40,2016-11-12 11:28:59.946,1.91,2016-11-12 13:00:00,
1.128216325,7797742,Daniil Medvedev,Copil v D Medvedev,50,2016-11-12 11:34:59.928,1.89,2016-11-12 13:00:00,
1.128216325,7797742,Daniil Medvedev,Copil v D Medvedev,60,2016-11-12 11:42:59.620,1.93,2016-11-12 13:00:00,
1.128216325,7797742,Daniil Medvedev,Copil v D Medvedev,70,2016-11-12 12:11:55.844,1.85,2016-11-12 13:00:00,
1.128216325,7797742,Daniil Medvedev,Copil v D Medvedev,80,2016-11-12 12:18:58.615,1.77,2016-11-12 13:00:00,
1.128216325,7797742,Daniil Medvedev,Copil v D Medvedev,90,2016-11-12 12:31:56.102,1.77,2016-11-12 13:00:00,
1.128216325,7797742,Daniil Medvedev,Copil v D Medvedev,100,2016-11-12 12:47:58.108,1.78,2016-11-12 13:00:00,
1.128219678,6199453,Karolina Pliskova,1.Mladenovic v Pliskova,0,2016-11-12 03:54:06.927,1.44,2016-11-12 13:00:00,
1.128219678,6199453,Karolina Pliskova,1.Mladenovic v Pliskova,10,2016-11-12 05:59:16.041,1.42,2016-11-12 13:00:00,
1.128219678,6199453,Karolina Pliskova,1.Mladenovic v Pliskova,20,2016-11-12 08:40:25.298,1.42,2016-11-12 13:00:00,
1.128219678,6199453,Karolina Pliskova,1.Mladenovic v Pliskova,30,2016-11-12 10:20:15.588,1.45,2016-11-12 13:00:00,
1.128219678,6199453,Karolina Pliskova,1.Mladenovic v Pliskova,40,2016-11-12 11:08:23.251,1.44,2016-11-12 13:00:00,
1.128219678,6199453,Karolina Pliskova,1.Mladenovic v Pliskova,50,2016-11-12 12:09:18.134,1.44,2016-11-12 13:00:00,
1.128219678,6199453,Karolina Pliskova,1.Mladenovic v Pliskova,60,2016-11-12 12:23:24.059,1.45,2016-11-12 13:00:00,
1.128219678,6199453,Karolina Pliskova,1.Mladenovic v Pliskova,70,2016-11-12 12:31:24.903,1.44,2016-11-12 13:00:00,
1.128219678,6199453,Karolina Pliskova,1.Mladenovic v Pliskova,80,2016-11-12 12:46:14.596,1.42,2016-11-12 13:00:00,
1.128219678,6199453,Karolina Pliskova,1.Mladenovic v Pliskova,90,2016-11-12 12:50:22.133,1.42,2016-11-12 13:00:00,
1.128219678,6199453,Karolina Pliskova,1.Mladenovic v Pliskova,100,2016-11-12 12:59:25.236,1.42,2016-11-12 13:00:00,
1.128219703,2497008,Petra Kvitova,2.Garcia v Kvitova,0,2016-11-11 16:44:34.052,1.31,2016-11-12 15:00:00,
1.128219703,2497008,Petra Kvitova,2.Garcia v Kvitova,10,2016-11-12 06:08:27.882,1.85,2016-11-12 15:00:00,
1.128219703,2497008,Petra Kvitova,2.Garcia v Kvitova,20,2016-11-12 09:13:10.220,1.3,2016-11-12 15:00:00,
1.128219703,2497008,Petra Kvitova,2.Garcia v Kvitova,30,2016-11-12 10:44:38.598,1.3,2016-11-12 15:00:00,
1.128219703,2497008,Petra Kvitova,2.Garcia v Kvitova,40,2016-11-12 12:16:09.465,1.29,2016-11-12 15:00:00,
1.128219703,2497008,Petra Kvitova,2.Garcia v Kvitova,50,2016-11-12 12:43:30.342,1.29,2016-11-12 15:00:00,
1.128219703,2497008,Petra Kvitova,2.Garcia v Kvitova,60,2016-11-12 13:26:20.397,1.28,2016-11-12 15:00:00,
1.128219703,2497008,Petra Kvitova,2.Garcia v Kvitova,70,2016-11-12 14:00:25.931,1.29,2016-11-12 15:00:00,
1.128219703,2497008,Petra Kvitova,2.Garcia v Kvitova,80,2016-11-12 14:09:27.730,1.29,2016-11-12 15:00:00,
1.128219703,2497008,Petra Kvitova,2.Garcia v Kvitova,90,2016-11-12 14:12:56.918,1.3,2016-11-12 15:00:00,
1.128219703,2497008,Petra Kvitova,2.Garcia v Kvitova,100,2016-11-12 14:39:29.714,1.28,2016-11-12 15:00:00,
1.128219967,5248977,Caroline Garcia,3.Garcia v Pliskova,0,2016-11-12 18:58:27.711,2.7,2016-11-13 12:30:00,
1.128219967,5248977,Caroline Garcia,3.Garcia v Pliskova,10,2016-11-12 23:51:53.678,2.64,2016-11-13 12:30:00,
1.128219967,5248977,Caroline Garcia,3.Garcia v Pliskova,20,2016-11-13 07:10:29.885,2.38,2016-11-13 12:30:00,
1.128219967,5248977,Caroline Garcia,3.Garcia v Pliskova,30,2016-11-13 09:29:11.112,2.46,2016-11-13 12:30:00,
1.128219967,5248977,Caroline Garcia,3.Garcia v Pliskova,40,2016-11-13 09:58:34.740,2.38,2016-11-13 12:30:00,
1.128219967,5248977,Caroline Garcia,3.Garcia v Pliskova,50,2016-11-13 10:16:11.463,2.34,2016-11-13 12:30:00,
1.128219967,5248977,Caroline Garcia,3.Garcia v Pliskova,60,2016-11-13 11:05:35.674,2.26,2016-11-13 12:30:00,
1.128219967,5248977,Caroline Garcia,3.Garcia v Pliskova,70,2016-11-13 11:36:33.593,2.36,2016-11-13 12:30:00,
1.128219967,5248977,Caroline Garcia,3.Garcia v Pliskova,80,2016-11-13 11:48:15.755,2.3,2016-11-13 12:30:00,
1.128219967,5248977,Caroline Garcia,3.Garcia v Pliskova,90,2016-11-13 12:05:29.619,2.26,2016-11-13 12:30:00,
1.128219967,5248977,Caroline Garcia,3.Garcia v Pliskova,100,2016-11-13 12:26:36.012,2.36,2016-11-13 12:30:00,
1.128219967,6199453,Karolina Pliskova,3.Garcia v Pliskova,0,2016-11-12 18:35:29.759,1.5,2016-11-13 12:30:00,
1.128219967,6199453,Karolina Pliskova,3.Garcia v Pliskova,10,2016-11-13 04:18:30.493,1.65,2016-11-13 12:30:00,
1.128219967,6199453,Karolina Pliskova,3.Garcia v Pliskova,20,2016-11-13 07:10:29.885,1.76,2016-11-13 12:30:00,
1.128219967,6199453,Karolina Pliskova,3.Garcia v Pliskova,30,2016-11-13 08:44:28.673,1.66,2016-11-13 12:30:00,
1.128219967,6199453,Karolina Pliskova,3.Garcia v Pliskova,40,2016-11-13 09:52:22.340,1.71,2016-11-13 12:30:00,
1.128219967,6199453,Karolina Pliskova,3.Garcia v Pliskova,50,2016-11-13 10:05:35.193,1.76,2016-11-13 12:30:00,
1.128219967,6199453,Karolina Pliskova,3.Garcia v Pliskova,60,2016-11-13 10:57:18.248,1.78,2016-11-13 12:30:00,
1.128219967,6199453,Karolina Pliskova,3.Garcia v Pliskova,70,2016-11-13 11:36:33.593,1.74,2016-11-13 12:30:00,
1.128219967,6199453,Karolina Pliskova,3.Garcia v Pliskova,80,2016-11-13 11:54:19.072,1.73,2016-11-13 12:30:00,
1.128219967,6199453,Karolina Pliskova,3.Garcia v Pliskova,90,2016-11-13 12:15:09.979,1.76,2016-11-13 12:30:00,
1.128219967,6199453,Karolina Pliskova,3.Garcia v Pliskova,100,2016-11-13 12:29:36.244,1.73,2016-11-13 12:30:00,
1.128219983,2497008,Petra Kvitova,4.Mladenovic v Kvitova,0,2016-11-13 01:50:15.055,1.31,2016-11-13 14:30:00,
1.128219983,2497008,Petra Kvitova,4.Mladenovic v Kvitova,10,2016-11-13 05:39:28.061,1.28,2016-11-13 14:30:00,
1.128219983,2497008,Petra Kvitova,4.Mladenovic v Kvitova,20,2016-11-13 09:13:20.922,1.27,2016-11-13 14:30:00,
1.128219983,2497008,Petra Kvitova,4.Mladenovic v Kvitova,30,2016-11-13 10:50:22.088,1.24,2016-11-13 14:30:00,
1.128219983,2497008,Petra Kvitova,4.Mladenovic v Kvitova,40,2016-11-13 11:23:23.758,1.27,2016-11-13 14:30:00,2016-11-13 11:20:03.833
1.128219983,2497008,Petra Kvitova,4.Mladenovic v Kvitova,50,2016-11-13 11:39:22.034,1.38,2016-11-13 14:30:00,2016-11-13 11:20:03.833
1.128219983,2497008,Petra Kvitova,4.Mladenovic v Kvitova,60,2016-11-13 11:48:18.843,1.26,2016-11-13 14:30:00,2016-11-13 11:20:03.833
1.128219983,2497008,Petra Kvitova,4.Mladenovic v Kvitova,70,2016-11-13 11:59:22.641,1.27,2016-11-13 14:30:00,2016-11-13 11:20:03.833
1.128219983,2497008,Petra Kvitova,4.Mladenovic v Kvitova,80,2016-11-13 12:16:24.152,1.26,2016-11-13 14:30:00,2016-11-13 11:20:03.833
1.128219983,2497008,Petra Kvitova,4.Mladenovic v Kvitova,90,2016-11-13 12:53:21.144,1.25,2016-11-13 14:30:00,2016-11-13 11:20:03.833
1.128219983,2497008,Petra Kvitova,4.Mladenovic v Kvitova,100,2016-11-13 14:00:25.221,1.24,2016-11-13 14:30:00,2016-11-13 11:20:03.833
1.128219983,3622052,Kristina Mladenovic,4.Mladenovic v Kvitova,0,2016-11-13 01:50:15.055,4.2,2016-11-13 14:30:00,
1.128219983,3622052,Kristina Mladenovic,4.Mladenovic v Kvitova,10,2016-11-13 09:01:28.480,4.5,2016-11-13 14:30:00,
1.128219983,3622052,Kristina Mladenovic,4.Mladenovic v Kvitova,20,2016-11-13 10:32:24.091,4.9,2016-11-13 14:30:00,
1.128219983,3622052,Kristina Mladenovic,4.Mladenovic v Kvitova,30,2016-11-13 10:57:14.946,5.2,2016-11-13 14:30:00,
1.128219983,3622052,Kristina Mladenovic,4.Mladenovic v Kvitova,40,2016-11-13 11:08:16.447,4.7,2016-11-13 14:30:00,
1.128219983,3622052,Kristina Mladenovic,4.Mladenovic v Kvitova,50,2016-11-13 11:46:37.771,3.9,2016-11-13 14:30:00,2016-11-13 11:20:03.833
1.128219983,3622052,Kristina Mladenovic,4.Mladenovic v Kvitova,60,2016-11-13 11:51:07.953,4.6,2016-11-13 14:30:00,2016-11-13 11:20:03.833
1.128219983,3622052,Kristina Mladenovic,4.Mladenovic v Kvitova,70,2016-11-13 11:56:22.792,4.0,2016-11-13 14:30:00,2016-11-13 11:20:03.833
1.128219983,3622052,Kristina Mladenovic,4.Mladenovic v Kvitova,80,2016-11-13 12:44:45.822,4.9,2016-11-13 14:30:00,2016-11-13 11:20:03.833
1.128219983,3622052,Kristina Mladenovic,4.Mladenovic v Kvitova,90,2016-11-13 13:17:22.289,4.4,2016-11-13 14:30:00,2016-11-13 11:20:03.833
1.128219983,3622052,Kristina Mladenovic,4.Mladenovic v Kvitova,100,2016-11-13 14:14:01.555,4.7,2016-11-13 14:30:00,2016-11-13 11:20:03.833
1.128221437,3911345,Benoit Paire,Paire v Rublev,0,2016-11-11 21:56:52.885,1.57,2016-11-12 15:00:00,
1.128221437,3911345,Benoit Paire,Paire v Rublev,10,2016-11-12 09:38:59.413,1.6,2016-11-12 15:00:00,
1.128221437,3911345,Benoit Paire,Paire v Rublev,20,2016-11-12 12:08:32.323,1.55,2016-11-12 15:00:00,
1.128221437,3911345,Benoit Paire,Paire v Rublev,30,2016-11-12 12:58:13.080,1.53,2016-11-12 15:00:00,
1.128221437,3911345,Benoit Paire,Paire v Rublev,40,2016-11-12 13:11:53.259,1.72,2016-11-12 15:00:00,
1.128221437,3911345,Benoit Paire,Paire v Rublev,50,2016-11-12 13:21:04.092,1.72,2016-11-12 15:00:00,
1.128221437,3911345,Benoit Paire,Paire v Rublev,60,2016-11-12 13:24:03.909,1.71,2016-11-12 15:00:00,
1.128221437,3911345,Benoit Paire,Paire v Rublev,70,2016-11-12 13:29:59.169,1.73,2016-11-12 15:00:00,
1.128221437,3911345,Benoit Paire,Paire v Rublev,80,2016-11-12 14:30:03.786,1.68,2016-11-12 15:00:00,
1.128221437,3911345,Benoit Paire,Paire v Rublev,90,2016-11-12 15:41:54.313,1.73,2016-11-12 15:45:00,
1.128221437,3911345,Benoit Paire,Paire v Rublev,100,2016-11-12 16:04:05.535,1.75,2016-11-12 16:15:00,
1.128221437,7797771,Andrey Rublev,Paire v Rublev,0,2016-11-12 09:38:59.413,2.66,2016-11-12 15:00:00,
1.128221437,7797771,Andrey Rublev,Paire v Rublev,10,2016-11-12 10:22:37.811,2.62,2016-11-12 15:00:00,
1.128221437,7797771,Andrey Rublev,Paire v Rublev,20,2016-11-12 11:19:46.058,2.38,2016-11-12 15:00:00,
1.128221437,7797771,Andrey Rublev,Paire v Rublev,30,2016-11-12 12:01:18.437,2.62,2016-11-12 15:00:00,
1.128221437,7797771,Andrey Rublev,Paire v Rublev,40,2016-11-12 13:10:41.223,2.42,2016-11-12 15:00:00,
1.128221437,7797771,Andrey Rublev,Paire v Rublev,50,2016-11-12 13:11:53.259,2.4,2016-11-12 15:00:00,
1.128221437,7797771,Andrey Rublev,Paire v Rublev,60,2016-11-12 13:25:00.640,2.38,2016-11-12 15:00:00,
1.128221437,7797771,Andrey Rublev,Paire v Rublev,70,2016-11-12 14:31:03.503,2.34,2016-11-12 15:00:00,
1.128221437,7797771,Andrey Rublev,Paire v Rublev,80,2016-11-12 14:59:35.105,2.38,2016-11-12 15:00:00,
1.128221437,7797771,Andrey Rublev,Paire v Rublev,90,2016-11-12 15:26:59.846,2.32,2016-11-12 15:30:00,
1.128221437,7797771,Andrey Rublev,Paire v Rublev,100,2016-11-12 16:20:51.495,2.36,2016-11-12 16:30:00,
1.128221598,2284304,Sergiy Stakhovsky,Stakhovsky v Gombos,0,2016-11-11 22:38:03.823,1.92,2016-11-12 15:00:00,
1.128221598,2284304,Sergiy Stakhovsky,Stakhovsky v Gombos,10,2016-11-12 08:02:59.582,2.06,2016-11-12 15:00:00,
1.128221598,2284304,Sergiy Stakhovsky,Stakhovsky v Gombos,20,2016-11-12 10:29:56.019,1.95,2016-11-12 15:00:00,
1.128221598,2284304,Sergiy Stakhovsky,Stakhovsky v Gombos,30,2016-11-12 11:17:53.140,2.08,2016-11-12 15:00:00,
1.128221598,2284304,Sergiy Stakhovsky,Stakhovsky v Gombos,40,2016-11-12 12:03:45.868,2.14,2016-11-12 15:00:00,
1.128221598,2284304,Sergiy Stakhovsky,Stakhovsky v Gombos,50,2016-11-12 12:27:48.605,2.34,2016-11-12 15:00:00,
1.128221598,2284304,Sergiy Stakhovsky,Stakhovsky v Gombos,60,2016-11-12 12:41:01.146,2.4,2016-11-12 15:00:00,
1.128221598,2284304,Sergiy Stakhovsky,Stakhovsky v Gombos,70,2016-11-12 13:04:57.420,2.38,2016-11-12 14:49:00,
1.128221598,2284304,Sergiy Stakhovsky,Stakhovsky v Gombos,80,2016-11-12 14:15:27.211,2.38,2016-11-12 14:49:00,
1.128221598,2284304,Sergiy Stakhovsky,Stakhovsky v Gombos,90,2016-11-12 14:44:01.846,2.44,2016-11-12 14:49:00,
1.128221598,2284304,Sergiy Stakhovsky,Stakhovsky v Gombos,100,2016-11-12 15:06:43.625,2.4,2016-11-12 15:09:00,
1.128221598,8173023,Norbert Gombos,Stakhovsky v Gombos,0,2016-11-11 22:47:00.523,2.08,2016-11-12 15:00:00,
1.128221598,8173023,Norbert Gombos,Stakhovsky v Gombos,10,2016-11-12 08:02:59.582,1.93,2016-11-12 15:00:00,
1.128221598,8173023,Norbert Gombos,Stakhovsky v Gombos,20,2016-11-12 10:42:53.268,2.02,2016-11-12 15:00:00,
1.128221598,8173023,Norbert Gombos,Stakhovsky v Gombos,30,2016-11-12 11:30:01.048,1.86,2016-11-12 15:00:00,
1.128221598,8173023,Norbert Gombos,Stakhovsky v Gombos,40,2016-11-12 12:13:59.295,1.68,2016-11-12 15:00:00,
1.128221598,8173023,Norbert Gombos,Stakhovsky v Gombos,50,2016-11-12 12:22:02.708,1.74,2016-11-12 15:00:00,
1.128221598,8173023,Norbert Gombos,Stakhovsky v Gombos,60,2016-11-12 12:42:53.505,1.73,2016-11-12 15:00:00,
1.128221598,8173023,Norbert Gombos,Stakhovsky v Gombos,70,2016-11-12 13:45:14.402,1.74,2016-11-12 14:49:00,
1.128221598,8173023,Norbert Gombos,Stakhovsky v Gombos,80,2016-11-12 14:37:59.015,1.7,2016-11-12 14:49:00,
1.128221598,8173023,Norbert Gombos,Stakhovsky v Gombos,90,2016-11-12 14:43:02.571,1.69,2016-11-12 14:49:00,
1.128221598,8173023,Norbert Gombos,Stakhovsky v Gombos,100,2016-11-12 15:01:00.964,1.69,2016-11-12 15:04:00,
1.128222008,5829494,Alessandro Giannessi,Sonego v Giannessi,0,2016-11-12 01:57:01.070,1.65,2016-11-12 15:00:00,
1.128222008,5829494,Alessandro Giannessi,Sonego v Giannessi,10,2016-11-12 06:26:40.117,1.72,2016-11-12 15:00:00,
1.128222008,5829494,Alessandro Giannessi,Sonego v Giannessi,20,2016-11-12 07:37:41.456,1.73,2016-11-12 15:00:00,
1.128222008,5829494,Alessandro Giannessi,Sonego v Giannessi,30,2016-11-12 08:04:07.109,1.73,2016-11-12 15:00:00,
1.128222008,5829494,Alessandro Giannessi,Sonego v Giannessi,40,2016-11-12 08:54:38.167,1.72,2016-11-12 15:00:00,
1.128222008,5829494,Alessandro Giannessi,Sonego v Giannessi,50,2016-11-12 11:59:22.744,1.7,2016-11-12 15:00:00,
1.128222008,5829494,Alessandro Giannessi,Sonego v Giannessi,60,2016-11-12 12:36:57.167,1.63,2016-11-12 15:00:00,
1.128222008,5829494,Alessandro Giannessi,Sonego v Giannessi,70,2016-11-12 12:58:29.705,1.68,2016-11-12 14:53:00,
1.128222008,5829494,Alessandro Giannessi,Sonego v Giannessi,80,2016-11-12 13:22:02.856,1.65,2016-11-12 14:53:00,
1.128222008,5829494,Alessandro Giannessi,Sonego v Giannessi,90,2016-11-12 13:44:53.526,1.64,2016-11-12 14:53:00,
1.128222008,5829494,Alessandro Giannessi,Sonego v Giannessi,100,2016-11-12 13:53:20.857,1.6,2016-11-12 14:53:00,
1.128222075,3289083,S Zhang,S Zhang v S Peng,0,2016-11-12 00:20:54.681,1.55,2016-11-12 02:05:00,
1.128222075,3289083,S Zhang,S Zhang v S Peng,10,2016-11-12 00:51:56.450,1.79,2016-11-12 02:05:00,
1.128222075,3289083,S Zhang,S Zhang v S Peng,20,2016-11-12 00:57:14.904,1.65,2016-11-12 02:05:00,
1.128222075,3289083,S Zhang,S Zhang v S Peng,30,2016-11-12 01:04:39.716,1.61,2016-11-12 02:05:00,
1.128222075,3289083,S Zhang,S Zhang v S Peng,40,2016-11-12 01:13:03.856,1.82,2016-11-12 02:05:00,
1.128222075,3289083,S Zhang,S Zhang v S Peng,50,2016-11-12 01:20:59.559,1.81,2016-11-12 02:05:00,
1.128222075,3289083,S Zhang,S Zhang v S Peng,60,2016-11-12 01:24:40.867,1.84,2016-11-12 02:05:00,
1.128222075,3289083,S Zhang,S Zhang v S Peng,70,2016-11-12 01:46:02.175,1.59,2016-11-12 02:05:00,
1.128222075,3289083,S Zhang,S Zhang v S Peng,80,2016-11-12 01:49:55.317,1.65,2016-11-12 02:05:00,
1.128222075,3289083,S Zhang,S Zhang v S Peng,90,2016-11-12 02:00:54.402,1.59,2016-11-12 02:05:00,2016-11-12 02:00:54.402
1.128222075,3289083,S Zhang,S Zhang v S Peng,100,2016-11-12 02:01:55.639,1.6,2016-11-12 02:05:00,2016-11-12 02:00:54.402
1.128222182,4520808,Facundo Bagnis,Bagnis v H Zeballos,0,2016-11-12 00:11:59.389,1.8,2016-11-12 16:00:00,
1.128222182,4520808,Facundo Bagnis,Bagnis v H Zeballos,10,2016-11-12 07:51:52.210,1.7,2016-11-12 16:00:00,
1.128222182,4520808,Facundo Bagnis,Bagnis v H Zeballos,20,2016-11-12 11:17:58.516,1.77,2016-11-12 16:00:00,
1.128222182,4520808,Facundo Bagnis,Bagnis v H Zeballos,30,2016-11-12 11:18:03.384,1.78,2016-11-12 16:00:00,
1.128222182,4520808,Facundo Bagnis,Bagnis v H Zeballos,40,2016-11-12 12:01:40.041,1.8,2016-11-12 16:00:00,
1.128222182,4520808,Facundo Bagnis,Bagnis v H Zeballos,50,2016-11-12 12:33:40.954,1.72,2016-11-12 16:00:00,
1.128222182,4520808,Facundo Bagnis,Bagnis v H Zeballos,60,2016-11-12 13:20:34.580,1.75,2016-11-12 16:00:00,
1.128222182,4520808,Facundo Bagnis,Bagnis v H Zeballos,70,2016-11-12 13:38:21.094,1.77,2016-11-12 16:00:00,
1.128222182,4520808,Facundo Bagnis,Bagnis v H Zeballos,80,2016-11-12 13:40:43.538,1.81,2016-11-12 16:00:00,
1.128222182,4520808,Facundo Bagnis,Bagnis v H Zeballos,90,2016-11-12 14:35:50.843,1.8,2016-11-12 16:00:00,
1.128222182,4520808,Facundo Bagnis,Bagnis v H Zeballos,100,2016-11-12 15:54:59.372,1.72,2016-11-12 16:00:00,
1.128224239,9001383,Rodrigo Arus,Arus v Saavedra-Corvalan,0,2016-11-12 13:37:32.837,3.0,2016-11-12 14:56:00,
1.128224239,9001383,Rodrigo Arus,Arus v Saavedra-Corvalan,10,2016-11-12 13:53:15.664,2.64,2016-11-12 14:56:00,
1.128224239,9001383,Rodrigo Arus,Arus v Saavedra-Corvalan,20,2016-11-12 14:11:38.043,2.02,2016-11-12 14:56:00,
1.128224239,9001383,Rodrigo Arus,Arus v Saavedra-Corvalan,30,2016-11-12 14:14:39.735,2.56,2016-11-12 14:56:00,
1.128224239,9001383,Rodrigo Arus,Arus v Saavedra-Corvalan,40,2016-11-12 14:21:40.742,2.78,2016-11-12 14:56:00,
1.128224239,9001383,Rodrigo Arus,Arus v Saavedra-Corvalan,50,2016-11-12 14:21:50.568,2.8,2016-11-12 14:56:00,
1.128224239,9001383,Rodrigo Arus,Arus v Saavedra-Corvalan,60,2016-11-12 14:28:36.529,2.86,2016-11-12 14:56:00,
1.128224239,9001383,Rodrigo Arus,Arus v Saavedra-Corvalan,70,2016-11-12 14:41:40.470,2.26,2016-11-12 14:56:00,
1.128224239,9001383,Rodrigo Arus,Arus v Saavedra-Corvalan,80,2016-11-12 14:47:28.912,2.32,2016-11-12 14:51:00,
1.128224239,9001383,Rodrigo Arus,Arus v Saavedra-Corvalan,90,2016-11-12 14:50:33.962,2.16,2016-11-12 14:51:00,
1.128224239,9001383,Rodrigo Arus,Arus v Saavedra-Corvalan,100,2016-11-12 14:54:24.336,2.1,2016-11-12 15:06:00,
1.128224239,9626378,Cristobal Saavedra-Corv,Arus v Saavedra-Corvalan,0,2016-11-12 13:37:32.837,1.5,2016-11-12 14:56:00,
1.128224239,9626378,Cristobal Saavedra-Corv,Arus v Saavedra-Corvalan,10,2016-11-12 13:47:41.285,1.51,2016-11-12 14:56:00,
1.128224239,9626378,Cristobal Saavedra-Corv,Arus v Saavedra-Corvalan,20,2016-11-12 13:53:15.664,1.61,2016-11-12 14:56:00,
1.128224239,9626378,Cristobal Saavedra-Corv,Arus v Saavedra-Corvalan,30,2016-11-12 13:56:23.778,1.53,2016-11-12 14:56:00,
1.128224239,9626378,Cristobal Saavedra-Corv,Arus v Saavedra-Corvalan,40,2016-11-12 14:12:40.898,1.53,2016-11-12 14:56:00,
1.128224239,9626378,Cristobal Saavedra-Corv,Arus v Saavedra-Corvalan,50,2016-11-12 14:15:35.541,1.52,2016-11-12 14:56:00,
1.128224239,9626378,Cristobal Saavedra-Corv,Arus v Saavedra-Corvalan,60,2016-11-12 14:21:50.568,1.55,2016-11-12 14:56:00,
1.128224239,9626378,Cristobal Saavedra-Corv,Arus v Saavedra-Corvalan,70,2016-11-12 14:28:36.529,1.54,2016-11-12 14:56:00,
1.128224239,9626378,Cristobal Saavedra-Corv,Arus v Saavedra-Corvalan,80,2016-11-12 14:41:40.470,1.79,2016-11-12 14:56:00,
1.128224239,9626378,Cristobal Saavedra-Corv,Arus v Saavedra-Corvalan,90,2016-11-12 14:50:33.962,1.86,2016-11-12 14:51:00,
1.128224239,9626378,Cristobal Saavedra-Corv,Arus v Saavedra-Corvalan,100,2016-11-12 14:54:24.336,1.9,2016-11-12 15:06:00,
1.128224661,8798905,Michael Mmoh,S Kozlov v Mmoh,0,2016-11-12 07:34:53.049,2.08,2016-11-12 16:00:00,
1.128224661,8798905,Michael Mmoh,S Kozlov v Mmoh,10,2016-11-12 07:57:22.940,1.95,2016-11-12 16:00:00,
1.128224661,8798905,Michael Mmoh,S Kozlov v Mmoh,20,2016-11-12 08:40:39.116,1.71,2016-11-12 16:00:00,
1.128224661,8798905,Michael Mmoh,S Kozlov v Mmoh,30,2016-11-12 09:28:14.466,1.72,2016-11-12 16:00:00,
1.128224661,8798905,Michael Mmoh,S Kozlov v Mmoh,40,2016-11-12 11:26:28.868,1.8,2016-11-12 16:00:00,
1.128224661,8798905,Michael Mmoh,S Kozlov v Mmoh,50,2016-11-12 12:27:36.279,1.77,2016-11-12 16:00:00,
1.128224661,8798905,Michael Mmoh,S Kozlov v Mmoh,60,2016-11-12 12:33:36.025,1.77,2016-11-12 16:00:00,
1.128224661,8798905,Michael Mmoh,S Kozlov v Mmoh,70,2016-11-12 12:58:30.202,1.82,2016-11-12 16:00:00,
1.128224661,8798905,Michael Mmoh,S Kozlov v Mmoh,80,2016-11-12 15:30:24.245,1.78,2016-11-12 16:00:00,
1.128224661,8798905,Michael Mmoh,S Kozlov v Mmoh,90,2016-11-12 16:11:05.586,1.77,2016-11-12 16:15:00,
1.128224661,8798905,Michael Mmoh,S Kozlov v Mmoh,100,2016-11-12 16:16:50.399,1.72,2016-11-12 16:30:00,
1.128224781,8535289,S Crawford,S Crawford v B Haddad Maia,0,2016-11-12 11:41:51.867,2.18,2016-11-12 18:35:00,
1.128224781,8535289,S Crawford,S Crawford v B Haddad Maia,10,2016-11-12 12:06:11.954,2.16,2016-11-12 18:35:00,
1.128224781,8535289,S Crawford,S Crawford v B Haddad Maia,20,2016-11-12 14:03:48.034,2.02,2016-11-12 18:35:00,
1.128224781,8535289,S Crawford,S Crawford v B Haddad Maia,30,2016-11-12 17:25:40.289,1.9,2016-11-12 18:35:00,
1.128224781,8535289,S Crawford,S Crawford v B Haddad Maia,40,2016-11-12 17:28:39.972,1.88,2016-11-12 18:35:00,
1.128224781,8535289,S Crawford,S Crawford v B Haddad Maia,50,2016-11-12 17:59:42.002,1.85,2016-11-12 18:35:00,
1.128224781,8535289,S Crawford,S Crawford v B Haddad Maia,60,2016-11-12 18:00:46.075,1.84,2016-11-12 18:35:00,
1.128224781,8535289,S Crawford,S Crawford v B Haddad Maia,70,2016-11-12 18:03:44.815,1.86,2016-11-12 18:35:00,
1.128224781,8535289,S Crawford,S Crawford v B Haddad Maia,80,2016-11-12 18:28:46.310,1.86,2016-11-12 18:35:00,
1.128224781,8535289,S Crawford,S Crawford v B Haddad Maia,90,2016-11-12 18:29:33.351,1.82,2016-11-12 18:35:00,
1.128224781,8535289,S Crawford,S Crawford v B Haddad Maia,100,2016-11-12 18:34:33.192,1.88,2016-11-12 18:35:00,
1.12822546,2249835,Go Soeda,Cheong- Kim v Soeda,0,2016-11-14 09:53:25.254,1.19,2016-11-15 02:00:00,
1.12822546,2249835,Go Soeda,Cheong- Kim v Soeda,10,2016-11-14 18:11:31.940,1.21,2016-11-15 02:00:00,
1.12822546,2249835,Go Soeda,Cheong- Kim v Soeda,20,2016-11-14 22:02:47.120,1.23,2016-11-15 02:00:00,
1.12822546,2249835,Go Soeda,Cheong- Kim v Soeda,30,2016-11-14 22:51:11.508,1.34,2016-11-15 02:00:00,
1.12822546,2249835,Go Soeda,Cheong- Kim v Soeda,40,2016-11-14 23:16:21.905,1.24,2016-11-15 02:00:00,
1.12822546,2249835,Go Soeda,Cheong- Kim v Soeda,50,2016-11-15 00:00:21.754,1.24,2016-11-15 02:00:00,
1.12822546,2249835,Go Soeda,Cheong- Kim v Soeda,60,2016-11-15 00:50:30.761,1.26,2016-11-15 02:00:00,
1.12822546,2249835,Go Soeda,Cheong- Kim v Soeda,70,2016-11-15 01:33:18.310,1.22,2016-11-15 02:00:00,
1.12822546,2249835,Go Soeda,Cheong- Kim v Soeda,80,2016-11-15 01:51:23.519,1.19,2016-11-15 02:00:00,
1.12822546,2249835,Go Soeda,Cheong- Kim v Soeda,90,2016-11-15 02:13:32.261,1.16,2016-11-15 02:15:00,
1.12822546,2249835,Go Soeda,Cheong- Kim v Soeda,100,2016-11-15 02:18:29.200,1.16,2016-11-15 02:30:00,
1.128225592,6064287,James Duckworth,Michon v Duckworth,0,2016-11-15 10:38:14.803,1.25,2016-11-16 01:00:00,
1.128225592,6064287,James Duckworth,Michon v Duckworth,10,2016-11-15 22:41:17.834,1.21,2016-11-16 01:00:00,
1.128225592,6064287,James Duckworth,Michon v Duckworth,20,2016-11-15 22:59:27.013,1.22,2016-11-16 01:00:00,
1.128225592,6064287,James Duckworth,Michon v Duckworth,30,2016-11-15 23:00:32.684,1.21,2016-11-16 01:00:00,
1.128225592,6064287,James Duckworth,Michon v Duckworth,40,2016-11-15 23:12:24.945,1.19,2016-11-16 01:00:00,
1.128225592,6064287,James Duckworth,Michon v Duckworth,50,2016-11-16 00:17:41.380,1.22,2016-11-16 01:00:00,
1.128225592,6064287,James Duckworth,Michon v Duckworth,60,2016-11-16 00:28:11.437,1.21,2016-11-16 01:00:00,
1.128225592,6064287,James Duckworth,Michon v Duckworth,70,2016-11-16 00:29:39.996,1.19,2016-11-16 01:00:00,
1.128225592,6064287,James Duckworth,Michon v Duckworth,80,2016-11-16 00:30:30.868,1.1,2016-11-16 01:00:00,
1.128225592,6064287,James Duckworth,Michon v Duckworth,90,2016-11-16 00:32:28.583,1.16,2016-11-16 01:00:00,
1.128225592,6064287,James Duckworth,Michon v Duckworth,100,2016-11-16 00:45:37.907,1.16,2016-11-16 01:00:00,
1.128225636,5822663,Amir Weintraub,Weintraub v Kibi,0,2016-11-13 23:14:14.777,1.9,2016-11-14 12:00:00,
1.128225636,5822663,Amir Weintraub,Weintraub v Kibi,10,2016-11-14 20:45:37.735,1.67,2016-11-15 07:00:00,
1.128225636,5822663,Amir Weintraub,Weintraub v Kibi,20,2016-11-14 22:03:28.243,1.66,2016-11-15 07:00:00,
1.128225636,5822663,Amir Weintraub,Weintraub v Kibi,30,2016-11-15 01:09:06.201,1.61,2016-11-15 07:00:00,
1.128225636,5822663,Amir Weintraub,Weintraub v Kibi,40,2016-11-15 01:56:16.769,1.58,2016-11-15 07:00:00,
1.128225636,5822663,Amir Weintraub,Weintraub v Kibi,50,2016-11-15 04:53:41.276,1.61,2016-11-15 07:00:00,
1.128225636,5822663,Amir Weintraub,Weintraub v Kibi,60,2016-11-15 05:13:57.731,1.61,2016-11-15 07:00:00,
1.128225636,5822663,Amir Weintraub,Weintraub v Kibi,70,2016-11-15 07:10:33.120,1.86,2016-11-15 07:15:00,
1.128225636,5822663,Amir Weintraub,Weintraub v Kibi,80,2016-11-15 07:29:39.340,1.76,2016-11-15 07:30:00,
1.128225636,5822663,Amir Weintraub,Weintraub v Kibi,90,2016-11-15 08:03:51.442,1.87,2016-11-15 08:15:00,
1.128225636,5822663,Amir Weintraub,Weintraub v Kibi,100,2016-11-15 08:22:42.153,1.76,2016-11-15 08:30:00,
1.128225636,8815719,Yuya Kibi,Weintraub v Kibi,0,2016-11-14 20:45:57.953,2.1,2016-11-15 07:00:00,
1.128225636,8815719,Yuya Kibi,Weintraub v Kibi,10,2016-11-14 21:51:33.290,2.48,2016-11-15 07:00:00,
1.128225636,8815719,Yuya Kibi,Weintraub v Kibi,20,2016-11-14 22:03:28.243,2.5,2016-11-15 07:00:00,
1.128225636,8815719,Yuya Kibi,Weintraub v Kibi,30,2016-11-14 23:16:42.212,2.46,2016-11-15 07:00:00,
1.128225636,8815719,Yuya Kibi,Weintraub v Kibi,40,2016-11-14 23:35:31.259,2.76,2016-11-15 07:00:00,
1.128225636,8815719,Yuya Kibi,Weintraub v Kibi,50,2016-11-15 07:10:33.120,2.16,2016-11-15 07:15:00,
1.128225636,8815719,Yuya Kibi,Weintraub v Kibi,60,2016-11-15 07:26:21.579,2.3,2016-11-15 07:30:00,
1.128225636,8815719,Yuya Kibi,Weintraub v Kibi,70,2016-11-15 07:27:36.246,2.28,2016-11-15 07:30:00,
1.128225636,8815719,Yuya Kibi,Weintraub v Kibi,80,2016-11-15 07:50:14.483,2.26,2016-11-15 08:00:00,
1.128225636,8815719,Yuya Kibi,Weintraub v Kibi,90,2016-11-15 07:54:26.190,2.3,2016-11-15 08:00:00,
1.128225636,8815719,Yuya Kibi,Weintraub v Kibi,100,2016-11-15 08:17:37.045,2.3,2016-11-15 08:30:00,
1.128225768,3374118,Tatsuma Ito,T Ito v Yu Watanuki,0,2016-11-13 22:05:44.335,1.12,2016-11-14 01:00:00,
1.128225768,3374118,Tatsuma Ito,T Ito v Yu Watanuki,10,2016-11-13 22:33:44.279,1.14,2016-11-14 01:00:00,
1.128225768,3374118,Tatsuma Ito,T Ito v Yu Watanuki,20,2016-11-13 22:56:49.174,1.13,2016-11-14 01:00:00,
1.128225768,3374118,Tatsuma Ito,T Ito v Yu Watanuki,30,2016-11-13 22:59:14.061,1.11,2016-11-14 01:00:00,
1.128225768,3374118,Tatsuma Ito,T Ito v Yu Watanuki,40,2016-11-13 23:07:49.795,1.13,2016-11-14 01:00:00,
1.128225768,3374118,Tatsuma Ito,T Ito v Yu Watanuki,50,2016-11-13 23:24:37.850,1.15,2016-11-14 01:00:00,
1.128225768,3374118,Tatsuma Ito,T Ito v Yu Watanuki,60,2016-11-13 23:35:41.189,1.16,2016-11-14 01:00:00,
1.128225768,3374118,Tatsuma Ito,T Ito v Yu Watanuki,70,2016-11-13 23:46:50.187,1.18,2016-11-14 01:00:00,
1.128225768,3374118,Tatsuma Ito,T Ito v Yu Watanuki,80,2016-11-13 23:47:40.158,1.16,2016-11-14 01:00:00,
1.128225768,3374118,Tatsuma Ito,T Ito v Yu Watanuki,90,2016-11-13 23:49:33.179,1.19,2016-11-14 01:00:00,
1.128225768,3374118,Tatsuma Ito,T Ito v Yu Watanuki,100,2016-11-14 00:43:49.195,1.14,2016-11-14 01:00:00,
1.128225812,8243874,John-Patrick Smith,Lokoli v Jo Smith,0,2016-11-14 20:22:58.456,1.51,2016-11-15 05:00:00,
1.128225812,8243874,John-Patrick Smith,Lokoli v Jo Smith,10,2016-11-14 20:44:12.460,1.62,2016-11-15 05:00:00,
1.128225812,8243874,John-Patrick Smith,Lokoli v Jo Smith,20,2016-11-15 03:01:57.796,1.67,2016-11-15 05:00:00,
1.128225812,8243874,John-Patrick Smith,Lokoli v Jo Smith,30,2016-11-15 03:51:03.362,1.68,2016-11-15 05:00:00,
1.128225812,8243874,John-Patrick Smith,Lokoli v Jo Smith,40,2016-11-15 04:31:03.098,1.68,2016-11-15 05:00:00,
1.128225812,8243874,John-Patrick Smith,Lokoli v Jo Smith,50,2016-11-15 04:49:59.435,1.61,2016-11-15 05:00:00,
1.128225812,8243874,John-Patrick Smith,Lokoli v Jo Smith,60,2016-11-15 05:11:47.440,1.63,2016-11-15 05:15:00,
1.128225812,8243874,John-Patrick Smith,Lokoli v Jo Smith,70,2016-11-15 05:14:10.506,1.69,2016-11-15 05:15:00,
1.128225812,8243874,John-Patrick Smith,Lokoli v Jo Smith,80,2016-11-15 05:17:54.650,1.61,2016-11-15 05:30:00,
1.128225812,8243874,John-Patrick Smith,Lokoli v Jo Smith,90,2016-11-15 05:25:59.985,1.6,2016-11-15 05:30:00,
1.128225812,8243874,John-Patrick Smith,Lokoli v Jo Smith,100,2016-11-15 05:44:58.853,1.75,2016-11-15 05:45:00,
1.128225812,8257788,Laurent Lokoli,Lokoli v Jo Smith,0,2016-11-14 20:44:12.460,2.6,2016-11-15 05:00:00,
1.128225812,8257788,Laurent Lokoli,Lokoli v Jo Smith,10,2016-11-15 03:00:42.649,2.62,2016-11-15 05:00:00,
1.128225812,8257788,Laurent Lokoli,Lokoli v Jo Smith,20,2016-11-15 03:02:47.869,2.48,2016-11-15 05:00:00,
1.128225812,8257788,Laurent Lokoli,Lokoli v Jo Smith,30,2016-11-15 04:49:59.435,2.64,2016-11-15 05:00:00,
1.128225812,8257788,Laurent Lokoli,Lokoli v Jo Smith,40,2016-11-15 04:51:01.607,2.48,2016-11-15 05:00:00,
1.128225812,8257788,Laurent Lokoli,Lokoli v Jo Smith,50,2016-11-15 05:13:58.045,2.46,2016-11-15 05:15:00,
1.128225812,8257788,Laurent Lokoli,Lokoli v Jo Smith,60,2016-11-15 05:17:02.224,2.68,2016-11-15 05:30:00,
1.128225812,8257788,Laurent Lokoli,Lokoli v Jo Smith,70,2016-11-15 05:17:54.650,2.64,2016-11-15 05:30:00,
1.128225812,8257788,Laurent Lokoli,Lokoli v Jo Smith,80,2016-11-15 05:25:59.985,2.46,2016-11-15 05:30:00,
1.128225812,8257788,Laurent Lokoli,Lokoli v Jo Smith,90,2016-11-15 06:10:03.314,2.34,2016-11-15 06:15:00,
1.128225812,8257788,Laurent Lokoli,Lokoli v Jo Smith,100,2016-11-15 06:44:53.867,2.3,2016-11-15 06:45:00,
1.128225856,7137497,Yoshihito Nishioka,Yo Nishioka v Seo Hong,0,2016-11-12 21:04:03.416,1.08,2016-11-13 12:00:00,
1.128225856,7137497,Yoshihito Nishioka,Yo Nishioka v Seo Hong,10,2016-11-13 08:54:09.697,1.1,2016-11-14 12:00:00,
1.128225856,7137497,Yoshihito Nishioka,Yo Nishioka v Seo Hong,20,2016-11-14 08:53:48.462,1.09,2016-11-15 05:00:00,
1.128225856,7137497,Yoshihito Nishioka,Yo Nishioka v Seo Hong,30,2016-11-14 20:44:37.212,1.14,2016-11-15 05:00:00,
1.128225856,7137497,Yoshihito Nishioka,Yo Nishioka v Seo Hong,40,2016-11-14 22:54:10.526,1.16,2016-11-15 05:00:00,
1.128225856,7137497,Yoshihito Nishioka,Yo Nishioka v Seo Hong,50,2016-11-14 23:18:00.549,1.12,2016-11-15 05:00:00,
1.128225856,7137497,Yoshihito Nishioka,Yo Nishioka v Seo Hong,60,2016-11-15 00:09:36.749,1.13,2016-11-15 05:00:00,
1.128225856,7137497,Yoshihito Nishioka,Yo Nishioka v Seo Hong,70,2016-11-15 00:10:25.372,1.12,2016-11-15 05:00:00,
1.128225856,7137497,Yoshihito Nishioka,Yo Nishioka v Seo Hong,80,2016-11-15 01:14:02.434,1.17,2016-11-15 05:00:00,
1.128225856,7137497,Yoshihito Nishioka,Yo Nishioka v Seo Hong,90,2016-11-15 02:07:58.047,1.1,2016-11-15 05:00:00,
1.128225856,7137497,Yoshihito Nishioka,Yo Nishioka v Seo Hong,100,2016-11-15 04:50:53.219,1.08,2016-11-15 05:00:00,
1.128225856,11285479,Seong-chan Hong,Yo Nishioka v Seo Hong,0,2016-11-12 21:05:51.277,1.08,2016-11-13 12:00:00,
1.128225856,11285479,Seong-chan Hong,Yo Nishioka v Seo Hong,10,2016-11-12 21:07:53.474,1.1,2016-11-13 12:00:00,
1.128225856,11285479,Seong-chan Hong,Yo Nishioka v Seo Hong,20,2016-11-14 20:44:37.212,8.0,2016-11-15 05:00:00,
1.128225856,11285479,Seong-chan Hong,Yo Nishioka v Seo Hong,30,2016-11-14 22:54:10.526,7.8,2016-11-15 05:00:00,
1.128225856,11285479,Seong-chan Hong,Yo Nishioka v Seo Hong,40,2016-11-14 22:59:14.224,7.4,2016-11-15 05:00:00,
1.128225856,11285479,Seong-chan Hong,Yo Nishioka v Seo Hong,50,2016-11-14 23:18:00.549,9.2,2016-11-15 05:00:00,
1.128225856,11285479,Seong-chan Hong,Yo Nishioka v Seo Hong,60,2016-11-15 01:14:02.434,7.0,2016-11-15 05:00:00,
1.128225856,11285479,Seong-chan Hong,Yo Nishioka v Seo Hong,70,2016-11-15 01:24:48.500,7.8,2016-11-15 05:00:00,
1.128225856,11285479,Seong-chan Hong,Yo Nishioka v Seo Hong,80,2016-11-15 02:07:58.047,9.2,2016-11-15 05:00:00,
1.128225856,11285479,Seong-chan Hong,Yo Nishioka v Seo Hong,90,2016-11-15 04:02:00.407,14.0,2016-11-15 05:00:00,
1.128225856,11285479,Seong-chan Hong,Yo Nishioka v Seo Hong,100,2016-11-15 04:56:03.398,13.5,2016-11-15 05:00:00,
1.1282259,6965426,Luke Saville,Makoto Ochi v Saville,0,2016-11-13 20:30:03.037,1.56,2016-11-14 01:00:00,
1.1282259,6965426,Luke Saville,Makoto Ochi v Saville,10,2016-11-13 20:34:01.032,1.67,2016-11-14 01:00:00,
1.1282259,6965426,Luke Saville,Makoto Ochi v Saville,20,2016-11-13 21:07:30.433,1.52,2016-11-14 01:00:00,
1.1282259,6965426,Luke Saville,Makoto Ochi v Saville,30,2016-11-13 22:04:40.713,1.48,2016-11-14 01:00:00,
1.1282259,6965426,Luke Saville,Makoto Ochi v Saville,40,2016-11-13 22:24:44.350,1.48,2016-11-14 01:00:00,
1.1282259,6965426,Luke Saville,Makoto Ochi v Saville,50,2016-11-13 22:33:43.551,1.48,2016-11-14 01:00:00,
1.1282259,6965426,Luke Saville,Makoto Ochi v Saville,60,2016-11-13 23:17:52.970,1.5,2016-11-14 01:00:00,
1.1282259,6965426,Luke Saville,Makoto Ochi v Saville,70,2016-11-14 00:05:44.289,1.43,2016-11-14 01:00:00,
1.1282259,6965426,Luke Saville,Makoto Ochi v Saville,80,2016-11-14 00:15:02.534,1.43,2016-11-14 01:00:00,
1.1282259,6965426,Luke Saville,Makoto Ochi v Saville,90,2016-11-14 00:45:34.705,1.5,2016-11-14 01:00:00,
1.1282259,6965426,Luke Saville,Makoto Ochi v Saville,100,2016-11-14 00:59:02.921,1.43,2016-11-14 01:00:00,
1.128226095,7690576,Hyeon Chung,Duckworth v Hy Chung,0,2016-11-12 14:52:07.716,1.76,2016-11-13 12:00:00,
1.128226095,7690576,Hyeon Chung,Duckworth v Hy Chung,10,2016-11-12 22:29:25.680,1.88,2016-11-13 12:00:00,
1.128226095,7690576,Hyeon Chung,Duckworth v Hy Chung,20,2016-11-12 22:50:08.541,1.86,2016-11-13 12:00:00,
1.128226095,7690576,Hyeon Chung,Duckworth v Hy Chung,30,2016-11-12 23:10:25.259,1.83,2016-11-13 12:00:00,
1.128226095,7690576,Hyeon Chung,Duckworth v Hy Chung,40,2016-11-13 01:02:10.004,1.84,2016-11-13 12:00:00,
1.128226095,7690576,Hyeon Chung,Duckworth v Hy Chung,50,2016-11-13 02:57:10.938,1.83,2016-11-13 12:00:00,
1.128226095,7690576,Hyeon Chung,Duckworth v Hy Chung,60,2016-11-13 03:27:29.503,1.78,2016-11-13 12:00:00,
1.128226095,7690576,Hyeon Chung,Duckworth v Hy Chung,70,2016-11-13 03:38:20.134,1.76,2016-11-13 12:00:00,
1.128226095,7690576,Hyeon Chung,Duckworth v Hy Chung,80,2016-11-13 03:44:30.323,1.79,2016-11-13 12:00:00,
1.128226095,7690576,Hyeon Chung,Duckworth v Hy Chung,90,2016-11-13 03:45:41.625,1.75,2016-11-13 12:00:00,
1.128226095,7690576,Hyeon Chung,Duckworth v Hy Chung,100,2016-11-13 03:49:52.036,1.63,2016-11-13 12:00:00,
1.128229477,2263632,Marco Chiudinelli,Giustino v Chiudinelli,0,2016-11-15 06:14:50.395,1.39,2016-11-15 11:00:00,
1.128229477,2263632,Marco Chiudinelli,Giustino v Chiudinelli,10,2016-11-15 06:24:51.363,1.44,2016-11-15 11:00:00,
1.128229477,2263632,Marco Chiudinelli,Giustino v Chiudinelli,20,2016-11-15 08:02:28.970,1.35,2016-11-15 11:00:00,
1.128229477,2263632,Marco Chiudinelli,Giustino v Chiudinelli,30,2016-11-15 09:11:22.250,1.36,2016-11-15 10:59:00,
1.128229477,2263632,Marco Chiudinelli,Giustino v Chiudinelli,40,2016-11-15 09:18:25.798,1.37,2016-11-15 10:59:00,
1.128229477,2263632,Marco Chiudinelli,Giustino v Chiudinelli,50,2016-11-15 09:23:17.010,1.41,2016-11-15 10:59:00,
1.128229477,2263632,Marco Chiudinelli,Giustino v Chiudinelli,60,2016-11-15 09:48:22.397,1.36,2016-11-15 10:59:00,
1.128229477,2263632,Marco Chiudinelli,Giustino v Chiudinelli,70,2016-11-15 09:56:35.403,1.35,2016-11-15 10:59:00,
1.128229477,2263632,Marco Chiudinelli,Giustino v Chiudinelli,80,2016-11-15 10:16:30.733,1.34,2016-11-15 10:59:00,
1.128229477,2263632,Marco Chiudinelli,Giustino v Chiudinelli,90,2016-11-15 10:27:17.626,1.36,2016-11-15 10:59:00,
1.128229477,2263632,Marco Chiudinelli,Giustino v Chiudinelli,100,2016-11-15 10:52:30.000,1.35,2016-11-15 10:54:00,
1.128229482,4061310,Kevin Krawietz,Krawietz v Lopez-Perez,0,2016-11-13 14:29:24.339,1.65,2016-11-14 12:00:00,
1.128229482,4061310,Kevin Krawietz,Krawietz v Lopez-Perez,10,2016-11-15 01:20:17.964,1.72,2016-11-15 13:00:00,
1.128229482,4061310,Kevin Krawietz,Krawietz v Lopez-Perez,20,2016-11-15 06:26:47.595,1.8,2016-11-15 13:00:00,
1.128229482,4061310,Kevin Krawietz,Krawietz v Lopez-Perez,30,2016-11-15 08:29:32.520,1.66,2016-11-15 13:00:00,
1.128229482,4061310,Kevin Krawietz,Krawietz v Lopez-Perez,40,2016-11-15 08:47:23.598,1.76,2016-11-15 13:00:00,
1.128229482,4061310,Kevin Krawietz,Krawietz v Lopez-Perez,50,2016-11-15 08:57:20.915,1.78,2016-11-15 12:49:00,
1.128229482,4061310,Kevin Krawietz,Krawietz v Lopez-Perez,60,2016-11-15 09:11:04.905,1.77,2016-11-15 12:49:00,
1.128229482,4061310,Kevin Krawietz,Krawietz v Lopez-Perez,70,2016-11-15 10:39:06.792,1.85,2016-11-15 12:08:00,
1.128229482,4061310,Kevin Krawietz,Krawietz v Lopez-Perez,80,2016-11-15 10:44:30.674,1.8,2016-11-15 12:08:00,
1.128229482,4061310,Kevin Krawietz,Krawietz v Lopez-Perez,90,2016-11-15 10:45:32.526,1.85,2016-11-15 12:08:00,
1.128229482,4061310,Kevin Krawietz,Krawietz v Lopez-Perez,100,2016-11-15 11:08:35.105,1.85,2016-11-15 12:08:00,
1.128229742,2863465,Blaz Kavcic,Donskoy v Kavcic,0,2016-11-15 07:12:10.633,2.38,2016-11-15 09:00:00,
1.128229742,2863465,Blaz Kavcic,Donskoy v Kavcic,10,2016-11-15 07:12:59.144,2.36,2016-11-15 09:00:00,
1.128229742,2863465,Blaz Kavcic,Donskoy v Kavcic,20,2016-11-15 07:57:57.093,2.34,2016-11-15 09:00:00,
1.128229742,2863465,Blaz Kavcic,Donskoy v Kavcic,30,2016-11-15 08:20:21.426,2.36,2016-11-15 09:00:00,
1.128229742,2863465,Blaz Kavcic,Donskoy v Kavcic,40,2016-11-15 08:34:38.417,2.4,2016-11-15 09:00:00,
1.128229742,2863465,Blaz Kavcic,Donskoy v Kavcic,50,2016-11-15 08:35:35.173,2.34,2016-11-15 09:00:00,
1.128229742,2863465,Blaz Kavcic,Donskoy v Kavcic,60,2016-11-15 08:40:08.540,2.4,2016-11-15 09:00:00,
1.128229742,2863465,Blaz Kavcic,Donskoy v Kavcic,70,2016-11-15 08:48:46.351,2.58,2016-11-15 09:00:00,
1.128229742,2863465,Blaz Kavcic,Donskoy v Kavcic,80,2016-11-15 08:50:13.409,2.6,2016-11-15 09:00:00,
1.128229742,2863465,Blaz Kavcic,Donskoy v Kavcic,90,2016-11-15 08:58:34.986,2.7,2016-11-15 09:00:00,
1.128229742,2863465,Blaz Kavcic,Donskoy v Kavcic,100,2016-11-15 08:59:26.858,2.68,2016-11-15 09:00:00,
1.128229742,3391304,Evgeny Donskoy,Donskoy v Kavcic,0,2016-11-14 06:01:41.418,1.64,2016-11-15 12:00:00,
1.128229742,3391304,Evgeny Donskoy,Donskoy v Kavcic,10,2016-11-15 06:10:34.239,1.6,2016-11-15 09:00:00,
1.128229742,3391304,Evgeny Donskoy,Donskoy v Kavcic,20,2016-11-15 08:20:21.426,1.72,2016-11-15 09:00:00,
1.128229742,3391304,Evgeny Donskoy,Donskoy v Kavcic,30,2016-11-15 08:34:38.417,1.71,2016-11-15 09:00:00,
1.128229742,3391304,Evgeny Donskoy,Donskoy v Kavcic,40,2016-11-15 08:35:35.173,1.74,2016-11-15 09:00:00,
1.128229742,3391304,Evgeny Donskoy,Donskoy v Kavcic,50,2016-11-15 08:40:08.540,1.71,2016-11-15 09:00:00,
1.128229742,3391304,Evgeny Donskoy,Donskoy v Kavcic,60,2016-11-15 08:48:46.351,1.63,2016-11-15 09:00:00,
1.128229742,3391304,Evgeny Donskoy,Donskoy v Kavcic,70,2016-11-15 08:50:13.409,1.62,2016-11-15 09:00:00,
1.128229742,3391304,Evgeny Donskoy,Donskoy v Kavcic,80,2016-11-15 08:57:46.725,1.61,2016-11-15 09:00:00,
1.128229742,3391304,Evgeny Donskoy,Donskoy v Kavcic,90,2016-11-15 08:58:34.986,1.59,2016-11-15 09:00:00,
1.128229742,3391304,Evgeny Donskoy,Donskoy v Kavcic,100,2016-11-15 08:59:26.858,1.62,2016-11-15 09:00:00,
1.128229756,8826925,Lorenzo Sonego,M Berrettini v Sonego,0,2016-11-15 21:24:49.495,1.39,2016-11-16 11:00:00,
1.128229756,8826925,Lorenzo Sonego,M Berrettini v Sonego,10,2016-11-16 05:31:47.405,1.31,2016-11-16 11:00:00,
1.128229756,8826925,Lorenzo Sonego,M Berrettini v Sonego,20,2016-11-16 06:58:54.575,1.33,2016-11-16 11:00:00,
1.128229756,8826925,Lorenzo Sonego,M Berrettini v Sonego,30,2016-11-16 07:16:13.766,1.39,2016-11-16 11:00:00,
1.128229756,8826925,Lorenzo Sonego,M Berrettini v Sonego,40,2016-11-16 09:00:39.003,1.4,2016-11-16 10:50:00,
1.128229756,8826925,Lorenzo Sonego,M Berrettini v Sonego,50,2016-11-16 09:10:32.766,1.4,2016-11-16 10:50:00,
1.128229756,8826925,Lorenzo Sonego,M Berrettini v Sonego,60,2016-11-16 09:12:27.842,1.4,2016-11-16 10:50:00,
1.128229756,8826925,Lorenzo Sonego,M Berrettini v Sonego,70,2016-11-16 09:28:36.216,1.37,2016-11-16 10:50:00,
1.128229756,8826925,Lorenzo Sonego,M Berrettini v Sonego,80,2016-11-16 09:32:41.695,1.4,2016-11-16 10:50:00,
1.128229756,8826925,Lorenzo Sonego,M Berrettini v Sonego,90,2016-11-16 09:50:46.596,1.4,2016-11-16 10:50:00,
1.128229756,8826925,Lorenzo Sonego,M Berrettini v Sonego,100,2016-11-16 10:00:47.532,1.36,2016-11-16 10:50:00,
1.128229756,8962036,Matteo Berrettini,M Berrettini v Sonego,0,2016-11-15 23:18:20.803,3.65,2016-11-16 11:00:00,
1.128229756,8962036,Matteo Berrettini,M Berrettini v Sonego,10,2016-11-16 07:04:46.931,3.65,2016-11-16 11:00:00,
1.128229756,8962036,Matteo Berrettini,M Berrettini v Sonego,20,2016-11-16 07:49:25.864,4.0,2016-11-16 11:00:00,
1.128229756,8962036,Matteo Berrettini,M Berrettini v Sonego,30,2016-11-16 08:57:42.402,3.65,2016-11-16 10:50:00,
1.128229756,8962036,Matteo Berrettini,M Berrettini v Sonego,40,2016-11-16 09:06:44.244,3.55,2016-11-16 10:50:00,
1.128229756,8962036,Matteo Berrettini,M Berrettini v Sonego,50,2016-11-16 09:13:36.879,3.5,2016-11-16 10:50:00,
1.128229756,8962036,Matteo Berrettini,M Berrettini v Sonego,60,2016-11-16 09:31:35.598,3.5,2016-11-16 10:50:00,
1.128229756,8962036,Matteo Berrettini,M Berrettini v Sonego,70,2016-11-16 09:47:46.203,3.6,2016-11-16 10:50:00,
1.128229756,8962036,Matteo Berrettini,M Berrettini v Sonego,80,2016-11-16 09:51:47.720,3.5,2016-11-16 10:50:00,
1.128229756,8962036,Matteo Berrettini,M Berrettini v Sonego,90,2016-11-16 09:55:46.552,3.55,2016-11-16 10:50:00,
1.128229756,8962036,Matteo Berrettini,M Berrettini v Sonego,100,2016-11-16 10:01:13.804,3.8,2016-11-16 10:50:00,
1.128229797,8681900,Luca Vanni,Travaglia v Vanni,0,2016-11-13 19:47:24.509,1.46,2016-11-14 12:00:00,
1.128229797,8681900,Luca Vanni,Travaglia v Vanni,10,2016-11-13 22:57:47.223,1.57,2016-11-14 12:00:00,
1.128229797,8681900,Luca Vanni,Travaglia v Vanni,20,2016-11-13 22:58:45.663,1.64,2016-11-14 12:00:00,
1.128229797,8681900,Luca Vanni,Travaglia v Vanni,30,2016-11-14 22:00:43.310,1.51,2016-11-15 15:00:00,
1.128229797,8681900,Luca Vanni,Travaglia v Vanni,40,2016-11-15 08:56:53.299,1.5,2016-11-15 15:00:00,
1.128229797,8681900,Luca Vanni,Travaglia v Vanni,50,2016-11-15 12:35:18.134,1.45,2016-11-15 14:28:00,
1.128229797,8681900,Luca Vanni,Travaglia v Vanni,60,2016-11-15 12:53:03.442,1.44,2016-11-15 14:28:00,
1.128229797,8681900,Luca Vanni,Travaglia v Vanni,70,2016-11-15 13:20:25.891,1.5,2016-11-15 14:28:00,
1.128229797,8681900,Luca Vanni,Travaglia v Vanni,80,2016-11-15 13:38:43.113,1.45,2016-11-15 14:28:00,
1.128229797,8681900,Luca Vanni,Travaglia v Vanni,90,2016-11-15 13:44:45.787,1.44,2016-11-15 14:28:00,
1.128229797,8681900,Luca Vanni,Travaglia v Vanni,100,2016-11-15 14:25:29.121,1.5,2016-11-15 14:28:00,
1.128229962,2862839,Franko Skugor,L Mayer v Skugor,0,2016-11-15 13:46:43.386,2.7,2016-11-15 18:00:00,
1.128229962,2862839,Franko Skugor,L Mayer v Skugor,10,2016-11-15 14:41:10.476,2.74,2016-11-15 18:00:00,
1.128229962,2862839,Franko Skugor,L Mayer v Skugor,20,2016-11-15 17:01:04.404,2.84,2016-11-15 18:00:00,
1.128229962,2862839,Franko Skugor,L Mayer v Skugor,30,2016-11-15 17:04:05.606,2.88,2016-11-15 18:00:00,
1.128229962,2862839,Franko Skugor,L Mayer v Skugor,40,2016-11-15 17:08:58.001,2.9,2016-11-15 18:00:00,
1.128229962,2862839,Franko Skugor,L Mayer v Skugor,50,2016-11-15 17:27:02.318,2.9,2016-11-15 18:00:00,
1.128229962,2862839,Franko Skugor,L Mayer v Skugor,60,2016-11-15 17:29:05.909,2.88,2016-11-15 18:00:00,
1.128229962,2862839,Franko Skugor,L Mayer v Skugor,70,2016-11-15 17:31:01.705,3.15,2016-11-15 18:00:00,
1.128229962,2862839,Franko Skugor,L Mayer v Skugor,80,2016-11-15 17:43:03.298,3.0,2016-11-15 18:00:00,
1.128229962,2862839,Franko Skugor,L Mayer v Skugor,90,2016-11-15 17:53:04.356,3.0,2016-11-15 18:00:00,
1.128229962,2862839,Franko Skugor,L Mayer v Skugor,100,2016-11-15 17:59:53.486,3.15,2016-11-15 18:00:00,
1.128229962,3186303,Leonardo Mayer,L Mayer v Skugor,0,2016-11-13 14:30:50.330,1.64,2016-11-14 12:00:00,
1.128229962,3186303,Leonardo Mayer,L Mayer v Skugor,10,2016-11-15 12:28:54.542,1.57,2016-11-15 18:00:00,
1.128229962,3186303,Leonardo Mayer,L Mayer v Skugor,20,2016-11-15 14:30:05.411,1.45,2016-11-15 18:00:00,
1.128229962,3186303,Leonardo Mayer,L Mayer v Skugor,30,2016-11-15 15:37:30.654,1.51,2016-11-15 18:00:00,
1.128229962,3186303,Leonardo Mayer,L Mayer v Skugor,40,2016-11-15 15:51:58.094,1.58,2016-11-15 18:00:00,
1.128229962,3186303,Leonardo Mayer,L Mayer v Skugor,50,2016-11-15 16:05:05.782,1.55,2016-11-15 18:00:00,
1.128229962,3186303,Leonardo Mayer,L Mayer v Skugor,60,2016-11-15 16:30:04.847,1.55,2016-11-15 18:00:00,
1.128229962,3186303,Leonardo Mayer,L Mayer v Skugor,70,2016-11-15 16:35:53.939,1.54,2016-11-15 18:00:00,
1.128229962,3186303,Leonardo Mayer,L Mayer v Skugor,80,2016-11-15 17:30:05.867,1.47,2016-11-15 18:00:00,
1.128229962,3186303,Leonardo Mayer,L Mayer v Skugor,90,2016-11-15 17:45:03.471,1.48,2016-11-15 18:00:00,
1.128229962,3186303,Leonardo Mayer,L Mayer v Skugor,100,2016-11-15 17:59:53.486,1.48,2016-11-15 18:00:00,
1.128230006,2257298,Tommy Robredo,Tsitsipas v Robredo,0,2016-11-13 22:32:03.225,1.42,2016-11-14 18:00:00,
1.128230006,2257298,Tommy Robredo,Tsitsipas v Robredo,10,2016-11-14 07:35:06.580,1.46,2016-11-14 18:00:00,
1.128230006,2257298,Tommy Robredo,Tsitsipas v Robredo,20,2016-11-14 11:10:41.805,1.4,2016-11-14 18:00:00,
1.128230006,2257298,Tommy Robredo,Tsitsipas v Robredo,30,2016-11-14 13:15:11.253,1.45,2016-11-14 18:00:00,
1.128230006,2257298,Tommy Robredo,Tsitsipas v Robredo,40,2016-11-14 15:39:12.469,1.46,2016-11-14 18:00:00,
1.128230006,2257298,Tommy Robredo,Tsitsipas v Robredo,50,2016-11-14 16:15:14.438,1.47,2016-11-14 18:00:00,
1.128230006,2257298,Tommy Robredo,Tsitsipas v Robredo,60,2016-11-14 16:22:14.485,1.58,2016-11-14 18:00:00,
1.128230006,2257298,Tommy Robredo,Tsitsipas v Robredo,70,2016-11-14 16:45:12.931,1.53,2016-11-14 18:00:00,
1.128230006,2257298,Tommy Robredo,Tsitsipas v Robredo,80,2016-11-14 17:26:44.424,1.49,2016-11-14 18:00:00,
1.128230006,2257298,Tommy Robredo,Tsitsipas v Robredo,90,2016-11-14 17:47:12.853,1.51,2016-11-14 18:00:00,
1.128230006,2257298,Tommy Robredo,Tsitsipas v Robredo,100,2016-11-14 17:59:05.774,1.52,2016-11-14 18:00:00,
1.128230006,9193006,Stefanos Tsitsipas,Tsitsipas v Robredo,0,2016-11-14 11:10:41.805,3.25,2016-11-14 18:00:00,
1.128230006,9193006,Stefanos Tsitsipas,Tsitsipas v Robredo,10,2016-11-14 12:43:02.501,3.5,2016-11-14 18:00:00,
1.128230006,9193006,Stefanos Tsitsipas,Tsitsipas v Robredo,20,2016-11-14 14:44:17.697,3.15,2016-11-14 18:00:00,
1.128230006,9193006,Stefanos Tsitsipas,Tsitsipas v Robredo,30,2016-11-14 15:25:23.489,3.05,2016-11-14 18:00:00,
1.128230006,9193006,Stefanos Tsitsipas,Tsitsipas v Robredo,40,2016-11-14 15:37:37.744,3.2,2016-11-14 18:00:00,
1.128230006,9193006,Stefanos Tsitsipas,Tsitsipas v Robredo,50,2016-11-14 16:02:14.371,2.96,2016-11-14 18:00:00,
1.128230006,9193006,Stefanos Tsitsipas,Tsitsipas v Robredo,60,2016-11-14 16:21:12.502,2.8,2016-11-14 18:00:00,
1.128230006,9193006,Stefanos Tsitsipas,Tsitsipas v Robredo,70,2016-11-14 16:22:14.485,2.72,2016-11-14 18:00:00,
1.128230006,9193006,Stefanos Tsitsipas,Tsitsipas v Robredo,80,2016-11-14 16:32:54.095,2.68,2016-11-14 18:00:00,
1.128230006,9193006,Stefanos Tsitsipas,Tsitsipas v Robredo,90,2016-11-14 16:45:12.931,2.82,2016-11-14 18:00:00,
1.128230006,9193006,Stefanos Tsitsipas,Tsitsipas v Robredo,100,2016-11-14 17:31:01.420,2.92,2016-11-14 18:00:00,
1.128232096,4195870,Marius Copil,Copil v Gombos,0,2016-11-13 07:46:33.028,1.86,2016-11-13 13:00:00,
1.128232096,4195870,Marius Copil,Copil v Gombos,10,2016-11-13 09:25:09.137,1.9,2016-11-13 13:00:00,
1.128232096,4195870,Marius Copil,Copil v Gombos,20,2016-11-13 10:57:59.227,1.9,2016-11-13 13:00:00,
1.128232096,4195870,Marius Copil,Copil v Gombos,30,2016-11-13 11:02:47.595,1.83,2016-11-13 13:00:00,
1.128232096,4195870,Marius Copil,Copil v Gombos,40,2016-11-13 11:06:43.072,1.78,2016-11-13 13:00:00,
1.128232096,4195870,Marius Copil,Copil v Gombos,50,2016-11-13 11:12:47.326,1.77,2016-11-13 13:00:00,
1.128232096,4195870,Marius Copil,Copil v Gombos,60,2016-11-13 12:00:37.092,1.77,2016-11-13 13:00:00,
1.128232096,4195870,Marius Copil,Copil v Gombos,70,2016-11-13 12:35:32.724,1.81,2016-11-13 13:00:00,
1.128232096,4195870,Marius Copil,Copil v Gombos,80,2016-11-13 12:43:42.775,1.76,2016-11-13 13:00:00,
1.128232096,4195870,Marius Copil,Copil v Gombos,90,2016-11-13 12:55:31.610,1.76,2016-11-13 13:00:00,
1.128232096,4195870,Marius Copil,Copil v Gombos,100,2016-11-13 12:59:19.079,1.75,2016-11-13 13:00:00,
1.128232096,8173023,Norbert Gombos,Copil v Gombos,0,2016-11-13 09:36:33.718,2.08,2016-11-13 13:00:00,
1.128232096,8173023,Norbert Gombos,Copil v Gombos,10,2016-11-13 10:50:31.879,2.22,2016-11-13 13:00:00,
1.128232096,8173023,Norbert Gombos,Copil v Gombos,20,2016-11-13 10:57:59.227,2.1,2016-11-13 13:00:00,
1.128232096,8173023,Norbert Gombos,Copil v Gombos,30,2016-11-13 11:03:48.170,2.24,2016-11-13 13:00:00,
1.128232096,8173023,Norbert Gombos,Copil v Gombos,40,2016-11-13 11:12:47.326,2.26,2016-11-13 13:00:00,
1.128232096,8173023,Norbert Gombos,Copil v Gombos,50,2016-11-13 11:14:39.352,2.3,2016-11-13 13:00:00,
1.128232096,8173023,Norbert Gombos,Copil v Gombos,60,2016-11-13 11:31:47.416,2.26,2016-11-13 13:00:00,
1.128232096,8173023,Norbert Gombos,Copil v Gombos,70,2016-11-13 11:39:39.831,2.28,2016-11-13 13:00:00,
1.128232096,8173023,Norbert Gombos,Copil v Gombos,80,2016-11-13 12:43:42.775,2.26,2016-11-13 13:00:00,
1.128232096,8173023,Norbert Gombos,Copil v Gombos,90,2016-11-13 12:50:47.106,2.28,2016-11-13 13:00:00,
1.128232096,8173023,Norbert Gombos,Copil v Gombos,100,2016-11-13 12:57:48.034,2.28,2016-11-13 13:00:00,
1.128232263,4822914,Tara Moore,T Moore v E Mertens,0,2016-11-13 16:32:19.469,2.0,2016-11-14 12:00:00,
1.128232263,4822914,Tara Moore,T Moore v E Mertens,10,2016-11-14 18:37:43.678,2.38,2016-11-15 12:00:00,
1.128232263,4822914,Tara Moore,T Moore v E Mertens,20,2016-11-15 02:45:08.512,2.36,2016-11-16 12:00:00,
1.128232263,4822914,Tara Moore,T Moore v E Mertens,30,2016-11-15 22:24:25.035,2.48,2016-11-16 09:00:00,
1.128232263,4822914,Tara Moore,T Moore v E Mertens,40,2016-11-16 05:52:44.081,2.5,2016-11-16 09:00:00,
1.128232263,4822914,Tara Moore,T Moore v E Mertens,50,2016-11-16 07:28:17.370,2.38,2016-11-16 09:00:00,
1.128232263,4822914,Tara Moore,T Moore v E Mertens,60,2016-11-16 07:33:37.647,2.42,2016-11-16 09:00:00,
1.128232263,4822914,Tara Moore,T Moore v E Mertens,70,2016-11-16 07:52:22.165,2.38,2016-11-16 09:00:00,
1.128232263,4822914,Tara Moore,T Moore v E Mertens,80,2016-11-16 08:23:42.518,2.36,2016-11-16 09:00:00,
1.128232263,4822914,Tara Moore,T Moore v E Mertens,90,2016-11-16 08:36:22.242,2.42,2016-11-16 09:00:00,
1.128232263,4822914,Tara Moore,T Moore v E Mertens,100,2016-11-16 08:50:32.314,2.36,2016-11-16 09:00:00,
1.128232263,9002334,Elise Mertens,T Moore v E Mertens,0,2016-11-14 16:23:19.448,1.69,2016-11-15 12:00:00,
1.128232263,9002334,Elise Mertens,T Moore v E Mertens,10,2016-11-14 18:37:43.678,1.73,2016-11-15 12:00:00,
1.128232263,9002334,Elise Mertens,T Moore v E Mertens,20,2016-11-15 11:55:27.681,1.73,2016-11-16 09:00:00,
1.128232263,9002334,Elise Mertens,T Moore v E Mertens,30,2016-11-16 06:13:32.309,1.73,2016-11-16 09:00:00,
1.128232263,9002334,Elise Mertens,T Moore v E Mertens,40,2016-11-16 07:41:15.299,1.71,2016-11-16 09:00:00,
1.128232263,9002334,Elise Mertens,T Moore v E Mertens,50,2016-11-16 08:02:43.950,1.73,2016-11-16 09:00:00,
1.128232263,9002334,Elise Mertens,T Moore v E Mertens,60,2016-11-16 08:11:06.949,1.73,2016-11-16 09:00:00,
1.128232263,9002334,Elise Mertens,T Moore v E Mertens,70,2016-11-16 08:17:39.057,1.69,2016-11-16 09:00:00,
1.128232263,9002334,Elise Mertens,T Moore v E Mertens,80,2016-11-16 08:23:42.518,1.73,2016-11-16 09:00:00,
1.128232263,9002334,Elise Mertens,T Moore v E Mertens,90,2016-11-16 08:39:12.797,1.69,2016-11-16 09:00:00,
1.128232263,9002334,Elise Mertens,T Moore v E Mertens,100,2016-11-16 08:49:26.995,1.72,2016-11-16 09:00:00,
1.12823238,5248977,Caroline Garcia,Caro Garcia v Sramkova,0,2016-11-13 22:48:29.517,1.13,2016-11-14 12:00:00,
1.12823238,5248977,Caroline Garcia,Caro Garcia v Sramkova,10,2016-11-14 21:38:05.990,1.18,2016-11-15 12:00:00,
1.12823238,5248977,Caroline Garcia,Caro Garcia v Sramkova,20,2016-11-15 23:58:19.174,1.16,2016-11-16 16:00:00,
1.12823238,5248977,Caroline Garcia,Caro Garcia v Sramkova,30,2016-11-16 13:04:10.668,1.17,2016-11-16 16:00:00,
1.12823238,5248977,Caroline Garcia,Caro Garcia v Sramkova,40,2016-11-16 13:38:41.530,1.19,2016-11-16 16:00:00,
1.12823238,5248977,Caroline Garcia,Caro Garcia v Sramkova,50,2016-11-16 14:00:25.006,1.2,2016-11-16 16:00:00,
1.12823238,5248977,Caroline Garcia,Caro Garcia v Sramkova,60,2016-11-16 14:21:46.930,1.18,2016-11-16 16:00:00,
1.12823238,5248977,Caroline Garcia,Caro Garcia v Sramkova,70,2016-11-16 14:43:32.434,1.19,2016-11-16 16:00:00,
1.12823238,5248977,Caroline Garcia,Caro Garcia v Sramkova,80,2016-11-16 15:13:57.609,1.2,2016-11-16 16:00:00,
1.12823238,5248977,Caroline Garcia,Caro Garcia v Sramkova,90,2016-11-16 15:26:28.212,1.19,2016-11-16 16:00:00,
1.12823238,5248977,Caroline Garcia,Caro Garcia v Sramkova,100,2016-11-16 15:50:52.640,1.19,2016-11-16 16:00:00,
1.128232434,2387871,Sorana Cirstea,Sadikovic v Cirstea,0,2016-11-14 22:15:44.890,1.31,2016-11-15 15:00:00,
1.128232434,2387871,Sorana Cirstea,Sadikovic v Cirstea,10,2016-11-15 08:56:53.349,1.33,2016-11-15 15:00:00,
1.128232434,2387871,Sorana Cirstea,Sadikovic v Cirstea,20,2016-11-15 12:34:00.896,1.32,2016-11-15 14:02:00,
1.128232434,2387871,Sorana Cirstea,Sadikovic v Cirstea,30,2016-11-15 12:39:10.971,1.35,2016-11-15 14:02:00,
1.128232434,2387871,Sorana Cirstea,Sadikovic v Cirstea,40,2016-11-15 13:19:57.955,1.35,2016-11-15 14:02:00,
1.128232434,2387871,Sorana Cirstea,Sadikovic v Cirstea,50,2016-11-15 13:26:44.679,1.32,2016-11-15 14:02:00,
1.128232434,2387871,Sorana Cirstea,Sadikovic v Cirstea,60,2016-11-15 13:40:50.502,1.36,2016-11-15 14:02:00,
1.128232434,2387871,Sorana Cirstea,Sadikovic v Cirstea,70,2016-11-15 14:08:05.040,1.33,2016-11-15 14:17:00,
1.128232434,2387871,Sorana Cirstea,Sadikovic v Cirstea,80,2016-11-15 14:13:47.231,1.37,2016-11-15 14:17:00,
1.128232434,2387871,Sorana Cirstea,Sadikovic v Cirstea,90,2016-11-15 14:18:53.443,1.34,2016-11-15 14:32:00,
1.128232434,2387871,Sorana Cirstea,Sadikovic v Cirstea,100,2016-11-15 14:31:52.743,1.37,2016-11-15 14:34:00,
1.12823246,2309569,Pauline Parmentier,Burger v Parmentier,0,2016-11-13 19:27:38.386,1.36,2016-11-14 12:00:00,
1.12823246,2309569,Pauline Parmentier,Burger v Parmentier,10,2016-11-13 19:33:48.949,1.35,2016-11-14 12:00:00,
1.12823246,2309569,Pauline Parmentier,Burger v Parmentier,20,2016-11-14 16:30:58.927,1.29,2016-11-15 12:00:00,
1.12823246,2309569,Pauline Parmentier,Burger v Parmentier,30,2016-11-16 07:05:35.533,1.28,2016-11-16 14:00:00,
1.12823246,2309569,Pauline Parmentier,Burger v Parmentier,40,2016-11-16 09:49:25.072,1.3,2016-11-16 14:00:00,
1.12823246,2309569,Pauline Parmentier,Burger v Parmentier,50,2016-11-16 10:02:12.992,1.28,2016-11-16 14:00:00,
1.12823246,2309569,Pauline Parmentier,Burger v Parmentier,60,2016-11-16 13:21:00.183,1.31,2016-11-16 14:00:00,
1.12823246,2309569,Pauline Parmentier,Burger v Parmentier,70,2016-11-16 13:48:46.813,1.3,2016-11-16 14:00:00,
1.12823246,2309569,Pauline Parmentier,Burger v Parmentier,80,2016-11-16 13:50:42.313,1.29,2016-11-16 14:00:00,
1.12823246,2309569,Pauline Parmentier,Burger v Parmentier,90,2016-11-16 13:52:56.498,1.28,2016-11-16 14:00:00,
1.12823246,2309569,Pauline Parmentier,Burger v Parmentier,100,2016-11-16 13:59:53.749,1.27,2016-11-16 14:00:00,
1.128232667,2387876,Lucie Hradecka,Hradecka v Shinikova,0,2016-11-13 22:50:40.108,1.59,2016-11-14 12:00:00,
1.128232667,2387876,Lucie Hradecka,Hradecka v Shinikova,10,2016-11-14 14:38:57.595,1.77,2016-11-15 12:00:00,
1.128232667,2387876,Lucie Hradecka,Hradecka v Shinikova,20,2016-11-14 16:06:50.559,1.65,2016-11-15 12:00:00,
1.128232667,2387876,Lucie Hradecka,Hradecka v Shinikova,30,2016-11-14 22:13:41.900,1.99,2016-11-15 12:00:00,
1.128232667,2387876,Lucie Hradecka,Hradecka v Shinikova,40,2016-11-15 00:55:47.470,2.0,2016-11-16 12:00:00,
1.128232667,2387876,Lucie Hradecka,Hradecka v Shinikova,50,2016-11-15 12:24:12.180,1.88,2016-11-16 13:00:00,
1.128232667,2387876,Lucie Hradecka,Hradecka v Shinikova,60,2016-11-15 15:47:24.149,1.91,2016-11-16 13:00:00,
1.128232667,2387876,Lucie Hradecka,Hradecka v Shinikova,70,2016-11-16 07:54:35.107,1.9,2016-11-16 13:00:00,
1.128232667,2387876,Lucie Hradecka,Hradecka v Shinikova,80,2016-11-16 10:59:54.000,1.91,2016-11-16 12:50:00,
1.128232667,2387876,Lucie Hradecka,Hradecka v Shinikova,90,2016-11-16 11:33:42.822,1.91,2016-11-16 12:50:00,
1.128232667,2387876,Lucie Hradecka,Hradecka v Shinikova,100,2016-11-16 12:03:55.151,1.92,2016-11-16 12:50:00,
1.128232667,7283220,Isabella Shinikova,Hradecka v Shinikova,0,2016-11-14 06:33:02.143,2.66,2016-11-15 12:00:00,
1.128232667,7283220,Isabella Shinikova,Hradecka v Shinikova,10,2016-11-14 14:10:00.917,2.16,2016-11-15 12:00:00,
1.128232667,7283220,Isabella Shinikova,Hradecka v Shinikova,20,2016-11-14 17:13:57.433,2.16,2016-11-15 12:00:00,
1.128232667,7283220,Isabella Shinikova,Hradecka v Shinikova,30,2016-11-14 17:36:59.810,2.02,2016-11-15 12:00:00,
1.128232667,7283220,Isabella Shinikova,Hradecka v Shinikova,40,2016-11-14 18:35:29.694,2.16,2016-11-15 12:00:00,
1.128232667,7283220,Isabella Shinikova,Hradecka v Shinikova,50,2016-11-15 00:55:47.470,1.99,2016-11-16 12:00:00,
1.128232667,7283220,Isabella Shinikova,Hradecka v Shinikova,60,2016-11-15 12:23:58.504,2.12,2016-11-16 13:00:00,
1.128232667,7283220,Isabella Shinikova,Hradecka v Shinikova,70,2016-11-15 14:51:45.922,2.04,2016-11-16 13:00:00,
1.128232667,7283220,Isabella Shinikova,Hradecka v Shinikova,80,2016-11-16 06:23:23.479,2.1,2016-11-16 13:00:00,
1.128232667,7283220,Isabella Shinikova,Hradecka v Shinikova,90,2016-11-16 09:08:56.560,2.12,2016-11-16 12:47:00,
1.128232667,7283220,Isabella Shinikova,Hradecka v Shinikova,100,2016-11-16 12:03:55.151,2.08,2016-11-16 12:50:00,
1.128232709,8907530,Ivana Jorovic,Ferro v Jorovic,0,2016-11-14 09:47:42.546,1.39,2016-11-14 19:00:00,
1.128232709,8907530,Ivana Jorovic,Ferro v Jorovic,10,2016-11-14 12:42:05.395,1.37,2016-11-14 19:00:00,
1.128232709,8907530,Ivana Jorovic,Ferro v Jorovic,20,2016-11-14 15:02:06.004,1.39,2016-11-14 19:15:00,
1.128232709,8907530,Ivana Jorovic,Ferro v Jorovic,30,2016-11-14 16:39:48.856,1.42,2016-11-14 19:42:00,
1.128232709,8907530,Ivana Jorovic,Ferro v Jorovic,40,2016-11-14 18:27:58.039,1.42,2016-11-14 19:14:00,
1.128232709,8907530,Ivana Jorovic,Ferro v Jorovic,50,2016-11-14 18:32:04.371,1.44,2016-11-14 19:14:00,
1.128232709,8907530,Ivana Jorovic,Ferro v Jorovic,60,2016-11-14 18:35:16.904,1.42,2016-11-14 19:14:00,
1.128232709,8907530,Ivana Jorovic,Ferro v Jorovic,70,2016-11-14 18:40:04.949,1.45,2016-11-14 19:14:00,
1.128232709,8907530,Ivana Jorovic,Ferro v Jorovic,80,2016-11-14 19:13:43.427,1.42,2016-11-14 19:14:00,
1.128232709,8907530,Ivana Jorovic,Ferro v Jorovic,90,2016-11-14 19:18:58.563,1.46,2016-11-14 19:29:00,
1.128232709,8907530,Ivana Jorovic,Ferro v Jorovic,100,2016-11-14 19:33:45.796,1.44,2016-11-14 19:35:00,
1.128232722,6603944,Donna Vekic,Kostova v Vekic,0,2016-11-14 16:32:39.008,1.27,2016-11-15 12:00:00,
1.128232722,6603944,Donna Vekic,Kostova v Vekic,10,2016-11-15 23:14:45.150,1.26,2016-11-16 11:00:00,
1.128232722,6603944,Donna Vekic,Kostova v Vekic,20,2016-11-16 08:07:06.997,1.27,2016-11-16 11:00:00,
1.128232722,6603944,Donna Vekic,Kostova v Vekic,30,2016-11-16 09:06:55.126,1.26,2016-11-16 10:47:00,
1.128232722,6603944,Donna Vekic,Kostova v Vekic,40,2016-11-16 09:27:41.804,1.27,2016-11-16 10:47:00,
1.128232722,6603944,Donna Vekic,Kostova v Vekic,50,2016-11-16 09:42:40.019,1.29,2016-11-16 10:47:00,
1.128232722,6603944,Donna Vekic,Kostova v Vekic,60,2016-11-16 09:44:55.350,1.27,2016-11-16 10:47:00,
1.128232722,6603944,Donna Vekic,Kostova v Vekic,70,2016-11-16 09:55:52.096,1.27,2016-11-16 10:47:00,
1.128232722,6603944,Donna Vekic,Kostova v Vekic,80,2016-11-16 10:33:49.917,1.26,2016-11-16 10:47:00,
1.128232722,6603944,Donna Vekic,Kostova v Vekic,90,2016-11-16 10:39:32.324,1.28,2016-11-16 10:47:00,
1.128232722,6603944,Donna Vekic,Kostova v Vekic,100,2016-11-16 10:50:05.035,1.29,2016-11-16 11:02:00,
1.128232848,3425152,Mandy Minella,Minella v Yastremska,0,2016-11-13 16:41:16.080,1.49,2016-11-14 12:00:00,
1.128232848,3425152,Mandy Minella,Minella v Yastremska,10,2016-11-13 16:46:02.391,1.47,2016-11-14 12:00:00,
1.128232848,3425152,Mandy Minella,Minella v Yastremska,20,2016-11-15 08:56:53.514,1.37,2016-11-15 15:30:00,
1.128232848,3425152,Mandy Minella,Minella v Yastremska,30,2016-11-15 12:01:47.063,1.39,2016-11-15 15:30:00,
1.128232848,3425152,Mandy Minella,Minella v Yastremska,40,2016-11-15 13:23:12.326,1.38,2016-11-15 15:30:00,
1.128232848,3425152,Mandy Minella,Minella v Yastremska,50,2016-11-15 15:09:16.412,1.54,2016-11-15 15:30:00,
1.128232848,3425152,Mandy Minella,Minella v Yastremska,60,2016-11-15 15:25:27.112,1.41,2016-11-15 15:30:00,
1.128232848,3425152,Mandy Minella,Minella v Yastremska,70,2016-11-15 15:32:16.295,1.4,2016-11-15 15:45:00,
1.128232848,3425152,Mandy Minella,Minella v Yastremska,80,2016-11-15 15:38:51.172,1.38,2016-11-15 15:45:00,
1.128232848,3425152,Mandy Minella,Minella v Yastremska,90,2016-11-15 15:43:57.165,1.42,2016-11-15 15:45:00,
1.128232848,3425152,Mandy Minella,Minella v Yastremska,100,2016-11-15 15:50:13.147,1.37,2016-11-15 16:00:00,
1.12823286,5056975,Mona Barthel,Voegele v Barthel,0,2016-11-15 08:56:53.610,1.6,2016-11-15 17:30:00,
1.12823286,5056975,Mona Barthel,Voegele v Barthel,10,2016-11-15 11:52:51.922,1.64,2016-11-15 17:30:00,
1.12823286,5056975,Mona Barthel,Voegele v Barthel,20,2016-11-15 13:06:57.080,1.6,2016-11-15 17:30:00,
1.12823286,5056975,Mona Barthel,Voegele v Barthel,30,2016-11-15 13:39:53.013,1.59,2016-11-15 17:30:00,
1.12823286,5056975,Mona Barthel,Voegele v Barthel,40,2016-11-15 16:33:14.086,1.59,2016-11-15 17:48:00,
1.12823286,5056975,Mona Barthel,Voegele v Barthel,50,2016-11-15 17:35:13.325,1.58,2016-11-15 17:48:00,
1.12823286,5056975,Mona Barthel,Voegele v Barthel,60,2016-11-15 17:45:15.220,1.59,2016-11-15 17:48:00,
1.12823286,5056975,Mona Barthel,Voegele v Barthel,70,2016-11-15 17:47:08.911,1.65,2016-11-15 18:03:00,
1.12823286,5056975,Mona Barthel,Voegele v Barthel,80,2016-11-15 17:54:56.290,1.67,2016-11-15 18:03:00,
1.12823286,5056975,Mona Barthel,Voegele v Barthel,90,2016-11-15 18:07:13.922,1.66,2016-11-15 18:22:00,
1.12823286,5056975,Mona Barthel,Voegele v Barthel,100,2016-11-15 18:11:13.694,1.64,2016-11-15 18:22:00,
1.128233189,2504190,Peter Polansky,Polansky v Mmoh,0,2016-11-13 07:45:21.245,1.73,2016-11-13 18:00:00,
1.128233189,2504190,Peter Polansky,Polansky v Mmoh,10,2016-11-13 13:30:30.446,1.84,2016-11-13 18:00:00,
1.128233189,2504190,Peter Polansky,Polansky v Mmoh,20,2016-11-13 14:29:34.440,1.81,2016-11-13 18:00:00,
1.128233189,2504190,Peter Polansky,Polansky v Mmoh,30,2016-11-13 15:10:34.388,1.81,2016-11-13 18:00:00,
1.128233189,2504190,Peter Polansky,Polansky v Mmoh,40,2016-11-13 16:23:36.939,1.98,2016-11-13 18:00:00,
1.128233189,2504190,Peter Polansky,Polansky v Mmoh,50,2016-11-13 16:45:31.451,2.0,2016-11-13 18:00:00,
1.128233189,2504190,Peter Polansky,Polansky v Mmoh,60,2016-11-13 16:53:32.496,1.98,2016-11-13 18:00:00,
1.128233189,2504190,Peter Polansky,Polansky v Mmoh,70,2016-11-13 17:09:35.670,2.0,2016-11-13 18:00:00,
1.128233189,2504190,Peter Polansky,Polansky v Mmoh,80,2016-11-13 17:22:31.311,2.0,2016-11-13 18:00:00,
1.128233189,2504190,Peter Polansky,Polansky v Mmoh,90,2016-11-13 17:36:53.506,2.0,2016-11-13 18:00:00,
1.128233189,2504190,Peter Polansky,Polansky v Mmoh,100,2016-11-13 17:46:35.467,2.02,2016-11-13 18:00:00,
1.128233189,8798905,Michael Mmoh,Polansky v Mmoh,0,2016-11-13 00:23:30.797,2.06,2016-11-13 18:00:00,
1.128233189,8798905,Michael Mmoh,Polansky v Mmoh,10,2016-11-13 07:48:32.630,2.28,2016-11-13 18:00:00,
1.128233189,8798905,Michael Mmoh,Polansky v Mmoh,20,2016-11-13 13:09:34.473,2.16,2016-11-13 18:00:00,
1.128233189,8798905,Michael Mmoh,Polansky v Mmoh,30,2016-11-13 15:10:34.388,2.22,2016-11-13 18:00:00,
1.128233189,8798905,Michael Mmoh,Polansky v Mmoh,40,2016-11-13 16:21:35.954,2.08,2016-11-13 18:00:00,
1.128233189,8798905,Michael Mmoh,Polansky v Mmoh,50,2016-11-13 16:45:31.451,2.0,2016-11-13 18:00:00,
1.128233189,8798905,Michael Mmoh,Polansky v Mmoh,60,2016-11-13 16:52:31.474,2.02,2016-11-13 18:00:00,
1.128233189,8798905,Michael Mmoh,Polansky v Mmoh,70,2016-11-13 17:14:02.734,1.99,2016-11-13 18:00:00,
1.128233189,8798905,Michael Mmoh,Polansky v Mmoh,80,2016-11-13 17:39:25.092,2.0,2016-11-13 18:00:00,
1.128233189,8798905,Michael Mmoh,Polansky v Mmoh,90,2016-11-13 17:43:19.812,1.96,2016-11-13 18:00:00,
1.128233189,8798905,Michael Mmoh,Polansky v Mmoh,100,2016-11-13 17:47:16.216,1.94,2016-11-13 18:00:00,
1.12823356,585761,Julien Benneteau,Rublev v J Benneteau,0,2016-11-13 09:46:37.690,1.59,2016-11-13 15:00:00,
1.12823356,585761,Julien Benneteau,Rublev v J Benneteau,10,2016-11-13 10:19:50.159,1.63,2016-11-13 15:00:00,
1.12823356,585761,Julien Benneteau,Rublev v J Benneteau,20,2016-11-13 12:05:23.949,1.68,2016-11-13 15:00:00,
1.12823356,585761,Julien Benneteau,Rublev v J Benneteau,30,2016-11-13 12:34:58.034,1.65,2016-11-13 15:00:00,
1.12823356,585761,Julien Benneteau,Rublev v J Benneteau,40,2016-11-13 13:02:53.259,1.62,2016-11-13 15:00:00,
1.12823356,585761,Julien Benneteau,Rublev v J Benneteau,50,2016-11-13 13:18:56.629,1.65,2016-11-13 15:00:00,
1.12823356,585761,Julien Benneteau,Rublev v J Benneteau,60,2016-11-13 13:59:52.543,1.63,2016-11-13 15:00:00,
1.12823356,585761,Julien Benneteau,Rublev v J Benneteau,70,2016-11-13 14:44:48.867,1.62,2016-11-13 15:00:00,
1.12823356,585761,Julien Benneteau,Rublev v J Benneteau,80,2016-11-13 14:53:37.547,1.62,2016-11-13 15:00:00,
1.12823356,585761,Julien Benneteau,Rublev v J Benneteau,90,2016-11-13 14:56:56.902,1.63,2016-11-13 15:00:00,
1.12823356,585761,Julien Benneteau,Rublev v J Benneteau,100,2016-11-13 15:05:53.699,1.61,2016-11-13 15:15:00,
1.12823356,7797771,Andrey Rublev,Rublev v J Benneteau,0,2016-11-13 09:46:37.690,2.68,2016-11-13 15:00:00,
1.12823356,7797771,Andrey Rublev,Rublev v J Benneteau,10,2016-11-13 12:04:38.092,2.5,2016-11-13 15:00:00,
1.12823356,7797771,Andrey Rublev,Rublev v J Benneteau,20,2016-11-13 12:05:23.949,2.44,2016-11-13 15:00:00,
1.12823356,7797771,Andrey Rublev,Rublev v J Benneteau,30,2016-11-13 13:01:57.279,2.6,2016-11-13 15:00:00,
1.12823356,7797771,Andrey Rublev,Rublev v J Benneteau,40,2016-11-13 13:18:56.629,2.54,2016-11-13 15:00:00,
1.12823356,7797771,Andrey Rublev,Rublev v J Benneteau,50,2016-11-13 13:55:56.312,2.52,2016-11-13 15:00:00,
1.12823356,7797771,Andrey Rublev,Rublev v J Benneteau,60,2016-11-13 13:57:47.414,2.56,2016-11-13 15:00:00,
1.12823356,7797771,Andrey Rublev,Rublev v J Benneteau,70,2016-11-13 14:29:53.092,2.52,2016-11-13 15:00:00,
1.12823356,7797771,Andrey Rublev,Rublev v J Benneteau,80,2016-11-13 14:43:55.779,2.6,2016-11-13 15:00:00,
1.12823356,7797771,Andrey Rublev,Rublev v J Benneteau,90,2016-11-13 14:56:56.902,2.5,2016-11-13 15:00:00,
1.12823356,7797771,Andrey Rublev,Rublev v J Benneteau,100,2016-11-13 15:05:53.699,2.6,2016-11-13 15:15:00,
1.128234826,8736474,Diego Schwartzman,Estevez v Schwartzman,0,2016-11-12 22:59:16.659,1.3,2016-11-13 12:00:00,
1.128234826,8736474,Diego Schwartzman,Estevez v Schwartzman,10,2016-11-14 12:47:07.886,1.08,2016-11-14 23:00:00,
1.128234826,8736474,Diego Schwartzman,Estevez v Schwartzman,20,2016-11-14 18:41:48.762,1.09,2016-11-14 23:00:00,
1.128234826,8736474,Diego Schwartzman,Estevez v Schwartzman,30,2016-11-14 21:52:38.980,1.09,2016-11-14 23:00:00,
1.128234826,8736474,Diego Schwartzman,Estevez v Schwartzman,40,2016-11-14 22:21:42.435,1.11,2016-11-14 23:00:00,
1.128234826,8736474,Diego Schwartzman,Estevez v Schwartzman,50,2016-11-14 22:35:39.793,1.1,2016-11-14 23:00:00,
1.128234826,8736474,Diego Schwartzman,Estevez v Schwartzman,60,2016-11-14 22:44:42.260,1.06,2016-11-14 23:00:00,
1.128234826,8736474,Diego Schwartzman,Estevez v Schwartzman,70,2016-11-14 22:50:40.750,1.06,2016-11-14 23:00:00,
1.128234826,8736474,Diego Schwartzman,Estevez v Schwartzman,80,2016-11-14 23:04:07.838,1.07,2016-11-14 23:15:00,
1.128234826,8736474,Diego Schwartzman,Estevez v Schwartzman,90,2016-11-14 23:10:17.266,1.08,2016-11-14 23:15:00,
1.128234826,8736474,Diego Schwartzman,Estevez v Schwartzman,100,2016-11-14 23:19:43.392,1.06,2016-11-14 23:30:00,
1.128234997,7430086,Juan Ignacio Londero,Londero v Barrios Vera,0,2016-11-13 16:48:21.638,1.8,2016-11-14 12:00:00,
1.128234997,7430086,Juan Ignacio Londero,Londero v Barrios Vera,10,2016-11-14 10:31:32.581,1.78,2016-11-14 20:00:00,
1.128234997,7430086,Juan Ignacio Londero,Londero v Barrios Vera,20,2016-11-14 13:18:46.284,2.0,2016-11-14 20:00:00,
1.128234997,7430086,Juan Ignacio Londero,Londero v Barrios Vera,30,2016-11-14 15:32:50.175,1.9,2016-11-14 20:00:00,
1.128234997,7430086,Juan Ignacio Londero,Londero v Barrios Vera,40,2016-11-14 17:11:50.093,1.84,2016-11-14 20:00:00,
1.128234997,7430086,Juan Ignacio Londero,Londero v Barrios Vera,50,2016-11-14 18:22:37.619,1.77,2016-11-14 20:19:00,
1.128234997,7430086,Juan Ignacio Londero,Londero v Barrios Vera,60,2016-11-14 19:57:41.536,1.78,2016-11-14 20:19:00,
1.128234997,7430086,Juan Ignacio Londero,Londero v Barrios Vera,70,2016-11-14 20:10:41.569,1.72,2016-11-14 20:19:00,
1.128234997,7430086,Juan Ignacio Londero,Londero v Barrios Vera,80,2016-11-14 20:15:48.823,1.69,2016-11-14 20:19:00,
1.128234997,7430086,Juan Ignacio Londero,Londero v Barrios Vera,90,2016-11-14 20:29:51.097,1.77,2016-11-14 20:34:00,
1.128234997,7430086,Juan Ignacio Londero,Londero v Barrios Vera,100,2016-11-14 20:55:33.252,1.75,2016-11-14 21:04:00,
1.128234997,9633137,Marcelo Tomas Barrios V,Londero v Barrios Vera,0,2016-11-14 08:50:39.653,2.2,2016-11-14 20:00:00,
1.128234997,9633137,Marcelo Tomas Barrios V,Londero v Barrios Vera,10,2016-11-14 12:45:48.016,2.04,2016-11-14 20:00:00,
1.128234997,9633137,Marcelo Tomas Barrios V,Londero v Barrios Vera,20,2016-11-14 13:18:46.284,2.0,2016-11-14 20:00:00,
1.128234997,9633137,Marcelo Tomas Barrios V,Londero v Barrios Vera,30,2016-11-14 13:27:33.517,2.04,2016-11-14 20:00:00,
1.128234997,9633137,Marcelo Tomas Barrios V,Londero v Barrios Vera,40,2016-11-14 14:31:54.827,1.96,2016-11-14 20:00:00,
1.128234997,9633137,Marcelo Tomas Barrios V,Londero v Barrios Vera,50,2016-11-14 16:08:41.453,2.08,2016-11-14 20:00:00,
1.128234997,9633137,Marcelo Tomas Barrios V,Londero v Barrios Vera,60,2016-11-14 17:03:06.463,1.99,2016-11-14 20:00:00,
1.128234997,9633137,Marcelo Tomas Barrios V,Londero v Barrios Vera,70,2016-11-14 18:00:44.906,2.2,2016-11-14 20:00:00,
1.128234997,9633137,Marcelo Tomas Barrios V,Londero v Barrios Vera,80,2016-11-14 19:35:49.277,2.26,2016-11-14 20:19:00,
1.128234997,9633137,Marcelo Tomas Barrios V,Londero v Barrios Vera,90,2016-11-14 20:14:29.749,2.5,2016-11-14 20:19:00,
1.128234997,9633137,Marcelo Tomas Barrios V,Londero v Barrios Vera,100,2016-11-14 20:33:48.118,2.28,2016-11-14 20:34:00,
1.128235041,8284716,Andrea Collarini,F Coria v Collarini,0,2016-11-15 13:44:23.302,1.68,2016-11-15 17:00:00,
1.128235041,8284716,Andrea Collarini,F Coria v Collarini,10,2016-11-15 15:14:41.575,1.68,2016-11-15 16:50:00,
1.128235041,8284716,Andrea Collarini,F Coria v Collarini,20,2016-11-15 15:17:52.412,1.75,2016-11-15 16:50:00,
1.128235041,8284716,Andrea Collarini,F Coria v Collarini,30,2016-11-15 15:20:46.935,1.71,2016-11-15 16:50:00,
1.128235041,8284716,Andrea Collarini,F Coria v Collarini,40,2016-11-15 15:22:41.844,1.74,2016-11-15 16:50:00,
1.128235041,8284716,Andrea Collarini,F Coria v Collarini,50,2016-11-15 15:27:54.280,1.7,2016-11-15 16:50:00,
1.128235041,8284716,Andrea Collarini,F Coria v Collarini,60,2016-11-15 15:29:52.656,1.68,2016-11-15 16:50:00,
1.128235041,8284716,Andrea Collarini,F Coria v Collarini,70,2016-11-15 15:50:37.977,1.68,2016-11-15 16:50:00,
1.128235041,8284716,Andrea Collarini,F Coria v Collarini,80,2016-11-15 16:17:54.164,1.69,2016-11-15 16:50:00,
1.128235041,8284716,Andrea Collarini,F Coria v Collarini,90,2016-11-15 16:20:37.211,1.71,2016-11-15 16:50:00,
1.128235041,8284716,Andrea Collarini,F Coria v Collarini,100,2016-11-15 16:24:53.621,1.82,2016-11-15 16:50:00,
1.128235041,8326752,Federico Coria,F Coria v Collarini,0,2016-11-15 13:44:23.302,2.46,2016-11-15 17:00:00,
1.128235041,8326752,Federico Coria,F Coria v Collarini,10,2016-11-15 15:11:48.842,2.38,2016-11-15 16:50:00,
1.128235041,8326752,Federico Coria,F Coria v Collarini,20,2016-11-15 15:12:43.272,2.32,2016-11-15 16:50:00,
1.128235041,8326752,Federico Coria,F Coria v Collarini,30,2016-11-15 15:15:54.455,2.5,2016-11-15 16:50:00,
1.128235041,8326752,Federico Coria,F Coria v Collarini,40,2016-11-15 15:26:54.085,2.42,2016-11-15 16:50:00,
1.128235041,8326752,Federico Coria,F Coria v Collarini,50,2016-11-15 15:27:54.280,2.48,2016-11-15 16:50:00,
1.128235041,8326752,Federico Coria,F Coria v Collarini,60,2016-11-15 15:31:54.041,2.42,2016-11-15 16:50:00,
1.128235041,8326752,Federico Coria,F Coria v Collarini,70,2016-11-15 15:50:37.977,2.44,2016-11-15 16:50:00,
1.128235041,8326752,Federico Coria,F Coria v Collarini,80,2016-11-15 16:18:44.027,2.28,2016-11-15 16:50:00,
1.128235041,8326752,Federico Coria,F Coria v Collarini,90,2016-11-15 16:22:53.946,2.3,2016-11-15 16:50:00,
1.128235041,8326752,Federico Coria,F Coria v Collarini,100,2016-11-15 16:23:51.570,2.24,2016-11-15 16:50:00,
1.128235173,8326744,Nicolas Kicker,Kicker v Uchida,0,2016-11-14 09:42:58.396,1.1,2016-11-14 17:00:00,
1.128235173,8326744,Nicolas Kicker,Kicker v Uchida,10,2016-11-14 10:31:32.219,1.07,2016-11-14 17:00:00,
1.128235173,8326744,Nicolas Kicker,Kicker v Uchida,20,2016-11-14 12:45:01.164,1.1,2016-11-14 17:00:00,
1.128235173,8326744,Nicolas Kicker,Kicker v Uchida,30,2016-11-14 12:47:55.214,1.15,2016-11-14 17:00:00,
1.128235173,8326744,Nicolas Kicker,Kicker v Uchida,40,2016-11-14 13:12:13.144,1.11,2016-11-14 17:00:00,
1.128235173,8326744,Nicolas Kicker,Kicker v Uchida,50,2016-11-14 15:27:58.725,1.13,2016-11-14 17:00:00,
1.128235173,8326744,Nicolas Kicker,Kicker v Uchida,60,2016-11-14 15:34:41.711,1.11,2016-11-14 17:00:00,
1.128235173,8326744,Nicolas Kicker,Kicker v Uchida,70,2016-11-14 15:37:02.027,1.1,2016-11-14 17:00:00,
1.128235173,8326744,Nicolas Kicker,Kicker v Uchida,80,2016-11-14 15:55:56.816,1.09,2016-11-14 17:00:00,
1.128235173,8326744,Nicolas Kicker,Kicker v Uchida,90,2016-11-14 16:26:52.567,1.1,2016-11-14 17:00:00,
1.128235173,8326744,Nicolas Kicker,Kicker v Uchida,100,2016-11-14 16:53:00.926,1.1,2016-11-14 17:00:00,
1.128235259,4873352,Agustin Velotti,Velotti v Cervantes,0,2016-11-15 08:48:26.554,3.05,2016-11-15 18:00:00,
1.128235259,4873352,Agustin Velotti,Velotti v Cervantes,10,2016-11-15 08:56:53.663,3.15,2016-11-15 18:00:00,
1.128235259,4873352,Agustin Velotti,Velotti v Cervantes,20,2016-11-15 11:55:56.365,2.98,2016-11-15 18:00:00,
1.128235259,4873352,Agustin Velotti,Velotti v Cervantes,30,2016-11-15 12:05:50.539,3.0,2016-11-15 18:00:00,
1.128235259,4873352,Agustin Velotti,Velotti v Cervantes,40,2016-11-15 12:17:54.979,3.1,2016-11-15 18:00:00,
1.128235259,4873352,Agustin Velotti,Velotti v Cervantes,50,2016-11-15 16:11:36.112,2.98,2016-11-15 18:00:00,
1.128235259,4873352,Agustin Velotti,Velotti v Cervantes,60,2016-11-15 16:16:42.430,3.25,2016-11-15 18:00:00,
1.128235259,4873352,Agustin Velotti,Velotti v Cervantes,70,2016-11-15 17:29:42.972,3.0,2016-11-15 18:00:00,
1.128235259,4873352,Agustin Velotti,Velotti v Cervantes,80,2016-11-15 17:57:01.198,3.3,2016-11-15 18:00:00,
1.128235259,4873352,Agustin Velotti,Velotti v Cervantes,90,2016-11-15 17:58:23.682,2.98,2016-11-15 18:00:00,
1.128235259,4873352,Agustin Velotti,Velotti v Cervantes,100,2016-11-15 18:24:03.818,2.88,2016-11-15 18:30:00,
1.128235259,6297238,Inigo Cervantes,Velotti v Cervantes,0,2016-11-14 10:36:51.596,1.52,2016-11-15 12:00:00,
1.128235259,6297238,Inigo Cervantes,Velotti v Cervantes,10,2016-11-15 08:56:53.663,1.46,2016-11-15 18:00:00,
1.128235259,6297238,Inigo Cervantes,Velotti v Cervantes,20,2016-11-15 16:11:36.112,1.51,2016-11-15 18:00:00,
1.128235259,6297238,Inigo Cervantes,Velotti v Cervantes,30,2016-11-15 16:16:42.430,1.41,2016-11-15 18:00:00,
1.128235259,6297238,Inigo Cervantes,Velotti v Cervantes,40,2016-11-15 17:32:59.775,1.4,2016-11-15 18:00:00,
1.128235259,6297238,Inigo Cervantes,Velotti v Cervantes,50,2016-11-15 17:55:04.021,1.43,2016-11-15 18:00:00,
1.128235259,6297238,Inigo Cervantes,Velotti v Cervantes,60,2016-11-15 17:57:01.198,1.44,2016-11-15 18:00:00,
1.128235259,6297238,Inigo Cervantes,Velotti v Cervantes,70,2016-11-15 18:03:00.818,1.43,2016-11-15 18:15:00,
1.128235259,6297238,Inigo Cervantes,Velotti v Cervantes,80,2016-11-15 18:07:03.535,1.44,2016-11-15 18:15:00,
1.128235259,6297238,Inigo Cervantes,Velotti v Cervantes,90,2016-11-15 18:18:26.644,1.44,2016-11-15 18:30:00,
1.128235259,6297238,Inigo Cervantes,Velotti v Cervantes,100,2016-11-15 18:25:59.743,1.56,2016-11-15 18:30:00,
1.12823662,3288367,Austin Krajicek,A Krajicek v S Kozlov,0,2016-11-14 12:30:05.346,2.36,2016-11-15 12:00:00,
1.12823662,3288367,Austin Krajicek,A Krajicek v S Kozlov,10,2016-11-14 12:31:09.911,2.32,2016-11-15 12:00:00,
1.12823662,3288367,Austin Krajicek,A Krajicek v S Kozlov,20,2016-11-15 09:26:12.624,2.46,2016-11-15 16:00:00,
1.12823662,3288367,Austin Krajicek,A Krajicek v S Kozlov,30,2016-11-15 12:39:34.185,2.58,2016-11-15 16:00:00,
1.12823662,3288367,Austin Krajicek,A Krajicek v S Kozlov,40,2016-11-15 14:09:01.020,2.32,2016-11-15 16:00:00,
1.12823662,3288367,Austin Krajicek,A Krajicek v S Kozlov,50,2016-11-15 14:15:33.773,2.74,2016-11-15 16:00:00,
1.12823662,3288367,Austin Krajicek,A Krajicek v S Kozlov,60,2016-11-15 14:20:32.431,2.72,2016-11-15 16:00:00,
1.12823662,3288367,Austin Krajicek,A Krajicek v S Kozlov,70,2016-11-15 14:28:33.696,2.72,2016-11-15 16:00:00,
1.12823662,3288367,Austin Krajicek,A Krajicek v S Kozlov,80,2016-11-15 14:39:35.820,2.62,2016-11-15 16:00:00,
1.12823662,3288367,Austin Krajicek,A Krajicek v S Kozlov,90,2016-11-15 15:02:23.440,2.56,2016-11-15 16:00:00,
1.12823662,3288367,Austin Krajicek,A Krajicek v S Kozlov,100,2016-11-15 15:51:36.216,2.56,2016-11-15 16:00:00,
1.12823662,7415002,Stefan Kozlov,A Krajicek v S Kozlov,0,2016-11-13 20:29:24.354,1.61,2016-11-14 12:00:00,
1.12823662,7415002,Stefan Kozlov,A Krajicek v S Kozlov,10,2016-11-14 14:13:35.011,1.76,2016-11-15 12:00:00,
1.12823662,7415002,Stefan Kozlov,A Krajicek v S Kozlov,20,2016-11-15 09:26:12.624,1.65,2016-11-15 16:00:00,
1.12823662,7415002,Stefan Kozlov,A Krajicek v S Kozlov,30,2016-11-15 12:39:51.985,1.57,2016-11-15 16:00:00,
1.12823662,7415002,Stefan Kozlov,A Krajicek v S Kozlov,40,2016-11-15 14:16:19.916,1.57,2016-11-15 16:00:00,
1.12823662,7415002,Stefan Kozlov,A Krajicek v S Kozlov,50,2016-11-15 14:23:36.550,1.65,2016-11-15 16:00:00,
1.12823662,7415002,Stefan Kozlov,A Krajicek v S Kozlov,60,2016-11-15 14:25:36.195,1.64,2016-11-15 16:00:00,
1.12823662,7415002,Stefan Kozlov,A Krajicek v S Kozlov,70,2016-11-15 14:28:33.696,1.6,2016-11-15 16:00:00,
1.12823662,7415002,Stefan Kozlov,A Krajicek v S Kozlov,80,2016-11-15 14:39:35.820,1.62,2016-11-15 16:00:00,
1.12823662,7415002,Stefan Kozlov,A Krajicek v S Kozlov,90,2016-11-15 15:46:20.131,1.67,2016-11-15 16:00:00,
1.12823662,7415002,Stefan Kozlov,A Krajicek v S Kozlov,100,2016-11-15 15:52:13.934,1.64,2016-11-15 16:00:00,
1.128236664,8622401,Joris De Loore,De Loore v L Broady,0,2016-11-13 22:18:27.723,1.47,2016-11-14 12:00:00,
1.128236664,8622401,Joris De Loore,De Loore v L Broady,10,2016-11-14 16:25:13.921,1.38,2016-11-15 12:00:00,
1.128236664,8622401,Joris De Loore,De Loore v L Broady,20,2016-11-15 08:56:53.769,1.39,2016-11-15 20:00:00,
1.128236664,8622401,Joris De Loore,De Loore v L Broady,30,2016-11-15 11:52:32.874,1.42,2016-11-15 20:00:00,
1.128236664,8622401,Joris De Loore,De Loore v L Broady,40,2016-11-15 15:37:12.027,1.4,2016-11-15 20:00:00,
1.128236664,8622401,Joris De Loore,De Loore v L Broady,50,2016-11-15 17:28:37.729,1.42,2016-11-15 20:00:00,
1.128236664,8622401,Joris De Loore,De Loore v L Broady,60,2016-11-15 18:00:46.987,1.45,2016-11-15 20:00:00,
1.128236664,8622401,Joris De Loore,De Loore v L Broady,70,2016-11-15 18:02:35.073,1.5,2016-11-15 20:00:00,
1.128236664,8622401,Joris De Loore,De Loore v L Broady,80,2016-11-15 18:46:30.195,1.53,2016-11-15 20:00:00,
1.128236664,8622401,Joris De Loore,De Loore v L Broady,90,2016-11-15 19:05:24.777,1.47,2016-11-15 20:00:00,
1.128236664,8622401,Joris De Loore,De Loore v L Broady,100,2016-11-15 19:56:49.731,1.48,2016-11-15 20:00:00,
1.128236752,3772081,Yuki Bhambri,Y Bhambri v J Hiltzik,0,2016-11-13 22:03:42.359,1.29,2016-11-14 00:00:00,
1.128236752,3772081,Yuki Bhambri,Y Bhambri v J Hiltzik,10,2016-11-13 23:02:10.459,1.13,2016-11-14 00:00:00,
1.128236752,3772081,Yuki Bhambri,Y Bhambri v J Hiltzik,20,2016-11-14 02:09:28.676,1.29,2016-11-15 00:00:00,
1.128236752,3772081,Yuki Bhambri,Y Bhambri v J Hiltzik,30,2016-11-14 03:19:38.431,1.34,2016-11-15 00:00:00,
1.128236752,3772081,Yuki Bhambri,Y Bhambri v J Hiltzik,40,2016-11-14 12:49:36.394,1.31,2016-11-15 00:00:00,
1.128236752,3772081,Yuki Bhambri,Y Bhambri v J Hiltzik,50,2016-11-14 21:32:23.507,1.34,2016-11-15 00:00:00,
1.128236752,3772081,Yuki Bhambri,Y Bhambri v J Hiltzik,60,2016-11-14 22:42:28.642,1.36,2016-11-15 00:00:00,
1.128236752,3772081,Yuki Bhambri,Y Bhambri v J Hiltzik,70,2016-11-14 23:11:36.453,1.36,2016-11-15 00:00:00,
1.128236752,3772081,Yuki Bhambri,Y Bhambri v J Hiltzik,80,2016-11-14 23:20:25.460,1.47,2016-11-15 00:00:00,
1.128236752,3772081,Yuki Bhambri,Y Bhambri v J Hiltzik,90,2016-11-14 23:39:34.894,1.48,2016-11-15 00:00:00,
1.128236752,3772081,Yuki Bhambri,Y Bhambri v J Hiltzik,100,2016-11-14 23:42:42.463,1.48,2016-11-15 00:00:00,
1.128236752,7082814,Jared Hiltzik,Y Bhambri v J Hiltzik,0,2016-11-13 23:10:45.135,4.0,2016-11-14 00:00:00,
1.128236752,7082814,Jared Hiltzik,Y Bhambri v J Hiltzik,10,2016-11-13 23:23:12.532,3.85,2016-11-14 00:00:00,
1.128236752,7082814,Jared Hiltzik,Y Bhambri v J Hiltzik,20,2016-11-13 23:53:34.698,4.8,2016-11-14 00:00:00,
1.128236752,7082814,Jared Hiltzik,Y Bhambri v J Hiltzik,30,2016-11-14 08:22:37.136,3.2,2016-11-15 00:00:00,
1.128236752,7082814,Jared Hiltzik,Y Bhambri v J Hiltzik,40,2016-11-14 18:01:27.524,3.5,2016-11-15 00:00:00,
1.128236752,7082814,Jared Hiltzik,Y Bhambri v J Hiltzik,50,2016-11-14 21:38:30.418,3.9,2016-11-15 00:00:00,
1.128236752,7082814,Jared Hiltzik,Y Bhambri v J Hiltzik,60,2016-11-14 22:34:42.238,3.5,2016-11-15 00:00:00,
1.128236752,7082814,Jared Hiltzik,Y Bhambri v J Hiltzik,70,2016-11-14 23:20:25.460,3.15,2016-11-15 00:00:00,
1.128236752,7082814,Jared Hiltzik,Y Bhambri v J Hiltzik,80,2016-11-14 23:21:28.425,3.0,2016-11-15 00:00:00,
1.128236752,7082814,Jared Hiltzik,Y Bhambri v J Hiltzik,90,2016-11-14 23:22:29.814,2.94,2016-11-15 00:00:00,
1.128236752,7082814,Jared Hiltzik,Y Bhambri v J Hiltzik,100,2016-11-14 23:42:42.463,3.0,2016-11-15 00:00:00,
1.128236832,6603910,Mitchell Krueger,Torpegaard v M Krueger,0,2016-11-13 22:35:31.880,2.78,2016-11-14 18:00:00,
1.128236832,6603910,Mitchell Krueger,Torpegaard v M Krueger,10,2016-11-14 09:15:30.715,2.68,2016-11-14 18:00:00,
1.128236832,6603910,Mitchell Krueger,Torpegaard v M Krueger,20,2016-11-14 09:48:20.736,3.0,2016-11-14 18:00:00,
1.128236832,6603910,Mitchell Krueger,Torpegaard v M Krueger,30,2016-11-14 13:38:42.411,2.98,2016-11-14 18:00:00,
1.128236832,6603910,Mitchell Krueger,Torpegaard v M Krueger,40,2016-11-14 14:59:03.689,2.9,2016-11-14 18:00:00,
1.128236832,6603910,Mitchell Krueger,Torpegaard v M Krueger,50,2016-11-14 15:59:33.872,2.78,2016-11-14 18:00:00,
1.128236832,6603910,Mitchell Krueger,Torpegaard v M Krueger,60,2016-11-14 16:10:38.344,2.72,2016-11-14 18:00:00,
1.128236832,6603910,Mitchell Krueger,Torpegaard v M Krueger,70,2016-11-14 16:26:38.026,2.92,2016-11-14 18:00:00,
1.128236832,6603910,Mitchell Krueger,Torpegaard v M Krueger,80,2016-11-14 16:48:33.085,3.05,2016-11-14 18:00:00,
1.128236832,6603910,Mitchell Krueger,Torpegaard v M Krueger,90,2016-11-14 16:51:19.144,3.1,2016-11-14 18:00:00,
1.128236832,6603910,Mitchell Krueger,Torpegaard v M Krueger,100,2016-11-14 17:43:37.834,3.05,2016-11-14 18:00:00,
1.128236832,9953209,Mikael Torpegaard,Torpegaard v M Krueger,0,2016-11-13 16:42:20.391,1.51,2016-11-14 12:00:00,
1.128236832,9953209,Mikael Torpegaard,Torpegaard v M Krueger,10,2016-11-13 22:35:31.880,1.56,2016-11-14 18:00:00,
1.128236832,9953209,Mikael Torpegaard,Torpegaard v M Krueger,20,2016-11-14 01:33:03.105,1.56,2016-11-14 18:00:00,
1.128236832,9953209,Mikael Torpegaard,Torpegaard v M Krueger,30,2016-11-14 09:48:20.736,1.5,2016-11-14 18:00:00,
1.128236832,9953209,Mikael Torpegaard,Torpegaard v M Krueger,40,2016-11-14 11:55:38.068,1.48,2016-11-14 18:00:00,
1.128236832,9953209,Mikael Torpegaard,Torpegaard v M Krueger,50,2016-11-14 14:59:03.689,1.52,2016-11-14 18:00:00,
1.128236832,9953209,Mikael Torpegaard,Torpegaard v M Krueger,60,2016-11-14 15:59:33.872,1.56,2016-11-14 18:00:00,
1.128236832,9953209,Mikael Torpegaard,Torpegaard v M Krueger,70,2016-11-14 16:26:38.026,1.52,2016-11-14 18:00:00,
1.128236832,9953209,Mikael Torpegaard,Torpegaard v M Krueger,80,2016-11-14 16:54:03.559,1.48,2016-11-14 18:00:00,
1.128236832,9953209,Mikael Torpegaard,Torpegaard v M Krueger,90,2016-11-14 17:35:36.684,1.46,2016-11-14 18:00:00,
1.128236832,9953209,Mikael Torpegaard,Torpegaard v M Krueger,100,2016-11-14 17:48:17.832,1.46,2016-11-14 18:00:00,
1.128236972,8859316,Reilly Opelka,Opelka v Corrie,0,2016-11-13 23:20:46.725,1.48,2016-11-14 12:00:00,
1.128236972,8859316,Reilly Opelka,Opelka v Corrie,10,2016-11-14 21:32:58.395,1.45,2016-11-15 01:00:00,
1.128236972,8859316,Reilly Opelka,Opelka v Corrie,20,2016-11-14 22:47:20.092,1.51,2016-11-15 01:00:00,
1.128236972,8859316,Reilly Opelka,Opelka v Corrie,30,2016-11-14 23:49:58.209,1.4,2016-11-15 01:00:00,
1.128236972,8859316,Reilly Opelka,Opelka v Corrie,40,2016-11-15 00:36:14.835,1.49,2016-11-15 01:00:00,
1.128236972,8859316,Reilly Opelka,Opelka v Corrie,50,2016-11-15 02:55:38.430,1.51,2016-11-16 01:00:00,
1.128236972,8859316,Reilly Opelka,Opelka v Corrie,60,2016-11-15 08:56:53.769,1.45,2016-11-16 01:00:00,
1.128236972,8859316,Reilly Opelka,Opelka v Corrie,70,2016-11-15 10:40:33.960,1.5,2016-11-16 01:00:00,
1.128236972,8859316,Reilly Opelka,Opelka v Corrie,80,2016-11-15 20:23:22.162,1.47,2016-11-16 01:00:00,
1.128236972,8859316,Reilly Opelka,Opelka v Corrie,90,2016-11-15 22:26:52.958,1.45,2016-11-16 01:00:00,
1.128236972,8859316,Reilly Opelka,Opelka v Corrie,100,2016-11-15 22:39:14.551,1.43,2016-11-16 01:00:00,
1.128239345,3674500,Vitalia Diatchenko,Diatchenko v N Broady,0,2016-11-13 22:39:23.903,3.95,2016-11-14 04:00:00,
1.128239345,3674500,Vitalia Diatchenko,Diatchenko v N Broady,10,2016-11-13 23:49:11.858,3.65,2016-11-14 04:00:00,
1.128239345,3674500,Vitalia Diatchenko,Diatchenko v N Broady,20,2016-11-14 01:17:35.515,3.6,2016-11-14 04:00:00,
1.128239345,3674500,Vitalia Diatchenko,Diatchenko v N Broady,30,2016-11-14 03:47:36.665,3.5,2016-11-14 04:00:00,
1.128239345,3674500,Vitalia Diatchenko,Diatchenko v N Broady,40,2016-11-14 03:52:36.864,3.55,2016-11-14 04:00:00,
1.128239345,3674500,Vitalia Diatchenko,Diatchenko v N Broady,50,2016-11-14 04:03:35.566,3.1,2016-11-14 04:15:00,
1.128239345,3674500,Vitalia Diatchenko,Diatchenko v N Broady,60,2016-11-14 04:04:27.733,3.0,2016-11-14 04:15:00,
1.128239345,3674500,Vitalia Diatchenko,Diatchenko v N Broady,70,2016-11-14 04:14:15.903,2.76,2016-11-14 04:15:00,
1.128239345,3674500,Vitalia Diatchenko,Diatchenko v N Broady,80,2016-11-14 04:17:12.621,2.72,2016-11-14 04:30:00,
1.128239345,3674500,Vitalia Diatchenko,Diatchenko v N Broady,90,2016-11-14 04:34:31.895,2.94,2016-11-14 04:45:00,
1.128239345,3674500,Vitalia Diatchenko,Diatchenko v N Broady,100,2016-11-14 04:35:27.094,3.2,2016-11-14 04:45:00,
1.128239345,3960538,Naomi Broady,Diatchenko v N Broady,0,2016-11-13 20:09:35.584,1.36,2016-11-14 04:00:00,
1.128239345,3960538,Naomi Broady,Diatchenko v N Broady,10,2016-11-13 21:51:59.762,1.35,2016-11-14 04:00:00,
1.128239345,3960538,Naomi Broady,Diatchenko v N Broady,20,2016-11-13 22:21:06.787,1.34,2016-11-14 04:00:00,
1.128239345,3960538,Naomi Broady,Diatchenko v N Broady,30,2016-11-13 23:16:14.590,1.37,2016-11-14 04:00:00,
1.128239345,3960538,Naomi Broady,Diatchenko v N Broady,40,2016-11-14 01:17:35.515,1.38,2016-11-14 04:00:00,
1.128239345,3960538,Naomi Broady,Diatchenko v N Broady,50,2016-11-14 02:50:46.325,1.39,2016-11-14 04:00:00,
1.128239345,3960538,Naomi Broady,Diatchenko v N Broady,60,2016-11-14 03:47:36.665,1.4,2016-11-14 04:00:00,
1.128239345,3960538,Naomi Broady,Diatchenko v N Broady,70,2016-11-14 04:04:27.733,1.5,2016-11-14 04:15:00,
1.128239345,3960538,Naomi Broady,Diatchenko v N Broady,80,2016-11-14 04:05:06.620,1.51,2016-11-14 04:15:00,
1.128239345,3960538,Naomi Broady,Diatchenko v N Broady,90,2016-11-14 04:35:27.094,1.46,2016-11-14 04:45:00,
1.128239345,3960538,Naomi Broady,Diatchenko v N Broady,100,2016-11-14 04:36:37.043,1.44,2016-11-14 04:45:00,
1.128239353,5548385,Alison Van Uytvanck,Van Uytvanck v Kuwata,0,2016-11-13 22:47:38.979,1.2,2016-11-14 12:00:00,
1.128239353,5548385,Alison Van Uytvanck,Van Uytvanck v Kuwata,10,2016-11-14 10:31:32.742,1.17,2016-11-15 06:00:00,
1.128239353,5548385,Alison Van Uytvanck,Van Uytvanck v Kuwata,20,2016-11-14 19:11:13.943,1.18,2016-11-15 06:00:00,
1.128239353,5548385,Alison Van Uytvanck,Van Uytvanck v Kuwata,30,2016-11-14 20:47:40.514,1.16,2016-11-15 06:00:00,
1.128239353,5548385,Alison Van Uytvanck,Van Uytvanck v Kuwata,40,2016-11-14 21:40:34.180,1.23,2016-11-15 06:00:00,
1.128239353,5548385,Alison Van Uytvanck,Van Uytvanck v Kuwata,50,2016-11-14 23:18:43.032,1.16,2016-11-15 06:00:00,
1.128239353,5548385,Alison Van Uytvanck,Van Uytvanck v Kuwata,60,2016-11-14 23:53:39.469,1.15,2016-11-15 06:00:00,
1.128239353,5548385,Alison Van Uytvanck,Van Uytvanck v Kuwata,70,2016-11-15 02:06:47.592,1.14,2016-11-15 05:55:00,
1.128239353,5548385,Alison Van Uytvanck,Van Uytvanck v Kuwata,80,2016-11-15 04:51:43.721,1.16,2016-11-15 05:25:00,
1.128239353,5548385,Alison Van Uytvanck,Van Uytvanck v Kuwata,90,2016-11-15 04:52:37.339,1.15,2016-11-15 05:25:00,
1.128239353,5548385,Alison Van Uytvanck,Van Uytvanck v Kuwata,100,2016-11-15 04:53:40.700,1.14,2016-11-15 05:25:00,
1.128239458,5690805,Dalila Jakupovic,D Jakupovic v Ya Lee,0,2016-11-13 22:22:44.547,1.27,2016-11-14 06:00:00,
1.128239458,5690805,Dalila Jakupovic,D Jakupovic v Ya Lee,10,2016-11-14 00:44:15.749,1.29,2016-11-14 06:00:00,
1.128239458,5690805,Dalila Jakupovic,D Jakupovic v Ya Lee,20,2016-11-14 04:47:32.937,1.31,2016-11-14 06:44:00,
1.128239458,5690805,Dalila Jakupovic,D Jakupovic v Ya Lee,30,2016-11-14 05:33:44.700,1.28,2016-11-14 06:44:00,
1.128239458,5690805,Dalila Jakupovic,D Jakupovic v Ya Lee,40,2016-11-14 06:21:48.740,1.35,2016-11-14 06:44:00,
1.128239458,5690805,Dalila Jakupovic,D Jakupovic v Ya Lee,50,2016-11-14 06:35:45.162,1.31,2016-11-14 06:44:00,
1.128239458,5690805,Dalila Jakupovic,D Jakupovic v Ya Lee,60,2016-11-14 06:36:38.311,1.36,2016-11-14 06:44:00,
1.128239458,5690805,Dalila Jakupovic,D Jakupovic v Ya Lee,70,2016-11-14 07:01:41.045,1.56,2016-11-14 07:14:00,
1.128239458,5690805,Dalila Jakupovic,D Jakupovic v Ya Lee,80,2016-11-14 07:03:30.278,1.52,2016-11-14 07:14:00,
1.128239458,5690805,Dalila Jakupovic,D Jakupovic v Ya Lee,90,2016-11-14 07:08:45.280,1.37,2016-11-14 07:14:00,
1.128239458,5690805,Dalila Jakupovic,D Jakupovic v Ya Lee,100,2016-11-14 07:10:41.001,1.37,2016-11-14 07:14:00,
1.128239458,8839147,Ya-Hsuan Lee,D Jakupovic v Ya Lee,0,2016-11-14 04:00:44.430,3.85,2016-11-14 06:00:00,
1.128239458,8839147,Ya-Hsuan Lee,D Jakupovic v Ya Lee,10,2016-11-14 04:01:35.423,3.6,2016-11-14 06:15:00,
1.128239458,8839147,Ya-Hsuan Lee,D Jakupovic v Ya Lee,20,2016-11-14 05:04:15.553,4.3,2016-11-14 06:44:00,
1.128239458,8839147,Ya-Hsuan Lee,D Jakupovic v Ya Lee,30,2016-11-14 05:27:31.156,4.2,2016-11-14 06:44:00,
1.128239458,8839147,Ya-Hsuan Lee,D Jakupovic v Ya Lee,40,2016-11-14 06:29:18.939,3.85,2016-11-14 06:44:00,
1.128239458,8839147,Ya-Hsuan Lee,D Jakupovic v Ya Lee,50,2016-11-14 06:34:45.145,3.8,2016-11-14 06:44:00,
1.128239458,8839147,Ya-Hsuan Lee,D Jakupovic v Ya Lee,60,2016-11-14 06:35:45.162,3.85,2016-11-14 06:44:00,
1.128239458,8839147,Ya-Hsuan Lee,D Jakupovic v Ya Lee,70,2016-11-14 06:49:37.652,4.0,2016-11-14 06:59:00,
1.128239458,8839147,Ya-Hsuan Lee,D Jakupovic v Ya Lee,80,2016-11-14 07:01:41.045,3.15,2016-11-14 07:14:00,
1.128239458,8839147,Ya-Hsuan Lee,D Jakupovic v Ya Lee,90,2016-11-14 07:07:43.083,3.6,2016-11-14 07:14:00,
1.128239458,8839147,Ya-Hsuan Lee,D Jakupovic v Ya Lee,100,2016-11-14 07:08:45.280,3.75,2016-11-14 07:14:00,
1.128239516,2251579,Daniela Hantuchova,Soylu v Hantuchova,0,2016-11-14 10:23:51.636,1.65,2016-11-15 10:15:00,
1.128239516,2251579,Daniela Hantuchova,Soylu v Hantuchova,10,2016-11-15 06:41:34.277,1.7,2016-11-15 10:15:00,
1.128239516,2251579,Daniela Hantuchova,Soylu v Hantuchova,20,2016-11-15 07:35:53.456,1.7,2016-11-15 10:15:00,
1.128239516,2251579,Daniela Hantuchova,Soylu v Hantuchova,30,2016-11-15 07:41:40.147,1.7,2016-11-15 10:15:00,
1.128239516,2251579,Daniela Hantuchova,Soylu v Hantuchova,40,2016-11-15 08:41:57.285,1.83,2016-11-15 10:15:00,
1.128239516,2251579,Daniela Hantuchova,Soylu v Hantuchova,50,2016-11-15 08:44:54.340,1.83,2016-11-15 10:15:00,
1.128239516,2251579,Daniela Hantuchova,Soylu v Hantuchova,60,2016-11-15 08:59:08.100,1.83,2016-11-15 10:15:00,
1.128239516,2251579,Daniela Hantuchova,Soylu v Hantuchova,70,2016-11-15 09:20:50.511,1.86,2016-11-15 10:15:00,
1.128239516,2251579,Daniela Hantuchova,Soylu v Hantuchova,80,2016-11-15 09:31:54.721,1.88,2016-11-15 10:15:00,
1.128239516,2251579,Daniela Hantuchova,Soylu v Hantuchova,90,2016-11-15 10:08:56.901,1.9,2016-11-15 10:15:00,
1.128239516,2251579,Daniela Hantuchova,Soylu v Hantuchova,100,2016-11-15 10:18:48.484,1.87,2016-11-15 10:30:00,
1.128239516,8397938,Ipek Soylu,Soylu v Hantuchova,0,2016-11-15 07:29:34.457,2.22,2016-11-15 10:15:00,
1.128239516,8397938,Ipek Soylu,Soylu v Hantuchova,10,2016-11-15 07:38:54.087,2.18,2016-11-15 10:15:00,
1.128239516,8397938,Ipek Soylu,Soylu v Hantuchova,20,2016-11-15 07:52:52.648,2.1,2016-11-15 10:15:00,
1.128239516,8397938,Ipek Soylu,Soylu v Hantuchova,30,2016-11-15 07:59:58.190,2.14,2016-11-15 10:15:00,
1.128239516,8397938,Ipek Soylu,Soylu v Hantuchova,40,2016-11-15 08:04:56.655,2.02,2016-11-15 10:15:00,
1.128239516,8397938,Ipek Soylu,Soylu v Hantuchova,50,2016-11-15 08:22:50.426,2.2,2016-11-15 10:15:00,
1.128239516,8397938,Ipek Soylu,Soylu v Hantuchova,60,2016-11-15 08:41:57.285,2.22,2016-11-15 10:15:00,
1.128239516,8397938,Ipek Soylu,Soylu v Hantuchova,70,2016-11-15 08:50:55.882,2.22,2016-11-15 10:15:00,
1.128239516,8397938,Ipek Soylu,Soylu v Hantuchova,80,2016-11-15 08:59:08.100,2.18,2016-11-15 10:15:00,
1.128239516,8397938,Ipek Soylu,Soylu v Hantuchova,90,2016-11-15 09:30:58.279,2.14,2016-11-15 10:15:00,
1.128239516,8397938,Ipek Soylu,Soylu v Hantuchova,100,2016-11-15 10:19:52.481,2.08,2016-11-15 10:30:00,
1.128239546,3738415,Julia Boserup,Boserup v Sawayanagi,0,2016-11-13 21:44:10.656,1.35,2016-11-14 12:00:00,
1.128239546,3738415,Julia Boserup,Boserup v Sawayanagi,10,2016-11-14 10:31:44.301,1.38,2016-11-15 02:00:00,
1.128239546,3738415,Julia Boserup,Boserup v Sawayanagi,20,2016-11-14 22:20:31.621,1.43,2016-11-15 02:00:00,
1.128239546,3738415,Julia Boserup,Boserup v Sawayanagi,30,2016-11-14 23:09:20.340,1.44,2016-11-15 02:00:00,
1.128239546,3738415,Julia Boserup,Boserup v Sawayanagi,40,2016-11-14 23:16:46.950,1.43,2016-11-15 02:00:00,
1.128239546,3738415,Julia Boserup,Boserup v Sawayanagi,50,2016-11-15 00:03:36.037,1.45,2016-11-15 02:00:00,
1.128239546,3738415,Julia Boserup,Boserup v Sawayanagi,60,2016-11-15 01:00:58.552,1.44,2016-11-15 02:00:00,
1.128239546,3738415,Julia Boserup,Boserup v Sawayanagi,70,2016-11-15 01:17:58.599,1.47,2016-11-15 02:00:00,
1.128239546,3738415,Julia Boserup,Boserup v Sawayanagi,80,2016-11-15 01:32:47.858,1.44,2016-11-15 02:00:00,
1.128239546,3738415,Julia Boserup,Boserup v Sawayanagi,90,2016-11-15 01:41:41.960,1.43,2016-11-15 02:00:00,
1.128239546,3738415,Julia Boserup,Boserup v Sawayanagi,100,2016-11-15 01:50:01.805,1.47,2016-11-15 02:00:00,
1.128239546,8839049,Riko Sawayanagi,Boserup v Sawayanagi,0,2016-11-14 20:46:36.519,3.15,2016-11-15 02:00:00,
1.128239546,8839049,Riko Sawayanagi,Boserup v Sawayanagi,10,2016-11-14 21:08:11.763,3.5,2016-11-15 02:00:00,
1.128239546,8839049,Riko Sawayanagi,Boserup v Sawayanagi,20,2016-11-14 22:20:31.621,3.35,2016-11-15 02:00:00,
1.128239546,8839049,Riko Sawayanagi,Boserup v Sawayanagi,30,2016-11-15 00:00:44.524,3.25,2016-11-15 02:00:00,
1.128239546,8839049,Riko Sawayanagi,Boserup v Sawayanagi,40,2016-11-15 00:53:50.587,3.2,2016-11-15 02:00:00,
1.128239546,8839049,Riko Sawayanagi,Boserup v Sawayanagi,50,2016-11-15 00:55:00.265,3.1,2016-11-15 02:00:00,
1.128239546,8839049,Riko Sawayanagi,Boserup v Sawayanagi,60,2016-11-15 01:00:58.552,3.05,2016-11-15 02:00:00,
1.128239546,8839049,Riko Sawayanagi,Boserup v Sawayanagi,70,2016-11-15 01:15:58.453,3.2,2016-11-15 02:00:00,
1.128239546,8839049,Riko Sawayanagi,Boserup v Sawayanagi,80,2016-11-15 01:17:58.599,3.1,2016-11-15 02:00:00,
1.128239546,8839049,Riko Sawayanagi,Boserup v Sawayanagi,90,2016-11-15 01:25:24.448,3.2,2016-11-15 02:00:00,
1.128239546,8839049,Riko Sawayanagi,Boserup v Sawayanagi,100,2016-11-15 01:32:47.858,3.1,2016-11-15 02:00:00,
1.128239645,2415575,Olga Govortsova,R Ozaki v Govortsova,0,2016-11-14 01:57:20.659,2.08,2016-11-14 04:00:00,
1.128239645,2415575,Olga Govortsova,R Ozaki v Govortsova,10,2016-11-14 02:14:20.237,2.06,2016-11-14 04:00:00,
1.128239645,2415575,Olga Govortsova,R Ozaki v Govortsova,20,2016-11-14 03:02:54.075,2.2,2016-11-14 04:00:00,
1.128239645,2415575,Olga Govortsova,R Ozaki v Govortsova,30,2016-11-14 03:05:51.440,2.28,2016-11-14 04:00:00,
1.128239645,2415575,Olga Govortsova,R Ozaki v Govortsova,40,2016-11-14 03:38:46.677,2.12,2016-11-14 04:00:00,
1.128239645,2415575,Olga Govortsova,R Ozaki v Govortsova,50,2016-11-14 03:41:57.892,2.08,2016-11-14 04:00:00,
1.128239645,2415575,Olga Govortsova,R Ozaki v Govortsova,60,2016-11-14 03:47:00.138,2.06,2016-11-14 04:00:00,
1.128239645,2415575,Olga Govortsova,R Ozaki v Govortsova,70,2016-11-14 03:54:58.118,2.1,2016-11-14 04:00:00,
1.128239645,2415575,Olga Govortsova,R Ozaki v Govortsova,80,2016-11-14 04:14:41.997,2.02,2016-11-14 04:15:00,
1.128239645,2415575,Olga Govortsova,R Ozaki v Govortsova,90,2016-11-14 04:29:58.439,2.08,2016-11-14 04:30:00,
1.128239645,2415575,Olga Govortsova,R Ozaki v Govortsova,100,2016-11-14 04:48:40.177,2.02,2016-11-14 05:00:00,
1.128239645,7593284,Risa Ozaki,R Ozaki v Govortsova,0,2016-11-13 21:14:15.271,1.73,2016-11-14 04:00:00,
1.128239645,7593284,Risa Ozaki,R Ozaki v Govortsova,10,2016-11-13 21:38:42.397,1.76,2016-11-14 04:00:00,
1.128239645,7593284,Risa Ozaki,R Ozaki v Govortsova,20,2016-11-13 22:20:01.174,1.77,2016-11-14 04:00:00,
1.128239645,7593284,Risa Ozaki,R Ozaki v Govortsova,30,2016-11-14 02:10:58.828,1.74,2016-11-14 04:00:00,
1.128239645,7593284,Risa Ozaki,R Ozaki v Govortsova,40,2016-11-14 02:14:20.237,1.95,2016-11-14 04:00:00,
1.128239645,7593284,Risa Ozaki,R Ozaki v Govortsova,50,2016-11-14 03:02:54.075,1.83,2016-11-14 04:00:00,
1.128239645,7593284,Risa Ozaki,R Ozaki v Govortsova,60,2016-11-14 03:38:46.677,1.89,2016-11-14 04:00:00,
1.128239645,7593284,Risa Ozaki,R Ozaki v Govortsova,70,2016-11-14 03:47:57.094,1.9,2016-11-14 04:00:00,
1.128239645,7593284,Risa Ozaki,R Ozaki v Govortsova,80,2016-11-14 04:29:58.439,1.92,2016-11-14 04:30:00,
1.128239645,7593284,Risa Ozaki,R Ozaki v Govortsova,90,2016-11-14 04:46:44.187,1.8,2016-11-14 05:00:00,
1.128239645,7593284,Risa Ozaki,R Ozaki v Govortsova,100,2016-11-14 04:55:55.363,1.9,2016-11-14 05:00:00,
1.128239675,6092292,Irina Khromacheva,Khromacheva v Maria,0,2016-11-13 20:07:30.748,1.76,2016-11-14 12:00:00,
1.128239675,6092292,Irina Khromacheva,Khromacheva v Maria,10,2016-11-13 21:26:34.041,1.86,2016-11-14 12:00:00,
1.128239675,6092292,Irina Khromacheva,Khromacheva v Maria,20,2016-11-15 15:05:43.578,1.83,2016-11-16 04:00:00,
1.128239675,6092292,Irina Khromacheva,Khromacheva v Maria,30,2016-11-15 19:05:57.252,1.81,2016-11-16 04:00:00,
1.128239675,6092292,Irina Khromacheva,Khromacheva v Maria,40,2016-11-15 21:26:44.183,1.82,2016-11-16 04:00:00,
1.128239675,6092292,Irina Khromacheva,Khromacheva v Maria,50,2016-11-15 23:19:05.271,1.88,2016-11-16 04:00:00,
1.128239675,6092292,Irina Khromacheva,Khromacheva v Maria,60,2016-11-16 00:24:14.912,1.96,2016-11-16 04:00:00,
1.128239675,6092292,Irina Khromacheva,Khromacheva v Maria,70,2016-11-16 02:08:59.219,1.93,2016-11-16 04:00:00,
1.128239675,6092292,Irina Khromacheva,Khromacheva v Maria,80,2016-11-16 02:13:04.943,1.93,2016-11-16 04:00:00,
1.128239675,6092292,Irina Khromacheva,Khromacheva v Maria,90,2016-11-16 02:33:03.577,1.96,2016-11-16 04:00:00,
1.128239675,6092292,Irina Khromacheva,Khromacheva v Maria,100,2016-11-16 03:45:47.546,1.98,2016-11-16 04:00:00,
1.128239675,7299657,Tatjana Maria,Khromacheva v Maria,0,2016-11-13 20:07:02.649,2.32,2016-11-14 12:00:00,
1.128239675,7299657,Tatjana Maria,Khromacheva v Maria,10,2016-11-13 20:30:45.583,2.24,2016-11-14 12:00:00,
1.128239675,7299657,Tatjana Maria,Khromacheva v Maria,20,2016-11-15 23:18:03.851,2.2,2016-11-16 04:00:00,
1.128239675,7299657,Tatjana Maria,Khromacheva v Maria,30,2016-11-15 23:20:06.333,2.1,2016-11-16 04:00:00,
1.128239675,7299657,Tatjana Maria,Khromacheva v Maria,40,2016-11-15 23:22:58.408,2.1,2016-11-16 04:00:00,
1.128239675,7299657,Tatjana Maria,Khromacheva v Maria,50,2016-11-16 02:01:01.187,2.06,2016-11-16 04:00:00,
1.128239675,7299657,Tatjana Maria,Khromacheva v Maria,60,2016-11-16 02:02:01.877,2.08,2016-11-16 04:00:00,
1.128239675,7299657,Tatjana Maria,Khromacheva v Maria,70,2016-11-16 02:04:01.936,2.1,2016-11-16 04:00:00,
1.128239675,7299657,Tatjana Maria,Khromacheva v Maria,80,2016-11-16 02:16:03.737,2.06,2016-11-16 04:00:00,
1.128239675,7299657,Tatjana Maria,Khromacheva v Maria,90,2016-11-16 02:43:01.142,2.06,2016-11-16 04:00:00,
1.128239675,7299657,Tatjana Maria,Khromacheva v Maria,100,2016-11-16 03:29:56.869,2.02,2016-11-16 04:00:00,
1.128240956,3374117,Yuichi Sugita,Takeuchi v Sugita,0,2016-11-14 18:12:52.608,1.11,2016-11-15 01:00:00,
1.128240956,3374117,Yuichi Sugita,Takeuchi v Sugita,10,2016-11-14 20:41:59.473,1.08,2016-11-15 01:00:00,
1.128240956,3374117,Yuichi Sugita,Takeuchi v Sugita,20,2016-11-14 22:23:47.027,1.11,2016-11-15 01:00:00,
1.128240956,3374117,Yuichi Sugita,Takeuchi v Sugita,30,2016-11-14 22:48:18.746,1.12,2016-11-15 01:00:00,
1.128240956,3374117,Yuichi Sugita,Takeuchi v Sugita,40,2016-11-14 22:49:12.450,1.13,2016-11-15 01:00:00,
1.128240956,3374117,Yuichi Sugita,Takeuchi v Sugita,50,2016-11-14 22:49:47.898,1.16,2016-11-15 01:00:00,
1.128240956,3374117,Yuichi Sugita,Takeuchi v Sugita,60,2016-11-14 23:16:21.485,1.08,2016-11-15 01:00:00,
1.128240956,3374117,Yuichi Sugita,Takeuchi v Sugita,70,2016-11-15 00:36:33.300,1.1,2016-11-15 01:00:00,
1.128240956,3374117,Yuichi Sugita,Takeuchi v Sugita,80,2016-11-15 00:36:52.823,1.06,2016-11-15 01:00:00,
1.128240956,3374117,Yuichi Sugita,Takeuchi v Sugita,90,2016-11-15 00:40:06.945,1.08,2016-11-15 01:00:00,
1.128240956,3374117,Yuichi Sugita,Takeuchi v Sugita,100,2016-11-15 00:41:33.909,1.15,2016-11-15 01:00:00,
1.128240958,2475803,Michal Przysiezny,Du Lee v Przysiezny,0,2016-11-14 14:38:01.252,2.2,2016-11-15 02:00:00,
1.128240958,2475803,Michal Przysiezny,Du Lee v Przysiezny,10,2016-11-14 20:43:14.514,2.0,2016-11-15 02:00:00,
1.128240958,2475803,Michal Przysiezny,Du Lee v Przysiezny,20,2016-11-14 22:52:40.028,2.26,2016-11-15 02:00:00,
1.128240958,2475803,Michal Przysiezny,Du Lee v Przysiezny,30,2016-11-15 00:09:31.716,2.26,2016-11-15 02:00:00,
1.128240958,2475803,Michal Przysiezny,Du Lee v Przysiezny,40,2016-11-15 00:11:27.999,2.26,2016-11-15 02:00:00,
1.128240958,2475803,Michal Przysiezny,Du Lee v Przysiezny,50,2016-11-15 00:14:32.299,2.26,2016-11-15 02:00:00,
1.128240958,2475803,Michal Przysiezny,Du Lee v Przysiezny,60,2016-11-15 00:19:23.831,2.28,2016-11-15 02:00:00,
1.128240958,2475803,Michal Przysiezny,Du Lee v Przysiezny,70,2016-11-15 00:22:33.556,2.24,2016-11-15 02:00:00,
1.128240958,2475803,Michal Przysiezny,Du Lee v Przysiezny,80,2016-11-15 00:28:29.206,2.24,2016-11-15 02:00:00,
1.128240958,2475803,Michal Przysiezny,Du Lee v Przysiezny,90,2016-11-15 00:42:30.988,2.24,2016-11-15 02:00:00,
1.128240958,2475803,Michal Przysiezny,Du Lee v Przysiezny,100,2016-11-15 02:04:32.918,2.38,2016-11-15 02:15:00,
1.128240958,8505197,Duckhee Lee,Du Lee v Przysiezny,0,2016-11-14 14:16:14.167,1.84,2016-11-15 02:00:00,
1.128240958,8505197,Duckhee Lee,Du Lee v Przysiezny,10,2016-11-14 18:26:28.481,1.74,2016-11-15 02:00:00,
1.128240958,8505197,Duckhee Lee,Du Lee v Przysiezny,20,2016-11-14 22:42:32.589,1.65,2016-11-15 02:00:00,
1.128240958,8505197,Duckhee Lee,Du Lee v Przysiezny,30,2016-11-14 23:11:53.902,1.66,2016-11-15 02:00:00,
1.128240958,8505197,Duckhee Lee,Du Lee v Przysiezny,40,2016-11-15 00:07:15.068,1.82,2016-11-15 02:00:00,
1.128240958,8505197,Duckhee Lee,Du Lee v Przysiezny,50,2016-11-15 00:13:34.514,1.81,2016-11-15 02:00:00,
1.128240958,8505197,Duckhee Lee,Du Lee v Przysiezny,60,2016-11-15 00:41:32.576,1.68,2016-11-15 02:00:00,
1.128240958,8505197,Duckhee Lee,Du Lee v Przysiezny,70,2016-11-15 00:47:28.217,1.81,2016-11-15 02:00:00,
1.128240958,8505197,Duckhee Lee,Du Lee v Przysiezny,80,2016-11-15 01:01:23.313,1.72,2016-11-15 02:00:00,
1.128240958,8505197,Duckhee Lee,Du Lee v Przysiezny,90,2016-11-15 01:19:29.423,1.66,2016-11-15 02:00:00,
1.128240958,8505197,Duckhee Lee,Du Lee v Przysiezny,100,2016-11-15 01:51:32.441,1.72,2016-11-15 02:00:00,
1.128243114,12109227,Smith/Voracova,Rosolska/Voskoboeva v Smith/Voracova,0,2016-11-14 09:10:51.746,1.67,2016-11-14 15:00:00,
1.128243114,12109227,Smith/Voracova,Rosolska/Voskoboeva v Smith/Voracova,10,2016-11-14 12:10:21.175,1.63,2016-11-14 15:00:00,
1.128243114,12109227,Smith/Voracova,Rosolska/Voskoboeva v Smith/Voracova,20,2016-11-14 13:43:05.388,1.76,2016-11-14 15:00:00,
1.128243114,12109227,Smith/Voracova,Rosolska/Voskoboeva v Smith/Voracova,30,2016-11-14 15:23:03.139,1.9,2016-11-14 15:30:00,
1.128243114,12109227,Smith/Voracova,Rosolska/Voskoboeva v Smith/Voracova,40,2016-11-14 15:27:05.283,1.97,2016-11-14 15:30:00,
1.128243114,12109227,Smith/Voracova,Rosolska/Voskoboeva v Smith/Voracova,50,2016-11-14 15:28:54.411,1.9,2016-11-14 15:30:00,
1.128243114,12109227,Smith/Voracova,Rosolska/Voskoboeva v Smith/Voracova,60,2016-11-14 15:34:56.611,1.99,2016-11-14 15:45:00,
1.128243114,12109227,Smith/Voracova,Rosolska/Voskoboeva v Smith/Voracova,70,2016-11-14 15:35:54.613,1.77,2016-11-14 15:45:00,
1.128243114,12109227,Smith/Voracova,Rosolska/Voskoboeva v Smith/Voracova,80,2016-11-14 15:40:00.038,1.99,2016-11-14 15:45:00,
1.128243114,12109227,Smith/Voracova,Rosolska/Voskoboeva v Smith/Voracova,90,2016-11-14 15:42:03.134,1.77,2016-11-14 15:45:00,
1.128243114,12109227,Smith/Voracova,Rosolska/Voskoboeva v Smith/Voracova,100,2016-11-14 15:44:56.271,1.93,2016-11-14 15:45:00,
1.128244322,5892551,Alexandra Cadantu,Dodin v Cadantu,0,2016-11-14 11:29:42.756,7.2,2016-11-14 17:00:00,
1.128244322,5892551,Alexandra Cadantu,Dodin v Cadantu,10,2016-11-14 12:41:33.920,9.2,2016-11-14 17:00:00,
1.128244322,5892551,Alexandra Cadantu,Dodin v Cadantu,20,2016-11-14 12:47:43.586,6.4,2016-11-14 17:00:00,
1.128244322,5892551,Alexandra Cadantu,Dodin v Cadantu,30,2016-11-14 13:13:27.342,8.6,2016-11-14 17:00:00,
1.128244322,5892551,Alexandra Cadantu,Dodin v Cadantu,40,2016-11-14 13:41:11.109,7.4,2016-11-14 17:00:00,
1.128244322,5892551,Alexandra Cadantu,Dodin v Cadantu,50,2016-11-14 14:26:22.070,7.6,2016-11-14 17:00:00,
1.128244322,5892551,Alexandra Cadantu,Dodin v Cadantu,60,2016-11-14 14:27:51.679,7.4,2016-11-14 17:00:00,
1.128244322,5892551,Alexandra Cadantu,Dodin v Cadantu,70,2016-11-14 15:19:40.104,7.0,2016-11-14 17:30:00,
1.128244322,5892551,Alexandra Cadantu,Dodin v Cadantu,80,2016-11-14 15:26:44.392,7.8,2016-11-14 17:30:00,
1.128244322,5892551,Alexandra Cadantu,Dodin v Cadantu,90,2016-11-14 16:34:38.329,7.6,2016-11-14 17:42:00,
1.128244322,5892551,Alexandra Cadantu,Dodin v Cadantu,100,2016-11-14 16:51:17.458,8.2,2016-11-14 17:42:00,
1.128244322,7289631,Oceane Dodin,Dodin v Cadantu,0,2016-11-14 09:42:32.520,1.13,2016-11-14 17:00:00,
1.128244322,7289631,Oceane Dodin,Dodin v Cadantu,10,2016-11-14 12:41:33.920,1.11,2016-11-14 17:00:00,
1.128244322,7289631,Oceane Dodin,Dodin v Cadantu,20,2016-11-14 13:13:27.342,1.13,2016-11-14 17:00:00,
1.128244322,7289631,Oceane Dodin,Dodin v Cadantu,30,2016-11-14 14:26:22.070,1.16,2016-11-14 17:00:00,
1.128244322,7289631,Oceane Dodin,Dodin v Cadantu,40,2016-11-14 15:19:40.104,1.17,2016-11-14 17:30:00,
1.128244322,7289631,Oceane Dodin,Dodin v Cadantu,50,2016-11-14 15:25:06.079,1.15,2016-11-14 17:30:00,
1.128244322,7289631,Oceane Dodin,Dodin v Cadantu,60,2016-11-14 16:15:41.458,1.13,2016-11-14 17:42:00,
1.128244322,7289631,Oceane Dodin,Dodin v Cadantu,70,2016-11-14 16:37:44.637,1.14,2016-11-14 17:42:00,
1.128244322,7289631,Oceane Dodin,Dodin v Cadantu,80,2016-11-14 16:46:32.730,1.14,2016-11-14 17:42:00,
1.128244322,7289631,Oceane Dodin,Dodin v Cadantu,90,2016-11-14 16:49:24.204,1.12,2016-11-14 17:42:00,
1.128244322,7289631,Oceane Dodin,Dodin v Cadantu,100,2016-11-14 17:01:07.169,1.13,2016-11-14 17:42:00,
1.128244376,2264531,Galina Voskoboeva,Alexandrova v Voskoboeva,0,2016-11-14 02:52:52.132,2.78,2016-11-14 11:30:00,
1.128244376,2264531,Galina Voskoboeva,Alexandrova v Voskoboeva,10,2016-11-14 07:09:43.603,2.6,2016-11-14 11:30:00,
1.128244376,2264531,Galina Voskoboeva,Alexandrova v Voskoboeva,20,2016-11-14 08:28:34.587,2.78,2016-11-14 11:30:00,
1.128244376,2264531,Galina Voskoboeva,Alexandrova v Voskoboeva,30,2016-11-14 09:17:23.488,2.84,2016-11-14 11:30:00,
1.128244376,2264531,Galina Voskoboeva,Alexandrova v Voskoboeva,40,2016-11-14 09:18:07.369,2.8,2016-11-14 11:30:00,
1.128244376,2264531,Galina Voskoboeva,Alexandrova v Voskoboeva,50,2016-11-14 09:45:47.898,3.1,2016-11-14 11:21:00,
1.128244376,2264531,Galina Voskoboeva,Alexandrova v Voskoboeva,60,2016-11-14 09:50:46.794,3.05,2016-11-14 11:21:00,
1.128244376,2264531,Galina Voskoboeva,Alexandrova v Voskoboeva,70,2016-11-14 10:30:37.001,2.98,2016-11-14 11:21:00,
1.128244376,2264531,Galina Voskoboeva,Alexandrova v Voskoboeva,80,2016-11-14 10:51:45.964,2.98,2016-11-14 11:21:00,
1.128244376,2264531,Galina Voskoboeva,Alexandrova v Voskoboeva,90,2016-11-14 10:57:52.672,3.0,2016-11-14 11:21:00,
1.128244376,2264531,Galina Voskoboeva,Alexandrova v Voskoboeva,100,2016-11-14 11:02:52.407,3.15,2016-11-14 11:21:00,
1.128244376,8681458,Ekaterina Alexandrova,Alexandrova v Voskoboeva,0,2016-11-14 07:09:43.603,1.62,2016-11-14 11:30:00,
1.128244376,8681458,Ekaterina Alexandrova,Alexandrova v Voskoboeva,10,2016-11-14 08:28:34.587,1.55,2016-11-14 11:30:00,
1.128244376,8681458,Ekaterina Alexandrova,Alexandrova v Voskoboeva,20,2016-11-14 09:17:23.488,1.54,2016-11-14 11:30:00,
1.128244376,8681458,Ekaterina Alexandrova,Alexandrova v Voskoboeva,30,2016-11-14 09:26:26.193,1.53,2016-11-14 11:21:00,
1.128244376,8681458,Ekaterina Alexandrova,Alexandrova v Voskoboeva,40,2016-11-14 09:40:50.331,1.48,2016-11-14 11:21:00,
1.128244376,8681458,Ekaterina Alexandrova,Alexandrova v Voskoboeva,50,2016-11-14 09:47:47.593,1.48,2016-11-14 11:21:00,
1.128244376,8681458,Ekaterina Alexandrova,Alexandrova v Voskoboeva,60,2016-11-14 10:28:24.871,1.49,2016-11-14 11:21:00,
1.128244376,8681458,Ekaterina Alexandrova,Alexandrova v Voskoboeva,70,2016-11-14 10:44:53.813,1.5,2016-11-14 11:21:00,
1.128244376,8681458,Ekaterina Alexandrova,Alexandrova v Voskoboeva,80,2016-11-14 11:04:31.162,1.47,2016-11-14 11:21:00,
1.128244376,8681458,Ekaterina Alexandrova,Alexandrova v Voskoboeva,90,2016-11-14 11:09:15.846,1.47,2016-11-14 11:21:00,
1.128244376,8681458,Ekaterina Alexandrova,Alexandrova v Voskoboeva,100,2016-11-14 11:15:21.958,1.45,2016-11-14 11:21:00,
1.128244589,8736064,Alizé Cornet,Amanmuradova v Cornet,0,2016-11-14 14:26:39.315,1.14,2016-11-15 12:00:00,
1.128244589,8736064,Alizé Cornet,Amanmuradova v Cornet,10,2016-11-14 21:36:52.272,1.15,2016-11-15 12:00:00,
1.128244589,8736064,Alizé Cornet,Amanmuradova v Cornet,20,2016-11-15 00:48:12.281,1.13,2016-11-16 12:00:00,
1.128244589,8736064,Alizé Cornet,Amanmuradova v Cornet,30,2016-11-16 13:19:11.844,1.15,2016-11-16 18:00:00,
1.128244589,8736064,Alizé Cornet,Amanmuradova v Cornet,40,2016-11-16 14:08:39.798,1.14,2016-11-16 18:00:00,
1.128244589,8736064,Alizé Cornet,Amanmuradova v Cornet,50,2016-11-16 15:02:13.016,1.12,2016-11-16 18:00:00,
1.128244589,8736064,Alizé Cornet,Amanmuradova v Cornet,60,2016-11-16 15:48:38.899,1.14,2016-11-16 18:00:00,
1.128244589,8736064,Alizé Cornet,Amanmuradova v Cornet,70,2016-11-16 16:16:38.611,1.12,2016-11-16 17:46:00,
1.128244589,8736064,Alizé Cornet,Amanmuradova v Cornet,80,2016-11-16 16:41:21.589,1.15,2016-11-16 17:46:00,
1.128244589,8736064,Alizé Cornet,Amanmuradova v Cornet,90,2016-11-16 16:54:59.392,1.14,2016-11-16 17:46:00,
1.128244589,8736064,Alizé Cornet,Amanmuradova v Cornet,100,2016-11-16 17:19:42.380,1.14,2016-11-16 17:20:00,
1.128252076,5595356,Daniel Cox,Vorster v D Cox,0,2016-11-14 08:34:53.038,2.2,2016-11-14 18:00:00,
1.128252076,5595356,Daniel Cox,Vorster v D Cox,10,2016-11-14 08:49:30.832,2.04,2016-11-14 18:00:00,
1.128252076,5595356,Daniel Cox,Vorster v D Cox,20,2016-11-14 09:05:04.505,2.1,2016-11-14 18:00:00,
1.128252076,5595356,Daniel Cox,Vorster v D Cox,30,2016-11-14 10:11:29.993,1.9,2016-11-14 18:00:00,
1.128252076,5595356,Daniel Cox,Vorster v D Cox,40,2016-11-14 10:31:32.265,1.82,2016-11-14 18:00:00,
1.128252076,5595356,Daniel Cox,Vorster v D Cox,50,2016-11-14 10:57:16.406,1.81,2016-11-14 18:00:00,
1.128252076,5595356,Daniel Cox,Vorster v D Cox,60,2016-11-14 11:14:14.757,1.93,2016-11-14 18:00:00,
1.128252076,5595356,Daniel Cox,Vorster v D Cox,70,2016-11-14 12:09:18.868,1.94,2016-11-14 18:00:00,
1.128252076,5595356,Daniel Cox,Vorster v D Cox,80,2016-11-14 15:21:11.521,1.82,2016-11-14 18:00:00,
1.128252076,5595356,Daniel Cox,Vorster v D Cox,90,2016-11-14 16:00:30.466,1.78,2016-11-14 17:48:00,
1.128252076,5595356,Daniel Cox,Vorster v D Cox,100,2016-11-14 16:17:06.751,1.55,2016-11-14 17:48:00,
1.128252196,7287672,Arthur De Greef,De Greef v Molteni,0,2016-11-15 12:00:49.707,1.46,2016-11-15 15:00:00,
1.128252196,7287672,Arthur De Greef,De Greef v Molteni,10,2016-11-15 13:13:49.335,1.48,2016-11-15 15:00:00,
1.128252196,7287672,Arthur De Greef,De Greef v Molteni,20,2016-11-15 13:43:52.343,1.49,2016-11-15 15:00:00,
1.128252196,7287672,Arthur De Greef,De Greef v Molteni,30,2016-11-15 13:46:47.843,1.48,2016-11-15 15:00:00,
1.128252196,7287672,Arthur De Greef,De Greef v Molteni,40,2016-11-15 13:56:54.741,1.49,2016-11-15 15:00:00,
1.128252196,7287672,Arthur De Greef,De Greef v Molteni,50,2016-11-15 13:57:48.232,1.52,2016-11-15 15:00:00,
1.128252196,7287672,Arthur De Greef,De Greef v Molteni,60,2016-11-15 13:58:49.888,1.55,2016-11-15 15:00:00,
1.128252196,7287672,Arthur De Greef,De Greef v Molteni,70,2016-11-15 14:34:43.616,1.5,2016-11-15 15:00:00,
1.128252196,7287672,Arthur De Greef,De Greef v Molteni,80,2016-11-15 14:37:15.728,1.62,2016-11-15 15:00:00,
1.128252196,7287672,Arthur De Greef,De Greef v Molteni,90,2016-11-15 14:44:17.891,1.55,2016-11-15 15:00:00,
1.128252196,7287672,Arthur De Greef,De Greef v Molteni,100,2016-11-15 14:47:43.899,1.62,2016-11-15 15:00:00,
1.128252732,1502771,Bryan/Bryan,Murray/Soares v Bryan/Bryan,0,2016-11-14 10:12:08.756,1.87,2016-11-15 12:00:00,
1.128252732,1502771,Bryan/Bryan,Murray/Soares v Bryan/Bryan,10,2016-11-15 04:54:36.925,1.83,2016-11-15 12:00:00,
1.128252732,1502771,Bryan/Bryan,Murray/Soares v Bryan/Bryan,20,2016-11-15 06:23:15.841,1.94,2016-11-15 12:00:00,
1.128252732,1502771,Bryan/Bryan,Murray/Soares v Bryan/Bryan,30,2016-11-15 07:26:31.862,2.0,2016-11-15 12:00:00,
1.128252732,1502771,Bryan/Bryan,Murray/Soares v Bryan/Bryan,40,2016-11-15 08:45:52.087,2.02,2016-11-15 12:00:00,
1.128252732,1502771,Bryan/Bryan,Murray/Soares v Bryan/Bryan,50,2016-11-15 09:07:30.874,2.0,2016-11-15 12:00:00,
1.128252732,1502771,Bryan/Bryan,Murray/Soares v Bryan/Bryan,60,2016-11-15 10:09:28.314,1.95,2016-11-15 12:00:00,
1.128252732,1502771,Bryan/Bryan,Murray/Soares v Bryan/Bryan,70,2016-11-15 10:53:20.880,1.96,2016-11-15 12:00:00,
1.128252732,1502771,Bryan/Bryan,Murray/Soares v Bryan/Bryan,80,2016-11-15 11:00:17.421,1.93,2016-11-15 12:00:00,
1.128252732,1502771,Bryan/Bryan,Murray/Soares v Bryan/Bryan,90,2016-11-15 11:08:53.627,1.94,2016-11-15 12:00:00,
1.128252732,1502771,Bryan/Bryan,Murray/Soares v Bryan/Bryan,100,2016-11-15 11:45:31.034,1.98,2016-11-15 12:00:00,
1.128252732,10682718,Murray/Soares,Murray/Soares v Bryan/Bryan,0,2016-11-14 17:21:53.949,2.16,2016-11-15 12:00:00,
1.128252732,10682718,Murray/Soares,Murray/Soares v Bryan/Bryan,10,2016-11-15 00:12:40.857,2.06,2016-11-15 12:00:00,
1.128252732,10682718,Murray/Soares,Murray/Soares v Bryan/Bryan,20,2016-11-15 07:08:49.810,2.04,2016-11-15 12:00:00,
1.128252732,10682718,Murray/Soares,Murray/Soares v Bryan/Bryan,30,2016-11-15 08:10:46.540,2.0,2016-11-15 12:00:00,
1.128252732,10682718,Murray/Soares,Murray/Soares v Bryan/Bryan,40,2016-11-15 08:39:08.361,2.0,2016-11-15 12:00:00,
1.128252732,10682718,Murray/Soares,Murray/Soares v Bryan/Bryan,50,2016-11-15 08:48:46.510,1.96,2016-11-15 12:00:00,
1.128252732,10682718,Murray/Soares,Murray/Soares v Bryan/Bryan,60,2016-11-15 08:57:20.287,1.96,2016-11-15 12:00:00,
1.128252732,10682718,Murray/Soares,Murray/Soares v Bryan/Bryan,70,2016-11-15 09:10:22.856,1.99,2016-11-15 12:00:00,
1.128252732,10682718,Murray/Soares,Murray/Soares v Bryan/Bryan,80,2016-11-15 10:18:03.047,2.0,2016-11-15 12:00:00,
1.128252732,10682718,Murray/Soares,Murray/Soares v Bryan/Bryan,90,2016-11-15 11:13:34.226,2.1,2016-11-15 12:00:00,
1.128252732,10682718,Murray/Soares,Murray/Soares v Bryan/Bryan,100,2016-11-15 11:40:57.761,2.06,2016-11-15 12:00:00,
1.128252737,2257300,Gael Monfils,Monfils v D Thiem,0,2016-11-14 03:20:14.719,1.69,2016-11-15 14:00:00,
1.128252737,2257300,Gael Monfils,Monfils v D Thiem,10,2016-11-14 21:39:19.446,1.79,2016-11-15 14:00:00,
1.128252737,2257300,Gael Monfils,Monfils v D Thiem,20,2016-11-14 23:12:20.601,1.83,2016-11-15 14:00:00,
1.128252737,2257300,Gael Monfils,Monfils v D Thiem,30,2016-11-15 03:46:39.048,1.8,2016-11-15 14:00:00,
1.128252737,2257300,Gael Monfils,Monfils v D Thiem,40,2016-11-15 07:29:29.237,1.83,2016-11-15 14:00:00,
1.128252737,2257300,Gael Monfils,Monfils v D Thiem,50,2016-11-15 09:06:17.386,1.82,2016-11-15 14:00:00,
1.128252737,2257300,Gael Monfils,Monfils v D Thiem,60,2016-11-15 10:16:27.776,1.77,2016-11-15 14:00:00,
1.128252737,2257300,Gael Monfils,Monfils v D Thiem,70,2016-11-15 10:53:54.719,1.79,2016-11-15 14:00:00,
1.128252737,2257300,Gael Monfils,Monfils v D Thiem,80,2016-11-15 11:56:51.145,1.78,2016-11-15 14:00:00,
1.128252737,2257300,Gael Monfils,Monfils v D Thiem,90,2016-11-15 13:05:36.466,1.78,2016-11-15 14:00:00,
1.128252737,2257300,Gael Monfils,Monfils v D Thiem,100,2016-11-15 13:45:38.508,1.77,2016-11-15 14:00:00,
1.128252737,5720747,Dominic Thiem,Monfils v D Thiem,0,2016-11-14 03:20:14.719,2.46,2016-11-15 14:00:00,
1.128252737,5720747,Dominic Thiem,Monfils v D Thiem,10,2016-11-14 21:39:19.446,2.28,2016-11-15 14:00:00,
1.128252737,5720747,Dominic Thiem,Monfils v D Thiem,20,2016-11-14 23:04:02.169,2.18,2016-11-15 14:00:00,
1.128252737,5720747,Dominic Thiem,Monfils v D Thiem,30,2016-11-15 01:12:44.296,2.2,2016-11-15 14:00:00,
1.128252737,5720747,Dominic Thiem,Monfils v D Thiem,40,2016-11-15 04:55:37.736,2.24,2016-11-15 14:00:00,
1.128252737,5720747,Dominic Thiem,Monfils v D Thiem,50,2016-11-15 08:21:33.499,2.22,2016-11-15 14:00:00,
1.128252737,5720747,Dominic Thiem,Monfils v D Thiem,60,2016-11-15 09:56:31.327,2.26,2016-11-15 14:00:00,
1.128252737,5720747,Dominic Thiem,Monfils v D Thiem,70,2016-11-15 11:16:58.910,2.26,2016-11-15 14:00:00,
1.128252737,5720747,Dominic Thiem,Monfils v D Thiem,80,2016-11-15 12:25:27.509,2.26,2016-11-15 14:00:00,
1.128252737,5720747,Dominic Thiem,Monfils v D Thiem,90,2016-11-15 13:15:37.388,2.28,2016-11-15 14:00:00,
1.128252737,5720747,Dominic Thiem,Monfils v D Thiem,100,2016-11-15 13:47:38.618,2.28,2016-11-15 14:00:00,
1.128252791,2249229,Novak Djokovic,N Djokovic v Raonic,0,2016-11-13 22:47:45.328,1.26,2016-11-15 20:00:00,
1.128252791,2249229,Novak Djokovic,N Djokovic v Raonic,10,2016-11-14 22:08:28.476,1.28,2016-11-15 20:00:00,
1.128252791,2249229,Novak Djokovic,N Djokovic v Raonic,20,2016-11-15 08:19:43.630,1.28,2016-11-15 20:00:00,
1.128252791,2249229,Novak Djokovic,N Djokovic v Raonic,30,2016-11-15 10:36:03.627,1.27,2016-11-15 20:00:00,
1.128252791,2249229,Novak Djokovic,N Djokovic v Raonic,40,2016-11-15 13:38:40.794,1.27,2016-11-15 20:00:00,
1.128252791,2249229,Novak Djokovic,N Djokovic v Raonic,50,2016-11-15 15:35:14.833,1.28,2016-11-15 20:00:00,
1.128252791,2249229,Novak Djokovic,N Djokovic v Raonic,60,2016-11-15 16:15:40.300,1.28,2016-11-15 20:00:00,
1.128252791,2249229,Novak Djokovic,N Djokovic v Raonic,70,2016-11-15 17:34:34.776,1.29,2016-11-15 20:00:00,
1.128252791,2249229,Novak Djokovic,N Djokovic v Raonic,80,2016-11-15 18:07:32.485,1.29,2016-11-15 19:40:00,
1.128252791,2249229,Novak Djokovic,N Djokovic v Raonic,90,2016-11-15 19:03:38.920,1.28,2016-11-15 19:40:00,
1.128252791,2249229,Novak Djokovic,N Djokovic v Raonic,100,2016-11-15 19:27:38.142,1.28,2016-11-15 19:40:00,
1.128252791,4105819,Milos Raonic,N Djokovic v Raonic,0,2016-11-13 22:47:45.328,4.8,2016-11-15 20:00:00,
1.128252791,4105819,Milos Raonic,N Djokovic v Raonic,10,2016-11-14 21:51:35.024,4.5,2016-11-15 20:00:00,
1.128252791,4105819,Milos Raonic,N Djokovic v Raonic,20,2016-11-15 08:04:07.910,4.5,2016-11-15 20:00:00,
1.128252791,4105819,Milos Raonic,N Djokovic v Raonic,30,2016-11-15 11:17:35.990,4.6,2016-11-15 20:00:00,
1.128252791,4105819,Milos Raonic,N Djokovic v Raonic,40,2016-11-15 14:10:48.017,4.6,2016-11-15 20:00:00,
1.128252791,4105819,Milos Raonic,N Djokovic v Raonic,50,2016-11-15 15:44:43.595,4.4,2016-11-15 20:00:00,
1.128252791,4105819,Milos Raonic,N Djokovic v Raonic,60,2016-11-15 16:01:57.927,4.4,2016-11-15 20:00:00,
1.128252791,4105819,Milos Raonic,N Djokovic v Raonic,70,2016-11-15 16:58:32.999,4.4,2016-11-15 20:00:00,
1.128252791,4105819,Milos Raonic,N Djokovic v Raonic,80,2016-11-15 18:33:30.047,4.4,2016-11-15 19:40:00,
1.128252791,4105819,Milos Raonic,N Djokovic v Raonic,90,2016-11-15 19:16:26.138,4.4,2016-11-15 19:40:00,
1.128252791,4105819,Milos Raonic,N Djokovic v Raonic,100,2016-11-15 19:33:39.926,4.4,2016-11-15 19:34:00,
1.128252797,6195133,Dodig/Melo,Dodig/Melo v Huey/Mirnyi,0,2016-11-14 16:20:31.942,1.53,2016-11-15 18:00:00,
1.128252797,6195133,Dodig/Melo,Dodig/Melo v Huey/Mirnyi,10,2016-11-15 02:59:21.091,1.52,2016-11-15 18:00:00,
1.128252797,6195133,Dodig/Melo,Dodig/Melo v Huey/Mirnyi,20,2016-11-15 08:27:54.885,1.58,2016-11-15 18:00:00,
1.128252797,6195133,Dodig/Melo,Dodig/Melo v Huey/Mirnyi,30,2016-11-15 08:56:53.558,1.63,2016-11-15 18:00:00,
1.128252797,6195133,Dodig/Melo,Dodig/Melo v Huey/Mirnyi,40,2016-11-15 15:43:06.342,1.68,2016-11-15 18:00:00,
1.128252797,6195133,Dodig/Melo,Dodig/Melo v Huey/Mirnyi,50,2016-11-15 15:48:08.747,1.69,2016-11-15 18:00:00,
1.128252797,6195133,Dodig/Melo,Dodig/Melo v Huey/Mirnyi,60,2016-11-15 15:49:16.887,1.66,2016-11-15 18:00:00,
1.128252797,6195133,Dodig/Melo,Dodig/Melo v Huey/Mirnyi,70,2016-11-15 16:58:16.683,1.68,2016-11-15 18:00:00,
1.128252797,6195133,Dodig/Melo,Dodig/Melo v Huey/Mirnyi,80,2016-11-15 16:59:30.119,1.69,2016-11-15 18:00:00,
1.128252797,6195133,Dodig/Melo,Dodig/Melo v Huey/Mirnyi,90,2016-11-15 17:27:22.204,1.68,2016-11-15 18:00:00,
1.128252797,6195133,Dodig/Melo,Dodig/Melo v Huey/Mirnyi,100,2016-11-15 17:40:24.768,1.68,2016-11-15 18:00:00,
1.128253958,6079501,Ashleigh Barty,Barty v Sakkari,0,2016-11-14 16:42:24.950,1.62,2016-11-15 04:00:00,
1.128253958,6079501,Ashleigh Barty,Barty v Sakkari,10,2016-11-14 20:47:37.130,1.6,2016-11-15 04:00:00,
1.128253958,6079501,Ashleigh Barty,Barty v Sakkari,20,2016-11-14 21:13:37.826,1.7,2016-11-15 04:00:00,
1.128253958,6079501,Ashleigh Barty,Barty v Sakkari,30,2016-11-15 01:31:41.680,1.74,2016-11-15 04:00:00,
1.128253958,6079501,Ashleigh Barty,Barty v Sakkari,40,2016-11-15 02:00:34.787,1.71,2016-11-15 03:55:00,
1.128253958,6079501,Ashleigh Barty,Barty v Sakkari,50,2016-11-15 02:47:24.008,1.7,2016-11-15 03:55:00,
1.128253958,6079501,Ashleigh Barty,Barty v Sakkari,60,2016-11-15 03:03:40.717,1.74,2016-11-15 03:55:00,
1.128253958,6079501,Ashleigh Barty,Barty v Sakkari,70,2016-11-15 03:04:28.946,1.69,2016-11-15 03:55:00,
1.128253958,6079501,Ashleigh Barty,Barty v Sakkari,80,2016-11-15 03:05:42.244,1.68,2016-11-15 03:55:00,
1.128253958,6079501,Ashleigh Barty,Barty v Sakkari,90,2016-11-15 03:06:40.849,1.67,2016-11-15 03:55:00,
1.128253958,6079501,Ashleigh Barty,Barty v Sakkari,100,2016-11-15 03:07:37.557,1.65,2016-11-15 03:55:00,
1.128253973,2415540,Junri Namigata,Namigata v Chie Hsu,0,2016-11-14 14:39:26.709,1.31,2016-11-15 04:00:00,
1.128253973,2415540,Junri Namigata,Namigata v Chie Hsu,10,2016-11-14 16:34:17.825,1.29,2016-11-15 04:00:00,
1.128253973,2415540,Junri Namigata,Namigata v Chie Hsu,20,2016-11-14 20:47:09.801,1.3,2016-11-15 04:00:00,
1.128253973,2415540,Junri Namigata,Namigata v Chie Hsu,30,2016-11-14 20:48:27.761,1.31,2016-11-15 04:00:00,
1.128253973,2415540,Junri Namigata,Namigata v Chie Hsu,40,2016-11-14 23:17:31.568,1.3,2016-11-15 04:00:00,
1.128253973,2415540,Junri Namigata,Namigata v Chie Hsu,50,2016-11-15 02:00:26.561,1.33,2016-11-15 03:51:00,
1.128253973,2415540,Junri Namigata,Namigata v Chie Hsu,60,2016-11-15 02:05:38.122,1.35,2016-11-15 03:51:00,
1.128253973,2415540,Junri Namigata,Namigata v Chie Hsu,70,2016-11-15 02:06:34.141,1.33,2016-11-15 03:51:00,
1.128253973,2415540,Junri Namigata,Namigata v Chie Hsu,80,2016-11-15 02:07:43.095,1.32,2016-11-15 03:51:00,
1.128253973,2415540,Junri Namigata,Namigata v Chie Hsu,90,2016-11-15 02:08:29.553,1.3,2016-11-15 03:51:00,
1.128253973,2415540,Junri Namigata,Namigata v Chie Hsu,100,2016-11-15 02:13:43.526,1.3,2016-11-15 03:51:00,
1.128253973,8427398,Chieh-Yu Hsu,Namigata v Chie Hsu,0,2016-11-14 14:39:26.709,4.3,2016-11-15 04:00:00,
1.128253973,8427398,Chieh-Yu Hsu,Namigata v Chie Hsu,10,2016-11-14 16:34:17.825,4.5,2016-11-15 04:00:00,
1.128253973,8427398,Chieh-Yu Hsu,Namigata v Chie Hsu,20,2016-11-14 20:27:33.228,4.3,2016-11-15 04:00:00,
1.128253973,8427398,Chieh-Yu Hsu,Namigata v Chie Hsu,30,2016-11-14 23:19:42.191,3.95,2016-11-15 04:00:00,
1.128253973,8427398,Chieh-Yu Hsu,Namigata v Chie Hsu,40,2016-11-15 00:19:22.944,3.85,2016-11-15 04:00:00,
1.128253973,8427398,Chieh-Yu Hsu,Namigata v Chie Hsu,50,2016-11-15 02:00:26.561,4.1,2016-11-15 03:51:00,
1.128253973,8427398,Chieh-Yu Hsu,Namigata v Chie Hsu,60,2016-11-15 02:05:38.122,3.8,2016-11-15 03:51:00,
1.128253973,8427398,Chieh-Yu Hsu,Namigata v Chie Hsu,70,2016-11-15 02:08:29.553,4.1,2016-11-15 03:51:00,
1.128253973,8427398,Chieh-Yu Hsu,Namigata v Chie Hsu,80,2016-11-15 02:09:40.955,4.4,2016-11-15 03:51:00,
1.128253973,8427398,Chieh-Yu Hsu,Namigata v Chie Hsu,90,2016-11-15 03:15:38.759,4.1,2016-11-15 03:51:00,
1.128253973,8427398,Chieh-Yu Hsu,Namigata v Chie Hsu,100,2016-11-15 03:17:50.956,4.4,2016-11-15 03:51:00,
1.128254229,8839047,Miyu Kato,Mi Kato v Diatchenko,0,2016-11-16 07:46:16.431,2.3,2016-11-16 10:15:00,
1.128254229,8839047,Miyu Kato,Mi Kato v Diatchenko,10,2016-11-16 08:20:31.070,2.34,2016-11-16 10:15:00,
1.128254229,8839047,Miyu Kato,Mi Kato v Diatchenko,20,2016-11-16 09:03:41.217,2.32,2016-11-16 10:15:00,
1.128254229,8839047,Miyu Kato,Mi Kato v Diatchenko,30,2016-11-16 09:07:29.898,2.34,2016-11-16 10:15:00,
1.128254229,8839047,Miyu Kato,Mi Kato v Diatchenko,40,2016-11-16 09:08:26.037,2.32,2016-11-16 10:15:00,
1.128254229,8839047,Miyu Kato,Mi Kato v Diatchenko,50,2016-11-16 09:09:32.364,2.38,2016-11-16 10:15:00,
1.128254229,8839047,Miyu Kato,Mi Kato v Diatchenko,60,2016-11-16 09:10:23.449,2.42,2016-11-16 10:15:00,
1.128254229,8839047,Miyu Kato,Mi Kato v Diatchenko,70,2016-11-16 10:00:25.673,2.46,2016-11-16 10:15:00,
1.128254229,8839047,Miyu Kato,Mi Kato v Diatchenko,80,2016-11-16 10:06:30.584,2.4,2016-11-16 10:15:00,
1.128254229,8839047,Miyu Kato,Mi Kato v Diatchenko,90,2016-11-16 10:18:10.158,2.38,2016-11-16 10:30:00,
1.128254229,8839047,Miyu Kato,Mi Kato v Diatchenko,100,2016-11-16 10:39:22.383,2.5,2016-11-16 10:45:00,
1.128256263,5707016,Laurynas Grigelis,Grigelis v Arnaboldi,0,2016-11-15 19:58:27.679,2.36,2016-11-16 13:00:00,
1.128256263,5707016,Laurynas Grigelis,Grigelis v Arnaboldi,10,2016-11-16 10:40:02.481,2.4,2016-11-16 12:05:00,
1.128256263,5707016,Laurynas Grigelis,Grigelis v Arnaboldi,20,2016-11-16 10:41:25.587,2.62,2016-11-16 12:05:00,
1.128256263,5707016,Laurynas Grigelis,Grigelis v Arnaboldi,30,2016-11-16 10:44:26.642,2.22,2016-11-16 12:05:00,
1.128256263,5707016,Laurynas Grigelis,Grigelis v Arnaboldi,40,2016-11-16 10:52:33.172,2.28,2016-11-16 12:05:00,
1.128256263,5707016,Laurynas Grigelis,Grigelis v Arnaboldi,50,2016-11-16 11:05:30.298,2.3,2016-11-16 12:05:00,
1.128256263,5707016,Laurynas Grigelis,Grigelis v Arnaboldi,60,2016-11-16 11:19:34.910,2.34,2016-11-16 12:05:00,
1.128256263,5707016,Laurynas Grigelis,Grigelis v Arnaboldi,70,2016-11-16 11:20:30.295,2.3,2016-11-16 12:05:00,
1.128256263,5707016,Laurynas Grigelis,Grigelis v Arnaboldi,80,2016-11-16 11:41:36.046,2.28,2016-11-16 12:05:00,
1.128256263,5707016,Laurynas Grigelis,Grigelis v Arnaboldi,90,2016-11-16 11:42:37.465,2.3,2016-11-16 12:05:00,
1.128256263,5707016,Laurynas Grigelis,Grigelis v Arnaboldi,100,2016-11-16 11:47:36.802,2.36,2016-11-16 11:49:00,
1.128256263,7593283,Andrea Arnaboldi,Grigelis v Arnaboldi,0,2016-11-16 09:08:46.111,1.62,2016-11-16 12:50:00,
1.128256263,7593283,Andrea Arnaboldi,Grigelis v Arnaboldi,10,2016-11-16 10:39:29.641,1.61,2016-11-16 12:05:00,
1.128256263,7593283,Andrea Arnaboldi,Grigelis v Arnaboldi,20,2016-11-16 10:48:28.856,1.81,2016-11-16 12:05:00,
1.128256263,7593283,Andrea Arnaboldi,Grigelis v Arnaboldi,30,2016-11-16 10:51:37.536,1.76,2016-11-16 12:05:00,
1.128256263,7593283,Andrea Arnaboldi,Grigelis v Arnaboldi,40,2016-11-16 10:53:34.839,1.75,2016-11-16 12:05:00,
1.128256263,7593283,Andrea Arnaboldi,Grigelis v Arnaboldi,50,2016-11-16 10:59:34.783,1.74,2016-11-16 12:05:00,
1.128256263,7593283,Andrea Arnaboldi,Grigelis v Arnaboldi,60,2016-11-16 11:07:27.995,1.77,2016-11-16 12:05:00,
1.128256263,7593283,Andrea Arnaboldi,Grigelis v Arnaboldi,70,2016-11-16 11:20:30.295,1.76,2016-11-16 12:05:00,
1.128256263,7593283,Andrea Arnaboldi,Grigelis v Arnaboldi,80,2016-11-16 11:37:37.498,1.75,2016-11-16 12:05:00,
1.128256263,7593283,Andrea Arnaboldi,Grigelis v Arnaboldi,90,2016-11-16 11:41:36.046,1.75,2016-11-16 12:05:00,
1.128256263,7593283,Andrea Arnaboldi,Grigelis v Arnaboldi,100,2016-11-16 11:48:36.249,1.7,2016-11-16 11:49:00,
1.128266307,8639819,Sam Groth,Klahn v Groth,0,2016-11-15 16:10:22.569,1.51,2016-11-15 19:53:00,
1.128266307,8639819,Sam Groth,Klahn v Groth,10,2016-11-15 16:32:29.837,1.53,2016-11-15 19:53:00,
1.128266307,8639819,Sam Groth,Klahn v Groth,20,2016-11-15 17:53:19.907,1.57,2016-11-15 19:48:00,
1.128266307,8639819,Sam Groth,Klahn v Groth,30,2016-11-15 18:04:19.194,1.59,2016-11-15 19:48:00,
1.128266307,8639819,Sam Groth,Klahn v Groth,40,2016-11-15 18:47:06.008,1.61,2016-11-15 19:48:00,
1.128266307,8639819,Sam Groth,Klahn v Groth,50,2016-11-15 19:23:30.605,1.67,2016-11-15 19:48:00,
1.128266307,8639819,Sam Groth,Klahn v Groth,60,2016-11-15 19:31:52.236,1.65,2016-11-15 19:48:00,
1.128266307,8639819,Sam Groth,Klahn v Groth,70,2016-11-15 19:48:54.194,1.67,2016-11-15 20:03:00,
1.128266307,8639819,Sam Groth,Klahn v Groth,80,2016-11-15 19:53:31.629,1.68,2016-11-15 20:03:00,
1.128266307,8639819,Sam Groth,Klahn v Groth,90,2016-11-15 19:58:17.338,1.61,2016-11-15 20:03:00,
1.128266307,8639819,Sam Groth,Klahn v Groth,100,2016-11-15 20:07:28.222,1.68,2016-11-15 20:18:00,
1.12826633,8230256,Marcos Giron,Barry v Giron,0,2016-11-15 12:32:51.714,1.85,2016-11-15 16:00:00,
1.12826633,8230256,Marcos Giron,Barry v Giron,10,2016-11-15 14:01:30.746,1.77,2016-11-15 16:00:00,
1.12826633,8230256,Marcos Giron,Barry v Giron,20,2016-11-15 14:04:24.725,1.52,2016-11-15 16:00:00,
1.12826633,8230256,Marcos Giron,Barry v Giron,30,2016-11-15 14:10:31.967,1.55,2016-11-15 16:00:00,
1.12826633,8230256,Marcos Giron,Barry v Giron,40,2016-11-15 14:13:29.314,1.54,2016-11-15 16:00:00,
1.12826633,8230256,Marcos Giron,Barry v Giron,50,2016-11-15 14:18:29.184,1.55,2016-11-15 16:00:00,
1.12826633,8230256,Marcos Giron,Barry v Giron,60,2016-11-15 14:23:30.713,1.53,2016-11-15 16:00:00,
1.12826633,8230256,Marcos Giron,Barry v Giron,70,2016-11-15 14:28:30.950,1.55,2016-11-15 16:00:00,
1.12826633,8230256,Marcos Giron,Barry v Giron,80,2016-11-15 14:42:30.878,1.74,2016-11-15 16:00:00,
1.12826633,8230256,Marcos Giron,Barry v Giron,90,2016-11-15 15:31:32.036,1.67,2016-11-15 16:00:00,
1.12826633,8230256,Marcos Giron,Barry v Giron,100,2016-11-15 15:55:21.118,1.76,2016-11-15 16:00:00,
1.12826633,8697994,Sam Barry,Barry v Giron,0,2016-11-15 12:30:21.834,2.18,2016-11-15 16:00:00,
1.12826633,8697994,Sam Barry,Barry v Giron,10,2016-11-15 12:30:38.478,2.16,2016-11-15 16:00:00,
1.12826633,8697994,Sam Barry,Barry v Giron,20,2016-11-15 14:10:31.967,2.68,2016-11-15 16:00:00,
1.12826633,8697994,Sam Barry,Barry v Giron,30,2016-11-15 14:12:31.226,2.82,2016-11-15 16:00:00,
1.12826633,8697994,Sam Barry,Barry v Giron,40,2016-11-15 14:14:29.877,2.8,2016-11-15 16:00:00,
1.12826633,8697994,Sam Barry,Barry v Giron,50,2016-11-15 14:17:24.371,2.44,2016-11-15 16:00:00,
1.12826633,8697994,Sam Barry,Barry v Giron,60,2016-11-15 14:24:32.401,2.9,2016-11-15 16:00:00,
1.12826633,8697994,Sam Barry,Barry v Giron,70,2016-11-15 14:29:32.254,2.74,2016-11-15 16:00:00,
1.12826633,8697994,Sam Barry,Barry v Giron,80,2016-11-15 14:30:32.358,2.44,2016-11-15 16:00:00,
1.12826633,8697994,Sam Barry,Barry v Giron,90,2016-11-15 15:00:32.500,2.38,2016-11-15 16:00:00,
1.12826633,8697994,Sam Barry,Barry v Giron,100,2016-11-15 15:47:19.921,2.3,2016-11-15 16:00:00,
1.128270114,2257298,Tommy Robredo,Robredo v Kudryavtsev,0,2016-11-16 02:42:30.696,1.47,2016-11-16 18:00:00,
1.128270114,2257298,Tommy Robredo,Robredo v Kudryavtsev,10,2016-11-16 04:02:21.316,1.37,2016-11-16 18:00:00,
1.128270114,2257298,Tommy Robredo,Robredo v Kudryavtsev,20,2016-11-16 09:08:46.322,1.32,2016-11-16 18:00:00,
1.128270114,2257298,Tommy Robredo,Robredo v Kudryavtsev,30,2016-11-16 11:41:56.320,1.4,2016-11-16 18:00:00,
1.128270114,2257298,Tommy Robredo,Robredo v Kudryavtsev,40,2016-11-16 12:53:15.758,1.44,2016-11-16 18:00:00,
1.128270114,2257298,Tommy Robredo,Robredo v Kudryavtsev,50,2016-11-16 16:16:27.490,1.41,2016-11-16 18:00:00,
1.128270114,2257298,Tommy Robredo,Robredo v Kudryavtsev,60,2016-11-16 17:47:19.784,1.43,2016-11-16 18:00:00,
1.128270114,2257298,Tommy Robredo,Robredo v Kudryavtsev,70,2016-11-16 17:55:30.700,1.5,2016-11-16 18:00:00,
1.128270114,2257298,Tommy Robredo,Robredo v Kudryavtsev,80,2016-11-16 18:01:30.808,1.46,2016-11-16 18:15:00,
1.128270114,2257298,Tommy Robredo,Robredo v Kudryavtsev,90,2016-11-16 18:14:30.207,1.49,2016-11-16 18:15:00,
1.128270114,2257298,Tommy Robredo,Robredo v Kudryavtsev,100,2016-11-16 18:27:09.571,1.43,2016-11-16 18:30:00,
1.128270114,5908538,Alexander Kudryavtsev,Robredo v Kudryavtsev,0,2016-11-16 02:42:30.696,3.15,2016-11-16 18:00:00,
1.128270114,5908538,Alexander Kudryavtsev,Robredo v Kudryavtsev,10,2016-11-16 11:41:56.320,3.5,2016-11-16 18:00:00,
1.128270114,5908538,Alexander Kudryavtsev,Robredo v Kudryavtsev,20,2016-11-16 13:20:21.520,3.1,2016-11-16 18:00:00,
1.128270114,5908538,Alexander Kudryavtsev,Robredo v Kudryavtsev,30,2016-11-16 14:21:06.254,3.15,2016-11-16 18:00:00,
1.128270114,5908538,Alexander Kudryavtsev,Robredo v Kudryavtsev,40,2016-11-16 16:16:27.490,3.2,2016-11-16 18:00:00,
1.128270114,5908538,Alexander Kudryavtsev,Robredo v Kudryavtsev,50,2016-11-16 17:12:30.819,3.0,2016-11-16 18:00:00,
1.128270114,5908538,Alexander Kudryavtsev,Robredo v Kudryavtsev,60,2016-11-16 17:43:23.630,3.0,2016-11-16 18:00:00,
1.128270114,5908538,Alexander Kudryavtsev,Robredo v Kudryavtsev,70,2016-11-16 17:47:19.784,3.35,2016-11-16 18:00:00,
1.128270114,5908538,Alexander Kudryavtsev,Robredo v Kudryavtsev,80,2016-11-16 17:59:23.932,3.15,2016-11-16 18:00:00,
1.128270114,5908538,Alexander Kudryavtsev,Robredo v Kudryavtsev,90,2016-11-16 18:14:30.207,3.1,2016-11-16 18:15:00,
1.128270114,5908538,Alexander Kudryavtsev,Robredo v Kudryavtsev,100,2016-11-16 18:28:30.286,3.55,2016-11-16 18:30:00,
1.128270158,8326744,Nicolas Kicker,Kicker v Malla,0,2016-11-15 09:58:32.401,1.27,2016-11-16 12:00:00,
1.128270158,8326744,Nicolas Kicker,Kicker v Malla,10,2016-11-16 08:24:03.102,1.22,2016-11-16 17:00:00,
1.128270158,8326744,Nicolas Kicker,Kicker v Malla,20,2016-11-16 09:08:46.320,1.2,2016-11-16 17:00:00,
1.128270158,8326744,Nicolas Kicker,Kicker v Malla,30,2016-11-16 09:29:19.934,1.22,2016-11-16 17:00:00,
1.128270158,8326744,Nicolas Kicker,Kicker v Malla,40,2016-11-16 14:14:32.892,1.21,2016-11-16 17:00:00,
1.128270158,8326744,Nicolas Kicker,Kicker v Malla,50,2016-11-16 15:39:36.972,1.2,2016-11-16 17:00:00,
1.128270158,8326744,Nicolas Kicker,Kicker v Malla,60,2016-11-16 15:54:27.791,1.21,2016-11-16 17:00:00,
1.128270158,8326744,Nicolas Kicker,Kicker v Malla,70,2016-11-16 15:57:30.994,1.18,2016-11-16 17:00:00,
1.128270158,8326744,Nicolas Kicker,Kicker v Malla,80,2016-11-16 16:09:37.595,1.24,2016-11-16 17:00:00,
1.128270158,8326744,Nicolas Kicker,Kicker v Malla,90,2016-11-16 16:26:27.748,1.17,2016-11-16 17:00:00,
1.128270158,8326744,Nicolas Kicker,Kicker v Malla,100,2016-11-16 16:57:21.823,1.19,2016-11-16 17:00:00,
1.128270505,10682162,Kontinen/Peers,Kontinen/Peers v Klaasen/Ram,0,2016-11-16 02:19:16.729,1.36,2016-11-16 12:00:00,
1.128270505,10682162,Kontinen/Peers,Kontinen/Peers v Klaasen/Ram,10,2016-11-16 06:56:30.396,1.34,2016-11-16 12:00:00,
1.128270505,10682162,Kontinen/Peers,Kontinen/Peers v Klaasen/Ram,20,2016-11-16 09:47:01.624,1.41,2016-11-16 12:00:00,
1.128270505,10682162,Kontinen/Peers,Kontinen/Peers v Klaasen/Ram,30,2016-11-16 10:39:36.062,1.39,2016-11-16 12:00:00,
1.128270505,10682162,Kontinen/Peers,Kontinen/Peers v Klaasen/Ram,40,2016-11-16 10:48:16.808,1.38,2016-11-16 12:00:00,
1.128270505,10682162,Kontinen/Peers,Kontinen/Peers v Klaasen/Ram,50,2016-11-16 10:52:34.289,1.34,2016-11-16 12:00:00,
1.128270505,10682162,Kontinen/Peers,Kontinen/Peers v Klaasen/Ram,60,2016-11-16 11:11:38.763,1.36,2016-11-16 12:00:00,
1.128270505,10682162,Kontinen/Peers,Kontinen/Peers v Klaasen/Ram,70,2016-11-16 11:26:18.882,1.39,2016-11-16 12:00:00,
1.128270505,10682162,Kontinen/Peers,Kontinen/Peers v Klaasen/Ram,80,2016-11-16 11:48:36.939,1.35,2016-11-16 12:00:00,
1.128270505,10682162,Kontinen/Peers,Kontinen/Peers v Klaasen/Ram,90,2016-11-16 11:54:34.467,1.39,2016-11-16 12:00:00,
1.128270505,10682162,Kontinen/Peers,Kontinen/Peers v Klaasen/Ram,100,2016-11-16 12:04:17.555,1.38,2016-11-16 12:15:00,
1.128270506,2010693,Lopez/Lopez,Herbert/Mahut v Lopez/Lopez,0,2016-11-16 12:01:42.824,3.4,2016-11-16 18:00:00,
1.128270506,2010693,Lopez/Lopez,Herbert/Mahut v Lopez/Lopez,10,2016-11-16 13:23:07.457,3.25,2016-11-16 18:00:00,
1.128270506,2010693,Lopez/Lopez,Herbert/Mahut v Lopez/Lopez,20,2016-11-16 13:23:59.843,3.2,2016-11-16 18:00:00,
1.128270506,2010693,Lopez/Lopez,Herbert/Mahut v Lopez/Lopez,30,2016-11-16 14:30:20.299,3.35,2016-11-16 18:00:00,
1.128270506,2010693,Lopez/Lopez,Herbert/Mahut v Lopez/Lopez,40,2016-11-16 15:13:37.365,3.15,2016-11-16 18:00:00,
1.128270506,2010693,Lopez/Lopez,Herbert/Mahut v Lopez/Lopez,50,2016-11-16 17:29:54.762,3.0,2016-11-16 18:00:00,
1.128270506,2010693,Lopez/Lopez,Herbert/Mahut v Lopez/Lopez,60,2016-11-16 17:36:36.663,3.05,2016-11-16 18:00:00,
1.128270506,2010693,Lopez/Lopez,Herbert/Mahut v Lopez/Lopez,70,2016-11-16 17:47:34.291,3.1,2016-11-16 18:00:00,
1.128270506,2010693,Lopez/Lopez,Herbert/Mahut v Lopez/Lopez,80,2016-11-16 17:48:28.603,3.05,2016-11-16 18:00:00,
1.128270506,2010693,Lopez/Lopez,Herbert/Mahut v Lopez/Lopez,90,2016-11-16 18:07:37.672,3.1,2016-11-16 18:15:00,
1.128270506,2010693,Lopez/Lopez,Herbert/Mahut v Lopez/Lopez,100,2016-11-16 18:25:34.652,3.1,2016-11-16 18:30:00,
1.128270506,8942538,Herbert/Mahut,Herbert/Mahut v Lopez/Lopez,0,2016-11-16 05:30:50.762,1.37,2016-11-16 18:00:00,
1.128270506,8942538,Herbert/Mahut,Herbert/Mahut v Lopez/Lopez,10,2016-11-16 13:10:04.933,1.41,2016-11-16 18:00:00,
1.128270506,8942538,Herbert/Mahut,Herbert/Mahut v Lopez/Lopez,20,2016-11-16 14:41:39.946,1.45,2016-11-16 18:00:00,
1.128270506,8942538,Herbert/Mahut,Herbert/Mahut v Lopez/Lopez,30,2016-11-16 16:10:41.602,1.45,2016-11-16 18:00:00,
1.128270506,8942538,Herbert/Mahut,Herbert/Mahut v Lopez/Lopez,40,2016-11-16 17:21:23.640,1.48,2016-11-16 18:00:00,
1.128270506,8942538,Herbert/Mahut,Herbert/Mahut v Lopez/Lopez,50,2016-11-16 17:38:30.677,1.45,2016-11-16 18:00:00,
1.128270506,8942538,Herbert/Mahut,Herbert/Mahut v Lopez/Lopez,60,2016-11-16 17:46:32.826,1.48,2016-11-16 18:00:00,
1.128270506,8942538,Herbert/Mahut,Herbert/Mahut v Lopez/Lopez,70,2016-11-16 17:55:37.052,1.48,2016-11-16 18:00:00,
1.128270506,8942538,Herbert/Mahut,Herbert/Mahut v Lopez/Lopez,80,2016-11-16 18:06:34.044,1.48,2016-11-16 18:15:00,
1.128270506,8942538,Herbert/Mahut,Herbert/Mahut v Lopez/Lopez,90,2016-11-16 18:14:31.057,1.48,2016-11-16 18:15:00,
1.128270506,8942538,Herbert/Mahut,Herbert/Mahut v Lopez/Lopez,100,2016-11-16 18:25:34.652,1.47,2016-11-16 18:30:00,
1.128270511,2263681,Marin Cilic,S Wawrinka v Ma Cilic,0,2016-11-14 23:19:27.432,1.94,2016-11-16 20:00:00,
1.128270511,2263681,Marin Cilic,S Wawrinka v Ma Cilic,10,2016-11-15 20:59:35.472,1.81,2016-11-16 20:00:00,
1.128270511,2263681,Marin Cilic,S Wawrinka v Ma Cilic,20,2016-11-16 06:42:11.903,1.81,2016-11-16 20:00:00,
1.128270511,2263681,Marin Cilic,S Wawrinka v Ma Cilic,30,2016-11-16 10:47:20.820,1.79,2016-11-16 20:00:00,
1.128270511,2263681,Marin Cilic,S Wawrinka v Ma Cilic,40,2016-11-16 13:34:29.941,1.78,2016-11-16 20:00:00,
1.128270511,2263681,Marin Cilic,S Wawrinka v Ma Cilic,50,2016-11-16 14:53:38.323,1.72,2016-11-16 20:00:00,
1.128270511,2263681,Marin Cilic,S Wawrinka v Ma Cilic,60,2016-11-16 17:10:34.418,1.71,2016-11-16 20:00:00,
1.128270511,2263681,Marin Cilic,S Wawrinka v Ma Cilic,70,2016-11-16 18:01:20.384,1.7,2016-11-16 20:00:00,
1.128270511,2263681,Marin Cilic,S Wawrinka v Ma Cilic,80,2016-11-16 18:55:38.770,1.75,2016-11-16 20:00:00,
1.128270511,2263681,Marin Cilic,S Wawrinka v Ma Cilic,90,2016-11-16 19:39:38.262,1.76,2016-11-16 20:00:00,
1.128270511,2263681,Marin Cilic,S Wawrinka v Ma Cilic,100,2016-11-16 20:29:38.408,1.74,2016-11-16 20:30:00,
1.128270511,8597476,Stan Wawrinka,S Wawrinka v Ma Cilic,0,2016-11-15 05:29:16.149,2.2,2016-11-16 20:00:00,
1.128270511,8597476,Stan Wawrinka,S Wawrinka v Ma Cilic,10,2016-11-15 22:56:12.304,2.24,2016-11-16 20:00:00,
1.128270511,8597476,Stan Wawrinka,S Wawrinka v Ma Cilic,20,2016-11-16 06:02:33.393,2.26,2016-11-16 20:00:00,
1.128270511,8597476,Stan Wawrinka,S Wawrinka v Ma Cilic,30,2016-11-16 09:04:33.916,2.24,2016-11-16 20:00:00,
1.128270511,8597476,Stan Wawrinka,S Wawrinka v Ma Cilic,40,2016-11-16 13:26:31.777,2.26,2016-11-16 20:00:00,
1.128270511,8597476,Stan Wawrinka,S Wawrinka v Ma Cilic,50,2016-11-16 15:08:33.661,2.38,2016-11-16 20:00:00,
1.128270511,8597476,Stan Wawrinka,S Wawrinka v Ma Cilic,60,2016-11-16 17:23:20.180,2.42,2016-11-16 20:00:00,
1.128270511,8597476,Stan Wawrinka,S Wawrinka v Ma Cilic,70,2016-11-16 18:34:31.182,2.4,2016-11-16 20:00:00,
1.128270511,8597476,Stan Wawrinka,S Wawrinka v Ma Cilic,80,2016-11-16 19:03:34.668,2.34,2016-11-16 20:00:00,
1.128270511,8597476,Stan Wawrinka,S Wawrinka v Ma Cilic,90,2016-11-16 19:41:36.816,2.32,2016-11-16 20:00:00,
1.128270511,8597476,Stan Wawrinka,S Wawrinka v Ma Cilic,100,2016-11-16 20:27:32.675,2.34,2016-11-16 20:30:00,
1.128270569,2256509,Andy Murray,A Murray v Nishikori,0,2016-11-14 22:14:44.919,1.31,2016-11-16 14:00:00,
1.128270569,2256509,Andy Murray,A Murray v Nishikori,10,2016-11-15 17:25:24.700,1.33,2016-11-16 14:00:00,
1.128270569,2256509,Andy Murray,A Murray v Nishikori,20,2016-11-15 22:58:56.175,1.32,2016-11-16 14:00:00,
1.128270569,2256509,Andy Murray,A Murray v Nishikori,30,2016-11-16 03:10:03.689,1.31,2016-11-16 14:00:00,
1.128270569,2256509,Andy Murray,A Murray v Nishikori,40,2016-11-16 06:49:36.007,1.3,2016-11-16 14:00:00,
1.128270569,2256509,Andy Murray,A Murray v Nishikori,50,2016-11-16 08:07:21.328,1.29,2016-11-16 14:00:00,
1.128270569,2256509,Andy Murray,A Murray v Nishikori,60,2016-11-16 09:51:43.419,1.29,2016-11-16 14:00:00,
1.128270569,2256509,Andy Murray,A Murray v Nishikori,70,2016-11-16 10:38:27.528,1.32,2016-11-16 14:00:00,
1.128270569,2256509,Andy Murray,A Murray v Nishikori,80,2016-11-16 12:05:41.799,1.32,2016-11-16 14:00:00,
1.128270569,2256509,Andy Murray,A Murray v Nishikori,90,2016-11-16 13:08:43.329,1.33,2016-11-16 14:00:00,
1.128270569,2256509,Andy Murray,A Murray v Nishikori,100,2016-11-16 13:39:35.192,1.32,2016-11-16 14:00:00,
1.128270569,2483001,Kei Nishikori,A Murray v Nishikori,0,2016-11-14 23:37:38.099,3.55,2016-11-16 14:00:00,
1.128270569,2483001,Kei Nishikori,A Murray v Nishikori,10,2016-11-15 22:30:23.736,4.1,2016-11-16 14:00:00,
1.128270569,2483001,Kei Nishikori,A Murray v Nishikori,20,2016-11-16 04:53:43.582,4.3,2016-11-16 14:00:00,
1.128270569,2483001,Kei Nishikori,A Murray v Nishikori,30,2016-11-16 07:01:06.730,4.3,2016-11-16 14:00:00,
1.128270569,2483001,Kei Nishikori,A Murray v Nishikori,40,2016-11-16 08:40:30.886,4.4,2016-11-16 14:00:00,
1.128270569,2483001,Kei Nishikori,A Murray v Nishikori,50,2016-11-16 10:05:43.038,4.2,2016-11-16 14:00:00,
1.128270569,2483001,Kei Nishikori,A Murray v Nishikori,60,2016-11-16 11:12:38.393,4.1,2016-11-16 14:00:00,
1.128270569,2483001,Kei Nishikori,A Murray v Nishikori,70,2016-11-16 12:06:33.929,4.1,2016-11-16 14:00:00,
1.128270569,2483001,Kei Nishikori,A Murray v Nishikori,80,2016-11-16 12:43:27.785,4.0,2016-11-16 14:00:00,
1.128270569,2483001,Kei Nishikori,A Murray v Nishikori,90,2016-11-16 13:13:43.580,4.0,2016-11-16 14:00:00,
1.128270569,2483001,Kei Nishikori,A Murray v Nishikori,100,2016-11-16 13:40:43.767,4.1,2016-11-16 14:00:00,
1.1282707,2301068,Rogerio Dutra Silva,Mena v Dutra Silva,0,2016-11-16 08:23:17.133,1.22,2016-11-16 17:00:00,
1.1282707,2301068,Rogerio Dutra Silva,Mena v Dutra Silva,10,2016-11-16 09:08:46.272,1.2,2016-11-16 17:00:00,
1.1282707,2301068,Rogerio Dutra Silva,Mena v Dutra Silva,20,2016-11-16 09:30:10.865,1.22,2016-11-16 17:00:00,
1.1282707,2301068,Rogerio Dutra Silva,Mena v Dutra Silva,30,2016-11-16 14:55:12.103,1.2,2016-11-16 17:00:00,
1.1282707,2301068,Rogerio Dutra Silva,Mena v Dutra Silva,40,2016-11-16 15:59:29.807,1.21,2016-11-16 17:00:00,
1.1282707,2301068,Rogerio Dutra Silva,Mena v Dutra Silva,50,2016-11-16 16:24:24.650,1.2,2016-11-16 17:00:00,
1.1282707,2301068,Rogerio Dutra Silva,Mena v Dutra Silva,60,2016-11-16 16:27:33.835,1.21,2016-11-16 17:00:00,
1.1282707,2301068,Rogerio Dutra Silva,Mena v Dutra Silva,70,2016-11-16 16:40:36.357,1.21,2016-11-16 17:00:00,
1.1282707,2301068,Rogerio Dutra Silva,Mena v Dutra Silva,80,2016-11-16 16:44:33.594,1.2,2016-11-16 17:00:00,
1.1282707,2301068,Rogerio Dutra Silva,Mena v Dutra Silva,90,2016-11-16 16:51:41.342,1.22,2016-11-16 17:00:00,
1.1282707,2301068,Rogerio Dutra Silva,Mena v Dutra Silva,100,2016-11-16 16:59:32.763,1.2,2016-11-16 17:00:00,
1.128270956,7797772,Egor Gerasimov,Santillan v Gerasimov,0,2016-11-15 08:20:47.118,1.88,2016-11-16 12:00:00,
1.128270956,7797772,Egor Gerasimov,Santillan v Gerasimov,10,2016-11-15 08:31:41.989,1.79,2016-11-16 12:00:00,
1.128270956,7797772,Egor Gerasimov,Santillan v Gerasimov,20,2016-11-15 10:27:47.122,1.58,2016-11-16 12:00:00,
1.128270956,7797772,Egor Gerasimov,Santillan v Gerasimov,30,2016-11-16 04:01:36.773,1.47,2016-11-16 09:00:00,
1.128270956,7797772,Egor Gerasimov,Santillan v Gerasimov,40,2016-11-16 07:02:45.732,1.52,2016-11-16 09:00:00,
1.128270956,7797772,Egor Gerasimov,Santillan v Gerasimov,50,2016-11-16 07:29:39.463,1.48,2016-11-16 09:00:00,
1.128270956,7797772,Egor Gerasimov,Santillan v Gerasimov,60,2016-11-16 07:44:47.512,1.51,2016-11-16 09:00:00,
1.128270956,7797772,Egor Gerasimov,Santillan v Gerasimov,70,2016-11-16 07:58:33.504,1.52,2016-11-16 09:00:00,
1.128270956,7797772,Egor Gerasimov,Santillan v Gerasimov,80,2016-11-16 08:14:44.948,1.5,2016-11-16 09:00:00,
1.128270956,7797772,Egor Gerasimov,Santillan v Gerasimov,90,2016-11-16 08:26:47.292,1.53,2016-11-16 09:00:00,
1.128270956,7797772,Egor Gerasimov,Santillan v Gerasimov,100,2016-11-16 08:50:33.847,1.49,2016-11-16 09:00:00,
1.128270956,8194193,Akira Santillan,Santillan v Gerasimov,0,2016-11-15 08:30:44.641,2.18,2016-11-16 12:00:00,
1.128270956,8194193,Akira Santillan,Santillan v Gerasimov,10,2016-11-15 10:06:12.518,2.14,2016-11-16 12:00:00,
1.128270956,8194193,Akira Santillan,Santillan v Gerasimov,20,2016-11-15 22:09:15.025,2.58,2016-11-16 09:00:00,
1.128270956,8194193,Akira Santillan,Santillan v Gerasimov,30,2016-11-16 04:58:13.334,3.15,2016-11-16 09:00:00,
1.128270956,8194193,Akira Santillan,Santillan v Gerasimov,40,2016-11-16 07:31:03.271,2.94,2016-11-16 09:00:00,
1.128270956,8194193,Akira Santillan,Santillan v Gerasimov,50,2016-11-16 07:46:12.975,2.92,2016-11-16 09:00:00,
1.128270956,8194193,Akira Santillan,Santillan v Gerasimov,60,2016-11-16 08:04:47.542,3.15,2016-11-16 09:00:00,
1.128270956,8194193,Akira Santillan,Santillan v Gerasimov,70,2016-11-16 08:08:46.721,2.84,2016-11-16 09:00:00,
1.128270956,8194193,Akira Santillan,Santillan v Gerasimov,80,2016-11-16 08:14:44.948,3.0,2016-11-16 09:00:00,
1.128270956,8194193,Akira Santillan,Santillan v Gerasimov,90,2016-11-16 08:26:47.292,2.88,2016-11-16 09:00:00,
1.128270956,8194193,Akira Santillan,Santillan v Gerasimov,100,2016-11-16 08:50:33.847,3.05,2016-11-16 09:00:00,
1.128271005,6670677,Luksika Kumkhum,Yaf Wang v Kumkhum,0,2016-11-15 18:44:27.196,1.9,2016-11-16 06:00:00,
1.128271005,6670677,Luksika Kumkhum,Yaf Wang v Kumkhum,10,2016-11-15 19:26:14.769,1.89,2016-11-16 06:00:00,
1.128271005,6670677,Luksika Kumkhum,Yaf Wang v Kumkhum,20,2016-11-15 21:52:51.582,2.0,2016-11-16 06:00:00,
1.128271005,6670677,Luksika Kumkhum,Yaf Wang v Kumkhum,30,2016-11-16 00:57:24.000,2.08,2016-11-16 06:00:00,
1.128271005,6670677,Luksika Kumkhum,Yaf Wang v Kumkhum,40,2016-11-16 05:05:56.142,2.1,2016-11-16 05:53:00,
1.128271005,6670677,Luksika Kumkhum,Yaf Wang v Kumkhum,50,2016-11-16 05:17:44.003,2.08,2016-11-16 05:53:00,
1.128271005,6670677,Luksika Kumkhum,Yaf Wang v Kumkhum,60,2016-11-16 05:20:30.655,2.06,2016-11-16 05:53:00,
1.128271005,6670677,Luksika Kumkhum,Yaf Wang v Kumkhum,70,2016-11-16 05:32:37.868,2.14,2016-11-16 05:53:00,
1.128271005,6670677,Luksika Kumkhum,Yaf Wang v Kumkhum,80,2016-11-16 05:33:39.084,2.16,2016-11-16 05:53:00,
1.128271005,6670677,Luksika Kumkhum,Yaf Wang v Kumkhum,90,2016-11-16 05:34:39.272,2.12,2016-11-16 05:53:00,
1.128271005,6670677,Luksika Kumkhum,Yaf Wang v Kumkhum,100,2016-11-16 05:38:45.223,2.08,2016-11-16 05:40:00,
1.128271005,7695509,Yafan Wang,Yaf Wang v Kumkhum,0,2016-11-15 23:13:07.374,2.0,2016-11-16 06:00:00,
1.128271005,7695509,Yafan Wang,Yaf Wang v Kumkhum,10,2016-11-15 23:50:27.142,1.9,2016-11-16 06:00:00,
1.128271005,7695509,Yafan Wang,Yaf Wang v Kumkhum,20,2016-11-16 00:25:13.022,1.88,2016-11-16 06:00:00,
1.128271005,7695509,Yafan Wang,Yaf Wang v Kumkhum,30,2016-11-16 01:21:42.148,1.85,2016-11-16 06:00:00,
1.128271005,7695509,Yafan Wang,Yaf Wang v Kumkhum,40,2016-11-16 04:01:45.058,1.88,2016-11-16 05:53:00,
1.128271005,7695509,Yafan Wang,Yaf Wang v Kumkhum,50,2016-11-16 04:22:45.765,1.9,2016-11-16 05:53:00,
1.128271005,7695509,Yafan Wang,Yaf Wang v Kumkhum,60,2016-11-16 05:01:29.950,1.9,2016-11-16 05:53:00,
1.128271005,7695509,Yafan Wang,Yaf Wang v Kumkhum,70,2016-11-16 05:08:29.164,1.91,2016-11-16 05:53:00,
1.128271005,7695509,Yafan Wang,Yaf Wang v Kumkhum,80,2016-11-16 05:17:44.003,1.93,2016-11-16 05:53:00,
1.128271005,7695509,Yafan Wang,Yaf Wang v Kumkhum,90,2016-11-16 05:30:31.863,1.89,2016-11-16 05:53:00,
1.128271005,7695509,Yafan Wang,Yaf Wang v Kumkhum,100,2016-11-16 05:38:45.223,1.85,2016-11-16 05:40:00,
1.128271217,6344314,Henri Laaksonen,J Hiltzik v Laaksonen,0,2016-11-15 23:43:50.761,1.3,2016-11-16 12:00:00,
1.128271217,6344314,Henri Laaksonen,J Hiltzik v Laaksonen,10,2016-11-16 12:37:55.553,1.35,2016-11-16 23:00:00,
1.128271217,6344314,Henri Laaksonen,J Hiltzik v Laaksonen,20,2016-11-16 16:34:21.244,1.35,2016-11-16 23:00:00,
1.128271217,6344314,Henri Laaksonen,J Hiltzik v Laaksonen,30,2016-11-16 16:52:03.143,1.39,2016-11-16 23:00:00,
1.128271217,6344314,Henri Laaksonen,J Hiltzik v Laaksonen,40,2016-11-16 20:21:26.771,1.38,2016-11-16 23:00:00,
1.128271217,6344314,Henri Laaksonen,J Hiltzik v Laaksonen,50,2016-11-16 21:01:06.091,1.32,2016-11-16 23:00:00,
1.128271217,6344314,Henri Laaksonen,J Hiltzik v Laaksonen,60,2016-11-16 21:46:17.126,1.35,2016-11-16 23:00:00,
1.128271217,6344314,Henri Laaksonen,J Hiltzik v Laaksonen,70,2016-11-16 22:39:29.488,1.33,2016-11-16 23:00:00,
1.128271217,6344314,Henri Laaksonen,J Hiltzik v Laaksonen,80,2016-11-16 22:43:29.666,1.33,2016-11-16 23:00:00,
1.128271217,6344314,Henri Laaksonen,J Hiltzik v Laaksonen,90,2016-11-16 22:48:21.929,1.33,2016-11-16 23:00:00,
1.128271217,6344314,Henri Laaksonen,J Hiltzik v Laaksonen,100,2016-11-16 22:55:28.872,1.35,2016-11-16 23:00:00,
1.128271217,7082814,Jared Hiltzik,J Hiltzik v Laaksonen,0,2016-11-15 23:43:50.761,4.4,2016-11-16 12:00:00,
1.128271217,7082814,Jared Hiltzik,J Hiltzik v Laaksonen,10,2016-11-16 12:37:55.553,3.9,2016-11-16 23:00:00,
1.128271217,7082814,Jared Hiltzik,J Hiltzik v Laaksonen,20,2016-11-16 16:49:28.987,3.8,2016-11-16 23:00:00,
1.128271217,7082814,Jared Hiltzik,J Hiltzik v Laaksonen,30,2016-11-16 16:51:26.501,3.75,2016-11-16 23:00:00,
1.128271217,7082814,Jared Hiltzik,J Hiltzik v Laaksonen,40,2016-11-16 19:43:22.525,3.4,2016-11-16 23:00:00,
1.128271217,7082814,Jared Hiltzik,J Hiltzik v Laaksonen,50,2016-11-16 20:21:26.771,3.7,2016-11-16 23:00:00,
1.128271217,7082814,Jared Hiltzik,J Hiltzik v Laaksonen,60,2016-11-16 20:27:30.185,3.8,2016-11-16 23:00:00,
1.128271217,7082814,Jared Hiltzik,J Hiltzik v Laaksonen,70,2016-11-16 22:41:30.041,4.0,2016-11-16 23:00:00,
1.128271217,7082814,Jared Hiltzik,J Hiltzik v Laaksonen,80,2016-11-16 22:46:30.812,4.0,2016-11-16 23:00:00,
1.128271217,7082814,Jared Hiltzik,J Hiltzik v Laaksonen,90,2016-11-16 22:49:30.494,3.55,2016-11-16 23:00:00,
1.128271217,7082814,Jared Hiltzik,J Hiltzik v Laaksonen,100,2016-11-16 22:55:28.872,3.7,2016-11-16 23:00:00,
1.128271393,2415530,Evgeniya Rodina,Rodina v D Jakupovic,0,2016-11-16 01:17:56.229,1.5,2016-11-16 12:15:00,
1.128271393,2415530,Evgeniya Rodina,Rodina v D Jakupovic,10,2016-11-16 07:49:29.806,1.51,2016-11-16 12:15:00,
1.128271393,2415530,Evgeniya Rodina,Rodina v D Jakupovic,20,2016-11-16 09:08:46.111,1.49,2016-11-16 12:15:00,
1.128271393,2415530,Evgeniya Rodina,Rodina v D Jakupovic,30,2016-11-16 09:41:23.007,1.51,2016-11-16 12:15:00,
1.128271393,2415530,Evgeniya Rodina,Rodina v D Jakupovic,40,2016-11-16 11:17:13.411,1.49,2016-11-16 12:40:00,
1.128271393,2415530,Evgeniya Rodina,Rodina v D Jakupovic,50,2016-11-16 11:29:54.488,1.51,2016-11-16 12:40:00,
1.128271393,2415530,Evgeniya Rodina,Rodina v D Jakupovic,60,2016-11-16 11:38:46.866,1.52,2016-11-16 12:40:00,
1.128271393,2415530,Evgeniya Rodina,Rodina v D Jakupovic,70,2016-11-16 11:50:40.589,1.52,2016-11-16 12:40:00,
1.128271393,2415530,Evgeniya Rodina,Rodina v D Jakupovic,80,2016-11-16 11:59:56.087,1.49,2016-11-16 12:40:00,
1.128271393,2415530,Evgeniya Rodina,Rodina v D Jakupovic,90,2016-11-16 12:06:39.742,1.5,2016-11-16 12:40:00,
1.128271393,2415530,Evgeniya Rodina,Rodina v D Jakupovic,100,2016-11-16 12:16:43.225,1.49,2016-11-16 12:33:00,
1.128271451,2249835,Go Soeda,Y Lim v Soeda,0,2016-11-15 20:01:13.422,1.24,2016-11-16 02:00:00,
1.128271451,2249835,Go Soeda,Y Lim v Soeda,10,2016-11-15 22:01:11.555,1.23,2016-11-16 02:00:00,
1.128271451,2249835,Go Soeda,Y Lim v Soeda,20,2016-11-15 22:02:20.172,1.29,2016-11-16 02:00:00,
1.128271451,2249835,Go Soeda,Y Lim v Soeda,30,2016-11-15 22:45:12.255,1.2,2016-11-16 02:00:00,
1.128271451,2249835,Go Soeda,Y Lim v Soeda,40,2016-11-15 23:00:23.796,1.27,2016-11-16 02:00:00,
1.128271451,2249835,Go Soeda,Y Lim v Soeda,50,2016-11-16 00:18:33.417,1.27,2016-11-16 02:00:00,
1.128271451,2249835,Go Soeda,Y Lim v Soeda,60,2016-11-16 01:14:13.039,1.2,2016-11-16 02:00:00,
1.128271451,2249835,Go Soeda,Y Lim v Soeda,70,2016-11-16 01:15:35.199,1.21,2016-11-16 02:00:00,
1.128271451,2249835,Go Soeda,Y Lim v Soeda,80,2016-11-16 01:21:19.367,1.21,2016-11-16 02:00:00,
1.128271451,2249835,Go Soeda,Y Lim v Soeda,90,2016-11-16 01:22:37.236,1.2,2016-11-16 02:00:00,
1.128271451,2249835,Go Soeda,Y Lim v Soeda,100,2016-11-16 01:57:58.477,1.17,2016-11-16 02:00:00,
1.128271709,6965426,Luke Saville,Du Lee v Saville,0,2016-11-15 09:21:15.720,2.24,2016-11-16 03:30:00,
1.128271709,6965426,Luke Saville,Du Lee v Saville,10,2016-11-15 09:22:24.003,2.34,2016-11-16 03:30:00,
1.128271709,6965426,Luke Saville,Du Lee v Saville,20,2016-11-15 10:02:22.582,2.74,2016-11-16 03:30:00,
1.128271709,6965426,Luke Saville,Du Lee v Saville,30,2016-11-15 18:33:31.381,2.7,2016-11-16 03:30:00,
1.128271709,6965426,Luke Saville,Du Lee v Saville,40,2016-11-15 18:34:29.659,2.52,2016-11-16 03:30:00,
1.128271709,6965426,Luke Saville,Du Lee v Saville,50,2016-11-15 19:27:58.307,2.82,2016-11-16 03:30:00,
1.128271709,6965426,Luke Saville,Du Lee v Saville,60,2016-11-15 23:51:21.950,2.76,2016-11-16 03:30:00,
1.128271709,6965426,Luke Saville,Du Lee v Saville,70,2016-11-16 00:23:32.320,2.48,2016-11-16 03:30:00,
1.128271709,6965426,Luke Saville,Du Lee v Saville,80,2016-11-16 00:40:24.337,2.46,2016-11-16 03:30:00,
1.128271709,6965426,Luke Saville,Du Lee v Saville,90,2016-11-16 02:18:26.629,2.5,2016-11-16 03:30:00,
1.128271709,6965426,Luke Saville,Du Lee v Saville,100,2016-11-16 04:12:31.399,3.1,2016-11-16 04:15:00,
1.128271709,8505197,Duckhee Lee,Du Lee v Saville,0,2016-11-15 09:21:15.720,1.78,2016-11-16 03:30:00,
1.128271709,8505197,Duckhee Lee,Du Lee v Saville,10,2016-11-15 09:22:24.003,1.72,2016-11-16 03:30:00,
1.128271709,8505197,Duckhee Lee,Du Lee v Saville,20,2016-11-15 09:46:17.454,1.64,2016-11-16 03:30:00,
1.128271709,8505197,Duckhee Lee,Du Lee v Saville,30,2016-11-15 19:27:58.307,1.55,2016-11-16 03:30:00,
1.128271709,8505197,Duckhee Lee,Du Lee v Saville,40,2016-11-15 23:51:21.950,1.56,2016-11-16 03:30:00,
1.128271709,8505197,Duckhee Lee,Du Lee v Saville,50,2016-11-16 02:18:26.629,1.63,2016-11-16 03:30:00,
1.128271709,8505197,Duckhee Lee,Du Lee v Saville,60,2016-11-16 02:33:23.092,1.67,2016-11-16 03:30:00,
1.128271709,8505197,Duckhee Lee,Du Lee v Saville,70,2016-11-16 03:14:30.017,1.59,2016-11-16 03:30:00,
1.128271709,8505197,Duckhee Lee,Du Lee v Saville,80,2016-11-16 03:37:23.443,1.55,2016-11-16 03:45:00,
1.128271709,8505197,Duckhee Lee,Du Lee v Saville,90,2016-11-16 04:01:27.980,1.5,2016-11-16 04:15:00,
1.128271709,8505197,Duckhee Lee,Du Lee v Saville,100,2016-11-16 04:12:31.399,1.47,2016-11-16 04:15:00,
1.128271882,6079501,Ashleigh Barty,Namigata v Barty,0,2016-11-15 10:53:54.830,1.35,2016-11-16 08:00:00,
1.128271882,6079501,Ashleigh Barty,Namigata v Barty,10,2016-11-15 23:28:26.907,1.31,2016-11-16 08:00:00,
1.128271882,6079501,Ashleigh Barty,Namigata v Barty,20,2016-11-16 00:25:55.360,1.31,2016-11-16 08:00:00,
1.128271882,6079501,Ashleigh Barty,Namigata v Barty,30,2016-11-16 04:08:04.571,1.31,2016-11-16 08:05:00,
1.128271882,6079501,Ashleigh Barty,Namigata v Barty,40,2016-11-16 05:51:02.040,1.29,2016-11-16 07:28:00,
1.128271882,6079501,Ashleigh Barty,Namigata v Barty,50,2016-11-16 05:56:49.483,1.29,2016-11-16 07:28:00,
1.128271882,6079501,Ashleigh Barty,Namigata v Barty,60,2016-11-16 06:43:33.957,1.28,2016-11-16 07:28:00,
1.128271882,6079501,Ashleigh Barty,Namigata v Barty,70,2016-11-16 06:45:19.802,1.25,2016-11-16 07:28:00,
1.128271882,6079501,Ashleigh Barty,Namigata v Barty,80,2016-11-16 07:18:30.813,1.27,2016-11-16 07:28:00,
1.128271882,6079501,Ashleigh Barty,Namigata v Barty,90,2016-11-16 07:33:27.995,1.26,2016-11-16 07:43:00,
1.128271882,6079501,Ashleigh Barty,Namigata v Barty,100,2016-11-16 07:50:37.962,1.27,2016-11-16 07:58:00,
1.12827206,7137497,Yoshihito Nishioka,Yo Nishioka v Jo Smith,0,2016-11-16 22:38:29.684,1.53,2016-11-17 02:00:00,
1.12827206,7137497,Yoshihito Nishioka,Yo Nishioka v Jo Smith,10,2016-11-16 22:58:27.926,1.43,2016-11-17 02:00:00,
1.12827206,7137497,Yoshihito Nishioka,Yo Nishioka v Jo Smith,20,2016-11-17 00:17:21.717,1.4,2016-11-17 02:00:00,
1.12827206,7137497,Yoshihito Nishioka,Yo Nishioka v Jo Smith,30,2016-11-17 00:48:28.472,1.56,2016-11-17 02:00:00,
1.12827206,7137497,Yoshihito Nishioka,Yo Nishioka v Jo Smith,40,2016-11-17 00:58:32.293,1.47,2016-11-17 02:00:00,
1.12827206,7137497,Yoshihito Nishioka,Yo Nishioka v Jo Smith,50,2016-11-17 01:09:30.111,1.47,2016-11-17 02:00:00,
1.12827206,7137497,Yoshihito Nishioka,Yo Nishioka v Jo Smith,60,2016-11-17 01:10:24.977,1.41,2016-11-17 02:00:00,
1.12827206,7137497,Yoshihito Nishioka,Yo Nishioka v Jo Smith,70,2016-11-17 02:04:35.271,1.39,2016-11-17 02:15:00,
1.12827206,7137497,Yoshihito Nishioka,Yo Nishioka v Jo Smith,80,2016-11-17 02:57:09.673,1.47,2016-11-17 03:00:00,
1.12827206,7137497,Yoshihito Nishioka,Yo Nishioka v Jo Smith,90,2016-11-17 03:03:29.545,1.3,2016-11-17 03:15:00,
1.12827206,7137497,Yoshihito Nishioka,Yo Nishioka v Jo Smith,100,2016-11-17 03:10:33.432,1.37,2016-11-17 03:15:00,
1.128275375,2249832,Frank Dancevic,Dancevic v Krawietz,0,2016-11-16 19:35:45.584,1.9,2016-11-17 17:00:00,
1.128275375,2249832,Frank Dancevic,Dancevic v Krawietz,10,2016-11-17 09:29:04.409,1.94,2016-11-17 17:00:00,
1.128275375,2249832,Frank Dancevic,Dancevic v Krawietz,20,2016-11-17 13:09:30.034,2.12,2016-11-17 16:53:00,
1.128275375,2249832,Frank Dancevic,Dancevic v Krawietz,30,2016-11-17 13:18:44.517,2.12,2016-11-17 16:53:00,
1.128275375,2249832,Frank Dancevic,Dancevic v Krawietz,40,2016-11-17 14:36:31.981,2.1,2016-11-17 16:20:00,
1.128275375,2249832,Frank Dancevic,Dancevic v Krawietz,50,2016-11-17 14:44:29.495,2.08,2016-11-17 16:20:00,
1.128275375,2249832,Frank Dancevic,Dancevic v Krawietz,60,2016-11-17 14:47:10.727,2.08,2016-11-17 16:20:00,
1.128275375,2249832,Frank Dancevic,Dancevic v Krawietz,70,2016-11-17 14:50:24.914,2.06,2016-11-17 16:20:00,
1.128275375,2249832,Frank Dancevic,Dancevic v Krawietz,80,2016-11-17 15:12:31.721,2.14,2016-11-17 16:20:00,
1.128275375,2249832,Frank Dancevic,Dancevic v Krawietz,90,2016-11-17 15:16:00.499,2.22,2016-11-17 16:20:00,
1.128275375,2249832,Frank Dancevic,Dancevic v Krawietz,100,2016-11-17 16:17:32.169,2.12,2016-11-17 16:18:00,
1.128275375,4061310,Kevin Krawietz,Dancevic v Krawietz,0,2016-11-16 17:21:17.092,1.94,2016-11-17 17:00:00,
1.128275375,4061310,Kevin Krawietz,Dancevic v Krawietz,10,2016-11-17 07:25:07.945,1.94,2016-11-17 17:00:00,
1.128275375,4061310,Kevin Krawietz,Dancevic v Krawietz,20,2016-11-17 08:15:57.436,1.94,2016-11-17 17:00:00,
1.128275375,4061310,Kevin Krawietz,Dancevic v Krawietz,30,2016-11-17 13:09:30.034,1.89,2016-11-17 16:53:00,
1.128275375,4061310,Kevin Krawietz,Dancevic v Krawietz,40,2016-11-17 13:29:32.882,1.84,2016-11-17 16:53:00,
1.128275375,4061310,Kevin Krawietz,Dancevic v Krawietz,50,2016-11-17 14:39:28.036,1.86,2016-11-17 16:20:00,
1.128275375,4061310,Kevin Krawietz,Dancevic v Krawietz,60,2016-11-17 14:48:19.881,1.92,2016-11-17 16:20:00,
1.128275375,4061310,Kevin Krawietz,Dancevic v Krawietz,70,2016-11-17 14:53:28.176,1.96,2016-11-17 16:20:00,
1.128275375,4061310,Kevin Krawietz,Dancevic v Krawietz,80,2016-11-17 15:16:41.368,1.82,2016-11-17 16:20:00,
1.128275375,4061310,Kevin Krawietz,Dancevic v Krawietz,90,2016-11-17 15:44:28.132,1.91,2016-11-17 16:20:00,
1.128275375,4061310,Kevin Krawietz,Dancevic v Krawietz,100,2016-11-17 16:15:30.152,1.9,2016-11-17 16:20:00,
1.128276811,7289631,Oceane Dodin,Dodin v Vikhlyantseva,0,2016-11-16 01:32:03.855,1.5,2016-11-16 20:00:00,
1.128276811,7289631,Oceane Dodin,Dodin v Vikhlyantseva,10,2016-11-16 09:29:45.219,1.5,2016-11-16 20:00:00,
1.128276811,7289631,Oceane Dodin,Dodin v Vikhlyantseva,20,2016-11-16 12:38:44.655,1.5,2016-11-16 20:00:00,
1.128276811,7289631,Oceane Dodin,Dodin v Vikhlyantseva,30,2016-11-16 15:31:14.434,1.5,2016-11-16 20:00:00,
1.128276811,7289631,Oceane Dodin,Dodin v Vikhlyantseva,40,2016-11-16 17:47:41.052,1.48,2016-11-16 19:17:00,
1.128276811,7289631,Oceane Dodin,Dodin v Vikhlyantseva,50,2016-11-16 17:59:34.011,1.48,2016-11-16 19:17:00,
1.128276811,7289631,Oceane Dodin,Dodin v Vikhlyantseva,60,2016-11-16 18:25:00.304,1.48,2016-11-16 19:17:00,
1.128276811,7289631,Oceane Dodin,Dodin v Vikhlyantseva,70,2016-11-16 18:43:14.129,1.48,2016-11-16 19:17:00,
1.128276811,7289631,Oceane Dodin,Dodin v Vikhlyantseva,80,2016-11-16 18:55:29.524,1.46,2016-11-16 19:17:00,
1.128276811,7289631,Oceane Dodin,Dodin v Vikhlyantseva,90,2016-11-16 19:08:57.061,1.47,2016-11-16 19:17:00,
1.128276811,7289631,Oceane Dodin,Dodin v Vikhlyantseva,100,2016-11-16 20:14:12.181,1.44,2016-11-16 20:15:00,
1.128277132,8257868,Salvatore Caruso,Ramanathan v Caruso,0,2016-11-16 10:44:35.366,1.6,2016-11-16 16:00:00,
1.128277132,8257868,Salvatore Caruso,Ramanathan v Caruso,10,2016-11-16 12:09:36.082,1.64,2016-11-16 16:00:00,
1.128277132,8257868,Salvatore Caruso,Ramanathan v Caruso,20,2016-11-16 12:13:48.811,1.57,2016-11-16 16:00:00,
1.128277132,8257868,Salvatore Caruso,Ramanathan v Caruso,30,2016-11-16 12:14:27.014,1.5,2016-11-16 16:00:00,
1.128277132,8257868,Salvatore Caruso,Ramanathan v Caruso,40,2016-11-16 12:28:38.245,1.81,2016-11-16 16:00:00,
1.128277132,8257868,Salvatore Caruso,Ramanathan v Caruso,50,2016-11-16 14:18:38.573,1.68,2016-11-16 15:44:00,
1.128277132,8257868,Salvatore Caruso,Ramanathan v Caruso,60,2016-11-16 14:29:43.061,1.63,2016-11-16 15:44:00,
1.128277132,8257868,Salvatore Caruso,Ramanathan v Caruso,70,2016-11-16 14:52:47.222,1.72,2016-11-16 15:44:00,
1.128277132,8257868,Salvatore Caruso,Ramanathan v Caruso,80,2016-11-16 15:11:32.968,1.7,2016-11-16 15:44:00,
1.128277132,8257868,Salvatore Caruso,Ramanathan v Caruso,90,2016-11-16 15:16:48.808,1.63,2016-11-16 15:44:00,
1.128277132,8257868,Salvatore Caruso,Ramanathan v Caruso,100,2016-11-16 15:36:42.758,1.7,2016-11-16 15:44:00,
1.128280123,2387871,Sorana Cirstea,Korpatsch v Cirstea,0,2016-11-16 11:52:20.520,1.47,2016-11-17 12:00:00,
1.128280123,2387871,Sorana Cirstea,Korpatsch v Cirstea,10,2016-11-16 21:55:40.882,1.47,2016-11-17 09:00:00,
1.128280123,2387871,Sorana Cirstea,Korpatsch v Cirstea,20,2016-11-16 22:42:40.833,1.46,2016-11-17 09:00:00,
1.128280123,2387871,Sorana Cirstea,Korpatsch v Cirstea,30,2016-11-17 01:04:22.483,1.52,2016-11-17 09:00:00,
1.128280123,2387871,Sorana Cirstea,Korpatsch v Cirstea,40,2016-11-17 06:01:51.950,1.54,2016-11-17 09:00:00,
1.128280123,2387871,Sorana Cirstea,Korpatsch v Cirstea,50,2016-11-17 07:02:24.949,1.52,2016-11-17 09:00:00,
1.128280123,2387871,Sorana Cirstea,Korpatsch v Cirstea,60,2016-11-17 07:43:01.619,1.5,2016-11-17 09:00:00,
1.128280123,2387871,Sorana Cirstea,Korpatsch v Cirstea,70,2016-11-17 07:55:29.283,1.54,2016-11-17 09:00:00,
1.128280123,2387871,Sorana Cirstea,Korpatsch v Cirstea,80,2016-11-17 08:17:14.076,1.54,2016-11-17 09:00:00,
1.128280123,2387871,Sorana Cirstea,Korpatsch v Cirstea,90,2016-11-17 08:43:27.375,1.53,2016-11-17 09:00:00,
1.128280123,2387871,Sorana Cirstea,Korpatsch v Cirstea,100,2016-11-17 08:50:18.697,1.52,2016-11-17 09:00:00,
1.128280123,9166525,Tamara Korpatsch,Korpatsch v Cirstea,0,2016-11-16 21:54:39.684,2.86,2016-11-17 09:00:00,
1.128280123,9166525,Tamara Korpatsch,Korpatsch v Cirstea,10,2016-11-16 21:55:47.781,3.05,2016-11-17 09:00:00,
1.128280123,9166525,Tamara Korpatsch,Korpatsch v Cirstea,20,2016-11-16 22:42:40.833,3.1,2016-11-17 09:00:00,
1.128280123,9166525,Tamara Korpatsch,Korpatsch v Cirstea,30,2016-11-17 01:04:22.483,2.92,2016-11-17 09:00:00,
1.128280123,9166525,Tamara Korpatsch,Korpatsch v Cirstea,40,2016-11-17 06:01:51.950,2.88,2016-11-17 09:00:00,
1.128280123,9166525,Tamara Korpatsch,Korpatsch v Cirstea,50,2016-11-17 07:43:01.619,3.05,2016-11-17 09:00:00,
1.128280123,9166525,Tamara Korpatsch,Korpatsch v Cirstea,60,2016-11-17 07:55:29.283,2.86,2016-11-17 09:00:00,
1.128280123,9166525,Tamara Korpatsch,Korpatsch v Cirstea,70,2016-11-17 08:14:10.606,2.84,2016-11-17 09:00:00,
1.128280123,9166525,Tamara Korpatsch,Korpatsch v Cirstea,80,2016-11-17 08:22:30.302,2.84,2016-11-17 09:00:00,
1.128280123,9166525,Tamara Korpatsch,Korpatsch v Cirstea,90,2016-11-17 08:42:32.636,2.88,2016-11-17 09:00:00,
1.128280123,9166525,Tamara Korpatsch,Korpatsch v Cirstea,100,2016-11-17 08:49:31.706,2.9,2016-11-17 09:00:00,
1.128280264,2863465,Blaz Kavcic,Kavcic v Vanni,0,2016-11-16 11:32:26.208,1.62,2016-11-16 16:00:00,
1.128280264,2863465,Blaz Kavcic,Kavcic v Vanni,10,2016-11-16 12:01:27.487,1.69,2016-11-16 16:00:00,
1.128280264,2863465,Blaz Kavcic,Kavcic v Vanni,20,2016-11-16 12:47:13.235,1.75,2016-11-16 16:00:00,
1.128280264,2863465,Blaz Kavcic,Kavcic v Vanni,30,2016-11-16 13:07:23.536,1.72,2016-11-16 16:00:00,
1.128280264,2863465,Blaz Kavcic,Kavcic v Vanni,40,2016-11-16 13:41:30.400,1.76,2016-11-16 16:00:00,
1.128280264,2863465,Blaz Kavcic,Kavcic v Vanni,50,2016-11-16 14:30:34.012,1.73,2016-11-16 16:00:00,
1.128280264,2863465,Blaz Kavcic,Kavcic v Vanni,60,2016-11-16 14:51:22.095,1.75,2016-11-16 16:00:00,
1.128280264,2863465,Blaz Kavcic,Kavcic v Vanni,70,2016-11-16 15:21:29.201,1.77,2016-11-16 16:00:00,
1.128280264,2863465,Blaz Kavcic,Kavcic v Vanni,80,2016-11-16 15:21:57.429,1.76,2016-11-16 16:00:00,
1.128280264,2863465,Blaz Kavcic,Kavcic v Vanni,90,2016-11-16 15:24:21.160,1.79,2016-11-16 16:00:00,
1.128280264,2863465,Blaz Kavcic,Kavcic v Vanni,100,2016-11-16 16:05:30.075,1.8,2016-11-16 16:15:00,
1.128280354,8736474,Diego Schwartzman,Lipovsek Puches v Schwartzman,0,2016-11-16 16:56:27.229,1.08,2016-11-16 23:00:00,
1.128280354,8736474,Diego Schwartzman,Lipovsek Puches v Schwartzman,10,2016-11-16 17:49:16.277,1.07,2016-11-16 23:00:00,
1.128280354,8736474,Diego Schwartzman,Lipovsek Puches v Schwartzman,20,2016-11-16 20:07:01.539,1.09,2016-11-16 23:00:00,
1.128280354,8736474,Diego Schwartzman,Lipovsek Puches v Schwartzman,30,2016-11-16 21:00:32.706,1.08,2016-11-16 23:00:00,
1.128280354,8736474,Diego Schwartzman,Lipovsek Puches v Schwartzman,40,2016-11-16 21:08:10.960,1.09,2016-11-16 23:00:00,
1.128280354,8736474,Diego Schwartzman,Lipovsek Puches v Schwartzman,50,2016-11-16 21:12:35.458,1.1,2016-11-16 23:00:00,
1.128280354,8736474,Diego Schwartzman,Lipovsek Puches v Schwartzman,60,2016-11-16 21:19:29.018,1.08,2016-11-16 23:00:00,
1.128280354,8736474,Diego Schwartzman,Lipovsek Puches v Schwartzman,70,2016-11-16 21:20:29.423,1.06,2016-11-16 23:00:00,
1.128280354,8736474,Diego Schwartzman,Lipovsek Puches v Schwartzman,80,2016-11-16 21:46:26.033,1.07,2016-11-16 23:00:00,
1.128280354,8736474,Diego Schwartzman,Lipovsek Puches v Schwartzman,90,2016-11-16 22:40:12.413,1.06,2016-11-16 23:00:00,
1.128280354,8736474,Diego Schwartzman,Lipovsek Puches v Schwartzman,100,2016-11-16 22:50:36.173,1.05,2016-11-16 23:00:00,
1.128281343,2283676,Carlos Berlocq,Berlocq v F Coria,0,2016-11-17 00:26:19.779,1.26,2016-11-17 19:00:00,
1.128281343,2283676,Carlos Berlocq,Berlocq v F Coria,10,2016-11-17 07:29:33.521,1.22,2016-11-17 19:00:00,
1.128281343,2283676,Carlos Berlocq,Berlocq v F Coria,20,2016-11-17 09:15:36.191,1.22,2016-11-17 19:00:00,
1.128281343,2283676,Carlos Berlocq,Berlocq v F Coria,30,2016-11-17 10:19:53.187,1.23,2016-11-17 19:00:00,
1.128281343,2283676,Carlos Berlocq,Berlocq v F Coria,40,2016-11-17 13:57:49.050,1.25,2016-11-17 19:00:00,
1.128281343,2283676,Carlos Berlocq,Berlocq v F Coria,50,2016-11-17 16:30:05.555,1.26,2016-11-17 19:00:00,
1.128281343,2283676,Carlos Berlocq,Berlocq v F Coria,60,2016-11-17 17:01:44.683,1.23,2016-11-17 19:15:00,
1.128281343,2283676,Carlos Berlocq,Berlocq v F Coria,70,2016-11-17 17:35:32.078,1.22,2016-11-17 19:14:00,
1.128281343,2283676,Carlos Berlocq,Berlocq v F Coria,80,2016-11-17 18:11:34.556,1.21,2016-11-17 19:14:00,
1.128281343,2283676,Carlos Berlocq,Berlocq v F Coria,90,2016-11-17 18:13:29.335,1.2,2016-11-17 19:14:00,
1.128281343,2283676,Carlos Berlocq,Berlocq v F Coria,100,2016-11-17 19:00:25.305,1.22,2016-11-17 19:09:00,
1.128281343,8326752,Federico Coria,Berlocq v F Coria,0,2016-11-17 00:26:19.779,4.6,2016-11-17 19:00:00,
1.128281343,8326752,Federico Coria,Berlocq v F Coria,10,2016-11-17 07:29:33.521,5.5,2016-11-17 19:00:00,
1.128281343,8326752,Federico Coria,Berlocq v F Coria,20,2016-11-17 09:14:37.266,4.6,2016-11-17 19:00:00,
1.128281343,8326752,Federico Coria,Berlocq v F Coria,30,2016-11-17 09:15:36.191,5.5,2016-11-17 19:00:00,
1.128281343,8326752,Federico Coria,Berlocq v F Coria,40,2016-11-17 12:32:06.185,4.8,2016-11-17 19:00:00,
1.128281343,8326752,Federico Coria,Berlocq v F Coria,50,2016-11-17 13:57:49.050,4.9,2016-11-17 19:00:00,
1.128281343,8326752,Federico Coria,Berlocq v F Coria,60,2016-11-17 16:30:05.555,4.8,2016-11-17 19:00:00,
1.128281343,8326752,Federico Coria,Berlocq v F Coria,70,2016-11-17 18:08:24.931,5.0,2016-11-17 19:14:00,
1.128281343,8326752,Federico Coria,Berlocq v F Coria,80,2016-11-17 18:10:34.246,5.3,2016-11-17 19:14:00,
1.128281343,8326752,Federico Coria,Berlocq v F Coria,90,2016-11-17 18:11:34.556,4.8,2016-11-17 19:14:00,
1.128281343,8326752,Federico Coria,Berlocq v F Coria,100,2016-11-17 18:37:37.356,6.0,2016-11-17 19:14:00,
1.12828136,3425152,Mandy Minella,Minella v Zanevska,0,2016-11-17 09:14:44.505,2.36,2016-11-17 20:00:00,
1.12828136,3425152,Mandy Minella,Minella v Zanevska,10,2016-11-17 10:34:37.376,2.26,2016-11-17 20:00:00,
1.12828136,3425152,Mandy Minella,Minella v Zanevska,20,2016-11-17 15:29:22.596,2.24,2016-11-17 20:00:00,
1.12828136,3425152,Mandy Minella,Minella v Zanevska,30,2016-11-17 17:14:26.518,2.3,2016-11-17 21:15:00,
1.12828136,3425152,Mandy Minella,Minella v Zanevska,40,2016-11-17 19:35:36.948,2.46,2016-11-17 21:05:00,
1.12828136,3425152,Mandy Minella,Minella v Zanevska,50,2016-11-17 19:37:38.314,2.48,2016-11-17 21:05:00,
1.12828136,3425152,Mandy Minella,Minella v Zanevska,60,2016-11-17 19:39:27.352,2.52,2016-11-17 21:05:00,
1.12828136,3425152,Mandy Minella,Minella v Zanevska,70,2016-11-17 19:54:38.709,2.6,2016-11-17 21:05:00,
1.12828136,3425152,Mandy Minella,Minella v Zanevska,80,2016-11-17 19:57:38.857,2.5,2016-11-17 21:05:00,
1.12828136,3425152,Mandy Minella,Minella v Zanevska,90,2016-11-17 20:04:38.557,2.34,2016-11-17 21:05:00,
1.12828136,3425152,Mandy Minella,Minella v Zanevska,100,2016-11-17 20:45:36.399,2.48,2016-11-17 21:05:00,
1.12828136,6390239,Maryna Zanevska,Minella v Zanevska,0,2016-11-16 18:24:36.400,1.79,2016-11-17 20:00:00,
1.12828136,6390239,Maryna Zanevska,Minella v Zanevska,10,2016-11-17 09:38:25.995,1.74,2016-11-17 20:00:00,
1.12828136,6390239,Maryna Zanevska,Minella v Zanevska,20,2016-11-17 15:29:22.596,1.79,2016-11-17 20:00:00,
1.12828136,6390239,Maryna Zanevska,Minella v Zanevska,30,2016-11-17 17:15:23.859,1.76,2016-11-17 21:15:00,
1.12828136,6390239,Maryna Zanevska,Minella v Zanevska,40,2016-11-17 19:14:53.940,1.73,2016-11-17 21:05:00,
1.12828136,6390239,Maryna Zanevska,Minella v Zanevska,50,2016-11-17 19:33:31.888,1.69,2016-11-17 21:05:00,
1.12828136,6390239,Maryna Zanevska,Minella v Zanevska,60,2016-11-17 19:38:26.525,1.67,2016-11-17 21:05:00,
1.12828136,6390239,Maryna Zanevska,Minella v Zanevska,70,2016-11-17 19:44:34.558,1.67,2016-11-17 21:05:00,
1.12828136,6390239,Maryna Zanevska,Minella v Zanevska,80,2016-11-17 19:48:37.888,1.64,2016-11-17 21:05:00,
1.12828136,6390239,Maryna Zanevska,Minella v Zanevska,90,2016-11-17 20:00:30.072,1.74,2016-11-17 21:05:00,
1.12828136,6390239,Maryna Zanevska,Minella v Zanevska,100,2016-11-17 20:47:23.318,1.73,2016-11-17 21:02:00,
1.128281612,6603914,Guido Andreozzi,Garin v Andreozzi,0,2016-11-17 09:11:58.238,1.61,2016-11-17 17:00:00,
1.128281612,6603914,Guido Andreozzi,Garin v Andreozzi,10,2016-11-17 12:44:26.054,1.6,2016-11-17 17:00:00,
1.128281612,6603914,Guido Andreozzi,Garin v Andreozzi,20,2016-11-17 14:40:41.797,1.57,2016-11-17 17:00:00,
1.128281612,6603914,Guido Andreozzi,Garin v Andreozzi,30,2016-11-17 15:08:31.627,1.62,2016-11-17 17:00:00,
1.128281612,6603914,Guido Andreozzi,Garin v Andreozzi,40,2016-11-17 15:17:50.813,1.59,2016-11-17 17:00:00,
1.128281612,6603914,Guido Andreozzi,Garin v Andreozzi,50,2016-11-17 15:39:22.679,1.63,2016-11-17 17:00:00,
1.128281612,6603914,Guido Andreozzi,Garin v Andreozzi,60,2016-11-17 15:45:33.647,1.56,2016-11-17 17:00:00,
1.128281612,6603914,Guido Andreozzi,Garin v Andreozzi,70,2016-11-17 16:20:33.996,1.57,2016-11-17 17:00:00,
1.128281612,6603914,Guido Andreozzi,Garin v Andreozzi,80,2016-11-17 16:46:29.180,1.57,2016-11-17 17:00:00,
1.128281612,6603914,Guido Andreozzi,Garin v Andreozzi,90,2016-11-17 16:49:36.881,1.66,2016-11-17 17:00:00,
1.128281612,6603914,Guido Andreozzi,Garin v Andreozzi,100,2016-11-17 16:59:54.782,1.67,2016-11-17 17:00:00,
1.128281769,7066127,Sekou Bangoura,C Eubanks v Bangoura,0,2016-11-16 08:30:31.066,1.55,2016-11-16 18:00:00,
1.128281769,7066127,Sekou Bangoura,C Eubanks v Bangoura,10,2016-11-16 09:08:46.322,1.53,2016-11-16 18:00:00,
1.128281769,7066127,Sekou Bangoura,C Eubanks v Bangoura,20,2016-11-16 14:09:14.300,1.48,2016-11-16 18:00:00,
1.128281769,7066127,Sekou Bangoura,C Eubanks v Bangoura,30,2016-11-16 15:43:42.393,1.55,2016-11-16 18:00:00,
1.128281769,7066127,Sekou Bangoura,C Eubanks v Bangoura,40,2016-11-16 16:16:10.225,1.5,2016-11-16 17:44:00,
1.128281769,7066127,Sekou Bangoura,C Eubanks v Bangoura,50,2016-11-16 17:07:13.065,1.55,2016-11-16 17:44:00,
1.128281769,7066127,Sekou Bangoura,C Eubanks v Bangoura,60,2016-11-16 17:10:30.930,1.49,2016-11-16 17:44:00,
1.128281769,7066127,Sekou Bangoura,C Eubanks v Bangoura,70,2016-11-16 17:14:04.128,1.51,2016-11-16 17:44:00,
1.128281769,7066127,Sekou Bangoura,C Eubanks v Bangoura,80,2016-11-16 17:34:28.765,1.55,2016-11-16 17:44:00,
1.128281769,7066127,Sekou Bangoura,C Eubanks v Bangoura,90,2016-11-16 17:37:21.344,1.6,2016-11-16 17:44:00,
1.128281769,7066127,Sekou Bangoura,C Eubanks v Bangoura,100,2016-11-16 17:40:24.504,1.55,2016-11-16 17:44:00,
1.128281888,3506037,Horacio Zeballos,H Zeballos v Londero,0,2016-11-16 09:30:48.876,1.26,2016-11-16 18:30:00,
1.128281888,3506037,Horacio Zeballos,H Zeballos v Londero,10,2016-11-16 11:56:06.329,1.24,2016-11-16 18:30:00,
1.128281888,3506037,Horacio Zeballos,H Zeballos v Londero,20,2016-11-16 13:28:38.203,1.22,2016-11-16 18:30:00,
1.128281888,3506037,Horacio Zeballos,H Zeballos v Londero,30,2016-11-16 14:55:23.722,1.24,2016-11-16 18:30:00,
1.128281888,3506037,Horacio Zeballos,H Zeballos v Londero,40,2016-11-16 16:56:34.078,1.23,2016-11-16 18:30:00,
1.128281888,3506037,Horacio Zeballos,H Zeballos v Londero,50,2016-11-16 17:21:17.901,1.26,2016-11-16 18:30:00,
1.128281888,3506037,Horacio Zeballos,H Zeballos v Londero,60,2016-11-16 17:48:25.435,1.24,2016-11-16 18:30:00,
1.128281888,3506037,Horacio Zeballos,H Zeballos v Londero,70,2016-11-16 17:50:24.692,1.26,2016-11-16 18:30:00,
1.128281888,3506037,Horacio Zeballos,H Zeballos v Londero,80,2016-11-16 17:56:25.068,1.37,2016-11-16 18:30:00,
1.128281888,3506037,Horacio Zeballos,H Zeballos v Londero,90,2016-11-16 18:01:29.327,1.35,2016-11-16 18:30:00,
1.128281888,3506037,Horacio Zeballos,H Zeballos v Londero,100,2016-11-16 18:13:20.497,1.31,2016-11-16 18:30:00,
1.128282327,3622149,Stefanie Voegele,Voegele v Hesse,0,2016-11-16 15:09:10.388,1.63,2016-11-17 12:00:00,
1.128282327,3622149,Stefanie Voegele,Voegele v Hesse,10,2016-11-17 05:52:56.726,1.64,2016-11-17 13:00:00,
1.128282327,3622149,Stefanie Voegele,Voegele v Hesse,20,2016-11-17 08:21:22.769,1.6,2016-11-17 13:00:00,
1.128282327,3622149,Stefanie Voegele,Voegele v Hesse,30,2016-11-17 09:36:03.913,1.63,2016-11-17 12:48:00,
1.128282327,3622149,Stefanie Voegele,Voegele v Hesse,40,2016-11-17 10:51:29.976,1.57,2016-11-17 13:03:00,
1.128282327,3622149,Stefanie Voegele,Voegele v Hesse,50,2016-11-17 11:17:21.643,1.59,2016-11-17 13:18:00,
1.128282327,3622149,Stefanie Voegele,Voegele v Hesse,60,2016-11-17 11:41:37.031,1.57,2016-11-17 13:23:00,
1.128282327,3622149,Stefanie Voegele,Voegele v Hesse,70,2016-11-17 11:57:34.050,1.54,2016-11-17 13:23:00,
1.128282327,3622149,Stefanie Voegele,Voegele v Hesse,80,2016-11-17 13:00:38.824,1.54,2016-11-17 13:23:00,
1.128282327,3622149,Stefanie Voegele,Voegele v Hesse,90,2016-11-17 13:41:30.950,1.53,2016-11-17 13:53:00,
1.128282327,3622149,Stefanie Voegele,Voegele v Hesse,100,2016-11-17 14:20:21.864,1.51,2016-11-17 14:23:00,
1.128282327,7289620,Amandine Hesse,Voegele v Hesse,0,2016-11-17 07:59:30.908,2.52,2016-11-17 13:00:00,
1.128282327,7289620,Amandine Hesse,Voegele v Hesse,10,2016-11-17 08:21:22.769,2.64,2016-11-17 13:00:00,
1.128282327,7289620,Amandine Hesse,Voegele v Hesse,20,2016-11-17 10:49:21.438,2.74,2016-11-17 12:48:00,
1.128282327,7289620,Amandine Hesse,Voegele v Hesse,30,2016-11-17 11:11:32.092,2.8,2016-11-17 13:18:00,
1.128282327,7289620,Amandine Hesse,Voegele v Hesse,40,2016-11-17 11:22:32.885,2.78,2016-11-17 13:25:00,
1.128282327,7289620,Amandine Hesse,Voegele v Hesse,50,2016-11-17 11:29:38.058,2.82,2016-11-17 13:23:00,
1.128282327,7289620,Amandine Hesse,Voegele v Hesse,60,2016-11-17 11:31:37.395,2.84,2016-11-17 13:23:00,
1.128282327,7289620,Amandine Hesse,Voegele v Hesse,70,2016-11-17 11:46:31.149,2.84,2016-11-17 13:23:00,
1.128282327,7289620,Amandine Hesse,Voegele v Hesse,80,2016-11-17 12:08:27.810,2.8,2016-11-17 13:23:00,
1.128282327,7289620,Amandine Hesse,Voegele v Hesse,90,2016-11-17 13:18:36.452,2.78,2016-11-17 13:23:00,
1.128282327,7289620,Amandine Hesse,Voegele v Hesse,100,2016-11-17 13:45:35.512,2.88,2016-11-17 13:53:00,
1.128282567,3677221,Caio Zampieri,Zampieri v Cervantes,0,2016-11-17 16:25:41.202,4.1,2016-11-17 20:30:00,
1.128282567,3677221,Caio Zampieri,Zampieri v Cervantes,10,2016-11-17 18:33:25.125,4.5,2016-11-17 20:30:00,
1.128282567,3677221,Caio Zampieri,Zampieri v Cervantes,20,2016-11-17 19:51:33.542,4.3,2016-11-17 20:30:00,
1.128282567,3677221,Caio Zampieri,Zampieri v Cervantes,30,2016-11-17 19:52:31.554,4.9,2016-11-17 20:30:00,
1.128282567,3677221,Caio Zampieri,Zampieri v Cervantes,40,2016-11-17 19:53:36.493,4.3,2016-11-17 20:30:00,
1.128282567,3677221,Caio Zampieri,Zampieri v Cervantes,50,2016-11-17 19:54:30.320,5.0,2016-11-17 20:30:00,
1.128282567,3677221,Caio Zampieri,Zampieri v Cervantes,60,2016-11-17 20:14:35.669,4.3,2016-11-17 20:30:00,
1.128282567,3677221,Caio Zampieri,Zampieri v Cervantes,70,2016-11-17 20:16:20.989,4.9,2016-11-17 20:30:00,
1.128282567,3677221,Caio Zampieri,Zampieri v Cervantes,80,2016-11-17 20:20:31.988,4.3,2016-11-17 20:30:00,
1.128282567,3677221,Caio Zampieri,Zampieri v Cervantes,90,2016-11-17 20:31:31.912,4.3,2016-11-17 20:45:00,
1.128282567,3677221,Caio Zampieri,Zampieri v Cervantes,100,2016-11-17 20:34:35.582,4.4,2016-11-17 20:45:00,
1.128282567,6297238,Inigo Cervantes,Zampieri v Cervantes,0,2016-11-16 08:17:54.316,1.38,2016-11-17 12:00:00,
1.128282567,6297238,Inigo Cervantes,Zampieri v Cervantes,10,2016-11-17 12:26:33.277,1.31,2016-11-17 20:30:00,
1.128282567,6297238,Inigo Cervantes,Zampieri v Cervantes,20,2016-11-17 18:18:34.009,1.33,2016-11-17 20:30:00,
1.128282567,6297238,Inigo Cervantes,Zampieri v Cervantes,30,2016-11-17 18:32:35.055,1.3,2016-11-17 20:30:00,
1.128282567,6297238,Inigo Cervantes,Zampieri v Cervantes,40,2016-11-17 19:15:34.059,1.27,2016-11-17 20:30:00,
1.128282567,6297238,Inigo Cervantes,Zampieri v Cervantes,50,2016-11-17 19:53:36.493,1.3,2016-11-17 20:30:00,
1.128282567,6297238,Inigo Cervantes,Zampieri v Cervantes,60,2016-11-17 20:14:35.669,1.3,2016-11-17 20:30:00,
1.128282567,6297238,Inigo Cervantes,Zampieri v Cervantes,70,2016-11-17 20:18:28.837,1.26,2016-11-17 20:30:00,
1.128282567,6297238,Inigo Cervantes,Zampieri v Cervantes,80,2016-11-17 20:22:35.562,1.3,2016-11-17 20:30:00,
1.128282567,6297238,Inigo Cervantes,Zampieri v Cervantes,90,2016-11-17 20:28:36.211,1.3,2016-11-17 20:30:00,
1.128282567,6297238,Inigo Cervantes,Zampieri v Cervantes,100,2016-11-17 20:34:35.582,1.27,2016-11-17 20:45:00,
1.128282629,1502771,Bryan/Bryan,Bryan/Bryan v Huey/Mirnyi,0,2016-11-16 14:53:38.552,1.35,2016-11-17 12:00:00,
1.128282629,1502771,Bryan/Bryan,Bryan/Bryan v Huey/Mirnyi,10,2016-11-17 03:28:52.092,1.35,2016-11-17 12:00:00,
1.128282629,1502771,Bryan/Bryan,Bryan/Bryan v Huey/Mirnyi,20,2016-11-17 06:55:21.836,1.35,2016-11-17 12:00:00,
1.128282629,1502771,Bryan/Bryan,Bryan/Bryan v Huey/Mirnyi,30,2016-11-17 07:52:29.627,1.36,2016-11-17 12:00:00,
1.128282629,1502771,Bryan/Bryan,Bryan/Bryan v Huey/Mirnyi,40,2016-11-17 08:37:14.198,1.36,2016-11-17 12:00:00,
1.128282629,1502771,Bryan/Bryan,Bryan/Bryan v Huey/Mirnyi,50,2016-11-17 09:00:22.204,1.36,2016-11-17 12:00:00,
1.128282629,1502771,Bryan/Bryan,Bryan/Bryan v Huey/Mirnyi,60,2016-11-17 09:25:30.962,1.37,2016-11-17 12:00:00,
1.128282629,1502771,Bryan/Bryan,Bryan/Bryan v Huey/Mirnyi,70,2016-11-17 10:13:54.502,1.37,2016-11-17 12:00:00,
1.128282629,1502771,Bryan/Bryan,Bryan/Bryan v Huey/Mirnyi,80,2016-11-17 10:59:44.679,1.36,2016-11-17 12:00:00,
1.128282629,1502771,Bryan/Bryan,Bryan/Bryan v Huey/Mirnyi,90,2016-11-17 11:25:33.174,1.33,2016-11-17 12:00:00,
1.128282629,1502771,Bryan/Bryan,Bryan/Bryan v Huey/Mirnyi,100,2016-11-17 11:35:59.146,1.36,2016-11-17 12:00:00,
1.128282629,10704370,Huey/Mirnyi,Bryan/Bryan v Huey/Mirnyi,0,2016-11-16 14:53:38.552,3.9,2016-11-17 12:00:00,
1.128282629,10704370,Huey/Mirnyi,Bryan/Bryan v Huey/Mirnyi,10,2016-11-17 06:55:21.836,3.9,2016-11-17 12:00:00,
1.128282629,10704370,Huey/Mirnyi,Bryan/Bryan v Huey/Mirnyi,20,2016-11-17 08:26:27.712,3.7,2016-11-17 12:00:00,
1.128282629,10704370,Huey/Mirnyi,Bryan/Bryan v Huey/Mirnyi,30,2016-11-17 09:13:15.291,3.8,2016-11-17 12:00:00,
1.128282629,10704370,Huey/Mirnyi,Bryan/Bryan v Huey/Mirnyi,40,2016-11-17 09:21:25.060,3.9,2016-11-17 12:00:00,
1.128282629,10704370,Huey/Mirnyi,Bryan/Bryan v Huey/Mirnyi,50,2016-11-17 10:15:23.965,3.8,2016-11-17 12:00:00,
1.128282629,10704370,Huey/Mirnyi,Bryan/Bryan v Huey/Mirnyi,60,2016-11-17 10:48:17.459,3.8,2016-11-17 12:00:00,
1.128282629,10704370,Huey/Mirnyi,Bryan/Bryan v Huey/Mirnyi,70,2016-11-17 10:56:17.611,3.85,2016-11-17 12:00:00,
1.128282629,10704370,Huey/Mirnyi,Bryan/Bryan v Huey/Mirnyi,80,2016-11-17 11:07:14.778,3.85,2016-11-17 12:00:00,
1.128282629,10704370,Huey/Mirnyi,Bryan/Bryan v Huey/Mirnyi,90,2016-11-17 11:25:33.174,4.1,2016-11-17 12:00:00,
1.128282629,10704370,Huey/Mirnyi,Bryan/Bryan v Huey/Mirnyi,100,2016-11-17 11:35:28.710,3.95,2016-11-17 12:00:00,
1.128282634,2249229,Novak Djokovic,N Djokovic v Monfils,0,2016-11-15 23:24:19.754,1.21,2016-11-17 14:00:00,
1.128282634,2249229,Novak Djokovic,N Djokovic v Monfils,10,2016-11-15 23:35:53.279,1.19,2016-11-17 14:00:00,
1.128282634,2249229,Novak Djokovic,N Djokovic v Monfils,20,2016-11-16 04:44:08.694,1.21,2016-11-17 14:00:00,
1.128282634,2249229,Novak Djokovic,N Djokovic v Monfils,30,2016-11-16 04:45:06.983,1.19,2016-11-17 14:00:00,
1.128282634,2249229,Novak Djokovic,N Djokovic v Monfils,40,2016-11-16 10:36:30.941,1.17,2016-11-17 14:00:00,
1.128282634,2249229,Novak Djokovic,N Djokovic v Monfils,50,2016-11-16 12:51:38.457,1.16,2016-11-17 14:00:00,
1.128282634,2249229,Novak Djokovic,N Djokovic v Monfils,60,2016-11-16 12:53:08.515,1.17,2016-11-17 14:00:00,
1.128282634,2249229,Novak Djokovic,N Djokovic v Monfils,70,2016-11-16 14:59:33.479,1.17,2016-11-17 14:00:00,
1.128282634,2249229,Novak Djokovic,N Djokovic v Monfils,80,2016-11-16 16:57:52.109,1.16,2016-11-17 14:00:00,
1.128282634,2249229,Novak Djokovic,N Djokovic v Monfils,90,2016-11-16 20:03:40.206,1.17,2016-11-17 14:00:00,
1.128282634,2249229,Novak Djokovic,N Djokovic v Monfils,100,2016-11-16 20:17:22.523,1.17,2016-11-17 14:00:00,
1.128282688,4105819,Milos Raonic,Raonic v D Thiem,0,2016-11-16 00:29:26.250,1.42,2016-11-17 20:00:00,
1.128282688,4105819,Milos Raonic,Raonic v D Thiem,10,2016-11-16 18:18:19.375,1.4,2016-11-17 20:00:00,
1.128282688,4105819,Milos Raonic,Raonic v D Thiem,20,2016-11-17 03:59:30.014,1.38,2016-11-17 20:00:00,
1.128282688,4105819,Milos Raonic,Raonic v D Thiem,30,2016-11-17 08:22:17.474,1.39,2016-11-17 20:00:00,
1.128282688,4105819,Milos Raonic,Raonic v D Thiem,40,2016-11-17 11:09:12.686,1.37,2016-11-17 20:00:00,
1.128282688,4105819,Milos Raonic,Raonic v D Thiem,50,2016-11-17 13:58:46.237,1.36,2016-11-17 20:00:00,
1.128282688,4105819,Milos Raonic,Raonic v D Thiem,60,2016-11-17 15:41:38.495,1.36,2016-11-17 20:00:00,
1.128282688,4105819,Milos Raonic,Raonic v D Thiem,70,2016-11-17 16:35:26.447,1.37,2016-11-17 20:00:00,
1.128282688,4105819,Milos Raonic,Raonic v D Thiem,80,2016-11-17 18:20:43.170,1.35,2016-11-17 20:00:00,
1.128282688,4105819,Milos Raonic,Raonic v D Thiem,90,2016-11-17 18:53:41.447,1.34,2016-11-17 20:00:00,
1.128282688,4105819,Milos Raonic,Raonic v D Thiem,100,2016-11-17 19:33:40.786,1.33,2016-11-17 20:00:00,
1.128282688,5720747,Dominic Thiem,Raonic v D Thiem,0,2016-11-16 10:32:47.605,3.3,2016-11-17 20:00:00,
1.128282688,5720747,Dominic Thiem,Raonic v D Thiem,10,2016-11-16 22:48:28.108,3.55,2016-11-17 20:00:00,
1.128282688,5720747,Dominic Thiem,Raonic v D Thiem,20,2016-11-17 05:53:24.337,3.55,2016-11-17 20:00:00,
1.128282688,5720747,Dominic Thiem,Raonic v D Thiem,30,2016-11-17 09:22:15.071,3.6,2016-11-17 20:00:00,
1.128282688,5720747,Dominic Thiem,Raonic v D Thiem,40,2016-11-17 10:40:31.402,3.7,2016-11-17 20:00:00,
1.128282688,5720747,Dominic Thiem,Raonic v D Thiem,50,2016-11-17 14:22:28.190,3.75,2016-11-17 20:00:00,
1.128282688,5720747,Dominic Thiem,Raonic v D Thiem,60,2016-11-17 15:32:40.906,3.75,2016-11-17 20:00:00,
1.128282688,5720747,Dominic Thiem,Raonic v D Thiem,70,2016-11-17 16:15:03.882,3.7,2016-11-17 20:00:00,
1.128282688,5720747,Dominic Thiem,Raonic v D Thiem,80,2016-11-17 17:52:38.003,3.85,2016-11-17 20:00:00,
1.128282688,5720747,Dominic Thiem,Raonic v D Thiem,90,2016-11-17 18:43:30.949,3.9,2016-11-17 20:00:00,
1.128282688,5720747,Dominic Thiem,Raonic v D Thiem,100,2016-11-17 19:40:46.722,3.95,2016-11-17 20:00:00,
1.128282742,6195133,Dodig/Melo,Murray/Soares v Dodig/Melo,0,2016-11-16 14:10:45.923,2.54,2016-11-17 18:00:00,
1.128282742,6195133,Dodig/Melo,Murray/Soares v Dodig/Melo,10,2016-11-16 22:53:28.827,2.26,2016-11-17 18:00:00,
1.128282742,6195133,Dodig/Melo,Murray/Soares v Dodig/Melo,20,2016-11-17 13:50:47.019,2.78,2016-11-17 18:00:00,
1.128282742,6195133,Dodig/Melo,Murray/Soares v Dodig/Melo,30,2016-11-17 15:53:47.834,2.82,2016-11-17 18:00:00,
1.128282742,6195133,Dodig/Melo,Murray/Soares v Dodig/Melo,40,2016-11-17 16:02:50.022,2.82,2016-11-17 18:00:00,
1.128282742,6195133,Dodig/Melo,Murray/Soares v Dodig/Melo,50,2016-11-17 16:22:57.414,2.86,2016-11-17 18:00:00,
1.128282742,6195133,Dodig/Melo,Murray/Soares v Dodig/Melo,60,2016-11-17 16:31:25.896,2.88,2016-11-17 18:00:00,
1.128282742,6195133,Dodig/Melo,Murray/Soares v Dodig/Melo,70,2016-11-17 16:37:36.966,2.88,2016-11-17 18:00:00,
1.128282742,6195133,Dodig/Melo,Murray/Soares v Dodig/Melo,80,2016-11-17 16:52:58.044,2.94,2016-11-17 18:00:00,
1.128282742,6195133,Dodig/Melo,Murray/Soares v Dodig/Melo,90,2016-11-17 17:25:45.468,2.92,2016-11-17 18:00:00,
1.128282742,6195133,Dodig/Melo,Murray/Soares v Dodig/Melo,100,2016-11-17 17:41:45.738,3.05,2016-11-17 18:00:00,
1.128282742,10682718,Murray/Soares,Murray/Soares v Dodig/Melo,0,2016-11-16 04:26:54.579,1.54,2016-11-17 18:00:00,
1.128282742,10682718,Murray/Soares,Murray/Soares v Dodig/Melo,10,2016-11-17 05:58:55.962,1.63,2016-11-17 18:00:00,
1.128282742,10682718,Murray/Soares,Murray/Soares v Dodig/Melo,20,2016-11-17 10:17:28.400,1.59,2016-11-17 18:00:00,
1.128282742,10682718,Murray/Soares,Murray/Soares v Dodig/Melo,30,2016-11-17 12:52:24.087,1.62,2016-11-17 18:00:00,
1.128282742,10682718,Murray/Soares,Murray/Soares v Dodig/Melo,40,2016-11-17 14:58:31.894,1.56,2016-11-17 18:00:00,
1.128282742,10682718,Murray/Soares,Murray/Soares v Dodig/Melo,50,2016-11-17 15:51:17.027,1.56,2016-11-17 18:00:00,
1.128282742,10682718,Murray/Soares,Murray/Soares v Dodig/Melo,60,2016-11-17 16:21:58.628,1.52,2016-11-17 18:00:00,
1.128282742,10682718,Murray/Soares,Murray/Soares v Dodig/Melo,70,2016-11-17 16:42:49.971,1.52,2016-11-17 18:00:00,
1.128282742,10682718,Murray/Soares,Murray/Soares v Dodig/Melo,80,2016-11-17 16:59:31.442,1.53,2016-11-17 18:00:00,
1.128282742,10682718,Murray/Soares,Murray/Soares v Dodig/Melo,90,2016-11-17 17:32:58.614,1.49,2016-11-17 18:00:00,
1.128282742,10682718,Murray/Soares,Murray/Soares v Dodig/Melo,100,2016-11-17 17:43:49.357,1.48,2016-11-17 18:00:00,
1.128282811,2257310,Nicolas Almagro,Almagro v De Greef,0,2016-11-16 17:30:19.431,1.27,2016-11-17 12:00:00,
1.128282811,2257310,Nicolas Almagro,Almagro v De Greef,10,2016-11-17 09:14:43.036,1.32,2016-11-17 23:00:00,
1.128282811,2257310,Nicolas Almagro,Almagro v De Greef,20,2016-11-17 15:36:54.607,1.34,2016-11-17 23:00:00,
1.128282811,2257310,Nicolas Almagro,Almagro v De Greef,30,2016-11-17 18:14:28.458,1.4,2016-11-17 23:00:00,
1.128282811,2257310,Nicolas Almagro,Almagro v De Greef,40,2016-11-17 21:30:29.002,1.37,2016-11-17 23:00:00,
1.128282811,2257310,Nicolas Almagro,Almagro v De Greef,50,2016-11-17 21:51:29.922,1.36,2016-11-17 23:00:00,
1.128282811,2257310,Nicolas Almagro,Almagro v De Greef,60,2016-11-17 22:24:31.801,1.38,2016-11-17 23:00:00,
1.128282811,2257310,Nicolas Almagro,Almagro v De Greef,70,2016-11-17 22:32:20.342,1.36,2016-11-17 23:00:00,
1.128282811,2257310,Nicolas Almagro,Almagro v De Greef,80,2016-11-17 22:36:35.623,1.39,2016-11-17 23:00:00,
1.128282811,2257310,Nicolas Almagro,Almagro v De Greef,90,2016-11-17 22:43:35.208,1.32,2016-11-17 23:00:00,
1.128282811,2257310,Nicolas Almagro,Almagro v De Greef,100,2016-11-17 22:50:35.348,1.34,2016-11-17 23:00:00,
1.128283269,7415002,Stefan Kozlov,Mmoh v S Kozlov,0,2016-11-16 11:04:36.467,2.6,2016-11-16 18:00:00,
1.128283269,7415002,Stefan Kozlov,Mmoh v S Kozlov,10,2016-11-16 12:56:32.491,2.4,2016-11-16 18:00:00,
1.128283269,7415002,Stefan Kozlov,Mmoh v S Kozlov,20,2016-11-16 14:50:26.530,2.6,2016-11-16 18:00:00,
1.128283269,7415002,Stefan Kozlov,Mmoh v S Kozlov,30,2016-11-16 15:11:20.001,2.74,2016-11-16 18:00:00,
1.128283269,7415002,Stefan Kozlov,Mmoh v S Kozlov,40,2016-11-16 15:29:06.353,2.7,2016-11-16 18:00:00,
1.128283269,7415002,Stefan Kozlov,Mmoh v S Kozlov,50,2016-11-16 16:55:38.983,2.72,2016-11-16 17:48:00,
1.128283269,7415002,Stefan Kozlov,Mmoh v S Kozlov,60,2016-11-16 17:12:33.779,2.88,2016-11-16 17:48:00,
1.128283269,7415002,Stefan Kozlov,Mmoh v S Kozlov,70,2016-11-16 17:19:44.123,2.72,2016-11-16 17:48:00,
1.128283269,7415002,Stefan Kozlov,Mmoh v S Kozlov,80,2016-11-16 17:38:36.736,2.88,2016-11-16 17:48:00,
1.128283269,7415002,Stefan Kozlov,Mmoh v S Kozlov,90,2016-11-16 17:41:36.614,2.94,2016-11-16 17:48:00,
1.128283269,7415002,Stefan Kozlov,Mmoh v S Kozlov,100,2016-11-16 17:53:22.642,2.84,2016-11-16 18:03:00,
1.128283269,8798905,Michael Mmoh,Mmoh v S Kozlov,0,2016-11-16 11:04:36.467,1.62,2016-11-16 18:00:00,
1.128283269,8798905,Michael Mmoh,Mmoh v S Kozlov,10,2016-11-16 12:32:55.871,1.64,2016-11-16 18:00:00,
1.128283269,8798905,Michael Mmoh,Mmoh v S Kozlov,20,2016-11-16 12:56:32.491,1.68,2016-11-16 18:00:00,
1.128283269,8798905,Michael Mmoh,Mmoh v S Kozlov,30,2016-11-16 15:11:20.001,1.58,2016-11-16 18:00:00,
1.128283269,8798905,Michael Mmoh,Mmoh v S Kozlov,40,2016-11-16 16:16:01.158,1.53,2016-11-16 17:48:00,
1.128283269,8798905,Michael Mmoh,Mmoh v S Kozlov,50,2016-11-16 16:55:38.983,1.58,2016-11-16 17:48:00,
1.128283269,8798905,Michael Mmoh,Mmoh v S Kozlov,60,2016-11-16 17:06:41.784,1.54,2016-11-16 17:48:00,
1.128283269,8798905,Michael Mmoh,Mmoh v S Kozlov,70,2016-11-16 17:12:33.779,1.53,2016-11-16 17:48:00,
1.128283269,8798905,Michael Mmoh,Mmoh v S Kozlov,80,2016-11-16 17:47:41.426,1.51,2016-11-16 17:48:00,
1.128283269,8798905,Michael Mmoh,Mmoh v S Kozlov,90,2016-11-16 17:52:42.388,1.54,2016-11-16 18:03:00,
1.128283269,8798905,Michael Mmoh,Mmoh v S Kozlov,100,2016-11-16 18:03:43.230,1.54,2016-11-16 18:04:00,
1.128283555,7413423,Jared Donaldson,J Donaldson v R Shane,0,2016-11-16 08:03:25.171,1.21,2016-11-16 20:00:00,
1.128283555,7413423,Jared Donaldson,J Donaldson v R Shane,10,2016-11-16 08:53:32.315,1.29,2016-11-16 20:00:00,
1.128283555,7413423,Jared Donaldson,J Donaldson v R Shane,20,2016-11-16 09:09:09.893,1.12,2016-11-16 20:00:00,
1.128283555,7413423,Jared Donaldson,J Donaldson v R Shane,30,2016-11-16 15:51:50.040,1.2,2016-11-16 19:48:00,
1.128283555,7413423,Jared Donaldson,J Donaldson v R Shane,40,2016-11-16 16:51:24.650,1.29,2016-11-16 19:48:00,
1.128283555,7413423,Jared Donaldson,J Donaldson v R Shane,50,2016-11-16 17:49:19.682,1.28,2016-11-16 19:48:00,
1.128283555,7413423,Jared Donaldson,J Donaldson v R Shane,60,2016-11-16 17:56:58.103,1.31,2016-11-16 20:03:00,
1.128283555,7413423,Jared Donaldson,J Donaldson v R Shane,70,2016-11-16 18:15:17.494,1.22,2016-11-16 20:01:00,
1.128283555,7413423,Jared Donaldson,J Donaldson v R Shane,80,2016-11-16 18:33:19.269,1.29,2016-11-16 20:01:00,
1.128283555,7413423,Jared Donaldson,J Donaldson v R Shane,90,2016-11-16 19:57:36.259,1.19,2016-11-16 20:00:00,
1.128283555,7413423,Jared Donaldson,J Donaldson v R Shane,100,2016-11-16 19:59:30.944,1.2,2016-11-16 20:00:00,
1.128283608,6064287,James Duckworth,Kibi v Duckworth,0,2016-11-16 22:32:13.288,1.17,2016-11-17 02:00:00,
1.128283608,6064287,James Duckworth,Kibi v Duckworth,10,2016-11-16 22:40:13.890,1.13,2016-11-17 02:00:00,
1.128283608,6064287,James Duckworth,Kibi v Duckworth,20,2016-11-16 22:47:34.523,1.17,2016-11-17 02:00:00,
1.128283608,6064287,James Duckworth,Kibi v Duckworth,30,2016-11-17 00:46:44.479,1.2,2016-11-17 02:00:00,
1.128283608,6064287,James Duckworth,Kibi v Duckworth,40,2016-11-17 01:20:27.517,1.15,2016-11-17 02:00:00,
1.128283608,6064287,James Duckworth,Kibi v Duckworth,50,2016-11-17 01:21:33.322,1.14,2016-11-17 02:00:00,
1.128283608,6064287,James Duckworth,Kibi v Duckworth,60,2016-11-17 01:34:26.207,1.16,2016-11-17 02:00:00,
1.128283608,6064287,James Duckworth,Kibi v Duckworth,70,2016-11-17 01:46:20.674,1.15,2016-11-17 02:00:00,
1.128283608,6064287,James Duckworth,Kibi v Duckworth,80,2016-11-17 01:50:09.248,1.14,2016-11-17 02:00:00,
1.128283608,6064287,James Duckworth,Kibi v Duckworth,90,2016-11-17 01:55:26.664,1.13,2016-11-17 02:00:00,
1.128283608,6064287,James Duckworth,Kibi v Duckworth,100,2016-11-17 01:59:23.516,1.19,2016-11-17 02:00:00,
1.128283951,5548385,Alison Van Uytvanck,Maria v Van Uytvanck,0,2016-11-16 20:04:15.303,1.68,2016-11-17 10:15:00,
1.128283951,5548385,Alison Van Uytvanck,Maria v Van Uytvanck,10,2016-11-17 06:51:11.788,1.66,2016-11-17 10:15:00,
1.128283951,5548385,Alison Van Uytvanck,Maria v Van Uytvanck,20,2016-11-17 07:50:33.208,1.63,2016-11-17 10:15:00,
1.128283951,5548385,Alison Van Uytvanck,Maria v Van Uytvanck,30,2016-11-17 08:03:32.574,1.61,2016-11-17 10:15:00,
1.128283951,5548385,Alison Van Uytvanck,Maria v Van Uytvanck,40,2016-11-17 08:16:33.834,1.61,2016-11-17 10:15:00,
1.128283951,5548385,Alison Van Uytvanck,Maria v Van Uytvanck,50,2016-11-17 08:37:31.668,1.59,2016-11-17 10:15:00,
1.128283951,5548385,Alison Van Uytvanck,Maria v Van Uytvanck,60,2016-11-17 08:39:31.113,1.59,2016-11-17 10:15:00,
1.128283951,5548385,Alison Van Uytvanck,Maria v Van Uytvanck,70,2016-11-17 08:54:32.132,1.59,2016-11-17 10:15:00,
1.128283951,5548385,Alison Van Uytvanck,Maria v Van Uytvanck,80,2016-11-17 09:37:29.766,1.58,2016-11-17 10:15:00,
1.128283951,5548385,Alison Van Uytvanck,Maria v Van Uytvanck,90,2016-11-17 09:49:32.475,1.56,2016-11-17 10:15:00,
1.128283951,5548385,Alison Van Uytvanck,Maria v Van Uytvanck,100,2016-11-17 10:14:32.952,1.55,2016-11-17 10:15:00,
1.128283951,7299657,Tatjana Maria,Maria v Van Uytvanck,0,2016-11-16 23:01:16.674,2.64,2016-11-17 10:15:00,
1.128283951,7299657,Tatjana Maria,Maria v Van Uytvanck,10,2016-11-17 03:00:32.182,2.52,2016-11-17 10:15:00,
1.128283951,7299657,Tatjana Maria,Maria v Van Uytvanck,20,2016-11-17 06:35:06.162,2.64,2016-11-17 10:15:00,
1.128283951,7299657,Tatjana Maria,Maria v Van Uytvanck,30,2016-11-17 07:04:10.560,2.52,2016-11-17 10:15:00,
1.128283951,7299657,Tatjana Maria,Maria v Van Uytvanck,40,2016-11-17 08:15:13.079,2.66,2016-11-17 10:15:00,
1.128283951,7299657,Tatjana Maria,Maria v Van Uytvanck,50,2016-11-17 08:37:31.668,2.68,2016-11-17 10:15:00,
1.128283951,7299657,Tatjana Maria,Maria v Van Uytvanck,60,2016-11-17 09:02:31.255,2.62,2016-11-17 10:15:00,
1.128283951,7299657,Tatjana Maria,Maria v Van Uytvanck,70,2016-11-17 09:37:29.766,2.7,2016-11-17 10:15:00,
1.128283951,7299657,Tatjana Maria,Maria v Van Uytvanck,80,2016-11-17 09:46:32.078,2.72,2016-11-17 10:15:00,
1.128283951,7299657,Tatjana Maria,Maria v Van Uytvanck,90,2016-11-17 09:49:32.475,2.7,2016-11-17 10:15:00,
1.128283951,7299657,Tatjana Maria,Maria v Van Uytvanck,100,2016-11-17 10:06:30.687,2.74,2016-11-17 10:15:00,
1.128283955,2250859,Marina Erakovic,Kudermetova v Erakovic,0,2016-11-16 19:49:35.811,1.55,2016-11-17 06:00:00,
1.128283955,2250859,Marina Erakovic,Kudermetova v Erakovic,10,2016-11-16 21:19:44.071,1.57,2016-11-17 06:00:00,
1.128283955,2250859,Marina Erakovic,Kudermetova v Erakovic,20,2016-11-17 00:54:34.816,1.57,2016-11-17 06:00:00,
1.128283955,2250859,Marina Erakovic,Kudermetova v Erakovic,30,2016-11-17 04:01:26.861,1.62,2016-11-17 06:00:00,
1.128283955,2250859,Marina Erakovic,Kudermetova v Erakovic,40,2016-11-17 04:31:11.436,1.59,2016-11-17 06:00:00,
1.128283955,2250859,Marina Erakovic,Kudermetova v Erakovic,50,2016-11-17 04:42:35.887,1.62,2016-11-17 06:00:00,
1.128283955,2250859,Marina Erakovic,Kudermetova v Erakovic,60,2016-11-17 04:45:34.846,1.63,2016-11-17 06:00:00,
1.128283955,2250859,Marina Erakovic,Kudermetova v Erakovic,70,2016-11-17 05:28:46.836,1.59,2016-11-17 06:00:00,
1.128283955,2250859,Marina Erakovic,Kudermetova v Erakovic,80,2016-11-17 05:35:35.620,1.59,2016-11-17 06:00:00,
1.128283955,2250859,Marina Erakovic,Kudermetova v Erakovic,90,2016-11-17 05:48:23.882,1.62,2016-11-17 06:00:00,
1.128283955,2250859,Marina Erakovic,Kudermetova v Erakovic,100,2016-11-17 05:54:32.533,1.58,2016-11-17 06:00:00,
1.128283955,8279497,Veronika Kudermetova,Kudermetova v Erakovic,0,2016-11-16 15:17:35.869,2.58,2016-11-17 06:00:00,
1.128283955,8279497,Veronika Kudermetova,Kudermetova v Erakovic,10,2016-11-16 19:50:11.558,2.82,2016-11-17 06:00:00,
1.128283955,8279497,Veronika Kudermetova,Kudermetova v Erakovic,20,2016-11-16 21:19:44.071,2.76,2016-11-17 06:00:00,
1.128283955,8279497,Veronika Kudermetova,Kudermetova v Erakovic,30,2016-11-17 00:50:33.709,2.82,2016-11-17 06:00:00,
1.128283955,8279497,Veronika Kudermetova,Kudermetova v Erakovic,40,2016-11-17 00:54:34.816,2.76,2016-11-17 06:00:00,
1.128283955,8279497,Veronika Kudermetova,Kudermetova v Erakovic,50,2016-11-17 04:01:26.861,2.6,2016-11-17 06:00:00,
1.128283955,8279497,Veronika Kudermetova,Kudermetova v Erakovic,60,2016-11-17 04:38:31.014,2.62,2016-11-17 06:00:00,
1.128283955,8279497,Veronika Kudermetova,Kudermetova v Erakovic,70,2016-11-17 04:39:35.707,2.6,2016-11-17 06:00:00,
1.128283955,8279497,Veronika Kudermetova,Kudermetova v Erakovic,80,2016-11-17 05:34:34.389,2.64,2016-11-17 06:00:00,
1.128283955,8279497,Veronika Kudermetova,Kudermetova v Erakovic,90,2016-11-17 05:35:35.620,2.62,2016-11-17 06:00:00,
1.128283955,8279497,Veronika Kudermetova,Kudermetova v Erakovic,100,2016-11-17 05:45:23.520,2.68,2016-11-17 06:00:00,
1.128284068,3374118,Tatsuma Ito,T Ito v Shyla,0,2016-11-16 20:51:33.828,1.32,2016-11-17 12:00:00,
1.128284068,3374118,Tatsuma Ito,T Ito v Shyla,10,2016-11-16 20:51:43.340,1.31,2016-11-17 12:00:00,
1.128284068,3374118,Tatsuma Ito,T Ito v Shyla,20,2016-11-17 09:14:43.038,1.35,2016-11-18 05:00:00,
1.128284068,3374118,Tatsuma Ito,T Ito v Shyla,30,2016-11-17 15:12:14.303,1.4,2016-11-18 05:00:00,
1.128284068,3374118,Tatsuma Ito,T Ito v Shyla,40,2016-11-17 21:35:25.487,1.4,2016-11-18 05:00:00,
1.128284068,3374118,Tatsuma Ito,T Ito v Shyla,50,2016-11-17 21:58:28.924,1.4,2016-11-18 05:00:00,
1.128284068,3374118,Tatsuma Ito,T Ito v Shyla,60,2016-11-17 22:32:13.457,1.35,2016-11-18 05:00:00,
1.128284068,3374118,Tatsuma Ito,T Ito v Shyla,70,2016-11-17 23:19:13.658,1.34,2016-11-18 05:00:00,
1.128284068,3374118,Tatsuma Ito,T Ito v Shyla,80,2016-11-18 03:11:25.900,1.46,2016-11-18 05:00:00,
1.128284068,3374118,Tatsuma Ito,T Ito v Shyla,90,2016-11-18 05:34:34.240,1.43,2016-11-18 05:45:00,
1.128284068,3374118,Tatsuma Ito,T Ito v Shyla,100,2016-11-18 06:14:27.840,1.42,2016-11-18 06:15:00,
1.128284068,8520676,Yaraslav Shyla,T Ito v Shyla,0,2016-11-16 20:51:33.828,4.1,2016-11-17 12:00:00,
1.128284068,8520676,Yaraslav Shyla,T Ito v Shyla,10,2016-11-16 21:42:59.810,3.6,2016-11-17 12:00:00,
1.128284068,8520676,Yaraslav Shyla,T Ito v Shyla,20,2016-11-17 15:12:14.303,3.5,2016-11-18 05:00:00,
1.128284068,8520676,Yaraslav Shyla,T Ito v Shyla,30,2016-11-17 22:30:50.868,3.2,2016-11-18 05:00:00,
1.128284068,8520676,Yaraslav Shyla,T Ito v Shyla,40,2016-11-17 22:55:20.250,3.85,2016-11-18 05:00:00,
1.128284068,8520676,Yaraslav Shyla,T Ito v Shyla,50,2016-11-17 23:11:32.309,3.6,2016-11-18 05:00:00,
1.128284068,8520676,Yaraslav Shyla,T Ito v Shyla,60,2016-11-18 01:12:21.789,3.05,2016-11-18 05:00:00,
1.128284068,8520676,Yaraslav Shyla,T Ito v Shyla,70,2016-11-18 01:14:33.683,2.9,2016-11-18 05:00:00,
1.128284068,8520676,Yaraslav Shyla,T Ito v Shyla,80,2016-11-18 01:15:03.732,3.2,2016-11-18 05:00:00,
1.128284068,8520676,Yaraslav Shyla,T Ito v Shyla,90,2016-11-18 01:48:33.712,2.86,2016-11-18 05:00:00,
1.128284068,8520676,Yaraslav Shyla,T Ito v Shyla,100,2016-11-18 04:18:36.711,3.1,2016-11-18 05:00:00,
1.128284187,6965426,Luke Saville,Saville v Y Lim,0,2016-11-17 13:57:24.203,1.88,2016-11-18 03:30:00,
1.128284187,6965426,Luke Saville,Saville v Y Lim,10,2016-11-17 20:09:28.568,1.8,2016-11-18 03:30:00,
1.128284187,6965426,Luke Saville,Saville v Y Lim,20,2016-11-17 23:19:15.000,1.81,2016-11-18 03:30:00,
1.128284187,6965426,Luke Saville,Saville v Y Lim,30,2016-11-17 23:57:44.487,1.89,2016-11-18 03:30:00,
1.128284187,6965426,Luke Saville,Saville v Y Lim,40,2016-11-18 00:56:55.673,1.88,2016-11-18 03:30:00,
1.128284187,6965426,Luke Saville,Saville v Y Lim,50,2016-11-18 02:31:23.678,1.79,2016-11-18 03:30:00,
1.128284187,6965426,Luke Saville,Saville v Y Lim,60,2016-11-18 02:55:28.177,1.8,2016-11-18 03:30:00,
1.128284187,6965426,Luke Saville,Saville v Y Lim,70,2016-11-18 03:01:14.738,1.79,2016-11-18 03:30:00,
1.128284187,6965426,Luke Saville,Saville v Y Lim,80,2016-11-18 03:09:32.208,1.85,2016-11-18 03:30:00,
1.128284187,6965426,Luke Saville,Saville v Y Lim,90,2016-11-18 03:11:26.685,2.04,2016-11-18 03:30:00,
1.128284187,6965426,Luke Saville,Saville v Y Lim,100,2016-11-18 03:40:28.530,2.06,2016-11-18 03:45:00,
1.128284187,8506204,Yong-Kyu Lim,Saville v Y Lim,0,2016-11-17 13:57:24.203,2.14,2016-11-18 03:30:00,
1.128284187,8506204,Yong-Kyu Lim,Saville v Y Lim,10,2016-11-17 22:44:49.573,2.04,2016-11-18 03:30:00,
1.128284187,8506204,Yong-Kyu Lim,Saville v Y Lim,20,2016-11-17 23:56:55.959,2.14,2016-11-18 03:30:00,
1.128284187,8506204,Yong-Kyu Lim,Saville v Y Lim,30,2016-11-17 23:57:44.487,2.12,2016-11-18 03:30:00,
1.128284187,8506204,Yong-Kyu Lim,Saville v Y Lim,40,2016-11-18 02:31:23.678,2.26,2016-11-18 03:30:00,
1.128284187,8506204,Yong-Kyu Lim,Saville v Y Lim,50,2016-11-18 02:58:24.116,2.28,2016-11-18 03:30:00,
1.128284187,8506204,Yong-Kyu Lim,Saville v Y Lim,60,2016-11-18 02:59:32.638,2.26,2016-11-18 03:30:00,
1.128284187,8506204,Yong-Kyu Lim,Saville v Y Lim,70,2016-11-18 03:09:32.208,2.16,2016-11-18 03:30:00,
1.128284187,8506204,Yong-Kyu Lim,Saville v Y Lim,80,2016-11-18 03:11:26.685,1.95,2016-11-18 03:30:00,
1.128284187,8506204,Yong-Kyu Lim,Saville v Y Lim,90,2016-11-18 03:12:32.522,1.93,2016-11-18 03:30:00,
1.128284187,8506204,Yong-Kyu Lim,Saville v Y Lim,100,2016-11-18 03:40:28.530,1.93,2016-11-18 03:45:00,
1.12828922,2263634,Lukas Lacko,Lacko v M Berrettini,0,2016-11-16 22:17:23.451,1.26,2016-11-17 18:00:00,
1.12828922,2263634,Lukas Lacko,Lacko v M Berrettini,10,2016-11-17 09:14:42.833,1.29,2016-11-17 18:00:00,
1.12828922,2263634,Lukas Lacko,Lacko v M Berrettini,20,2016-11-17 09:23:14.945,1.35,2016-11-17 18:00:00,
1.12828922,2263634,Lukas Lacko,Lacko v M Berrettini,30,2016-11-17 12:29:28.841,1.33,2016-11-17 18:00:00,
1.12828922,2263634,Lukas Lacko,Lacko v M Berrettini,40,2016-11-17 15:11:08.374,1.31,2016-11-17 18:00:00,
1.12828922,2263634,Lukas Lacko,Lacko v M Berrettini,50,2016-11-17 16:17:05.496,1.31,2016-11-17 18:00:00,
1.12828922,2263634,Lukas Lacko,Lacko v M Berrettini,60,2016-11-17 16:54:42.394,1.31,2016-11-17 18:00:00,
1.12828922,2263634,Lukas Lacko,Lacko v M Berrettini,70,2016-11-17 17:34:27.970,1.26,2016-11-17 18:00:00,
1.12828922,2263634,Lukas Lacko,Lacko v M Berrettini,80,2016-11-17 17:48:34.414,1.27,2016-11-17 18:00:00,
1.12828922,2263634,Lukas Lacko,Lacko v M Berrettini,90,2016-11-17 17:59:10.073,1.27,2016-11-17 18:00:00,
1.12828922,2263634,Lukas Lacko,Lacko v M Berrettini,100,2016-11-17 18:25:23.432,1.27,2016-11-17 18:30:00,
1.128290238,2415575,Olga Govortsova,Govortsova v Diatchenko,0,2016-11-17 05:59:13.591,1.42,2016-11-18 12:00:00,
1.128290238,2415575,Olga Govortsova,Govortsova v Diatchenko,10,2016-11-17 18:48:08.740,1.43,2016-11-18 06:00:00,
1.128290238,2415575,Olga Govortsova,Govortsova v Diatchenko,20,2016-11-17 21:05:30.615,1.49,2016-11-18 06:00:00,
1.128290238,2415575,Olga Govortsova,Govortsova v Diatchenko,30,2016-11-17 22:59:32.115,1.51,2016-11-18 06:00:00,
1.128290238,2415575,Olga Govortsova,Govortsova v Diatchenko,40,2016-11-17 23:47:16.275,1.47,2016-11-18 06:00:00,
1.128290238,2415575,Olga Govortsova,Govortsova v Diatchenko,50,2016-11-18 00:59:24.841,1.52,2016-11-18 06:00:00,
1.128290238,2415575,Olga Govortsova,Govortsova v Diatchenko,60,2016-11-18 04:00:27.416,1.52,2016-11-18 06:00:00,
1.128290238,2415575,Olga Govortsova,Govortsova v Diatchenko,70,2016-11-18 05:47:32.559,1.52,2016-11-18 06:00:00,
1.128290238,2415575,Olga Govortsova,Govortsova v Diatchenko,80,2016-11-18 05:51:34.798,1.52,2016-11-18 06:00:00,
1.128290238,2415575,Olga Govortsova,Govortsova v Diatchenko,90,2016-11-18 05:58:36.698,1.52,2016-11-18 06:00:00,
1.128290238,2415575,Olga Govortsova,Govortsova v Diatchenko,100,2016-11-18 06:10:21.545,1.51,2016-11-18 06:15:00,
1.128290238,3674500,Vitalia Diatchenko,Govortsova v Diatchenko,0,2016-11-17 05:59:13.591,3.4,2016-11-18 12:00:00,
1.128290238,3674500,Vitalia Diatchenko,Govortsova v Diatchenko,10,2016-11-17 18:48:08.740,3.25,2016-11-18 06:00:00,
1.128290238,3674500,Vitalia Diatchenko,Govortsova v Diatchenko,20,2016-11-17 20:57:22.949,2.94,2016-11-18 06:00:00,
1.128290238,3674500,Vitalia Diatchenko,Govortsova v Diatchenko,30,2016-11-17 20:58:28.446,3.15,2016-11-18 06:00:00,
1.128290238,3674500,Vitalia Diatchenko,Govortsova v Diatchenko,40,2016-11-17 22:59:32.115,2.96,2016-11-18 06:00:00,
1.128290238,3674500,Vitalia Diatchenko,Govortsova v Diatchenko,50,2016-11-18 00:23:28.821,2.96,2016-11-18 06:00:00,
1.128290238,3674500,Vitalia Diatchenko,Govortsova v Diatchenko,60,2016-11-18 00:59:24.841,2.92,2016-11-18 06:00:00,
1.128290238,3674500,Vitalia Diatchenko,Govortsova v Diatchenko,70,2016-11-18 05:48:31.062,2.94,2016-11-18 06:00:00,
1.128290238,3674500,Vitalia Diatchenko,Govortsova v Diatchenko,80,2016-11-18 05:51:34.798,2.9,2016-11-18 06:00:00,
1.128290238,3674500,Vitalia Diatchenko,Govortsova v Diatchenko,90,2016-11-18 06:04:25.845,2.9,2016-11-18 06:15:00,
1.128290238,3674500,Vitalia Diatchenko,Govortsova v Diatchenko,100,2016-11-18 06:10:21.545,2.9,2016-11-18 06:15:00,
1.128290248,7797772,Egor Gerasimov,Jaloviec v Gerasimov,0,2016-11-16 21:50:16.190,1.49,2016-11-17 15:00:00,
1.128290248,7797772,Egor Gerasimov,Jaloviec v Gerasimov,10,2016-11-17 07:50:29.117,1.52,2016-11-17 15:00:00,
1.128290248,7797772,Egor Gerasimov,Jaloviec v Gerasimov,20,2016-11-17 09:14:42.625,1.42,2016-11-17 15:00:00,
1.128290248,7797772,Egor Gerasimov,Jaloviec v Gerasimov,30,2016-11-17 09:22:34.781,1.38,2016-11-17 15:00:00,
1.128290248,7797772,Egor Gerasimov,Jaloviec v Gerasimov,40,2016-11-17 12:32:03.937,1.39,2016-11-17 15:00:00,
1.128290248,7797772,Egor Gerasimov,Jaloviec v Gerasimov,50,2016-11-17 13:22:33.342,1.38,2016-11-17 14:53:00,
1.128290248,7797772,Egor Gerasimov,Jaloviec v Gerasimov,60,2016-11-17 13:35:32.632,1.37,2016-11-17 14:53:00,
1.128290248,7797772,Egor Gerasimov,Jaloviec v Gerasimov,70,2016-11-17 13:38:18.444,1.41,2016-11-17 14:53:00,
1.128290248,7797772,Egor Gerasimov,Jaloviec v Gerasimov,80,2016-11-17 13:55:23.692,1.37,2016-11-17 14:53:00,
1.128290248,7797772,Egor Gerasimov,Jaloviec v Gerasimov,90,2016-11-17 13:56:13.074,1.41,2016-11-17 14:53:00,
1.128290248,7797772,Egor Gerasimov,Jaloviec v Gerasimov,100,2016-11-17 14:20:30.748,1.34,2016-11-17 14:53:00,
1.128290336,4822914,Tara Moore,T Moore v Vekic,0,2016-11-16 19:43:08.665,2.74,2016-11-17 11:00:00,
1.128290336,4822914,Tara Moore,T Moore v Vekic,10,2016-11-17 03:01:26.415,2.92,2016-11-17 11:00:00,
1.128290336,4822914,Tara Moore,T Moore v Vekic,20,2016-11-17 07:34:17.113,2.88,2016-11-17 11:00:00,
1.128290336,4822914,Tara Moore,T Moore v Vekic,30,2016-11-17 08:05:06.349,2.76,2016-11-17 11:00:00,
1.128290336,4822914,Tara Moore,T Moore v Vekic,40,2016-11-17 08:21:37.471,2.74,2016-11-17 11:00:00,
1.128290336,4822914,Tara Moore,T Moore v Vekic,50,2016-11-17 08:56:22.618,2.74,2016-11-17 10:48:00,
1.128290336,4822914,Tara Moore,T Moore v Vekic,60,2016-11-17 09:16:29.774,2.68,2016-11-17 10:48:00,
1.128290336,4822914,Tara Moore,T Moore v Vekic,70,2016-11-17 10:44:26.654,2.76,2016-11-17 10:48:00,
1.128290336,4822914,Tara Moore,T Moore v Vekic,80,2016-11-17 10:54:34.047,2.76,2016-11-17 11:03:00,
1.128290336,4822914,Tara Moore,T Moore v Vekic,90,2016-11-17 11:12:41.262,2.88,2016-11-17 11:18:00,
1.128290336,4822914,Tara Moore,T Moore v Vekic,100,2016-11-17 11:17:41.288,2.8,2016-11-17 11:18:00,
1.128290336,6603944,Donna Vekic,T Moore v Vekic,0,2016-11-17 03:01:26.415,1.52,2016-11-17 11:00:00,
1.128290336,6603944,Donna Vekic,T Moore v Vekic,10,2016-11-17 05:35:01.093,1.52,2016-11-17 11:00:00,
1.128290336,6603944,Donna Vekic,T Moore v Vekic,20,2016-11-17 08:21:37.471,1.53,2016-11-17 11:00:00,
1.128290336,6603944,Donna Vekic,T Moore v Vekic,30,2016-11-17 08:51:47.988,1.55,2016-11-17 10:48:00,
1.128290336,6603944,Donna Vekic,T Moore v Vekic,40,2016-11-17 09:07:33.367,1.59,2016-11-17 10:48:00,
1.128290336,6603944,Donna Vekic,T Moore v Vekic,50,2016-11-17 09:17:39.508,1.56,2016-11-17 10:48:00,
1.128290336,6603944,Donna Vekic,T Moore v Vekic,60,2016-11-17 09:37:38.886,1.56,2016-11-17 10:48:00,
1.128290336,6603944,Donna Vekic,T Moore v Vekic,70,2016-11-17 10:19:33.178,1.61,2016-11-17 10:48:00,
1.128290336,6603944,Donna Vekic,T Moore v Vekic,80,2016-11-17 10:57:30.195,1.59,2016-11-17 11:03:00,
1.128290336,6603944,Donna Vekic,T Moore v Vekic,90,2016-11-17 11:15:39.717,1.56,2016-11-17 11:18:00,
1.128290336,6603944,Donna Vekic,T Moore v Vekic,100,2016-11-17 11:24:34.677,1.54,2016-11-17 11:25:00,
1.128293941,3186303,Leonardo Mayer,L Mayer v Grigelis,0,2016-11-17 12:30:07.151,1.33,2016-11-17 19:30:00,
1.128293941,3186303,Leonardo Mayer,L Mayer v Grigelis,10,2016-11-17 16:09:55.853,1.3,2016-11-17 19:30:00,
1.128293941,3186303,Leonardo Mayer,L Mayer v Grigelis,20,2016-11-17 19:14:21.374,1.35,2016-11-17 19:30:00,
1.128293941,3186303,Leonardo Mayer,L Mayer v Grigelis,30,2016-11-17 19:31:08.055,1.35,2016-11-17 19:45:00,
1.128293941,3186303,Leonardo Mayer,L Mayer v Grigelis,40,2016-11-17 19:41:30.756,1.35,2016-11-17 19:45:00,
1.128293941,3186303,Leonardo Mayer,L Mayer v Grigelis,50,2016-11-17 19:46:21.503,1.33,2016-11-17 20:00:00,
1.128293941,3186303,Leonardo Mayer,L Mayer v Grigelis,60,2016-11-17 20:01:25.811,1.31,2016-11-17 20:15:00,
1.128293941,3186303,Leonardo Mayer,L Mayer v Grigelis,70,2016-11-17 20:10:11.060,1.33,2016-11-17 20:15:00,
1.128293941,3186303,Leonardo Mayer,L Mayer v Grigelis,80,2016-11-17 20:28:29.357,1.29,2016-11-17 20:30:00,
1.128293941,3186303,Leonardo Mayer,L Mayer v Grigelis,90,2016-11-17 20:36:25.855,1.37,2016-11-17 20:45:00,
1.128293941,3186303,Leonardo Mayer,L Mayer v Grigelis,100,2016-11-17 20:58:31.630,1.35,2016-11-17 21:00:00,
1.12829404,8230256,Marcos Giron,Opelka v Giron,0,2016-11-16 22:48:16.420,3.9,2016-11-17 00:00:00,
1.12829404,8230256,Marcos Giron,Opelka v Giron,10,2016-11-16 22:49:17.984,4.0,2016-11-17 00:00:00,
1.12829404,8230256,Marcos Giron,Opelka v Giron,20,2016-11-16 22:51:18.167,3.9,2016-11-17 00:00:00,
1.12829404,8230256,Marcos Giron,Opelka v Giron,30,2016-11-16 22:56:20.272,4.1,2016-11-17 00:00:00,
1.12829404,8230256,Marcos Giron,Opelka v Giron,40,2016-11-16 22:58:13.351,4.4,2016-11-17 00:00:00,
1.12829404,8230256,Marcos Giron,Opelka v Giron,50,2016-11-16 23:02:20.099,4.3,2016-11-17 00:00:00,
1.12829404,8230256,Marcos Giron,Opelka v Giron,60,2016-11-16 23:03:17.459,4.4,2016-11-17 00:00:00,
1.12829404,8230256,Marcos Giron,Opelka v Giron,70,2016-11-16 23:07:12.847,3.95,2016-11-17 00:00:00,
1.12829404,8230256,Marcos Giron,Opelka v Giron,80,2016-11-16 23:08:20.301,3.7,2016-11-17 00:00:00,
1.12829404,8230256,Marcos Giron,Opelka v Giron,90,2016-11-16 23:09:18.062,3.8,2016-11-17 00:00:00,
1.12829404,8230256,Marcos Giron,Opelka v Giron,100,2016-11-16 23:46:19.528,4.6,2016-11-17 00:00:00,
1.12829404,8859317,Opelka,Opelka v Giron,0,2016-11-16 22:38:51.499,1.27,2016-11-17 00:00:00,
1.12829404,8859317,Opelka,Opelka v Giron,10,2016-11-16 22:44:13.949,1.29,2016-11-17 00:00:00,
1.12829404,8859317,Opelka,Opelka v Giron,20,2016-11-16 22:47:03.782,1.36,2016-11-17 00:00:00,
1.12829404,8859317,Opelka,Opelka v Giron,30,2016-11-16 22:50:15.079,1.33,2016-11-17 00:00:00,
1.12829404,8859317,Opelka,Opelka v Giron,40,2016-11-16 22:55:19.196,1.31,2016-11-17 00:00:00,
1.12829404,8859317,Opelka,Opelka v Giron,50,2016-11-16 23:00:19.699,1.29,2016-11-17 00:00:00,
1.12829404,8859317,Opelka,Opelka v Giron,60,2016-11-16 23:04:16.575,1.28,2016-11-17 00:00:00,
1.12829404,8859317,Opelka,Opelka v Giron,70,2016-11-16 23:07:12.847,1.3,2016-11-17 00:00:00,
1.12829404,8859317,Opelka,Opelka v Giron,80,2016-11-16 23:14:17.246,1.3,2016-11-17 00:00:00,
1.12829404,8859317,Opelka,Opelka v Giron,90,2016-11-16 23:16:18.574,1.27,2016-11-17 00:00:00,
1.12829404,8859317,Opelka,Opelka v Giron,100,2016-11-16 23:38:53.094,1.27,2016-11-17 00:00:00,
1.128294298,2415530,Evgeniya Rodina,Rodina v Barty,0,2016-11-17 13:22:58.933,2.36,2016-11-18 07:30:00,
1.128294298,2415530,Evgeniya Rodina,Rodina v Barty,10,2016-11-17 14:49:22.242,2.4,2016-11-18 07:30:00,
1.128294298,2415530,Evgeniya Rodina,Rodina v Barty,20,2016-11-18 00:04:33.651,2.42,2016-11-18 07:30:00,
1.128294298,2415530,Evgeniya Rodina,Rodina v Barty,30,2016-11-18 03:17:31.309,2.3,2016-11-18 07:30:00,
1.128294298,2415530,Evgeniya Rodina,Rodina v Barty,40,2016-11-18 05:30:34.994,2.38,2016-11-18 07:30:00,
1.128294298,2415530,Evgeniya Rodina,Rodina v Barty,50,2016-11-18 06:10:31.847,2.38,2016-11-18 07:30:00,
1.128294298,2415530,Evgeniya Rodina,Rodina v Barty,60,2016-11-18 06:11:27.578,2.4,2016-11-18 07:30:00,
1.128294298,2415530,Evgeniya Rodina,Rodina v Barty,70,2016-11-18 06:16:35.093,2.5,2016-11-18 07:30:00,
1.128294298,2415530,Evgeniya Rodina,Rodina v Barty,80,2016-11-18 06:54:44.174,2.48,2016-11-18 07:30:00,
1.128294298,2415530,Evgeniya Rodina,Rodina v Barty,90,2016-11-18 07:03:33.280,2.52,2016-11-18 07:30:00,
1.128294298,2415530,Evgeniya Rodina,Rodina v Barty,100,2016-11-18 07:18:31.393,2.46,2016-11-18 07:30:00,
1.128294298,6079501,Ashleigh Barty,Rodina v Barty,0,2016-11-17 13:22:58.933,1.73,2016-11-18 07:30:00,
1.128294298,6079501,Ashleigh Barty,Rodina v Barty,10,2016-11-17 21:19:09.735,1.73,2016-11-18 07:30:00,
1.128294298,6079501,Ashleigh Barty,Rodina v Barty,20,2016-11-17 23:30:35.440,1.77,2016-11-18 07:30:00,
1.128294298,6079501,Ashleigh Barty,Rodina v Barty,30,2016-11-18 03:33:25.485,1.79,2016-11-18 07:30:00,
1.128294298,6079501,Ashleigh Barty,Rodina v Barty,40,2016-11-18 06:09:25.243,1.73,2016-11-18 07:30:00,
1.128294298,6079501,Ashleigh Barty,Rodina v Barty,50,2016-11-18 06:13:35.455,1.69,2016-11-18 07:30:00,
1.128294298,6079501,Ashleigh Barty,Rodina v Barty,60,2016-11-18 06:18:34.121,1.69,2016-11-18 07:30:00,
1.128294298,6079501,Ashleigh Barty,Rodina v Barty,70,2016-11-18 07:02:32.481,1.67,2016-11-18 07:30:00,
1.128294298,6079501,Ashleigh Barty,Rodina v Barty,80,2016-11-18 07:09:15.285,1.65,2016-11-18 07:30:00,
1.128294298,6079501,Ashleigh Barty,Rodina v Barty,90,2016-11-18 07:16:30.755,1.66,2016-11-18 07:30:00,
1.128294298,6079501,Ashleigh Barty,Rodina v Barty,100,2016-11-18 07:25:11.375,1.67,2016-11-18 07:30:00,
1.128298843,2309569,Pauline Parmentier,Alexandrova v Parmentier,0,2016-11-17 09:11:24.744,1.64,2016-11-17 18:00:00,
1.128298843,2309569,Pauline Parmentier,Alexandrova v Parmentier,10,2016-11-17 09:12:37.991,1.73,2016-11-17 18:00:00,
1.128298843,2309569,Pauline Parmentier,Alexandrova v Parmentier,20,2016-11-17 10:25:28.422,1.65,2016-11-17 18:00:00,
1.128298843,2309569,Pauline Parmentier,Alexandrova v Parmentier,30,2016-11-17 12:35:26.182,1.63,2016-11-17 18:00:00,
1.128298843,2309569,Pauline Parmentier,Alexandrova v Parmentier,40,2016-11-17 16:24:22.670,1.64,2016-11-17 18:30:00,
1.128298843,2309569,Pauline Parmentier,Alexandrova v Parmentier,50,2016-11-17 16:37:40.479,1.63,2016-11-17 18:45:00,
1.128298843,2309569,Pauline Parmentier,Alexandrova v Parmentier,60,2016-11-17 17:04:34.865,1.64,2016-11-17 19:15:00,
1.128298843,2309569,Pauline Parmentier,Alexandrova v Parmentier,70,2016-11-17 17:47:31.982,1.62,2016-11-17 19:27:00,
1.128298843,2309569,Pauline Parmentier,Alexandrova v Parmentier,80,2016-11-17 18:00:13.338,1.66,2016-11-17 19:27:00,
1.128298843,2309569,Pauline Parmentier,Alexandrova v Parmentier,90,2016-11-17 18:55:42.612,1.58,2016-11-17 19:27:00,
1.128298843,2309569,Pauline Parmentier,Alexandrova v Parmentier,100,2016-11-17 19:05:37.100,1.6,2016-11-17 19:27:00,
1.128300021,2387876,Lucie Hradecka,Caro Garcia v Hradecka,0,2016-11-17 06:19:46.442,4.6,2016-11-17 16:00:00,
1.128300021,2387876,Lucie Hradecka,Caro Garcia v Hradecka,10,2016-11-17 10:51:30.561,4.3,2016-11-17 16:00:00,
1.128300021,2387876,Lucie Hradecka,Caro Garcia v Hradecka,20,2016-11-17 12:01:48.602,3.9,2016-11-17 16:00:00,
1.128300021,2387876,Lucie Hradecka,Caro Garcia v Hradecka,30,2016-11-17 14:01:30.071,4.2,2016-11-17 16:00:00,
1.128300021,2387876,Lucie Hradecka,Caro Garcia v Hradecka,40,2016-11-17 14:27:45.159,4.3,2016-11-17 16:00:00,
1.128300021,2387876,Lucie Hradecka,Caro Garcia v Hradecka,50,2016-11-17 14:33:46.507,4.2,2016-11-17 16:00:00,
1.128300021,2387876,Lucie Hradecka,Caro Garcia v Hradecka,60,2016-11-17 15:50:30.995,3.95,2016-11-17 16:00:00,
1.128300021,2387876,Lucie Hradecka,Caro Garcia v Hradecka,70,2016-11-17 15:56:45.272,4.2,2016-11-17 16:00:00,
1.128300021,2387876,Lucie Hradecka,Caro Garcia v Hradecka,80,2016-11-17 16:28:33.473,4.2,2016-11-17 16:30:00,
1.128300021,2387876,Lucie Hradecka,Caro Garcia v Hradecka,90,2016-11-17 17:11:42.828,4.3,2016-11-17 17:15:00,
1.128300021,2387876,Lucie Hradecka,Caro Garcia v Hradecka,100,2016-11-17 17:27:49.888,4.4,2016-11-17 17:30:00,
1.128300021,5248977,Caroline Garcia,Caro Garcia v Hradecka,0,2016-11-16 22:17:14.678,1.3,2016-11-17 16:00:00,
1.128300021,5248977,Caroline Garcia,Caro Garcia v Hradecka,10,2016-11-17 08:07:50.043,1.29,2016-11-17 16:00:00,
1.128300021,5248977,Caroline Garcia,Caro Garcia v Hradecka,20,2016-11-17 11:35:37.336,1.31,2016-11-17 16:00:00,
1.128300021,5248977,Caroline Garcia,Caro Garcia v Hradecka,30,2016-11-17 14:03:35.349,1.3,2016-11-17 16:00:00,
1.128300021,5248977,Caroline Garcia,Caro Garcia v Hradecka,40,2016-11-17 14:20:51.340,1.3,2016-11-17 16:00:00,
1.128300021,5248977,Caroline Garcia,Caro Garcia v Hradecka,50,2016-11-17 14:32:46.424,1.31,2016-11-17 16:00:00,
1.128300021,5248977,Caroline Garcia,Caro Garcia v Hradecka,60,2016-11-17 15:16:27.790,1.33,2016-11-17 16:00:00,
1.128300021,5248977,Caroline Garcia,Caro Garcia v Hradecka,70,2016-11-17 15:56:45.272,1.3,2016-11-17 16:00:00,
1.128300021,5248977,Caroline Garcia,Caro Garcia v Hradecka,80,2016-11-17 16:14:47.126,1.31,2016-11-17 16:15:00,
1.128300021,5248977,Caroline Garcia,Caro Garcia v Hradecka,90,2016-11-17 16:35:44.272,1.31,2016-11-17 16:45:00,
1.128300021,5248977,Caroline Garcia,Caro Garcia v Hradecka,100,2016-11-17 17:25:31.986,1.28,2016-11-17 17:30:00,
1.128301039,8736064,Alizé Cornet,Jorovic v Cornet,0,2016-11-17 03:40:01.968,1.29,2016-11-17 14:00:00,
1.128301039,8736064,Alizé Cornet,Jorovic v Cornet,10,2016-11-17 09:08:28.968,1.34,2016-11-17 14:00:00,
1.128301039,8736064,Alizé Cornet,Jorovic v Cornet,20,2016-11-17 11:36:20.939,1.36,2016-11-17 14:00:00,
1.128301039,8736064,Alizé Cornet,Jorovic v Cornet,30,2016-11-17 12:39:17.628,1.36,2016-11-17 14:00:00,
1.128301039,8736064,Alizé Cornet,Jorovic v Cornet,40,2016-11-17 12:58:34.907,1.39,2016-11-17 14:00:00,
1.128301039,8736064,Alizé Cornet,Jorovic v Cornet,50,2016-11-17 13:33:36.635,1.4,2016-11-17 14:00:00,
1.128301039,8736064,Alizé Cornet,Jorovic v Cornet,60,2016-11-17 13:46:16.966,1.4,2016-11-17 14:00:00,
1.128301039,8736064,Alizé Cornet,Jorovic v Cornet,70,2016-11-17 14:37:34.458,1.39,2016-11-17 14:45:00,
1.128301039,8736064,Alizé Cornet,Jorovic v Cornet,80,2016-11-17 15:24:36.782,1.38,2016-11-17 15:30:00,
1.128301039,8736064,Alizé Cornet,Jorovic v Cornet,90,2016-11-17 15:41:36.453,1.38,2016-11-17 15:45:00,
1.128301039,8736064,Alizé Cornet,Jorovic v Cornet,100,2016-11-17 15:53:31.093,1.37,2016-11-17 16:00:00,
1.128301039,8907530,Ivana Jorovic,Jorovic v Cornet,0,2016-11-17 06:44:44.294,4.1,2016-11-17 14:00:00,
1.128301039,8907530,Ivana Jorovic,Jorovic v Cornet,10,2016-11-17 10:11:21.206,3.85,2016-11-17 14:00:00,
1.128301039,8907530,Ivana Jorovic,Jorovic v Cornet,20,2016-11-17 11:38:29.420,3.7,2016-11-17 14:00:00,
1.128301039,8907530,Ivana Jorovic,Jorovic v Cornet,30,2016-11-17 12:01:05.770,3.35,2016-11-17 14:00:00,
1.128301039,8907530,Ivana Jorovic,Jorovic v Cornet,40,2016-11-17 12:15:34.082,3.55,2016-11-17 14:00:00,
1.128301039,8907530,Ivana Jorovic,Jorovic v Cornet,50,2016-11-17 12:52:31.733,3.55,2016-11-17 14:00:00,
1.128301039,8907530,Ivana Jorovic,Jorovic v Cornet,60,2016-11-17 13:59:23.590,3.55,2016-11-17 14:00:00,
1.128301039,8907530,Ivana Jorovic,Jorovic v Cornet,70,2016-11-17 14:17:33.416,3.55,2016-11-17 14:30:00,
1.128301039,8907530,Ivana Jorovic,Jorovic v Cornet,80,2016-11-17 14:53:25.768,3.65,2016-11-17 15:00:00,
1.128301039,8907530,Ivana Jorovic,Jorovic v Cornet,90,2016-11-17 15:12:32.631,3.55,2016-11-17 15:15:00,
1.128301039,8907530,Ivana Jorovic,Jorovic v Cornet,100,2016-11-17 15:53:31.093,3.65,2016-11-17 16:00:00,
1.128301141,2257298,Tommy Robredo,Vanni v Robredo,0,2016-11-17 12:30:48.646,1.39,2016-11-18 12:00:00,
1.128301141,2257298,Tommy Robredo,Vanni v Robredo,10,2016-11-18 08:54:46.194,1.37,2016-11-18 18:00:00,
1.128301141,2257298,Tommy Robredo,Vanni v Robredo,20,2016-11-18 09:00:21.667,1.47,2016-11-18 18:00:00,
1.128301141,2257298,Tommy Robredo,Vanni v Robredo,30,2016-11-18 09:33:20.262,1.41,2016-11-18 18:00:00,
1.128301141,2257298,Tommy Robredo,Vanni v Robredo,40,2016-11-18 14:27:20.890,1.4,2016-11-18 18:00:00,
1.128301141,2257298,Tommy Robredo,Vanni v Robredo,50,2016-11-18 15:34:22.140,1.37,2016-11-18 18:00:00,
1.128301141,2257298,Tommy Robredo,Vanni v Robredo,60,2016-11-18 16:09:23.115,1.4,2016-11-18 18:00:00,
1.128301141,2257298,Tommy Robredo,Vanni v Robredo,70,2016-11-18 16:36:23.814,1.44,2016-11-18 18:00:00,
1.128301141,2257298,Tommy Robredo,Vanni v Robredo,80,2016-11-18 16:44:55.314,1.39,2016-11-18 18:00:00,
1.128301141,2257298,Tommy Robredo,Vanni v Robredo,90,2016-11-18 16:50:30.388,1.4,2016-11-18 18:00:00,
1.128301141,2257298,Tommy Robredo,Vanni v Robredo,100,2016-11-18 17:51:31.041,1.4,2016-11-18 18:00:00,
1.128301185,7445660,Christopher Eubanks,C Eubanks v Mmoh,0,2016-11-17 11:19:33.827,3.35,2016-11-17 22:00:00,
1.128301185,7445660,Christopher Eubanks,C Eubanks v Mmoh,10,2016-11-17 15:30:37.689,2.92,2016-11-17 22:00:00,
1.128301185,7445660,Christopher Eubanks,C Eubanks v Mmoh,20,2016-11-17 15:31:37.528,2.86,2016-11-17 22:00:00,
1.128301185,7445660,Christopher Eubanks,C Eubanks v Mmoh,30,2016-11-17 15:33:37.682,2.9,2016-11-17 22:00:00,
1.128301185,7445660,Christopher Eubanks,C Eubanks v Mmoh,40,2016-11-17 15:36:29.997,3.4,2016-11-17 22:00:00,
1.128301185,7445660,Christopher Eubanks,C Eubanks v Mmoh,50,2016-11-17 15:37:37.161,2.76,2016-11-17 22:00:00,
1.128301185,7445660,Christopher Eubanks,C Eubanks v Mmoh,60,2016-11-17 15:39:32.489,2.78,2016-11-17 22:00:00,
1.128301185,7445660,Christopher Eubanks,C Eubanks v Mmoh,70,2016-11-17 15:46:03.458,2.88,2016-11-17 22:00:00,
1.128301185,7445660,Christopher Eubanks,C Eubanks v Mmoh,80,2016-11-17 17:39:21.597,2.9,2016-11-17 22:00:00,
1.128301185,7445660,Christopher Eubanks,C Eubanks v Mmoh,90,2016-11-17 19:27:02.018,2.8,2016-11-17 21:46:00,
1.128301185,7445660,Christopher Eubanks,C Eubanks v Mmoh,100,2016-11-17 19:42:19.275,2.82,2016-11-17 21:46:00,2016-11-17 19:42:19.275
1.128301185,8798905,Michael Mmoh,C Eubanks v Mmoh,0,2016-11-16 21:22:33.732,1.2,2016-11-17 12:00:00,
1.128301185,8798905,Michael Mmoh,C Eubanks v Mmoh,10,2016-11-17 09:14:42.985,1.23,2016-11-17 22:00:00,
1.128301185,8798905,Michael Mmoh,C Eubanks v Mmoh,20,2016-11-17 12:02:04.998,1.37,2016-11-17 22:00:00,
1.128301185,8798905,Michael Mmoh,C Eubanks v Mmoh,30,2016-11-17 14:48:37.582,1.3,2016-11-17 22:00:00,
1.128301185,8798905,Michael Mmoh,C Eubanks v Mmoh,40,2016-11-17 15:23:21.061,1.38,2016-11-17 22:00:00,
1.128301185,8798905,Michael Mmoh,C Eubanks v Mmoh,50,2016-11-17 15:33:37.682,1.52,2016-11-17 22:00:00,
1.128301185,8798905,Michael Mmoh,C Eubanks v Mmoh,60,2016-11-17 15:36:29.997,1.42,2016-11-17 22:00:00,
1.128301185,8798905,Michael Mmoh,C Eubanks v Mmoh,70,2016-11-17 15:41:07.611,1.56,2016-11-17 22:00:00,
1.128301185,8798905,Michael Mmoh,C Eubanks v Mmoh,80,2016-11-17 18:18:46.187,1.52,2016-11-17 21:46:00,
1.128301185,8798905,Michael Mmoh,C Eubanks v Mmoh,90,2016-11-17 19:27:02.018,1.55,2016-11-17 21:46:00,
1.128301185,8798905,Michael Mmoh,C Eubanks v Mmoh,100,2016-11-17 19:38:27.478,1.54,2016-11-17 21:46:00,
1.128301233,2249229,Novak Djokovic,N Djokovic v Goffin,0,2016-11-16 20:48:19.142,1.13,2016-11-17 14:00:00,
1.128301233,2249229,Novak Djokovic,N Djokovic v Goffin,10,2016-11-16 22:43:18.930,1.18,2016-11-17 14:00:00,
1.128301233,2249229,Novak Djokovic,N Djokovic v Goffin,20,2016-11-17 03:37:58.231,1.15,2016-11-17 14:00:00,
1.128301233,2249229,Novak Djokovic,N Djokovic v Goffin,30,2016-11-17 07:26:40.530,1.16,2016-11-17 14:00:00,
1.128301233,2249229,Novak Djokovic,N Djokovic v Goffin,40,2016-11-17 08:41:39.024,1.14,2016-11-17 14:00:00,
1.128301233,2249229,Novak Djokovic,N Djokovic v Goffin,50,2016-11-17 09:40:40.623,1.15,2016-11-17 14:00:00,
1.128301233,2249229,Novak Djokovic,N Djokovic v Goffin,60,2016-11-17 11:02:39.790,1.15,2016-11-17 14:00:00,
1.128301233,2249229,Novak Djokovic,N Djokovic v Goffin,70,2016-11-17 11:38:40.518,1.15,2016-11-17 14:00:00,
1.128301233,2249229,Novak Djokovic,N Djokovic v Goffin,80,2016-11-17 12:33:42.436,1.14,2016-11-17 14:00:00,
1.128301233,2249229,Novak Djokovic,N Djokovic v Goffin,90,2016-11-17 13:13:38.545,1.14,2016-11-17 14:00:00,
1.128301233,2249229,Novak Djokovic,N Djokovic v Goffin,100,2016-11-17 13:43:41.933,1.13,2016-11-17 14:00:00,
1.128301233,5224084,David Goffin,N Djokovic v Goffin,0,2016-11-16 21:52:33.688,5.0,2016-11-17 14:00:00,
1.128301233,5224084,David Goffin,N Djokovic v Goffin,10,2016-11-16 23:42:41.573,7.0,2016-11-17 14:00:00,
1.128301233,5224084,David Goffin,N Djokovic v Goffin,20,2016-11-17 05:06:38.411,7.2,2016-11-17 14:00:00,
1.128301233,5224084,David Goffin,N Djokovic v Goffin,30,2016-11-17 07:41:29.591,7.6,2016-11-17 14:00:00,
1.128301233,5224084,David Goffin,N Djokovic v Goffin,40,2016-11-17 10:04:32.962,8.0,2016-11-17 14:00:00,
1.128301233,5224084,David Goffin,N Djokovic v Goffin,50,2016-11-17 10:49:10.146,7.8,2016-11-17 14:00:00,
1.128301233,5224084,David Goffin,N Djokovic v Goffin,60,2016-11-17 11:56:26.826,7.8,2016-11-17 14:00:00,
1.128301233,5224084,David Goffin,N Djokovic v Goffin,70,2016-11-17 12:45:40.468,7.8,2016-11-17 14:00:00,
1.128301233,5224084,David Goffin,N Djokovic v Goffin,80,2016-11-17 12:59:21.959,7.8,2016-11-17 14:00:00,
1.128301233,5224084,David Goffin,N Djokovic v Goffin,90,2016-11-17 13:24:42.705,8.2,2016-11-17 14:00:00,
1.128301233,5224084,David Goffin,N Djokovic v Goffin,100,2016-11-17 13:44:37.609,8.4,2016-11-17 14:00:00,
1.128301582,7413423,Jared Donaldson,J Donaldson v Klahn,0,2016-11-17 09:13:24.887,1.75,2016-11-17 18:00:00,
1.128301582,7413423,Jared Donaldson,J Donaldson v Klahn,10,2016-11-17 09:53:34.445,1.6,2016-11-17 18:00:00,
1.128301582,7413423,Jared Donaldson,J Donaldson v Klahn,20,2016-11-17 14:43:32.686,1.55,2016-11-17 18:00:00,
1.128301582,7413423,Jared Donaldson,J Donaldson v Klahn,30,2016-11-17 15:07:25.507,1.7,2016-11-17 18:00:00,
1.128301582,7413423,Jared Donaldson,J Donaldson v Klahn,40,2016-11-17 15:53:29.326,1.54,2016-11-17 18:00:00,
1.128301582,7413423,Jared Donaldson,J Donaldson v Klahn,50,2016-11-17 15:56:30.556,1.47,2016-11-17 18:00:00,
1.128301582,7413423,Jared Donaldson,J Donaldson v Klahn,60,2016-11-17 16:15:58.020,1.51,2016-11-17 18:00:00,
1.128301582,7413423,Jared Donaldson,J Donaldson v Klahn,70,2016-11-17 16:39:32.135,1.53,2016-11-17 18:00:00,
1.128301582,7413423,Jared Donaldson,J Donaldson v Klahn,80,2016-11-17 17:31:25.957,1.55,2016-11-17 18:00:00,
1.128301582,7413423,Jared Donaldson,J Donaldson v Klahn,90,2016-11-17 17:34:32.201,1.54,2016-11-17 18:00:00,
1.128301582,7413423,Jared Donaldson,J Donaldson v Klahn,100,2016-11-17 17:48:23.336,1.53,2016-11-17 18:00:00,
1.128301626,2301068,Rogerio Dutra Silva,H Zeballos v Dutra Silva,0,2016-11-17 20:00:35.105,1.76,2016-11-18 12:00:00,
1.128301626,2301068,Rogerio Dutra Silva,H Zeballos v Dutra Silva,10,2016-11-18 11:57:54.674,1.83,2016-11-18 20:30:00,
1.128301626,2301068,Rogerio Dutra Silva,H Zeballos v Dutra Silva,20,2016-11-18 19:12:25.287,1.84,2016-11-18 20:30:00,
1.128301626,2301068,Rogerio Dutra Silva,H Zeballos v Dutra Silva,30,2016-11-18 19:28:53.160,1.81,2016-11-18 20:30:00,
1.128301626,2301068,Rogerio Dutra Silva,H Zeballos v Dutra Silva,40,2016-11-18 20:04:36.484,1.81,2016-11-18 20:30:00,
1.128301626,2301068,Rogerio Dutra Silva,H Zeballos v Dutra Silva,50,2016-11-18 20:42:36.960,1.76,2016-11-18 20:45:00,
1.128301626,2301068,Rogerio Dutra Silva,H Zeballos v Dutra Silva,60,2016-11-18 20:55:37.635,1.77,2016-11-18 21:00:00,
1.128301626,2301068,Rogerio Dutra Silva,H Zeballos v Dutra Silva,70,2016-11-18 21:03:34.569,1.74,2016-11-18 21:15:00,
1.128301626,2301068,Rogerio Dutra Silva,H Zeballos v Dutra Silva,80,2016-11-18 21:06:17.039,1.77,2016-11-18 21:15:00,
1.128301626,2301068,Rogerio Dutra Silva,H Zeballos v Dutra Silva,90,2016-11-18 21:14:29.180,1.77,2016-11-18 21:15:00,
1.128301626,2301068,Rogerio Dutra Silva,H Zeballos v Dutra Silva,100,2016-11-18 21:25:34.864,1.76,2016-11-18 21:30:00,
1.128301626,3506037,Horacio Zeballos,H Zeballos v Dutra Silva,0,2016-11-17 23:48:36.953,2.02,2016-11-18 12:00:00,
1.128301626,3506037,Horacio Zeballos,H Zeballos v Dutra Silva,10,2016-11-18 08:54:46.247,2.18,2016-11-18 20:30:00,
1.128301626,3506037,Horacio Zeballos,H Zeballos v Dutra Silva,20,2016-11-18 11:57:54.674,2.2,2016-11-18 20:30:00,
1.128301626,3506037,Horacio Zeballos,H Zeballos v Dutra Silva,30,2016-11-18 14:01:53.316,2.2,2016-11-18 20:30:00,
1.128301626,3506037,Horacio Zeballos,H Zeballos v Dutra Silva,40,2016-11-18 19:37:33.219,2.28,2016-11-18 20:30:00,
1.128301626,3506037,Horacio Zeballos,H Zeballos v Dutra Silva,50,2016-11-18 20:25:39.788,2.22,2016-11-18 20:30:00,
1.128301626,3506037,Horacio Zeballos,H Zeballos v Dutra Silva,60,2016-11-18 20:56:03.102,2.36,2016-11-18 21:00:00,
1.128301626,3506037,Horacio Zeballos,H Zeballos v Dutra Silva,70,2016-11-18 20:58:36.479,2.28,2016-11-18 21:00:00,
1.128301626,3506037,Horacio Zeballos,H Zeballos v Dutra Silva,80,2016-11-18 21:06:17.039,2.3,2016-11-18 21:15:00,
1.128301626,3506037,Horacio Zeballos,H Zeballos v Dutra Silva,90,2016-11-18 21:10:32.162,2.44,2016-11-18 21:15:00,
1.128301626,3506037,Horacio Zeballos,H Zeballos v Dutra Silva,100,2016-11-18 21:19:33.500,2.28,2016-11-18 21:30:00,
1.128301832,2256509,Andy Murray,A Murray v S Wawrinka,0,2016-11-17 00:31:03.414,1.27,2016-11-18 14:00:00,
1.128301832,2256509,Andy Murray,A Murray v S Wawrinka,10,2016-11-17 14:37:33.820,1.32,2016-11-18 14:00:00,
1.128301832,2256509,Andy Murray,A Murray v S Wawrinka,20,2016-11-17 20:04:12.193,1.32,2016-11-18 14:00:00,
1.128301832,2256509,Andy Murray,A Murray v S Wawrinka,30,2016-11-17 22:28:35.778,1.32,2016-11-18 14:00:00,
1.128301832,2256509,Andy Murray,A Murray v S Wawrinka,40,2016-11-18 04:16:43.345,1.31,2016-11-18 14:00:00,
1.128301832,2256509,Andy Murray,A Murray v S Wawrinka,50,2016-11-18 08:13:23.303,1.31,2016-11-18 14:00:00,
1.128301832,2256509,Andy Murray,A Murray v S Wawrinka,60,2016-11-18 10:18:49.325,1.31,2016-11-18 14:00:00,
1.128301832,2256509,Andy Murray,A Murray v S Wawrinka,70,2016-11-18 11:43:30.846,1.32,2016-11-18 14:00:00,
1.128301832,2256509,Andy Murray,A Murray v S Wawrinka,80,2016-11-18 12:24:30.472,1.32,2016-11-18 14:00:00,
1.128301832,2256509,Andy Murray,A Murray v S Wawrinka,90,2016-11-18 13:03:33.116,1.32,2016-11-18 14:00:00,
1.128301832,2256509,Andy Murray,A Murray v S Wawrinka,100,2016-11-18 13:33:34.651,1.32,2016-11-18 14:00:00,
1.128301832,8597476,Stan Wawrinka,A Murray v S Wawrinka,0,2016-11-17 01:27:46.026,3.85,2016-11-18 14:00:00,
1.128301832,8597476,Stan Wawrinka,A Murray v S Wawrinka,10,2016-11-17 18:01:09.192,4.1,2016-11-18 14:00:00,
1.128301832,8597476,Stan Wawrinka,A Murray v S Wawrinka,20,2016-11-17 20:21:18.365,4.2,2016-11-18 14:00:00,
1.128301832,8597476,Stan Wawrinka,A Murray v S Wawrinka,30,2016-11-17 23:12:58.587,4.1,2016-11-18 14:00:00,
1.128301832,8597476,Stan Wawrinka,A Murray v S Wawrinka,40,2016-11-18 07:29:26.551,4.2,2016-11-18 14:00:00,
1.128301832,8597476,Stan Wawrinka,A Murray v S Wawrinka,50,2016-11-18 09:39:31.998,4.1,2016-11-18 14:00:00,
1.128301832,8597476,Stan Wawrinka,A Murray v S Wawrinka,60,2016-11-18 10:43:33.572,4.0,2016-11-18 14:00:00,
1.128301832,8597476,Stan Wawrinka,A Murray v S Wawrinka,70,2016-11-18 11:40:31.319,4.2,2016-11-18 14:00:00,
1.128301832,8597476,Stan Wawrinka,A Murray v S Wawrinka,80,2016-11-18 12:15:35.664,4.2,2016-11-18 14:00:00,
1.128301832,8597476,Stan Wawrinka,A Murray v S Wawrinka,90,2016-11-18 12:56:05.639,4.1,2016-11-18 14:00:00,
1.128301832,8597476,Stan Wawrinka,A Murray v S Wawrinka,100,2016-11-18 13:33:34.651,4.1,2016-11-18 14:00:00,
1.128301834,2263681,Marin Cilic,Nishikori v Ma Cilic,0,2016-11-16 23:34:34.226,2.74,2016-11-18 20:00:00,
1.128301834,2263681,Marin Cilic,Nishikori v Ma Cilic,10,2016-11-17 22:08:23.371,2.62,2016-11-18 20:00:00,
1.128301834,2263681,Marin Cilic,Nishikori v Ma Cilic,20,2016-11-18 08:06:48.927,2.72,2016-11-18 20:00:00,
1.128301834,2263681,Marin Cilic,Nishikori v Ma Cilic,30,2016-11-18 13:16:17.658,2.68,2016-11-18 20:00:00,
1.128301834,2263681,Marin Cilic,Nishikori v Ma Cilic,40,2016-11-18 14:53:34.539,2.86,2016-11-18 20:00:00,
1.128301834,2263681,Marin Cilic,Nishikori v Ma Cilic,50,2016-11-18 15:34:36.809,2.66,2016-11-18 20:00:00,
1.128301834,2263681,Marin Cilic,Nishikori v Ma Cilic,60,2016-11-18 15:57:31.166,2.58,2016-11-18 20:00:00,
1.128301834,2263681,Marin Cilic,Nishikori v Ma Cilic,70,2016-11-18 16:52:14.671,2.6,2016-11-18 20:00:00,
1.128301834,2263681,Marin Cilic,Nishikori v Ma Cilic,80,2016-11-18 17:50:30.802,2.6,2016-11-18 20:00:00,
1.128301834,2263681,Marin Cilic,Nishikori v Ma Cilic,90,2016-11-18 18:51:32.945,2.56,2016-11-18 20:00:00,
1.128301834,2263681,Marin Cilic,Nishikori v Ma Cilic,100,2016-11-18 19:27:34.468,2.5,2016-11-18 20:00:00,
1.128301834,2483001,Kei Nishikori,Nishikori v Ma Cilic,0,2016-11-16 23:18:53.019,1.72,2016-11-18 20:00:00,
1.128301834,2483001,Kei Nishikori,Nishikori v Ma Cilic,10,2016-11-17 10:41:18.493,1.68,2016-11-18 20:00:00,
1.128301834,2483001,Kei Nishikori,Nishikori v Ma Cilic,20,2016-11-17 22:08:23.371,1.61,2016-11-18 20:00:00,
1.128301834,2483001,Kei Nishikori,Nishikori v Ma Cilic,30,2016-11-18 06:16:26.640,1.59,2016-11-18 20:00:00,
1.128301834,2483001,Kei Nishikori,Nishikori v Ma Cilic,40,2016-11-18 09:49:28.242,1.57,2016-11-18 20:00:00,
1.128301834,2483001,Kei Nishikori,Nishikori v Ma Cilic,50,2016-11-18 13:32:05.942,1.57,2016-11-18 20:00:00,
1.128301834,2483001,Kei Nishikori,Nishikori v Ma Cilic,60,2016-11-18 15:16:36.823,1.56,2016-11-18 20:00:00,
1.128301834,2483001,Kei Nishikori,Nishikori v Ma Cilic,70,2016-11-18 15:51:34.553,1.65,2016-11-18 20:00:00,
1.128301834,2483001,Kei Nishikori,Nishikori v Ma Cilic,80,2016-11-18 16:33:35.035,1.63,2016-11-18 20:00:00,
1.128301834,2483001,Kei Nishikori,Nishikori v Ma Cilic,90,2016-11-18 18:04:36.350,1.62,2016-11-18 20:00:00,
1.128301834,2483001,Kei Nishikori,Nishikori v Ma Cilic,100,2016-11-18 19:30:36.811,1.66,2016-11-18 20:00:00,
1.12830194,8942538,Herbert/Mahut,Herbert/Mahut v Kontinen/Peers,0,2016-11-17 16:38:50.988,1.78,2016-11-18 12:00:00,
1.12830194,8942538,Herbert/Mahut,Herbert/Mahut v Kontinen/Peers,10,2016-11-18 00:21:24.595,2.06,2016-11-18 12:00:00,
1.12830194,8942538,Herbert/Mahut,Herbert/Mahut v Kontinen/Peers,20,2016-11-18 07:14:12.800,1.96,2016-11-18 12:00:00,
1.12830194,8942538,Herbert/Mahut,Herbert/Mahut v Kontinen/Peers,30,2016-11-18 07:22:03.241,1.96,2016-11-18 12:00:00,
1.12830194,8942538,Herbert/Mahut,Herbert/Mahut v Kontinen/Peers,40,2016-11-18 08:36:06.268,1.95,2016-11-18 12:00:00,
1.12830194,8942538,Herbert/Mahut,Herbert/Mahut v Kontinen/Peers,50,2016-11-18 09:17:19.378,2.0,2016-11-18 12:00:00,
1.12830194,8942538,Herbert/Mahut,Herbert/Mahut v Kontinen/Peers,60,2016-11-18 10:43:22.764,2.04,2016-11-18 12:00:00,
1.12830194,8942538,Herbert/Mahut,Herbert/Mahut v Kontinen/Peers,70,2016-11-18 10:59:35.011,2.08,2016-11-18 12:00:00,
1.12830194,8942538,Herbert/Mahut,Herbert/Mahut v Kontinen/Peers,80,2016-11-18 11:33:38.870,2.1,2016-11-18 12:00:00,
1.12830194,8942538,Herbert/Mahut,Herbert/Mahut v Kontinen/Peers,90,2016-11-18 11:40:31.270,2.14,2016-11-18 12:00:00,
1.12830194,8942538,Herbert/Mahut,Herbert/Mahut v Kontinen/Peers,100,2016-11-18 11:50:27.169,2.14,2016-11-18 12:00:00,
1.12830194,10682162,Kontinen/Peers,Herbert/Mahut v Kontinen/Peers,0,2016-11-17 20:15:11.250,1.82,2016-11-18 12:00:00,
1.12830194,10682162,Kontinen/Peers,Herbert/Mahut v Kontinen/Peers,10,2016-11-18 00:40:43.721,1.94,2016-11-18 12:00:00,
1.12830194,10682162,Kontinen/Peers,Herbert/Mahut v Kontinen/Peers,20,2016-11-18 02:17:39.207,1.95,2016-11-18 12:00:00,
1.12830194,10682162,Kontinen/Peers,Herbert/Mahut v Kontinen/Peers,30,2016-11-18 06:08:24.207,1.98,2016-11-18 12:00:00,
1.12830194,10682162,Kontinen/Peers,Herbert/Mahut v Kontinen/Peers,40,2016-11-18 07:05:32.584,2.04,2016-11-18 12:00:00,
1.12830194,10682162,Kontinen/Peers,Herbert/Mahut v Kontinen/Peers,50,2016-11-18 08:30:38.532,2.0,2016-11-18 12:00:00,
1.12830194,10682162,Kontinen/Peers,Herbert/Mahut v Kontinen/Peers,60,2016-11-18 09:17:19.378,2.0,2016-11-18 12:00:00,
1.12830194,10682162,Kontinen/Peers,Herbert/Mahut v Kontinen/Peers,70,2016-11-18 10:24:25.317,1.98,2016-11-18 12:00:00,
1.12830194,10682162,Kontinen/Peers,Herbert/Mahut v Kontinen/Peers,80,2016-11-18 10:53:24.137,1.94,2016-11-18 12:00:00,
1.12830194,10682162,Kontinen/Peers,Herbert/Mahut v Kontinen/Peers,90,2016-11-18 11:30:15.825,1.91,2016-11-18 12:00:00,
1.12830194,10682162,Kontinen/Peers,Herbert/Mahut v Kontinen/Peers,100,2016-11-18 11:46:27.323,1.85,2016-11-18 12:00:00,
1.128301945,2010693,Lopez/Lopez,Lopez/Lopez v Klaasen/Ram,0,2016-11-17 19:58:42.970,1.64,2016-11-18 17:45:00,
1.128301945,2010693,Lopez/Lopez,Lopez/Lopez v Klaasen/Ram,10,2016-11-18 08:48:28.058,1.78,2016-11-18 17:45:00,
1.128301945,2010693,Lopez/Lopez,Lopez/Lopez v Klaasen/Ram,20,2016-11-18 13:21:44.361,1.71,2016-11-18 17:45:00,
1.128301945,2010693,Lopez/Lopez,Lopez/Lopez v Klaasen/Ram,30,2016-11-18 14:04:04.309,1.71,2016-11-18 17:45:00,
1.128301945,2010693,Lopez/Lopez,Lopez/Lopez v Klaasen/Ram,40,2016-11-18 15:31:19.113,1.71,2016-11-18 17:45:00,
1.128301945,2010693,Lopez/Lopez,Lopez/Lopez v Klaasen/Ram,50,2016-11-18 16:02:03.753,1.71,2016-11-18 17:45:00,
1.128301945,2010693,Lopez/Lopez,Lopez/Lopez v Klaasen/Ram,60,2016-11-18 16:18:42.329,1.7,2016-11-18 17:45:00,
1.128301945,2010693,Lopez/Lopez,Lopez/Lopez v Klaasen/Ram,70,2016-11-18 16:31:39.967,1.68,2016-11-18 17:45:00,
1.128301945,2010693,Lopez/Lopez,Lopez/Lopez v Klaasen/Ram,80,2016-11-18 16:48:49.060,1.7,2016-11-18 17:45:00,
1.128301945,2010693,Lopez/Lopez,Lopez/Lopez v Klaasen/Ram,90,2016-11-18 17:21:14.470,1.7,2016-11-18 17:45:00,
1.128301945,2010693,Lopez/Lopez,Lopez/Lopez v Klaasen/Ram,100,2016-11-18 17:29:46.985,1.67,2016-11-18 17:45:00,
1.128302124,8736474,Diego Schwartzman,Kicker v Schwartzman,0,2016-11-17 23:22:56.932,1.22,2016-11-18 12:00:00,
1.128302124,8736474,Diego Schwartzman,Kicker v Schwartzman,10,2016-11-18 07:01:30.041,1.26,2016-11-18 18:30:00,
1.128302124,8736474,Diego Schwartzman,Kicker v Schwartzman,20,2016-11-18 10:42:09.139,1.24,2016-11-18 18:30:00,
1.128302124,8736474,Diego Schwartzman,Kicker v Schwartzman,30,2016-11-18 10:55:18.000,1.23,2016-11-18 18:30:00,
1.128302124,8736474,Diego Schwartzman,Kicker v Schwartzman,40,2016-11-18 11:49:31.788,1.23,2016-11-18 18:30:00,
1.128302124,8736474,Diego Schwartzman,Kicker v Schwartzman,50,2016-11-18 15:38:52.976,1.23,2016-11-18 18:30:00,
1.128302124,8736474,Diego Schwartzman,Kicker v Schwartzman,60,2016-11-18 16:34:48.528,1.2,2016-11-18 18:30:00,
1.128302124,8736474,Diego Schwartzman,Kicker v Schwartzman,70,2016-11-18 17:18:52.129,1.22,2016-11-18 18:30:00,
1.128302124,8736474,Diego Schwartzman,Kicker v Schwartzman,80,2016-11-18 17:33:55.243,1.2,2016-11-18 18:30:00,
1.128302124,8736474,Diego Schwartzman,Kicker v Schwartzman,90,2016-11-18 17:35:56.101,1.18,2016-11-18 18:30:00,
1.128302124,8736474,Diego Schwartzman,Kicker v Schwartzman,100,2016-11-18 18:15:37.082,1.19,2016-11-18 18:30:00,
1.128302532,6064287,James Duckworth,Yo Nishioka v Duckworth,0,2016-11-17 20:07:28.203,2.18,2016-11-18 03:30:00,
1.128302532,6064287,James Duckworth,Yo Nishioka v Duckworth,10,2016-11-17 20:33:23.659,1.96,2016-11-18 03:30:00,
1.128302532,6064287,James Duckworth,Yo Nishioka v Duckworth,20,2016-11-17 21:22:47.059,1.94,2016-11-18 03:30:00,
1.128302532,6064287,James Duckworth,Yo Nishioka v Duckworth,30,2016-11-17 21:37:02.962,1.98,2016-11-18 03:30:00,
1.128302532,6064287,James Duckworth,Yo Nishioka v Duckworth,40,2016-11-17 23:11:35.171,1.94,2016-11-18 03:30:00,
1.128302532,6064287,James Duckworth,Yo Nishioka v Duckworth,50,2016-11-17 23:46:44.273,1.91,2016-11-18 03:30:00,
1.128302532,6064287,James Duckworth,Yo Nishioka v Duckworth,60,2016-11-18 00:23:29.981,2.02,2016-11-18 03:30:00,
1.128302532,6064287,James Duckworth,Yo Nishioka v Duckworth,70,2016-11-18 01:30:06.656,1.97,2016-11-18 03:30:00,
1.128302532,6064287,James Duckworth,Yo Nishioka v Duckworth,80,2016-11-18 02:32:29.395,1.99,2016-11-18 03:30:00,
1.128302532,6064287,James Duckworth,Yo Nishioka v Duckworth,90,2016-11-18 03:22:13.588,2.0,2016-11-18 03:30:00,
1.128302532,6064287,James Duckworth,Yo Nishioka v Duckworth,100,2016-11-18 03:40:25.656,2.16,2016-11-18 03:45:00,
1.128302532,7137497,Yoshihito Nishioka,Yo Nishioka v Duckworth,0,2016-11-17 20:07:28.203,1.85,2016-11-18 03:30:00,
1.128302532,7137497,Yoshihito Nishioka,Yo Nishioka v Duckworth,10,2016-11-17 22:13:55.464,2.0,2016-11-18 03:30:00,
1.128302532,7137497,Yoshihito Nishioka,Yo Nishioka v Duckworth,20,2016-11-18 00:23:29.981,1.98,2016-11-18 03:30:00,
1.128302532,7137497,Yoshihito Nishioka,Yo Nishioka v Duckworth,30,2016-11-18 01:28:23.219,2.02,2016-11-18 03:30:00,
1.128302532,7137497,Yoshihito Nishioka,Yo Nishioka v Duckworth,40,2016-11-18 02:32:29.395,2.0,2016-11-18 03:30:00,
1.128302532,7137497,Yoshihito Nishioka,Yo Nishioka v Duckworth,50,2016-11-18 03:07:08.628,1.98,2016-11-18 03:30:00,
1.128302532,7137497,Yoshihito Nishioka,Yo Nishioka v Duckworth,60,2016-11-18 03:08:27.286,2.0,2016-11-18 03:30:00,
1.128302532,7137497,Yoshihito Nishioka,Yo Nishioka v Duckworth,70,2016-11-18 03:09:28.303,1.98,2016-11-18 03:30:00,
1.128302532,7137497,Yoshihito Nishioka,Yo Nishioka v Duckworth,80,2016-11-18 03:31:29.420,2.0,2016-11-18 03:45:00,
1.128302532,7137497,Yoshihito Nishioka,Yo Nishioka v Duckworth,90,2016-11-18 03:34:31.551,2.02,2016-11-18 03:45:00,
1.128302532,7137497,Yoshihito Nishioka,Yo Nishioka v Duckworth,100,2016-11-18 03:41:24.752,1.88,2016-11-18 03:45:00,
1.128302736,6670677,Luksika Kumkhum,Kumkhum v Ka Chang,0,2016-11-17 11:23:21.169,2.34,2016-11-18 08:00:00,
1.128302736,6670677,Luksika Kumkhum,Kumkhum v Ka Chang,10,2016-11-17 17:50:31.581,2.16,2016-11-18 08:00:00,
1.128302736,6670677,Luksika Kumkhum,Kumkhum v Ka Chang,20,2016-11-18 00:19:16.643,2.08,2016-11-18 08:00:00,
1.128302736,6670677,Luksika Kumkhum,Kumkhum v Ka Chang,30,2016-11-18 01:16:00.010,2.06,2016-11-18 08:00:00,
1.128302736,6670677,Luksika Kumkhum,Kumkhum v Ka Chang,40,2016-11-18 03:16:53.256,2.04,2016-11-18 08:00:00,
1.128302736,6670677,Luksika Kumkhum,Kumkhum v Ka Chang,50,2016-11-18 03:52:33.307,2.18,2016-11-18 08:00:00,
1.128302736,6670677,Luksika Kumkhum,Kumkhum v Ka Chang,60,2016-11-18 06:03:13.784,2.1,2016-11-18 08:15:00,
1.128302736,6670677,Luksika Kumkhum,Kumkhum v Ka Chang,70,2016-11-18 06:18:38.792,2.16,2016-11-18 08:06:00,
1.128302736,6670677,Luksika Kumkhum,Kumkhum v Ka Chang,80,2016-11-18 07:07:37.099,2.14,2016-11-18 08:06:00,
1.128302736,6670677,Luksika Kumkhum,Kumkhum v Ka Chang,90,2016-11-18 07:15:28.345,2.16,2016-11-18 08:06:00,
1.128302736,6670677,Luksika Kumkhum,Kumkhum v Ka Chang,100,2016-11-18 07:16:36.066,2.14,2016-11-18 07:19:00,
1.128302736,8887166,Kai-Chen Chang,Kumkhum v Ka Chang,0,2016-11-17 11:23:21.169,1.75,2016-11-18 08:00:00,
1.128302736,8887166,Kai-Chen Chang,Kumkhum v Ka Chang,10,2016-11-17 17:50:31.581,1.86,2016-11-18 08:00:00,
1.128302736,8887166,Kai-Chen Chang,Kumkhum v Ka Chang,20,2016-11-17 17:53:37.477,1.84,2016-11-18 08:00:00,
1.128302736,8887166,Kai-Chen Chang,Kumkhum v Ka Chang,30,2016-11-18 00:19:16.643,1.92,2016-11-18 08:00:00,
1.128302736,8887166,Kai-Chen Chang,Kumkhum v Ka Chang,40,2016-11-18 01:52:57.649,1.85,2016-11-18 08:00:00,
1.128302736,8887166,Kai-Chen Chang,Kumkhum v Ka Chang,50,2016-11-18 06:03:13.784,1.91,2016-11-18 08:15:00,
1.128302736,8887166,Kai-Chen Chang,Kumkhum v Ka Chang,60,2016-11-18 06:04:37.860,1.87,2016-11-18 08:15:00,
1.128302736,8887166,Kai-Chen Chang,Kumkhum v Ka Chang,70,2016-11-18 06:18:38.792,1.86,2016-11-18 08:06:00,
1.128302736,8887166,Kai-Chen Chang,Kumkhum v Ka Chang,80,2016-11-18 06:26:17.465,1.86,2016-11-18 08:06:00,
1.128302736,8887166,Kai-Chen Chang,Kumkhum v Ka Chang,90,2016-11-18 07:07:37.099,1.87,2016-11-18 08:06:00,
1.128302736,8887166,Kai-Chen Chang,Kumkhum v Ka Chang,100,2016-11-18 07:17:37.290,1.86,2016-11-18 07:19:00,
1.128306508,2250859,Marina Erakovic,Maria v Erakovic,0,2016-11-17 23:47:50.279,2.08,2016-11-18 10:00:00,
1.128306508,2250859,Marina Erakovic,Maria v Erakovic,10,2016-11-17 23:50:00.221,2.18,2016-11-18 10:00:00,
1.128306508,2250859,Marina Erakovic,Maria v Erakovic,20,2016-11-18 07:24:52.426,2.22,2016-11-18 09:16:00,
1.128306508,2250859,Marina Erakovic,Maria v Erakovic,30,2016-11-18 07:51:06.637,2.26,2016-11-18 09:16:00,
1.128306508,2250859,Marina Erakovic,Maria v Erakovic,40,2016-11-18 07:55:59.130,2.22,2016-11-18 09:16:00,
1.128306508,2250859,Marina Erakovic,Maria v Erakovic,50,2016-11-18 07:56:53.596,2.12,2016-11-18 09:16:00,
1.128306508,2250859,Marina Erakovic,Maria v Erakovic,60,2016-11-18 08:02:03.826,2.14,2016-11-18 09:16:00,
1.128306508,2250859,Marina Erakovic,Maria v Erakovic,70,2016-11-18 08:33:01.601,2.16,2016-11-18 09:16:00,
1.128306508,2250859,Marina Erakovic,Maria v Erakovic,80,2016-11-18 08:35:57.663,2.14,2016-11-18 09:16:00,
1.128306508,2250859,Marina Erakovic,Maria v Erakovic,90,2016-11-18 08:37:59.081,2.16,2016-11-18 09:16:00,
1.128306508,2250859,Marina Erakovic,Maria v Erakovic,100,2016-11-18 08:43:52.242,2.16,2016-11-18 09:16:00,
1.128306508,7299657,Tatjana Maria,Maria v Erakovic,0,2016-11-17 18:34:11.807,1.9,2016-11-18 10:00:00,
1.128306508,7299657,Tatjana Maria,Maria v Erakovic,10,2016-11-17 18:37:53.407,1.89,2016-11-18 10:00:00,
1.128306508,7299657,Tatjana Maria,Maria v Erakovic,20,2016-11-17 20:54:48.371,1.86,2016-11-18 10:00:00,
1.128306508,7299657,Tatjana Maria,Maria v Erakovic,30,2016-11-18 04:28:45.242,1.84,2016-11-18 10:00:00,
1.128306508,7299657,Tatjana Maria,Maria v Erakovic,40,2016-11-18 07:20:56.164,1.81,2016-11-18 09:16:00,
1.128306508,7299657,Tatjana Maria,Maria v Erakovic,50,2016-11-18 07:55:59.130,1.81,2016-11-18 09:16:00,
1.128306508,7299657,Tatjana Maria,Maria v Erakovic,60,2016-11-18 07:56:53.596,1.87,2016-11-18 09:16:00,
1.128306508,7299657,Tatjana Maria,Maria v Erakovic,70,2016-11-18 08:31:54.446,1.87,2016-11-18 09:16:00,
1.128306508,7299657,Tatjana Maria,Maria v Erakovic,80,2016-11-18 08:35:57.663,1.87,2016-11-18 09:16:00,
1.128306508,7299657,Tatjana Maria,Maria v Erakovic,90,2016-11-18 08:39:58.918,1.86,2016-11-18 09:16:00,
1.128306508,7299657,Tatjana Maria,Maria v Erakovic,100,2016-11-18 08:43:52.242,1.86,2016-11-18 09:16:00,
1.12831064,12108003,Chan/Sawayanagi,Chan/Sawayanagi v Broady/Soylu,0,2016-11-18 02:04:38.382,1.19,2016-11-18 09:30:00,
1.12831064,12108003,Chan/Sawayanagi,Chan/Sawayanagi v Broady/Soylu,10,2016-11-18 06:12:48.406,1.24,2016-11-18 09:30:00,
1.12831064,12108003,Chan/Sawayanagi,Chan/Sawayanagi v Broady/Soylu,20,2016-11-18 07:05:05.584,1.27,2016-11-18 09:30:00,
1.12831064,12108003,Chan/Sawayanagi,Chan/Sawayanagi v Broady/Soylu,30,2016-11-18 07:08:58.500,1.28,2016-11-18 09:30:00,
1.12831064,12108003,Chan/Sawayanagi,Chan/Sawayanagi v Broady/Soylu,40,2016-11-18 07:16:53.169,1.33,2016-11-18 09:30:00,
1.12831064,12108003,Chan/Sawayanagi,Chan/Sawayanagi v Broady/Soylu,50,2016-11-18 07:32:58.872,1.41,2016-11-18 09:22:00,
1.12831064,12108003,Chan/Sawayanagi,Chan/Sawayanagi v Broady/Soylu,60,2016-11-18 07:35:08.837,1.42,2016-11-18 09:22:00,
1.12831064,12108003,Chan/Sawayanagi,Chan/Sawayanagi v Broady/Soylu,70,2016-11-18 07:59:50.576,1.38,2016-11-18 09:22:00,
1.12831064,12108003,Chan/Sawayanagi,Chan/Sawayanagi v Broady/Soylu,80,2016-11-18 08:16:49.368,1.42,2016-11-18 09:22:00,
1.12831064,12108003,Chan/Sawayanagi,Chan/Sawayanagi v Broady/Soylu,90,2016-11-18 08:34:03.169,1.47,2016-11-18 08:46:00,
1.12831064,12108003,Chan/Sawayanagi,Chan/Sawayanagi v Broady/Soylu,100,2016-11-18 08:40:03.158,1.58,2016-11-18 08:46:00,
1.12831064,12108008,Broady/Soylu,Chan/Sawayanagi v Broady/Soylu,0,2016-11-18 07:05:05.584,4.8,2016-11-18 09:30:00,
1.12831064,12108008,Broady/Soylu,Chan/Sawayanagi v Broady/Soylu,10,2016-11-18 07:07:03.097,4.3,2016-11-18 09:30:00,
1.12831064,12108008,Broady/Soylu,Chan/Sawayanagi v Broady/Soylu,20,2016-11-18 07:14:53.274,4.4,2016-11-18 09:30:00,
1.12831064,12108008,Broady/Soylu,Chan/Sawayanagi v Broady/Soylu,30,2016-11-18 07:16:53.169,4.0,2016-11-18 09:30:00,
1.12831064,12108008,Broady/Soylu,Chan/Sawayanagi v Broady/Soylu,40,2016-11-18 07:24:54.156,3.1,2016-11-18 09:30:00,
1.12831064,12108008,Broady/Soylu,Chan/Sawayanagi v Broady/Soylu,50,2016-11-18 07:26:53.031,3.15,2016-11-18 09:22:00,
1.12831064,12108008,Broady/Soylu,Chan/Sawayanagi v Broady/Soylu,60,2016-11-18 07:35:08.837,3.35,2016-11-18 09:22:00,
1.12831064,12108008,Broady/Soylu,Chan/Sawayanagi v Broady/Soylu,70,2016-11-18 08:05:00.606,3.45,2016-11-18 09:22:00,
1.12831064,12108008,Broady/Soylu,Chan/Sawayanagi v Broady/Soylu,80,2016-11-18 08:06:20.796,3.4,2016-11-18 09:22:00,
1.12831064,12108008,Broady/Soylu,Chan/Sawayanagi v Broady/Soylu,90,2016-11-18 08:34:03.169,3.15,2016-11-18 08:46:00,
1.12831064,12108008,Broady/Soylu,Chan/Sawayanagi v Broady/Soylu,100,2016-11-18 08:38:46.546,2.5,2016-11-18 08:46:00,
1.128336358,3622149,Stefanie Voegele,Voegele v Cornet,0,2016-11-18 06:41:07.566,3.65,2016-11-18 12:00:00,
1.128336358,3622149,Stefanie Voegele,Voegele v Cornet,10,2016-11-18 08:57:59.460,3.9,2016-11-18 12:00:00,
1.128336358,3622149,Stefanie Voegele,Voegele v Cornet,20,2016-11-18 10:02:57.729,3.6,2016-11-18 12:00:00,
1.128336358,3622149,Stefanie Voegele,Voegele v Cornet,30,2016-11-18 10:24:02.822,3.65,2016-11-18 12:00:00,
1.128336358,3622149,Stefanie Voegele,Voegele v Cornet,40,2016-11-18 10:59:40.960,3.4,2016-11-18 12:00:00,
1.128336358,3622149,Stefanie Voegele,Voegele v Cornet,50,2016-11-18 11:33:04.137,3.3,2016-11-18 12:00:00,
1.128336358,3622149,Stefanie Voegele,Voegele v Cornet,60,2016-11-18 11:37:08.254,3.15,2016-11-18 12:00:00,
1.128336358,3622149,Stefanie Voegele,Voegele v Cornet,70,2016-11-18 11:40:57.101,3.2,2016-11-18 12:00:00,
1.128336358,3622149,Stefanie Voegele,Voegele v Cornet,80,2016-11-18 11:44:08.144,3.0,2016-11-18 12:00:00,
1.128336358,3622149,Stefanie Voegele,Voegele v Cornet,90,2016-11-18 11:52:08.459,3.15,2016-11-18 12:00:00,
1.128336358,3622149,Stefanie Voegele,Voegele v Cornet,100,2016-11-18 11:55:07.499,3.3,2016-11-18 12:00:00,
1.128336358,8736064,Alizé Cornet,Voegele v Cornet,0,2016-11-18 00:40:11.463,1.33,2016-11-18 12:00:00,
1.128336358,8736064,Alizé Cornet,Voegele v Cornet,10,2016-11-18 08:02:02.820,1.34,2016-11-18 12:00:00,
1.128336358,8736064,Alizé Cornet,Voegele v Cornet,20,2016-11-18 10:02:57.729,1.38,2016-11-18 12:00:00,
1.128336358,8736064,Alizé Cornet,Voegele v Cornet,30,2016-11-18 10:09:08.327,1.41,2016-11-18 12:00:00,
1.128336358,8736064,Alizé Cornet,Voegele v Cornet,40,2016-11-18 10:36:54.006,1.42,2016-11-18 12:00:00,
1.128336358,8736064,Alizé Cornet,Voegele v Cornet,50,2016-11-18 11:20:07.967,1.41,2016-11-18 12:00:00,
1.128336358,8736064,Alizé Cornet,Voegele v Cornet,60,2016-11-18 11:33:04.137,1.42,2016-11-18 12:00:00,
1.128336358,8736064,Alizé Cornet,Voegele v Cornet,70,2016-11-18 11:37:08.254,1.46,2016-11-18 12:00:00,
1.128336358,8736064,Alizé Cornet,Voegele v Cornet,80,2016-11-18 11:44:08.144,1.5,2016-11-18 12:00:00,
1.128336358,8736064,Alizé Cornet,Voegele v Cornet,90,2016-11-18 11:49:06.374,1.49,2016-11-18 12:00:00,
1.128336358,8736064,Alizé Cornet,Voegele v Cornet,100,2016-11-18 11:55:07.499,1.44,2016-11-18 12:00:00,
1.128336928,5248977,Caroline Garcia,Caro Garcia v Vekic,0,2016-11-17 23:34:56.870,1.3,2016-11-18 15:30:00,
1.128336928,5248977,Caroline Garcia,Caro Garcia v Vekic,10,2016-11-18 09:23:47.056,1.4,2016-11-18 15:30:00,
1.128336928,5248977,Caroline Garcia,Caro Garcia v Vekic,20,2016-11-18 11:57:00.929,1.41,2016-11-18 15:30:00,
1.128336928,5248977,Caroline Garcia,Caro Garcia v Vekic,30,2016-11-18 12:43:11.529,1.37,2016-11-18 15:30:00,
1.128336928,5248977,Caroline Garcia,Caro Garcia v Vekic,40,2016-11-18 13:30:10.981,1.37,2016-11-18 15:30:00,
1.128336928,5248977,Caroline Garcia,Caro Garcia v Vekic,50,2016-11-18 13:44:11.173,1.34,2016-11-18 15:30:00,
1.128336928,5248977,Caroline Garcia,Caro Garcia v Vekic,60,2016-11-18 15:08:00.283,1.35,2016-11-18 15:30:00,
1.128336928,5248977,Caroline Garcia,Caro Garcia v Vekic,70,2016-11-18 15:20:44.720,1.35,2016-11-18 15:30:00,
1.128336928,5248977,Caroline Garcia,Caro Garcia v Vekic,80,2016-11-18 15:33:56.675,1.34,2016-11-18 15:45:00,
1.128336928,5248977,Caroline Garcia,Caro Garcia v Vekic,90,2016-11-18 15:57:09.144,1.32,2016-11-18 16:00:00,
1.128336928,5248977,Caroline Garcia,Caro Garcia v Vekic,100,2016-11-18 16:13:55.405,1.32,2016-11-18 16:15:00,
1.128336928,6603944,Donna Vekic,Caro Garcia v Vekic,0,2016-11-18 09:21:53.598,3.6,2016-11-18 15:30:00,
1.128336928,6603944,Donna Vekic,Caro Garcia v Vekic,10,2016-11-18 10:58:20.479,3.5,2016-11-18 15:30:00,
1.128336928,6603944,Donna Vekic,Caro Garcia v Vekic,20,2016-11-18 11:27:08.376,3.7,2016-11-18 15:30:00,
1.128336928,6603944,Donna Vekic,Caro Garcia v Vekic,30,2016-11-18 13:27:03.209,3.7,2016-11-18 15:30:00,
1.128336928,6603944,Donna Vekic,Caro Garcia v Vekic,40,2016-11-18 13:35:11.535,3.7,2016-11-18 15:30:00,
1.128336928,6603944,Donna Vekic,Caro Garcia v Vekic,50,2016-11-18 13:40:00.683,3.9,2016-11-18 15:30:00,
1.128336928,6603944,Donna Vekic,Caro Garcia v Vekic,60,2016-11-18 13:53:11.763,3.95,2016-11-18 15:30:00,
1.128336928,6603944,Donna Vekic,Caro Garcia v Vekic,70,2016-11-18 14:40:01.923,3.75,2016-11-18 15:30:00,
1.128336928,6603944,Donna Vekic,Caro Garcia v Vekic,80,2016-11-18 15:20:11.216,3.75,2016-11-18 15:30:00,
1.128336928,6603944,Donna Vekic,Caro Garcia v Vekic,90,2016-11-18 15:33:56.675,3.7,2016-11-18 15:45:00,
1.128336928,6603944,Donna Vekic,Caro Garcia v Vekic,100,2016-11-18 16:04:43.256,4.2,2016-11-18 16:15:00,
1.128336989,8176581,S Peng,S Peng v N Stojanovic,0,2016-11-17 19:53:12.639,1.21,2016-11-18 04:05:00,
1.128336989,8176581,S Peng,S Peng v N Stojanovic,10,2016-11-17 20:59:55.852,1.23,2016-11-18 04:05:00,
1.128336989,8176581,S Peng,S Peng v N Stojanovic,20,2016-11-17 22:09:08.450,1.15,2016-11-18 04:05:00,
1.128336989,8176581,S Peng,S Peng v N Stojanovic,30,2016-11-17 22:43:31.339,1.15,2016-11-18 04:05:00,
1.128336989,8176581,S Peng,S Peng v N Stojanovic,40,2016-11-18 02:16:40.207,1.26,2016-11-18 04:05:00,
1.128336989,8176581,S Peng,S Peng v N Stojanovic,50,2016-11-18 02:45:29.413,1.15,2016-11-18 04:05:00,
1.128336989,8176581,S Peng,S Peng v N Stojanovic,60,2016-11-18 03:21:30.478,1.18,2016-11-18 04:05:00,
1.128336989,8176581,S Peng,S Peng v N Stojanovic,70,2016-11-18 03:40:04.906,1.26,2016-11-18 04:05:00,
1.128336989,8176581,S Peng,S Peng v N Stojanovic,80,2016-11-18 03:46:11.376,1.23,2016-11-18 04:05:00,
1.128336989,8176581,S Peng,S Peng v N Stojanovic,90,2016-11-18 03:50:13.093,1.18,2016-11-18 04:05:00,
1.128336989,8176581,S Peng,S Peng v N Stojanovic,100,2016-11-18 03:56:58.430,1.24,2016-11-18 04:05:00,
1.128336989,9630249,N Stojanovic,S Peng v N Stojanovic,0,2016-11-17 20:59:55.852,5.4,2016-11-18 04:05:00,
1.128336989,9630249,N Stojanovic,S Peng v N Stojanovic,10,2016-11-17 22:09:08.450,7.8,2016-11-18 04:05:00,
1.128336989,9630249,N Stojanovic,S Peng v N Stojanovic,20,2016-11-17 22:09:14.723,7.0,2016-11-18 04:05:00,
1.128336989,9630249,N Stojanovic,S Peng v N Stojanovic,30,2016-11-17 22:43:31.339,7.6,2016-11-18 04:05:00,
1.128336989,9630249,N Stojanovic,S Peng v N Stojanovic,40,2016-11-18 02:05:14.046,7.2,2016-11-18 04:05:00,
1.128336989,9630249,N Stojanovic,S Peng v N Stojanovic,50,2016-11-18 02:16:40.207,5.5,2016-11-18 04:05:00,
1.128336989,9630249,N Stojanovic,S Peng v N Stojanovic,60,2016-11-18 02:45:29.413,7.6,2016-11-18 04:05:00,
1.128336989,9630249,N Stojanovic,S Peng v N Stojanovic,70,2016-11-18 03:21:30.478,6.8,2016-11-18 04:05:00,
1.128336989,9630249,N Stojanovic,S Peng v N Stojanovic,80,2016-11-18 03:25:51.900,7.0,2016-11-18 04:05:00,
1.128336989,9630249,N Stojanovic,S Peng v N Stojanovic,90,2016-11-18 03:40:04.906,4.9,2016-11-18 04:05:00,
1.128336989,9630249,N Stojanovic,S Peng v N Stojanovic,100,2016-11-18 03:51:08.225,4.9,2016-11-18 04:05:00,
1.128337171,7413423,Jared Donaldson,J Donaldson v Bemelmans,0,2016-11-18 10:16:07.102,1.82,2016-11-18 20:00:00,
1.128337171,7413423,Jared Donaldson,J Donaldson v Bemelmans,10,2016-11-18 11:50:31.086,1.8,2016-11-18 20:00:00,
1.128337171,7413423,Jared Donaldson,J Donaldson v Bemelmans,20,2016-11-18 14:23:13.402,1.91,2016-11-18 20:00:00,
1.128337171,7413423,Jared Donaldson,J Donaldson v Bemelmans,30,2016-11-18 16:35:59.643,1.72,2016-11-18 20:00:00,
1.128337171,7413423,Jared Donaldson,J Donaldson v Bemelmans,40,2016-11-18 16:36:59.273,1.68,2016-11-18 20:00:00,
1.128337171,7413423,Jared Donaldson,J Donaldson v Bemelmans,50,2016-11-18 17:15:50.974,1.82,2016-11-18 20:00:00,
1.128337171,7413423,Jared Donaldson,J Donaldson v Bemelmans,60,2016-11-18 18:00:53.183,1.8,2016-11-18 19:52:00,
1.128337171,7413423,Jared Donaldson,J Donaldson v Bemelmans,70,2016-11-18 18:01:44.232,1.79,2016-11-18 19:52:00,
1.128337171,7413423,Jared Donaldson,J Donaldson v Bemelmans,80,2016-11-18 18:34:00.792,1.79,2016-11-18 19:52:00,
1.128337171,7413423,Jared Donaldson,J Donaldson v Bemelmans,90,2016-11-18 18:42:01.307,1.76,2016-11-18 19:52:00,
1.128337171,7413423,Jared Donaldson,J Donaldson v Bemelmans,100,2016-11-18 19:11:01.659,1.76,2016-11-18 19:14:00,
1.128337232,2263634,Lukas Lacko,Lacko v Dancevic,0,2016-11-18 09:24:52.907,1.59,2016-11-18 20:00:00,
1.128337232,2263634,Lukas Lacko,Lacko v Dancevic,10,2016-11-18 10:00:41.755,1.68,2016-11-18 20:00:00,
1.128337232,2263634,Lukas Lacko,Lacko v Dancevic,20,2016-11-18 11:58:37.150,1.54,2016-11-18 20:00:00,
1.128337232,2263634,Lukas Lacko,Lacko v Dancevic,30,2016-11-18 16:36:43.624,1.61,2016-11-18 20:00:00,
1.128337232,2263634,Lukas Lacko,Lacko v Dancevic,40,2016-11-18 18:11:41.515,1.55,2016-11-18 19:53:00,
1.128337232,2263634,Lukas Lacko,Lacko v Dancevic,50,2016-11-18 18:23:37.280,1.66,2016-11-18 19:53:00,
1.128337232,2263634,Lukas Lacko,Lacko v Dancevic,60,2016-11-18 19:37:55.598,1.55,2016-11-18 19:53:00,
1.128337232,2263634,Lukas Lacko,Lacko v Dancevic,70,2016-11-18 20:12:59.351,1.54,2016-11-18 20:23:00,
1.128337232,2263634,Lukas Lacko,Lacko v Dancevic,80,2016-11-18 20:30:59.991,1.73,2016-11-18 20:38:00,
1.128337232,2263634,Lukas Lacko,Lacko v Dancevic,90,2016-11-18 20:32:04.787,1.55,2016-11-18 20:38:00,
1.128337232,2263634,Lukas Lacko,Lacko v Dancevic,100,2016-11-18 20:41:55.666,1.57,2016-11-18 20:53:00,
1.128337356,6390239,Maryna Zanevska,Zanevska v Alexandrova,0,2016-11-18 10:25:35.417,1.72,2016-11-18 14:00:00,
1.128337356,6390239,Maryna Zanevska,Zanevska v Alexandrova,10,2016-11-18 11:54:04.899,1.79,2016-11-18 14:00:00,
1.128337356,6390239,Maryna Zanevska,Zanevska v Alexandrova,20,2016-11-18 11:59:08.542,1.81,2016-11-18 14:00:00,
1.128337356,6390239,Maryna Zanevska,Zanevska v Alexandrova,30,2016-11-18 12:52:59.319,1.8,2016-11-18 14:00:00,
1.128337356,6390239,Maryna Zanevska,Zanevska v Alexandrova,40,2016-11-18 12:55:02.562,1.84,2016-11-18 14:00:00,
1.128337356,6390239,Maryna Zanevska,Zanevska v Alexandrova,50,2016-11-18 13:47:55.162,1.85,2016-11-18 14:00:00,
1.128337356,6390239,Maryna Zanevska,Zanevska v Alexandrova,60,2016-11-18 13:49:08.208,1.8,2016-11-18 14:00:00,
1.128337356,6390239,Maryna Zanevska,Zanevska v Alexandrova,70,2016-11-18 13:53:57.508,1.84,2016-11-18 14:00:00,
1.128337356,6390239,Maryna Zanevska,Zanevska v Alexandrova,80,2016-11-18 14:01:59.873,1.93,2016-11-18 14:15:00,
1.128337356,6390239,Maryna Zanevska,Zanevska v Alexandrova,90,2016-11-18 14:16:01.239,1.85,2016-11-18 14:30:00,
1.128337356,6390239,Maryna Zanevska,Zanevska v Alexandrova,100,2016-11-18 14:29:04.414,1.83,2016-11-18 14:30:00,
1.128337457,2283676,Carlos Berlocq,Berlocq v Cervantes,0,2016-11-18 09:44:53.124,1.54,2016-11-18 18:30:00,
1.128337457,2283676,Carlos Berlocq,Berlocq v Cervantes,10,2016-11-18 10:43:42.363,1.53,2016-11-18 18:30:00,
1.128337457,2283676,Carlos Berlocq,Berlocq v Cervantes,20,2016-11-18 11:02:05.888,1.56,2016-11-18 18:30:00,
1.128337457,2283676,Carlos Berlocq,Berlocq v Cervantes,30,2016-11-18 13:32:05.892,1.49,2016-11-18 18:30:00,
1.128337457,2283676,Carlos Berlocq,Berlocq v Cervantes,40,2016-11-18 15:17:04.784,1.51,2016-11-18 18:30:00,
1.128337457,2283676,Carlos Berlocq,Berlocq v Cervantes,50,2016-11-18 16:23:01.552,1.48,2016-11-18 18:30:00,
1.128337457,2283676,Carlos Berlocq,Berlocq v Cervantes,60,2016-11-18 16:50:19.785,1.52,2016-11-18 18:30:00,
1.128337457,2283676,Carlos Berlocq,Berlocq v Cervantes,70,2016-11-18 17:35:06.069,1.56,2016-11-18 18:30:00,
1.128337457,2283676,Carlos Berlocq,Berlocq v Cervantes,80,2016-11-18 17:58:03.599,1.46,2016-11-18 18:30:00,
1.128337457,2283676,Carlos Berlocq,Berlocq v Cervantes,90,2016-11-18 18:22:59.403,1.48,2016-11-18 18:30:00,
1.128337457,2283676,Carlos Berlocq,Berlocq v Cervantes,100,2016-11-18 18:29:52.658,1.48,2016-11-18 18:30:00,
1.128337508,7797772,Egor Gerasimov,Grigelis v Gerasimov,0,2016-11-18 06:37:03.268,1.76,2016-11-18 16:00:00,
1.128337508,7797772,Egor Gerasimov,Grigelis v Gerasimov,10,2016-11-18 07:11:00.972,1.77,2016-11-18 16:00:00,
1.128337508,7797772,Egor Gerasimov,Grigelis v Gerasimov,20,2016-11-18 07:57:02.264,1.63,2016-11-18 16:00:00,
1.128337508,7797772,Egor Gerasimov,Grigelis v Gerasimov,30,2016-11-18 08:54:46.196,1.57,2016-11-18 16:00:00,
1.128337508,7797772,Egor Gerasimov,Grigelis v Gerasimov,40,2016-11-18 09:31:14.538,1.58,2016-11-18 16:00:00,
1.128337508,7797772,Egor Gerasimov,Grigelis v Gerasimov,50,2016-11-18 09:50:45.839,1.59,2016-11-18 16:00:00,
1.128337508,7797772,Egor Gerasimov,Grigelis v Gerasimov,60,2016-11-18 14:01:37.766,1.54,2016-11-18 16:00:00,
1.128337508,7797772,Egor Gerasimov,Grigelis v Gerasimov,70,2016-11-18 15:22:54.717,1.55,2016-11-18 16:00:00,
1.128337508,7797772,Egor Gerasimov,Grigelis v Gerasimov,80,2016-11-18 16:01:07.242,1.55,2016-11-18 16:15:00,
1.128337508,7797772,Egor Gerasimov,Grigelis v Gerasimov,90,2016-11-18 16:08:20.665,1.55,2016-11-18 16:15:00,
1.128337508,7797772,Egor Gerasimov,Grigelis v Gerasimov,100,2016-11-18 16:24:13.390,1.57,2016-11-18 16:30:00,
1.128338043,2257310,Nicolas Almagro,Almagro v Garin,0,2016-11-18 10:58:37.611,1.26,2016-11-18 23:00:00,
1.128338043,2257310,Nicolas Almagro,Almagro v Garin,10,2016-11-18 14:18:21.522,1.21,2016-11-18 23:00:00,
1.128338043,2257310,Nicolas Almagro,Almagro v Garin,20,2016-11-18 19:47:45.186,1.23,2016-11-18 23:00:00,
1.128338043,2257310,Nicolas Almagro,Almagro v Garin,30,2016-11-18 21:15:58.178,1.28,2016-11-18 23:00:00,
1.128338043,2257310,Nicolas Almagro,Almagro v Garin,40,2016-11-18 21:22:37.679,1.34,2016-11-18 23:00:00,
1.128338043,2257310,Nicolas Almagro,Almagro v Garin,50,2016-11-18 21:38:57.001,1.29,2016-11-18 23:00:00,
1.128338043,2257310,Nicolas Almagro,Almagro v Garin,60,2016-11-18 22:19:58.452,1.27,2016-11-18 23:00:00,
1.128338043,2257310,Nicolas Almagro,Almagro v Garin,70,2016-11-18 22:52:54.747,1.27,2016-11-18 23:00:00,
1.128338043,2257310,Nicolas Almagro,Almagro v Garin,80,2016-11-18 23:01:58.022,1.27,2016-11-18 23:15:00,
1.128338043,2257310,Nicolas Almagro,Almagro v Garin,90,2016-11-18 23:15:57.912,1.24,2016-11-18 23:30:00,
1.128338043,2257310,Nicolas Almagro,Almagro v Garin,100,2016-11-18 23:31:57.289,1.22,2016-11-18 23:45:00,
1.128338043,6670624,Christian Garin,Almagro v Garin,0,2016-11-18 11:10:36.056,5.2,2016-11-18 23:00:00,
1.128338043,6670624,Christian Garin,Almagro v Garin,10,2016-11-18 19:35:51.826,5.1,2016-11-18 23:00:00,
1.128338043,6670624,Christian Garin,Almagro v Garin,20,2016-11-18 21:00:57.952,4.7,2016-11-18 23:00:00,
1.128338043,6670624,Christian Garin,Almagro v Garin,30,2016-11-18 21:19:44.628,4.1,2016-11-18 23:00:00,
1.128338043,6670624,Christian Garin,Almagro v Garin,40,2016-11-18 21:25:57.111,4.2,2016-11-18 23:00:00,
1.128338043,6670624,Christian Garin,Almagro v Garin,50,2016-11-18 21:55:57.387,4.5,2016-11-18 23:00:00,
1.128338043,6670624,Christian Garin,Almagro v Garin,60,2016-11-18 22:20:57.752,4.0,2016-11-18 23:00:00,
1.128338043,6670624,Christian Garin,Almagro v Garin,70,2016-11-18 22:54:57.646,5.0,2016-11-18 23:00:00,
1.128338043,6670624,Christian Garin,Almagro v Garin,80,2016-11-18 23:07:41.801,4.8,2016-11-18 23:15:00,
1.128338043,6670624,Christian Garin,Almagro v Garin,90,2016-11-18 23:16:55.579,4.8,2016-11-18 23:30:00,
1.128338043,6670624,Christian Garin,Almagro v Garin,100,2016-11-18 23:34:48.728,5.3,2016-11-18 23:45:00,
1.12833846,2415530,Evgeniya Rodina,Rodina v Govortsova,0,2016-11-18 21:23:53.586,2.14,2016-11-19 07:00:00,
1.12833846,2415530,Evgeniya Rodina,Rodina v Govortsova,10,2016-11-18 22:24:56.996,2.12,2016-11-19 07:00:00,
1.12833846,2415530,Evgeniya Rodina,Rodina v Govortsova,20,2016-11-18 23:40:24.666,2.2,2016-11-19 07:00:00,
1.12833846,2415530,Evgeniya Rodina,Rodina v Govortsova,30,2016-11-19 03:45:43.661,2.28,2016-11-19 07:00:00,
1.12833846,2415530,Evgeniya Rodina,Rodina v Govortsova,40,2016-11-19 05:01:04.766,2.34,2016-11-19 07:00:00,
1.12833846,2415530,Evgeniya Rodina,Rodina v Govortsova,50,2016-11-19 05:25:01.482,2.34,2016-11-19 07:00:00,
1.12833846,2415530,Evgeniya Rodina,Rodina v Govortsova,60,2016-11-19 05:47:01.424,2.36,2016-11-19 07:00:00,
1.12833846,2415530,Evgeniya Rodina,Rodina v Govortsova,70,2016-11-19 05:49:50.121,2.32,2016-11-19 07:00:00,
1.12833846,2415530,Evgeniya Rodina,Rodina v Govortsova,80,2016-11-19 06:12:02.721,2.38,2016-11-19 07:00:00,
1.12833846,2415530,Evgeniya Rodina,Rodina v Govortsova,90,2016-11-19 06:17:59.721,2.32,2016-11-19 07:00:00,
1.12833846,2415530,Evgeniya Rodina,Rodina v Govortsova,100,2016-11-19 06:28:53.369,2.32,2016-11-19 06:29:00,
1.12833846,2415575,Olga Govortsova,Rodina v Govortsova,0,2016-11-18 14:30:00.219,1.82,2016-11-19 07:00:00,
1.12833846,2415575,Olga Govortsova,Rodina v Govortsova,10,2016-11-18 20:31:40.648,1.83,2016-11-19 07:00:00,
1.12833846,2415575,Olga Govortsova,Rodina v Govortsova,20,2016-11-18 22:17:54.346,1.81,2016-11-19 07:00:00,
1.12833846,2415575,Olga Govortsova,Rodina v Govortsova,30,2016-11-18 23:40:24.666,1.83,2016-11-19 07:00:00,
1.12833846,2415575,Olga Govortsova,Rodina v Govortsova,40,2016-11-19 01:32:01.587,1.82,2016-11-19 07:00:00,
1.12833846,2415575,Olga Govortsova,Rodina v Govortsova,50,2016-11-19 03:44:47.862,1.79,2016-11-19 07:00:00,
1.12833846,2415575,Olga Govortsova,Rodina v Govortsova,60,2016-11-19 04:26:04.304,1.76,2016-11-19 07:00:00,
1.12833846,2415575,Olga Govortsova,Rodina v Govortsova,70,2016-11-19 05:47:01.424,1.74,2016-11-19 07:00:00,
1.12833846,2415575,Olga Govortsova,Rodina v Govortsova,80,2016-11-19 06:12:02.721,1.73,2016-11-19 07:00:00,
1.12833846,2415575,Olga Govortsova,Rodina v Govortsova,90,2016-11-19 06:24:05.052,1.71,2016-11-19 07:00:00,
1.12833846,2415575,Olga Govortsova,Rodina v Govortsova,100,2016-11-19 06:28:00.688,1.73,2016-11-19 06:29:00,
1.128338937,2250859,Marina Erakovic,Ka Chang v Erakovic,0,2016-11-18 17:27:32.713,1.84,2016-11-19 05:00:00,
1.128338937,2250859,Marina Erakovic,Ka Chang v Erakovic,10,2016-11-18 20:35:01.373,1.82,2016-11-19 05:00:00,
1.128338937,2250859,Marina Erakovic,Ka Chang v Erakovic,20,2016-11-18 22:16:43.748,1.81,2016-11-19 05:00:00,
1.128338937,2250859,Marina Erakovic,Ka Chang v Erakovic,30,2016-11-18 23:47:55.012,1.78,2016-11-19 05:00:00,
1.128338937,2250859,Marina Erakovic,Ka Chang v Erakovic,40,2016-11-19 03:05:08.837,1.86,2016-11-19 05:00:00,
1.128338937,2250859,Marina Erakovic,Ka Chang v Erakovic,50,2016-11-19 03:10:16.384,1.85,2016-11-19 05:00:00,
1.128338937,2250859,Marina Erakovic,Ka Chang v Erakovic,60,2016-11-19 03:14:08.781,1.86,2016-11-19 05:00:00,
1.128338937,2250859,Marina Erakovic,Ka Chang v Erakovic,70,2016-11-19 03:19:16.406,1.86,2016-11-19 05:00:00,
1.128338937,2250859,Marina Erakovic,Ka Chang v Erakovic,80,2016-11-19 03:22:15.440,1.85,2016-11-19 05:00:00,
1.128338937,2250859,Marina Erakovic,Ka Chang v Erakovic,90,2016-11-19 03:25:11.283,1.87,2016-11-19 05:00:00,
1.128338937,2250859,Marina Erakovic,Ka Chang v Erakovic,100,2016-11-19 04:58:16.265,1.84,2016-11-19 05:00:00,
1.128338937,8887166,Kai-Chen Chang,Ka Chang v Erakovic,0,2016-11-18 17:27:32.713,2.18,2016-11-19 05:00:00,
1.128338937,8887166,Kai-Chen Chang,Ka Chang v Erakovic,10,2016-11-18 20:41:10.373,2.24,2016-11-19 05:00:00,
1.128338937,8887166,Kai-Chen Chang,Ka Chang v Erakovic,20,2016-11-18 23:39:06.813,2.2,2016-11-19 05:00:00,
1.128338937,8887166,Kai-Chen Chang,Ka Chang v Erakovic,30,2016-11-18 23:45:08.367,2.24,2016-11-19 05:00:00,
1.128338937,8887166,Kai-Chen Chang,Ka Chang v Erakovic,40,2016-11-19 03:02:14.731,2.2,2016-11-19 05:00:00,
1.128338937,8887166,Kai-Chen Chang,Ka Chang v Erakovic,50,2016-11-19 03:04:16.344,2.18,2016-11-19 05:00:00,
1.128338937,8887166,Kai-Chen Chang,Ka Chang v Erakovic,60,2016-11-19 03:05:08.837,2.16,2016-11-19 05:00:00,
1.128338937,8887166,Kai-Chen Chang,Ka Chang v Erakovic,70,2016-11-19 03:26:15.905,2.14,2016-11-19 05:00:00,
1.128338937,8887166,Kai-Chen Chang,Ka Chang v Erakovic,80,2016-11-19 04:51:56.093,2.16,2016-11-19 05:00:00,
1.128338937,8887166,Kai-Chen Chang,Ka Chang v Erakovic,90,2016-11-19 04:56:01.133,2.14,2016-11-19 05:00:00,
1.128338937,8887166,Kai-Chen Chang,Ka Chang v Erakovic,100,2016-11-19 04:59:06.103,2.14,2016-11-19 05:00:00,
1.128358978,8681458,Ekaterina Alexandrova,Alexandrova v Cornet,0,2016-11-18 22:10:57.467,3.2,2016-11-19 15:30:00,
1.128358978,8681458,Ekaterina Alexandrova,Alexandrova v Cornet,10,2016-11-19 07:30:56.322,2.88,2016-11-19 15:30:00,
1.128358978,8681458,Ekaterina Alexandrova,Alexandrova v Cornet,20,2016-11-19 08:15:18.970,2.9,2016-11-19 15:30:00,
1.128358978,8681458,Ekaterina Alexandrova,Alexandrova v Cornet,30,2016-11-19 08:42:19.011,2.76,2016-11-19 15:30:00,
1.128358978,8681458,Ekaterina Alexandrova,Alexandrova v Cornet,40,2016-11-19 09:06:14.406,2.72,2016-11-19 15:30:00,
1.128358978,8681458,Ekaterina Alexandrova,Alexandrova v Cornet,50,2016-11-19 10:14:35.521,2.76,2016-11-19 15:30:00,
1.128358978,8681458,Ekaterina Alexandrova,Alexandrova v Cornet,60,2016-11-19 10:43:18.585,2.66,2016-11-19 15:30:00,
1.128358978,8681458,Ekaterina Alexandrova,Alexandrova v Cornet,70,2016-11-19 13:06:14.539,2.68,2016-11-19 15:30:00,
1.128358978,8681458,Ekaterina Alexandrova,Alexandrova v Cornet,80,2016-11-19 14:30:20.411,2.64,2016-11-19 15:30:00,
1.128358978,8681458,Ekaterina Alexandrova,Alexandrova v Cornet,90,2016-11-19 15:10:17.183,2.7,2016-11-19 15:30:00,
1.128358978,8681458,Ekaterina Alexandrova,Alexandrova v Cornet,100,2016-11-19 15:25:20.075,2.7,2016-11-19 15:30:00,
1.128358978,8736064,Alizé Cornet,Alexandrova v Cornet,0,2016-11-18 21:54:11.371,1.46,2016-11-19 15:30:00,
1.128358978,8736064,Alizé Cornet,Alexandrova v Cornet,10,2016-11-19 07:38:42.560,1.47,2016-11-19 15:30:00,
1.128358978,8736064,Alizé Cornet,Alexandrova v Cornet,20,2016-11-19 08:37:01.894,1.55,2016-11-19 15:30:00,
1.128358978,8736064,Alizé Cornet,Alexandrova v Cornet,30,2016-11-19 09:13:20.243,1.58,2016-11-19 15:30:00,
1.128358978,8736064,Alizé Cornet,Alexandrova v Cornet,40,2016-11-19 09:55:58.184,1.58,2016-11-19 15:30:00,
1.128358978,8736064,Alizé Cornet,Alexandrova v Cornet,50,2016-11-19 11:15:57.388,1.56,2016-11-19 15:30:00,
1.128358978,8736064,Alizé Cornet,Alexandrova v Cornet,60,2016-11-19 12:36:52.553,1.56,2016-11-19 15:30:00,
1.128358978,8736064,Alizé Cornet,Alexandrova v Cornet,70,2016-11-19 13:24:17.222,1.57,2016-11-19 15:30:00,
1.128358978,8736064,Alizé Cornet,Alexandrova v Cornet,80,2016-11-19 14:36:16.075,1.62,2016-11-19 15:30:00,
1.128358978,8736064,Alizé Cornet,Alexandrova v Cornet,90,2016-11-19 15:10:17.183,1.58,2016-11-19 15:30:00,
1.128358978,8736064,Alizé Cornet,Alexandrova v Cornet,100,2016-11-19 15:24:12.042,1.6,2016-11-19 15:30:00,
1.128359248,8257868,Salvatore Caruso,Caruso v Grigelis,0,2016-11-19 09:24:05.468,1.74,2016-11-19 14:00:00,
1.128359248,8257868,Salvatore Caruso,Caruso v Grigelis,10,2016-11-19 11:24:21.716,1.71,2016-11-19 14:00:00,
1.128359248,8257868,Salvatore Caruso,Caruso v Grigelis,20,2016-11-19 12:35:11.235,1.68,2016-11-19 14:00:00,
1.128359248,8257868,Salvatore Caruso,Caruso v Grigelis,30,2016-11-19 12:44:58.204,1.68,2016-11-19 14:00:00,
1.128359248,8257868,Salvatore Caruso,Caruso v Grigelis,40,2016-11-19 12:45:09.499,1.7,2016-11-19 14:00:00,
1.128359248,8257868,Salvatore Caruso,Caruso v Grigelis,50,2016-11-19 13:15:49.793,1.75,2016-11-19 14:00:00,
1.128359248,8257868,Salvatore Caruso,Caruso v Grigelis,60,2016-11-19 13:17:44.824,1.71,2016-11-19 14:00:00,
1.128359248,8257868,Salvatore Caruso,Caruso v Grigelis,70,2016-11-19 13:18:53.005,1.68,2016-11-19 14:00:00,
1.128359248,8257868,Salvatore Caruso,Caruso v Grigelis,80,2016-11-19 13:32:51.443,1.73,2016-11-19 14:00:00,
1.128359248,8257868,Salvatore Caruso,Caruso v Grigelis,90,2016-11-19 13:41:52.705,1.74,2016-11-19 14:00:00,
1.128359248,8257868,Salvatore Caruso,Caruso v Grigelis,100,2016-11-19 13:53:59.768,1.62,2016-11-19 14:00:00,
1.128360375,5248977,Caroline Garcia,Caro Garcia v Vikhlyantseva,0,2016-11-18 21:55:38.381,1.35,2016-11-19 16:30:00,
1.128360375,5248977,Caroline Garcia,Caro Garcia v Vikhlyantseva,10,2016-11-19 04:03:56.767,1.32,2016-11-19 16:30:00,
1.128360375,5248977,Caroline Garcia,Caro Garcia v Vikhlyantseva,20,2016-11-19 11:27:12.964,1.35,2016-11-19 16:30:00,
1.128360375,5248977,Caroline Garcia,Caro Garcia v Vikhlyantseva,30,2016-11-19 13:12:23.466,1.32,2016-11-19 16:30:00,
1.128360375,5248977,Caroline Garcia,Caro Garcia v Vikhlyantseva,40,2016-11-19 13:15:39.015,1.35,2016-11-19 16:30:00,
1.128360375,5248977,Caroline Garcia,Caro Garcia v Vikhlyantseva,50,2016-11-19 14:49:51.823,1.34,2016-11-19 16:30:00,
1.128360375,5248977,Caroline Garcia,Caro Garcia v Vikhlyantseva,60,2016-11-19 16:25:08.477,1.34,2016-11-19 16:30:00,
1.128360375,5248977,Caroline Garcia,Caro Garcia v Vikhlyantseva,70,2016-11-19 16:29:09.057,1.34,2016-11-19 16:30:00,
1.128360375,5248977,Caroline Garcia,Caro Garcia v Vikhlyantseva,80,2016-11-19 16:59:53.222,1.33,2016-11-19 17:00:00,
1.128360375,5248977,Caroline Garcia,Caro Garcia v Vikhlyantseva,90,2016-11-19 17:12:46.047,1.33,2016-11-19 17:15:00,
1.128360375,5248977,Caroline Garcia,Caro Garcia v Vikhlyantseva,100,2016-11-19 17:28:37.553,1.3,2016-11-19 17:30:00,
1.128360523,1502771,Bryan/Bryan,Kontinen/Peers v Bryan/Bryan,0,2016-11-18 20:36:14.052,2.38,2016-11-19 12:00:00,
1.128360523,1502771,Bryan/Bryan,Kontinen/Peers v Bryan/Bryan,10,2016-11-19 07:17:25.532,2.4,2016-11-19 12:00:00,
1.128360523,1502771,Bryan/Bryan,Kontinen/Peers v Bryan/Bryan,20,2016-11-19 07:29:00.429,2.44,2016-11-19 12:00:00,
1.128360523,1502771,Bryan/Bryan,Kontinen/Peers v Bryan/Bryan,30,2016-11-19 07:56:02.510,2.48,2016-11-19 12:00:00,
1.128360523,1502771,Bryan/Bryan,Kontinen/Peers v Bryan/Bryan,40,2016-11-19 09:02:02.764,2.62,2016-11-19 12:00:00,
1.128360523,1502771,Bryan/Bryan,Kontinen/Peers v Bryan/Bryan,50,2016-11-19 09:05:28.515,2.56,2016-11-19 12:00:00,
1.128360523,1502771,Bryan/Bryan,Kontinen/Peers v Bryan/Bryan,60,2016-11-19 11:10:02.231,2.58,2016-11-19 12:00:00,
1.128360523,1502771,Bryan/Bryan,Kontinen/Peers v Bryan/Bryan,70,2016-11-19 11:23:35.598,2.6,2016-11-19 12:00:00,
1.128360523,1502771,Bryan/Bryan,Kontinen/Peers v Bryan/Bryan,80,2016-11-19 11:27:26.415,2.58,2016-11-19 12:00:00,
1.128360523,1502771,Bryan/Bryan,Kontinen/Peers v Bryan/Bryan,90,2016-11-19 11:32:05.792,2.6,2016-11-19 12:00:00,
1.128360523,1502771,Bryan/Bryan,Kontinen/Peers v Bryan/Bryan,100,2016-11-19 11:37:54.293,2.68,2016-11-19 12:00:00,
1.128360523,10682162,Kontinen/Peers,Kontinen/Peers v Bryan/Bryan,0,2016-11-18 22:36:01.963,1.66,2016-11-19 12:00:00,
1.128360523,10682162,Kontinen/Peers,Kontinen/Peers v Bryan/Bryan,10,2016-11-19 01:43:26.514,1.65,2016-11-19 12:00:00,
1.128360523,10682162,Kontinen/Peers,Kontinen/Peers v Bryan/Bryan,20,2016-11-19 05:02:49.659,1.71,2016-11-19 12:00:00,
1.128360523,10682162,Kontinen/Peers,Kontinen/Peers v Bryan/Bryan,30,2016-11-19 07:17:25.532,1.7,2016-11-19 12:00:00,
1.128360523,10682162,Kontinen/Peers,Kontinen/Peers v Bryan/Bryan,40,2016-11-19 07:49:20.027,1.67,2016-11-19 12:00:00,
1.128360523,10682162,Kontinen/Peers,Kontinen/Peers v Bryan/Bryan,50,2016-11-19 08:33:58.888,1.62,2016-11-19 12:00:00,
1.128360523,10682162,Kontinen/Peers,Kontinen/Peers v Bryan/Bryan,60,2016-11-19 09:05:28.515,1.64,2016-11-19 12:00:00,
1.128360523,10682162,Kontinen/Peers,Kontinen/Peers v Bryan/Bryan,70,2016-11-19 10:16:37.098,1.64,2016-11-19 12:00:00,
1.128360523,10682162,Kontinen/Peers,Kontinen/Peers v Bryan/Bryan,80,2016-11-19 11:12:59.632,1.62,2016-11-19 12:00:00,
1.128360523,10682162,Kontinen/Peers,Kontinen/Peers v Bryan/Bryan,90,2016-11-19 11:23:35.598,1.62,2016-11-19 12:00:00,
1.128360523,10682162,Kontinen/Peers,Kontinen/Peers v Bryan/Bryan,100,2016-11-19 11:37:54.293,1.58,2016-11-19 12:00:00,
1.128360528,9546313,Klaasen/Ram,Murray/Soares v Klaasen/Ram,0,2016-11-19 00:39:50.472,2.58,2016-11-19 18:00:00,
1.128360528,9546313,Klaasen/Ram,Murray/Soares v Klaasen/Ram,10,2016-11-19 02:42:11.988,2.62,2016-11-19 18:00:00,
1.128360528,9546313,Klaasen/Ram,Murray/Soares v Klaasen/Ram,20,2016-11-19 09:12:21.945,2.88,2016-11-19 18:00:00,
1.128360528,9546313,Klaasen/Ram,Murray/Soares v Klaasen/Ram,30,2016-11-19 09:59:58.850,2.88,2016-11-19 18:00:00,
1.128360528,9546313,Klaasen/Ram,Murray/Soares v Klaasen/Ram,40,2016-11-19 11:11:04.550,2.86,2016-11-19 18:00:00,
1.128360528,9546313,Klaasen/Ram,Murray/Soares v Klaasen/Ram,50,2016-11-19 15:22:47.028,2.8,2016-11-19 18:00:00,
1.128360528,9546313,Klaasen/Ram,Murray/Soares v Klaasen/Ram,60,2016-11-19 16:22:06.219,2.76,2016-11-19 18:00:00,
1.128360528,9546313,Klaasen/Ram,Murray/Soares v Klaasen/Ram,70,2016-11-19 17:32:39.670,2.76,2016-11-19 18:00:00,
1.128360528,9546313,Klaasen/Ram,Murray/Soares v Klaasen/Ram,80,2016-11-19 17:54:08.228,2.82,2016-11-19 18:00:00,
1.128360528,9546313,Klaasen/Ram,Murray/Soares v Klaasen/Ram,90,2016-11-19 17:59:10.646,2.82,2016-11-19 18:00:00,
1.128360528,9546313,Klaasen/Ram,Murray/Soares v Klaasen/Ram,100,2016-11-19 18:16:09.493,2.9,2016-11-19 18:30:00,
1.128360528,10682718,Murray/Soares,Murray/Soares v Klaasen/Ram,0,2016-11-18 22:17:02.024,1.46,2016-11-19 18:00:00,
1.128360528,10682718,Murray/Soares,Murray/Soares v Klaasen/Ram,10,2016-11-18 23:39:06.070,1.4,2016-11-19 18:00:00,
1.128360528,10682718,Murray/Soares,Murray/Soares v Klaasen/Ram,20,2016-11-19 07:15:12.745,1.45,2016-11-19 18:00:00,
1.128360528,10682718,Murray/Soares,Murray/Soares v Klaasen/Ram,30,2016-11-19 09:56:32.089,1.54,2016-11-19 18:00:00,
1.128360528,10682718,Murray/Soares,Murray/Soares v Klaasen/Ram,40,2016-11-19 13:36:49.621,1.52,2016-11-19 18:00:00,
1.128360528,10682718,Murray/Soares,Murray/Soares v Klaasen/Ram,50,2016-11-19 15:04:04.165,1.55,2016-11-19 18:00:00,
1.128360528,10682718,Murray/Soares,Murray/Soares v Klaasen/Ram,60,2016-11-19 15:40:25.668,1.57,2016-11-19 18:00:00,
1.128360528,10682718,Murray/Soares,Murray/Soares v Klaasen/Ram,70,2016-11-19 17:29:07.530,1.56,2016-11-19 18:00:00,
1.128360528,10682718,Murray/Soares,Murray/Soares v Klaasen/Ram,80,2016-11-19 17:56:10.778,1.56,2016-11-19 18:00:00,
1.128360528,10682718,Murray/Soares,Murray/Soares v Klaasen/Ram,90,2016-11-19 18:02:59.465,1.53,2016-11-19 18:15:00,
1.128360528,10682718,Murray/Soares,Murray/Soares v Klaasen/Ram,100,2016-11-19 18:17:52.345,1.52,2016-11-19 18:30:00,
1.128360533,2256509,Andy Murray,A Murray v Raonic,0,2016-11-18 20:30:49.514,1.38,2016-11-19 14:00:00,
1.128360533,2256509,Andy Murray,A Murray v Raonic,10,2016-11-18 22:13:43.302,1.26,2016-11-19 14:00:00,
1.128360533,2256509,Andy Murray,A Murray v Raonic,20,2016-11-18 23:10:07.594,1.28,2016-11-19 14:00:00,
1.128360533,2256509,Andy Murray,A Murray v Raonic,30,2016-11-19 05:30:53.070,1.27,2016-11-19 14:00:00,
1.128360533,2256509,Andy Murray,A Murray v Raonic,40,2016-11-19 07:56:27.207,1.26,2016-11-19 14:00:00,
1.128360533,2256509,Andy Murray,A Murray v Raonic,50,2016-11-19 09:01:09.059,1.25,2016-11-19 14:00:00,
1.128360533,2256509,Andy Murray,A Murray v Raonic,60,2016-11-19 10:23:25.560,1.27,2016-11-19 14:00:00,
1.128360533,2256509,Andy Murray,A Murray v Raonic,70,2016-11-19 12:03:17.512,1.26,2016-11-19 14:00:00,
1.128360533,2256509,Andy Murray,A Murray v Raonic,80,2016-11-19 12:49:05.205,1.25,2016-11-19 14:00:00,
1.128360533,2256509,Andy Murray,A Murray v Raonic,90,2016-11-19 13:10:13.037,1.26,2016-11-19 14:00:00,
1.128360533,2256509,Andy Murray,A Murray v Raonic,100,2016-11-19 13:33:18.388,1.25,2016-11-19 14:00:00,
1.128360533,4105819,Milos Raonic,A Murray v Raonic,0,2016-11-18 20:53:13.054,4.8,2016-11-19 14:00:00,
1.128360533,4105819,Milos Raonic,A Murray v Raonic,10,2016-11-19 00:39:04.247,4.5,2016-11-19 14:00:00,
1.128360533,4105819,Milos Raonic,A Murray v Raonic,20,2016-11-19 07:11:06.122,4.8,2016-11-19 14:00:00,
1.128360533,4105819,Milos Raonic,A Murray v Raonic,30,2016-11-19 08:20:16.293,4.9,2016-11-19 14:00:00,
1.128360533,4105819,Milos Raonic,A Murray v Raonic,40,2016-11-19 10:10:20.791,4.8,2016-11-19 14:00:00,
1.128360533,4105819,Milos Raonic,A Murray v Raonic,50,2016-11-19 11:07:45.881,4.8,2016-11-19 14:00:00,
1.128360533,4105819,Milos Raonic,A Murray v Raonic,60,2016-11-19 11:36:13.724,4.7,2016-11-19 14:00:00,
1.128360533,4105819,Milos Raonic,A Murray v Raonic,70,2016-11-19 12:25:57.804,4.9,2016-11-19 14:00:00,
1.128360533,4105819,Milos Raonic,A Murray v Raonic,80,2016-11-19 12:52:13.119,4.9,2016-11-19 14:00:00,
1.128360533,4105819,Milos Raonic,A Murray v Raonic,90,2016-11-19 13:18:12.814,4.9,2016-11-19 14:00:00,
1.128360533,4105819,Milos Raonic,A Murray v Raonic,100,2016-11-19 13:34:21.697,4.9,2016-11-19 14:00:00,
1.128361174,7658400,Alexander Zhurbin,Tresca v Zhurbin,0,2016-11-19 04:41:28.107,1.25,2016-11-19 12:00:00,
1.128361174,7658400,Alexander Zhurbin,Tresca v Zhurbin,10,2016-11-19 05:40:27.946,1.14,2016-11-19 12:00:00,
1.128361174,7658400,Alexander Zhurbin,Tresca v Zhurbin,20,2016-11-19 09:14:26.675,1.48,2016-11-19 10:55:00,
1.128361174,7658400,Alexander Zhurbin,Tresca v Zhurbin,30,2016-11-19 09:25:52.262,1.18,2016-11-19 10:55:00,
1.128361174,7658400,Alexander Zhurbin,Tresca v Zhurbin,40,2016-11-19 09:31:14.796,1.17,2016-11-19 10:55:00,
1.128361174,7658400,Alexander Zhurbin,Tresca v Zhurbin,50,2016-11-19 09:51:08.296,1.18,2016-11-19 10:55:00,
1.128361174,7658400,Alexander Zhurbin,Tresca v Zhurbin,60,2016-11-19 09:59:08.839,1.21,2016-11-19 10:55:00,
1.128361174,7658400,Alexander Zhurbin,Tresca v Zhurbin,70,2016-11-19 10:06:07.429,1.25,2016-11-19 10:55:00,
1.128361174,7658400,Alexander Zhurbin,Tresca v Zhurbin,80,2016-11-19 10:16:06.797,1.26,2016-11-19 10:55:00,
1.128361174,7658400,Alexander Zhurbin,Tresca v Zhurbin,90,2016-11-19 10:29:37.125,1.2,2016-11-19 10:55:00,
1.128361174,7658400,Alexander Zhurbin,Tresca v Zhurbin,100,2016-11-19 10:36:51.223,1.25,2016-11-19 10:40:00,
1.128361174,8998800,Giuseppe Tresca,Tresca v Zhurbin,0,2016-11-19 04:41:28.107,5.0,2016-11-19 12:00:00,
1.128361174,8998800,Giuseppe Tresca,Tresca v Zhurbin,10,2016-11-19 05:09:12.342,8.0,2016-11-19 12:00:00,
1.128361174,8998800,Giuseppe Tresca,Tresca v Zhurbin,20,2016-11-19 06:18:56.336,8.0,2016-11-19 12:00:00,
1.128361174,8998800,Giuseppe Tresca,Tresca v Zhurbin,30,2016-11-19 07:09:55.295,7.8,2016-11-19 12:00:00,
1.128361174,8998800,Giuseppe Tresca,Tresca v Zhurbin,40,2016-11-19 09:20:04.512,6.0,2016-11-19 10:55:00,
1.128361174,8998800,Giuseppe Tresca,Tresca v Zhurbin,50,2016-11-19 09:38:58.617,6.4,2016-11-19 10:55:00,
1.128361174,8998800,Giuseppe Tresca,Tresca v Zhurbin,60,2016-11-19 09:40:07.637,6.2,2016-11-19 10:55:00,
1.128361174,8998800,Giuseppe Tresca,Tresca v Zhurbin,70,2016-11-19 10:00:47.347,5.7,2016-11-19 10:55:00,
1.128361174,8998800,Giuseppe Tresca,Tresca v Zhurbin,80,2016-11-19 10:06:07.429,5.0,2016-11-19 10:55:00,
1.128361174,8998800,Giuseppe Tresca,Tresca v Zhurbin,90,2016-11-19 10:12:59.593,5.7,2016-11-19 10:55:00,
1.128361174,8998800,Giuseppe Tresca,Tresca v Zhurbin,100,2016-11-19 10:36:02.327,4.3,2016-11-19 10:40:00,
1.128361624,2283676,Carlos Berlocq,Berlocq v Schwartzman,0,2016-11-19 10:44:11.167,2.4,2016-11-19 21:00:00,
1.128361624,2283676,Carlos Berlocq,Berlocq v Schwartzman,10,2016-11-19 11:35:02.016,2.42,2016-11-19 21:00:00,
1.128361624,2283676,Carlos Berlocq,Berlocq v Schwartzman,20,2016-11-19 17:05:40.043,2.5,2016-11-19 21:00:00,
1.128361624,2283676,Carlos Berlocq,Berlocq v Schwartzman,30,2016-11-19 17:40:18.985,2.66,2016-11-19 21:00:00,
1.128361624,2283676,Carlos Berlocq,Berlocq v Schwartzman,40,2016-11-19 19:02:01.114,2.88,2016-11-19 21:00:00,
1.128361624,2283676,Carlos Berlocq,Berlocq v Schwartzman,50,2016-11-19 20:14:14.640,2.82,2016-11-19 21:00:00,
1.128361624,2283676,Carlos Berlocq,Berlocq v Schwartzman,60,2016-11-19 20:31:00.221,2.88,2016-11-19 21:00:00,
1.128361624,2283676,Carlos Berlocq,Berlocq v Schwartzman,70,2016-11-19 20:45:08.017,2.9,2016-11-19 21:00:00,
1.128361624,2283676,Carlos Berlocq,Berlocq v Schwartzman,80,2016-11-19 20:54:08.955,3.05,2016-11-19 21:00:00,
1.128361624,2283676,Carlos Berlocq,Berlocq v Schwartzman,90,2016-11-19 20:56:14.028,2.96,2016-11-19 21:00:00,
1.128361624,2283676,Carlos Berlocq,Berlocq v Schwartzman,100,2016-11-19 20:59:11.177,3.0,2016-11-19 21:00:00,
1.128361624,8736474,Diego Schwartzman,Berlocq v Schwartzman,0,2016-11-19 07:44:25.328,1.51,2016-11-19 21:00:00,
1.128361624,8736474,Diego Schwartzman,Berlocq v Schwartzman,10,2016-11-19 13:25:40.871,1.54,2016-11-19 21:00:00,
1.128361624,8736474,Diego Schwartzman,Berlocq v Schwartzman,20,2016-11-19 18:20:51.831,1.53,2016-11-19 21:00:00,
1.128361624,8736474,Diego Schwartzman,Berlocq v Schwartzman,30,2016-11-19 18:58:14.901,1.54,2016-11-19 21:00:00,
1.128361624,8736474,Diego Schwartzman,Berlocq v Schwartzman,40,2016-11-19 19:32:11.012,1.56,2016-11-19 21:00:00,
1.128361624,8736474,Diego Schwartzman,Berlocq v Schwartzman,50,2016-11-19 19:52:50.203,1.53,2016-11-19 21:00:00,
1.128361624,8736474,Diego Schwartzman,Berlocq v Schwartzman,60,2016-11-19 20:14:14.640,1.55,2016-11-19 21:00:00,
1.128361624,8736474,Diego Schwartzman,Berlocq v Schwartzman,70,2016-11-19 20:18:10.590,1.54,2016-11-19 21:00:00,
1.128361624,8736474,Diego Schwartzman,Berlocq v Schwartzman,80,2016-11-19 20:26:14.668,1.53,2016-11-19 21:00:00,
1.128361624,8736474,Diego Schwartzman,Berlocq v Schwartzman,90,2016-11-19 20:46:10.944,1.5,2016-11-19 21:00:00,
1.128361624,8736474,Diego Schwartzman,Berlocq v Schwartzman,100,2016-11-19 20:59:11.177,1.49,2016-11-19 21:00:00,
1.128361699,2263634,Lukas Lacko,Lacko v Vanni,0,2016-11-19 06:39:52.727,1.55,2016-11-19 17:30:00,
1.128361699,2263634,Lukas Lacko,Lacko v Vanni,10,2016-11-19 09:14:43.626,1.64,2016-11-19 17:30:00,
1.128361699,2263634,Lukas Lacko,Lacko v Vanni,20,2016-11-19 11:27:58.547,1.63,2016-11-19 17:30:00,
1.128361699,2263634,Lukas Lacko,Lacko v Vanni,30,2016-11-19 15:17:34.887,1.61,2016-11-19 17:30:00,
1.128361699,2263634,Lukas Lacko,Lacko v Vanni,40,2016-11-19 15:32:02.387,1.59,2016-11-19 17:30:00,
1.128361699,2263634,Lukas Lacko,Lacko v Vanni,50,2016-11-19 15:52:01.270,1.57,2016-11-19 17:30:00,
1.128361699,2263634,Lukas Lacko,Lacko v Vanni,60,2016-11-19 16:21:00.517,1.54,2016-11-19 17:30:00,
1.128361699,2263634,Lukas Lacko,Lacko v Vanni,70,2016-11-19 16:39:57.514,1.54,2016-11-19 17:30:00,
1.128361699,2263634,Lukas Lacko,Lacko v Vanni,80,2016-11-19 16:47:47.858,1.54,2016-11-19 17:30:00,
1.128361699,2263634,Lukas Lacko,Lacko v Vanni,90,2016-11-19 17:13:37.670,1.54,2016-11-19 17:30:00,
1.128361699,2263634,Lukas Lacko,Lacko v Vanni,100,2016-11-19 17:17:52.470,1.54,2016-11-19 17:30:00,
1.12836176,2249229,Novak Djokovic,N Djokovic v Nishikori,0,2016-11-18 22:18:52.859,1.99,2016-11-19 20:00:00,
1.12836176,2249229,Novak Djokovic,N Djokovic v Nishikori,10,2016-11-19 02:10:01.951,1.27,2016-11-19 20:00:00,
1.12836176,2249229,Novak Djokovic,N Djokovic v Nishikori,20,2016-11-19 08:34:57.932,1.26,2016-11-19 20:00:00,
1.12836176,2249229,Novak Djokovic,N Djokovic v Nishikori,30,2016-11-19 11:38:59.367,1.25,2016-11-19 20:00:00,
1.12836176,2249229,Novak Djokovic,N Djokovic v Nishikori,40,2016-11-19 15:07:37.599,1.25,2016-11-19 20:00:00,
1.12836176,2249229,Novak Djokovic,N Djokovic v Nishikori,50,2016-11-19 17:04:52.983,1.26,2016-11-19 20:00:00,
1.12836176,2249229,Novak Djokovic,N Djokovic v Nishikori,60,2016-11-19 18:02:59.466,1.26,2016-11-19 20:00:00,
1.12836176,2249229,Novak Djokovic,N Djokovic v Nishikori,70,2016-11-19 18:43:32.879,1.25,2016-11-19 20:00:00,
1.12836176,2249229,Novak Djokovic,N Djokovic v Nishikori,80,2016-11-19 19:20:57.548,1.25,2016-11-19 20:00:00,
1.12836176,2249229,Novak Djokovic,N Djokovic v Nishikori,90,2016-11-19 19:47:07.252,1.26,2016-11-19 20:00:00,
1.12836176,2249229,Novak Djokovic,N Djokovic v Nishikori,100,2016-11-19 20:14:06.223,1.26,2016-11-19 20:15:00,
1.12836176,2483001,Kei Nishikori,N Djokovic v Nishikori,0,2016-11-18 22:18:52.859,2.02,2016-11-19 20:00:00,
1.12836176,2483001,Kei Nishikori,N Djokovic v Nishikori,10,2016-11-19 06:19:00.981,4.9,2016-11-19 20:00:00,
1.12836176,2483001,Kei Nishikori,N Djokovic v Nishikori,20,2016-11-19 09:54:54.537,4.9,2016-11-19 20:00:00,
1.12836176,2483001,Kei Nishikori,N Djokovic v Nishikori,30,2016-11-19 13:38:46.483,4.9,2016-11-19 20:00:00,
1.12836176,2483001,Kei Nishikori,N Djokovic v Nishikori,40,2016-11-19 16:08:28.787,4.9,2016-11-19 20:00:00,
1.12836176,2483001,Kei Nishikori,N Djokovic v Nishikori,50,2016-11-19 17:22:29.460,4.7,2016-11-19 20:00:00,
1.12836176,2483001,Kei Nishikori,N Djokovic v Nishikori,60,2016-11-19 18:27:53.341,4.9,2016-11-19 20:00:00,
1.12836176,2483001,Kei Nishikori,N Djokovic v Nishikori,70,2016-11-19 18:47:02.468,4.9,2016-11-19 20:00:00,
1.12836176,2483001,Kei Nishikori,N Djokovic v Nishikori,80,2016-11-19 19:15:00.915,4.9,2016-11-19 20:00:00,
1.12836176,2483001,Kei Nishikori,N Djokovic v Nishikori,90,2016-11-19 19:30:03.293,4.9,2016-11-19 20:00:00,
1.12836176,2483001,Kei Nishikori,N Djokovic v Nishikori,100,2016-11-19 20:07:04.779,4.9,2016-11-19 20:15:00,
1.128362445,2301068,Rogerio Dutra Silva,Garin v Dutra Silva,0,2016-11-19 15:17:35.221,1.43,2016-11-19 23:00:00,
1.128362445,2301068,Rogerio Dutra Silva,Garin v Dutra Silva,10,2016-11-19 20:14:45.104,1.56,2016-11-19 23:00:00,
1.128362445,2301068,Rogerio Dutra Silva,Garin v Dutra Silva,20,2016-11-19 21:33:01.401,1.53,2016-11-19 23:00:00,
1.128362445,2301068,Rogerio Dutra Silva,Garin v Dutra Silva,30,2016-11-19 21:51:00.120,1.53,2016-11-19 23:00:00,
1.128362445,2301068,Rogerio Dutra Silva,Garin v Dutra Silva,40,2016-11-19 21:58:01.860,1.51,2016-11-19 23:00:00,
1.128362445,2301068,Rogerio Dutra Silva,Garin v Dutra Silva,50,2016-11-19 22:02:56.730,1.53,2016-11-19 23:00:00,
1.128362445,2301068,Rogerio Dutra Silva,Garin v Dutra Silva,60,2016-11-19 22:08:01.035,1.52,2016-11-19 23:00:00,
1.128362445,2301068,Rogerio Dutra Silva,Garin v Dutra Silva,70,2016-11-19 22:15:39.365,1.52,2016-11-19 23:00:00,
1.128362445,2301068,Rogerio Dutra Silva,Garin v Dutra Silva,80,2016-11-19 22:43:00.678,1.53,2016-11-19 23:00:00,
1.128362445,2301068,Rogerio Dutra Silva,Garin v Dutra Silva,90,2016-11-19 22:50:53.478,1.59,2016-11-19 23:00:00,
1.128362445,2301068,Rogerio Dutra Silva,Garin v Dutra Silva,100,2016-11-19 22:54:00.428,1.62,2016-11-19 23:00:00,
1.128362445,6670624,Christian Garin,Garin v Dutra Silva,0,2016-11-19 19:48:35.433,2.8,2016-11-19 23:00:00,
1.128362445,6670624,Christian Garin,Garin v Dutra Silva,10,2016-11-19 21:14:35.444,2.86,2016-11-19 23:00:00,
1.128362445,6670624,Christian Garin,Garin v Dutra Silva,20,2016-11-19 21:43:46.734,2.98,2016-11-19 23:00:00,
1.128362445,6670624,Christian Garin,Garin v Dutra Silva,30,2016-11-19 21:55:55.665,2.86,2016-11-19 23:00:00,
1.128362445,6670624,Christian Garin,Garin v Dutra Silva,40,2016-11-19 21:56:47.566,2.84,2016-11-19 23:00:00,
1.128362445,6670624,Christian Garin,Garin v Dutra Silva,50,2016-11-19 22:09:00.710,3.0,2016-11-19 23:00:00,
1.128362445,6670624,Christian Garin,Garin v Dutra Silva,60,2016-11-19 22:15:39.365,2.9,2016-11-19 23:00:00,
1.128362445,6670624,Christian Garin,Garin v Dutra Silva,70,2016-11-19 22:25:59.928,2.94,2016-11-19 23:00:00,
1.128362445,6670624,Christian Garin,Garin v Dutra Silva,80,2016-11-19 22:44:54.157,2.88,2016-11-19 23:00:00,
1.128362445,6670624,Christian Garin,Garin v Dutra Silva,90,2016-11-19 22:48:57.734,2.74,2016-11-19 23:00:00,
1.128362445,6670624,Christian Garin,Garin v Dutra Silva,100,2016-11-19 22:54:00.428,2.6,2016-11-19 23:00:00,
1.128362606,2831873,Ruben Bemelmans,Bemelmans v Laaksonen,0,2016-11-19 08:39:12.026,1.63,2016-11-19 19:45:00,
1.128362606,2831873,Ruben Bemelmans,Bemelmans v Laaksonen,10,2016-11-19 09:35:58.341,1.46,2016-11-19 19:45:00,
1.128362606,2831873,Ruben Bemelmans,Bemelmans v Laaksonen,20,2016-11-19 18:48:53.629,1.6,2016-11-19 19:45:00,
1.128362606,2831873,Ruben Bemelmans,Bemelmans v Laaksonen,30,2016-11-19 18:58:01.470,1.63,2016-11-19 19:45:00,
1.128362606,2831873,Ruben Bemelmans,Bemelmans v Laaksonen,40,2016-11-19 19:09:53.229,1.69,2016-11-19 19:45:00,
1.128362606,2831873,Ruben Bemelmans,Bemelmans v Laaksonen,50,2016-11-19 19:28:26.209,1.63,2016-11-19 19:45:00,
1.128362606,2831873,Ruben Bemelmans,Bemelmans v Laaksonen,60,2016-11-19 19:31:48.961,1.68,2016-11-19 19:45:00,
1.128362606,2831873,Ruben Bemelmans,Bemelmans v Laaksonen,70,2016-11-19 19:34:03.476,1.77,2016-11-19 19:45:00,
1.128362606,2831873,Ruben Bemelmans,Bemelmans v Laaksonen,80,2016-11-19 19:35:59.808,1.71,2016-11-19 19:45:00,
1.128362606,2831873,Ruben Bemelmans,Bemelmans v Laaksonen,90,2016-11-19 19:38:04.277,1.7,2016-11-19 19:45:00,
1.128362606,2831873,Ruben Bemelmans,Bemelmans v Laaksonen,100,2016-11-19 19:43:57.727,1.68,2016-11-19 19:45:00,
1.128362606,6344314,Henri Laaksonen,Bemelmans v Laaksonen,0,2016-11-19 07:24:59.982,1.16,2016-11-19 19:45:00,
1.128362606,6344314,Henri Laaksonen,Bemelmans v Laaksonen,10,2016-11-19 11:35:04.524,2.4,2016-11-19 19:45:00,
1.128362606,6344314,Henri Laaksonen,Bemelmans v Laaksonen,20,2016-11-19 16:08:40.295,2.6,2016-11-19 19:45:00,
1.128362606,6344314,Henri Laaksonen,Bemelmans v Laaksonen,30,2016-11-19 16:10:48.217,2.54,2016-11-19 19:45:00,
1.128362606,6344314,Henri Laaksonen,Bemelmans v Laaksonen,40,2016-11-19 16:21:42.625,2.48,2016-11-19 19:45:00,
1.128362606,6344314,Henri Laaksonen,Bemelmans v Laaksonen,50,2016-11-19 18:55:02.957,2.46,2016-11-19 19:45:00,
1.128362606,6344314,Henri Laaksonen,Bemelmans v Laaksonen,60,2016-11-19 19:31:04.748,2.48,2016-11-19 19:45:00,
1.128362606,6344314,Henri Laaksonen,Bemelmans v Laaksonen,70,2016-11-19 19:31:48.961,2.46,2016-11-19 19:45:00,
1.128362606,6344314,Henri Laaksonen,Bemelmans v Laaksonen,80,2016-11-19 19:36:59.279,2.46,2016-11-19 19:45:00,
1.128362606,6344314,Henri Laaksonen,Bemelmans v Laaksonen,90,2016-11-19 19:38:48.478,2.44,2016-11-19 19:45:00,
1.128362606,6344314,Henri Laaksonen,Bemelmans v Laaksonen,100,2016-11-19 19:43:03.114,2.36,2016-11-19 19:45:00,
1.128363202,3374118,Tatsuma Ito,Duckworth v T Ito,0,2016-11-19 20:49:04.741,3.5,2016-11-20 03:00:00,
1.128363202,3374118,Tatsuma Ito,Duckworth v T Ito,10,2016-11-19 23:02:26.359,3.2,2016-11-20 03:00:00,
1.128363202,3374118,Tatsuma Ito,Duckworth v T Ito,20,2016-11-19 23:03:15.460,3.15,2016-11-20 03:00:00,
1.128363202,3374118,Tatsuma Ito,Duckworth v T Ito,30,2016-11-20 00:22:05.709,3.1,2016-11-20 03:00:00,
1.128363202,3374118,Tatsuma Ito,Duckworth v T Ito,40,2016-11-20 00:30:05.616,3.05,2016-11-20 03:00:00,
1.128363202,3374118,Tatsuma Ito,Duckworth v T Ito,50,2016-11-20 02:39:02.616,3.35,2016-11-20 03:00:00,
1.128363202,3374118,Tatsuma Ito,Duckworth v T Ito,60,2016-11-20 02:46:03.306,3.45,2016-11-20 03:00:00,
1.128363202,3374118,Tatsuma Ito,Duckworth v T Ito,70,2016-11-20 02:50:04.328,3.4,2016-11-20 03:00:00,
1.128363202,3374118,Tatsuma Ito,Duckworth v T Ito,80,2016-11-20 02:53:01.441,3.5,2016-11-20 03:00:00,
1.128363202,3374118,Tatsuma Ito,Duckworth v T Ito,90,2016-11-20 02:54:00.115,3.55,2016-11-20 03:00:00,
1.128363202,3374118,Tatsuma Ito,Duckworth v T Ito,100,2016-11-20 03:27:21.424,3.1,2016-11-20 03:30:00,
1.128363202,6064287,James Duckworth,Duckworth v T Ito,0,2016-11-19 19:18:14.871,1.34,2016-11-20 03:00:00,
1.128363202,6064287,James Duckworth,Duckworth v T Ito,10,2016-11-19 22:30:21.874,1.46,2016-11-20 03:00:00,
1.128363202,6064287,James Duckworth,Duckworth v T Ito,20,2016-11-20 00:22:05.709,1.47,2016-11-20 03:00:00,
1.128363202,6064287,James Duckworth,Duckworth v T Ito,30,2016-11-20 01:04:54.982,1.41,2016-11-20 03:00:00,
1.128363202,6064287,James Duckworth,Duckworth v T Ito,40,2016-11-20 01:20:03.178,1.41,2016-11-20 03:00:00,
1.128363202,6064287,James Duckworth,Duckworth v T Ito,50,2016-11-20 01:41:44.936,1.41,2016-11-20 03:00:00,
1.128363202,6064287,James Duckworth,Duckworth v T Ito,60,2016-11-20 01:58:03.639,1.45,2016-11-20 03:00:00,
1.128363202,6064287,James Duckworth,Duckworth v T Ito,70,2016-11-20 02:14:57.366,1.41,2016-11-20 03:00:00,
1.128363202,6064287,James Duckworth,Duckworth v T Ito,80,2016-11-20 02:46:03.306,1.41,2016-11-20 03:00:00,
1.128363202,6064287,James Duckworth,Duckworth v T Ito,90,2016-11-20 02:56:02.615,1.4,2016-11-20 03:00:00,
1.128363202,6064287,James Duckworth,Duckworth v T Ito,100,2016-11-20 03:27:21.424,1.48,2016-11-20 03:30:00,
1.128363346,2415530,Evgeniya Rodina,Ka Chang v Rodina,0,2016-11-19 11:07:02.202,2.08,2016-11-20 06:00:00,
1.128363346,2415530,Evgeniya Rodina,Ka Chang v Rodina,10,2016-11-19 21:42:05.558,2.26,2016-11-20 06:00:00,
1.128363346,2415530,Evgeniya Rodina,Ka Chang v Rodina,20,2016-11-19 22:31:24.527,2.3,2016-11-20 06:00:00,
1.128363346,2415530,Evgeniya Rodina,Ka Chang v Rodina,30,2016-11-19 22:45:08.271,2.38,2016-11-20 06:00:00,
1.128363346,2415530,Evgeniya Rodina,Ka Chang v Rodina,40,2016-11-19 23:34:24.784,2.38,2016-11-20 06:00:00,
1.128363346,2415530,Evgeniya Rodina,Ka Chang v Rodina,50,2016-11-20 04:01:01.788,2.48,2016-11-20 06:00:00,
1.128363346,2415530,Evgeniya Rodina,Ka Chang v Rodina,60,2016-11-20 05:03:00.097,2.5,2016-11-20 06:00:00,
1.128363346,2415530,Evgeniya Rodina,Ka Chang v Rodina,70,2016-11-20 05:38:03.580,2.52,2016-11-20 06:00:00,
1.128363346,2415530,Evgeniya Rodina,Ka Chang v Rodina,80,2016-11-20 05:39:56.346,2.54,2016-11-20 06:00:00,
1.128363346,2415530,Evgeniya Rodina,Ka Chang v Rodina,90,2016-11-20 05:43:01.033,2.48,2016-11-20 06:00:00,
1.128363346,2415530,Evgeniya Rodina,Ka Chang v Rodina,100,2016-11-20 05:49:03.483,2.52,2016-11-20 06:00:00,
1.128363346,8887166,Kai-Chen Chang,Ka Chang v Rodina,0,2016-11-19 11:07:02.202,1.92,2016-11-20 06:00:00,
1.128363346,8887166,Kai-Chen Chang,Ka Chang v Rodina,10,2016-11-19 20:00:49.639,1.8,2016-11-20 06:00:00,
1.128363346,8887166,Kai-Chen Chang,Ka Chang v Rodina,20,2016-11-19 21:42:05.558,1.79,2016-11-20 06:00:00,
1.128363346,8887166,Kai-Chen Chang,Ka Chang v Rodina,30,2016-11-19 21:55:57.636,1.72,2016-11-20 06:00:00,
1.128363346,8887166,Kai-Chen Chang,Ka Chang v Rodina,40,2016-11-19 22:08:48.906,1.71,2016-11-20 06:00:00,
1.128363346,8887166,Kai-Chen Chang,Ka Chang v Rodina,50,2016-11-19 22:49:57.473,1.7,2016-11-20 06:00:00,
1.128363346,8887166,Kai-Chen Chang,Ka Chang v Rodina,60,2016-11-19 23:34:24.784,1.72,2016-11-20 06:00:00,
1.128363346,8887166,Kai-Chen Chang,Ka Chang v Rodina,70,2016-11-20 00:56:45.393,1.72,2016-11-20 06:00:00,
1.128363346,8887166,Kai-Chen Chang,Ka Chang v Rodina,80,2016-11-20 04:01:01.788,1.66,2016-11-20 06:00:00,
1.128363346,8887166,Kai-Chen Chang,Ka Chang v Rodina,90,2016-11-20 05:39:03.563,1.67,2016-11-20 06:00:00,
1.128363346,8887166,Kai-Chen Chang,Ka Chang v Rodina,100,2016-11-20 05:51:02.162,1.65,2016-11-20 06:00:00,
1.128363648,7137497,Yoshihito Nishioka,Yo Nishioka v Ti Chen,0,2016-11-20 09:54:50.222,1.14,2016-11-21 11:00:00,
1.128363648,7137497,Yoshihito Nishioka,Yo Nishioka v Ti Chen,10,2016-11-20 12:07:01.525,1.13,2016-11-21 11:00:00,
1.128363648,7137497,Yoshihito Nishioka,Yo Nishioka v Ti Chen,20,2016-11-20 15:42:58.631,1.11,2016-11-21 11:00:00,
1.128363648,7137497,Yoshihito Nishioka,Yo Nishioka v Ti Chen,30,2016-11-21 00:24:03.912,1.1,2016-11-21 11:00:00,
1.128363648,7137497,Yoshihito Nishioka,Yo Nishioka v Ti Chen,40,2016-11-21 00:54:42.093,1.07,2016-11-21 11:00:00,
1.128363648,7137497,Yoshihito Nishioka,Yo Nishioka v Ti Chen,50,2016-11-21 03:14:53.516,1.13,2016-11-21 11:00:00,
1.128363648,7137497,Yoshihito Nishioka,Yo Nishioka v Ti Chen,60,2016-11-21 03:37:36.669,1.08,2016-11-21 11:00:00,
1.128363648,7137497,Yoshihito Nishioka,Yo Nishioka v Ti Chen,70,2016-11-21 08:36:55.253,1.09,2016-11-21 10:30:00,
1.128363648,7137497,Yoshihito Nishioka,Yo Nishioka v Ti Chen,80,2016-11-21 09:02:08.559,1.08,2016-11-21 10:30:00,
1.128363648,7137497,Yoshihito Nishioka,Yo Nishioka v Ti Chen,90,2016-11-21 09:06:07.729,1.09,2016-11-21 10:30:00,
1.128363648,7137497,Yoshihito Nishioka,Yo Nishioka v Ti Chen,100,2016-11-21 09:45:59.641,1.09,2016-11-21 09:49:00,
1.12836378,2765780,Denis Istomin,Stanek v Istomin,0,2016-11-21 17:32:07.021,1.15,2016-11-22 11:00:00,
1.12836378,2765780,Denis Istomin,Stanek v Istomin,10,2016-11-21 17:32:46.996,1.16,2016-11-22 11:00:00,
1.12836378,2765780,Denis Istomin,Stanek v Istomin,20,2016-11-21 22:54:35.740,1.15,2016-11-22 11:00:00,
1.12836378,2765780,Denis Istomin,Stanek v Istomin,30,2016-11-21 22:57:14.168,1.13,2016-11-22 11:00:00,
1.12836378,2765780,Denis Istomin,Stanek v Istomin,40,2016-11-22 01:45:46.028,1.14,2016-11-22 11:00:00,
1.12836378,2765780,Denis Istomin,Stanek v Istomin,50,2016-11-22 03:00:51.047,1.12,2016-11-22 11:00:00,
1.12836378,2765780,Denis Istomin,Stanek v Istomin,60,2016-11-22 06:34:56.522,1.14,2016-11-22 11:00:00,
1.12836378,2765780,Denis Istomin,Stanek v Istomin,70,2016-11-22 09:12:29.932,1.11,2016-11-22 10:06:00,
1.12836378,2765780,Denis Istomin,Stanek v Istomin,80,2016-11-22 09:23:36.732,1.15,2016-11-22 10:06:00,
1.12836378,2765780,Denis Istomin,Stanek v Istomin,90,2016-11-22 09:30:56.645,1.13,2016-11-22 10:06:00,
1.12836378,2765780,Denis Istomin,Stanek v Istomin,100,2016-11-22 09:35:10.757,1.15,2016-11-22 10:06:00,
1.128363912,8659524,Daniel Masur,Karimov v Masur,0,2016-11-19 10:57:16.702,1.2,2016-11-20 12:00:00,
1.128363912,8659524,Daniel Masur,Karimov v Masur,10,2016-11-21 11:39:28.367,1.27,2016-11-22 07:00:00,
1.128363912,8659524,Daniel Masur,Karimov v Masur,20,2016-11-21 17:35:14.176,1.3,2016-11-22 07:00:00,
1.128363912,8659524,Daniel Masur,Karimov v Masur,30,2016-11-21 20:56:04.046,1.28,2016-11-22 07:00:00,
1.128363912,8659524,Daniel Masur,Karimov v Masur,40,2016-11-22 01:43:11.353,1.28,2016-11-22 07:00:00,
1.128363912,8659524,Daniel Masur,Karimov v Masur,50,2016-11-22 03:43:52.697,1.33,2016-11-22 07:00:00,
1.128363912,8659524,Daniel Masur,Karimov v Masur,60,2016-11-22 05:37:40.923,1.31,2016-11-22 07:00:00,
1.128363912,8659524,Daniel Masur,Karimov v Masur,70,2016-11-22 05:48:01.326,1.41,2016-11-22 07:00:00,
1.128363912,8659524,Daniel Masur,Karimov v Masur,80,2016-11-22 05:54:11.863,1.43,2016-11-22 07:00:00,
1.128363912,8659524,Daniel Masur,Karimov v Masur,90,2016-11-22 06:33:40.186,1.43,2016-11-22 07:00:00,
1.128363912,8659524,Daniel Masur,Karimov v Masur,100,2016-11-22 06:40:13.268,1.4,2016-11-22 07:00:00,
1.128363912,11173905,Jurabeck Karimov,Karimov v Masur,0,2016-11-19 10:59:18.731,1.2,2016-11-20 12:00:00,
1.128363912,11173905,Jurabeck Karimov,Karimov v Masur,10,2016-11-21 11:39:28.367,4.8,2016-11-22 07:00:00,
1.128363912,11173905,Jurabeck Karimov,Karimov v Masur,20,2016-11-22 05:40:15.382,3.65,2016-11-22 07:00:00,
1.128363912,11173905,Jurabeck Karimov,Karimov v Masur,30,2016-11-22 05:48:01.326,3.45,2016-11-22 07:00:00,
1.128363912,11173905,Jurabeck Karimov,Karimov v Masur,40,2016-11-22 05:50:22.871,3.4,2016-11-22 07:00:00,
1.128363912,11173905,Jurabeck Karimov,Karimov v Masur,50,2016-11-22 05:54:11.863,3.25,2016-11-22 07:00:00,
1.128363912,11173905,Jurabeck Karimov,Karimov v Masur,60,2016-11-22 05:56:22.839,3.2,2016-11-22 07:00:00,
1.128363912,11173905,Jurabeck Karimov,Karimov v Masur,70,2016-11-22 06:07:10.814,3.25,2016-11-22 07:00:00,
1.128363912,11173905,Jurabeck Karimov,Karimov v Masur,80,2016-11-22 06:28:54.811,3.3,2016-11-22 07:00:00,
1.128363912,11173905,Jurabeck Karimov,Karimov v Masur,90,2016-11-22 06:35:04.144,3.45,2016-11-22 07:00:00,
1.128363912,11173905,Jurabeck Karimov,Karimov v Masur,100,2016-11-22 06:40:13.268,3.45,2016-11-22 07:00:00,
1.128363974,7412809,Evgeny Karlovskiy,Ilkel v Karlovskiy,0,2016-11-19 23:31:12.872,1.86,2016-11-20 12:00:00,
1.128363974,7412809,Evgeny Karlovskiy,Ilkel v Karlovskiy,10,2016-11-20 03:11:03.242,1.82,2016-11-21 12:00:00,
1.128363974,7412809,Evgeny Karlovskiy,Ilkel v Karlovskiy,20,2016-11-20 19:38:11.000,1.84,2016-11-21 13:00:00,
1.128363974,7412809,Evgeny Karlovskiy,Ilkel v Karlovskiy,30,2016-11-20 19:55:08.171,1.77,2016-11-21 13:00:00,
1.128363974,7412809,Evgeny Karlovskiy,Ilkel v Karlovskiy,40,2016-11-20 21:13:27.587,1.66,2016-11-21 13:00:00,
1.128363974,7412809,Evgeny Karlovskiy,Ilkel v Karlovskiy,50,2016-11-21 05:19:27.582,1.69,2016-11-21 13:00:00,
1.128363974,7412809,Evgeny Karlovskiy,Ilkel v Karlovskiy,60,2016-11-21 09:11:13.897,1.58,2016-11-21 12:30:00,
1.128363974,7412809,Evgeny Karlovskiy,Ilkel v Karlovskiy,70,2016-11-21 09:50:29.007,1.6,2016-11-21 11:49:00,
1.128363974,7412809,Evgeny Karlovskiy,Ilkel v Karlovskiy,80,2016-11-21 10:25:05.335,1.62,2016-11-21 11:48:00,
1.128363974,7412809,Evgeny Karlovskiy,Ilkel v Karlovskiy,90,2016-11-21 10:39:23.561,1.75,2016-11-21 11:48:00,
1.128363974,7412809,Evgeny Karlovskiy,Ilkel v Karlovskiy,100,2016-11-21 10:52:16.889,1.75,2016-11-21 11:48:00,
1.128363974,8444055,Cem Ilkel,Ilkel v Karlovskiy,0,2016-11-20 20:09:14.822,2.44,2016-11-21 13:00:00,
1.128363974,8444055,Cem Ilkel,Ilkel v Karlovskiy,10,2016-11-20 21:13:27.587,2.52,2016-11-21 13:00:00,
1.128363974,8444055,Cem Ilkel,Ilkel v Karlovskiy,20,2016-11-20 21:25:17.832,2.7,2016-11-21 13:00:00,
1.128363974,8444055,Cem Ilkel,Ilkel v Karlovskiy,30,2016-11-21 09:11:13.897,2.72,2016-11-21 12:30:00,
1.128363974,8444055,Cem Ilkel,Ilkel v Karlovskiy,40,2016-11-21 09:39:18.579,2.74,2016-11-21 12:30:00,
1.128363974,8444055,Cem Ilkel,Ilkel v Karlovskiy,50,2016-11-21 09:58:46.551,2.6,2016-11-21 11:48:00,
1.128363974,8444055,Cem Ilkel,Ilkel v Karlovskiy,60,2016-11-21 10:22:16.407,2.64,2016-11-21 11:48:00,
1.128363974,8444055,Cem Ilkel,Ilkel v Karlovskiy,70,2016-11-21 10:25:05.335,2.62,2016-11-21 11:48:00,
1.128363974,8444055,Cem Ilkel,Ilkel v Karlovskiy,80,2016-11-21 10:39:23.561,2.42,2016-11-21 11:48:00,
1.128363974,8444055,Cem Ilkel,Ilkel v Karlovskiy,90,2016-11-21 10:44:26.758,2.38,2016-11-21 11:48:00,
1.128363974,8444055,Cem Ilkel,Ilkel v Karlovskiy,100,2016-11-21 11:04:21.226,2.34,2016-11-21 11:48:00,
1.128364089,2454785,Andrey Golubev,Gunneswaran v A Golubev,0,2016-11-19 23:10:34.393,1.65,2016-11-20 12:00:00,
1.128364089,2454785,Andrey Golubev,Gunneswaran v A Golubev,10,2016-11-19 23:11:06.381,1.64,2016-11-20 12:00:00,
1.128364089,2454785,Andrey Golubev,Gunneswaran v A Golubev,20,2016-11-20 12:17:58.473,1.65,2016-11-21 12:00:00,
1.128364089,2454785,Andrey Golubev,Gunneswaran v A Golubev,30,2016-11-22 02:40:04.843,1.55,2016-11-22 13:00:00,
1.128364089,2454785,Andrey Golubev,Gunneswaran v A Golubev,40,2016-11-22 08:40:26.052,1.5,2016-11-22 11:51:00,
1.128364089,2454785,Andrey Golubev,Gunneswaran v A Golubev,50,2016-11-22 09:12:18.592,1.5,2016-11-22 11:14:00,
1.128364089,2454785,Andrey Golubev,Gunneswaran v A Golubev,60,2016-11-22 09:48:42.701,1.52,2016-11-22 11:12:00,
1.128364089,2454785,Andrey Golubev,Gunneswaran v A Golubev,70,2016-11-22 10:10:56.061,1.53,2016-11-22 11:12:00,
1.128364089,2454785,Andrey Golubev,Gunneswaran v A Golubev,80,2016-11-22 10:14:09.590,1.56,2016-11-22 11:12:00,
1.128364089,2454785,Andrey Golubev,Gunneswaran v A Golubev,90,2016-11-22 10:19:31.957,1.54,2016-11-22 11:12:00,
1.128364089,2454785,Andrey Golubev,Gunneswaran v A Golubev,100,2016-11-22 10:36:34.570,1.43,2016-11-22 10:49:00,
1.128364133,8505204,Soon Woo Kwon,Yevseyev v S Kwon,0,2016-11-20 12:19:34.382,1.31,2016-11-21 09:00:00,
1.128364133,8505204,Soon Woo Kwon,Yevseyev v S Kwon,10,2016-11-20 21:56:54.033,1.28,2016-11-21 09:00:00,
1.128364133,8505204,Soon Woo Kwon,Yevseyev v S Kwon,20,2016-11-21 00:49:27.749,1.25,2016-11-21 09:00:00,
1.128364133,8505204,Soon Woo Kwon,Yevseyev v S Kwon,30,2016-11-21 06:09:24.380,1.25,2016-11-21 09:00:00,
1.128364133,8505204,Soon Woo Kwon,Yevseyev v S Kwon,40,2016-11-21 07:38:25.510,1.28,2016-11-21 08:48:00,
1.128364133,8505204,Soon Woo Kwon,Yevseyev v S Kwon,50,2016-11-21 07:59:36.526,1.28,2016-11-21 08:48:00,
1.128364133,8505204,Soon Woo Kwon,Yevseyev v S Kwon,60,2016-11-21 08:00:37.975,1.26,2016-11-21 08:48:00,
1.128364133,8505204,Soon Woo Kwon,Yevseyev v S Kwon,70,2016-11-21 08:11:19.798,1.27,2016-11-21 08:48:00,
1.128364133,8505204,Soon Woo Kwon,Yevseyev v S Kwon,80,2016-11-21 08:19:31.529,1.27,2016-11-21 08:48:00,
1.128364133,8505204,Soon Woo Kwon,Yevseyev v S Kwon,90,2016-11-21 08:21:33.340,1.25,2016-11-21 08:48:00,
1.128364133,8505204,Soon Woo Kwon,Yevseyev v S Kwon,100,2016-11-21 08:27:32.987,1.32,2016-11-21 08:29:00,
1.128364177,8284522,Dmitry Popko,Popko v Kibi,0,2016-11-19 21:14:19.924,1.55,2016-11-20 12:00:00,
1.128364177,8284522,Dmitry Popko,Popko v Kibi,10,2016-11-21 14:02:41.286,1.64,2016-11-22 11:00:00,
1.128364177,8284522,Dmitry Popko,Popko v Kibi,20,2016-11-21 14:03:42.170,1.6,2016-11-22 11:00:00,
1.128364177,8284522,Dmitry Popko,Popko v Kibi,30,2016-11-21 19:18:51.497,1.55,2016-11-22 11:00:00,
1.128364177,8284522,Dmitry Popko,Popko v Kibi,40,2016-11-22 02:31:37.502,1.64,2016-11-22 11:00:00,
1.128364177,8284522,Dmitry Popko,Popko v Kibi,50,2016-11-22 08:12:53.968,1.76,2016-11-22 09:51:00,
1.128364177,8284522,Dmitry Popko,Popko v Kibi,60,2016-11-22 08:17:50.979,1.81,2016-11-22 09:51:00,
1.128364177,8284522,Dmitry Popko,Popko v Kibi,70,2016-11-22 08:21:50.713,1.67,2016-11-22 09:51:00,
1.128364177,8284522,Dmitry Popko,Popko v Kibi,80,2016-11-22 08:40:53.058,1.72,2016-11-22 09:51:00,
1.128364177,8284522,Dmitry Popko,Popko v Kibi,90,2016-11-22 09:04:31.436,1.79,2016-11-22 09:51:00,
1.128364177,8284522,Dmitry Popko,Popko v Kibi,100,2016-11-22 09:12:46.292,1.77,2016-11-22 09:14:00,
1.12836644,9128710,Adrian Menendez-Maceira,Menendez-Maceiras v Mektic,0,2016-11-20 09:01:04.495,1.8,2016-11-21 12:00:00,
1.12836644,9128710,Adrian Menendez-Maceira,Menendez-Maceiras v Mektic,10,2016-11-20 16:16:20.828,1.71,2016-11-21 12:00:00,
1.12836644,9128710,Adrian Menendez-Maceira,Menendez-Maceiras v Mektic,20,2016-11-20 16:36:59.083,1.85,2016-11-21 12:00:00,
1.12836644,9128710,Adrian Menendez-Maceira,Menendez-Maceiras v Mektic,30,2016-11-20 16:44:57.944,1.71,2016-11-21 12:00:00,
1.12836644,9128710,Adrian Menendez-Maceira,Menendez-Maceiras v Mektic,40,2016-11-20 16:55:50.073,1.85,2016-11-21 12:00:00,
1.12836644,9128710,Adrian Menendez-Maceira,Menendez-Maceiras v Mektic,50,2016-11-21 20:40:35.174,1.82,2016-11-22 14:00:00,
1.12836644,9128710,Adrian Menendez-Maceira,Menendez-Maceiras v Mektic,60,2016-11-22 05:00:44.060,1.81,2016-11-22 14:00:00,
1.12836644,9128710,Adrian Menendez-Maceira,Menendez-Maceiras v Mektic,70,2016-11-22 08:16:01.872,1.78,2016-11-22 14:00:00,
1.12836644,9128710,Adrian Menendez-Maceira,Menendez-Maceiras v Mektic,80,2016-11-22 10:01:49.285,1.84,2016-11-22 13:57:00,
1.12836644,9128710,Adrian Menendez-Maceira,Menendez-Maceiras v Mektic,90,2016-11-22 11:37:09.764,1.85,2016-11-22 13:08:00,
1.12836644,9128710,Adrian Menendez-Maceira,Menendez-Maceiras v Mektic,100,2016-11-22 12:34:00.704,1.92,2016-11-22 13:08:00,
1.128366445,5707016,Laurynas Grigelis,Grigelis v Torebko,0,2016-11-20 22:53:50.813,1.54,2016-11-21 12:00:00,
1.128366445,5707016,Laurynas Grigelis,Grigelis v Torebko,10,2016-11-21 04:57:51.969,1.51,2016-11-22 12:00:00,
1.128366445,5707016,Laurynas Grigelis,Grigelis v Torebko,20,2016-11-22 08:12:47.726,1.48,2016-11-23 12:00:00,
1.128366445,5707016,Laurynas Grigelis,Grigelis v Torebko,30,2016-11-22 22:41:02.071,1.43,2016-11-23 12:00:00,
1.128366445,5707016,Laurynas Grigelis,Grigelis v Torebko,40,2016-11-23 08:45:24.763,1.46,2016-11-23 12:00:00,
1.128366445,5707016,Laurynas Grigelis,Grigelis v Torebko,50,2016-11-23 09:23:04.387,1.46,2016-11-23 12:00:00,
1.128366445,5707016,Laurynas Grigelis,Grigelis v Torebko,60,2016-11-23 10:48:59.724,1.46,2016-11-23 11:54:00,
1.128366445,5707016,Laurynas Grigelis,Grigelis v Torebko,70,2016-11-23 11:02:09.086,1.39,2016-11-23 11:54:00,
1.128366445,5707016,Laurynas Grigelis,Grigelis v Torebko,80,2016-11-23 11:21:07.103,1.39,2016-11-23 11:54:00,
1.128366445,5707016,Laurynas Grigelis,Grigelis v Torebko,90,2016-11-23 11:24:10.075,1.36,2016-11-23 11:54:00,
1.128366445,5707016,Laurynas Grigelis,Grigelis v Torebko,100,2016-11-23 11:35:00.215,1.35,2016-11-23 11:54:00,
1.128366445,5829498,Peter Torebko,Grigelis v Torebko,0,2016-11-21 15:17:00.277,2.98,2016-11-22 12:00:00,
1.128366445,5829498,Peter Torebko,Grigelis v Torebko,10,2016-11-22 14:06:32.217,2.9,2016-11-23 12:00:00,
1.128366445,5829498,Peter Torebko,Grigelis v Torebko,20,2016-11-22 22:41:02.071,3.35,2016-11-23 12:00:00,
1.128366445,5829498,Peter Torebko,Grigelis v Torebko,30,2016-11-23 05:41:54.906,3.25,2016-11-23 12:00:00,
1.128366445,5829498,Peter Torebko,Grigelis v Torebko,40,2016-11-23 06:56:45.175,3.4,2016-11-23 12:00:00,
1.128366445,5829498,Peter Torebko,Grigelis v Torebko,50,2016-11-23 11:00:31.635,3.25,2016-11-23 11:54:00,
1.128366445,5829498,Peter Torebko,Grigelis v Torebko,60,2016-11-23 11:02:09.086,3.5,2016-11-23 11:54:00,
1.128366445,5829498,Peter Torebko,Grigelis v Torebko,70,2016-11-23 11:06:03.835,3.55,2016-11-23 11:54:00,
1.128366445,5829498,Peter Torebko,Grigelis v Torebko,80,2016-11-23 11:17:32.932,3.5,2016-11-23 11:54:00,
1.128366445,5829498,Peter Torebko,Grigelis v Torebko,90,2016-11-23 11:19:52.752,3.55,2016-11-23 11:54:00,
1.128366445,5829498,Peter Torebko,Grigelis v Torebko,100,2016-11-23 11:31:02.158,3.55,2016-11-23 11:54:00,
1.128366528,7797772,Egor Gerasimov,Gerasimov v Dima,0,2016-11-20 08:32:33.580,1.34,2016-11-21 12:00:00,
1.128366528,7797772,Egor Gerasimov,Gerasimov v Dima,10,2016-11-20 10:55:23.809,1.41,2016-11-21 12:00:00,
1.128366528,7797772,Egor Gerasimov,Gerasimov v Dima,20,2016-11-20 21:45:08.107,1.28,2016-11-21 12:00:00,
1.128366528,7797772,Egor Gerasimov,Gerasimov v Dima,30,2016-11-21 14:04:24.819,1.4,2016-11-22 12:00:00,
1.128366528,7797772,Egor Gerasimov,Gerasimov v Dima,40,2016-11-23 01:49:08.948,1.31,2016-11-23 10:00:00,
1.128366528,7797772,Egor Gerasimov,Gerasimov v Dima,50,2016-11-23 05:50:55.466,1.31,2016-11-23 10:00:00,
1.128366528,7797772,Egor Gerasimov,Gerasimov v Dima,60,2016-11-23 06:03:41.424,1.27,2016-11-23 10:00:00,
1.128366528,7797772,Egor Gerasimov,Gerasimov v Dima,70,2016-11-23 09:41:08.346,1.31,2016-11-23 10:00:00,
1.128366528,7797772,Egor Gerasimov,Gerasimov v Dima,80,2016-11-23 09:43:05.245,1.3,2016-11-23 10:00:00,
1.128366528,7797772,Egor Gerasimov,Gerasimov v Dima,90,2016-11-23 09:48:50.857,1.28,2016-11-23 10:00:00,
1.128366528,7797772,Egor Gerasimov,Gerasimov v Dima,100,2016-11-23 09:57:09.553,1.28,2016-11-23 10:00:00,
1.128366592,2257298,Tommy Robredo,Robredo v Caruso,0,2016-11-20 08:44:36.061,1.38,2016-11-21 12:00:00,
1.128366592,2257298,Tommy Robredo,Robredo v Caruso,10,2016-11-21 01:16:35.564,1.51,2016-11-22 12:00:00,
1.128366592,2257298,Tommy Robredo,Robredo v Caruso,20,2016-11-22 06:05:05.648,1.4,2016-11-22 12:00:00,
1.128366592,2257298,Tommy Robredo,Robredo v Caruso,30,2016-11-22 08:33:05.210,1.55,2016-11-22 12:00:00,
1.128366592,2257298,Tommy Robredo,Robredo v Caruso,40,2016-11-22 08:53:49.209,1.57,2016-11-22 12:00:00,
1.128366592,2257298,Tommy Robredo,Robredo v Caruso,50,2016-11-22 10:00:08.292,1.53,2016-11-22 12:00:00,
1.128366592,2257298,Tommy Robredo,Robredo v Caruso,60,2016-11-22 10:19:45.135,1.48,2016-11-22 12:00:00,
1.128366592,2257298,Tommy Robredo,Robredo v Caruso,70,2016-11-22 10:50:07.130,1.42,2016-11-22 12:00:00,
1.128366592,2257298,Tommy Robredo,Robredo v Caruso,80,2016-11-22 11:05:57.135,1.41,2016-11-22 12:00:00,
1.128366592,2257298,Tommy Robredo,Robredo v Caruso,90,2016-11-22 11:47:05.985,1.45,2016-11-22 12:00:00,
1.128366592,2257298,Tommy Robredo,Robredo v Caruso,100,2016-11-22 11:55:07.743,1.44,2016-11-22 12:00:00,
1.128366592,8257868,Salvatore Caruso,Robredo v Caruso,0,2016-11-20 20:26:10.337,3.7,2016-11-21 12:00:00,
1.128366592,8257868,Salvatore Caruso,Robredo v Caruso,10,2016-11-21 00:44:47.969,3.05,2016-11-22 12:00:00,
1.128366592,8257868,Salvatore Caruso,Robredo v Caruso,20,2016-11-21 08:43:59.435,3.05,2016-11-22 12:00:00,
1.128366592,8257868,Salvatore Caruso,Robredo v Caruso,30,2016-11-22 08:09:10.437,3.0,2016-11-22 12:00:00,
1.128366592,8257868,Salvatore Caruso,Robredo v Caruso,40,2016-11-22 08:33:05.210,2.82,2016-11-22 12:00:00,
1.128366592,8257868,Salvatore Caruso,Robredo v Caruso,50,2016-11-22 08:46:11.082,2.98,2016-11-22 12:00:00,
1.128366592,8257868,Salvatore Caruso,Robredo v Caruso,60,2016-11-22 09:04:48.424,2.96,2016-11-22 12:00:00,
1.128366592,8257868,Salvatore Caruso,Robredo v Caruso,70,2016-11-22 10:10:59.274,3.05,2016-11-22 12:00:00,
1.128366592,8257868,Salvatore Caruso,Robredo v Caruso,80,2016-11-22 10:45:59.961,3.3,2016-11-22 12:00:00,
1.128366592,8257868,Salvatore Caruso,Robredo v Caruso,90,2016-11-22 11:39:30.735,3.15,2016-11-22 12:00:00,
1.128366592,8257868,Salvatore Caruso,Robredo v Caruso,100,2016-11-22 11:55:07.743,3.0,2016-11-22 12:00:00,
1.128366713,2284304,Sergiy Stakhovsky,Stakhovsky v Z Kolar,0,2016-11-20 20:59:54.046,1.31,2016-11-21 19:00:00,
1.128366713,2284304,Sergiy Stakhovsky,Stakhovsky v Z Kolar,10,2016-11-21 06:15:58.759,1.25,2016-11-21 19:00:00,
1.128366713,2284304,Sergiy Stakhovsky,Stakhovsky v Z Kolar,20,2016-11-21 11:34:33.309,1.31,2016-11-21 19:00:00,
1.128366713,2284304,Sergiy Stakhovsky,Stakhovsky v Z Kolar,30,2016-11-21 13:31:45.780,1.27,2016-11-21 19:00:00,
1.128366713,2284304,Sergiy Stakhovsky,Stakhovsky v Z Kolar,40,2016-11-21 14:03:44.140,1.4,2016-11-21 19:00:00,
1.128366713,2284304,Sergiy Stakhovsky,Stakhovsky v Z Kolar,50,2016-11-21 17:13:07.165,1.35,2016-11-21 19:00:00,
1.128366713,2284304,Sergiy Stakhovsky,Stakhovsky v Z Kolar,60,2016-11-21 17:30:08.580,1.36,2016-11-21 19:00:00,
1.128366713,2284304,Sergiy Stakhovsky,Stakhovsky v Z Kolar,70,2016-11-21 17:59:38.664,1.36,2016-11-21 19:00:00,
1.128366713,2284304,Sergiy Stakhovsky,Stakhovsky v Z Kolar,80,2016-11-21 18:54:06.962,1.33,2016-11-21 19:00:00,
1.128366713,2284304,Sergiy Stakhovsky,Stakhovsky v Z Kolar,90,2016-11-21 18:58:07.652,1.29,2016-11-21 19:00:00,
1.128366713,2284304,Sergiy Stakhovsky,Stakhovsky v Z Kolar,100,2016-11-21 19:05:03.302,1.35,2016-11-21 19:15:00,
1.128366713,8575039,Zdenek Kolar,Stakhovsky v Z Kolar,0,2016-11-20 20:59:54.046,4.3,2016-11-21 19:00:00,
1.128366713,8575039,Zdenek Kolar,Stakhovsky v Z Kolar,10,2016-11-21 11:34:33.309,4.2,2016-11-21 19:00:00,
1.128366713,8575039,Zdenek Kolar,Stakhovsky v Z Kolar,20,2016-11-21 12:48:09.560,4.8,2016-11-21 19:00:00,
1.128366713,8575039,Zdenek Kolar,Stakhovsky v Z Kolar,30,2016-11-21 14:03:44.140,3.45,2016-11-21 19:00:00,
1.128366713,8575039,Zdenek Kolar,Stakhovsky v Z Kolar,40,2016-11-21 16:40:01.680,3.8,2016-11-21 19:00:00,
1.128366713,8575039,Zdenek Kolar,Stakhovsky v Z Kolar,50,2016-11-21 17:30:08.580,3.85,2016-11-21 19:00:00,
1.128366713,8575039,Zdenek Kolar,Stakhovsky v Z Kolar,60,2016-11-21 17:33:06.745,3.55,2016-11-21 19:00:00,
1.128366713,8575039,Zdenek Kolar,Stakhovsky v Z Kolar,70,2016-11-21 18:47:55.362,3.85,2016-11-21 19:00:00,
1.128366713,8575039,Zdenek Kolar,Stakhovsky v Z Kolar,80,2016-11-21 18:54:06.962,4.1,2016-11-21 19:00:00,
1.128366713,8575039,Zdenek Kolar,Stakhovsky v Z Kolar,90,2016-11-21 18:56:57.825,4.3,2016-11-21 19:00:00,
1.128366713,8575039,Zdenek Kolar,Stakhovsky v Z Kolar,100,2016-11-21 19:03:53.437,3.9,2016-11-21 19:15:00,
1.128366774,8284716,Andrea Collarini,Collarini v Tsitsipas,0,2016-11-22 12:47:44.461,3.0,2016-11-22 19:00:00,
1.128366774,8284716,Andrea Collarini,Collarini v Tsitsipas,10,2016-11-22 12:49:07.892,2.96,2016-11-22 19:00:00,
1.128366774,8284716,Andrea Collarini,Collarini v Tsitsipas,20,2016-11-22 12:51:58.850,2.86,2016-11-22 19:00:00,
1.128366774,8284716,Andrea Collarini,Collarini v Tsitsipas,30,2016-11-22 15:29:00.076,3.25,2016-11-22 19:00:00,
1.128366774,8284716,Andrea Collarini,Collarini v Tsitsipas,40,2016-11-22 17:00:12.940,3.75,2016-11-22 19:00:00,
1.128366774,8284716,Andrea Collarini,Collarini v Tsitsipas,50,2016-11-22 18:00:09.822,3.75,2016-11-22 20:00:00,
1.128366774,8284716,Andrea Collarini,Collarini v Tsitsipas,60,2016-11-22 19:09:12.819,3.85,2016-11-22 20:22:00,
1.128366774,8284716,Andrea Collarini,Collarini v Tsitsipas,70,2016-11-22 19:21:12.314,3.8,2016-11-22 20:22:00,
1.128366774,8284716,Andrea Collarini,Collarini v Tsitsipas,80,2016-11-22 19:22:19.416,3.6,2016-11-22 20:22:00,
1.128366774,8284716,Andrea Collarini,Collarini v Tsitsipas,90,2016-11-22 19:52:18.903,3.3,2016-11-22 20:22:00,
1.128366774,8284716,Andrea Collarini,Collarini v Tsitsipas,100,2016-11-22 20:59:03.530,3.65,2016-11-22 21:07:00,
1.128366774,9193006,Stefanos Tsitsipas,Collarini v Tsitsipas,0,2016-11-22 15:29:00.076,1.44,2016-11-22 19:00:00,
1.128366774,9193006,Stefanos Tsitsipas,Collarini v Tsitsipas,10,2016-11-22 16:32:18.529,1.4,2016-11-22 19:00:00,
1.128366774,9193006,Stefanos Tsitsipas,Collarini v Tsitsipas,20,2016-11-22 16:32:27.667,1.36,2016-11-22 19:00:00,
1.128366774,9193006,Stefanos Tsitsipas,Collarini v Tsitsipas,30,2016-11-22 18:22:57.985,1.37,2016-11-22 20:30:00,
1.128366774,9193006,Stefanos Tsitsipas,Collarini v Tsitsipas,40,2016-11-22 18:45:16.573,1.36,2016-11-22 20:22:00,
1.128366774,9193006,Stefanos Tsitsipas,Collarini v Tsitsipas,50,2016-11-22 19:09:12.819,1.35,2016-11-22 20:22:00,
1.128366774,9193006,Stefanos Tsitsipas,Collarini v Tsitsipas,60,2016-11-22 19:15:02.188,1.36,2016-11-22 20:22:00,
1.128366774,9193006,Stefanos Tsitsipas,Collarini v Tsitsipas,70,2016-11-22 19:16:03.704,1.35,2016-11-22 20:22:00,
1.128366774,9193006,Stefanos Tsitsipas,Collarini v Tsitsipas,80,2016-11-22 19:17:08.162,1.36,2016-11-22 20:22:00,
1.128366774,9193006,Stefanos Tsitsipas,Collarini v Tsitsipas,90,2016-11-22 19:22:19.416,1.38,2016-11-22 20:22:00,
1.128366774,9193006,Stefanos Tsitsipas,Collarini v Tsitsipas,100,2016-11-22 19:24:10.343,1.37,2016-11-22 20:22:00,
1.128366802,8257801,Yannick Jankovits,Jankovits v M Berrettini,0,2016-11-20 09:36:52.531,1.97,2016-11-21 12:00:00,
1.128366802,8257801,Yannick Jankovits,Jankovits v M Berrettini,10,2016-11-21 20:44:49.764,2.36,2016-11-22 10:00:00,
1.128366802,8257801,Yannick Jankovits,Jankovits v M Berrettini,20,2016-11-21 21:47:57.650,2.16,2016-11-22 10:00:00,
1.128366802,8257801,Yannick Jankovits,Jankovits v M Berrettini,30,2016-11-22 08:35:14.015,2.26,2016-11-22 10:00:00,
1.128366802,8257801,Yannick Jankovits,Jankovits v M Berrettini,40,2016-11-22 08:42:13.869,2.06,2016-11-22 10:00:00,
1.128366802,8257801,Yannick Jankovits,Jankovits v M Berrettini,50,2016-11-22 08:57:19.163,2.02,2016-11-22 10:00:00,
1.128366802,8257801,Yannick Jankovits,Jankovits v M Berrettini,60,2016-11-22 09:05:20.500,2.18,2016-11-22 10:00:00,
1.128366802,8257801,Yannick Jankovits,Jankovits v M Berrettini,70,2016-11-22 09:20:13.457,2.0,2016-11-22 10:00:00,
1.128366802,8257801,Yannick Jankovits,Jankovits v M Berrettini,80,2016-11-22 09:28:05.814,2.08,2016-11-22 10:00:00,
1.128366802,8257801,Yannick Jankovits,Jankovits v M Berrettini,90,2016-11-22 09:38:33.288,2.0,2016-11-22 10:00:00,
1.128366802,8257801,Yannick Jankovits,Jankovits v M Berrettini,100,2016-11-22 09:59:07.232,1.97,2016-11-22 10:00:00,
1.128366802,8962036,Matteo Berrettini,Jankovits v M Berrettini,0,2016-11-20 09:36:52.531,2.04,2016-11-21 12:00:00,
1.128366802,8962036,Matteo Berrettini,Jankovits v M Berrettini,10,2016-11-21 15:33:03.967,1.8,2016-11-22 10:00:00,
1.128366802,8962036,Matteo Berrettini,Jankovits v M Berrettini,20,2016-11-22 08:00:20.570,1.84,2016-11-22 10:00:00,
1.128366802,8962036,Matteo Berrettini,Jankovits v M Berrettini,30,2016-11-22 08:32:47.927,1.92,2016-11-22 10:00:00,
1.128366802,8962036,Matteo Berrettini,Jankovits v M Berrettini,40,2016-11-22 08:42:13.869,1.86,2016-11-22 10:00:00,
1.128366802,8962036,Matteo Berrettini,Jankovits v M Berrettini,50,2016-11-22 09:00:20.308,1.88,2016-11-22 10:00:00,
1.128366802,8962036,Matteo Berrettini,Jankovits v M Berrettini,60,2016-11-22 09:16:13.796,2.0,2016-11-22 10:00:00,
1.128366802,8962036,Matteo Berrettini,Jankovits v M Berrettini,70,2016-11-22 09:20:13.457,1.93,2016-11-22 10:00:00,
1.128366802,8962036,Matteo Berrettini,Jankovits v M Berrettini,80,2016-11-22 09:27:10.385,1.98,2016-11-22 10:00:00,
1.128366802,8962036,Matteo Berrettini,Jankovits v M Berrettini,90,2016-11-22 09:38:33.288,2.0,2016-11-22 10:00:00,
1.128366802,8962036,Matteo Berrettini,Jankovits v M Berrettini,100,2016-11-22 09:59:07.232,2.04,2016-11-22 10:00:00,
1.128366906,8257797,Alessandro Bega,Bega v Pellegrino,0,2016-11-22 03:00:31.875,1.55,2016-11-22 17:00:00,
1.128366906,8257797,Alessandro Bega,Bega v Pellegrino,10,2016-11-22 07:41:06.882,1.54,2016-11-22 17:00:00,
1.128366906,8257797,Alessandro Bega,Bega v Pellegrino,20,2016-11-22 12:32:11.701,1.54,2016-11-22 17:00:00,
1.128366906,8257797,Alessandro Bega,Bega v Pellegrino,30,2016-11-22 15:10:16.977,1.55,2016-11-22 17:00:00,
1.128366906,8257797,Alessandro Bega,Bega v Pellegrino,40,2016-11-22 16:42:15.157,1.52,2016-11-22 17:00:00,
1.128366906,8257797,Alessandro Bega,Bega v Pellegrino,50,2016-11-22 16:51:13.658,1.51,2016-11-22 17:00:00,
1.128366906,8257797,Alessandro Bega,Bega v Pellegrino,60,2016-11-22 17:10:58.858,1.52,2016-11-22 17:15:00,
1.128366906,8257797,Alessandro Bega,Bega v Pellegrino,70,2016-11-22 17:38:55.515,1.53,2016-11-22 17:45:00,
1.128366906,8257797,Alessandro Bega,Bega v Pellegrino,80,2016-11-22 18:22:07.792,1.53,2016-11-22 18:30:00,
1.128366906,8257797,Alessandro Bega,Bega v Pellegrino,90,2016-11-22 18:23:17.521,1.49,2016-11-22 18:30:00,
1.128366906,8257797,Alessandro Bega,Bega v Pellegrino,100,2016-11-22 18:25:18.822,1.5,2016-11-22 18:30:00,
1.12836695,8826925,Lorenzo Sonego,Sonego v Setkic,0,2016-11-20 22:10:09.487,1.72,2016-11-21 12:00:00,
1.12836695,8826925,Lorenzo Sonego,Sonego v Setkic,10,2016-11-20 23:59:40.087,1.7,2016-11-21 12:00:00,
1.12836695,8826925,Lorenzo Sonego,Sonego v Setkic,20,2016-11-21 09:05:20.800,1.72,2016-11-22 12:00:00,
1.12836695,8826925,Lorenzo Sonego,Sonego v Setkic,30,2016-11-21 19:07:58.411,1.76,2016-11-22 16:00:00,
1.12836695,8826925,Lorenzo Sonego,Sonego v Setkic,40,2016-11-22 08:41:26.964,1.77,2016-11-22 16:00:00,
1.12836695,8826925,Lorenzo Sonego,Sonego v Setkic,50,2016-11-22 08:41:32.684,1.76,2016-11-22 16:00:00,
1.12836695,8826925,Lorenzo Sonego,Sonego v Setkic,60,2016-11-22 13:14:20.340,1.8,2016-11-22 15:54:00,
1.12836695,8826925,Lorenzo Sonego,Sonego v Setkic,70,2016-11-22 14:57:25.608,1.78,2016-11-22 15:48:00,
1.12836695,8826925,Lorenzo Sonego,Sonego v Setkic,80,2016-11-22 15:01:26.778,1.81,2016-11-22 15:48:00,
1.12836695,8826925,Lorenzo Sonego,Sonego v Setkic,90,2016-11-22 15:39:56.531,1.76,2016-11-22 15:48:00,
1.12836695,8826925,Lorenzo Sonego,Sonego v Setkic,100,2016-11-22 15:58:08.696,1.8,2016-11-22 15:59:00,
1.128366994,2263632,Marco Chiudinelli,Doumbia v Chiudinelli,0,2016-11-21 18:10:28.044,1.45,2016-11-22 10:00:00,
1.128366994,2263632,Marco Chiudinelli,Doumbia v Chiudinelli,10,2016-11-22 07:08:14.954,1.54,2016-11-22 10:00:00,
1.128366994,2263632,Marco Chiudinelli,Doumbia v Chiudinelli,20,2016-11-22 07:45:21.247,1.52,2016-11-22 10:00:00,
1.128366994,2263632,Marco Chiudinelli,Doumbia v Chiudinelli,30,2016-11-22 08:05:03.653,1.53,2016-11-22 10:00:00,
1.128366994,2263632,Marco Chiudinelli,Doumbia v Chiudinelli,40,2016-11-22 08:13:14.876,1.52,2016-11-22 10:00:00,
1.128366994,2263632,Marco Chiudinelli,Doumbia v Chiudinelli,50,2016-11-22 09:00:26.560,1.51,2016-11-22 10:00:00,
1.128366994,2263632,Marco Chiudinelli,Doumbia v Chiudinelli,60,2016-11-22 09:04:22.529,1.49,2016-11-22 10:00:00,
1.128366994,2263632,Marco Chiudinelli,Doumbia v Chiudinelli,70,2016-11-22 09:31:26.371,1.49,2016-11-22 10:00:00,
1.128366994,2263632,Marco Chiudinelli,Doumbia v Chiudinelli,80,2016-11-22 09:47:25.459,1.44,2016-11-22 10:00:00,
1.128366994,2263632,Marco Chiudinelli,Doumbia v Chiudinelli,90,2016-11-22 09:55:00.321,1.48,2016-11-22 10:00:00,
1.128366994,2263632,Marco Chiudinelli,Doumbia v Chiudinelli,100,2016-11-22 09:59:25.722,1.49,2016-11-22 10:00:00,
1.128366994,8475978,Sadio Doumbia,Doumbia v Chiudinelli,0,2016-11-22 03:56:45.010,3.25,2016-11-22 10:00:00,
1.128366994,8475978,Sadio Doumbia,Doumbia v Chiudinelli,10,2016-11-22 07:23:15.140,2.82,2016-11-22 10:00:00,
1.128366994,8475978,Sadio Doumbia,Doumbia v Chiudinelli,20,2016-11-22 08:19:19.305,2.98,2016-11-22 10:00:00,
1.128366994,8475978,Sadio Doumbia,Doumbia v Chiudinelli,30,2016-11-22 08:52:09.996,2.94,2016-11-22 10:00:00,
1.128366994,8475978,Sadio Doumbia,Doumbia v Chiudinelli,40,2016-11-22 08:57:26.667,2.92,2016-11-22 10:00:00,
1.128366994,8475978,Sadio Doumbia,Doumbia v Chiudinelli,50,2016-11-22 08:59:18.966,2.96,2016-11-22 10:00:00,
1.128366994,8475978,Sadio Doumbia,Doumbia v Chiudinelli,60,2016-11-22 09:06:20.175,3.05,2016-11-22 10:00:00,
1.128366994,8475978,Sadio Doumbia,Doumbia v Chiudinelli,70,2016-11-22 09:15:23.936,2.84,2016-11-22 10:00:00,
1.128366994,8475978,Sadio Doumbia,Doumbia v Chiudinelli,80,2016-11-22 09:46:19.777,2.92,2016-11-22 10:00:00,
1.128366994,8475978,Sadio Doumbia,Doumbia v Chiudinelli,90,2016-11-22 09:52:28.164,2.92,2016-11-22 10:00:00,
1.128366994,8475978,Sadio Doumbia,Doumbia v Chiudinelli,100,2016-11-22 09:58:28.285,2.92,2016-11-22 10:00:00,
1.128367038,8173038,Ramkumar Ramanathan,Ramanathan v Mager,0,2016-11-21 00:48:22.122,2.06,2016-11-21 17:00:00,
1.128367038,8173038,Ramkumar Ramanathan,Ramanathan v Mager,10,2016-11-21 08:56:31.502,1.91,2016-11-21 17:00:00,
1.128367038,8173038,Ramkumar Ramanathan,Ramanathan v Mager,20,2016-11-21 12:33:35.482,1.79,2016-11-21 17:00:00,
1.128367038,8173038,Ramkumar Ramanathan,Ramanathan v Mager,30,2016-11-21 14:19:34.939,1.91,2016-11-21 17:00:00,
1.128367038,8173038,Ramkumar Ramanathan,Ramanathan v Mager,40,2016-11-21 15:00:34.636,1.94,2016-11-21 17:00:00,
1.128367038,8173038,Ramkumar Ramanathan,Ramanathan v Mager,50,2016-11-21 15:12:33.493,1.87,2016-11-21 17:00:00,
1.128367038,8173038,Ramkumar Ramanathan,Ramanathan v Mager,60,2016-11-21 15:20:35.088,1.89,2016-11-21 17:00:00,
1.128367038,8173038,Ramkumar Ramanathan,Ramanathan v Mager,70,2016-11-21 15:32:32.391,1.87,2016-11-21 17:00:00,
1.128367038,8173038,Ramkumar Ramanathan,Ramanathan v Mager,80,2016-11-21 15:56:23.671,1.87,2016-11-21 17:00:00,
1.128367038,8173038,Ramkumar Ramanathan,Ramanathan v Mager,90,2016-11-21 16:46:27.742,1.92,2016-11-21 17:00:00,
1.128367038,8173038,Ramkumar Ramanathan,Ramanathan v Mager,100,2016-11-21 16:55:34.584,1.9,2016-11-21 17:00:00,
1.128367038,8284482,Gianluca Mager,Ramanathan v Mager,0,2016-11-20 15:33:23.964,1.82,2016-11-21 12:00:00,
1.128367038,8284482,Gianluca Mager,Ramanathan v Mager,10,2016-11-21 05:54:35.337,2.06,2016-11-21 17:00:00,
1.128367038,8284482,Gianluca Mager,Ramanathan v Mager,20,2016-11-21 11:48:35.011,2.2,2016-11-21 17:00:00,
1.128367038,8284482,Gianluca Mager,Ramanathan v Mager,30,2016-11-21 14:18:35.892,2.16,2016-11-21 17:00:00,
1.128367038,8284482,Gianluca Mager,Ramanathan v Mager,40,2016-11-21 14:44:25.555,1.91,2016-11-21 17:00:00,
1.128367038,8284482,Gianluca Mager,Ramanathan v Mager,50,2016-11-21 15:17:36.162,2.16,2016-11-21 17:00:00,
1.128367038,8284482,Gianluca Mager,Ramanathan v Mager,60,2016-11-21 15:35:35.652,2.18,2016-11-21 17:00:00,
1.128367038,8284482,Gianluca Mager,Ramanathan v Mager,70,2016-11-21 15:52:28.728,2.14,2016-11-21 17:00:00,
1.128367038,8284482,Gianluca Mager,Ramanathan v Mager,80,2016-11-21 16:32:03.779,2.16,2016-11-21 17:00:00,
1.128367038,8284482,Gianluca Mager,Ramanathan v Mager,90,2016-11-21 16:48:35.825,2.08,2016-11-21 17:00:00,
1.128367038,8284482,Gianluca Mager,Ramanathan v Mager,100,2016-11-21 16:54:17.720,2.1,2016-11-21 17:00:00,
1.128371044,8176581,S Peng,S Peng v P Tig,0,2016-11-19 22:09:00.392,1.2,2016-11-20 02:05:00,
1.128371044,8176581,S Peng,S Peng v P Tig,10,2016-11-20 00:06:03.503,1.36,2016-11-20 02:05:00,
1.128371044,8176581,S Peng,S Peng v P Tig,20,2016-11-20 00:30:04.812,1.37,2016-11-20 02:05:00,
1.128371044,8176581,S Peng,S Peng v P Tig,30,2016-11-20 00:36:03.788,1.37,2016-11-20 02:05:00,
1.128371044,8176581,S Peng,S Peng v P Tig,40,2016-11-20 00:44:03.989,1.35,2016-11-20 02:05:00,
1.128371044,8176581,S Peng,S Peng v P Tig,50,2016-11-20 00:54:03.198,1.36,2016-11-20 02:05:00,
1.128371044,8176581,S Peng,S Peng v P Tig,60,2016-11-20 00:57:17.879,1.37,2016-11-20 02:05:00,
1.128371044,8176581,S Peng,S Peng v P Tig,70,2016-11-20 01:36:40.854,1.33,2016-11-20 02:05:00,
1.128371044,8176581,S Peng,S Peng v P Tig,80,2016-11-20 01:47:50.643,1.2,2016-11-20 02:05:00,
1.128371044,8176581,S Peng,S Peng v P Tig,90,2016-11-20 01:56:47.036,1.26,2016-11-20 02:05:00,
1.128371044,8176581,S Peng,S Peng v P Tig,100,2016-11-20 02:04:46.759,1.18,2016-11-20 02:05:00,2016-11-20 02:03:04.997
1.128371044,9627232,P Tig,S Peng v P Tig,0,2016-11-19 23:29:49.727,4.7,2016-11-20 02:05:00,
1.128371044,9627232,P Tig,S Peng v P Tig,10,2016-11-19 23:30:36.944,4.4,2016-11-20 02:05:00,
1.128371044,9627232,P Tig,S Peng v P Tig,20,2016-11-20 00:06:55.714,3.65,2016-11-20 02:05:00,
1.128371044,9627232,P Tig,S Peng v P Tig,30,2016-11-20 00:25:19.041,3.65,2016-11-20 02:05:00,
1.128371044,9627232,P Tig,S Peng v P Tig,40,2016-11-20 00:28:00.027,4.3,2016-11-20 02:05:00,
1.128371044,9627232,P Tig,S Peng v P Tig,50,2016-11-20 00:50:05.211,3.5,2016-11-20 02:05:00,
1.128371044,9627232,P Tig,S Peng v P Tig,60,2016-11-20 00:55:03.084,3.7,2016-11-20 02:05:00,
1.128371044,9627232,P Tig,S Peng v P Tig,70,2016-11-20 00:56:05.464,3.75,2016-11-20 02:05:00,
1.128371044,9627232,P Tig,S Peng v P Tig,80,2016-11-20 01:36:40.854,4.0,2016-11-20 02:05:00,
1.128371044,9627232,P Tig,S Peng v P Tig,90,2016-11-20 01:51:00.954,7.0,2016-11-20 02:05:00,
1.128371044,9627232,P Tig,S Peng v P Tig,100,2016-11-20 02:02:06.209,4.1,2016-11-20 02:05:00,
1.128371967,9623169,Gonzales Austin,Austin v Roelofse,0,2016-11-20 07:57:06.788,1.62,2016-11-20 17:00:00,
1.128371967,9623169,Gonzales Austin,Austin v Roelofse,10,2016-11-20 07:58:07.720,1.65,2016-11-20 17:00:00,
1.128371967,9623169,Gonzales Austin,Austin v Roelofse,20,2016-11-20 07:58:48.429,1.69,2016-11-20 17:00:00,
1.128371967,9623169,Gonzales Austin,Austin v Roelofse,30,2016-11-20 08:22:52.517,1.97,2016-11-20 17:00:00,
1.128371967,9623169,Gonzales Austin,Austin v Roelofse,40,2016-11-20 08:48:57.162,1.95,2016-11-20 17:00:00,
1.128371967,9623169,Gonzales Austin,Austin v Roelofse,50,2016-11-20 11:02:47.091,1.64,2016-11-20 17:00:00,
1.128371967,9623169,Gonzales Austin,Austin v Roelofse,60,2016-11-20 13:45:08.110,1.63,2016-11-20 17:00:00,
1.128371967,9623169,Gonzales Austin,Austin v Roelofse,70,2016-11-20 13:50:03.501,1.62,2016-11-20 17:00:00,
1.128371967,9623169,Gonzales Austin,Austin v Roelofse,80,2016-11-20 14:06:55.598,1.62,2016-11-20 17:00:00,
1.128371967,9623169,Gonzales Austin,Austin v Roelofse,90,2016-11-20 15:30:17.401,1.54,2016-11-20 16:53:00,
1.128371967,9623169,Gonzales Austin,Austin v Roelofse,100,2016-11-20 16:07:07.703,1.39,2016-11-20 16:53:00,
1.128372096,8681900,Luca Vanni,Vanni v Grigelis,0,2016-11-20 11:23:52.386,1.71,2016-11-20 16:00:00,
1.128372096,8681900,Luca Vanni,Vanni v Grigelis,10,2016-11-20 12:20:07.735,1.6,2016-11-20 16:00:00,
1.128372096,8681900,Luca Vanni,Vanni v Grigelis,20,2016-11-20 13:01:53.979,1.73,2016-11-20 16:00:00,
1.128372096,8681900,Luca Vanni,Vanni v Grigelis,30,2016-11-20 13:48:52.820,1.64,2016-11-20 16:00:00,
1.128372096,8681900,Luca Vanni,Vanni v Grigelis,40,2016-11-20 14:01:04.114,1.72,2016-11-20 16:00:00,
1.128372096,8681900,Luca Vanni,Vanni v Grigelis,50,2016-11-20 14:04:01.467,1.73,2016-11-20 16:00:00,
1.128372096,8681900,Luca Vanni,Vanni v Grigelis,60,2016-11-20 14:24:00.826,1.68,2016-11-20 16:00:00,
1.128372096,8681900,Luca Vanni,Vanni v Grigelis,70,2016-11-20 14:25:00.652,1.71,2016-11-20 16:00:00,
1.128372096,8681900,Luca Vanni,Vanni v Grigelis,80,2016-11-20 14:26:08.306,1.72,2016-11-20 16:00:00,
1.128372096,8681900,Luca Vanni,Vanni v Grigelis,90,2016-11-20 14:35:33.772,1.67,2016-11-20 16:00:00,
1.128372096,8681900,Luca Vanni,Vanni v Grigelis,100,2016-11-20 15:29:03.417,1.69,2016-11-20 16:00:00,
1.12837222,5248977,Caroline Garcia,Caro Garcia v Alexandrova,0,2016-11-19 22:00:59.196,1.5,2016-11-20 14:30:00,
1.12837222,5248977,Caroline Garcia,Caro Garcia v Alexandrova,10,2016-11-20 07:10:32.245,1.51,2016-11-20 14:30:00,
1.12837222,5248977,Caroline Garcia,Caro Garcia v Alexandrova,20,2016-11-20 08:58:52.055,1.49,2016-11-20 14:30:00,
1.12837222,5248977,Caroline Garcia,Caro Garcia v Alexandrova,30,2016-11-20 10:26:50.253,1.49,2016-11-20 14:30:00,
1.12837222,5248977,Caroline Garcia,Caro Garcia v Alexandrova,40,2016-11-20 10:49:24.059,1.54,2016-11-20 14:30:00,
1.12837222,5248977,Caroline Garcia,Caro Garcia v Alexandrova,50,2016-11-20 11:49:16.984,1.53,2016-11-20 14:30:00,
1.12837222,5248977,Caroline Garcia,Caro Garcia v Alexandrova,60,2016-11-20 12:26:28.058,1.55,2016-11-20 14:30:00,
1.12837222,5248977,Caroline Garcia,Caro Garcia v Alexandrova,70,2016-11-20 12:48:01.532,1.51,2016-11-20 14:30:00,
1.12837222,5248977,Caroline Garcia,Caro Garcia v Alexandrova,80,2016-11-20 13:35:36.880,1.52,2016-11-20 14:30:00,
1.12837222,5248977,Caroline Garcia,Caro Garcia v Alexandrova,90,2016-11-20 14:08:16.549,1.51,2016-11-20 14:30:00,
1.12837222,5248977,Caroline Garcia,Caro Garcia v Alexandrova,100,2016-11-20 14:24:55.720,1.5,2016-11-20 14:30:00,
1.12837222,8681458,Ekaterina Alexandrova,Caro Garcia v Alexandrova,0,2016-11-19 22:00:59.196,3.0,2016-11-20 14:30:00,
1.12837222,8681458,Ekaterina Alexandrova,Caro Garcia v Alexandrova,10,2016-11-20 05:27:21.716,2.92,2016-11-20 14:30:00,
1.12837222,8681458,Ekaterina Alexandrova,Caro Garcia v Alexandrova,20,2016-11-20 09:51:40.777,3.0,2016-11-20 14:30:00,
1.12837222,8681458,Ekaterina Alexandrova,Caro Garcia v Alexandrova,30,2016-11-20 10:37:59.387,2.84,2016-11-20 14:30:00,
1.12837222,8681458,Ekaterina Alexandrova,Caro Garcia v Alexandrova,40,2016-11-20 10:48:59.164,2.8,2016-11-20 14:30:00,
1.12837222,8681458,Ekaterina Alexandrova,Caro Garcia v Alexandrova,50,2016-11-20 11:05:15.057,2.78,2016-11-20 14:30:00,
1.12837222,8681458,Ekaterina Alexandrova,Caro Garcia v Alexandrova,60,2016-11-20 11:40:48.202,2.92,2016-11-20 14:30:00,
1.12837222,8681458,Ekaterina Alexandrova,Caro Garcia v Alexandrova,70,2016-11-20 12:33:00.825,2.86,2016-11-20 14:30:00,
1.12837222,8681458,Ekaterina Alexandrova,Caro Garcia v Alexandrova,80,2016-11-20 13:18:58.497,2.84,2016-11-20 14:30:00,
1.12837222,8681458,Ekaterina Alexandrova,Caro Garcia v Alexandrova,90,2016-11-20 13:35:36.880,2.94,2016-11-20 14:30:00,
1.12837222,8681458,Ekaterina Alexandrova,Caro Garcia v Alexandrova,100,2016-11-20 14:24:04.631,3.0,2016-11-20 14:30:00,
1.128372637,9546313,Klaasen/Ram,Kontinen/Peers v Klaasen/Ram,0,2016-11-20 07:27:24.073,3.15,2016-11-20 15:30:00,
1.128372637,9546313,Klaasen/Ram,Kontinen/Peers v Klaasen/Ram,10,2016-11-20 08:29:22.130,3.15,2016-11-20 15:30:00,
1.128372637,9546313,Klaasen/Ram,Kontinen/Peers v Klaasen/Ram,20,2016-11-20 10:54:51.784,3.3,2016-11-20 15:30:00,
1.128372637,9546313,Klaasen/Ram,Kontinen/Peers v Klaasen/Ram,30,2016-11-20 12:53:04.908,3.3,2016-11-20 15:30:00,
1.128372637,9546313,Klaasen/Ram,Kontinen/Peers v Klaasen/Ram,40,2016-11-20 13:30:01.603,3.3,2016-11-20 15:30:00,
1.128372637,9546313,Klaasen/Ram,Kontinen/Peers v Klaasen/Ram,50,2016-11-20 13:49:31.675,3.45,2016-11-20 15:30:00,
1.128372637,9546313,Klaasen/Ram,Kontinen/Peers v Klaasen/Ram,60,2016-11-20 14:01:51.510,3.35,2016-11-20 15:30:00,
1.128372637,9546313,Klaasen/Ram,Kontinen/Peers v Klaasen/Ram,70,2016-11-20 14:10:52.123,3.35,2016-11-20 15:30:00,
1.128372637,9546313,Klaasen/Ram,Kontinen/Peers v Klaasen/Ram,80,2016-11-20 14:26:49.014,3.3,2016-11-20 15:30:00,
1.128372637,9546313,Klaasen/Ram,Kontinen/Peers v Klaasen/Ram,90,2016-11-20 14:39:07.358,3.35,2016-11-20 15:30:00,
1.128372637,9546313,Klaasen/Ram,Kontinen/Peers v Klaasen/Ram,100,2016-11-20 15:20:03.970,3.4,2016-11-20 15:30:00,
1.128372637,10682162,Kontinen/Peers,Kontinen/Peers v Klaasen/Ram,0,2016-11-20 04:16:06.283,1.24,2016-11-20 15:30:00,
1.128372637,10682162,Kontinen/Peers,Kontinen/Peers v Klaasen/Ram,10,2016-11-20 07:23:57.010,1.41,2016-11-20 15:30:00,
1.128372637,10682162,Kontinen/Peers,Kontinen/Peers v Klaasen/Ram,20,2016-11-20 09:15:23.333,1.44,2016-11-20 15:30:00,
1.128372637,10682162,Kontinen/Peers,Kontinen/Peers v Klaasen/Ram,30,2016-11-20 11:27:12.024,1.41,2016-11-20 15:30:00,
1.128372637,10682162,Kontinen/Peers,Kontinen/Peers v Klaasen/Ram,40,2016-11-20 12:27:31.674,1.41,2016-11-20 15:30:00,
1.128372637,10682162,Kontinen/Peers,Kontinen/Peers v Klaasen/Ram,50,2016-11-20 12:55:38.143,1.41,2016-11-20 15:30:00,
1.128372637,10682162,Kontinen/Peers,Kontinen/Peers v Klaasen/Ram,60,2016-11-20 13:49:31.675,1.41,2016-11-20 15:30:00,
1.128372637,10682162,Kontinen/Peers,Kontinen/Peers v Klaasen/Ram,70,2016-11-20 14:10:52.123,1.42,2016-11-20 15:30:00,
1.128372637,10682162,Kontinen/Peers,Kontinen/Peers v Klaasen/Ram,80,2016-11-20 14:48:22.585,1.42,2016-11-20 15:30:00,
1.128372637,10682162,Kontinen/Peers,Kontinen/Peers v Klaasen/Ram,90,2016-11-20 15:09:54.304,1.41,2016-11-20 15:30:00,
1.128372637,10682162,Kontinen/Peers,Kontinen/Peers v Klaasen/Ram,100,2016-11-20 15:20:03.970,1.41,2016-11-20 15:30:00,
1.128372642,2249229,Novak Djokovic,A Murray v N Djokovic,0,2016-11-19 21:56:04.687,1.51,2016-11-20 18:00:00,
1.128372642,2249229,Novak Djokovic,A Murray v N Djokovic,10,2016-11-19 23:57:03.806,1.48,2016-11-20 18:00:00,
1.128372642,2249229,Novak Djokovic,A Murray v N Djokovic,20,2016-11-20 06:32:56.263,1.47,2016-11-20 18:00:00,
1.128372642,2249229,Novak Djokovic,A Murray v N Djokovic,30,2016-11-20 08:45:05.690,1.49,2016-11-20 18:00:00,
1.128372642,2249229,Novak Djokovic,A Murray v N Djokovic,40,2016-11-20 09:47:56.479,1.49,2016-11-20 18:00:00,
1.128372642,2249229,Novak Djokovic,A Murray v N Djokovic,50,2016-11-20 11:03:59.677,1.48,2016-11-20 18:00:00,
1.128372642,2249229,Novak Djokovic,A Murray v N Djokovic,60,2016-11-20 12:32:11.041,1.51,2016-11-20 18:00:00,
1.128372642,2249229,Novak Djokovic,A Murray v N Djokovic,70,2016-11-20 13:46:13.192,1.52,2016-11-20 18:00:00,
1.128372642,2249229,Novak Djokovic,A Murray v N Djokovic,80,2016-11-20 15:28:12.365,1.51,2016-11-20 18:00:00,
1.128372642,2249229,Novak Djokovic,A Murray v N Djokovic,90,2016-11-20 16:29:08.137,1.52,2016-11-20 18:00:00,
1.128372642,2249229,Novak Djokovic,A Murray v N Djokovic,100,2016-11-20 17:45:13.865,1.58,2016-11-20 18:00:00,
1.128372642,2256509,Andy Murray,A Murray v N Djokovic,0,2016-11-19 22:00:46.061,2.9,2016-11-20 18:00:00,
1.128372642,2256509,Andy Murray,A Murray v N Djokovic,10,2016-11-20 00:53:12.423,3.05,2016-11-20 18:00:00,
1.128372642,2256509,Andy Murray,A Murray v N Djokovic,20,2016-11-20 08:23:53.561,3.1,2016-11-20 18:00:00,
1.128372642,2256509,Andy Murray,A Murray v N Djokovic,30,2016-11-20 09:57:12.887,3.05,2016-11-20 18:00:00,
1.128372642,2256509,Andy Murray,A Murray v N Djokovic,40,2016-11-20 11:39:13.353,2.94,2016-11-20 18:00:00,
1.128372642,2256509,Andy Murray,A Murray v N Djokovic,50,2016-11-20 13:10:12.327,2.94,2016-11-20 18:00:00,
1.128372642,2256509,Andy Murray,A Murray v N Djokovic,60,2016-11-20 14:12:09.670,2.88,2016-11-20 18:00:00,
1.128372642,2256509,Andy Murray,A Murray v N Djokovic,70,2016-11-20 15:19:12.126,2.98,2016-11-20 18:00:00,
1.128372642,2256509,Andy Murray,A Murray v N Djokovic,80,2016-11-20 15:59:07.862,2.96,2016-11-20 18:00:00,
1.128372642,2256509,Andy Murray,A Murray v N Djokovic,90,2016-11-20 16:53:13.104,2.92,2016-11-20 18:00:00,
1.128372642,2256509,Andy Murray,A Murray v N Djokovic,100,2016-11-20 17:45:13.865,2.7,2016-11-20 18:00:00,
1.128372727,10279360,Taylor Fritz,Fritz v Torpegaard,0,2016-11-21 10:02:09.209,1.41,2016-11-22 12:00:00,
1.128372727,10279360,Taylor Fritz,Fritz v Torpegaard,10,2016-11-22 19:31:54.397,1.38,2016-11-22 23:00:00,
1.128372727,10279360,Taylor Fritz,Fritz v Torpegaard,20,2016-11-22 20:48:12.724,1.4,2016-11-22 23:00:00,
1.128372727,10279360,Taylor Fritz,Fritz v Torpegaard,30,2016-11-22 21:25:03.621,1.37,2016-11-22 23:00:00,
1.128372727,10279360,Taylor Fritz,Fritz v Torpegaard,40,2016-11-22 21:45:57.669,1.39,2016-11-22 23:00:00,
1.128372727,10279360,Taylor Fritz,Fritz v Torpegaard,50,2016-11-22 22:31:54.133,1.43,2016-11-22 23:00:00,
1.128372727,10279360,Taylor Fritz,Fritz v Torpegaard,60,2016-11-22 22:38:32.505,1.42,2016-11-22 23:00:00,
1.128372727,10279360,Taylor Fritz,Fritz v Torpegaard,70,2016-11-22 22:42:03.850,1.43,2016-11-22 23:00:00,
1.128372727,10279360,Taylor Fritz,Fritz v Torpegaard,80,2016-11-22 22:45:38.377,1.42,2016-11-22 23:00:00,
1.128372727,10279360,Taylor Fritz,Fritz v Torpegaard,90,2016-11-22 23:08:53.803,1.49,2016-11-22 23:15:00,
1.128372727,10279360,Taylor Fritz,Fritz v Torpegaard,100,2016-11-22 23:21:00.735,1.37,2016-11-22 23:30:00,
1.128372732,7336089,Cameron Norrie,Norrie v Sarmiento,0,2016-11-20 22:10:45.854,1.77,2016-11-21 12:00:00,
1.128372732,7336089,Cameron Norrie,Norrie v Sarmiento,10,2016-11-20 23:59:39.874,1.7,2016-11-21 12:00:00,
1.128372732,7336089,Cameron Norrie,Norrie v Sarmiento,20,2016-11-21 09:47:58.736,1.77,2016-11-22 12:00:00,
1.128372732,7336089,Cameron Norrie,Norrie v Sarmiento,30,2016-11-23 09:15:29.942,1.75,2016-11-23 16:30:00,
1.128372732,7336089,Cameron Norrie,Norrie v Sarmiento,40,2016-11-23 12:04:58.777,1.71,2016-11-23 16:30:00,
1.128372732,7336089,Cameron Norrie,Norrie v Sarmiento,50,2016-11-23 13:25:55.245,1.7,2016-11-23 16:30:00,
1.128372732,7336089,Cameron Norrie,Norrie v Sarmiento,60,2016-11-23 15:23:20.695,1.67,2016-11-23 16:30:00,
1.128372732,7336089,Cameron Norrie,Norrie v Sarmiento,70,2016-11-23 15:44:00.628,1.69,2016-11-23 16:30:00,
1.128372732,7336089,Cameron Norrie,Norrie v Sarmiento,80,2016-11-23 15:50:58.563,1.68,2016-11-23 16:30:00,
1.128372732,7336089,Cameron Norrie,Norrie v Sarmiento,90,2016-11-23 15:53:38.912,1.67,2016-11-23 16:30:00,
1.128372732,7336089,Cameron Norrie,Norrie v Sarmiento,100,2016-11-23 16:11:48.810,1.65,2016-11-23 16:30:00,
1.128372784,3288367,Austin Krajicek,Ch Harrison v A Krajicek,0,2016-11-21 00:01:44.799,1.56,2016-11-21 20:00:00,
1.128372784,3288367,Austin Krajicek,Ch Harrison v A Krajicek,10,2016-11-21 10:19:27.681,1.6,2016-11-21 20:00:00,
1.128372784,3288367,Austin Krajicek,Ch Harrison v A Krajicek,20,2016-11-21 12:24:25.686,1.6,2016-11-21 20:00:00,
1.128372784,3288367,Austin Krajicek,Ch Harrison v A Krajicek,30,2016-11-21 14:16:59.239,1.69,2016-11-21 20:00:00,
1.128372784,3288367,Austin Krajicek,Ch Harrison v A Krajicek,40,2016-11-21 15:15:38.118,1.65,2016-11-21 20:00:00,
1.128372784,3288367,Austin Krajicek,Ch Harrison v A Krajicek,50,2016-11-21 16:13:17.806,1.69,2016-11-21 20:00:00,
1.128372784,3288367,Austin Krajicek,Ch Harrison v A Krajicek,60,2016-11-21 18:31:46.901,1.61,2016-11-21 20:00:00,
1.128372784,3288367,Austin Krajicek,Ch Harrison v A Krajicek,70,2016-11-21 19:13:58.894,1.55,2016-11-21 20:00:00,
1.128372784,3288367,Austin Krajicek,Ch Harrison v A Krajicek,80,2016-11-21 19:48:03.215,1.55,2016-11-21 20:00:00,
1.128372784,3288367,Austin Krajicek,Ch Harrison v A Krajicek,90,2016-11-21 19:50:05.397,1.62,2016-11-21 20:00:00,
1.128372784,3288367,Austin Krajicek,Ch Harrison v A Krajicek,100,2016-11-21 19:58:06.157,1.53,2016-11-21 20:00:00,
1.128372784,6579389,Christian Harrison,Ch Harrison v A Krajicek,0,2016-11-21 03:41:56.900,2.78,2016-11-21 20:00:00,
1.128372784,6579389,Christian Harrison,Ch Harrison v A Krajicek,10,2016-11-21 14:16:59.239,2.44,2016-11-21 20:00:00,
1.128372784,6579389,Christian Harrison,Ch Harrison v A Krajicek,20,2016-11-21 14:17:42.849,2.42,2016-11-21 20:00:00,
1.128372784,6579389,Christian Harrison,Ch Harrison v A Krajicek,30,2016-11-21 15:15:38.118,2.52,2016-11-21 20:00:00,
1.128372784,6579389,Christian Harrison,Ch Harrison v A Krajicek,40,2016-11-21 15:30:23.666,2.56,2016-11-21 20:00:00,
1.128372784,6579389,Christian Harrison,Ch Harrison v A Krajicek,50,2016-11-21 15:57:58.619,2.52,2016-11-21 20:00:00,
1.128372784,6579389,Christian Harrison,Ch Harrison v A Krajicek,60,2016-11-21 16:13:17.806,2.46,2016-11-21 20:00:00,
1.128372784,6579389,Christian Harrison,Ch Harrison v A Krajicek,70,2016-11-21 19:48:03.215,2.72,2016-11-21 20:00:00,
1.128372784,6579389,Christian Harrison,Ch Harrison v A Krajicek,80,2016-11-21 19:48:58.651,2.9,2016-11-21 20:00:00,
1.128372784,6579389,Christian Harrison,Ch Harrison v A Krajicek,90,2016-11-21 19:50:05.397,2.6,2016-11-21 20:00:00,
1.128372784,6579389,Christian Harrison,Ch Harrison v A Krajicek,100,2016-11-21 19:52:04.657,2.96,2016-11-21 20:00:00,
1.128372991,7445670,Kevin King,Joyce v Kev King,0,2016-11-20 15:37:08.198,1.23,2016-11-21 12:00:00,
1.128372991,7445670,Kevin King,Joyce v Kev King,10,2016-11-21 01:22:47.039,1.21,2016-11-21 22:00:00,
1.128372991,7445670,Kevin King,Joyce v Kev King,20,2016-11-21 15:15:38.120,1.2,2016-11-21 22:00:00,
1.128372991,7445670,Kevin King,Joyce v Kev King,30,2016-11-21 18:11:00.515,1.18,2016-11-21 22:00:00,
1.128372991,7445670,Kevin King,Joyce v Kev King,40,2016-11-21 21:09:15.593,1.17,2016-11-21 21:55:00,
1.128372991,7445670,Kevin King,Joyce v Kev King,50,2016-11-21 21:10:15.702,1.14,2016-11-21 21:55:00,
1.128372991,7445670,Kevin King,Joyce v Kev King,60,2016-11-21 21:27:00.287,1.18,2016-11-21 21:55:00,
1.128372991,7445670,Kevin King,Joyce v Kev King,70,2016-11-21 21:50:36.827,1.19,2016-11-21 21:55:00,
1.128372991,7445670,Kevin King,Joyce v Kev King,80,2016-11-21 22:20:16.486,1.22,2016-11-21 22:25:00,
1.128372991,7445670,Kevin King,Joyce v Kev King,90,2016-11-21 22:35:09.150,1.27,2016-11-21 22:40:00,
1.128372991,7445670,Kevin King,Joyce v Kev King,100,2016-11-21 22:54:17.318,1.27,2016-11-21 22:55:00,
1.128372993,7082814,Jared Hiltzik,J Hiltzik v Nevolo,0,2016-11-20 22:10:10.280,1.66,2016-11-21 12:00:00,
1.128372993,7082814,Jared Hiltzik,J Hiltzik v Nevolo,10,2016-11-21 01:22:59.170,1.66,2016-11-21 20:00:00,
1.128372993,7082814,Jared Hiltzik,J Hiltzik v Nevolo,20,2016-11-21 16:30:12.108,1.72,2016-11-21 20:00:00,
1.128372993,7082814,Jared Hiltzik,J Hiltzik v Nevolo,30,2016-11-21 18:03:18.850,1.83,2016-11-21 20:00:00,
1.128372993,7082814,Jared Hiltzik,J Hiltzik v Nevolo,40,2016-11-21 18:07:20.355,1.95,2016-11-21 20:00:00,
1.128372993,7082814,Jared Hiltzik,J Hiltzik v Nevolo,50,2016-11-21 19:20:16.231,1.86,2016-11-21 20:00:00,
1.128372993,7082814,Jared Hiltzik,J Hiltzik v Nevolo,60,2016-11-21 19:26:19.423,1.81,2016-11-21 20:00:00,
1.128372993,7082814,Jared Hiltzik,J Hiltzik v Nevolo,70,2016-11-21 19:33:04.636,1.85,2016-11-21 20:00:00,
1.128372993,7082814,Jared Hiltzik,J Hiltzik v Nevolo,80,2016-11-21 19:43:19.506,1.79,2016-11-21 20:00:00,
1.128372993,7082814,Jared Hiltzik,J Hiltzik v Nevolo,90,2016-11-21 19:46:16.573,1.78,2016-11-21 20:00:00,
1.128372993,7082814,Jared Hiltzik,J Hiltzik v Nevolo,100,2016-11-21 19:54:05.940,1.95,2016-11-21 20:00:00,
1.128372993,8258597,Dennis Nevolo,J Hiltzik v Nevolo,0,2016-11-21 10:51:41.374,2.42,2016-11-21 20:00:00,
1.128372993,8258597,Dennis Nevolo,J Hiltzik v Nevolo,10,2016-11-21 18:03:18.850,2.12,2016-11-21 20:00:00,
1.128372993,8258597,Dennis Nevolo,J Hiltzik v Nevolo,20,2016-11-21 18:21:11.992,2.18,2016-11-21 20:00:00,
1.128372993,8258597,Dennis Nevolo,J Hiltzik v Nevolo,30,2016-11-21 19:20:16.231,2.16,2016-11-21 20:00:00,
1.128372993,8258597,Dennis Nevolo,J Hiltzik v Nevolo,40,2016-11-21 19:21:20.755,2.3,2016-11-21 20:00:00,
1.128372993,8258597,Dennis Nevolo,J Hiltzik v Nevolo,50,2016-11-21 19:33:04.636,2.18,2016-11-21 20:00:00,
1.128372993,8258597,Dennis Nevolo,J Hiltzik v Nevolo,60,2016-11-21 19:37:19.192,2.16,2016-11-21 20:00:00,
1.128372993,8258597,Dennis Nevolo,J Hiltzik v Nevolo,70,2016-11-21 19:48:10.621,2.14,2016-11-21 20:00:00,
1.128372993,8258597,Dennis Nevolo,J Hiltzik v Nevolo,80,2016-11-21 19:51:11.966,2.04,2016-11-21 20:00:00,
1.128372993,8258597,Dennis Nevolo,J Hiltzik v Nevolo,90,2016-11-21 19:54:05.940,2.18,2016-11-21 20:00:00,
1.128372993,8258597,Dennis Nevolo,J Hiltzik v Nevolo,100,2016-11-21 19:54:54.907,2.04,2016-11-21 20:00:00,
1.128374512,2301068,Rogerio Dutra Silva,Dutra Silva v Schwartzman,0,2016-11-20 08:16:38.156,2.92,2016-11-20 21:00:00,
1.128374512,2301068,Rogerio Dutra Silva,Dutra Silva v Schwartzman,10,2016-11-20 11:13:23.753,3.9,2016-11-20 21:00:00,
1.128374512,2301068,Rogerio Dutra Silva,Dutra Silva v Schwartzman,20,2016-11-20 17:34:00.170,3.85,2016-11-20 21:00:00,
1.128374512,2301068,Rogerio Dutra Silva,Dutra Silva v Schwartzman,30,2016-11-20 19:09:40.192,4.2,2016-11-20 21:00:00,
1.128374512,2301068,Rogerio Dutra Silva,Dutra Silva v Schwartzman,40,2016-11-20 19:37:59.617,3.75,2016-11-20 21:00:00,
1.128374512,2301068,Rogerio Dutra Silva,Dutra Silva v Schwartzman,50,2016-11-20 20:09:45.572,3.8,2016-11-20 21:00:00,
1.128374512,2301068,Rogerio Dutra Silva,Dutra Silva v Schwartzman,60,2016-11-20 20:13:33.456,3.8,2016-11-20 21:00:00,
1.128374512,2301068,Rogerio Dutra Silva,Dutra Silva v Schwartzman,70,2016-11-20 20:15:42.388,3.85,2016-11-20 21:00:00,
1.128374512,2301068,Rogerio Dutra Silva,Dutra Silva v Schwartzman,80,2016-11-20 20:32:49.696,3.75,2016-11-20 21:00:00,
1.128374512,2301068,Rogerio Dutra Silva,Dutra Silva v Schwartzman,90,2016-11-20 20:48:27.240,3.55,2016-11-20 21:00:00,
1.128374512,2301068,Rogerio Dutra Silva,Dutra Silva v Schwartzman,100,2016-11-20 20:54:02.889,3.65,2016-11-20 21:00:00,
1.128374512,8736474,Diego Schwartzman,Dutra Silva v Schwartzman,0,2016-11-20 08:16:38.156,1.53,2016-11-20 21:00:00,
1.128374512,8736474,Diego Schwartzman,Dutra Silva v Schwartzman,10,2016-11-20 12:39:59.158,1.31,2016-11-20 21:00:00,
1.128374512,8736474,Diego Schwartzman,Dutra Silva v Schwartzman,20,2016-11-20 15:31:55.597,1.35,2016-11-20 21:00:00,
1.128374512,8736474,Diego Schwartzman,Dutra Silva v Schwartzman,30,2016-11-20 17:34:00.170,1.34,2016-11-20 21:00:00,
1.128374512,8736474,Diego Schwartzman,Dutra Silva v Schwartzman,40,2016-11-20 19:00:54.653,1.32,2016-11-20 21:00:00,
1.128374512,8736474,Diego Schwartzman,Dutra Silva v Schwartzman,50,2016-11-20 19:10:56.436,1.36,2016-11-20 21:00:00,
1.128374512,8736474,Diego Schwartzman,Dutra Silva v Schwartzman,60,2016-11-20 20:01:55.581,1.37,2016-11-20 21:00:00,
1.128374512,8736474,Diego Schwartzman,Dutra Silva v Schwartzman,70,2016-11-20 20:12:19.318,1.36,2016-11-20 21:00:00,
1.128374512,8736474,Diego Schwartzman,Dutra Silva v Schwartzman,80,2016-11-20 20:19:38.017,1.36,2016-11-20 21:00:00,
1.128374512,8736474,Diego Schwartzman,Dutra Silva v Schwartzman,90,2016-11-20 20:32:49.696,1.36,2016-11-20 21:00:00,
1.128374512,8736474,Diego Schwartzman,Dutra Silva v Schwartzman,100,2016-11-20 20:53:04.494,1.38,2016-11-20 21:00:00,
1.128375469,10116428,Jessica Wacnik,Wacnik v Hoynaski,0,2016-11-20 15:31:39.780,1.28,2016-11-20 23:00:00,
1.128375469,10116428,Jessica Wacnik,Wacnik v Hoynaski,10,2016-11-20 22:01:24.961,1.31,2016-11-20 22:51:00,
1.128375469,10116428,Jessica Wacnik,Wacnik v Hoynaski,20,2016-11-20 22:15:03.596,1.28,2016-11-20 22:51:00,
1.128375469,10116428,Jessica Wacnik,Wacnik v Hoynaski,30,2016-11-20 22:30:08.562,1.29,2016-11-20 22:51:00,
1.128375469,10116428,Jessica Wacnik,Wacnik v Hoynaski,40,2016-11-20 22:31:00.597,1.24,2016-11-20 22:51:00,
1.128375469,10116428,Jessica Wacnik,Wacnik v Hoynaski,50,2016-11-20 22:36:05.303,1.18,2016-11-20 22:51:00,
1.128375469,10116428,Jessica Wacnik,Wacnik v Hoynaski,60,2016-11-20 22:45:06.100,1.21,2016-11-20 22:51:00,
1.128375469,10116428,Jessica Wacnik,Wacnik v Hoynaski,70,2016-11-20 22:46:10.042,1.18,2016-11-20 22:51:00,
1.128375469,10116428,Jessica Wacnik,Wacnik v Hoynaski,80,2016-11-20 22:50:10.976,1.24,2016-11-20 22:51:00,
1.128375469,10116428,Jessica Wacnik,Wacnik v Hoynaski,90,2016-11-20 23:33:48.046,1.25,2016-11-20 23:36:00,
1.128375469,10116428,Jessica Wacnik,Wacnik v Hoynaski,100,2016-11-20 23:42:41.078,1.19,2016-11-20 23:51:00,
1.128375792,5908538,Alexander Kudryavtsev,Molchanov v Kudryavtsev,0,2016-11-21 00:39:11.251,1.37,2016-11-22 12:00:00,
1.128375792,5908538,Alexander Kudryavtsev,Molchanov v Kudryavtsev,10,2016-11-21 05:49:59.261,1.36,2016-11-22 12:00:00,
1.128375792,5908538,Alexander Kudryavtsev,Molchanov v Kudryavtsev,20,2016-11-21 11:51:48.927,1.31,2016-11-22 05:00:00,
1.128375792,5908538,Alexander Kudryavtsev,Molchanov v Kudryavtsev,30,2016-11-21 12:01:00.927,1.36,2016-11-22 05:00:00,
1.128375792,5908538,Alexander Kudryavtsev,Molchanov v Kudryavtsev,40,2016-11-21 20:06:25.344,1.34,2016-11-22 05:00:00,
1.128375792,5908538,Alexander Kudryavtsev,Molchanov v Kudryavtsev,50,2016-11-21 23:55:08.840,1.38,2016-11-22 05:00:00,
1.128375792,5908538,Alexander Kudryavtsev,Molchanov v Kudryavtsev,60,2016-11-22 00:22:59.590,1.34,2016-11-22 05:00:00,
1.128375792,5908538,Alexander Kudryavtsev,Molchanov v Kudryavtsev,70,2016-11-22 00:34:51.544,1.33,2016-11-22 05:00:00,
1.128375792,5908538,Alexander Kudryavtsev,Molchanov v Kudryavtsev,80,2016-11-22 02:06:58.613,1.31,2016-11-22 05:00:00,
1.128375792,5908538,Alexander Kudryavtsev,Molchanov v Kudryavtsev,90,2016-11-22 03:10:50.297,1.31,2016-11-22 05:00:00,
1.128375792,5908538,Alexander Kudryavtsev,Molchanov v Kudryavtsev,100,2016-11-22 04:34:43.235,1.32,2016-11-22 05:00:00,
1.12837588,8907933,Alexander Bublik,Bublik v Betov,0,2016-11-20 23:08:10.705,1.35,2016-11-21 12:00:00,
1.12837588,8907933,Alexander Bublik,Bublik v Betov,10,2016-11-20 23:08:50.594,1.34,2016-11-21 12:00:00,
1.12837588,8907933,Alexander Bublik,Bublik v Betov,20,2016-11-21 15:02:16.456,1.32,2016-11-22 09:00:00,
1.12837588,8907933,Alexander Bublik,Bublik v Betov,30,2016-11-21 15:58:16.684,1.3,2016-11-22 09:00:00,
1.12837588,8907933,Alexander Bublik,Bublik v Betov,40,2016-11-21 19:08:38.023,1.22,2016-11-22 09:00:00,
1.12837588,8907933,Alexander Bublik,Bublik v Betov,50,2016-11-21 23:57:14.620,1.23,2016-11-22 09:00:00,
1.12837588,8907933,Alexander Bublik,Bublik v Betov,60,2016-11-22 00:16:03.135,1.15,2016-11-22 09:00:00,
1.12837588,8907933,Alexander Bublik,Bublik v Betov,70,2016-11-22 06:32:43.616,1.1,2016-11-22 08:18:00,
1.12837588,8907933,Alexander Bublik,Bublik v Betov,80,2016-11-22 06:34:26.564,1.11,2016-11-22 08:18:00,
1.12837588,8907933,Alexander Bublik,Bublik v Betov,90,2016-11-22 07:23:04.688,1.16,2016-11-22 08:18:00,
1.12837588,8907933,Alexander Bublik,Bublik v Betov,100,2016-11-22 07:54:51.873,1.16,2016-11-22 08:07:00,
1.128387467,8839047,Miyu Kato,Mi Kato v Arconada,0,2016-11-22 20:07:05.692,1.76,2016-11-23 12:00:00,
1.128387467,8839047,Miyu Kato,Mi Kato v Arconada,10,2016-11-23 08:59:46.426,1.67,2016-11-23 22:00:00,
1.128387467,8839047,Miyu Kato,Mi Kato v Arconada,20,2016-11-23 10:26:17.719,1.67,2016-11-23 22:00:00,
1.128387467,8839047,Miyu Kato,Mi Kato v Arconada,30,2016-11-23 14:05:05.194,1.63,2016-11-23 22:00:00,
1.128387467,8839047,Miyu Kato,Mi Kato v Arconada,40,2016-11-23 18:51:06.517,1.64,2016-11-23 22:00:00,
1.128387467,8839047,Miyu Kato,Mi Kato v Arconada,50,2016-11-23 19:13:55.465,1.73,2016-11-23 22:00:00,
1.128387467,8839047,Miyu Kato,Mi Kato v Arconada,60,2016-11-23 19:24:44.326,1.64,2016-11-23 22:00:00,
1.128387467,8839047,Miyu Kato,Mi Kato v Arconada,70,2016-11-23 20:59:55.155,1.65,2016-11-23 21:54:00,
1.128387467,8839047,Miyu Kato,Mi Kato v Arconada,80,2016-11-23 21:38:07.110,1.64,2016-11-23 21:54:00,
1.128387467,8839047,Miyu Kato,Mi Kato v Arconada,90,2016-11-23 21:43:07.186,1.65,2016-11-23 21:54:00,
1.128387467,8839047,Miyu Kato,Mi Kato v Arconada,100,2016-11-23 21:54:38.045,1.66,2016-11-23 22:00:00,
1.128387482,7299657,Tatjana Maria,D Collins v Maria,0,2016-11-21 11:06:50.425,2.06,2016-11-22 12:00:00,
1.128387482,7299657,Tatjana Maria,D Collins v Maria,10,2016-11-21 22:42:39.995,1.65,2016-11-22 12:00:00,
1.128387482,7299657,Tatjana Maria,D Collins v Maria,20,2016-11-21 22:43:19.298,1.63,2016-11-22 12:00:00,
1.128387482,7299657,Tatjana Maria,D Collins v Maria,30,2016-11-22 08:08:00.196,1.63,2016-11-22 20:00:00,
1.128387482,7299657,Tatjana Maria,D Collins v Maria,40,2016-11-22 09:12:38.499,1.62,2016-11-22 20:00:00,
1.128387482,7299657,Tatjana Maria,D Collins v Maria,50,2016-11-22 15:55:59.582,1.62,2016-11-22 20:00:00,
1.128387482,7299657,Tatjana Maria,D Collins v Maria,60,2016-11-22 16:12:47.384,1.65,2016-11-22 20:00:00,
1.128387482,7299657,Tatjana Maria,D Collins v Maria,70,2016-11-22 18:00:53.619,1.69,2016-11-22 20:00:00,
1.128387482,7299657,Tatjana Maria,D Collins v Maria,80,2016-11-22 18:27:00.323,1.72,2016-11-22 20:00:00,
1.128387482,7299657,Tatjana Maria,D Collins v Maria,90,2016-11-22 18:41:55.968,1.71,2016-11-22 20:00:00,
1.128387482,7299657,Tatjana Maria,D Collins v Maria,100,2016-11-22 19:54:36.064,1.66,2016-11-22 20:30:00,
1.128387482,9626845,Danielle Collins,D Collins v Maria,0,2016-11-21 11:06:50.425,1.96,2016-11-22 12:00:00,
1.128387482,9626845,Danielle Collins,D Collins v Maria,10,2016-11-22 09:12:38.499,2.6,2016-11-22 20:00:00,
1.128387482,9626845,Danielle Collins,D Collins v Maria,20,2016-11-22 18:00:02.748,2.44,2016-11-22 20:00:00,
1.128387482,9626845,Danielle Collins,D Collins v Maria,30,2016-11-22 18:01:42.875,2.4,2016-11-22 20:00:00,
1.128387482,9626845,Danielle Collins,D Collins v Maria,40,2016-11-22 18:11:08.487,2.52,2016-11-22 20:00:00,
1.128387482,9626845,Danielle Collins,D Collins v Maria,50,2016-11-22 18:27:58.162,2.42,2016-11-22 20:00:00,
1.128387482,9626845,Danielle Collins,D Collins v Maria,60,2016-11-22 18:31:05.497,2.42,2016-11-22 20:00:00,
1.128387482,9626845,Danielle Collins,D Collins v Maria,70,2016-11-22 18:34:05.399,2.42,2016-11-22 20:00:00,
1.128387482,9626845,Danielle Collins,D Collins v Maria,80,2016-11-22 18:37:05.203,2.4,2016-11-22 20:00:00,
1.128387482,9626845,Danielle Collins,D Collins v Maria,90,2016-11-22 18:41:55.968,2.42,2016-11-22 20:00:00,
1.128387482,9626845,Danielle Collins,D Collins v Maria,100,2016-11-22 20:23:57.152,2.54,2016-11-22 20:30:00,
1.128387585,9002331,Maria Sakkari,Sakkari @ Vickery,0,2016-11-21 22:36:38.397,1.55,2016-11-22 06:00:00,
1.128387585,9002331,Maria Sakkari,Sakkari @ Vickery,10,2016-11-21 22:53:18.158,1.49,2016-11-22 06:00:00,
1.128387585,9002331,Maria Sakkari,Sakkari @ Vickery,20,2016-11-21 23:31:13.079,1.55,2016-11-22 06:00:00,
1.128387585,9002331,Maria Sakkari,Sakkari v Vickery,30,2016-11-22 04:06:04.609,1.51,2016-11-22 10:00:00,
1.128387585,9002331,Maria Sakkari,Sakkari v Vickery,40,2016-11-22 08:20:03.654,1.5,2016-11-22 20:00:00,
1.128387585,9002331,Maria Sakkari,Sakkari v Vickery,50,2016-11-22 14:07:04.759,1.54,2016-11-22 20:00:00,
1.128387585,9002331,Maria Sakkari,Sakkari v Vickery,60,2016-11-22 16:15:44.997,1.49,2016-11-22 20:00:00,
1.128387585,9002331,Maria Sakkari,Sakkari v Vickery,70,2016-11-22 18:34:59.570,1.51,2016-11-22 20:00:00,
1.128387585,9002331,Maria Sakkari,Sakkari v Vickery,80,2016-11-22 19:29:12.860,1.53,2016-11-22 20:00:00,
1.128387585,9002331,Maria Sakkari,Sakkari v Vickery,90,2016-11-22 19:57:13.435,1.52,2016-11-22 20:30:00,
1.128387585,9002331,Maria Sakkari,Sakkari v Vickery,100,2016-11-22 20:01:13.278,1.49,2016-11-22 20:30:00,
1.128387592,6356637,Sara Sorribes Tormo,Sorribes Tormo v Mrdeza,0,2016-11-21 08:52:04.773,1.49,2016-11-21 21:00:00,
1.128387592,6356637,Sara Sorribes Tormo,Sorribes Tormo v Mrdeza,10,2016-11-21 15:15:38.119,1.48,2016-11-21 21:00:00,
1.128387592,6356637,Sara Sorribes Tormo,Sorribes Tormo v Mrdeza,20,2016-11-21 18:41:20.183,1.46,2016-11-21 21:00:00,
1.128387592,6356637,Sara Sorribes Tormo,Sorribes Tormo v Mrdeza,30,2016-11-21 19:50:07.193,1.49,2016-11-21 21:00:00,
1.128387592,6356637,Sara Sorribes Tormo,Sorribes Tormo v Mrdeza,40,2016-11-21 20:27:07.661,1.46,2016-11-21 21:00:00,
1.128387592,6356637,Sara Sorribes Tormo,Sorribes Tormo v Mrdeza,50,2016-11-21 20:40:07.357,1.45,2016-11-21 21:15:00,
1.128387592,6356637,Sara Sorribes Tormo,Sorribes Tormo v Mrdeza,60,2016-11-21 21:26:11.285,1.45,2016-11-21 22:00:00,
1.128387592,6356637,Sara Sorribes Tormo,Sorribes Tormo v Mrdeza,70,2016-11-21 21:27:11.451,1.43,2016-11-21 22:00:00,
1.128387592,6356637,Sara Sorribes Tormo,Sorribes Tormo v Mrdeza,80,2016-11-21 22:53:05.269,1.41,2016-11-21 23:00:00,
1.128387592,6356637,Sara Sorribes Tormo,Sorribes Tormo v Mrdeza,90,2016-11-21 22:54:13.399,1.4,2016-11-21 23:00:00,
1.128387592,6356637,Sara Sorribes Tormo,Sorribes Tormo v Mrdeza,100,2016-11-21 22:59:58.233,1.44,2016-11-21 23:00:00,
1.128387608,9342701,Fanny Stollar,Stollar v Swan,0,2016-11-21 15:53:25.114,1.55,2016-11-21 23:00:00,
1.128387608,9342701,Fanny Stollar,Stollar v Swan,10,2016-11-21 18:50:01.271,1.47,2016-11-21 23:00:00,
1.128387608,9342701,Fanny Stollar,Stollar v Swan,20,2016-11-21 20:37:20.389,1.61,2016-11-21 22:00:00,
1.128387608,9342701,Fanny Stollar,Stollar v Swan,30,2016-11-21 21:43:35.387,1.52,2016-11-21 23:00:00,
1.128387608,9342701,Fanny Stollar,Stollar v Swan,40,2016-11-22 06:01:02.171,1.47,2016-11-23 10:00:00,
1.128387608,9342701,Fanny Stollar,Stollar v Swan,50,2016-11-22 08:32:19.025,1.44,2016-11-23 10:00:00,
1.128387608,9342701,Fanny Stollar,Stollar v Swan,60,2016-11-22 12:48:52.810,1.44,2016-11-23 10:00:00,
1.128387608,9342701,Fanny Stollar,Stollar v Swan,70,2016-11-22 22:23:56.322,1.44,2016-11-23 10:00:00,
1.128387608,9342701,Fanny Stollar,Stollar v Swan,80,2016-11-23 09:15:26.509,1.44,2016-11-23 20:00:00,
1.128387608,9342701,Fanny Stollar,Stollar v Swan,90,2016-11-23 18:22:08.831,1.44,2016-11-23 20:00:00,
1.128387608,9342701,Fanny Stollar,Stollar v Swan,100,2016-11-23 19:44:19.684,1.4,2016-11-23 20:00:00,
1.128387752,6280340,Grace Min,Min v Cepede Royg,0,2016-11-21 13:29:18.022,1.61,2016-11-21 21:00:00,
1.128387752,6280340,Grace Min,Min v Cepede Royg,10,2016-11-21 22:08:18.814,1.56,2016-11-21 23:00:00,
1.128387752,6280340,Grace Min,Min v Cepede Royg,20,2016-11-22 06:10:22.757,1.66,2016-11-22 21:00:00,2016-11-22 04:24:21.741
1.128387752,6280340,Grace Min,Min v Cepede Royg,30,2016-11-22 08:37:31.557,1.68,2016-11-22 21:00:00,2016-11-22 04:24:21.741
1.128387752,6280340,Grace Min,Min v Cepede Royg,40,2016-11-22 10:33:20.071,1.68,2016-11-22 21:00:00,2016-11-22 04:24:21.741
1.128387752,6280340,Grace Min,Min v Cepede Royg,50,2016-11-22 12:08:22.438,1.62,2016-11-22 21:00:00,2016-11-22 04:24:21.741
1.128387752,6280340,Grace Min,Min v Cepede Royg,60,2016-11-22 14:15:24.183,1.61,2016-11-22 21:00:00,2016-11-22 04:24:21.741
1.128387752,6280340,Grace Min,Min v Cepede Royg,70,2016-11-22 16:12:22.777,1.65,2016-11-22 21:00:00,2016-11-22 04:24:21.741
1.128387752,6280340,Grace Min,Min v Cepede Royg,80,2016-11-22 18:28:22.527,1.6,2016-11-22 21:00:00,2016-11-22 04:24:21.741
1.128387752,6280340,Grace Min,Min v Cepede Royg,90,2016-11-22 19:51:23.050,1.6,2016-11-22 21:00:00,2016-11-22 04:24:21.741
1.128387752,6280340,Grace Min,Min v Cepede Royg,100,2016-11-22 22:13:16.184,1.75,2016-11-22 22:15:00,2016-11-22 04:24:21.741
1.128387752,6400531,Veronica Cepede Royg,Min v Cepede Royg,0,2016-11-21 18:26:02.126,2.62,2016-11-21 21:00:00,
1.128387752,6400531,Veronica Cepede Royg,Min v Cepede Royg,10,2016-11-21 21:27:20.047,2.92,2016-11-21 22:00:00,
1.128387752,6400531,Veronica Cepede Royg,Min v Cepede Royg,20,2016-11-22 06:21:33.104,2.62,2016-11-22 21:00:00,2016-11-22 04:24:21.741
1.128387752,6400531,Veronica Cepede Royg,Min v Cepede Royg,30,2016-11-22 08:06:08.744,2.48,2016-11-22 21:00:00,2016-11-22 04:24:21.741
1.128387752,6400531,Veronica Cepede Royg,Min v Cepede Royg,40,2016-11-22 09:37:56.907,2.52,2016-11-22 21:00:00,2016-11-22 04:24:21.741
1.128387752,6400531,Veronica Cepede Royg,Min v Cepede Royg,50,2016-11-22 11:20:22.890,2.48,2016-11-22 21:00:00,2016-11-22 04:24:21.741
1.128387752,6400531,Veronica Cepede Royg,Min v Cepede Royg,60,2016-11-22 12:29:52.253,2.62,2016-11-22 21:00:00,2016-11-22 04:24:21.741
1.128387752,6400531,Veronica Cepede Royg,Min v Cepede Royg,70,2016-11-22 15:50:11.668,2.52,2016-11-22 21:00:00,2016-11-22 04:24:21.741
1.128387752,6400531,Veronica Cepede Royg,Min v Cepede Royg,80,2016-11-22 17:05:41.813,2.7,2016-11-22 21:00:00,2016-11-22 04:24:21.741
1.128387752,6400531,Veronica Cepede Royg,Min v Cepede Royg,90,2016-11-22 21:01:10.786,2.42,2016-11-22 21:15:00,2016-11-22 04:24:21.741
1.128387752,6400531,Veronica Cepede Royg,Min v Cepede Royg,100,2016-11-22 22:10:17.686,2.44,2016-11-22 22:15:00,2016-11-22 04:24:21.741
1.128387771,7168420,Nicole Melichar,Mi Gordon v Melichar,0,2016-11-21 15:32:19.725,1.79,2016-11-21 20:00:00,
1.128387771,7168420,Nicole Melichar,Mi Gordon v Melichar,10,2016-11-21 18:54:56.953,1.82,2016-11-21 20:00:00,
1.128387771,7168420,Nicole Melichar,Mi Gordon v Melichar,20,2016-11-21 19:22:52.841,1.79,2016-11-21 20:00:00,
1.128387771,7168420,Nicole Melichar,Mi Gordon v Melichar,30,2016-11-21 19:53:56.691,1.86,2016-11-21 20:00:00,
1.128387771,7168420,Nicole Melichar,Mi Gordon v Melichar,40,2016-11-21 19:56:16.843,1.81,2016-11-21 20:00:00,
1.128387771,7168420,Nicole Melichar,Mi Gordon v Melichar,50,2016-11-21 19:58:06.857,1.87,2016-11-21 20:00:00,
1.128387771,7168420,Nicole Melichar,Mi Gordon v Melichar,60,2016-11-21 20:06:08.773,1.9,2016-11-21 20:15:00,
1.128387771,7168420,Nicole Melichar,Mi Gordon v Melichar,70,2016-11-21 20:51:13.169,1.81,2016-11-21 21:15:00,
1.128387771,7168420,Nicole Melichar,Mi Gordon v Melichar,80,2016-11-21 21:32:16.978,1.82,2016-11-21 21:45:00,
1.128387771,7168420,Nicole Melichar,Mi Gordon v Melichar,90,2016-11-21 22:06:37.903,1.86,2016-11-21 22:15:00,
1.128387771,7168420,Nicole Melichar,Mi Gordon v Melichar,100,2016-11-21 22:28:36.085,1.82,2016-11-21 22:30:00,
1.128387901,2250859,Marina Erakovic,Lao v Erakovic,0,2016-11-21 17:29:24.451,1.29,2016-11-22 12:00:00,
1.128387901,2250859,Marina Erakovic,Lao v Erakovic,10,2016-11-21 22:56:29.638,1.27,2016-11-22 12:00:00,
1.128387901,2250859,Marina Erakovic,Lao v Erakovic,20,2016-11-21 22:56:59.860,1.26,2016-11-22 12:00:00,
1.128387901,2250859,Marina Erakovic,Lao v Erakovic,30,2016-11-22 03:29:48.792,1.25,2016-11-23 12:00:00,
1.128387901,2250859,Marina Erakovic,Lao v Erakovic,40,2016-11-22 09:29:48.956,1.27,2016-11-22 23:00:00,
1.128387901,2250859,Marina Erakovic,Lao v Erakovic,50,2016-11-22 17:02:01.650,1.26,2016-11-22 23:00:00,
1.128387901,2250859,Marina Erakovic,Lao v Erakovic,60,2016-11-22 22:28:39.476,1.25,2016-11-22 23:27:00,
1.128387901,2250859,Marina Erakovic,Lao v Erakovic,70,2016-11-22 22:51:30.616,1.27,2016-11-22 23:27:00,
1.128387901,2250859,Marina Erakovic,Lao v Erakovic,80,2016-11-22 23:00:09.877,1.28,2016-11-22 23:27:00,
1.128387901,2250859,Marina Erakovic,Lao v Erakovic,90,2016-11-22 23:04:27.182,1.23,2016-11-22 23:27:00,
1.128387901,2250859,Marina Erakovic,Lao v Erakovic,100,2016-11-22 23:13:31.550,1.27,2016-11-22 23:27:00,
1.128388066,6603928,Samantha Crawford,E Sema v S Crawford,0,2016-11-21 13:29:55.584,1.22,2016-11-22 01:00:00,
1.128388066,6603928,Samantha Crawford,E Sema v S Crawford,10,2016-11-21 18:35:25.091,1.23,2016-11-22 01:00:00,
1.128388066,6603928,Samantha Crawford,E Sema v S Crawford,20,2016-11-22 07:25:35.508,1.2,2016-11-22 22:00:00,
1.128388066,6603928,Samantha Crawford,E Sema v S Crawford,30,2016-11-22 08:42:45.426,1.21,2016-11-22 22:00:00,
1.128388066,6603928,Samantha Crawford,E Sema v S Crawford,40,2016-11-22 09:12:19.116,1.19,2016-11-22 22:00:00,
1.128388066,6603928,Samantha Crawford,E Sema v S Crawford,50,2016-11-22 17:02:27.617,1.19,2016-11-22 22:00:00,
1.128388066,6603928,Samantha Crawford,E Sema v S Crawford,60,2016-11-22 20:49:41.045,1.18,2016-11-22 22:24:00,
1.128388066,6603928,Samantha Crawford,E Sema v S Crawford,70,2016-11-22 20:51:39.708,1.17,2016-11-22 22:24:00,
1.128388066,6603928,Samantha Crawford,E Sema v S Crawford,80,2016-11-22 20:55:28.590,1.16,2016-11-22 22:24:00,
1.128388066,6603928,Samantha Crawford,E Sema v S Crawford,90,2016-11-22 21:19:39.269,1.19,2016-11-22 22:24:00,
1.128388066,6603928,Samantha Crawford,E Sema v S Crawford,100,2016-11-22 21:53:28.952,1.17,2016-11-22 21:54:00,
1.128388332,12085575,Nannan Zhang,Hoynaski v N Zhang,0,2016-11-21 17:18:58.424,1.62,2016-11-21 20:00:00,
1.128388332,12085575,Nannan Zhang,Hoynaski v N Zhang,10,2016-11-21 17:36:31.023,1.57,2016-11-21 20:00:00,
1.128388332,12085575,Nannan Zhang,Hoynaski v N Zhang,20,2016-11-21 17:41:51.365,1.72,2016-11-21 20:00:00,
1.128388332,12085575,Nannan Zhang,Hoynaski v N Zhang,30,2016-11-21 17:46:54.523,1.81,2016-11-21 20:00:00,
1.128388332,12085575,Nannan Zhang,Hoynaski v N Zhang,40,2016-11-21 19:48:50.363,1.75,2016-11-21 20:00:00,
1.128388332,12085575,Nannan Zhang,Hoynaski v N Zhang,50,2016-11-21 20:05:59.871,1.84,2016-11-21 20:15:00,
1.128388332,12085575,Nannan Zhang,Hoynaski v N Zhang,60,2016-11-21 20:50:59.532,1.77,2016-11-21 21:15:00,
1.128388332,12085575,Nannan Zhang,Hoynaski v N Zhang,70,2016-11-21 21:40:17.025,1.88,2016-11-21 21:45:00,
1.128388332,12085575,Nannan Zhang,Hoynaski v N Zhang,80,2016-11-21 21:55:03.215,1.86,2016-11-21 22:15:00,
1.128388332,12085575,Nannan Zhang,Hoynaski v N Zhang,90,2016-11-21 22:17:52.123,1.96,2016-11-21 22:30:00,
1.128388332,12085575,Nannan Zhang,Hoynaski v N Zhang,100,2016-11-21 22:58:57.164,1.74,2016-11-21 23:00:00,
1.128390991,7444791,Viktor Galovic,Vanni v Galovic,0,2016-11-22 21:16:50.768,3.8,2016-11-23 14:00:00,
1.128390991,7444791,Viktor Galovic,Vanni v Galovic,10,2016-11-22 21:49:45.509,3.05,2016-11-23 14:00:00,
1.128390991,7444791,Viktor Galovic,Vanni v Galovic,20,2016-11-23 10:30:05.118,3.35,2016-11-23 13:54:00,
1.128390991,7444791,Viktor Galovic,Vanni v Galovic,30,2016-11-23 11:00:41.154,3.3,2016-11-23 13:54:00,
1.128390991,7444791,Viktor Galovic,Vanni v Galovic,40,2016-11-23 11:48:03.291,3.2,2016-11-23 13:33:00,
1.128390991,7444791,Viktor Galovic,Vanni v Galovic,50,2016-11-23 12:11:03.437,3.15,2016-11-23 13:33:00,
1.128390991,7444791,Viktor Galovic,Vanni v Galovic,60,2016-11-23 12:22:05.404,3.2,2016-11-23 13:33:00,
1.128390991,7444791,Viktor Galovic,Vanni v Galovic,70,2016-11-23 12:31:05.269,3.3,2016-11-23 13:33:00,
1.128390991,7444791,Viktor Galovic,Vanni v Galovic,80,2016-11-23 12:41:06.753,3.25,2016-11-23 12:45:00,
1.128390991,7444791,Viktor Galovic,Vanni v Galovic,90,2016-11-23 12:42:06.551,3.5,2016-11-23 12:45:00,
1.128390991,7444791,Viktor Galovic,Vanni v Galovic,100,2016-11-23 12:44:06.654,3.5,2016-11-23 12:45:00,
1.128390991,8681900,Luca Vanni,Vanni v Galovic,0,2016-11-22 10:41:50.475,1.36,2016-11-23 12:00:00,
1.128390991,8681900,Luca Vanni,Vanni v Galovic,10,2016-11-23 09:44:52.720,1.38,2016-11-23 14:00:00,
1.128390991,8681900,Luca Vanni,Vanni v Galovic,20,2016-11-23 11:05:43.070,1.4,2016-11-23 13:54:00,
1.128390991,8681900,Luca Vanni,Vanni v Galovic,30,2016-11-23 11:41:56.416,1.4,2016-11-23 13:33:00,
1.128390991,8681900,Luca Vanni,Vanni v Galovic,40,2016-11-23 11:47:05.508,1.39,2016-11-23 13:33:00,
1.128390991,8681900,Luca Vanni,Vanni v Galovic,50,2016-11-23 12:21:05.151,1.44,2016-11-23 13:33:00,
1.128390991,8681900,Luca Vanni,Vanni v Galovic,60,2016-11-23 12:26:47.254,1.45,2016-11-23 13:33:00,
1.128390991,8681900,Luca Vanni,Vanni v Galovic,70,2016-11-23 12:32:00.308,1.43,2016-11-23 13:33:00,
1.128390991,8681900,Luca Vanni,Vanni v Galovic,80,2016-11-23 12:35:47.135,1.4,2016-11-23 13:33:00,
1.128390991,8681900,Luca Vanni,Vanni v Galovic,90,2016-11-23 12:39:00.964,1.43,2016-11-23 13:33:00,
1.128390991,8681900,Luca Vanni,Vanni v Galovic,100,2016-11-23 12:44:06.654,1.37,2016-11-23 12:45:00,
1.128391042,2475803,Michal Przysiezny,Przysiezny v Arnaboldi,0,2016-11-22 00:24:09.233,1.72,2016-11-22 14:00:00,
1.128391042,2475803,Michal Przysiezny,Przysiezny v Arnaboldi,10,2016-11-22 11:11:43.129,1.72,2016-11-22 14:00:00,
1.128391042,2475803,Michal Przysiezny,Przysiezny v Arnaboldi,20,2016-11-22 12:24:09.834,1.7,2016-11-22 13:54:00,
1.128391042,2475803,Michal Przysiezny,Przysiezny v Arnaboldi,30,2016-11-22 12:42:11.808,1.65,2016-11-22 13:54:00,
1.128391042,2475803,Michal Przysiezny,Przysiezny v Arnaboldi,40,2016-11-22 12:54:12.591,1.72,2016-11-22 13:54:00,
1.128391042,2475803,Michal Przysiezny,Przysiezny v Arnaboldi,50,2016-11-22 12:59:11.590,1.69,2016-11-22 13:54:00,
1.128391042,2475803,Michal Przysiezny,Przysiezny v Arnaboldi,60,2016-11-22 13:02:12.069,1.69,2016-11-22 13:54:00,
1.128391042,2475803,Michal Przysiezny,Przysiezny v Arnaboldi,70,2016-11-22 13:08:07.462,1.65,2016-11-22 13:54:00,
1.128391042,2475803,Michal Przysiezny,Przysiezny v Arnaboldi,80,2016-11-22 13:10:12.223,1.7,2016-11-22 13:54:00,
1.128391042,2475803,Michal Przysiezny,Przysiezny v Arnaboldi,90,2016-11-22 13:14:00.258,1.69,2016-11-22 13:54:00,
1.128391042,2475803,Michal Przysiezny,Przysiezny v Arnaboldi,100,2016-11-22 13:39:54.070,1.7,2016-11-22 13:54:00,
1.128391042,7593283,Andrea Arnaboldi,Przysiezny v Arnaboldi,0,2016-11-22 12:00:12.702,2.4,2016-11-22 13:54:00,
1.128391042,7593283,Andrea Arnaboldi,Przysiezny v Arnaboldi,10,2016-11-22 12:23:10.709,2.4,2016-11-22 13:54:00,
1.128391042,7593283,Andrea Arnaboldi,Przysiezny v Arnaboldi,20,2016-11-22 12:39:07.912,2.52,2016-11-22 13:54:00,
1.128391042,7593283,Andrea Arnaboldi,Przysiezny v Arnaboldi,30,2016-11-22 12:56:11.953,2.46,2016-11-22 13:54:00,
1.128391042,7593283,Andrea Arnaboldi,Przysiezny v Arnaboldi,40,2016-11-22 12:58:11.473,2.52,2016-11-22 13:54:00,
1.128391042,7593283,Andrea Arnaboldi,Przysiezny v Arnaboldi,50,2016-11-22 13:00:11.184,2.5,2016-11-22 13:54:00,
1.128391042,7593283,Andrea Arnaboldi,Przysiezny v Arnaboldi,60,2016-11-22 13:04:08.782,2.52,2016-11-22 13:54:00,
1.128391042,7593283,Andrea Arnaboldi,Przysiezny v Arnaboldi,70,2016-11-22 13:07:11.234,2.52,2016-11-22 13:54:00,
1.128391042,7593283,Andrea Arnaboldi,Przysiezny v Arnaboldi,80,2016-11-22 13:10:12.223,2.48,2016-11-22 13:54:00,
1.128391042,7593283,Andrea Arnaboldi,Przysiezny v Arnaboldi,90,2016-11-22 13:39:12.320,2.42,2016-11-22 13:54:00,
1.128391042,7593283,Andrea Arnaboldi,Przysiezny v Arnaboldi,100,2016-11-22 13:48:10.944,2.44,2016-11-22 13:50:00,
1.128407875,2415530,Evgeniya Rodina,Mi Gordon v Rodina,0,2016-11-22 20:14:03.999,1.17,2016-11-23 12:00:00,
1.128407875,2415530,Evgeniya Rodina,Mi Gordon v Rodina,10,2016-11-23 08:02:15.134,1.16,2016-11-23 20:00:00,
1.128407875,2415530,Evgeniya Rodina,Mi Gordon v Rodina,20,2016-11-23 08:45:14.233,1.17,2016-11-23 20:00:00,
1.128407875,2415530,Evgeniya Rodina,Mi Gordon v Rodina,30,2016-11-23 09:15:27.034,1.18,2016-11-23 20:00:00,
1.128407875,2415530,Evgeniya Rodina,Mi Gordon v Rodina,40,2016-11-23 18:00:06.418,1.2,2016-11-23 20:00:00,
1.128407875,2415530,Evgeniya Rodina,Mi Gordon v Rodina,50,2016-11-23 18:14:15.051,1.19,2016-11-23 20:00:00,
1.128407875,2415530,Evgeniya Rodina,Mi Gordon v Rodina,60,2016-11-23 18:37:10.698,1.2,2016-11-23 20:00:00,
1.128407875,2415530,Evgeniya Rodina,Mi Gordon v Rodina,70,2016-11-23 19:00:52.710,1.19,2016-11-23 20:00:00,
1.128407875,2415530,Evgeniya Rodina,Mi Gordon v Rodina,80,2016-11-23 19:31:01.076,1.17,2016-11-23 20:00:00,
1.128407875,2415530,Evgeniya Rodina,Mi Gordon v Rodina,90,2016-11-23 19:42:03.733,1.18,2016-11-23 20:00:00,
1.128407875,2415530,Evgeniya Rodina,Mi Gordon v Rodina,100,2016-11-23 19:55:05.312,1.22,2016-11-23 20:00:00,
1.128408615,8907933,Alexander Bublik,Bublik v Masur,0,2016-11-23 00:55:47.126,1.7,2016-11-23 11:00:00,
1.128408615,8907933,Alexander Bublik,Bublik v Masur,10,2016-11-23 07:30:39.493,1.64,2016-11-23 10:51:00,
1.128408615,8907933,Alexander Bublik,Bublik v Masur,20,2016-11-23 07:52:51.375,1.55,2016-11-23 10:51:00,
1.128408615,8907933,Alexander Bublik,Bublik v Masur,30,2016-11-23 08:51:01.449,1.53,2016-11-23 10:42:00,
1.128408615,8907933,Alexander Bublik,Bublik v Masur,40,2016-11-23 08:55:48.792,1.56,2016-11-23 10:42:00,
1.128408615,8907933,Alexander Bublik,Bublik v Masur,50,2016-11-23 09:43:34.086,1.56,2016-11-23 10:42:00,
1.128408615,8907933,Alexander Bublik,Bublik v Masur,60,2016-11-23 10:13:56.823,1.54,2016-11-23 10:42:00,
1.128408615,8907933,Alexander Bublik,Bublik v Masur,70,2016-11-23 10:16:58.305,1.5,2016-11-23 10:42:00,
1.128408615,8907933,Alexander Bublik,Bublik v Masur,80,2016-11-23 10:18:56.132,1.48,2016-11-23 10:42:00,
1.128408615,8907933,Alexander Bublik,Bublik v Masur,90,2016-11-23 10:33:04.613,1.54,2016-11-23 10:42:00,
1.128408615,8907933,Alexander Bublik,Bublik v Masur,100,2016-11-23 10:47:05.264,1.57,2016-11-23 10:48:00,
1.12840923,8284522,Dmitry Popko,A Pavic v Popko,0,2016-11-23 00:19:43.409,2.18,2016-11-23 09:00:00,
1.12840923,8284522,Dmitry Popko,A Pavic v Popko,10,2016-11-23 06:37:50.530,2.22,2016-11-23 08:48:00,
1.12840923,8284522,Dmitry Popko,A Pavic v Popko,20,2016-11-23 07:00:01.436,2.14,2016-11-23 08:51:00,
1.12840923,8284522,Dmitry Popko,A Pavic v Popko,30,2016-11-23 07:08:54.156,2.2,2016-11-23 08:51:00,
1.12840923,8284522,Dmitry Popko,A Pavic v Popko,40,2016-11-23 07:17:52.681,2.16,2016-11-23 08:51:00,
1.12840923,8284522,Dmitry Popko,A Pavic v Popko,50,2016-11-23 07:18:57.583,2.22,2016-11-23 08:51:00,
1.12840923,8284522,Dmitry Popko,A Pavic v Popko,60,2016-11-23 07:57:54.486,2.22,2016-11-23 08:51:00,
1.12840923,8284522,Dmitry Popko,A Pavic v Popko,70,2016-11-23 08:08:50.477,2.14,2016-11-23 08:51:00,
1.12840923,8284522,Dmitry Popko,A Pavic v Popko,80,2016-11-23 08:23:36.592,2.16,2016-11-23 08:51:00,
1.12840923,8284522,Dmitry Popko,A Pavic v Popko,90,2016-11-23 08:28:01.495,2.12,2016-11-23 08:51:00,
1.12840923,8284522,Dmitry Popko,A Pavic v Popko,100,2016-11-23 08:43:58.238,2.08,2016-11-23 08:55:00,
1.12840938,2263632,Marco Chiudinelli,M Berrettini v Chiudinelli,0,2016-11-23 06:30:27.688,1.36,2016-11-23 17:00:00,
1.12840938,2263632,Marco Chiudinelli,M Berrettini v Chiudinelli,10,2016-11-23 09:15:24.675,1.36,2016-11-23 17:00:00,
1.12840938,2263632,Marco Chiudinelli,M Berrettini v Chiudinelli,20,2016-11-23 11:19:50.792,1.47,2016-11-23 17:00:00,
1.12840938,2263632,Marco Chiudinelli,M Berrettini v Chiudinelli,30,2016-11-23 14:56:42.767,1.52,2016-11-23 17:00:00,
1.12840938,2263632,Marco Chiudinelli,M Berrettini v Chiudinelli,40,2016-11-23 15:16:54.826,1.53,2016-11-23 17:00:00,
1.12840938,2263632,Marco Chiudinelli,M Berrettini v Chiudinelli,50,2016-11-23 15:43:00.378,1.54,2016-11-23 17:00:00,
1.12840938,2263632,Marco Chiudinelli,M Berrettini v Chiudinelli,60,2016-11-23 15:56:47.563,1.55,2016-11-23 17:00:00,
1.12840938,2263632,Marco Chiudinelli,M Berrettini v Chiudinelli,70,2016-11-23 16:18:44.325,1.59,2016-11-23 17:00:00,
1.12840938,2263632,Marco Chiudinelli,M Berrettini v Chiudinelli,80,2016-11-23 16:33:31.620,1.54,2016-11-23 17:00:00,
1.12840938,2263632,Marco Chiudinelli,M Berrettini v Chiudinelli,90,2016-11-23 16:44:22.318,1.56,2016-11-23 17:00:00,
1.12840938,2263632,Marco Chiudinelli,M Berrettini v Chiudinelli,100,2016-11-23 16:49:57.472,1.56,2016-11-23 17:00:00,
1.12840938,8962036,Matteo Berrettini,M Berrettini v Chiudinelli,0,2016-11-23 08:22:52.441,3.3,2016-11-23 17:00:00,
1.12840938,8962036,Matteo Berrettini,M Berrettini v Chiudinelli,10,2016-11-23 11:08:35.817,3.1,2016-11-23 17:00:00,
1.12840938,8962036,Matteo Berrettini,M Berrettini v Chiudinelli,20,2016-11-23 11:19:50.792,3.1,2016-11-23 17:00:00,
1.12840938,8962036,Matteo Berrettini,M Berrettini v Chiudinelli,30,2016-11-23 14:15:34.425,2.98,2016-11-23 17:00:00,
1.12840938,8962036,Matteo Berrettini,M Berrettini v Chiudinelli,40,2016-11-23 15:16:54.826,2.9,2016-11-23 17:00:00,
1.12840938,8962036,Matteo Berrettini,M Berrettini v Chiudinelli,50,2016-11-23 15:38:57.593,2.74,2016-11-23 17:00:00,
1.12840938,8962036,Matteo Berrettini,M Berrettini v Chiudinelli,60,2016-11-23 16:15:59.660,2.84,2016-11-23 17:00:00,
1.12840938,8962036,Matteo Berrettini,M Berrettini v Chiudinelli,70,2016-11-23 16:22:51.962,2.76,2016-11-23 17:00:00,
1.12840938,8962036,Matteo Berrettini,M Berrettini v Chiudinelli,80,2016-11-23 16:36:37.823,2.88,2016-11-23 17:00:00,
1.12840938,8962036,Matteo Berrettini,M Berrettini v Chiudinelli,90,2016-11-23 16:44:22.318,2.78,2016-11-23 17:00:00,
1.12840938,8962036,Matteo Berrettini,M Berrettini v Chiudinelli,100,2016-11-23 16:49:57.472,2.78,2016-11-23 17:00:00,
1.128409567,2765780,Denis Istomin,Ilkel v Istomin,0,2016-11-22 19:06:27.221,1.11,2016-11-23 06:30:00,
1.128409567,2765780,Denis Istomin,Ilkel v Istomin,10,2016-11-23 02:30:56.797,1.18,2016-11-23 06:30:00,
1.128409567,2765780,Denis Istomin,Ilkel v Istomin,20,2016-11-23 05:35:55.686,1.15,2016-11-23 06:30:00,
1.128409567,2765780,Denis Istomin,Ilkel v Istomin,30,2016-11-23 06:01:13.070,1.17,2016-11-23 06:30:00,
1.128409567,2765780,Denis Istomin,Ilkel v Istomin,40,2016-11-23 06:28:58.201,1.17,2016-11-23 06:30:00,
1.128409567,2765780,Denis Istomin,Ilkel v Istomin,50,2016-11-23 06:59:47.558,1.15,2016-11-23 07:00:00,
1.128409567,2765780,Denis Istomin,Ilkel v Istomin,60,2016-11-23 07:14:00.755,1.16,2016-11-23 07:15:00,
1.128409567,2765780,Denis Istomin,Ilkel v Istomin,70,2016-11-23 07:26:01.233,1.19,2016-11-23 07:30:00,
1.128409567,2765780,Denis Istomin,Ilkel v Istomin,80,2016-11-23 07:34:55.837,1.17,2016-11-23 07:45:00,
1.128409567,2765780,Denis Istomin,Ilkel v Istomin,90,2016-11-23 07:40:42.376,1.23,2016-11-23 07:45:00,
1.128409567,2765780,Denis Istomin,Ilkel v Istomin,100,2016-11-23 08:01:50.763,1.17,2016-11-23 08:15:00,
1.128409567,8444055,Cem Ilkel,Ilkel v Istomin,0,2016-11-23 00:54:13.683,6.2,2016-11-23 06:30:00,
1.128409567,8444055,Cem Ilkel,Ilkel v Istomin,10,2016-11-23 06:25:01.243,7.0,2016-11-23 06:30:00,
1.128409567,8444055,Cem Ilkel,Ilkel v Istomin,20,2016-11-23 06:57:16.351,6.4,2016-11-23 07:00:00,
1.128409567,8444055,Cem Ilkel,Ilkel v Istomin,30,2016-11-23 06:58:47.563,6.8,2016-11-23 07:00:00,
1.128409567,8444055,Cem Ilkel,Ilkel v Istomin,40,2016-11-23 07:14:00.755,7.2,2016-11-23 07:15:00,
1.128409567,8444055,Cem Ilkel,Ilkel v Istomin,50,2016-11-23 07:16:54.289,6.4,2016-11-23 07:30:00,
1.128409567,8444055,Cem Ilkel,Ilkel v Istomin,60,2016-11-23 07:20:47.120,6.4,2016-11-23 07:30:00,
1.128409567,8444055,Cem Ilkel,Ilkel v Istomin,70,2016-11-23 07:22:24.563,5.0,2016-11-23 07:30:00,
1.128409567,8444055,Cem Ilkel,Ilkel v Istomin,80,2016-11-23 07:27:59.375,6.6,2016-11-23 07:30:00,
1.128409567,8444055,Cem Ilkel,Ilkel v Istomin,90,2016-11-23 07:29:01.065,6.4,2016-11-23 07:30:00,
1.128409567,8444055,Cem Ilkel,Ilkel v Istomin,100,2016-11-23 07:31:59.233,6.6,2016-11-23 07:45:00,
1.128410698,2257298,Tommy Robredo,Mager v Robredo,0,2016-11-23 19:00:56.844,1.24,2016-11-23 19:15:00,
1.128410698,2257298,Tommy Robredo,Mager v Robredo,10,2016-11-23 19:04:58.677,1.2,2016-11-23 19:15:00,
1.128410698,2257298,Tommy Robredo,Mager v Robredo,20,2016-11-23 19:05:56.408,1.16,2016-11-23 19:15:00,
1.128410698,2257298,Tommy Robredo,Mager v Robredo,30,2016-11-23 19:12:58.532,1.2,2016-11-23 19:15:00,
1.128410698,2257298,Tommy Robredo,Mager v Robredo,40,2016-11-23 19:17:45.000,1.21,2016-11-23 19:30:00,
1.128410698,2257298,Tommy Robredo,Mager v Robredo,50,2016-11-23 19:29:48.040,1.16,2016-11-23 19:30:00,
1.128410698,2257298,Tommy Robredo,Mager v Robredo,60,2016-11-23 19:30:58.708,1.2,2016-11-23 19:45:00,
1.128410698,2257298,Tommy Robredo,Mager v Robredo,70,2016-11-23 19:34:56.090,1.19,2016-11-23 19:45:00,
1.128410698,2257298,Tommy Robredo,Mager v Robredo,80,2016-11-23 19:35:38.892,1.16,2016-11-23 19:45:00,
1.128410698,2257298,Tommy Robredo,Mager v Robredo,90,2016-11-23 19:49:44.793,1.2,2016-11-23 20:00:00,
1.128410698,2257298,Tommy Robredo,Mager v Robredo,100,2016-11-23 19:55:27.123,1.19,2016-11-23 20:00:00,
1.128416923,2284304,Sergiy Stakhovsky,Stakhovsky v Arnaboldi,0,2016-11-23 00:04:43.855,1.33,2016-11-23 14:00:00,
1.128416923,2284304,Sergiy Stakhovsky,Stakhovsky v Arnaboldi,10,2016-11-23 07:04:42.956,1.33,2016-11-23 14:00:00,
1.128416923,2284304,Sergiy Stakhovsky,Stakhovsky v Arnaboldi,20,2016-11-23 10:46:59.341,1.39,2016-11-23 14:00:00,
1.128416923,2284304,Sergiy Stakhovsky,Stakhovsky v Arnaboldi,30,2016-11-23 11:40:12.881,1.38,2016-11-23 14:00:00,
1.128416923,2284304,Sergiy Stakhovsky,Stakhovsky v Arnaboldi,40,2016-11-23 12:54:37.502,1.34,2016-11-23 14:00:00,
1.128416923,2284304,Sergiy Stakhovsky,Stakhovsky v Arnaboldi,50,2016-11-23 13:42:05.960,1.33,2016-11-23 14:00:00,
1.128416923,2284304,Sergiy Stakhovsky,Stakhovsky v Arnaboldi,60,2016-11-23 13:53:10.738,1.34,2016-11-23 14:00:00,
1.128416923,2284304,Sergiy Stakhovsky,Stakhovsky v Arnaboldi,70,2016-11-23 14:06:12.350,1.36,2016-11-23 14:15:00,
1.128416923,2284304,Sergiy Stakhovsky,Stakhovsky v Arnaboldi,80,2016-11-23 14:27:12.372,1.35,2016-11-23 14:30:00,
1.128416923,2284304,Sergiy Stakhovsky,Stakhovsky v Arnaboldi,90,2016-11-23 14:33:14.709,1.33,2016-11-23 14:45:00,
1.128416923,2284304,Sergiy Stakhovsky,Stakhovsky v Arnaboldi,100,2016-11-23 14:44:12.882,1.33,2016-11-23 14:45:00,
1.128419953,7366936,Aldin Setkic,Bega v Setkic,0,2016-11-23 13:15:53.031,1.38,2016-11-24 12:00:00,
1.128419953,7366936,Aldin Setkic,Bega v Setkic,10,2016-11-23 17:29:39.727,1.46,2016-11-24 14:00:00,
1.128419953,7366936,Aldin Setkic,Bega v Setkic,20,2016-11-24 00:19:59.480,1.4,2016-11-24 14:00:00,
1.128419953,7366936,Aldin Setkic,Bega v Setkic,30,2016-11-24 07:12:58.268,1.39,2016-11-24 14:00:00,
1.128419953,7366936,Aldin Setkic,Bega v Setkic,40,2016-11-24 09:30:34.584,1.39,2016-11-24 14:00:00,
1.128419953,7366936,Aldin Setkic,Bega v Setkic,50,2016-11-24 10:34:52.700,1.43,2016-11-24 13:52:00,
1.128419953,7366936,Aldin Setkic,Bega v Setkic,60,2016-11-24 10:57:31.415,1.4,2016-11-24 13:52:00,
1.128419953,7366936,Aldin Setkic,Bega v Setkic,70,2016-11-24 11:50:56.384,1.43,2016-11-24 14:07:00,
1.128419953,7366936,Aldin Setkic,Bega v Setkic,80,2016-11-24 12:45:53.958,1.43,2016-11-24 14:11:00,
1.128419953,7366936,Aldin Setkic,Bega v Setkic,90,2016-11-24 12:58:56.653,1.41,2016-11-24 14:11:00,
1.128419953,7366936,Aldin Setkic,Bega v Setkic,100,2016-11-24 13:10:41.448,1.41,2016-11-24 14:11:00,
1.128420563,6596286,Sachia Vickery,Vickery v Hozumi,0,2016-11-23 19:42:40.881,1.74,2016-11-24 12:00:00,
1.128420563,6596286,Sachia Vickery,Vickery v Hozumi,10,2016-11-24 05:16:30.079,1.7,2016-11-25 12:00:00,
1.128420563,6596286,Sachia Vickery,Vickery v Hozumi,20,2016-11-24 09:30:34.586,1.63,2016-11-24 20:00:00,
1.128420563,6596286,Sachia Vickery,Vickery v Hozumi,30,2016-11-24 11:45:55.594,1.61,2016-11-24 20:00:00,
1.128420563,6596286,Sachia Vickery,Vickery v Hozumi,40,2016-11-24 17:17:37.973,1.68,2016-11-24 20:00:00,
1.128420563,6596286,Sachia Vickery,Vickery v Hozumi,50,2016-11-24 19:01:59.539,1.64,2016-11-24 20:00:00,
1.128420563,6596286,Sachia Vickery,Vickery v Hozumi,60,2016-11-24 19:03:16.641,1.65,2016-11-24 20:00:00,
1.128420563,6596286,Sachia Vickery,Vickery v Hozumi,70,2016-11-24 19:36:01.623,1.63,2016-11-24 20:00:00,
1.128420563,6596286,Sachia Vickery,Vickery v Hozumi,80,2016-11-24 19:36:56.402,1.62,2016-11-24 20:00:00,
1.128420563,6596286,Sachia Vickery,Vickery v Hozumi,90,2016-11-24 19:46:02.721,1.69,2016-11-24 20:00:00,
1.128420563,6596286,Sachia Vickery,Vickery v Hozumi,100,2016-11-24 19:57:05.260,1.68,2016-11-24 20:00:00,
1.128420633,6603928,Samantha Crawford,D Collins @ S Crawford,0,2016-11-23 16:42:44.334,1.82,2016-11-24 02:00:00,
1.128420633,6603928,Samantha Crawford,D Collins v S Crawford,10,2016-11-24 07:50:22.503,1.19,2016-11-24 21:00:00,2016-11-24 01:38:05.806
1.128420633,6603928,Samantha Crawford,D Collins v S Crawford,20,2016-11-24 08:51:04.954,1.16,2016-11-24 21:00:00,2016-11-24 01:38:05.806
1.128420633,6603928,Samantha Crawford,D Collins v S Crawford,30,2016-11-24 10:21:21.124,1.19,2016-11-24 21:00:00,2016-11-24 01:38:05.806
1.128420633,6603928,Samantha Crawford,D Collins v S Crawford,40,2016-11-24 11:42:47.223,1.17,2016-11-24 21:00:00,2016-11-24 01:38:05.806
1.128420633,6603928,Samantha Crawford,D Collins v S Crawford,50,2016-11-24 13:08:55.069,1.15,2016-11-24 21:00:00,2016-11-24 01:38:05.806
1.128420633,6603928,Samantha Crawford,D Collins v S Crawford,60,2016-11-24 15:17:54.431,1.17,2016-11-24 21:00:00,2016-11-24 01:38:05.806
1.128420633,6603928,Samantha Crawford,D Collins v S Crawford,70,2016-11-24 16:52:08.665,1.17,2016-11-24 21:00:00,2016-11-24 01:38:05.806
1.128420633,6603928,Samantha Crawford,D Collins v S Crawford,80,2016-11-24 18:13:12.029,1.17,2016-11-24 21:00:00,2016-11-24 01:38:05.806
1.128420633,6603928,Samantha Crawford,D Collins v S Crawford,90,2016-11-24 20:00:57.779,1.16,2016-11-24 21:00:00,2016-11-24 01:38:05.806
1.128420633,6603928,Samantha Crawford,D Collins v S Crawford,100,2016-11-24 21:49:04.045,1.12,2016-11-24 22:00:00,2016-11-24 01:38:05.806
1.128420633,9626845,Danielle Collins,D Collins @ S Crawford,0,2016-11-23 19:27:00.530,2.16,2016-11-24 02:00:00,
1.128420633,9626845,Danielle Collins,D Collins v S Crawford,10,2016-11-24 06:25:37.527,6.6,2016-11-24 21:00:00,2016-11-24 01:38:05.806
1.128420633,9626845,Danielle Collins,D Collins v S Crawford,20,2016-11-24 07:11:39.042,6.4,2016-11-24 21:00:00,2016-11-24 01:38:05.806
1.128420633,9626845,Danielle Collins,D Collins v S Crawford,30,2016-11-24 07:31:48.721,7.0,2016-11-24 21:00:00,2016-11-24 01:38:05.806
1.128420633,9626845,Danielle Collins,D Collins v S Crawford,40,2016-11-24 12:31:43.695,7.2,2016-11-24 21:00:00,2016-11-24 01:38:05.806
1.128420633,9626845,Danielle Collins,D Collins v S Crawford,50,2016-11-24 13:14:57.476,7.8,2016-11-24 21:00:00,2016-11-24 01:38:05.806
1.128420633,9626845,Danielle Collins,D Collins v S Crawford,60,2016-11-24 16:34:55.054,7.0,2016-11-24 21:00:00,2016-11-24 01:38:05.806
1.128420633,9626845,Danielle Collins,D Collins v S Crawford,70,2016-11-24 17:37:38.482,6.6,2016-11-24 21:00:00,2016-11-24 01:38:05.806
1.128420633,9626845,Danielle Collins,D Collins v S Crawford,80,2016-11-24 19:10:56.630,7.0,2016-11-24 21:00:00,2016-11-24 01:38:05.806
1.128420633,9626845,Danielle Collins,D Collins v S Crawford,90,2016-11-24 20:00:57.779,7.2,2016-11-24 21:00:00,2016-11-24 01:38:05.806
1.128420633,9626845,Danielle Collins,D Collins v S Crawford,100,2016-11-24 21:36:23.482,7.8,2016-11-24 21:45:00,2016-11-24 01:38:05.806
1.128420779,3288385,Asia Muhammad,Sorribes Tormo v Muhammad,0,2016-11-24 05:45:02.982,4.5,2016-11-24 21:00:00,2016-11-24 00:54:04.272
1.128420779,3288385,Asia Muhammad,Sorribes Tormo v Muhammad,10,2016-11-24 07:53:57.091,4.6,2016-11-24 21:00:00,2016-11-24 00:54:04.272
1.128420779,3288385,Asia Muhammad,Sorribes Tormo v Muhammad,20,2016-11-24 08:20:57.539,4.1,2016-11-24 21:00:00,2016-11-24 00:54:04.272
1.128420779,3288385,Asia Muhammad,Sorribes Tormo v Muhammad,30,2016-11-24 10:27:36.882,4.0,2016-11-24 21:00:00,2016-11-24 00:54:04.272
1.128420779,3288385,Asia Muhammad,Sorribes Tormo v Muhammad,40,2016-11-24 12:16:27.373,3.95,2016-11-24 21:00:00,2016-11-24 00:54:04.272
1.128420779,3288385,Asia Muhammad,Sorribes Tormo v Muhammad,50,2016-11-24 13:19:58.824,4.2,2016-11-24 21:00:00,2016-11-24 00:54:04.272
1.128420779,3288385,Asia Muhammad,Sorribes Tormo v Muhammad,60,2016-11-24 15:11:32.823,4.1,2016-11-24 21:00:00,2016-11-24 00:54:04.272
1.128420779,3288385,Asia Muhammad,Sorribes Tormo v Muhammad,70,2016-11-24 15:52:29.702,4.3,2016-11-24 21:00:00,2016-11-24 00:54:04.272
1.128420779,3288385,Asia Muhammad,Sorribes Tormo v Muhammad,80,2016-11-24 17:24:32.086,4.0,2016-11-24 21:00:00,2016-11-24 00:54:04.272
1.128420779,3288385,Asia Muhammad,Sorribes Tormo v Muhammad,90,2016-11-24 19:54:04.502,4.5,2016-11-24 21:00:00,2016-11-24 00:54:04.272
1.128420779,3288385,Asia Muhammad,Sorribes Tormo v Muhammad,100,2016-11-24 20:46:39.922,4.5,2016-11-24 21:00:00,2016-11-24 00:54:04.272
1.128420779,6356637,Sara Sorribes Tormo,Sorribes Tormo @ Muhammad,0,2016-11-23 19:45:33.419,1.76,2016-11-24 02:00:00,
1.128420779,6356637,Sara Sorribes Tormo,Sorribes Tormo v Muhammad,10,2016-11-24 07:27:58.568,1.29,2016-11-24 21:00:00,2016-11-24 00:54:04.272
1.128420779,6356637,Sara Sorribes Tormo,Sorribes Tormo v Muhammad,20,2016-11-24 08:31:36.416,1.35,2016-11-24 21:00:00,2016-11-24 00:54:04.272
1.128420779,6356637,Sara Sorribes Tormo,Sorribes Tormo v Muhammad,30,2016-11-24 09:53:55.557,1.31,2016-11-24 21:00:00,2016-11-24 00:54:04.272
1.128420779,6356637,Sara Sorribes Tormo,Sorribes Tormo v Muhammad,40,2016-11-24 11:46:00.721,1.32,2016-11-24 21:00:00,2016-11-24 00:54:04.272
1.128420779,6356637,Sara Sorribes Tormo,Sorribes Tormo v Muhammad,50,2016-11-24 13:31:28.410,1.32,2016-11-24 21:00:00,2016-11-24 00:54:04.272
1.128420779,6356637,Sara Sorribes Tormo,Sorribes Tormo v Muhammad,60,2016-11-24 15:11:32.823,1.3,2016-11-24 21:00:00,2016-11-24 00:54:04.272
1.128420779,6356637,Sara Sorribes Tormo,Sorribes Tormo v Muhammad,70,2016-11-24 16:27:01.166,1.29,2016-11-24 21:00:00,2016-11-24 00:54:04.272
1.128420779,6356637,Sara Sorribes Tormo,Sorribes Tormo v Muhammad,80,2016-11-24 17:45:50.885,1.33,2016-11-24 21:00:00,2016-11-24 00:54:04.272
1.128420779,6356637,Sara Sorribes Tormo,Sorribes Tormo v Muhammad,90,2016-11-24 19:15:00.376,1.3,2016-11-24 21:00:00,2016-11-24 00:54:04.272
1.128420779,6356637,Sara Sorribes Tormo,Sorribes Tormo v Muhammad,100,2016-11-24 21:09:56.930,1.29,2016-11-24 21:15:00,2016-11-24 00:54:04.272
1.128420926,6344314,Henri Laaksonen,Mcnally v Laaksonen,0,2016-11-24 02:37:03.344,1.13,2016-11-24 15:00:00,
1.128420926,6344314,Henri Laaksonen,Mcnally v Laaksonen,10,2016-11-24 02:44:31.656,1.14,2016-11-24 15:00:00,
1.128420926,6344314,Henri Laaksonen,Mcnally v Laaksonen,20,2016-11-24 05:43:03.496,1.13,2016-11-24 15:00:00,
1.128420926,6344314,Henri Laaksonen,Mcnally v Laaksonen,30,2016-11-24 06:26:45.835,1.12,2016-11-24 15:00:00,
1.128420926,6344314,Henri Laaksonen,Mcnally v Laaksonen,40,2016-11-24 07:03:34.417,1.13,2016-11-24 15:00:00,
1.128420926,6344314,Henri Laaksonen,Mcnally v Laaksonen,50,2016-11-24 08:28:53.462,1.1,2016-11-24 15:00:00,
1.128420926,6344314,Henri Laaksonen,Mcnally v Laaksonen,60,2016-11-24 09:26:09.799,1.08,2016-11-24 15:00:00,
1.128420926,6344314,Henri Laaksonen,Mcnally v Laaksonen,70,2016-11-24 11:45:06.680,1.07,2016-11-24 15:00:00,
1.128420926,6344314,Henri Laaksonen,Mcnally v Laaksonen,80,2016-11-24 13:44:13.475,1.1,2016-11-24 15:00:00,
1.128420926,6344314,Henri Laaksonen,Mcnally v Laaksonen,90,2016-11-24 14:08:10.599,1.11,2016-11-24 15:00:00,
1.128420926,6344314,Henri Laaksonen,Mcnally v Laaksonen,100,2016-11-24 14:39:16.101,1.08,2016-11-24 15:00:00,
1.12842097,6603910,Mitchell Krueger,M Krueger v P Kobelt,0,2016-11-23 18:21:07.352,1.59,2016-11-24 12:00:00,
1.12842097,6603910,Mitchell Krueger,M Krueger v P Kobelt,10,2016-11-23 23:11:13.841,1.5,2016-11-24 12:00:00,
1.12842097,6603910,Mitchell Krueger,M Krueger v P Kobelt,20,2016-11-24 07:43:16.837,1.5,2016-11-24 16:00:00,
1.12842097,6603910,Mitchell Krueger,M Krueger v P Kobelt,30,2016-11-24 08:22:23.849,1.42,2016-11-24 16:00:00,
1.12842097,6603910,Mitchell Krueger,M Krueger v P Kobelt,40,2016-11-24 09:19:27.584,1.49,2016-11-24 16:00:00,
1.12842097,6603910,Mitchell Krueger,M Krueger v P Kobelt,50,2016-11-24 11:55:15.895,1.41,2016-11-24 16:00:00,
1.12842097,6603910,Mitchell Krueger,M Krueger v P Kobelt,60,2016-11-24 14:53:09.474,1.48,2016-11-24 16:00:00,
1.12842097,6603910,Mitchell Krueger,M Krueger v P Kobelt,70,2016-11-24 14:59:04.579,1.47,2016-11-24 16:00:00,
1.12842097,6603910,Mitchell Krueger,M Krueger v P Kobelt,80,2016-11-24 15:52:16.384,1.44,2016-11-24 16:00:00,
1.12842097,6603910,Mitchell Krueger,M Krueger v P Kobelt,90,2016-11-24 16:14:07.336,1.44,2016-11-24 16:15:00,
1.12842097,6603910,Mitchell Krueger,M Krueger v P Kobelt,100,2016-11-24 16:37:11.911,1.43,2016-11-24 16:45:00,
1.128421501,10279360,Taylor Fritz,Fritz v Libietis,0,2016-11-23 06:51:19.343,1.17,2016-11-23 19:00:00,
1.128421501,10279360,Taylor Fritz,Fritz v Libietis,10,2016-11-23 09:15:24.197,1.14,2016-11-23 19:00:00,
1.128421501,10279360,Taylor Fritz,Fritz v Libietis,20,2016-11-23 15:30:58.650,1.13,2016-11-23 19:00:00,
1.128421501,10279360,Taylor Fritz,Fritz v Libietis,30,2016-11-23 16:42:48.798,1.1,2016-11-23 19:00:00,
1.128421501,10279360,Taylor Fritz,Fritz v Libietis,40,2016-11-23 17:46:02.545,1.14,2016-11-23 19:00:00,
1.128421501,10279360,Taylor Fritz,Fritz v Libietis,50,2016-11-23 18:14:03.430,1.1,2016-11-23 19:00:00,
1.128421501,10279360,Taylor Fritz,Fritz v Libietis,60,2016-11-23 18:14:27.640,1.09,2016-11-23 19:00:00,
1.128421501,10279360,Taylor Fritz,Fritz v Libietis,70,2016-11-23 18:16:00.555,1.1,2016-11-23 19:00:00,
1.128421501,10279360,Taylor Fritz,Fritz v Libietis,80,2016-11-23 18:17:57.082,1.09,2016-11-23 19:00:00,
1.128421501,10279360,Taylor Fritz,Fritz v Libietis,90,2016-11-23 18:19:02.927,1.1,2016-11-23 19:00:00,
1.128421501,10279360,Taylor Fritz,Fritz v Libietis,100,2016-11-23 18:45:02.476,1.12,2016-11-23 19:00:00,
1.128422117,2386498,Shuai Zhang,S Zhang @ Erakovic,0,2016-11-23 16:59:14.109,1.4,2016-11-24 04:00:00,
1.128422117,2386498,Shuai Zhang,S Zhang v Erakovic,10,2016-11-24 11:42:43.693,1.42,2016-11-24 23:00:00,
1.128422117,2386498,Shuai Zhang,S Zhang v Erakovic,20,2016-11-24 13:21:04.547,1.38,2016-11-24 23:00:00,
1.128422117,2386498,Shuai Zhang,S Zhang v Erakovic,30,2016-11-24 15:46:03.775,1.37,2016-11-24 23:00:00,
1.128422117,2386498,Shuai Zhang,S Zhang v Erakovic,40,2016-11-24 15:50:05.722,1.34,2016-11-24 23:00:00,
1.128422117,2386498,Shuai Zhang,S Zhang v Erakovic,50,2016-11-24 19:40:54.642,1.36,2016-11-24 23:00:00,
1.128422117,2386498,Shuai Zhang,S Zhang v Erakovic,60,2016-11-24 20:44:54.965,1.33,2016-11-24 23:00:00,
1.128422117,2386498,Shuai Zhang,S Zhang v Erakovic,70,2016-11-24 21:37:23.451,1.33,2016-11-24 23:08:00,
1.128422117,2386498,Shuai Zhang,S Zhang v Erakovic,80,2016-11-24 22:00:03.767,1.33,2016-11-24 23:08:00,
1.128422117,2386498,Shuai Zhang,S Zhang v Erakovic,90,2016-11-24 22:13:08.825,1.33,2016-11-24 23:08:00,
1.128422117,2386498,Shuai Zhang,S Zhang v Erakovic,100,2016-11-24 22:24:01.788,1.31,2016-11-24 22:25:00,
1.128425067,8194193,Akira Santillan,Travaglia v Santillan,0,2016-11-24 07:32:43.793,1.73,2016-11-24 16:00:00,
1.128425067,8194193,Akira Santillan,Travaglia v Santillan,10,2016-11-24 09:30:49.928,1.69,2016-11-24 16:00:00,
1.128425067,8194193,Akira Santillan,Travaglia v Santillan,20,2016-11-24 10:25:22.497,1.73,2016-11-24 16:00:00,
1.128425067,8194193,Akira Santillan,Travaglia v Santillan,30,2016-11-24 14:56:40.160,1.68,2016-11-24 16:00:00,
1.128425067,8194193,Akira Santillan,Travaglia v Santillan,40,2016-11-24 15:39:04.110,1.65,2016-11-24 16:00:00,
1.128425067,8194193,Akira Santillan,Travaglia v Santillan,50,2016-11-24 15:48:04.979,1.71,2016-11-24 16:00:00,
1.128425067,8194193,Akira Santillan,Travaglia v Santillan,60,2016-11-24 15:54:01.364,1.65,2016-11-24 16:00:00,
1.128425067,8194193,Akira Santillan,Travaglia v Santillan,70,2016-11-24 16:01:06.891,1.61,2016-11-24 16:15:00,
1.128425067,8194193,Akira Santillan,Travaglia v Santillan,80,2016-11-24 16:04:02.660,1.63,2016-11-24 16:15:00,
1.128425067,8194193,Akira Santillan,Travaglia v Santillan,90,2016-11-24 16:40:47.166,1.67,2016-11-24 16:45:00,
1.128425067,8194193,Akira Santillan,Travaglia v Santillan,100,2016-11-24 17:14:07.227,1.64,2016-11-24 17:15:00,
1.128425067,8477117,Stefano Travaglia,Travaglia v Santillan,0,2016-11-24 08:28:43.550,2.42,2016-11-24 16:00:00,
1.128425067,8477117,Stefano Travaglia,Travaglia v Santillan,10,2016-11-24 12:01:46.081,2.48,2016-11-24 16:00:00,
1.128425067,8477117,Stefano Travaglia,Travaglia v Santillan,20,2016-11-24 14:36:46.103,2.4,2016-11-24 16:00:00,
1.128425067,8477117,Stefano Travaglia,Travaglia v Santillan,30,2016-11-24 15:00:03.487,2.52,2016-11-24 16:00:00,
1.128425067,8477117,Stefano Travaglia,Travaglia v Santillan,40,2016-11-24 15:39:04.110,2.52,2016-11-24 16:00:00,
1.128425067,8477117,Stefano Travaglia,Travaglia v Santillan,50,2016-11-24 15:48:55.714,2.38,2016-11-24 16:00:00,
1.128425067,8477117,Stefano Travaglia,Travaglia v Santillan,60,2016-11-24 15:54:01.364,2.54,2016-11-24 16:00:00,
1.128425067,8477117,Stefano Travaglia,Travaglia v Santillan,70,2016-11-24 15:59:04.038,2.4,2016-11-24 16:00:00,
1.128425067,8477117,Stefano Travaglia,Travaglia v Santillan,80,2016-11-24 16:02:06.022,2.38,2016-11-24 16:15:00,
1.128425067,8477117,Stefano Travaglia,Travaglia v Santillan,90,2016-11-24 16:23:07.087,2.4,2016-11-24 16:30:00,
1.128425067,8477117,Stefano Travaglia,Travaglia v Santillan,100,2016-11-24 17:14:07.227,2.54,2016-11-24 17:15:00,
1.128425072,7797772,Egor Gerasimov,Mektic v Gerasimov,0,2016-11-24 02:36:27.334,1.77,2016-11-24 12:00:00,
1.128425072,7797772,Egor Gerasimov,Mektic v Gerasimov,10,2016-11-24 07:42:03.869,1.67,2016-11-24 12:00:00,
1.128425072,7797772,Egor Gerasimov,Mektic v Gerasimov,20,2016-11-24 09:30:34.584,1.68,2016-11-24 12:00:00,
1.128425072,7797772,Egor Gerasimov,Mektic v Gerasimov,30,2016-11-24 10:20:58.001,1.68,2016-11-24 11:52:00,
1.128425072,7797772,Egor Gerasimov,Mektic v Gerasimov,40,2016-11-24 10:32:57.808,1.68,2016-11-24 11:52:00,
1.128425072,7797772,Egor Gerasimov,Mektic v Gerasimov,50,2016-11-24 11:23:06.711,1.68,2016-11-24 11:52:00,
1.128425072,7797772,Egor Gerasimov,Mektic v Gerasimov,60,2016-11-24 11:48:03.094,1.66,2016-11-24 11:52:00,
1.128425072,7797772,Egor Gerasimov,Mektic v Gerasimov,70,2016-11-24 11:58:05.538,1.66,2016-11-24 12:07:00,
1.128425072,7797772,Egor Gerasimov,Mektic v Gerasimov,80,2016-11-24 12:07:05.040,1.66,2016-11-24 12:22:00,
1.128425072,7797772,Egor Gerasimov,Mektic v Gerasimov,90,2016-11-24 12:11:06.878,1.64,2016-11-24 12:14:00,
1.128425072,7797772,Egor Gerasimov,Mektic v Gerasimov,100,2016-11-24 12:13:47.032,1.61,2016-11-24 12:14:00,
1.128425677,8304044,Temur Ismailov,Bublik v Ismailov,0,2016-11-23 21:09:00.150,5.1,2016-11-24 09:00:00,
1.128425677,8304044,Temur Ismailov,Bublik v Ismailov,10,2016-11-24 02:32:34.209,5.9,2016-11-24 09:00:00,
1.128425677,8304044,Temur Ismailov,Bublik v Ismailov,20,2016-11-24 05:57:59.587,5.4,2016-11-24 08:49:00,
1.128425677,8304044,Temur Ismailov,Bublik v Ismailov,30,2016-11-24 07:09:54.306,6.0,2016-11-24 08:41:00,
1.128425677,8304044,Temur Ismailov,Bublik v Ismailov,40,2016-11-24 07:10:43.858,5.5,2016-11-24 08:41:00,
1.128425677,8304044,Temur Ismailov,Bublik v Ismailov,50,2016-11-24 07:24:42.153,5.4,2016-11-24 08:41:00,
1.128425677,8304044,Temur Ismailov,Bublik v Ismailov,60,2016-11-24 07:35:25.316,5.5,2016-11-24 08:41:00,
1.128425677,8304044,Temur Ismailov,Bublik v Ismailov,70,2016-11-24 07:41:01.488,5.3,2016-11-24 08:41:00,
1.128425677,8304044,Temur Ismailov,Bublik v Ismailov,80,2016-11-24 07:43:02.112,5.2,2016-11-24 08:41:00,
1.128425677,8304044,Temur Ismailov,Bublik v Ismailov,90,2016-11-24 07:45:01.540,5.1,2016-11-24 08:41:00,
1.128425677,8304044,Temur Ismailov,Bublik v Ismailov,100,2016-11-24 07:53:57.662,5.5,2016-11-24 07:55:00,
1.128425677,8907933,Alexander Bublik,Bublik v Ismailov,0,2016-11-24 02:32:34.209,1.2,2016-11-24 09:00:00,
1.128425677,8907933,Alexander Bublik,Bublik v Ismailov,10,2016-11-24 05:57:59.587,1.23,2016-11-24 08:49:00,
1.128425677,8907933,Alexander Bublik,Bublik v Ismailov,20,2016-11-24 07:09:54.306,1.2,2016-11-24 08:41:00,
1.128425677,8907933,Alexander Bublik,Bublik v Ismailov,30,2016-11-24 07:22:00.207,1.23,2016-11-24 08:41:00,
1.128425677,8907933,Alexander Bublik,Bublik v Ismailov,40,2016-11-24 07:35:25.316,1.22,2016-11-24 08:41:00,
1.128425677,8907933,Alexander Bublik,Bublik v Ismailov,50,2016-11-24 07:41:01.488,1.23,2016-11-24 08:41:00,
1.128425677,8907933,Alexander Bublik,Bublik v Ismailov,60,2016-11-24 07:43:02.112,1.25,2016-11-24 08:41:00,
1.128425677,8907933,Alexander Bublik,Bublik v Ismailov,70,2016-11-24 07:45:01.540,1.24,2016-11-24 08:41:00,
1.128425677,8907933,Alexander Bublik,Bublik v Ismailov,80,2016-11-24 07:48:01.628,1.25,2016-11-24 08:41:00,
1.128425677,8907933,Alexander Bublik,Bublik v Ismailov,90,2016-11-24 07:52:02.049,1.22,2016-11-24 07:55:00,
1.128425677,8907933,Alexander Bublik,Bublik v Ismailov,100,2016-11-24 07:54:59.010,1.22,2016-11-24 07:55:00,
1.128426144,5707016,Laurynas Grigelis,Grigelis v Tsitsipas,0,2016-11-23 14:47:57.225,1.79,2016-11-24 12:00:00,
1.128426144,5707016,Laurynas Grigelis,Grigelis v Tsitsipas,10,2016-11-24 03:23:36.412,2.0,2016-11-24 10:00:00,
1.128426144,5707016,Laurynas Grigelis,Grigelis v Tsitsipas,20,2016-11-24 05:17:47.961,1.99,2016-11-24 10:00:00,
1.128426144,5707016,Laurynas Grigelis,Grigelis v Tsitsipas,30,2016-11-24 06:22:48.155,1.97,2016-11-24 10:00:00,
1.128426144,5707016,Laurynas Grigelis,Grigelis v Tsitsipas,40,2016-11-24 08:01:39.758,2.02,2016-11-24 10:00:00,
1.128426144,5707016,Laurynas Grigelis,Grigelis v Tsitsipas,50,2016-11-24 08:42:07.038,2.12,2016-11-24 10:00:00,
1.128426144,5707016,Laurynas Grigelis,Grigelis v Tsitsipas,60,2016-11-24 09:07:40.984,2.02,2016-11-24 10:00:00,
1.128426144,5707016,Laurynas Grigelis,Grigelis v Tsitsipas,70,2016-11-24 09:30:53.128,1.96,2016-11-24 10:00:00,
1.128426144,5707016,Laurynas Grigelis,Grigelis v Tsitsipas,80,2016-11-24 09:39:07.837,1.97,2016-11-24 10:00:00,
1.128426144,5707016,Laurynas Grigelis,Grigelis v Tsitsipas,90,2016-11-24 09:46:52.951,2.02,2016-11-24 10:00:00,
1.128426144,5707016,Laurynas Grigelis,Grigelis v Tsitsipas,100,2016-11-24 09:54:03.077,2.04,2016-11-24 10:00:00,
1.128426144,9193006,Stefanos Tsitsipas,Grigelis v Tsitsipas,0,2016-11-23 17:54:56.618,2.02,2016-11-24 10:00:00,
1.128426144,9193006,Stefanos Tsitsipas,Grigelis v Tsitsipas,10,2016-11-24 03:17:06.814,1.97,2016-11-24 10:00:00,
1.128426144,9193006,Stefanos Tsitsipas,Grigelis v Tsitsipas,20,2016-11-24 06:03:07.558,1.95,2016-11-24 10:00:00,
1.128426144,9193006,Stefanos Tsitsipas,Grigelis v Tsitsipas,30,2016-11-24 07:15:20.222,1.89,2016-11-24 10:00:00,
1.128426144,9193006,Stefanos Tsitsipas,Grigelis v Tsitsipas,40,2016-11-24 08:34:04.026,1.9,2016-11-24 10:00:00,
1.128426144,9193006,Stefanos Tsitsipas,Grigelis v Tsitsipas,50,2016-11-24 08:43:50.866,1.89,2016-11-24 10:00:00,
1.128426144,9193006,Stefanos Tsitsipas,Grigelis v Tsitsipas,60,2016-11-24 09:22:48.872,1.99,2016-11-24 10:00:00,
1.128426144,9193006,Stefanos Tsitsipas,Grigelis v Tsitsipas,70,2016-11-24 09:36:59.990,2.08,2016-11-24 10:00:00,
1.128426144,9193006,Stefanos Tsitsipas,Grigelis v Tsitsipas,80,2016-11-24 09:40:58.139,1.99,2016-11-24 10:00:00,
1.128426144,9193006,Stefanos Tsitsipas,Grigelis v Tsitsipas,90,2016-11-24 09:46:52.951,1.98,2016-11-24 10:00:00,
1.128426144,9193006,Stefanos Tsitsipas,Grigelis v Tsitsipas,100,2016-11-24 09:54:03.077,1.99,2016-11-24 10:00:00,
1.128432414,4874457,Yann Marti,Vanni v Y Marti,0,2016-11-24 07:34:55.599,2.5,2016-11-24 18:00:00,
1.128432414,4874457,Yann Marti,Vanni v Y Marti,10,2016-11-24 10:05:01.147,2.58,2016-11-24 18:00:00,
1.128432414,4874457,Yann Marti,Vanni v Y Marti,20,2016-11-24 13:24:25.254,2.56,2016-11-24 18:00:00,
1.128432414,4874457,Yann Marti,Vanni v Y Marti,30,2016-11-24 15:43:01.345,2.42,2016-11-24 18:00:00,
1.128432414,4874457,Yann Marti,Vanni v Y Marti,40,2016-11-24 15:55:54.395,2.36,2016-11-24 18:00:00,
1.128432414,4874457,Yann Marti,Vanni v Y Marti,50,2016-11-24 16:03:02.489,2.5,2016-11-24 18:00:00,
1.128432414,4874457,Yann Marti,Vanni v Y Marti,60,2016-11-24 16:17:01.190,2.34,2016-11-24 18:00:00,
1.128432414,4874457,Yann Marti,Vanni v Y Marti,70,2016-11-24 16:26:21.588,2.22,2016-11-24 18:00:00,
1.128432414,4874457,Yann Marti,Vanni v Y Marti,80,2016-11-24 16:50:52.803,2.22,2016-11-24 18:00:00,
1.128432414,4874457,Yann Marti,Vanni v Y Marti,90,2016-11-24 17:14:25.071,2.44,2016-11-24 18:00:00,
1.128432414,4874457,Yann Marti,Vanni v Y Marti,100,2016-11-24 17:48:52.758,2.44,2016-11-24 18:00:00,
1.128432414,8681900,Luca Vanni,Vanni v Y Marti,0,2016-11-24 09:17:37.058,1.61,2016-11-24 18:00:00,
1.128432414,8681900,Luca Vanni,Vanni v Y Marti,10,2016-11-24 12:03:42.157,1.63,2016-11-24 18:00:00,
1.128432414,8681900,Luca Vanni,Vanni v Y Marti,20,2016-11-24 15:12:55.054,1.59,2016-11-24 18:00:00,
1.128432414,8681900,Luca Vanni,Vanni v Y Marti,30,2016-11-24 16:01:59.786,1.52,2016-11-24 18:00:00,
1.128432414,8681900,Luca Vanni,Vanni v Y Marti,40,2016-11-24 16:07:01.522,1.74,2016-11-24 18:00:00,
1.128432414,8681900,Luca Vanni,Vanni v Y Marti,50,2016-11-24 17:14:25.071,1.69,2016-11-24 18:00:00,
1.128432414,8681900,Luca Vanni,Vanni v Y Marti,60,2016-11-24 17:35:54.986,1.69,2016-11-24 18:00:00,
1.128432414,8681900,Luca Vanni,Vanni v Y Marti,70,2016-11-24 17:58:02.187,1.69,2016-11-24 18:00:00,
1.128432414,8681900,Luca Vanni,Vanni v Y Marti,80,2016-11-24 18:01:49.049,1.71,2016-11-24 18:15:00,
1.128432414,8681900,Luca Vanni,Vanni v Y Marti,90,2016-11-24 18:10:54.136,1.71,2016-11-24 18:15:00,
1.128432414,8681900,Luca Vanni,Vanni v Y Marti,100,2016-11-24 18:44:01.411,1.7,2016-11-24 18:45:00,
1.128440384,6596536,Eric Quigley,Sandgren v Quigley,0,2016-11-24 07:44:54.545,2.82,2016-11-24 15:00:00,
1.128440384,6596536,Eric Quigley,Sandgren v Quigley,10,2016-11-24 13:01:02.061,3.75,2016-11-24 15:00:00,
1.128440384,6596536,Eric Quigley,Sandgren v Quigley,20,2016-11-24 13:29:01.678,3.05,2016-11-24 15:00:00,
1.128440384,6596536,Eric Quigley,Sandgren v Quigley,30,2016-11-24 13:29:58.922,2.9,2016-11-24 15:00:00,
1.128440384,6596536,Eric Quigley,Sandgren v Quigley,40,2016-11-24 13:31:45.197,3.65,2016-11-24 15:00:00,
1.128440384,6596536,Eric Quigley,Sandgren v Quigley,50,2016-11-24 13:36:02.206,3.75,2016-11-24 15:00:00,
1.128440384,6596536,Eric Quigley,Sandgren v Quigley,60,2016-11-24 13:41:00.750,3.65,2016-11-24 15:00:00,
1.128440384,6596536,Eric Quigley,Sandgren v Quigley,70,2016-11-24 14:25:45.218,3.25,2016-11-24 15:00:00,
1.128440384,6596536,Eric Quigley,Sandgren v Quigley,80,2016-11-24 14:33:58.330,3.5,2016-11-24 15:00:00,
1.128440384,6596536,Eric Quigley,Sandgren v Quigley,90,2016-11-24 14:37:00.027,3.3,2016-11-24 15:00:00,
1.128440384,6596536,Eric Quigley,Sandgren v Quigley,100,2016-11-24 14:54:01.066,3.75,2016-11-24 15:00:00,
1.128440384,6604266,Tennys Sandgren,Sandgren v Quigley,0,2016-11-24 06:51:00.525,1.42,2016-11-24 15:00:00,
1.128440384,6604266,Tennys Sandgren,Sandgren v Quigley,10,2016-11-24 09:30:34.584,1.36,2016-11-24 15:00:00,
1.128440384,6604266,Tennys Sandgren,Sandgren v Quigley,20,2016-11-24 13:01:02.061,1.37,2016-11-24 15:00:00,
1.128440384,6604266,Tennys Sandgren,Sandgren v Quigley,30,2016-11-24 13:12:56.454,1.38,2016-11-24 15:00:00,
1.128440384,6604266,Tennys Sandgren,Sandgren v Quigley,40,2016-11-24 13:16:56.939,1.38,2016-11-24 15:00:00,
1.128440384,6604266,Tennys Sandgren,Sandgren v Quigley,50,2016-11-24 13:30:54.766,1.39,2016-11-24 15:00:00,
1.128440384,6604266,Tennys Sandgren,Sandgren v Quigley,60,2016-11-24 13:37:00.472,1.39,2016-11-24 15:00:00,
1.128440384,6604266,Tennys Sandgren,Sandgren v Quigley,70,2016-11-24 13:39:01.057,1.37,2016-11-24 15:00:00,
1.128440384,6604266,Tennys Sandgren,Sandgren v Quigley,80,2016-11-24 13:43:01.724,1.4,2016-11-24 15:00:00,
1.128440384,6604266,Tennys Sandgren,Sandgren v Quigley,90,2016-11-24 14:39:37.755,1.4,2016-11-24 15:00:00,
1.128440384,6604266,Tennys Sandgren,Sandgren v Quigley,100,2016-11-24 14:54:36.643,1.38,2016-11-24 15:00:00,
1.128440993,2257298,Tommy Robredo,Robredo v M Berrettini,0,2016-11-24 07:41:58.649,1.46,2016-11-25 12:00:00,
1.128440993,2257298,Tommy Robredo,Robredo v M Berrettini,10,2016-11-24 23:57:49.719,1.4,2016-11-25 14:00:00,
1.128440993,2257298,Tommy Robredo,Robredo v M Berrettini,20,2016-11-25 04:57:52.943,1.38,2016-11-25 14:00:00,
1.128440993,2257298,Tommy Robredo,Robredo v M Berrettini,30,2016-11-25 10:13:57.179,1.33,2016-11-25 14:00:00,
1.128440993,2257298,Tommy Robredo,Robredo v M Berrettini,40,2016-11-25 11:15:39.263,1.37,2016-11-25 14:00:00,
1.128440993,2257298,Tommy Robredo,Robredo v M Berrettini,50,2016-11-25 13:06:52.152,1.32,2016-11-25 14:00:00,
1.128440993,2257298,Tommy Robredo,Robredo v M Berrettini,60,2016-11-25 13:34:58.724,1.32,2016-11-25 14:00:00,
1.128440993,2257298,Tommy Robredo,Robredo v M Berrettini,70,2016-11-25 13:39:50.130,1.36,2016-11-25 14:00:00,
1.128440993,2257298,Tommy Robredo,Robredo v M Berrettini,80,2016-11-25 13:47:47.589,1.32,2016-11-25 14:00:00,
1.128440993,2257298,Tommy Robredo,Robredo v M Berrettini,90,2016-11-25 14:08:46.685,1.35,2016-11-25 14:15:00,
1.128440993,2257298,Tommy Robredo,Robredo v M Berrettini,100,2016-11-25 14:22:55.953,1.31,2016-11-25 14:30:00,
1.128440993,8962036,Matteo Berrettini,Robredo v M Berrettini,0,2016-11-24 07:41:58.649,3.2,2016-11-25 12:00:00,
1.128440993,8962036,Matteo Berrettini,Robredo v M Berrettini,10,2016-11-24 11:36:45.571,3.3,2016-11-25 12:00:00,
1.128440993,8962036,Matteo Berrettini,Robredo v M Berrettini,20,2016-11-24 11:37:12.702,3.4,2016-11-25 12:00:00,
1.128440993,8962036,Matteo Berrettini,Robredo v M Berrettini,30,2016-11-25 02:25:58.985,3.65,2016-11-25 14:00:00,
1.128440993,8962036,Matteo Berrettini,Robredo v M Berrettini,40,2016-11-25 02:26:08.003,3.7,2016-11-25 14:00:00,
1.128440993,8962036,Matteo Berrettini,Robredo v M Berrettini,50,2016-11-25 11:07:48.561,3.75,2016-11-25 14:00:00,
1.128440993,8962036,Matteo Berrettini,Robredo v M Berrettini,60,2016-11-25 12:14:28.927,3.8,2016-11-25 14:00:00,
1.128440993,8962036,Matteo Berrettini,Robredo v M Berrettini,70,2016-11-25 12:52:56.994,4.1,2016-11-25 14:00:00,
1.128440993,8962036,Matteo Berrettini,Robredo v M Berrettini,80,2016-11-25 13:55:56.363,4.2,2016-11-25 14:00:00,
1.128440993,8962036,Matteo Berrettini,Robredo v M Berrettini,90,2016-11-25 14:05:56.229,3.75,2016-11-25 14:15:00,
1.128440993,8962036,Matteo Berrettini,Robredo v M Berrettini,100,2016-11-25 14:22:55.953,4.3,2016-11-25 14:30:00,
1.128441392,10279360,Taylor Fritz,Fritz v Barry,0,2016-11-24 06:04:10.634,1.17,2016-11-25 12:00:00,
1.128441392,10279360,Taylor Fritz,Fritz v Barry,10,2016-11-24 06:21:59.176,1.16,2016-11-25 12:00:00,
1.128441392,10279360,Taylor Fritz,Fritz v Barry,20,2016-11-24 07:57:56.986,1.1,2016-11-25 12:00:00,
1.128441392,10279360,Taylor Fritz,Fritz v Barry,30,2016-11-24 15:29:06.236,1.14,2016-11-25 12:00:00,
1.128441392,10279360,Taylor Fritz,Fritz v Barry,40,2016-11-24 22:07:11.568,1.13,2016-11-25 18:00:00,
1.128441392,10279360,Taylor Fritz,Fritz v Barry,50,2016-11-24 22:14:32.393,1.14,2016-11-25 18:00:00,
1.128441392,10279360,Taylor Fritz,Fritz v Barry,60,2016-11-25 04:42:33.198,1.1,2016-11-25 18:00:00,
1.128441392,10279360,Taylor Fritz,Fritz v Barry,70,2016-11-25 04:50:57.399,1.18,2016-11-25 18:00:00,
1.128441392,10279360,Taylor Fritz,Fritz v Barry,80,2016-11-25 08:01:43.510,1.12,2016-11-25 18:00:00,
1.128441392,10279360,Taylor Fritz,Fritz v Barry,90,2016-11-25 17:08:59.723,1.1,2016-11-25 17:45:00,
1.128441392,10279360,Taylor Fritz,Fritz v Barry,100,2016-11-25 17:37:01.022,1.1,2016-11-25 17:39:00,
1.128441461,2415530,Evgeniya Rodina,Swan v Rodina,0,2016-11-24 06:31:52.698,1.1,2016-11-24 23:00:00,
1.128441461,2415530,Evgeniya Rodina,Swan v Rodina,10,2016-11-24 07:46:27.361,1.23,2016-11-24 23:00:00,
1.128441461,2415530,Evgeniya Rodina,Swan v Rodina,20,2016-11-24 08:06:12.750,1.2,2016-11-24 23:00:00,
1.128441461,2415530,Evgeniya Rodina,Swan v Rodina,30,2016-11-24 13:55:09.540,1.23,2016-11-24 23:00:00,
1.128441461,2415530,Evgeniya Rodina,Swan v Rodina,40,2016-11-24 18:18:57.580,1.21,2016-11-24 23:00:00,
1.128441461,2415530,Evgeniya Rodina,Swan v Rodina,50,2016-11-24 19:02:54.268,1.22,2016-11-24 23:00:00,
1.128441461,2415530,Evgeniya Rodina,Swan v Rodina,60,2016-11-24 19:09:57.144,1.2,2016-11-24 23:00:00,
1.128441461,2415530,Evgeniya Rodina,Swan v Rodina,70,2016-11-24 20:16:53.091,1.21,2016-11-24 23:00:00,
1.128441461,2415530,Evgeniya Rodina,Swan v Rodina,80,2016-11-24 20:58:29.057,1.2,2016-11-24 23:00:00,
1.128441461,2415530,Evgeniya Rodina,Swan v Rodina,90,2016-11-24 21:57:43.593,1.19,2016-11-24 23:50:00,
1.128441461,2415530,Evgeniya Rodina,Swan v Rodina,100,2016-11-24 23:04:53.743,1.18,2016-11-24 23:50:00,
1.128441731,7533705,Usue Maitane Arconada,Arconada v Bellis,0,2016-11-24 15:09:22.968,9.6,2016-11-24 20:00:00,
1.128441731,7533705,Usue Maitane Arconada,Arconada v Bellis,10,2016-11-24 15:13:01.546,9.2,2016-11-24 20:00:00,
1.128441731,7533705,Usue Maitane Arconada,Arconada v Bellis,20,2016-11-24 15:25:22.829,9.6,2016-11-24 20:00:00,
1.128441731,7533705,Usue Maitane Arconada,Arconada v Bellis,30,2016-11-24 17:00:18.206,9.8,2016-11-24 20:00:00,
1.128441731,7533705,Usue Maitane Arconada,Arconada v Bellis,40,2016-11-24 17:04:13.133,10.0,2016-11-24 20:00:00,
1.128441731,7533705,Usue Maitane Arconada,Arconada v Bellis,50,2016-11-24 19:02:02.007,11.0,2016-11-24 20:00:00,
1.128441731,7533705,Usue Maitane Arconada,Arconada v Bellis,60,2016-11-24 19:37:21.737,8.8,2016-11-24 20:00:00,
1.128441731,7533705,Usue Maitane Arconada,Arconada v Bellis,70,2016-11-24 19:48:47.750,9.2,2016-11-24 20:00:00,
1.128441731,7533705,Usue Maitane Arconada,Arconada v Bellis,80,2016-11-24 19:54:22.097,9.4,2016-11-24 20:00:00,
1.128441731,7533705,Usue Maitane Arconada,Arconada v Bellis,90,2016-11-24 19:58:18.151,9.2,2016-11-24 20:00:00,
1.128441731,7533705,Usue Maitane Arconada,Arconada v Bellis,100,2016-11-24 19:59:35.711,9.4,2016-11-24 20:00:00,
1.128441731,8792467,Catherine Bellis,Arconada v Bellis,0,2016-11-24 15:06:36.410,1.12,2016-11-24 20:00:00,
1.128441731,8792467,Catherine Bellis,Arconada v Bellis,10,2016-11-24 15:09:22.968,1.11,2016-11-24 20:00:00,
1.128441731,8792467,Catherine Bellis,Arconada v Bellis,20,2016-11-24 15:13:01.546,1.12,2016-11-24 20:00:00,
1.128441731,8792467,Catherine Bellis,Arconada v Bellis,30,2016-11-24 15:35:09.106,1.12,2016-11-24 20:00:00,
1.128441731,8792467,Catherine Bellis,Arconada v Bellis,40,2016-11-24 16:14:13.562,1.1,2016-11-24 20:00:00,
1.128441731,8792467,Catherine Bellis,Arconada v Bellis,50,2016-11-24 16:50:17.670,1.09,2016-11-24 20:00:00,
1.128441731,8792467,Catherine Bellis,Arconada v Bellis,60,2016-11-24 16:54:23.420,1.1,2016-11-24 20:00:00,
1.128441731,8792467,Catherine Bellis,Arconada v Bellis,70,2016-11-24 16:58:07.958,1.11,2016-11-24 20:00:00,
1.128441731,8792467,Catherine Bellis,Arconada v Bellis,80,2016-11-24 19:12:16.048,1.11,2016-11-24 20:00:00,
1.128441731,8792467,Catherine Bellis,Arconada v Bellis,90,2016-11-24 19:37:21.737,1.13,2016-11-24 20:00:00,
1.128441731,8792467,Catherine Bellis,Arconada v Bellis,100,2016-11-24 19:58:18.151,1.12,2016-11-24 20:00:00,
1.128441952,2403862,Sabine Lisicki,Lisicki v Cako,0,2016-11-24 07:48:13.917,1.28,2016-11-25 12:00:00,
1.128441952,2403862,Sabine Lisicki,Lisicki v Cako,10,2016-11-24 14:21:43.835,1.22,2016-11-25 12:00:00,
1.128441952,2403862,Sabine Lisicki,Lisicki v Cako,20,2016-11-25 14:16:48.777,1.22,2016-11-25 22:00:00,
1.128441952,2403862,Sabine Lisicki,Lisicki v Cako,30,2016-11-25 20:43:41.503,1.21,2016-11-25 22:00:00,
1.128441952,2403862,Sabine Lisicki,Lisicki v Cako,40,2016-11-25 21:39:13.893,1.21,2016-11-25 22:00:00,
1.128441952,2403862,Sabine Lisicki,Lisicki v Cako,50,2016-11-25 21:59:06.787,1.22,2016-11-25 22:00:00,
1.128441952,2403862,Sabine Lisicki,Lisicki v Cako,60,2016-11-25 22:11:58.898,1.2,2016-11-25 22:15:00,
1.128441952,2403862,Sabine Lisicki,Lisicki v Cako,70,2016-11-25 22:42:00.685,1.21,2016-11-25 22:45:00,
1.128441952,2403862,Sabine Lisicki,Lisicki v Cako,80,2016-11-25 22:52:09.592,1.19,2016-11-25 23:00:00,
1.128441952,2403862,Sabine Lisicki,Lisicki v Cako,90,2016-11-25 23:14:51.809,1.19,2016-11-25 23:15:00,
1.128441952,2403862,Sabine Lisicki,Lisicki v Cako,100,2016-11-25 23:43:05.653,1.21,2016-11-25 23:45:00,
1.128441952,8801039,Jacqueline Cako,Lisicki v Cako,0,2016-11-24 07:48:13.917,4.6,2016-11-25 12:00:00,
1.128441952,8801039,Jacqueline Cako,Lisicki v Cako,10,2016-11-24 10:54:49.349,4.9,2016-11-25 12:00:00,
1.128441952,8801039,Jacqueline Cako,Lisicki v Cako,20,2016-11-25 21:35:11.433,5.5,2016-11-25 22:00:00,
1.128441952,8801039,Jacqueline Cako,Lisicki v Cako,30,2016-11-25 21:41:54.720,5.9,2016-11-25 22:00:00,
1.128441952,8801039,Jacqueline Cako,Lisicki v Cako,40,2016-11-25 22:03:19.442,5.3,2016-11-25 22:15:00,
1.128441952,8801039,Jacqueline Cako,Lisicki v Cako,50,2016-11-25 22:18:05.740,6.4,2016-11-25 22:30:00,
1.128441952,8801039,Jacqueline Cako,Lisicki v Cako,60,2016-11-25 22:19:06.857,6.2,2016-11-25 22:30:00,
1.128441952,8801039,Jacqueline Cako,Lisicki v Cako,70,2016-11-25 22:24:09.674,5.5,2016-11-25 22:30:00,
1.128441952,8801039,Jacqueline Cako,Lisicki v Cako,80,2016-11-25 22:42:00.685,5.7,2016-11-25 22:45:00,
1.128441952,8801039,Jacqueline Cako,Lisicki v Cako,90,2016-11-25 22:43:10.567,6.2,2016-11-25 22:45:00,
1.128441952,8801039,Jacqueline Cako,Lisicki v Cako,100,2016-11-25 23:10:07.679,5.0,2016-11-25 23:15:00,
1.128442394,7137497,Yoshihito Nishioka,Yo Nishioka v Nedovyesov,0,2016-11-24 11:24:49.858,1.71,2016-11-25 05:00:00,
1.128442394,7137497,Yoshihito Nishioka,Yo Nishioka v Nedovyesov,10,2016-11-24 16:20:01.857,1.83,2016-11-25 05:00:00,
1.128442394,7137497,Yoshihito Nishioka,Yo Nishioka v Nedovyesov,20,2016-11-24 18:55:57.824,1.87,2016-11-25 05:00:00,
1.128442394,7137497,Yoshihito Nishioka,Yo Nishioka v Nedovyesov,30,2016-11-24 20:38:43.886,1.85,2016-11-25 05:00:00,
1.128442394,7137497,Yoshihito Nishioka,Yo Nishioka v Nedovyesov,40,2016-11-24 21:41:51.028,1.81,2016-11-25 05:00:00,
1.128442394,7137497,Yoshihito Nishioka,Yo Nishioka v Nedovyesov,50,2016-11-24 22:22:41.466,1.74,2016-11-25 05:00:00,
1.128442394,7137497,Yoshihito Nishioka,Yo Nishioka v Nedovyesov,60,2016-11-24 23:58:00.086,1.87,2016-11-25 05:00:00,
1.128442394,7137497,Yoshihito Nishioka,Yo Nishioka v Nedovyesov,70,2016-11-25 00:39:54.650,1.84,2016-11-25 05:00:00,
1.128442394,7137497,Yoshihito Nishioka,Yo Nishioka v Nedovyesov,80,2016-11-25 04:19:59.013,1.78,2016-11-25 05:00:00,
1.128442394,7137497,Yoshihito Nishioka,Yo Nishioka v Nedovyesov,90,2016-11-25 04:41:01.684,1.73,2016-11-25 05:00:00,
1.128442394,7137497,Yoshihito Nishioka,Yo Nishioka v Nedovyesov,100,2016-11-25 04:49:59.986,1.81,2016-11-25 05:00:00,
1.128442394,8188266,Aleksandr Nedovyesov,Yo Nishioka v Nedovyesov,0,2016-11-24 11:52:00.985,2.18,2016-11-25 05:00:00,
1.128442394,8188266,Aleksandr Nedovyesov,Yo Nishioka v Nedovyesov,10,2016-11-24 11:54:32.023,2.02,2016-11-25 05:00:00,
1.128442394,8188266,Aleksandr Nedovyesov,Yo Nishioka v Nedovyesov,20,2016-11-24 17:44:56.111,2.14,2016-11-25 05:00:00,
1.128442394,8188266,Aleksandr Nedovyesov,Yo Nishioka v Nedovyesov,30,2016-11-24 21:03:46.157,2.18,2016-11-25 05:00:00,
1.128442394,8188266,Aleksandr Nedovyesov,Yo Nishioka v Nedovyesov,40,2016-11-24 22:22:00.973,2.3,2016-11-25 05:00:00,
1.128442394,8188266,Aleksandr Nedovyesov,Yo Nishioka v Nedovyesov,50,2016-11-24 23:57:01.604,2.24,2016-11-25 05:00:00,
1.128442394,8188266,Aleksandr Nedovyesov,Yo Nishioka v Nedovyesov,60,2016-11-25 00:04:49.999,2.24,2016-11-25 05:00:00,
1.128442394,8188266,Aleksandr Nedovyesov,Yo Nishioka v Nedovyesov,70,2016-11-25 00:13:30.479,2.16,2016-11-25 05:00:00,
1.128442394,8188266,Aleksandr Nedovyesov,Yo Nishioka v Nedovyesov,80,2016-11-25 04:02:12.975,2.16,2016-11-25 05:00:00,
1.128442394,8188266,Aleksandr Nedovyesov,Yo Nishioka v Nedovyesov,90,2016-11-25 04:19:59.013,2.28,2016-11-25 05:00:00,
1.128442394,8188266,Aleksandr Nedovyesov,Yo Nishioka v Nedovyesov,100,2016-11-25 04:49:59.986,2.22,2016-11-25 05:00:00,
1.128442643,2765780,Denis Istomin,Ismailov v Istomin,0,2016-11-24 16:27:22.851,1.17,2016-11-25 07:00:00,
1.128442643,2765780,Denis Istomin,Ismailov v Istomin,10,2016-11-24 22:06:36.766,1.15,2016-11-25 07:00:00,
1.128442643,2765780,Denis Istomin,Ismailov v Istomin,20,2016-11-25 00:41:01.383,1.21,2016-11-25 07:00:00,
1.128442643,2765780,Denis Istomin,Ismailov v Istomin,30,2016-11-25 02:07:18.872,1.19,2016-11-25 07:00:00,
1.128442643,2765780,Denis Istomin,Ismailov v Istomin,40,2016-11-25 02:53:48.703,1.19,2016-11-25 07:00:00,
1.128442643,2765780,Denis Istomin,Ismailov v Istomin,50,2016-11-25 04:38:57.822,1.19,2016-11-25 07:00:00,
1.128442643,2765780,Denis Istomin,Ismailov v Istomin,60,2016-11-25 04:52:56.429,1.27,2016-11-25 06:48:00,
1.128442643,2765780,Denis Istomin,Ismailov v Istomin,70,2016-11-25 05:01:00.143,1.25,2016-11-25 06:48:00,
1.128442643,2765780,Denis Istomin,Ismailov v Istomin,80,2016-11-25 05:35:59.975,1.26,2016-11-25 06:48:00,
1.128442643,2765780,Denis Istomin,Ismailov v Istomin,90,2016-11-25 06:05:01.766,1.26,2016-11-25 06:48:00,
1.128442643,2765780,Denis Istomin,Ismailov v Istomin,100,2016-11-25 06:21:03.317,1.25,2016-11-25 06:23:00,
1.128442643,8304044,Temur Ismailov,Ismailov v Istomin,0,2016-11-24 16:27:22.851,6.6,2016-11-25 07:00:00,
1.128442643,8304044,Temur Ismailov,Ismailov v Istomin,10,2016-11-24 23:52:33.986,5.9,2016-11-25 07:00:00,
1.128442643,8304044,Temur Ismailov,Ismailov v Istomin,20,2016-11-25 00:52:17.624,6.0,2016-11-25 07:00:00,
1.128442643,8304044,Temur Ismailov,Ismailov v Istomin,30,2016-11-25 02:41:44.035,5.1,2016-11-25 07:00:00,
1.128442643,8304044,Temur Ismailov,Ismailov v Istomin,40,2016-11-25 04:52:56.429,4.7,2016-11-25 06:48:00,
1.128442643,8304044,Temur Ismailov,Ismailov v Istomin,50,2016-11-25 04:57:31.462,4.4,2016-11-25 06:48:00,
1.128442643,8304044,Temur Ismailov,Ismailov v Istomin,60,2016-11-25 05:22:39.381,4.9,2016-11-25 06:48:00,
1.128442643,8304044,Temur Ismailov,Ismailov v Istomin,70,2016-11-25 05:35:59.975,4.8,2016-11-25 06:48:00,
1.128442643,8304044,Temur Ismailov,Ismailov v Istomin,80,2016-11-25 05:52:48.170,4.9,2016-11-25 06:48:00,
1.128442643,8304044,Temur Ismailov,Ismailov v Istomin,90,2016-11-25 06:13:03.086,4.5,2016-11-25 06:23:00,
1.128442643,8304044,Temur Ismailov,Ismailov v Istomin,100,2016-11-25 06:22:50.776,5.0,2016-11-25 06:23:00,
1.12845298,2263681,Marin Cilic,1. Cilic v Delbonis,0,2016-11-24 14:47:19.492,1.13,2016-11-25 13:00:00,
1.12845298,2263681,Marin Cilic,1. Cilic v Delbonis,10,2016-11-24 21:30:18.896,1.11,2016-11-25 13:00:00,
1.12845298,2263681,Marin Cilic,1. Cilic v Delbonis,20,2016-11-25 01:24:27.610,1.13,2016-11-25 13:00:00,
1.12845298,2263681,Marin Cilic,1. Cilic v Delbonis,30,2016-11-25 04:33:44.016,1.12,2016-11-25 13:00:00,
1.12845298,2263681,Marin Cilic,1. Cilic v Delbonis,40,2016-11-25 07:25:20.222,1.1,2016-11-25 13:00:00,
1.12845298,2263681,Marin Cilic,1. Cilic v Delbonis,50,2016-11-25 08:44:14.598,1.11,2016-11-25 13:00:00,
1.12845298,2263681,Marin Cilic,1. Cilic v Delbonis,60,2016-11-25 09:13:05.838,1.11,2016-11-25 13:00:00,
1.12845298,2263681,Marin Cilic,1. Cilic v Delbonis,70,2016-11-25 11:30:11.500,1.11,2016-11-25 13:00:00,
1.12845298,2263681,Marin Cilic,1. Cilic v Delbonis,80,2016-11-25 11:58:40.865,1.1,2016-11-25 13:00:00,
1.12845298,2263681,Marin Cilic,1. Cilic v Delbonis,90,2016-11-25 12:28:14.504,1.1,2016-11-25 13:00:00,
1.12845298,2263681,Marin Cilic,1. Cilic v Delbonis,100,2016-11-25 12:44:01.772,1.09,2016-11-25 13:00:00,
1.12845298,6181532,Federico Delbonis,1. Cilic v Delbonis,0,2016-11-24 19:14:17.241,9.0,2016-11-25 13:00:00,
1.12845298,6181532,Federico Delbonis,1. Cilic v Delbonis,10,2016-11-24 21:35:17.764,9.2,2016-11-25 13:00:00,
1.12845298,6181532,Federico Delbonis,1. Cilic v Delbonis,20,2016-11-25 00:11:22.024,8.6,2016-11-25 13:00:00,
1.12845298,6181532,Federico Delbonis,1. Cilic v Delbonis,30,2016-11-25 06:10:24.313,10.0,2016-11-25 13:00:00,
1.12845298,6181532,Federico Delbonis,1. Cilic v Delbonis,40,2016-11-25 08:52:07.544,10.0,2016-11-25 13:00:00,
1.12845298,6181532,Federico Delbonis,1. Cilic v Delbonis,50,2016-11-25 11:18:36.698,11.0,2016-11-25 13:00:00,
1.12845298,6181532,Federico Delbonis,1. Cilic v Delbonis,60,2016-11-25 11:34:48.710,10.0,2016-11-25 13:00:00,
1.12845298,6181532,Federico Delbonis,1. Cilic v Delbonis,70,2016-11-25 12:04:10.486,11.0,2016-11-25 13:00:00,
1.12845298,6181532,Federico Delbonis,1. Cilic v Delbonis,80,2016-11-25 12:17:17.768,11.0,2016-11-25 13:00:00,
1.12845298,6181532,Federico Delbonis,1. Cilic v Delbonis,90,2016-11-25 12:31:07.104,12.0,2016-11-25 13:00:00,
1.12845298,6181532,Federico Delbonis,1. Cilic v Delbonis,100,2016-11-25 12:41:01.762,12.0,2016-11-25 13:00:00,
1.128453065,2249834,Juan Martin Del Potro,2. Karlovic v Del Potro,0,2016-11-24 18:44:06.965,1.29,2016-11-25 14:45:00,
1.128453065,2249834,Juan Martin Del Potro,2. Karlovic v Del Potro,10,2016-11-24 22:06:47.413,1.28,2016-11-25 14:45:00,
1.128453065,2249834,Juan Martin Del Potro,2. Karlovic v Del Potro,20,2016-11-25 07:46:01.638,1.25,2016-11-25 14:45:00,
1.128453065,2249834,Juan Martin Del Potro,2. Karlovic v Del Potro,30,2016-11-25 08:43:57.656,1.24,2016-11-25 14:45:00,
1.128453065,2249834,Juan Martin Del Potro,2. Karlovic v Del Potro,40,2016-11-25 10:18:56.476,1.26,2016-11-25 14:45:00,
1.128453065,2249834,Juan Martin Del Potro,2. Karlovic v Del Potro,50,2016-11-25 12:12:09.642,1.25,2016-11-25 14:45:00,
1.128453065,2249834,Juan Martin Del Potro,2. Karlovic v Del Potro,60,2016-11-25 12:27:34.170,1.26,2016-11-25 14:45:00,
1.128453065,2249834,Juan Martin Del Potro,2. Karlovic v Del Potro,70,2016-11-25 12:57:21.888,1.24,2016-11-25 14:45:00,
1.128453065,2249834,Juan Martin Del Potro,2. Karlovic v Del Potro,80,2016-11-25 13:27:44.206,1.25,2016-11-25 14:45:00,
1.128453065,2249834,Juan Martin Del Potro,2. Karlovic v Del Potro,90,2016-11-25 13:50:52.761,1.26,2016-11-25 14:45:00,
1.128453065,2249834,Juan Martin Del Potro,2. Karlovic v Del Potro,100,2016-11-25 14:40:16.825,1.24,2016-11-25 14:45:00,
1.128453065,2263570,Ivo Karlovic,2. Karlovic v Del Potro,0,2016-11-24 18:44:06.965,4.5,2016-11-25 14:45:00,
1.128453065,2263570,Ivo Karlovic,2. Karlovic v Del Potro,10,2016-11-24 23:10:12.060,4.6,2016-11-25 14:45:00,
1.128453065,2263570,Ivo Karlovic,2. Karlovic v Del Potro,20,2016-11-25 03:16:46.309,4.5,2016-11-25 14:45:00,
1.128453065,2263570,Ivo Karlovic,2. Karlovic v Del Potro,30,2016-11-25 07:46:01.638,5.0,2016-11-25 14:45:00,
1.128453065,2263570,Ivo Karlovic,2. Karlovic v Del Potro,40,2016-11-25 10:39:19.059,4.9,2016-11-25 14:45:00,
1.128453065,2263570,Ivo Karlovic,2. Karlovic v Del Potro,50,2016-11-25 11:06:32.533,5.0,2016-11-25 14:45:00,
1.128453065,2263570,Ivo Karlovic,2. Karlovic v Del Potro,60,2016-11-25 13:17:59.985,4.8,2016-11-25 14:45:00,
1.128453065,2263570,Ivo Karlovic,2. Karlovic v Del Potro,70,2016-11-25 13:27:44.206,5.0,2016-11-25 14:45:00,
1.128453065,2263570,Ivo Karlovic,2. Karlovic v Del Potro,80,2016-11-25 13:46:59.884,4.8,2016-11-25 14:45:00,
1.128453065,2263570,Ivo Karlovic,2. Karlovic v Del Potro,90,2016-11-25 13:57:20.159,4.9,2016-11-25 14:45:00,
1.128453065,2263570,Ivo Karlovic,2. Karlovic v Del Potro,100,2016-11-25 14:40:16.825,5.0,2016-11-25 14:45:00,
1.128453098,2249834,Juan Martin Del Potro,4. Cilic v Del Potro,0,2016-11-26 07:50:17.944,1.51,2016-11-27 18:15:00,
1.128453098,2249834,Juan Martin Del Potro,4. Cilic v Del Potro,10,2016-11-26 18:24:14.201,1.69,2016-11-27 18:15:00,
1.128453098,2249834,Juan Martin Del Potro,4. Cilic v Del Potro,20,2016-11-26 22:47:56.544,1.59,2016-11-27 18:15:00,
1.128453098,2249834,Juan Martin Del Potro,4. Cilic v Del Potro,30,2016-11-27 02:41:54.305,1.58,2016-11-27 18:15:00,
1.128453098,2249834,Juan Martin Del Potro,4. Cilic v Del Potro,40,2016-11-27 05:03:16.984,1.56,2016-11-27 18:15:00,
1.128453098,2249834,Juan Martin Del Potro,4. Cilic v Del Potro,50,2016-11-27 07:02:44.945,1.54,2016-11-27 18:15:00,
1.128453098,2249834,Juan Martin Del Potro,4. Cilic v Del Potro,60,2016-11-27 08:34:16.925,1.54,2016-11-27 18:15:00,
1.128453098,2249834,Juan Martin Del Potro,4. Cilic v Del Potro,70,2016-11-27 10:45:06.312,1.53,2016-11-27 18:15:00,
1.128453098,2249834,Juan Martin Del Potro,4. Cilic v Del Potro,80,2016-11-27 11:49:57.276,1.54,2016-11-27 18:15:00,
1.128453098,2249834,Juan Martin Del Potro,4. Cilic v Del Potro,90,2016-11-27 12:41:49.919,1.52,2016-11-27 18:15:00,
1.128453098,2249834,Juan Martin Del Potro,4. Cilic v Del Potro,100,2016-11-27 12:59:17.579,1.51,2016-11-27 13:00:00,
1.128453098,2263681,Marin Cilic,4. Cilic v Del Potro,0,2016-11-26 07:02:35.143,2.54,2016-11-27 18:15:00,
1.128453098,2263681,Marin Cilic,4. Cilic v Del Potro,10,2016-11-26 17:02:54.665,2.54,2016-11-27 18:15:00,
1.128453098,2263681,Marin Cilic,4. Cilic v Del Potro,20,2016-11-26 22:54:51.425,2.7,2016-11-27 18:15:00,
1.128453098,2263681,Marin Cilic,4. Cilic v Del Potro,30,2016-11-27 03:53:42.795,2.82,2016-11-27 18:15:00,
1.128453098,2263681,Marin Cilic,4. Cilic v Del Potro,40,2016-11-27 05:25:02.007,2.84,2016-11-27 18:15:00,
1.128453098,2263681,Marin Cilic,4. Cilic v Del Potro,50,2016-11-27 08:59:48.015,2.78,2016-11-27 18:15:00,
1.128453098,2263681,Marin Cilic,4. Cilic v Del Potro,60,2016-11-27 11:09:51.572,2.9,2016-11-27 18:15:00,
1.128453098,2263681,Marin Cilic,4. Cilic v Del Potro,70,2016-11-27 11:43:11.464,2.9,2016-11-27 18:15:00,
1.128453098,2263681,Marin Cilic,4. Cilic v Del Potro,80,2016-11-27 11:58:17.742,2.84,2016-11-27 18:15:00,
1.128453098,2263681,Marin Cilic,4. Cilic v Del Potro,90,2016-11-27 12:40:13.922,2.86,2016-11-27 18:15:00,
1.128453098,2263681,Marin Cilic,4. Cilic v Del Potro,100,2016-11-27 12:59:17.579,2.96,2016-11-27 13:00:00,
1.128453115,2263570,Ivo Karlovic,5. Karlovic v Delbonis,0,2016-11-26 09:51:57.447,1.47,2016-11-27 20:00:00,
1.128453115,2263570,Ivo Karlovic,5. Karlovic v Delbonis,10,2016-11-26 17:45:09.013,1.49,2016-11-27 20:00:00,
1.128453115,2263570,Ivo Karlovic,5. Karlovic v Delbonis,20,2016-11-26 22:53:37.860,1.47,2016-11-27 20:00:00,
1.128453115,2263570,Ivo Karlovic,5. Karlovic v Delbonis,30,2016-11-27 06:58:06.146,1.51,2016-11-27 20:00:00,
1.128453115,2263570,Ivo Karlovic,5. Karlovic v Delbonis,40,2016-11-27 09:48:10.825,1.5,2016-11-27 20:00:00,
1.128453115,2263570,Ivo Karlovic,5. Karlovic v Delbonis,50,2016-11-27 11:50:16.126,1.54,2016-11-27 20:00:00,
1.128453115,2263570,Ivo Karlovic,5. Karlovic v Delbonis,60,2016-11-27 13:12:17.444,1.54,2016-11-27 15:00:00,
1.128453115,2263570,Ivo Karlovic,5. Karlovic v Delbonis,70,2016-11-27 13:38:41.993,1.52,2016-11-27 15:00:00,
1.128453115,2263570,Ivo Karlovic,5. Karlovic v Delbonis,80,2016-11-27 13:55:40.756,1.48,2016-11-27 15:00:00,
1.128453115,2263570,Ivo Karlovic,5. Karlovic v Delbonis,90,2016-11-27 14:15:09.144,1.49,2016-11-27 15:00:00,
1.128453115,2263570,Ivo Karlovic,5. Karlovic v Delbonis,100,2016-11-27 14:50:08.364,1.47,2016-11-27 15:00:00,
1.128453115,6181532,Federico Delbonis,5. Karlovic v Delbonis,0,2016-11-26 15:26:47.786,2.78,2016-11-27 20:00:00,
1.128453115,6181532,Federico Delbonis,5. Karlovic v Delbonis,10,2016-11-26 21:49:30.933,3.0,2016-11-27 20:00:00,
1.128453115,6181532,Federico Delbonis,5. Karlovic v Delbonis,20,2016-11-27 09:22:57.297,2.94,2016-11-27 20:00:00,
1.128453115,6181532,Federico Delbonis,5. Karlovic v Delbonis,30,2016-11-27 12:38:46.542,2.9,2016-11-27 20:00:00,
1.128453115,6181532,Federico Delbonis,5. Karlovic v Delbonis,40,2016-11-27 13:34:44.938,2.82,2016-11-27 15:00:00,
1.128453115,6181532,Federico Delbonis,5. Karlovic v Delbonis,50,2016-11-27 13:46:15.811,2.96,2016-11-27 15:00:00,
1.128453115,6181532,Federico Delbonis,5. Karlovic v Delbonis,60,2016-11-27 13:50:18.489,3.0,2016-11-27 15:00:00,
1.128453115,6181532,Federico Delbonis,5. Karlovic v Delbonis,70,2016-11-27 13:52:54.970,3.0,2016-11-27 15:00:00,
1.128453115,6181532,Federico Delbonis,5. Karlovic v Delbonis,80,2016-11-27 14:15:09.144,3.1,2016-11-27 15:00:00,
1.128453115,6181532,Federico Delbonis,5. Karlovic v Delbonis,90,2016-11-27 14:52:43.458,3.1,2016-11-27 15:00:00,
1.128453115,6181532,Federico Delbonis,5. Karlovic v Delbonis,100,2016-11-27 14:57:24.119,3.1,2016-11-27 15:00:00,
1.128453272,7797772,Egor Gerasimov,Gerasimov v Tsitsipas,0,2016-11-24 16:41:04.897,1.62,2016-11-25 12:00:00,
1.128453272,7797772,Egor Gerasimov,Gerasimov v Tsitsipas,10,2016-11-25 03:14:43.200,1.83,2016-11-25 12:00:00,
1.128453272,7797772,Egor Gerasimov,Gerasimov v Tsitsipas,20,2016-11-25 08:27:30.316,1.67,2016-11-25 12:00:00,
1.128453272,7797772,Egor Gerasimov,Gerasimov v Tsitsipas,30,2016-11-25 08:59:39.548,1.68,2016-11-25 12:00:00,
1.128453272,7797772,Egor Gerasimov,Gerasimov v Tsitsipas,40,2016-11-25 10:08:54.986,1.65,2016-11-25 12:00:00,
1.128453272,7797772,Egor Gerasimov,Gerasimov v Tsitsipas,50,2016-11-25 10:54:41.165,1.62,2016-11-25 12:00:00,
1.128453272,7797772,Egor Gerasimov,Gerasimov v Tsitsipas,60,2016-11-25 11:08:19.565,1.63,2016-11-25 12:00:00,
1.128453272,7797772,Egor Gerasimov,Gerasimov v Tsitsipas,70,2016-11-25 11:30:44.772,1.62,2016-11-25 12:00:00,
1.128453272,7797772,Egor Gerasimov,Gerasimov v Tsitsipas,80,2016-11-25 11:48:52.962,1.61,2016-11-25 12:00:00,
1.128453272,7797772,Egor Gerasimov,Gerasimov v Tsitsipas,90,2016-11-25 12:09:58.501,1.62,2016-11-25 12:15:00,
1.128453272,7797772,Egor Gerasimov,Gerasimov v Tsitsipas,100,2016-11-25 12:23:52.090,1.6,2016-11-25 12:30:00,
1.128453272,9193006,Stefanos Tsitsipas,Gerasimov v Tsitsipas,0,2016-11-24 17:38:24.273,2.28,2016-11-25 12:00:00,
1.128453272,9193006,Stefanos Tsitsipas,Gerasimov v Tsitsipas,10,2016-11-25 03:14:43.200,2.24,2016-11-25 12:00:00,
1.128453272,9193006,Stefanos Tsitsipas,Gerasimov v Tsitsipas,20,2016-11-25 06:41:14.180,2.5,2016-11-25 12:00:00,
1.128453272,9193006,Stefanos Tsitsipas,Gerasimov v Tsitsipas,30,2016-11-25 08:40:58.633,2.5,2016-11-25 12:00:00,
1.128453272,9193006,Stefanos Tsitsipas,Gerasimov v Tsitsipas,40,2016-11-25 10:00:54.410,2.5,2016-11-25 12:00:00,
1.128453272,9193006,Stefanos Tsitsipas,Gerasimov v Tsitsipas,50,2016-11-25 10:22:59.470,2.6,2016-11-25 12:00:00,
1.128453272,9193006,Stefanos Tsitsipas,Gerasimov v Tsitsipas,60,2016-11-25 10:55:58.853,2.56,2016-11-25 12:00:00,
1.128453272,9193006,Stefanos Tsitsipas,Gerasimov v Tsitsipas,70,2016-11-25 11:08:19.565,2.58,2016-11-25 12:00:00,
1.128453272,9193006,Stefanos Tsitsipas,Gerasimov v Tsitsipas,80,2016-11-25 11:36:55.974,2.58,2016-11-25 12:00:00,
1.128453272,9193006,Stefanos Tsitsipas,Gerasimov v Tsitsipas,90,2016-11-25 11:54:29.387,2.7,2016-11-25 12:00:00,
1.128453272,9193006,Stefanos Tsitsipas,Gerasimov v Tsitsipas,100,2016-11-25 12:15:56.926,2.6,2016-11-25 12:30:00,
1.128467801,11730505,O'hare/Salisbury,O'Hare/Salisbury v Pollanen/Torpegaard,0,2016-11-25 14:25:50.238,1.86,2016-11-25 20:00:00,
1.128467801,11730505,O'hare/Salisbury,O'Hare/Salisbury v Pollanen/Torpegaard,10,2016-11-25 14:26:16.555,1.84,2016-11-25 20:00:00,
1.128467801,11730505,O'hare/Salisbury,O'Hare/Salisbury v Pollanen/Torpegaard,20,2016-11-25 16:46:02.353,1.92,2016-11-25 19:45:00,
1.128467801,11730505,O'hare/Salisbury,O'Hare/Salisbury v Pollanen/Torpegaard,30,2016-11-25 17:25:58.019,1.93,2016-11-25 19:45:00,
1.128467801,11730505,O'hare/Salisbury,O'Hare/Salisbury v Pollanen/Torpegaard,40,2016-11-25 17:44:00.655,1.99,2016-11-25 19:38:00,
1.128467801,11730505,O'hare/Salisbury,O'Hare/Salisbury v Pollanen/Torpegaard,50,2016-11-25 17:45:04.571,2.0,2016-11-25 19:38:00,
1.128467801,11730505,O'hare/Salisbury,O'Hare/Salisbury v Pollanen/Torpegaard,60,2016-11-25 17:47:00.161,2.02,2016-11-25 19:38:00,
1.128467801,11730505,O'hare/Salisbury,O'Hare/Salisbury v Pollanen/Torpegaard,70,2016-11-25 17:57:01.192,2.06,2016-11-25 19:38:00,
1.128467801,11730505,O'hare/Salisbury,O'Hare/Salisbury v Pollanen/Torpegaard,80,2016-11-25 18:13:00.694,2.0,2016-11-25 19:38:00,
1.128467801,11730505,O'hare/Salisbury,O'Hare/Salisbury v Pollanen/Torpegaard,90,2016-11-25 18:14:59.788,2.06,2016-11-25 19:38:00,
1.128467801,11730505,O'hare/Salisbury,O'Hare/Salisbury v Pollanen/Torpegaard,100,2016-11-25 18:18:00.784,2.08,2016-11-25 19:38:00,
1.128467801,11809475,Pollanen/Torpegaard,O'Hare/Salisbury v Pollanen/Torpegaard,0,2016-11-25 10:05:55.624,2.3,2016-11-25 20:00:00,
1.128467801,11809475,Pollanen/Torpegaard,O'Hare/Salisbury v Pollanen/Torpegaard,10,2016-11-25 12:15:32.643,2.1,2016-11-25 20:00:00,
1.128467801,11809475,Pollanen/Torpegaard,O'Hare/Salisbury v Pollanen/Torpegaard,20,2016-11-25 12:51:08.052,2.12,2016-11-25 20:00:00,
1.128467801,11809475,Pollanen/Torpegaard,O'Hare/Salisbury v Pollanen/Torpegaard,30,2016-11-25 14:22:51.235,2.14,2016-11-25 20:00:00,
1.128467801,11809475,Pollanen/Torpegaard,O'Hare/Salisbury v Pollanen/Torpegaard,40,2016-11-25 14:28:58.068,2.12,2016-11-25 20:00:00,
1.128467801,11809475,Pollanen/Torpegaard,O'Hare/Salisbury v Pollanen/Torpegaard,50,2016-11-25 16:37:59.124,2.08,2016-11-25 19:45:00,
1.128467801,11809475,Pollanen/Torpegaard,O'Hare/Salisbury v Pollanen/Torpegaard,60,2016-11-25 17:40:57.280,2.04,2016-11-25 19:38:00,
1.128467801,11809475,Pollanen/Torpegaard,O'Hare/Salisbury v Pollanen/Torpegaard,70,2016-11-25 17:45:04.571,1.99,2016-11-25 19:38:00,
1.128467801,11809475,Pollanen/Torpegaard,O'Hare/Salisbury v Pollanen/Torpegaard,80,2016-11-25 17:57:01.192,1.96,2016-11-25 19:38:00,
1.128467801,11809475,Pollanen/Torpegaard,O'Hare/Salisbury v Pollanen/Torpegaard,90,2016-11-25 18:14:59.788,1.96,2016-11-25 19:38:00,
1.128467801,11809475,Pollanen/Torpegaard,O'Hare/Salisbury v Pollanen/Torpegaard,100,2016-11-25 18:18:00.784,1.94,2016-11-25 19:38:00,
1.128467881,2284304,Sergiy Stakhovsky,Stakhovsky v Travaglia,0,2016-11-25 06:56:52.762,1.27,2016-11-25 16:00:00,
1.128467881,2284304,Sergiy Stakhovsky,Stakhovsky v Travaglia,10,2016-11-25 08:59:39.548,1.29,2016-11-25 16:00:00,
1.128467881,2284304,Sergiy Stakhovsky,Stakhovsky v Travaglia,20,2016-11-25 11:57:55.709,1.33,2016-11-25 16:00:00,
1.128467881,2284304,Sergiy Stakhovsky,Stakhovsky v Travaglia,30,2016-11-25 12:18:28.137,1.29,2016-11-25 16:00:00,
1.128467881,2284304,Sergiy Stakhovsky,Stakhovsky v Travaglia,40,2016-11-25 13:00:56.630,1.35,2016-11-25 16:00:00,
1.128467881,2284304,Sergiy Stakhovsky,Stakhovsky v Travaglia,50,2016-11-25 13:06:52.204,1.27,2016-11-25 16:00:00,
1.128467881,2284304,Sergiy Stakhovsky,Stakhovsky v Travaglia,60,2016-11-25 14:33:52.591,1.35,2016-11-25 16:25:00,
1.128467881,2284304,Sergiy Stakhovsky,Stakhovsky v Travaglia,70,2016-11-25 14:53:40.331,1.34,2016-11-25 16:25:00,
1.128467881,2284304,Sergiy Stakhovsky,Stakhovsky v Travaglia,80,2016-11-25 15:03:45.653,1.33,2016-11-25 16:25:00,
1.128467881,2284304,Sergiy Stakhovsky,Stakhovsky v Travaglia,90,2016-11-25 15:57:56.024,1.36,2016-11-25 16:25:00,
1.128467881,2284304,Sergiy Stakhovsky,Stakhovsky v Travaglia,100,2016-11-25 16:01:28.302,1.34,2016-11-25 16:25:00,
1.128468326,8681900,Luca Vanni,Vanni v Setkic,0,2016-11-25 03:57:21.764,1.79,2016-11-25 12:00:00,
1.128468326,8681900,Luca Vanni,Vanni v Setkic,10,2016-11-25 07:21:44.766,1.59,2016-11-25 12:00:00,
1.128468326,8681900,Luca Vanni,Vanni v Setkic,20,2016-11-25 09:06:33.289,1.54,2016-11-25 12:00:00,
1.128468326,8681900,Luca Vanni,Vanni v Setkic,30,2016-11-25 10:41:40.823,1.54,2016-11-25 12:00:00,
1.128468326,8681900,Luca Vanni,Vanni v Setkic,40,2016-11-25 11:06:55.440,1.55,2016-11-25 12:00:00,
1.128468326,8681900,Luca Vanni,Vanni v Setkic,50,2016-11-25 11:17:51.174,1.59,2016-11-25 12:00:00,
1.128468326,8681900,Luca Vanni,Vanni v Setkic,60,2016-11-25 11:43:51.413,1.55,2016-11-25 12:00:00,
1.128468326,8681900,Luca Vanni,Vanni v Setkic,70,2016-11-25 11:47:53.762,1.54,2016-11-25 12:00:00,
1.128468326,8681900,Luca Vanni,Vanni v Setkic,80,2016-11-25 17:02:00.442,1.66,2016-11-25 17:15:00,
1.128468326,8681900,Luca Vanni,Vanni v Setkic,90,2016-11-25 17:26:44.689,1.64,2016-11-25 17:30:00,
1.128468326,8681900,Luca Vanni,Vanni v Setkic,100,2016-11-25 17:29:55.782,1.64,2016-11-25 17:30:00,
1.128468415,6356637,Sara Sorribes Tormo,Sorribes Tormo v Bellis,0,2016-11-25 11:22:47.589,2.94,2016-11-25 21:00:00,
1.128468415,6356637,Sara Sorribes Tormo,Sorribes Tormo v Bellis,10,2016-11-25 11:55:00.891,3.3,2016-11-25 21:00:00,
1.128468415,6356637,Sara Sorribes Tormo,Sorribes Tormo v Bellis,20,2016-11-25 13:15:36.246,3.2,2016-11-25 21:00:00,
1.128468415,6356637,Sara Sorribes Tormo,Sorribes Tormo v Bellis,30,2016-11-25 19:00:41.132,3.35,2016-11-25 21:00:00,
1.128468415,6356637,Sara Sorribes Tormo,Sorribes Tormo v Bellis,40,2016-11-25 19:11:03.587,3.4,2016-11-25 21:00:00,
1.128468415,6356637,Sara Sorribes Tormo,Sorribes Tormo v Bellis,50,2016-11-25 19:37:38.368,3.5,2016-11-25 21:00:00,
1.128468415,6356637,Sara Sorribes Tormo,Sorribes Tormo v Bellis,60,2016-11-25 19:46:51.272,3.3,2016-11-25 21:00:00,
1.128468415,6356637,Sara Sorribes Tormo,Sorribes Tormo v Bellis,70,2016-11-25 19:51:56.390,3.5,2016-11-25 21:00:00,
1.128468415,6356637,Sara Sorribes Tormo,Sorribes Tormo v Bellis,80,2016-11-25 20:35:55.161,3.45,2016-11-25 21:00:00,
1.128468415,6356637,Sara Sorribes Tormo,Sorribes Tormo v Bellis,90,2016-11-25 20:43:59.821,3.4,2016-11-25 21:00:00,
1.128468415,6356637,Sara Sorribes Tormo,Sorribes Tormo v Bellis,100,2016-11-25 20:44:55.291,3.5,2016-11-25 21:00:00,
1.128468415,8792467,Catherine Bellis,Sorribes Tormo v Bellis,0,2016-11-25 06:35:36.229,1.41,2016-11-25 21:00:00,
1.128468415,8792467,Catherine Bellis,Sorribes Tormo v Bellis,10,2016-11-25 07:45:59.389,1.42,2016-11-25 21:00:00,
1.128468415,8792467,Catherine Bellis,Sorribes Tormo v Bellis,20,2016-11-25 08:45:45.169,1.41,2016-11-25 21:00:00,
1.128468415,8792467,Catherine Bellis,Sorribes Tormo v Bellis,30,2016-11-25 10:15:51.521,1.43,2016-11-25 21:00:00,
1.128468415,8792467,Catherine Bellis,Sorribes Tormo v Bellis,40,2016-11-25 12:38:46.153,1.44,2016-11-25 21:00:00,
1.128468415,8792467,Catherine Bellis,Sorribes Tormo v Bellis,50,2016-11-25 19:11:03.587,1.41,2016-11-25 21:00:00,
1.128468415,8792467,Catherine Bellis,Sorribes Tormo v Bellis,60,2016-11-25 19:37:38.368,1.4,2016-11-25 21:00:00,
1.128468415,8792467,Catherine Bellis,Sorribes Tormo v Bellis,70,2016-11-25 19:51:56.390,1.4,2016-11-25 21:00:00,
1.128468415,8792467,Catherine Bellis,Sorribes Tormo v Bellis,80,2016-11-25 20:29:49.054,1.4,2016-11-25 21:00:00,
1.128468415,8792467,Catherine Bellis,Sorribes Tormo v Bellis,90,2016-11-25 20:44:55.291,1.39,2016-11-25 21:00:00,
1.128468415,8792467,Catherine Bellis,Sorribes Tormo v Bellis,100,2016-11-25 20:49:59.158,1.4,2016-11-25 21:00:00,
1.128468703,2415530,Evgeniya Rodina,Vickery v Rodina,0,2016-11-25 06:35:56.467,1.57,2016-11-25 21:30:00,
1.128468703,2415530,Evgeniya Rodina,Vickery v Rodina,10,2016-11-25 08:59:39.659,1.5,2016-11-25 21:30:00,
1.128468703,2415530,Evgeniya Rodina,Vickery v Rodina,20,2016-11-25 09:50:56.495,1.55,2016-11-25 21:30:00,
1.128468703,2415530,Evgeniya Rodina,Vickery v Rodina,30,2016-11-25 20:27:02.674,1.5,2016-11-25 21:30:00,
1.128468703,2415530,Evgeniya Rodina,Vickery v Rodina,40,2016-11-25 20:31:41.755,1.49,2016-11-25 21:30:00,
1.128468703,2415530,Evgeniya Rodina,Vickery v Rodina,50,2016-11-25 20:51:56.211,1.51,2016-11-25 21:30:00,
1.128468703,2415530,Evgeniya Rodina,Vickery v Rodina,60,2016-11-25 20:54:33.246,1.5,2016-11-25 21:30:00,
1.128468703,2415530,Evgeniya Rodina,Vickery v Rodina,70,2016-11-25 20:57:07.476,1.51,2016-11-25 21:30:00,
1.128468703,2415530,Evgeniya Rodina,Vickery v Rodina,80,2016-11-25 21:06:55.464,1.48,2016-11-25 21:30:00,
1.128468703,2415530,Evgeniya Rodina,Vickery v Rodina,90,2016-11-25 21:07:39.809,1.47,2016-11-25 21:30:00,
1.128468703,2415530,Evgeniya Rodina,Vickery v Rodina,100,2016-11-25 21:22:59.547,1.48,2016-11-25 21:30:00,
1.128469107,2765780,Denis Istomin,Yo Nishioka v Istomin,0,2016-11-25 17:54:56.161,2.14,2016-11-26 05:00:00,
1.128469107,2765780,Denis Istomin,Yo Nishioka v Istomin,10,2016-11-25 17:55:41.202,2.12,2016-11-26 05:00:00,
1.128469107,2765780,Denis Istomin,Yo Nishioka v Istomin,20,2016-11-25 20:40:07.724,1.99,2016-11-26 05:00:00,
1.128469107,2765780,Denis Istomin,Yo Nishioka v Istomin,30,2016-11-25 21:10:22.987,2.04,2016-11-26 05:00:00,
1.128469107,2765780,Denis Istomin,Yo Nishioka v Istomin,40,2016-11-25 21:28:08.382,2.28,2016-11-26 05:00:00,
1.128469107,2765780,Denis Istomin,Yo Nishioka v Istomin,50,2016-11-25 22:14:12.437,2.1,2016-11-26 05:00:00,
1.128469107,2765780,Denis Istomin,Yo Nishioka v Istomin,60,2016-11-25 22:41:00.841,2.06,2016-11-26 05:00:00,
1.128469107,2765780,Denis Istomin,Yo Nishioka v Istomin,70,2016-11-25 22:45:31.388,2.06,2016-11-26 05:00:00,
1.128469107,2765780,Denis Istomin,Yo Nishioka v Istomin,80,2016-11-25 22:48:05.841,2.02,2016-11-26 05:00:00,
1.128469107,2765780,Denis Istomin,Yo Nishioka v Istomin,90,2016-11-26 02:03:46.576,2.08,2016-11-26 05:00:00,
1.128469107,2765780,Denis Istomin,Yo Nishioka v Istomin,100,2016-11-26 04:55:06.619,2.08,2016-11-26 05:00:00,
1.128469107,7137497,Yoshihito Nishioka,Yo Nishioka v Istomin,0,2016-11-25 14:17:02.333,1.81,2016-11-26 05:00:00,
1.128469107,7137497,Yoshihito Nishioka,Yo Nishioka v Istomin,10,2016-11-25 16:49:22.916,1.87,2016-11-26 05:00:00,
1.128469107,7137497,Yoshihito Nishioka,Yo Nishioka v Istomin,20,2016-11-25 20:40:07.724,2.0,2016-11-26 05:00:00,
1.128469107,7137497,Yoshihito Nishioka,Yo Nishioka v Istomin,30,2016-11-25 22:14:12.437,1.9,2016-11-26 05:00:00,
1.128469107,7137497,Yoshihito Nishioka,Yo Nishioka v Istomin,40,2016-11-26 02:12:06.525,1.91,2016-11-26 05:00:00,
1.128469107,7137497,Yoshihito Nishioka,Yo Nishioka v Istomin,50,2016-11-26 03:08:58.849,1.91,2016-11-26 05:00:00,
1.128469107,7137497,Yoshihito Nishioka,Yo Nishioka v Istomin,60,2016-11-26 03:10:06.674,1.9,2016-11-26 05:00:00,
1.128469107,7137497,Yoshihito Nishioka,Yo Nishioka v Istomin,70,2016-11-26 03:16:21.191,1.9,2016-11-26 05:00:00,
1.128469107,7137497,Yoshihito Nishioka,Yo Nishioka v Istomin,80,2016-11-26 04:41:02.291,1.9,2016-11-26 05:00:00,
1.128469107,7137497,Yoshihito Nishioka,Yo Nishioka v Istomin,90,2016-11-26 04:52:38.958,1.9,2016-11-26 05:00:00,
1.128469107,7137497,Yoshihito Nishioka,Yo Nishioka v Istomin,100,2016-11-26 04:55:06.619,1.9,2016-11-26 05:00:00,
1.128478758,7797772,Egor Gerasimov,Gerasimov v M Berrettini,0,2016-11-26 05:07:51.885,1.71,2016-11-26 15:30:00,
1.128478758,7797772,Egor Gerasimov,Gerasimov v M Berrettini,10,2016-11-26 08:32:38.545,1.81,2016-11-26 15:30:00,
1.128478758,7797772,Egor Gerasimov,Gerasimov v M Berrettini,20,2016-11-26 10:11:37.983,1.74,2016-11-26 15:30:00,
1.128478758,7797772,Egor Gerasimov,Gerasimov v M Berrettini,30,2016-11-26 10:39:32.328,1.83,2016-11-26 15:30:00,
1.128478758,7797772,Egor Gerasimov,Gerasimov v M Berrettini,40,2016-11-26 11:25:02.384,1.75,2016-11-26 15:30:00,
1.128478758,7797772,Egor Gerasimov,Gerasimov v M Berrettini,50,2016-11-26 11:59:46.886,1.71,2016-11-26 15:30:00,
1.128478758,7797772,Egor Gerasimov,Gerasimov v M Berrettini,60,2016-11-26 13:40:57.668,1.69,2016-11-26 15:30:00,
1.128478758,7797772,Egor Gerasimov,Gerasimov v M Berrettini,70,2016-11-26 14:07:47.674,1.7,2016-11-26 15:30:00,
1.128478758,7797772,Egor Gerasimov,Gerasimov v M Berrettini,80,2016-11-26 14:24:42.842,1.71,2016-11-26 15:30:00,
1.128478758,7797772,Egor Gerasimov,Gerasimov v M Berrettini,90,2016-11-26 15:11:46.833,1.71,2016-11-26 15:30:00,
1.128478758,7797772,Egor Gerasimov,Gerasimov v M Berrettini,100,2016-11-26 15:17:51.044,1.74,2016-11-26 15:30:00,
1.128478758,8962036,Matteo Berrettini,Gerasimov v M Berrettini,0,2016-11-26 08:03:50.766,2.22,2016-11-26 15:30:00,
1.128478758,8962036,Matteo Berrettini,Gerasimov v M Berrettini,10,2016-11-26 10:05:03.619,2.2,2016-11-26 15:30:00,
1.128478758,8962036,Matteo Berrettini,Gerasimov v M Berrettini,20,2016-11-26 10:44:36.219,2.18,2016-11-26 15:30:00,
1.128478758,8962036,Matteo Berrettini,Gerasimov v M Berrettini,30,2016-11-26 11:29:33.962,2.34,2016-11-26 15:30:00,
1.128478758,8962036,Matteo Berrettini,Gerasimov v M Berrettini,40,2016-11-26 13:26:12.225,2.42,2016-11-26 15:30:00,
1.128478758,8962036,Matteo Berrettini,Gerasimov v M Berrettini,50,2016-11-26 13:40:57.668,2.4,2016-11-26 15:30:00,
1.128478758,8962036,Matteo Berrettini,Gerasimov v M Berrettini,60,2016-11-26 14:19:23.376,2.38,2016-11-26 15:30:00,
1.128478758,8962036,Matteo Berrettini,Gerasimov v M Berrettini,70,2016-11-26 15:10:57.254,2.38,2016-11-26 15:30:00,
1.128478758,8962036,Matteo Berrettini,Gerasimov v M Berrettini,80,2016-11-26 15:14:49.099,2.32,2016-11-26 15:30:00,
1.128478758,8962036,Matteo Berrettini,Gerasimov v M Berrettini,90,2016-11-26 15:15:58.584,2.28,2016-11-26 15:30:00,
1.128478758,8962036,Matteo Berrettini,Gerasimov v M Berrettini,100,2016-11-26 15:23:55.947,2.34,2016-11-26 15:30:00,
1.128482205,6344314,Henri Laaksonen,Laaksonen v Sandgren,0,2016-11-26 02:30:06.954,1.61,2016-11-26 21:00:00,
1.128482205,6344314,Henri Laaksonen,Laaksonen v Sandgren,10,2016-11-26 07:49:46.849,1.56,2016-11-26 21:00:00,
1.128482205,6344314,Henri Laaksonen,Laaksonen v Sandgren,20,2016-11-26 17:18:54.849,1.58,2016-11-26 21:00:00,
1.128482205,6344314,Henri Laaksonen,Laaksonen v Sandgren,30,2016-11-26 19:00:03.240,1.62,2016-11-26 21:00:00,
1.128482205,6344314,Henri Laaksonen,Laaksonen v Sandgren,40,2016-11-26 19:32:03.063,1.61,2016-11-26 21:00:00,
1.128482205,6344314,Henri Laaksonen,Laaksonen v Sandgren,50,2016-11-26 19:48:20.617,1.63,2016-11-26 21:00:00,
1.128482205,6344314,Henri Laaksonen,Laaksonen v Sandgren,60,2016-11-26 20:16:58.194,1.61,2016-11-26 21:00:00,
1.128482205,6344314,Henri Laaksonen,Laaksonen v Sandgren,70,2016-11-26 20:22:53.634,1.63,2016-11-26 21:00:00,
1.128482205,6344314,Henri Laaksonen,Laaksonen v Sandgren,80,2016-11-26 20:45:32.491,1.62,2016-11-26 21:00:00,
1.128482205,6344314,Henri Laaksonen,Laaksonen v Sandgren,90,2016-11-26 20:50:03.715,1.65,2016-11-26 21:00:00,
1.128482205,6344314,Henri Laaksonen,Laaksonen v Sandgren,100,2016-11-26 20:55:04.969,1.67,2016-11-26 21:00:00,
1.128482205,6604266,Tennys Sandgren,Laaksonen v Sandgren,0,2016-11-26 02:35:12.059,2.4,2016-11-26 21:00:00,
1.128482205,6604266,Tennys Sandgren,Laaksonen v Sandgren,10,2016-11-26 02:37:02.644,2.32,2016-11-26 21:00:00,
1.128482205,6604266,Tennys Sandgren,Laaksonen v Sandgren,20,2016-11-26 17:18:54.849,2.7,2016-11-26 21:00:00,
1.128482205,6604266,Tennys Sandgren,Laaksonen v Sandgren,30,2016-11-26 19:31:07.358,2.6,2016-11-26 21:00:00,
1.128482205,6604266,Tennys Sandgren,Laaksonen v Sandgren,40,2016-11-26 20:16:58.194,2.6,2016-11-26 21:00:00,
1.128482205,6604266,Tennys Sandgren,Laaksonen v Sandgren,50,2016-11-26 20:25:04.077,2.56,2016-11-26 21:00:00,
1.128482205,6604266,Tennys Sandgren,Laaksonen v Sandgren,60,2016-11-26 20:28:53.163,2.58,2016-11-26 21:00:00,
1.128482205,6604266,Tennys Sandgren,Laaksonen v Sandgren,70,2016-11-26 20:39:07.185,2.54,2016-11-26 21:00:00,
1.128482205,6604266,Tennys Sandgren,Laaksonen v Sandgren,80,2016-11-26 20:45:32.491,2.6,2016-11-26 21:00:00,
1.128482205,6604266,Tennys Sandgren,Laaksonen v Sandgren,90,2016-11-26 20:51:05.658,2.5,2016-11-26 21:00:00,
1.128482205,6604266,Tennys Sandgren,Laaksonen v Sandgren,100,2016-11-26 20:55:04.969,2.5,2016-11-26 21:00:00,
1.128486155,2284304,Sergiy Stakhovsky,Stakhovsky v Vanni,0,2016-11-26 01:53:25.353,1.46,2016-11-26 17:30:00,
1.128486155,2284304,Sergiy Stakhovsky,Stakhovsky v Vanni,10,2016-11-26 10:34:02.469,1.57,2016-11-26 17:30:00,
1.128486155,2284304,Sergiy Stakhovsky,Stakhovsky v Vanni,20,2016-11-26 11:20:30.364,1.58,2016-11-26 17:30:00,
1.128486155,2284304,Sergiy Stakhovsky,Stakhovsky v Vanni,30,2016-11-26 14:02:05.316,1.63,2016-11-26 17:30:00,
1.128486155,2284304,Sergiy Stakhovsky,Stakhovsky v Vanni,40,2016-11-26 16:04:59.885,1.62,2016-11-26 17:30:00,
1.128486155,2284304,Sergiy Stakhovsky,Stakhovsky v Vanni,50,2016-11-26 16:29:07.914,1.57,2016-11-26 17:30:00,
1.128486155,2284304,Sergiy Stakhovsky,Stakhovsky v Vanni,60,2016-11-26 16:49:55.206,1.55,2016-11-26 17:30:00,
1.128486155,2284304,Sergiy Stakhovsky,Stakhovsky v Vanni,70,2016-11-26 16:55:50.400,1.56,2016-11-26 17:30:00,
1.128486155,2284304,Sergiy Stakhovsky,Stakhovsky v Vanni,80,2016-11-26 17:05:03.772,1.68,2016-11-26 17:30:00,
1.128486155,2284304,Sergiy Stakhovsky,Stakhovsky v Vanni,90,2016-11-26 17:12:44.861,1.66,2016-11-26 17:30:00,
1.128486155,2284304,Sergiy Stakhovsky,Stakhovsky v Vanni,100,2016-11-26 17:28:07.878,1.6,2016-11-26 17:30:00,
1.128486155,8681900,Luca Vanni,Stakhovsky v Vanni,0,2016-11-26 07:40:43.823,2.6,2016-11-26 17:30:00,
1.128486155,8681900,Luca Vanni,Stakhovsky v Vanni,10,2016-11-26 10:33:08.126,2.4,2016-11-26 17:30:00,
1.128486155,8681900,Luca Vanni,Stakhovsky v Vanni,20,2016-11-26 12:59:50.407,2.62,2016-11-26 17:30:00,
1.128486155,8681900,Luca Vanni,Stakhovsky v Vanni,30,2016-11-26 13:53:00.349,2.58,2016-11-26 17:30:00,
1.128486155,8681900,Luca Vanni,Stakhovsky v Vanni,40,2016-11-26 15:32:01.347,2.6,2016-11-26 17:30:00,
1.128486155,8681900,Luca Vanni,Stakhovsky v Vanni,50,2016-11-26 16:51:07.418,2.78,2016-11-26 17:30:00,
1.128486155,8681900,Luca Vanni,Stakhovsky v Vanni,60,2016-11-26 17:00:08.094,2.48,2016-11-26 17:30:00,
1.128486155,8681900,Luca Vanni,Stakhovsky v Vanni,70,2016-11-26 17:06:02.293,2.4,2016-11-26 17:30:00,
1.128486155,8681900,Luca Vanni,Stakhovsky v Vanni,80,2016-11-26 17:17:07.458,2.58,2016-11-26 17:30:00,
1.128486155,8681900,Luca Vanni,Stakhovsky v Vanni,90,2016-11-26 17:24:03.704,2.56,2016-11-26 17:30:00,
1.128486155,8681900,Luca Vanni,Stakhovsky v Vanni,100,2016-11-26 17:29:03.956,2.7,2016-11-26 17:30:00,
1.128488248,7415002,Stefan Kozlov,Barry v S Kozlov,0,2016-11-26 07:49:46.847,1.26,2016-11-26 23:00:00,
1.128488248,7415002,Stefan Kozlov,Barry v S Kozlov,10,2016-11-26 16:26:01.544,1.3,2016-11-26 23:00:00,
1.128488248,7415002,Stefan Kozlov,Barry v S Kozlov,20,2016-11-26 17:18:44.212,1.31,2016-11-26 23:00:00,
1.128488248,7415002,Stefan Kozlov,Barry v S Kozlov,30,2016-11-26 18:19:50.613,1.31,2016-11-26 23:00:00,
1.128488248,7415002,Stefan Kozlov,Barry v S Kozlov,40,2016-11-26 19:31:04.350,1.3,2016-11-26 23:00:00,
1.128488248,7415002,Stefan Kozlov,Barry v S Kozlov,50,2016-11-26 21:28:02.497,1.3,2016-11-26 22:53:00,
1.128488248,7415002,Stefan Kozlov,Barry v S Kozlov,60,2016-11-26 22:01:49.435,1.31,2016-11-26 22:53:00,
1.128488248,7415002,Stefan Kozlov,Barry v S Kozlov,70,2016-11-26 22:22:02.402,1.29,2016-11-26 22:53:00,
1.128488248,7415002,Stefan Kozlov,Barry v S Kozlov,80,2016-11-26 23:14:38.172,1.3,2016-11-26 23:23:00,
1.128488248,7415002,Stefan Kozlov,Barry v S Kozlov,90,2016-11-26 23:28:01.369,1.31,2016-11-26 23:38:00,
1.128488248,7415002,Stefan Kozlov,Barry v S Kozlov,100,2016-11-26 23:34:28.583,1.32,2016-11-26 23:35:00,
1.128488248,8697994,Sam Barry,Barry v S Kozlov,0,2016-11-26 11:11:17.009,4.8,2016-11-26 23:00:00,
1.128488248,8697994,Sam Barry,Barry v S Kozlov,10,2016-11-26 16:19:31.663,3.6,2016-11-26 23:00:00,
1.128488248,8697994,Sam Barry,Barry v S Kozlov,20,2016-11-26 16:26:01.544,4.4,2016-11-26 23:00:00,
1.128488248,8697994,Sam Barry,Barry v S Kozlov,30,2016-11-26 20:53:01.077,3.9,2016-11-26 23:00:00,
1.128488248,8697994,Sam Barry,Barry v S Kozlov,40,2016-11-26 21:37:35.223,4.1,2016-11-26 22:53:00,
1.128488248,8697994,Sam Barry,Barry v S Kozlov,50,2016-11-26 21:42:04.362,4.1,2016-11-26 22:53:00,
1.128488248,8697994,Sam Barry,Barry v S Kozlov,60,2016-11-26 22:02:56.273,4.4,2016-11-26 22:53:00,
1.128488248,8697994,Sam Barry,Barry v S Kozlov,70,2016-11-26 22:25:02.299,4.2,2016-11-26 22:53:00,
1.128488248,8697994,Sam Barry,Barry v S Kozlov,80,2016-11-26 22:45:31.629,4.2,2016-11-26 22:53:00,
1.128488248,8697994,Sam Barry,Barry v S Kozlov,90,2016-11-26 22:50:56.510,4.3,2016-11-26 22:53:00,
1.128488248,8697994,Sam Barry,Barry v S Kozlov,100,2016-11-26 23:28:46.050,4.1,2016-11-26 23:38:00,
1.128490028,8792467,Catherine Bellis,Bellis v Cako,0,2016-11-26 09:42:37.534,1.21,2016-11-26 22:00:00,
1.128490028,8792467,Catherine Bellis,Bellis v Cako,10,2016-11-26 11:59:46.168,1.18,2016-11-26 22:00:00,
1.128490028,8792467,Catherine Bellis,Bellis v Cako,20,2016-11-26 16:21:04.445,1.19,2016-11-26 22:00:00,
1.128490028,8792467,Catherine Bellis,Bellis v Cako,30,2016-11-26 19:20:51.548,1.18,2016-11-26 22:00:00,
1.128490028,8792467,Catherine Bellis,Bellis v Cako,40,2016-11-26 19:41:41.934,1.18,2016-11-26 22:00:00,
1.128490028,8792467,Catherine Bellis,Bellis v Cako,50,2016-11-26 20:02:03.513,1.17,2016-11-26 22:00:00,
1.128490028,8792467,Catherine Bellis,Bellis v Cako,60,2016-11-26 20:47:54.926,1.18,2016-11-26 22:00:00,
1.128490028,8792467,Catherine Bellis,Bellis v Cako,70,2016-11-26 21:02:41.604,1.18,2016-11-26 22:00:00,
1.128490028,8792467,Catherine Bellis,Bellis v Cako,80,2016-11-26 21:25:56.722,1.17,2016-11-26 22:00:00,
1.128490028,8792467,Catherine Bellis,Bellis v Cako,90,2016-11-26 21:37:52.821,1.17,2016-11-26 22:00:00,
1.128490028,8792467,Catherine Bellis,Bellis v Cako,100,2016-11-26 21:51:01.676,1.18,2016-11-26 22:00:00,
1.128490087,2386498,Shuai Zhang,S Zhang v Rodina,0,2016-11-26 09:44:37.823,1.49,2016-11-26 23:00:00,
1.128490087,2386498,Shuai Zhang,S Zhang v Rodina,10,2016-11-26 12:35:51.062,1.43,2016-11-26 23:00:00,
1.128490087,2386498,Shuai Zhang,S Zhang v Rodina,20,2016-11-26 19:59:51.730,1.44,2016-11-26 23:00:00,
1.128490087,2386498,Shuai Zhang,S Zhang v Rodina,30,2016-11-26 20:41:50.301,1.44,2016-11-26 23:00:00,
1.128490087,2386498,Shuai Zhang,S Zhang v Rodina,40,2016-11-26 21:09:29.350,1.41,2016-11-26 23:00:00,
1.128490087,2386498,Shuai Zhang,S Zhang v Rodina,50,2016-11-26 21:34:41.940,1.4,2016-11-26 23:00:00,
1.128490087,2386498,Shuai Zhang,S Zhang v Rodina,60,2016-11-26 22:01:56.104,1.41,2016-11-26 23:00:00,
1.128490087,2386498,Shuai Zhang,S Zhang v Rodina,70,2016-11-26 22:29:01.419,1.39,2016-11-26 23:00:00,
1.128490087,2386498,Shuai Zhang,S Zhang v Rodina,80,2016-11-26 22:43:27.228,1.38,2016-11-26 23:00:00,
1.128490087,2386498,Shuai Zhang,S Zhang v Rodina,90,2016-11-26 22:59:04.676,1.37,2016-11-26 23:00:00,
1.128490087,2386498,Shuai Zhang,S Zhang v Rodina,100,2016-11-26 23:19:56.768,1.36,2016-11-26 23:30:00,
1.128490087,2415530,Evgeniya Rodina,S Zhang v Rodina,0,2016-11-26 18:44:01.960,3.3,2016-11-26 23:00:00,
1.128490087,2415530,Evgeniya Rodina,S Zhang v Rodina,10,2016-11-26 21:43:36.631,3.4,2016-11-26 23:00:00,
1.128490087,2415530,Evgeniya Rodina,S Zhang v Rodina,20,2016-11-26 22:10:49.701,3.5,2016-11-26 23:00:00,
1.128490087,2415530,Evgeniya Rodina,S Zhang v Rodina,30,2016-11-26 22:29:01.419,3.55,2016-11-26 23:00:00,
1.128490087,2415530,Evgeniya Rodina,S Zhang v Rodina,40,2016-11-26 22:37:38.863,3.45,2016-11-26 23:00:00,
1.128490087,2415530,Evgeniya Rodina,S Zhang v Rodina,50,2016-11-26 22:43:27.228,3.65,2016-11-26 23:00:00,
1.128490087,2415530,Evgeniya Rodina,S Zhang v Rodina,60,2016-11-26 22:53:04.745,3.7,2016-11-26 23:00:00,
1.128490087,2415530,Evgeniya Rodina,S Zhang v Rodina,70,2016-11-26 22:58:02.829,3.65,2016-11-26 23:00:00,
1.128490087,2415530,Evgeniya Rodina,S Zhang v Rodina,80,2016-11-26 22:59:04.676,3.7,2016-11-26 23:00:00,
1.128490087,2415530,Evgeniya Rodina,S Zhang v Rodina,90,2016-11-26 23:03:04.903,3.75,2016-11-26 23:15:00,
1.128490087,2415530,Evgeniya Rodina,S Zhang v Rodina,100,2016-11-26 23:11:32.686,3.7,2016-11-26 23:15:00,
1.128491274,5231642,Cilic/Dodig,3. Cilic/Dodig v Del Potro/Mayer,0,2016-11-26 13:36:00.256,1.5,2016-11-26 14:00:00,
1.128491274,5231642,Cilic/Dodig,3. Cilic/Dodig v Del Potro/Mayer,10,2016-11-26 13:37:26.803,1.48,2016-11-26 14:00:00,
1.128491274,5231642,Cilic/Dodig,3. Cilic/Dodig v Del Potro/Mayer,20,2016-11-26 13:39:30.079,1.46,2016-11-26 14:00:00,
1.128491274,5231642,Cilic/Dodig,3. Cilic/Dodig v Del Potro/Mayer,30,2016-11-26 13:42:22.835,1.48,2016-11-26 14:00:00,
1.128491274,5231642,Cilic/Dodig,3. Cilic/Dodig v Del Potro/Mayer,40,2016-11-26 13:43:25.627,1.5,2016-11-26 14:00:00,
1.128491274,5231642,Cilic/Dodig,3. Cilic/Dodig v Del Potro/Mayer,50,2016-11-26 13:46:30.525,1.52,2016-11-26 14:00:00,
1.128491274,5231642,Cilic/Dodig,3. Cilic/Dodig v Del Potro/Mayer,60,2016-11-26 13:47:13.328,1.49,2016-11-26 14:00:00,
1.128491274,5231642,Cilic/Dodig,3. Cilic/Dodig v Del Potro/Mayer,70,2016-11-26 13:48:28.738,1.5,2016-11-26 14:00:00,
1.128491274,5231642,Cilic/Dodig,3. Cilic/Dodig v Del Potro/Mayer,80,2016-11-26 13:53:24.100,1.49,2016-11-26 14:00:00,
1.128491274,5231642,Cilic/Dodig,3. Cilic/Dodig v Del Potro/Mayer,90,2016-11-26 13:56:29.144,1.5,2016-11-26 14:00:00,
1.128491274,5231642,Cilic/Dodig,3. Cilic/Dodig v Del Potro/Mayer,100,2016-11-26 13:59:23.642,1.52,2016-11-26 14:00:00,
1.12850099,8681900,Luca Vanni,Vanni v M Berrettini,0,2016-11-27 01:40:55.643,1.63,2016-11-27 17:30:00,
1.12850099,8681900,Luca Vanni,Vanni v M Berrettini,10,2016-11-27 07:01:48.674,1.8,2016-11-27 17:30:00,
1.12850099,8681900,Luca Vanni,Vanni v M Berrettini,20,2016-11-27 09:29:48.639,1.89,2016-11-27 17:30:00,
1.12850099,8681900,Luca Vanni,Vanni v M Berrettini,30,2016-11-27 11:09:49.807,1.79,2016-11-27 17:30:00,
1.12850099,8681900,Luca Vanni,Vanni v M Berrettini,40,2016-11-27 12:12:56.813,1.89,2016-11-27 17:30:00,
1.12850099,8681900,Luca Vanni,Vanni v M Berrettini,50,2016-11-27 12:57:45.008,1.84,2016-11-27 17:30:00,
1.12850099,8681900,Luca Vanni,Vanni v M Berrettini,60,2016-11-27 14:05:38.170,1.78,2016-11-27 17:30:00,
1.12850099,8681900,Luca Vanni,Vanni v M Berrettini,70,2016-11-27 14:51:51.086,1.74,2016-11-27 17:30:00,
1.12850099,8681900,Luca Vanni,Vanni v M Berrettini,80,2016-11-27 16:04:59.388,1.73,2016-11-27 17:30:00,
1.12850099,8681900,Luca Vanni,Vanni v M Berrettini,90,2016-11-27 16:30:22.900,1.75,2016-11-27 17:30:00,
1.12850099,8681900,Luca Vanni,Vanni v M Berrettini,100,2016-11-27 17:10:01.481,1.78,2016-11-27 17:30:00,
1.12850099,8962036,Matteo Berrettini,Vanni v M Berrettini,0,2016-11-27 01:52:44.630,2.34,2016-11-27 17:30:00,
1.12850099,8962036,Matteo Berrettini,Vanni v M Berrettini,10,2016-11-27 04:49:28.474,2.22,2016-11-27 17:30:00,
1.12850099,8962036,Matteo Berrettini,Vanni v M Berrettini,20,2016-11-27 06:57:50.496,2.16,2016-11-27 17:30:00,
1.12850099,8962036,Matteo Berrettini,Vanni v M Berrettini,30,2016-11-27 10:02:36.298,2.2,2016-11-27 17:30:00,
1.12850099,8962036,Matteo Berrettini,Vanni v M Berrettini,40,2016-11-27 11:15:23.162,2.2,2016-11-27 17:30:00,
1.12850099,8962036,Matteo Berrettini,Vanni v M Berrettini,50,2016-11-27 13:18:39.351,2.18,2016-11-27 17:30:00,
1.12850099,8962036,Matteo Berrettini,Vanni v M Berrettini,60,2016-11-27 14:51:51.086,2.34,2016-11-27 17:30:00,
1.12850099,8962036,Matteo Berrettini,Vanni v M Berrettini,70,2016-11-27 15:03:01.942,2.34,2016-11-27 17:30:00,
1.12850099,8962036,Matteo Berrettini,Vanni v M Berrettini,80,2016-11-27 15:13:00.882,2.26,2016-11-27 17:30:00,
1.12850099,8962036,Matteo Berrettini,Vanni v M Berrettini,90,2016-11-27 16:13:31.972,2.34,2016-11-27 17:30:00,
1.12850099,8962036,Matteo Berrettini,Vanni v M Berrettini,100,2016-11-27 17:10:01.481,2.3,2016-11-27 17:30:00,
1.128502528,2386498,Shuai Zhang,S Zhang v Bellis,0,2016-11-27 08:37:17.000,1.63,2016-11-27 23:00:00,
1.128502528,2386498,Shuai Zhang,S Zhang v Bellis,10,2016-11-27 12:17:30.731,1.63,2016-11-27 23:00:00,
1.128502528,2386498,Shuai Zhang,S Zhang v Bellis,20,2016-11-27 19:16:57.499,1.63,2016-11-27 23:00:00,
1.128502528,2386498,Shuai Zhang,S Zhang v Bellis,30,2016-11-27 20:50:55.528,1.61,2016-11-27 23:00:00,
1.128502528,2386498,Shuai Zhang,S Zhang v Bellis,40,2016-11-27 21:19:51.353,1.63,2016-11-27 23:00:00,
1.128502528,2386498,Shuai Zhang,S Zhang v Bellis,50,2016-11-27 21:31:52.270,1.66,2016-11-27 23:00:00,
1.128502528,2386498,Shuai Zhang,S Zhang v Bellis,60,2016-11-27 21:41:01.429,1.65,2016-11-27 23:00:00,
1.128502528,2386498,Shuai Zhang,S Zhang v Bellis,70,2016-11-27 21:55:58.415,1.64,2016-11-27 23:00:00,
1.128502528,2386498,Shuai Zhang,S Zhang v Bellis,80,2016-11-27 22:15:01.258,1.64,2016-11-27 23:00:00,
1.128502528,2386498,Shuai Zhang,S Zhang v Bellis,90,2016-11-27 22:37:01.662,1.63,2016-11-27 23:00:00,
1.128502528,2386498,Shuai Zhang,S Zhang v Bellis,100,2016-11-27 22:48:57.850,1.64,2016-11-27 23:00:00,
1.128502528,8792467,Catherine Bellis,S Zhang v Bellis,0,2016-11-27 08:42:32.091,2.38,2016-11-27 23:00:00,
1.128502528,8792467,Catherine Bellis,S Zhang v Bellis,10,2016-11-27 17:11:38.349,2.56,2016-11-27 23:00:00,
1.128502528,8792467,Catherine Bellis,S Zhang v Bellis,20,2016-11-27 21:01:00.303,2.6,2016-11-27 23:00:00,
1.128502528,8792467,Catherine Bellis,S Zhang v Bellis,30,2016-11-27 21:24:01.136,2.5,2016-11-27 23:00:00,
1.128502528,8792467,Catherine Bellis,S Zhang v Bellis,40,2016-11-27 21:33:57.008,2.4,2016-11-27 23:00:00,
1.128502528,8792467,Catherine Bellis,S Zhang v Bellis,50,2016-11-27 21:37:55.584,2.52,2016-11-27 23:00:00,
1.128502528,8792467,Catherine Bellis,S Zhang v Bellis,60,2016-11-27 21:46:57.061,2.46,2016-11-27 23:00:00,
1.128502528,8792467,Catherine Bellis,S Zhang v Bellis,70,2016-11-27 22:05:42.970,2.58,2016-11-27 23:00:00,
1.128502528,8792467,Catherine Bellis,S Zhang v Bellis,80,2016-11-27 22:34:53.286,2.54,2016-11-27 23:00:00,
1.128502528,8792467,Catherine Bellis,S Zhang v Bellis,90,2016-11-27 22:43:55.345,2.54,2016-11-27 23:00:00,
1.128502528,8792467,Catherine Bellis,S Zhang v Bellis,100,2016-11-27 22:49:29.723,2.52,2016-11-27 23:00:00,
1.128502752,6604266,Tennys Sandgren,S Kozlov v Sandgren,0,2016-11-27 03:51:03.792,2.64,2016-11-27 20:00:00,
1.128502752,6604266,Tennys Sandgren,S Kozlov v Sandgren,10,2016-11-27 09:02:33.620,2.38,2016-11-27 20:00:00,
1.128502752,6604266,Tennys Sandgren,S Kozlov v Sandgren,20,2016-11-27 14:19:21.882,2.24,2016-11-27 20:00:00,
1.128502752,6604266,Tennys Sandgren,S Kozlov v Sandgren,30,2016-11-27 16:48:00.907,2.44,2016-11-27 20:00:00,
1.128502752,6604266,Tennys Sandgren,S Kozlov v Sandgren,40,2016-11-27 16:57:02.542,2.54,2016-11-27 20:00:00,
1.128502752,6604266,Tennys Sandgren,S Kozlov v Sandgren,50,2016-11-27 17:17:51.719,2.26,2016-11-27 20:00:00,
1.128502752,6604266,Tennys Sandgren,S Kozlov v Sandgren,60,2016-11-27 18:18:03.954,2.3,2016-11-27 20:00:00,
1.128502752,6604266,Tennys Sandgren,S Kozlov v Sandgren,70,2016-11-27 19:01:37.683,2.44,2016-11-27 20:00:00,
1.128502752,6604266,Tennys Sandgren,S Kozlov v Sandgren,80,2016-11-27 19:09:26.264,2.38,2016-11-27 20:00:00,
1.128502752,6604266,Tennys Sandgren,S Kozlov v Sandgren,90,2016-11-27 19:49:01.466,2.38,2016-11-27 20:00:00,
1.128502752,6604266,Tennys Sandgren,S Kozlov v Sandgren,100,2016-11-27 19:54:02.374,2.36,2016-11-27 20:00:00,
1.128502752,7415002,Stefan Kozlov,S Kozlov v Sandgren,0,2016-11-27 07:19:01.741,1.67,2016-11-27 20:00:00,
1.128502752,7415002,Stefan Kozlov,S Kozlov v Sandgren,10,2016-11-27 12:18:45.537,1.75,2016-11-27 20:00:00,
1.128502752,7415002,Stefan Kozlov,S Kozlov v Sandgren,20,2016-11-27 14:31:49.817,1.78,2016-11-27 20:00:00,
1.128502752,7415002,Stefan Kozlov,S Kozlov v Sandgren,30,2016-11-27 16:46:51.132,1.66,2016-11-27 20:00:00,
1.128502752,7415002,Stefan Kozlov,S Kozlov v Sandgren,40,2016-11-27 16:55:02.006,1.66,2016-11-27 20:00:00,
1.128502752,7415002,Stefan Kozlov,S Kozlov v Sandgren,50,2016-11-27 17:16:57.268,1.68,2016-11-27 20:00:00,
1.128502752,7415002,Stefan Kozlov,S Kozlov v Sandgren,60,2016-11-27 18:25:54.637,1.76,2016-11-27 20:00:00,
1.128502752,7415002,Stefan Kozlov,S Kozlov v Sandgren,70,2016-11-27 18:37:03.830,1.74,2016-11-27 20:00:00,
1.128502752,7415002,Stefan Kozlov,S Kozlov v Sandgren,80,2016-11-27 19:22:00.926,1.72,2016-11-27 20:00:00,
1.128502752,7415002,Stefan Kozlov,S Kozlov v Sandgren,90,2016-11-27 19:49:01.466,1.71,2016-11-27 20:00:00,
1.128502752,7415002,Stefan Kozlov,S Kozlov v Sandgren,100,2016-11-27 19:55:03.652,1.71,2016-11-27 20:00:00,
1.128502913,9626753,Q Lemoine,Q Lemoine v J Paolini,0,2016-11-27 09:57:39.511,1.72,2016-11-27 11:35:00,
1.128502913,9626753,Q Lemoine,Q Lemoine v J Paolini,10,2016-11-27 10:54:37.081,1.67,2016-11-27 11:35:00,
1.128502913,9626753,Q Lemoine,Q Lemoine v J Paolini,20,2016-11-27 18:46:55.997,1.55,2016-11-28 09:05:00,2016-11-27 11:25:50.911
1.128502913,9626753,Q Lemoine,Q Lemoine v J Paolini,30,2016-11-27 19:00:38.619,1.54,2016-11-28 09:05:00,2016-11-27 11:25:50.911
1.128502913,9626753,Q Lemoine,Q Lemoine v J Paolini,40,2016-11-28 00:44:56.700,1.53,2016-11-28 09:05:00,2016-11-27 11:25:50.911
1.128502913,9626753,Q Lemoine,Q Lemoine v J Paolini,50,2016-11-28 05:41:44.958,1.49,2016-11-28 09:05:00,2016-11-27 11:25:50.911
1.128502913,9626753,Q Lemoine,Q Lemoine v J Paolini,60,2016-11-28 05:45:50.915,1.46,2016-11-28 09:05:00,2016-11-27 11:25:50.911
1.128502913,9626753,Q Lemoine,Q Lemoine v J Paolini,70,2016-11-28 07:02:58.841,1.51,2016-11-28 09:05:00,2016-11-27 11:25:50.911
1.128502913,9626753,Q Lemoine,Q Lemoine v J Paolini,80,2016-11-28 07:35:57.971,1.5,2016-11-28 09:05:00,2016-11-27 11:25:50.911
1.128502913,9626753,Q Lemoine,Q Lemoine v J Paolini,90,2016-11-28 07:56:01.330,1.53,2016-11-28 09:05:00,2016-11-27 11:25:50.911
1.128502913,9626753,Q Lemoine,Q Lemoine v J Paolini,100,2016-11-28 08:52:23.811,1.53,2016-11-28 09:05:00,2016-11-27 11:25:50.911
1.128502913,9628765,J Paolini,Q Lemoine v J Paolini,0,2016-11-27 09:57:39.511,2.32,2016-11-27 11:35:00,
1.128502913,9628765,J Paolini,Q Lemoine v J Paolini,10,2016-11-27 10:54:37.081,2.48,2016-11-27 11:35:00,
1.128502913,9628765,J Paolini,Q Lemoine v J Paolini,20,2016-11-28 05:44:01.065,3.1,2016-11-28 09:05:00,2016-11-27 11:25:50.911
1.128502913,9628765,J Paolini,Q Lemoine v J Paolini,30,2016-11-28 05:44:59.579,3.05,2016-11-28 09:05:00,2016-11-27 11:25:50.911
1.128502913,9628765,J Paolini,Q Lemoine v J Paolini,40,2016-11-28 06:16:59.309,3.0,2016-11-28 09:05:00,2016-11-27 11:25:50.911
1.128502913,9628765,J Paolini,Q Lemoine v J Paolini,50,2016-11-28 06:20:00.817,3.05,2016-11-28 09:05:00,2016-11-27 11:25:50.911
1.128502913,9628765,J Paolini,Q Lemoine v J Paolini,60,2016-11-28 06:20:57.601,3.25,2016-11-28 09:05:00,2016-11-27 11:25:50.911
1.128502913,9628765,J Paolini,Q Lemoine v J Paolini,70,2016-11-28 07:09:20.555,2.92,2016-11-28 09:05:00,2016-11-27 11:25:50.911
1.128502913,9628765,J Paolini,Q Lemoine v J Paolini,80,2016-11-28 07:50:37.435,2.9,2016-11-28 09:05:00,2016-11-27 11:25:50.911
1.128502913,9628765,J Paolini,Q Lemoine v J Paolini,90,2016-11-28 07:54:01.963,2.8,2016-11-28 09:05:00,2016-11-27 11:25:50.911
1.128502913,9628765,J Paolini,Q Lemoine v J Paolini,100,2016-11-28 08:36:53.832,2.88,2016-11-28 09:05:00,2016-11-27 11:25:50.911
1.128514281,9637008,M Pislak,M Pislak v K Palkina Ulukan,0,2016-11-28 13:13:46.967,1.55,2016-11-28 14:35:00,
1.128514281,9637008,M Pislak,M Pislak v K Palkina Ulukan,10,2016-11-28 13:33:39.492,1.54,2016-11-28 14:35:00,
1.128514281,9637008,M Pislak,M Pislak v K Palkina Ulukan,20,2016-11-28 13:37:26.622,1.52,2016-11-28 14:35:00,
1.128514281,9637008,M Pislak,M Pislak v K Palkina Ulukan,30,2016-11-28 13:40:59.765,1.51,2016-11-28 14:35:00,
1.128514281,9637008,M Pislak,M Pislak v K Palkina Ulukan,40,2016-11-28 13:48:56.795,1.52,2016-11-28 14:35:00,
1.128514281,9637008,M Pislak,M Pislak v K Palkina Ulukan,50,2016-11-28 14:03:02.168,1.5,2016-11-28 14:35:00,
1.128514281,9637008,M Pislak,M Pislak v K Palkina Ulukan,60,2016-11-28 14:05:57.985,1.46,2016-11-28 14:35:00,
1.128514281,9637008,M Pislak,M Pislak v K Palkina Ulukan,70,2016-11-28 14:06:46.681,1.49,2016-11-28 14:35:00,
1.128514281,9637008,M Pislak,M Pislak v K Palkina Ulukan,80,2016-11-28 14:15:29.018,1.5,2016-11-28 14:35:00,
1.128514281,9637008,M Pislak,M Pislak v K Palkina Ulukan,90,2016-11-28 14:21:48.124,1.47,2016-11-28 14:35:00,
1.128514281,9637008,M Pislak,M Pislak v K Palkina Ulukan,100,2016-11-28 14:29:01.537,1.47,2016-11-28 14:35:00,2016-11-28 14:28:00.006
1.128514284,8427394,A Stevenson,N Stadler v A Stevenson,0,2016-11-28 13:05:12.186,1.26,2016-11-28 18:05:00,
1.128514284,8427394,A Stevenson,N Stadler v A Stevenson,10,2016-11-28 15:46:53.272,1.37,2016-11-28 18:05:00,
1.128514284,8427394,A Stevenson,N Stadler v A Stevenson,20,2016-11-28 17:21:57.749,1.29,2016-11-28 18:05:00,
1.128514284,8427394,A Stevenson,N Stadler v A Stevenson,30,2016-11-28 17:29:32.268,1.35,2016-11-28 18:05:00,
1.128514284,8427394,A Stevenson,N Stadler v A Stevenson,40,2016-11-28 17:38:58.649,1.31,2016-11-28 18:05:00,
1.128514284,8427394,A Stevenson,N Stadler v A Stevenson,50,2016-11-28 17:39:47.714,1.34,2016-11-28 18:05:00,
1.128514284,8427394,A Stevenson,N Stadler v A Stevenson,60,2016-11-28 17:43:59.457,1.33,2016-11-28 18:05:00,
1.128514284,8427394,A Stevenson,N Stadler v A Stevenson,70,2016-11-28 17:44:57.472,1.34,2016-11-28 18:05:00,
1.128514284,8427394,A Stevenson,N Stadler v A Stevenson,80,2016-11-28 17:46:02.063,1.35,2016-11-28 18:05:00,
1.128514284,8427394,A Stevenson,N Stadler v A Stevenson,90,2016-11-28 17:48:02.259,1.34,2016-11-28 18:05:00,
1.128514284,8427394,A Stevenson,N Stadler v A Stevenson,100,2016-11-28 17:48:46.640,1.33,2016-11-28 18:05:00,
