market_id,selection_id,runner_name,event_name,interval_pct,timestamp,ltp,market_time,inplay_start
1.128619727,9625155,J O'Mara,J O'Mara v D Altmaier,0,2016-12-03 05:55:13.103,1.05,2016-12-03 13:05:00,
1.128619727,9625155,J O'Mara,J O'Mara v D Altmaier,10,2016-12-03 07:26:11.373,1.15,2016-12-03 13:05:00,
1.128619727,9625155,J O'Mara,J O'Mara v D Altmaier,20,2016-12-03 12:08:15.796,2.06,2016-12-03 13:05:00,
1.128619727,9625155,J O'Mara,J O'Mara v D Altmaier,30,2016-12-03 12:24:42.719,2.08,2016-12-03 13:05:00,
1.128619727,9625155,J O'Mara,J O'Mara v D Altmaier,40,2016-12-03 12:28:07.491,2.1,2016-12-03 13:05:00,
1.128619727,9625155,J O'Mara,J O'Mara v D Altmaier,50,2016-12-03 12:31:04.972,2.1,2016-12-03 13:05:00,
1.128619727,9625155,J O'Mara,J O'Mara v D Altmaier,60,2016-12-03 12:33:09.047,2.16,2016-12-03 13:05:00,
1.128619727,9625155,J O'Mara,J O'Mara v D Altmaier,70,2016-12-03 12:33:56.868,2.1,2016-12-03 13:05:00,
1.128619727,9625155,J O'Mara,J O'Mara v D Altmaier,80,2016-12-03 12:35:34.735,2.08,2016-12-03 13:05:00,
1.128619727,9625155,J O'Mara,J O'Mara v D Altmaier,90,2016-12-03 12:52:16.376,2.1,2016-12-03 13:05:00,
1.128619727,9625155,J O'Mara,J O'Mara v D Altmaier,100,2016-12-03 12:59:01.669,2.08,2016-12-03 13:05:00,
1.128619727,9632089,D Altmaier,J O'Mara v D Altmaier,0,2016-12-03 05:55:13.103,1.05,2016-12-03 13:05:00,
1.128619727,9632089,D Altmaier,J O'Mara v D Altmaier,10,2016-12-03 07:27:32.950,1.15,2016-12-03 13:05:00,
1.128619727,9632089,D Altmaier,J O'Mara v D Altmaier,20,2016-12-03 10:24:15.445,1.77,2016-12-03 13:05:00,
1.128619727,9632089,D Altmaier,J O'Mara v D Altmaier,30,2016-12-03 10:27:18.144,1.9,2016-12-03 13:05:00,
1.128619727,9632089,D Altmaier,J O'Mara v D Altmaier,40,2016-12-03 11:28:13.894,1.79,2016-12-03 13:05:00,
1.128619727,9632089,D Altmaier,J O'Mara v D Altmaier,50,2016-12-03 12:08:15.796,1.84,2016-12-03 13:05:00,
1.128619727,9632089,D Altmaier,J O'Mara v D Altmaier,60,2016-12-03 12:19:13.923,1.94,2016-12-03 13:05:00,
1.128619727,9632089,D Altmaier,J O'Mara v D Altmaier,70,2016-12-03 12:28:07.491,1.9,2016-12-03 13:05:00,
1.128619727,9632089,D Altmaier,J O'Mara v D Altmaier,80,2016-12-03 12:28:29.786,1.86,2016-12-03 13:05:00,
1.128619727,9632089,D Altmaier,J O'Mara v D Altmaier,90,2016-12-03 12:33:56.868,1.9,2016-12-03 13:05:00,
1.128619727,9632089,D Altmaier,J O'Mara v D Altmaier,100,2016-12-03 12:55:11.042,1.94,2016-12-03 13:05:00,
1.128619728,9627081,L Schaeder,L Schaeder v L Andrei,0,2016-12-03 07:22:08.883,1.64,2016-12-03 16:05:00,
1.128619728,9627081,L Schaeder,L Schaeder v L Andrei,10,2016-12-03 09:44:50.947,1.65,2016-12-03 16:05:00,
1.128619728,9627081,L Schaeder,L Schaeder v L Andrei,20,2016-12-03 10:08:06.498,1.75,2016-12-03 16:05:00,
1.128619728,9627081,L Schaeder,L Schaeder v L Andrei,30,2016-12-03 10:32:13.359,1.53,2016-12-03 16:05:00,
1.128619728,9627081,L Schaeder,L Schaeder v L Andrei,40,2016-12-03 11:21:51.849,1.51,2016-12-03 16:05:00,
1.128619728,9627081,L Schaeder,L Schaeder v L Andrei,50,2016-12-03 12:38:15.320,1.49,2016-12-03 16:05:00,
1.128619728,9627081,L Schaeder,L Schaeder v L Andrei,60,2016-12-03 15:04:03.337,1.51,2016-12-03 16:05:00,
1.128619728,9627081,L Schaeder,L Schaeder v L Andrei,70,2016-12-03 15:07:05.799,1.75,2016-12-03 16:05:00,
1.128619728,9627081,L Schaeder,L Schaeder v L Andrei,80,2016-12-03 15:13:11.163,1.52,2016-12-03 16:05:00,
1.128619728,9627081,L Schaeder,L Schaeder v L Andrei,90,2016-12-03 15:14:36.666,1.48,2016-12-03 16:05:00,
1.128619728,9627081,L Schaeder,L Schaeder v L Andrei,100,2016-12-03 15:39:28.821,1.48,2016-12-03 16:05:00,
1.128619731,9631544,T Zidansek,A Guarachi Mathison v T Zidansek,0,2016-12-03 08:09:49.558,1.12,2016-12-03 15:05:00,
1.128619731,9631544,T Zidansek,A Guarachi Mathison v T Zidansek,10,2016-12-03 10:42:03.261,1.34,2016-12-03 15:05:00,
1.128619731,9631544,T Zidansek,A Guarachi Mathison v T Zidansek,20,2016-12-03 14:03:37.553,1.31,2016-12-03 15:05:00,
1.128619731,9631544,T Zidansek,A Guarachi Mathison v T Zidansek,30,2016-12-03 14:28:28.391,1.28,2016-12-03 15:05:00,
1.128619731,9631544,T Zidansek,A Guarachi Mathison v T Zidansek,40,2016-12-03 14:46:41.571,1.3,2016-12-03 15:05:00,
1.128619731,9631544,T Zidansek,A Guarachi Mathison v T Zidansek,50,2016-12-03 14:48:38.190,1.29,2016-12-03 15:05:00,
1.128619731,9631544,T Zidansek,A Guarachi Mathison v T Zidansek,60,2016-12-03 14:51:04.382,1.31,2016-12-03 15:05:00,
1.128619731,9631544,T Zidansek,A Guarachi Mathison v T Zidansek,70,2016-12-03 14:53:39.366,1.24,2016-12-03 15:05:00,
1.128619731,9631544,T Zidansek,A Guarachi Mathison v T Zidansek,80,2016-12-03 14:56:41.007,1.27,2016-12-03 15:05:00,
1.128619731,9631544,T Zidansek,A Guarachi Mathison v T Zidansek,90,2016-12-03 14:57:39.408,1.24,2016-12-03 15:05:00,
1.128619731,9631544,T Zidansek,A Guarachi Mathison v T Zidansek,100,2016-12-03 14:58:33.489,1.29,2016-12-03 15:05:00,
1.12861992,2765780,Denis Istomin,Istomin v Lee,0,2016-12-03 15:07:33.149,1.54,2016-12-04 03:00:00,
1.12861992,2765780,Denis Istomin,Istomin v Lee,10,2016-12-03 17:38:54.595,1.63,2016-12-04 03:00:00,
1.12861992,2765780,Denis Istomin,Istomin v Lee,20,2016-12-03 18:54:41.520,1.63,2016-12-04 03:00:00,
1.12861992,2765780,Denis Istomin,Istomin v Lee,30,2016-12-03 21:01:48.458,1.62,2016-12-04 03:00:00,
1.12861992,2765780,Denis Istomin,Istomin v Lee,40,2016-12-03 22:00:09.679,1.62,2016-12-04 05:45:00,
1.12861992,2765780,Denis Istomin,Istomin v Lee,50,2016-12-04 01:59:56.858,1.5,2016-12-04 05:45:00,
1.12861992,2765780,Denis Istomin,Istomin v Lee,60,2016-12-04 02:23:54.552,1.53,2016-12-04 05:45:00,
1.12861992,2765780,Denis Istomin,Istomin v Lee,70,2016-12-04 02:40:09.098,1.49,2016-12-04 05:45:00,
1.12861992,2765780,Denis Istomin,Istomin v Lee,80,2016-12-04 03:38:02.695,1.49,2016-12-04 05:45:00,
1.12861992,2765780,Denis Istomin,Istomin v Lee,90,2016-12-04 03:49:40.141,1.52,2016-12-04 05:45:00,
1.12861992,2765780,Denis Istomin,Istomin v Lee,100,2016-12-04 05:44:59.285,1.6,2016-12-04 05:45:00,
1.12861992,8505197,Duckhee Lee,Istomin v Lee,0,2016-12-03 16:18:56.349,2.42,2016-12-04 03:00:00,
1.12861992,8505197,Duckhee Lee,Istomin v Lee,10,2016-12-03 17:47:57.896,2.6,2016-12-04 03:00:00,
1.12861992,8505197,Duckhee Lee,Istomin v Lee,20,2016-12-03 20:26:21.240,2.5,2016-12-04 03:00:00,
1.12861992,8505197,Duckhee Lee,Istomin v Lee,30,2016-12-03 21:01:48.458,2.6,2016-12-04 03:00:00,
1.12861992,8505197,Duckhee Lee,Istomin v Lee,40,2016-12-04 02:23:54.552,2.92,2016-12-04 05:45:00,
1.12861992,8505197,Duckhee Lee,Istomin v Lee,50,2016-12-04 02:40:09.098,2.9,2016-12-04 05:45:00,
1.12861992,8505197,Duckhee Lee,Istomin v Lee,60,2016-12-04 03:10:16.177,2.88,2016-12-04 05:45:00,
1.12861992,8505197,Duckhee Lee,Istomin v Lee,70,2016-12-04 04:13:42.077,2.92,2016-12-04 05:45:00,
1.12861992,8505197,Duckhee Lee,Istomin v Lee,80,2016-12-04 05:22:00.038,2.88,2016-12-04 05:45:00,
1.12861992,8505197,Duckhee Lee,Istomin v Lee,90,2016-12-04 05:30:06.349,2.92,2016-12-04 05:45:00,
1.12861992,8505197,Duckhee Lee,Istomin v Lee,100,2016-12-04 05:44:59.285,2.62,2016-12-04 05:45:00,
1.1286275,9626191,R Ortega-Olmedo,A Santillan v R Ortega-Olmedo,0,2016-12-04 04:09:19.630,2.7,2016-12-04 09:35:00,
1.1286275,9626191,R Ortega-Olmedo,A Santillan v R Ortega-Olmedo,10,2016-12-04 08:52:39.994,3.35,2016-12-04 09:35:00,
1.1286275,9626191,R Ortega-Olmedo,A Santillan v R Ortega-Olmedo,20,2016-12-04 09:24:50.070,2.84,2016-12-04 09:35:00,
1.1286275,9626191,R Ortega-Olmedo,A Santillan v R Ortega-Olmedo,30,2016-12-04 09:25:44.785,2.8,2016-12-04 09:35:00,
1.1286275,9626191,R Ortega-Olmedo,A Santillan v R Ortega-Olmedo,40,2016-12-04 15:41:37.154,3.9,2016-12-05 09:35:00,2016-12-04 09:32:35.636
1.1286275,9626191,R Ortega-Olmedo,A Santillan v R Ortega-Olmedo,50,2016-12-04 16:08:19.763,3.25,2016-12-05 09:35:00,2016-12-04 09:32:35.636
1.1286275,9626191,R Ortega-Olmedo,A Santillan v R Ortega-Olmedo,60,2016-12-04 18:22:25.447,3.2,2016-12-05 09:35:00,2016-12-04 09:32:35.636
1.1286275,9626191,R Ortega-Olmedo,A Santillan v R Ortega-Olmedo,70,2016-12-04 21:07:51.230,3.3,2016-12-05 09:35:00,2016-12-04 09:32:35.636
1.1286275,9626191,R Ortega-Olmedo,A Santillan v R Ortega-Olmedo,80,2016-12-05 08:11:54.910,3.6,2016-12-05 09:35:00,2016-12-04 09:32:35.636
1.1286275,9626191,R Ortega-Olmedo,A Santillan v R Ortega-Olmedo,90,2016-12-05 09:09:43.789,4.0,2016-12-05 09:35:00,2016-12-04 09:32:35.636
1.1286275,9626191,R Ortega-Olmedo,A Santillan v R Ortega-Olmedo,100,2016-12-05 09:32:51.677,3.4,2016-12-05 09:35:00,2016-12-04 09:32:35.636
1.1286275,9630883,A Santillan,A Santillan v R Ortega-Olmedo,0,2016-12-04 04:09:19.630,1.59,2016-12-04 09:35:00,
1.1286275,9630883,A Santillan,A Santillan v R Ortega-Olmedo,10,2016-12-04 12:53:31.390,1.4,2016-12-04 13:35:00,2016-12-04 09:32:35.636
1.1286275,9630883,A Santillan,A Santillan v R Ortega-Olmedo,20,2016-12-04 15:33:23.411,1.4,2016-12-05 09:35:00,2016-12-04 09:32:35.636
1.1286275,9630883,A Santillan,A Santillan v R Ortega-Olmedo,30,2016-12-04 16:08:19.763,1.44,2016-12-05 09:35:00,2016-12-04 09:32:35.636
1.1286275,9630883,A Santillan,A Santillan v R Ortega-Olmedo,40,2016-12-04 18:50:02.494,1.44,2016-12-05 09:35:00,2016-12-04 09:32:35.636
1.1286275,9630883,A Santillan,A Santillan v R Ortega-Olmedo,50,2016-12-04 20:43:54.611,1.38,2016-12-05 09:35:00,2016-12-04 09:32:35.636
1.1286275,9630883,A Santillan,A Santillan v R Ortega-Olmedo,60,2016-12-04 21:15:05.673,1.44,2016-12-05 09:35:00,2016-12-04 09:32:35.636
1.1286275,9630883,A Santillan,A Santillan v R Ortega-Olmedo,70,2016-12-05 07:28:09.303,1.42,2016-12-05 09:35:00,2016-12-04 09:32:35.636
1.1286275,9630883,A Santillan,A Santillan v R Ortega-Olmedo,80,2016-12-05 08:44:52.076,1.41,2016-12-05 09:35:00,2016-12-04 09:32:35.636
1.1286275,9630883,A Santillan,A Santillan v R Ortega-Olmedo,90,2016-12-05 09:25:17.362,1.39,2016-12-05 09:35:00,2016-12-04 09:32:35.636
1.1286275,9630883,A Santillan,A Santillan v R Ortega-Olmedo,100,2016-12-05 09:34:49.795,1.4,2016-12-05 09:35:00,2016-12-04 09:32:35.636
1.128627861,2483001,Kei Nishikori,Kei Nishikori v Nick Kyrgios,0,2016-12-04 09:36:36.760,1.6,2016-12-04 10:30:00,
1.128627861,2483001,Kei Nishikori,Kei Nishikori v Nick Kyrgios,10,2016-12-04 09:48:39.048,1.72,2016-12-04 10:30:00,
1.128627861,2483001,Kei Nishikori,Kei Nishikori v Nick Kyrgios,20,2016-12-04 09:53:35.418,1.7,2016-12-04 10:30:00,
1.128627861,2483001,Kei Nishikori,Kei Nishikori v Nick Kyrgios,30,2016-12-04 09:57:33.013,1.7,2016-12-04 10:30:00,
1.128627861,2483001,Kei Nishikori,Kei Nishikori v Nick Kyrgios,40,2016-12-04 09:59:27.900,1.69,2016-12-04 10:30:00,
1.128627861,2483001,Kei Nishikori,Kei Nishikori v Nick Kyrgios,50,2016-12-04 10:05:17.805,1.62,2016-12-04 10:30:00,
1.128627861,2483001,Kei Nishikori,Kei Nishikori v Nick Kyrgios,60,2016-12-04 10:09:19.559,1.52,2016-12-04 10:30:00,
1.128627861,2483001,Kei Nishikori,Kei Nishikori v Nick Kyrgios,70,2016-12-04 10:15:37.260,1.54,2016-12-04 10:30:00,
1.128627861,2483001,Kei Nishikori,Kei Nishikori v Nick Kyrgios,80,2016-12-04 10:21:33.371,1.54,2016-12-04 10:30:00,
1.128627861,2483001,Kei Nishikori,Kei Nishikori v Nick Kyrgios,90,2016-12-04 10:22:33.130,1.52,2016-12-04 10:30:00,
1.128627861,2483001,Kei Nishikori,Kei Nishikori v Nick Kyrgios,100,2016-12-04 10:25:31.889,1.55,2016-12-04 10:30:00,
1.128643572,9625470,R Ramanathan,R Ramanathan v M Semjan,0,2016-12-05 02:58:56.166,1.2,2016-12-05 13:35:00,
1.128643572,9625470,R Ramanathan,R Ramanathan v M Semjan,10,2016-12-05 04:17:29.602,1.16,2016-12-05 13:35:00,
1.128643572,9625470,R Ramanathan,R Ramanathan v M Semjan,20,2016-12-05 11:02:44.533,1.03,2016-12-05 13:35:00,
1.128643572,9625470,R Ramanathan,R Ramanathan v M Semjan,30,2016-12-05 13:01:48.237,1.14,2016-12-05 13:35:00,
1.128643572,9625470,R Ramanathan,R Ramanathan v M Semjan,40,2016-12-05 13:16:19.144,1.13,2016-12-05 13:35:00,2016-12-05 13:05:53.307
1.128643572,9625470,R Ramanathan,R Ramanathan v M Semjan,50,2016-12-05 13:18:14.577,1.04,2016-12-05 13:35:00,2016-12-05 13:05:53.307
1.128643572,9625470,R Ramanathan,R Ramanathan v M Semjan,60,2016-12-05 13:19:14.709,1.03,2016-12-05 13:35:00,2016-12-05 13:05:53.307
1.128643572,9625470,R Ramanathan,R Ramanathan v M Semjan,70,2016-12-05 13:21:07.143,1.04,2016-12-05 13:35:00,2016-12-05 13:05:53.307
1.128643572,9625470,R Ramanathan,R Ramanathan v M Semjan,80,2016-12-05 13:25:05.345,1.05,2016-12-05 13:35:00,2016-12-05 13:05:53.307
1.128643572,9625470,R Ramanathan,R Ramanathan v M Semjan,90,2016-12-05 13:25:56.539,1.03,2016-12-05 13:35:00,2016-12-05 13:05:53.307
1.128643572,9625470,R Ramanathan,R Ramanathan v M Semjan,100,2016-12-05 13:32:17.584,1.01,2016-12-05 13:35:00,2016-12-05 13:05:53.307
1.128643858,9622892,I Vucic,I Vucic v T Turini,0,2016-12-05 23:47:06.849,1.55,2016-12-06 13:30:00,2016-12-05 14:31:49.990
1.128643858,9622892,I Vucic,I Vucic v T Turini,10,2016-12-06 00:18:41.888,1.56,2016-12-06 13:30:00,2016-12-05 14:31:49.990
1.128643858,9622892,I Vucic,I Vucic v T Turini,20,2016-12-06 01:55:27.602,1.57,2016-12-06 13:30:00,2016-12-05 14:31:49.990
1.128643858,9622892,I Vucic,I Vucic v T Turini,30,2016-12-06 03:42:22.603,1.56,2016-12-06 13:30:00,2016-12-05 14:31:49.990
1.128643858,9622892,I Vucic,I Vucic v T Turini,40,2016-12-06 05:53:33.832,1.55,2016-12-06 13:30:00,2016-12-05 14:31:49.990
1.128643858,9622892,I Vucic,I Vucic v T Turini,50,2016-12-06 07:49:31.845,1.59,2016-12-06 13:30:00,2016-12-05 14:31:49.990
1.128643858,9622892,I Vucic,I Vucic v T Turini,60,2016-12-06 08:52:26.746,1.59,2016-12-06 13:30:00,2016-12-05 14:31:49.990
1.128643858,9622892,I Vucic,I Vucic v T Turini,70,2016-12-06 10:13:28.003,1.59,2016-12-06 13:30:00,2016-12-05 14:31:49.990
1.128643858,9622892,I Vucic,I Vucic v T Turini,80,2016-12-06 11:01:35.112,1.63,2016-12-06 13:30:00,2016-12-05 14:31:49.990
1.128643858,9622892,I Vucic,I Vucic v T Turini,90,2016-12-06 11:54:40.035,1.61,2016-12-06 13:30:00,2016-12-05 14:31:49.990
1.128643858,9622892,I Vucic,I Vucic v T Turini,100,2016-12-06 13:27:34.040,1.7,2016-12-06 13:30:00,2016-12-05 14:31:49.990
1.128643858,9627684,T Turini,I Vucic v T Turini,0,2016-12-05 14:25:51.490,2.18,2016-12-05 14:35:00,
1.128643858,9627684,T Turini,I Vucic v T Turini,10,2016-12-05 23:57:43.123,3.5,2016-12-06 13:30:00,2016-12-05 14:31:49.990
1.128643858,9627684,T Turini,I Vucic v T Turini,20,2016-12-06 00:08:43.396,2.42,2016-12-06 13:30:00,2016-12-05 14:31:49.990
1.128643858,9627684,T Turini,I Vucic v T Turini,30,2016-12-06 02:26:06.181,2.5,2016-12-06 13:30:00,2016-12-05 14:31:49.990
1.128643858,9627684,T Turini,I Vucic v T Turini,40,2016-12-06 04:06:28.436,2.66,2016-12-06 13:30:00,2016-12-05 14:31:49.990
1.128643858,9627684,T Turini,I Vucic v T Turini,50,2016-12-06 05:46:14.888,2.6,2016-12-06 13:30:00,2016-12-05 14:31:49.990
1.128643858,9627684,T Turini,I Vucic v T Turini,60,2016-12-06 07:15:57.482,2.76,2016-12-06 13:30:00,2016-12-05 14:31:49.990
1.128643858,9627684,T Turini,I Vucic v T Turini,70,2016-12-06 08:12:36.950,2.6,2016-12-06 13:30:00,2016-12-05 14:31:49.990
1.128643858,9627684,T Turini,I Vucic v T Turini,80,2016-12-06 10:18:44.529,2.74,2016-12-06 13:30:00,2016-12-05 14:31:49.990
1.128643858,9627684,T Turini,I Vucic v T Turini,90,2016-12-06 11:08:23.421,2.6,2016-12-06 13:30:00,2016-12-05 14:31:49.990
1.128643858,9627684,T Turini,I Vucic v T Turini,100,2016-12-06 13:21:34.336,2.26,2016-12-06 13:30:00,2016-12-05 14:31:49.990
1.128643859,9624620,F Romboli,F Romboli v N Hu,0,2016-12-05 12:30:30.427,2.0,2016-12-05 16:05:00,
1.128643859,9624620,F Romboli,F Romboli v N Hu,10,2016-12-05 15:53:37.967,1.39,2016-12-05 16:05:00,
1.128643859,9624620,F Romboli,F Romboli v N Hu,20,2016-12-05 16:01:43.168,1.28,2016-12-05 16:05:00,
1.128643859,9624620,F Romboli,F Romboli v N Hu,30,2016-12-06 00:42:37.864,1.23,2016-12-06 13:30:00,2016-12-05 17:30:02.662
1.128643859,9624620,F Romboli,F Romboli v N Hu,40,2016-12-06 00:44:33.489,1.29,2016-12-06 13:30:00,2016-12-05 17:30:02.662
1.128643859,9624620,F Romboli,F Romboli v N Hu,50,2016-12-06 00:54:37.178,1.39,2016-12-06 13:30:00,2016-12-05 17:30:02.662
1.128643859,9624620,F Romboli,F Romboli v N Hu,60,2016-12-06 01:03:00.243,1.37,2016-12-06 13:30:00,2016-12-05 17:30:02.662
1.128643859,9624620,F Romboli,F Romboli v N Hu,70,2016-12-06 02:36:36.161,1.41,2016-12-06 13:30:00,2016-12-05 17:30:02.662
1.128643859,9624620,F Romboli,F Romboli v N Hu,80,2016-12-06 07:56:10.318,1.41,2016-12-06 13:35:00,2016-12-05 17:30:02.662
1.128643859,9624620,F Romboli,F Romboli v N Hu,90,2016-12-06 11:48:31.312,1.41,2016-12-06 13:35:00,2016-12-05 17:30:02.662
1.128643859,9624620,F Romboli,F Romboli v N Hu,100,2016-12-06 13:22:19.629,1.39,2016-12-06 13:35:00,2016-12-05 17:30:02.662
1.128643859,11492990,N Hu,F Romboli v N Hu,0,2016-12-05 12:30:30.427,2.0,2016-12-05 16:05:00,
1.128643859,11492990,N Hu,F Romboli v N Hu,10,2016-12-05 14:50:43.935,3.0,2016-12-05 16:05:00,
1.128643859,11492990,N Hu,F Romboli v N Hu,20,2016-12-05 15:53:37.967,3.4,2016-12-05 16:05:00,
1.128643859,11492990,N Hu,F Romboli v N Hu,30,2016-12-06 00:44:33.489,4.4,2016-12-06 13:30:00,2016-12-05 17:30:02.662
1.128643859,11492990,N Hu,F Romboli v N Hu,40,2016-12-06 00:45:41.812,4.0,2016-12-06 13:30:00,2016-12-05 17:30:02.662
1.128643859,11492990,N Hu,F Romboli v N Hu,50,2016-12-06 01:02:32.253,3.6,2016-12-06 13:30:00,2016-12-05 17:30:02.662
1.128643859,11492990,N Hu,F Romboli v N Hu,60,2016-12-06 01:03:00.243,3.7,2016-12-06 13:30:00,2016-12-05 17:30:02.662
1.128643859,11492990,N Hu,F Romboli v N Hu,70,2016-12-06 01:10:21.528,3.6,2016-12-06 13:30:00,2016-12-05 17:30:02.662
1.128643859,11492990,N Hu,F Romboli v N Hu,80,2016-12-06 07:56:10.318,3.45,2016-12-06 13:35:00,2016-12-05 17:30:02.662
1.128643859,11492990,N Hu,F Romboli v N Hu,90,2016-12-06 08:31:28.009,3.5,2016-12-06 13:35:00,2016-12-05 17:30:02.662
1.128643859,11492990,N Hu,F Romboli v N Hu,100,2016-12-06 13:22:19.629,3.6,2016-12-06 13:35:00,2016-12-05 17:30:02.662
1.128668699,11112780,A-G Remondina,A-G Remondina v J Hopfgartner,0,2016-12-07 07:32:15.789,1.04,2016-12-07 13:35:00,
1.128668699,11112780,A-G Remondina,A-G Remondina v J Hopfgartner,10,2016-12-07 10:33:02.546,1.03,2016-12-07 13:35:00,
1.128668699,11112780,A-G Remondina,A-G Remondina v J Hopfgartner,20,2016-12-07 10:56:58.459,1.02,2016-12-07 13:35:00,
1.128668699,11112780,A-G Remondina,A-G Remondina v J Hopfgartner,30,2016-12-07 11:21:10.971,1.03,2016-12-07 13:35:00,
1.128668699,11112780,A-G Remondina,A-G Remondina v J Hopfgartner,40,2016-12-07 11:30:16.166,1.04,2016-12-07 13:35:00,
1.128668699,11112780,A-G Remondina,A-G Remondina v J Hopfgartner,50,2016-12-07 11:35:57.551,1.04,2016-12-07 13:35:00,
1.128668699,11112780,A-G Remondina,A-G Remondina v J Hopfgartner,60,2016-12-07 11:58:35.274,1.03,2016-12-07 13:35:00,
1.128668699,11112780,A-G Remondina,A-G Remondina v J Hopfgartner,70,2016-12-07 12:09:15.253,1.05,2016-12-07 13:35:00,
1.128668699,11112780,A-G Remondina,A-G Remondina v J Hopfgartner,80,2016-12-07 12:18:47.146,1.08,2016-12-07 13:35:00,
1.128668699,11112780,A-G Remondina,A-G Remondina v J Hopfgartner,90,2016-12-07 12:57:56.679,1.06,2016-12-07 13:35:00,
1.128668699,11112780,A-G Remondina,A-G Remondina v J Hopfgartner,100,2016-12-07 13:34:38.348,1.04,2016-12-07 13:35:00,2016-12-07 13:07:21.962
1.128668727,2264530,Kirsten Flipkens,Jelena Jankovic v Kirsten Flipkens,0,2016-12-07 09:03:45.377,1.35,2016-12-07 10:00:00,
1.128668727,2264530,Kirsten Flipkens,Jelena Jankovic v Kirsten Flipkens,10,2016-12-07 09:04:45.422,1.77,2016-12-07 10:00:00,
1.128668727,2264530,Kirsten Flipkens,Jelena Jankovic v Kirsten Flipkens,20,2016-12-07 09:23:41.649,1.69,2016-12-07 10:00:00,
1.128668727,2264530,Kirsten Flipkens,Jelena Jankovic v Kirsten Flipkens,30,2016-12-07 09:30:42.445,1.84,2016-12-07 10:00:00,
1.128668727,2264530,Kirsten Flipkens,Jelena Jankovic v Kirsten Flipkens,40,2016-12-07 09:31:00.492,1.72,2016-12-07 10:00:00,
1.128668727,2264530,Kirsten Flipkens,Jelena Jankovic v Kirsten Flipkens,50,2016-12-07 09:50:44.466,1.93,2016-12-07 10:00:00,
1.128668727,2264530,Kirsten Flipkens,Jelena Jankovic v Kirsten Flipkens,60,2016-12-07 09:51:04.595,1.92,2016-12-07 10:00:00,
1.128668727,2264530,Kirsten Flipkens,Jelena Jankovic v Kirsten Flipkens,70,2016-12-07 09:54:44.997,1.82,2016-12-07 10:00:00,
1.128668727,2264530,Kirsten Flipkens,Jelena Jankovic v Kirsten Flipkens,80,2016-12-07 09:57:32.615,1.92,2016-12-07 10:00:00,
1.128668727,2264530,Kirsten Flipkens,Jelena Jankovic v Kirsten Flipkens,90,2016-12-07 09:58:23.949,1.86,2016-12-07 10:00:00,
1.128668727,2264530,Kirsten Flipkens,Jelena Jankovic v Kirsten Flipkens,100,2016-12-07 09:59:42.122,1.92,2016-12-07 10:00:00,
1.128671679,7299658,Nick Kyrgios,Nick Kyrgios v Tomas Berdych,0,2016-12-07 13:00:36.838,1.92,2016-12-07 14:30:00,
1.128671679,7299658,Nick Kyrgios,Nick Kyrgios v Tomas Berdych,10,2016-12-07 13:01:47.075,1.91,2016-12-07 14:30:00,
1.128671679,7299658,Nick Kyrgios,Nick Kyrgios v Tomas Berdych,20,2016-12-07 13:55:44.821,1.77,2016-12-07 14:30:00,
1.128671679,7299658,Nick Kyrgios,Nick Kyrgios v Tomas Berdych,30,2016-12-07 13:58:52.643,2.02,2016-12-07 14:30:00,
1.128671679,7299658,Nick Kyrgios,Nick Kyrgios v Tomas Berdych,40,2016-12-07 14:04:32.433,1.82,2016-12-07 14:30:00,
1.128671679,7299658,Nick Kyrgios,Nick Kyrgios v Tomas Berdych,50,2016-12-07 14:06:47.339,1.8,2016-12-07 14:30:00,
1.128671679,7299658,Nick Kyrgios,Nick Kyrgios v Tomas Berdych,60,2016-12-07 14:08:52.719,1.85,2016-12-07 14:30:00,
1.128671679,7299658,Nick Kyrgios,Nick Kyrgios v Tomas Berdych,70,2016-12-07 14:09:41.706,1.86,2016-12-07 14:30:00,
1.128671679,7299658,Nick Kyrgios,Nick Kyrgios v Tomas Berdych,80,2016-12-07 14:25:41.679,1.82,2016-12-07 14:30:00,
1.128671679,7299658,Nick Kyrgios,Nick Kyrgios v Tomas Berdych,90,2016-12-07 14:26:53.139,1.8,2016-12-07 14:30:00,
1.128671679,7299658,Nick Kyrgios,Nick Kyrgios v Tomas Berdych,100,2016-12-07 14:29:52.230,1.94,2016-12-07 14:30:00,2016-12-07 14:28:45.279
1.128680292,2249841,Ana Ivanovic,Kurumi Nara v Ana Ivanovic,0,2016-12-08 08:51:25.004,1.41,2016-12-08 10:30:00,
1.128680292,2249841,Ana Ivanovic,Kurumi Nara v Ana Ivanovic,10,2016-12-08 09:34:36.201,1.51,2016-12-08 10:30:00,
1.128680292,2249841,Ana Ivanovic,Kurumi Nara v Ana Ivanovic,20,2016-12-08 09:41:30.623,1.52,2016-12-08 10:30:00,
1.128680292,2249841,Ana Ivanovic,Kurumi Nara v Ana Ivanovic,30,2016-12-08 10:11:35.365,1.59,2016-12-08 10:30:00,
1.128680292,2249841,Ana Ivanovic,Kurumi Nara v Ana Ivanovic,40,2016-12-08 10:14:36.903,1.58,2016-12-08 10:30:00,
1.128680292,2249841,Ana Ivanovic,Kurumi Nara v Ana Ivanovic,50,2016-12-08 10:18:18.286,1.59,2016-12-08 10:30:00,
1.128680292,2249841,Ana Ivanovic,Kurumi Nara v Ana Ivanovic,60,2016-12-08 10:20:36.732,1.59,2016-12-08 10:30:00,
1.128680292,2249841,Ana Ivanovic,Kurumi Nara v Ana Ivanovic,70,2016-12-08 10:22:18.563,1.63,2016-12-08 10:30:00,
1.128680292,2249841,Ana Ivanovic,Kurumi Nara v Ana Ivanovic,80,2016-12-08 10:25:36.274,1.55,2016-12-08 10:30:00,
1.128680292,2249841,Ana Ivanovic,Kurumi Nara v Ana Ivanovic,90,2016-12-08 10:27:36.321,1.57,2016-12-08 10:30:00,
1.128680292,2249841,Ana Ivanovic,Kurumi Nara v Ana Ivanovic,100,2016-12-08 10:29:37.651,1.59,2016-12-08 10:30:00,2016-12-08 10:28:37.468
1.128680292,3375664,Kurumi Nara,Kurumi Nara v Ana Ivanovic,0,2016-12-08 09:34:56.218,2.96,2016-12-08 10:30:00,
1.128680292,3375664,Kurumi Nara,Kurumi Nara v Ana Ivanovic,10,2016-12-08 09:40:05.955,2.7,2016-12-08 10:30:00,
1.128680292,3375664,Kurumi Nara,Kurumi Nara v Ana Ivanovic,20,2016-12-08 09:54:10.275,2.9,2016-12-08 10:30:00,
1.128680292,3375664,Kurumi Nara,Kurumi Nara v Ana Ivanovic,30,2016-12-08 10:07:19.520,2.66,2016-12-08 10:30:00,
1.128680292,3375664,Kurumi Nara,Kurumi Nara v Ana Ivanovic,40,2016-12-08 10:17:31.602,2.5,2016-12-08 10:30:00,
1.128680292,3375664,Kurumi Nara,Kurumi Nara v Ana Ivanovic,50,2016-12-08 10:18:18.286,2.68,2016-12-08 10:30:00,
1.128680292,3375664,Kurumi Nara,Kurumi Nara v Ana Ivanovic,60,2016-12-08 10:22:18.563,2.58,2016-12-08 10:30:00,
1.128680292,3375664,Kurumi Nara,Kurumi Nara v Ana Ivanovic,70,2016-12-08 10:25:36.274,2.62,2016-12-08 10:30:00,
1.128680292,3375664,Kurumi Nara,Kurumi Nara v Ana Ivanovic,80,2016-12-08 10:26:36.763,2.66,2016-12-08 10:30:00,
1.128680292,3375664,Kurumi Nara,Kurumi Nara v Ana Ivanovic,90,2016-12-08 10:27:36.321,2.7,2016-12-08 10:30:00,
1.128680292,3375664,Kurumi Nara,Kurumi Nara v Ana Ivanovic,100,2016-12-08 10:29:37.651,2.7,2016-12-08 10:30:00,2016-12-08 10:28:37.468
1.128680293,2222464,Goran Ivanisevic,Marat Safin v Goran Ivanisevic,0,2016-12-08 09:28:30.129,1.56,2016-12-08 11:00:00,
1.128680293,2222464,Goran Ivanisevic,Marat Safin v Goran Ivanisevic,10,2016-12-08 10:01:12.737,1.69,2016-12-08 11:00:00,
1.128680293,2222464,Goran Ivanisevic,Marat Safin v Goran Ivanisevic,20,2016-12-08 10:15:04.799,1.69,2016-12-08 11:00:00,
1.128680293,2222464,Goran Ivanisevic,Marat Safin v Goran Ivanisevic,30,2016-12-08 10:36:38.613,1.69,2016-12-08 11:00:00,
1.128680293,2222464,Goran Ivanisevic,Marat Safin v Goran Ivanisevic,40,2016-12-08 10:39:38.277,1.62,2016-12-08 11:00:00,
1.128680293,2222464,Goran Ivanisevic,Marat Safin v Goran Ivanisevic,50,2016-12-08 10:48:43.068,1.58,2016-12-08 11:00:00,
1.128680293,2222464,Goran Ivanisevic,Marat Safin v Goran Ivanisevic,60,2016-12-08 10:50:43.282,1.75,2016-12-08 11:00:00,2016-12-08 10:49:43.115
1.128680293,2222464,Goran Ivanisevic,Marat Safin v Goran Ivanisevic,70,2016-12-08 10:52:43.041,1.74,2016-12-08 11:00:00,2016-12-08 10:49:43.115
1.128680293,2222464,Goran Ivanisevic,Marat Safin v Goran Ivanisevic,80,2016-12-08 10:54:43.114,1.48,2016-12-08 11:00:00,2016-12-08 10:49:43.115
1.128680293,2222464,Goran Ivanisevic,Marat Safin v Goran Ivanisevic,90,2016-12-08 10:56:43.701,1.25,2016-12-08 11:00:00,2016-12-08 10:49:43.115
1.128680293,2222464,Goran Ivanisevic,Marat Safin v Goran Ivanisevic,100,2016-12-08 10:59:43.681,1.64,2016-12-08 11:00:00,2016-12-08 10:49:43.115
1.128680293,2256510,Marat Safin,Marat Safin v Goran Ivanisevic,0,2016-12-08 09:31:31.210,2.6,2016-12-08 11:00:00,
1.128680293,2256510,Marat Safin,Marat Safin v Goran Ivanisevic,10,2016-12-08 10:15:04.799,2.44,2016-12-08 11:00:00,
1.128680293,2256510,Marat Safin,Marat Safin v Goran Ivanisevic,20,2016-12-08 10:16:09.290,2.6,2016-12-08 11:00:00,
1.128680293,2256510,Marat Safin,Marat Safin v Goran Ivanisevic,30,2016-12-08 10:38:34.499,2.5,2016-12-08 11:00:00,
1.128680293,2256510,Marat Safin,Marat Safin v Goran Ivanisevic,40,2016-12-08 10:39:38.277,2.6,2016-12-08 11:00:00,
1.128680293,2256510,Marat Safin,Marat Safin v Goran Ivanisevic,50,2016-12-08 10:48:43.068,2.6,2016-12-08 11:00:00,
1.128680293,2256510,Marat Safin,Marat Safin v Goran Ivanisevic,60,2016-12-08 10:51:40.709,2.28,2016-12-08 11:00:00,2016-12-08 10:49:43.115
1.128680293,2256510,Marat Safin,Marat Safin v Goran Ivanisevic,70,2016-12-08 10:52:43.041,2.52,2016-12-08 11:00:00,2016-12-08 10:49:43.115
1.128680293,2256510,Marat Safin,Marat Safin v Goran Ivanisevic,80,2016-12-08 10:54:43.114,3.05,2016-12-08 11:00:00,2016-12-08 10:49:43.115
1.128680293,2256510,Marat Safin,Marat Safin v Goran Ivanisevic,90,2016-12-08 10:56:43.701,6.2,2016-12-08 11:00:00,2016-12-08 10:49:43.115
1.128680293,2256510,Marat Safin,Marat Safin v Goran Ivanisevic,100,2016-12-08 10:59:43.681,2.56,2016-12-08 11:00:00,2016-12-08 10:49:43.115
1.128682624,12182321,Dodig/Lopez,Baghdatis/Melo v Dodig/Lopez,0,2016-12-08 12:42:33.036,1.23,2016-12-08 14:00:00,
1.128682624,12182321,Dodig/Lopez,Baghdatis/Melo v Dodig/Lopez,10,2016-12-08 12:43:53.171,1.27,2016-12-08 14:00:00,
1.128682624,12182321,Dodig/Lopez,Baghdatis/Melo v Dodig/Lopez,20,2016-12-08 13:31:38.372,1.74,2016-12-08 14:00:00,
1.128682624,12182321,Dodig/Lopez,Baghdatis/Melo v Dodig/Lopez,30,2016-12-08 13:48:26.638,1.64,2016-12-08 14:00:00,
1.128682624,12182321,Dodig/Lopez,Baghdatis/Melo v Dodig/Lopez,40,2016-12-08 13:50:10.230,1.63,2016-12-08 14:00:00,
1.128682624,12182321,Dodig/Lopez,Baghdatis/Melo v Dodig/Lopez,50,2016-12-08 13:52:56.488,1.62,2016-12-08 14:00:00,
1.128682624,12182321,Dodig/Lopez,Baghdatis/Melo v Dodig/Lopez,60,2016-12-08 13:54:56.455,1.61,2016-12-08 14:00:00,
1.128682624,12182321,Dodig/Lopez,Baghdatis/Melo v Dodig/Lopez,70,2016-12-08 13:55:56.364,1.6,2016-12-08 14:00:00,
1.128682624,12182321,Dodig/Lopez,Baghdatis/Melo v Dodig/Lopez,80,2016-12-08 13:56:55.667,1.59,2016-12-08 14:00:00,
1.128682624,12182321,Dodig/Lopez,Baghdatis/Melo v Dodig/Lopez,90,2016-12-08 13:57:56.461,1.77,2016-12-08 14:00:00,2016-12-08 13:57:56.461
1.128682624,12182321,Dodig/Lopez,Baghdatis/Melo v Dodig/Lopez,100,2016-12-08 13:59:56.389,2.08,2016-12-08 14:00:00,2016-12-08 13:57:56.461
1.128682903,7299658,Nick Kyrgios,Nick Kyrgios v Feliciano Lopez,0,2016-12-08 12:48:11.059,1.41,2016-12-08 14:30:00,
1.128682903,7299658,Nick Kyrgios,Nick Kyrgios v Feliciano Lopez,10,2016-12-08 12:57:16.132,1.46,2016-12-08 14:30:00,
1.128682903,7299658,Nick Kyrgios,Nick Kyrgios v Feliciano Lopez,20,2016-12-08 13:38:47.036,1.44,2016-12-08 14:30:00,
1.128682903,7299658,Nick Kyrgios,Nick Kyrgios v Feliciano Lopez,30,2016-12-08 13:51:55.711,1.44,2016-12-08 14:30:00,
1.128682903,7299658,Nick Kyrgios,Nick Kyrgios v Feliciano Lopez,40,2016-12-08 14:02:32.753,1.46,2016-12-08 14:30:00,
1.128682903,7299658,Nick Kyrgios,Nick Kyrgios v Feliciano Lopez,50,2016-12-08 14:06:05.596,1.95,2016-12-08 14:30:00,
1.128682903,7299658,Nick Kyrgios,Nick Kyrgios v Feliciano Lopez,60,2016-12-08 14:07:51.176,1.45,2016-12-08 14:30:00,
1.128682903,7299658,Nick Kyrgios,Nick Kyrgios v Feliciano Lopez,70,2016-12-08 14:10:14.082,1.5,2016-12-08 14:30:00,
1.128682903,7299658,Nick Kyrgios,Nick Kyrgios v Feliciano Lopez,80,2016-12-08 14:12:09.435,1.43,2016-12-08 14:30:00,
1.128682903,7299658,Nick Kyrgios,Nick Kyrgios v Feliciano Lopez,90,2016-12-08 14:20:04.667,1.52,2016-12-08 14:30:00,
1.128682903,7299658,Nick Kyrgios,Nick Kyrgios v Feliciano Lopez,100,2016-12-08 14:29:01.756,1.5,2016-12-08 14:30:00,
1.128705712,9625470,R Ramanathan,R Ramanathan v M Roy,0,2016-12-09 07:19:32.439,1.24,2016-12-09 12:05:00,
1.128705712,9625470,R Ramanathan,R Ramanathan v M Roy,10,2016-12-09 07:44:36.860,1.2,2016-12-09 12:05:00,
1.128705712,9625470,R Ramanathan,R Ramanathan v M Roy,20,2016-12-09 07:52:44.112,1.22,2016-12-09 12:05:00,
1.128705712,9625470,R Ramanathan,R Ramanathan v M Roy,30,2016-12-09 09:04:02.889,1.1,2016-12-09 12:05:00,
1.128705712,9625470,R Ramanathan,R Ramanathan v M Roy,40,2016-12-09 09:04:59.808,1.08,2016-12-09 12:05:00,
1.128705712,9625470,R Ramanathan,R Ramanathan v M Roy,50,2016-12-09 09:36:38.683,1.2,2016-12-09 12:05:00,
1.128705712,9625470,R Ramanathan,R Ramanathan v M Roy,60,2016-12-09 10:07:01.667,1.12,2016-12-09 12:05:00,
1.128705712,9625470,R Ramanathan,R Ramanathan v M Roy,70,2016-12-09 10:55:15.802,1.11,2016-12-09 12:05:00,
1.128705712,9625470,R Ramanathan,R Ramanathan v M Roy,80,2016-12-09 11:54:25.344,1.1,2016-12-09 12:05:00,
1.128705712,9625470,R Ramanathan,R Ramanathan v M Roy,90,2016-12-09 11:57:42.898,1.12,2016-12-09 12:05:00,
1.128705712,9625470,R Ramanathan,R Ramanathan v M Roy,100,2016-12-09 12:03:06.430,1.1,2016-12-09 12:05:00,2016-12-09 11:59:43.010
1.128706817,2256470,Tomas Berdych,Fernando Verdasco v Tomas Berdych,0,2016-12-09 11:04:52.200,1.48,2016-12-09 12:30:00,
1.128706817,2256470,Tomas Berdych,Fernando Verdasco v Tomas Berdych,10,2016-12-09 11:27:35.198,1.4,2016-12-09 12:30:00,
1.128706817,2256470,Tomas Berdych,Fernando Verdasco v Tomas Berdych,20,2016-12-09 11:46:19.356,1.46,2016-12-09 12:30:00,
1.128706817,2256470,Tomas Berdych,Fernando Verdasco v Tomas Berdych,30,2016-12-09 12:05:09.407,1.46,2016-12-09 12:30:00,
1.128706817,2256470,Tomas Berdych,Fernando Verdasco v Tomas Berdych,40,2016-12-09 12:13:53.340,1.48,2016-12-09 12:30:00,
1.128706817,2256470,Tomas Berdych,Fernando Verdasco v Tomas Berdych,50,2016-12-09 12:15:54.124,1.56,2016-12-09 12:30:00,
1.128706817,2256470,Tomas Berdych,Fernando Verdasco v Tomas Berdych,60,2016-12-09 12:19:48.940,1.63,2016-12-09 12:30:00,
1.128706817,2256470,Tomas Berdych,Fernando Verdasco v Tomas Berdych,70,2016-12-09 12:22:53.984,1.48,2016-12-09 12:30:00,
1.128706817,2256470,Tomas Berdych,Fernando Verdasco v Tomas Berdych,80,2016-12-09 12:24:54.152,1.57,2016-12-09 12:30:00,
1.128706817,2256470,Tomas Berdych,Fernando Verdasco v Tomas Berdych,90,2016-12-09 12:26:54.208,1.91,2016-12-09 12:30:00,2016-12-09 12:25:54.391
1.128706817,2256470,Tomas Berdych,Fernando Verdasco v Tomas Berdych,100,2016-12-09 12:29:54.125,1.81,2016-12-09 12:30:00,2016-12-09 12:25:54.391
1.128706817,2256480,Fernando Verdasco,Fernando Verdasco v Tomas Berdych,0,2016-12-09 12:03:47.185,3.05,2016-12-09 12:30:00,
1.128706817,2256480,Fernando Verdasco,Fernando Verdasco v Tomas Berdych,10,2016-12-09 12:10:11.746,3.0,2016-12-09 12:30:00,
1.128706817,2256480,Fernando Verdasco,Fernando Verdasco v Tomas Berdych,20,2016-12-09 12:14:32.409,2.8,2016-12-09 12:30:00,
1.128706817,2256480,Fernando Verdasco,Fernando Verdasco v Tomas Berdych,30,2016-12-09 12:18:52.093,2.72,2016-12-09 12:30:00,
1.128706817,2256480,Fernando Verdasco,Fernando Verdasco v Tomas Berdych,40,2016-12-09 12:20:53.744,2.62,2016-12-09 12:30:00,
1.128706817,2256480,Fernando Verdasco,Fernando Verdasco v Tomas Berdych,50,2016-12-09 12:21:52.773,2.6,2016-12-09 12:30:00,
1.128706817,2256480,Fernando Verdasco,Fernando Verdasco v Tomas Berdych,60,2016-12-09 12:22:53.984,2.98,2016-12-09 12:30:00,
1.128706817,2256480,Fernando Verdasco,Fernando Verdasco v Tomas Berdych,70,2016-12-09 12:24:54.152,2.58,2016-12-09 12:30:00,
1.128706817,2256480,Fernando Verdasco,Fernando Verdasco v Tomas Berdych,80,2016-12-09 12:25:54.391,2.24,2016-12-09 12:30:00,2016-12-09 12:25:54.391
1.128706817,2256480,Fernando Verdasco,Fernando Verdasco v Tomas Berdych,90,2016-12-09 12:26:54.208,2.1,2016-12-09 12:30:00,2016-12-09 12:25:54.391
1.128706817,2256480,Fernando Verdasco,Fernando Verdasco v Tomas Berdych,100,2016-12-09 12:29:54.125,2.26,2016-12-09 12:30:00,2016-12-09 12:25:54.391
1.12871433,2264530,Kirsten Flipkens,Kirsten Flipkens v Kiki Bertens,0,2016-12-09 14:33:56.239,3.0,2016-12-09 15:00:00,
1.12871433,2264530,Kirsten Flipkens,Kirsten Flipkens v Kiki Bertens,10,2016-12-09 14:42:02.486,3.15,2016-12-09 15:00:00,
1.12871433,2264530,Kirsten Flipkens,Kirsten Flipkens v Kiki Bertens,20,2016-12-09 14:44:02.025,3.0,2016-12-09 15:00:00,
1.12871433,2264530,Kirsten Flipkens,Kirsten Flipkens v Kiki Bertens,30,2016-12-09 14:45:47.904,2.74,2016-12-09 15:00:00,
1.12871433,2264530,Kirsten Flipkens,Kirsten Flipkens v Kiki Bertens,40,2016-12-09 14:50:56.509,2.8,2016-12-09 15:00:00,
1.12871433,2264530,Kirsten Flipkens,Kirsten Flipkens v Kiki Bertens,50,2016-12-09 14:52:02.586,3.0,2016-12-09 15:00:00,
1.12871433,2264530,Kirsten Flipkens,Kirsten Flipkens v Kiki Bertens,60,2016-12-09 14:52:56.032,2.44,2016-12-09 15:00:00,2016-12-09 14:52:56.032
1.12871433,2264530,Kirsten Flipkens,Kirsten Flipkens v Kiki Bertens,70,2016-12-09 14:55:02.332,1.8,2016-12-09 15:00:00,2016-12-09 14:52:56.032
1.12871433,2264530,Kirsten Flipkens,Kirsten Flipkens v Kiki Bertens,80,2016-12-09 14:56:02.055,1.7,2016-12-09 15:00:00,2016-12-09 14:52:56.032
1.12871433,2264530,Kirsten Flipkens,Kirsten Flipkens v Kiki Bertens,90,2016-12-09 14:57:02.366,1.84,2016-12-09 15:00:00,2016-12-09 14:52:56.032
1.12871433,2264530,Kirsten Flipkens,Kirsten Flipkens v Kiki Bertens,100,2016-12-09 14:59:02.294,2.88,2016-12-09 15:00:00,2016-12-09 14:52:56.032
1.12871433,5611697,Kiki Bertens,Kirsten Flipkens v Kiki Bertens,0,2016-12-09 14:03:13.606,1.57,2016-12-09 15:00:00,
1.12871433,5611697,Kiki Bertens,Kirsten Flipkens v Kiki Bertens,10,2016-12-09 14:32:00.918,1.5,2016-12-09 15:00:00,
1.12871433,5611697,Kiki Bertens,Kirsten Flipkens v Kiki Bertens,20,2016-12-09 14:42:02.486,1.46,2016-12-09 15:00:00,
1.12871433,5611697,Kiki Bertens,Kirsten Flipkens v Kiki Bertens,30,2016-12-09 14:44:02.025,1.47,2016-12-09 15:00:00,
1.12871433,5611697,Kiki Bertens,Kirsten Flipkens v Kiki Bertens,40,2016-12-09 14:45:47.904,1.57,2016-12-09 15:00:00,
1.12871433,5611697,Kiki Bertens,Kirsten Flipkens v Kiki Bertens,50,2016-12-09 14:50:56.509,1.52,2016-12-09 15:00:00,
1.12871433,5611697,Kiki Bertens,Kirsten Flipkens v Kiki Bertens,60,2016-12-09 14:52:02.586,1.5,2016-12-09 15:00:00,
1.12871433,5611697,Kiki Bertens,Kirsten Flipkens v Kiki Bertens,70,2016-12-09 14:54:01.468,1.98,2016-12-09 15:00:00,2016-12-09 14:52:56.032
1.12871433,5611697,Kiki Bertens,Kirsten Flipkens v Kiki Bertens,80,2016-12-09 14:55:02.332,2.12,2016-12-09 15:00:00,2016-12-09 14:52:56.032
1.12871433,5611697,Kiki Bertens,Kirsten Flipkens v Kiki Bertens,90,2016-12-09 14:57:02.366,2.18,2016-12-09 15:00:00,2016-12-09 14:52:56.032
1.12871433,5611697,Kiki Bertens,Kirsten Flipkens v Kiki Bertens,100,2016-12-09 14:59:02.294,1.5,2016-12-09 15:00:00,2016-12-09 14:52:56.032
1.128714364,2256481,Carlos Moya,Thomas Enqvist v Carlos Moya,0,2016-12-09 14:51:12.205,1.47,2016-12-09 15:30:00,
1.128714364,2256481,Carlos Moya,Thomas Enqvist v Carlos Moya,10,2016-12-09 15:16:15.761,1.46,2016-12-09 15:30:00,
1.128714364,2256481,Carlos Moya,Thomas Enqvist v Carlos Moya,20,2016-12-09 15:18:16.862,1.45,2016-12-09 15:30:00,
1.128714364,2256481,Carlos Moya,Thomas Enqvist v Carlos Moya,30,2016-12-09 15:19:15.581,1.41,2016-12-09 15:30:00,
1.128714364,2256481,Carlos Moya,Thomas Enqvist v Carlos Moya,40,2016-12-09 15:21:17.402,1.33,2016-12-09 15:30:00,2016-12-09 15:21:17.402
1.128714364,2256481,Carlos Moya,Thomas Enqvist v Carlos Moya,50,2016-12-09 15:22:17.570,1.17,2016-12-09 15:30:00,2016-12-09 15:21:17.402
1.128714364,2256481,Carlos Moya,Thomas Enqvist v Carlos Moya,60,2016-12-09 15:23:16.799,1.51,2016-12-09 15:30:00,2016-12-09 15:21:17.402
1.128714364,2256481,Carlos Moya,Thomas Enqvist v Carlos Moya,70,2016-12-09 15:25:17.106,1.56,2016-12-09 15:30:00,2016-12-09 15:21:17.402
1.128714364,2256481,Carlos Moya,Thomas Enqvist v Carlos Moya,80,2016-12-09 15:26:17.555,1.45,2016-12-09 15:30:00,2016-12-09 15:21:17.402
1.128714364,2256481,Carlos Moya,Thomas Enqvist v Carlos Moya,90,2016-12-09 15:27:16.428,1.31,2016-12-09 15:30:00,2016-12-09 15:21:17.402
1.128714364,2256481,Carlos Moya,Thomas Enqvist v Carlos Moya,100,2016-12-09 15:29:16.910,1.68,2016-12-09 15:30:00,2016-12-09 15:21:17.402
1.128714366,9034638,Mirza/Bopanna,Mirza/Bopanna v Bertens/Melo,0,2016-12-09 14:06:21.655,1.24,2016-12-09 16:00:00,
1.128714366,9034638,Mirza/Bopanna,Mirza/Bopanna v Bertens/Melo,10,2016-12-09 14:10:19.457,1.3,2016-12-09 16:00:00,
1.128714366,9034638,Mirza/Bopanna,Mirza/Bopanna v Bertens/Melo,20,2016-12-09 14:13:16.637,1.45,2016-12-09 16:00:00,
1.128714366,9034638,Mirza/Bopanna,Mirza/Bopanna v Bertens/Melo,30,2016-12-09 14:33:52.204,1.34,2016-12-09 16:00:00,
1.128714366,9034638,Mirza/Bopanna,Mirza/Bopanna v Bertens/Melo,40,2016-12-09 15:10:16.800,1.46,2016-12-09 16:00:00,
1.128714366,9034638,Mirza/Bopanna,Mirza/Bopanna v Bertens/Melo,50,2016-12-09 15:24:17.545,1.43,2016-12-09 16:00:00,
1.128714366,9034638,Mirza/Bopanna,Mirza/Bopanna v Bertens/Melo,60,2016-12-09 15:50:23.246,1.45,2016-12-09 16:00:00,
1.128714366,9034638,Mirza/Bopanna,Mirza/Bopanna v Bertens/Melo,70,2016-12-09 15:52:22.163,1.37,2016-12-09 16:00:00,2016-12-09 15:52:22.163
1.128714366,9034638,Mirza/Bopanna,Mirza/Bopanna v Bertens/Melo,80,2016-12-09 15:54:23.085,1.11,2016-12-09 16:00:00,2016-12-09 15:52:22.163
1.128714366,9034638,Mirza/Bopanna,Mirza/Bopanna v Bertens/Melo,90,2016-12-09 15:56:23.626,1.11,2016-12-09 16:00:00,2016-12-09 15:52:22.163
1.128714366,9034638,Mirza/Bopanna,Mirza/Bopanna v Bertens/Melo,100,2016-12-09 15:59:23.897,1.15,2016-12-09 16:00:00,2016-12-09 15:52:22.163
1.128714366,12196490,Bertens/Melo,Mirza/Bopanna v Bertens/Melo,0,2016-12-09 15:10:16.800,3.15,2016-12-09 16:00:00,
1.128714366,12196490,Bertens/Melo,Mirza/Bopanna v Bertens/Melo,10,2016-12-09 15:18:22.153,3.1,2016-12-09 16:00:00,
1.128714366,12196490,Bertens/Melo,Mirza/Bopanna v Bertens/Melo,20,2016-12-09 15:49:16.398,3.35,2016-12-09 16:00:00,
1.128714366,12196490,Bertens/Melo,Mirza/Bopanna v Bertens/Melo,30,2016-12-09 15:50:23.246,3.2,2016-12-09 16:00:00,
1.128714366,12196490,Bertens/Melo,Mirza/Bopanna v Bertens/Melo,40,2016-12-09 15:51:23.749,3.55,2016-12-09 16:00:00,
1.128714366,12196490,Bertens/Melo,Mirza/Bopanna v Bertens/Melo,50,2016-12-09 15:53:23.773,5.5,2016-12-09 16:00:00,2016-12-09 15:52:22.163
1.128714366,12196490,Bertens/Melo,Mirza/Bopanna v Bertens/Melo,60,2016-12-09 15:54:23.085,10.0,2016-12-09 16:00:00,2016-12-09 15:52:22.163
1.128714366,12196490,Bertens/Melo,Mirza/Bopanna v Bertens/Melo,70,2016-12-09 15:55:23.626,8.8,2016-12-09 16:00:00,2016-12-09 15:52:22.163
1.128714366,12196490,Bertens/Melo,Mirza/Bopanna v Bertens/Melo,80,2016-12-09 15:56:23.626,7.2,2016-12-09 16:00:00,2016-12-09 15:52:22.163
1.128714366,12196490,Bertens/Melo,Mirza/Bopanna v Bertens/Melo,90,2016-12-09 15:57:22.521,13.5,2016-12-09 16:00:00,2016-12-09 15:52:22.163
1.128714366,12196490,Bertens/Melo,Mirza/Bopanna v Bertens/Melo,100,2016-12-09 15:59:23.897,10.0,2016-12-09 16:00:00,2016-12-09 15:52:22.163
1.128726666,9628905,K Bertens,K Bertens v J Jankovic,0,2016-12-10 10:38:10.342,1.5,2016-12-10 11:00:00,
1.128726666,9628905,K Bertens,K Bertens v J Jankovic,10,2016-12-10 10:40:08.140,1.52,2016-12-10 11:00:00,
1.128726666,9628905,K Bertens,K Bertens v J Jankovic,20,2016-12-10 10:42:13.877,1.53,2016-12-10 11:00:00,
1.128726666,9628905,K Bertens,K Bertens v J Jankovic,30,2016-12-10 10:43:46.696,1.5,2016-12-10 11:00:00,
1.128726666,9628905,K Bertens,K Bertens v J Jankovic,40,2016-12-10 10:50:14.198,1.54,2016-12-10 11:00:00,
1.128726666,9628905,K Bertens,K Bertens v J Jankovic,50,2016-12-10 10:54:09.460,1.51,2016-12-10 11:00:00,
1.128726666,9628905,K Bertens,K Bertens v J Jankovic,60,2016-12-10 10:55:11.878,1.5,2016-12-10 11:00:00,
1.128726666,9628905,K Bertens,K Bertens v J Jankovic,70,2016-12-10 10:57:13.013,1.49,2016-12-10 11:00:00,
1.128726666,9628905,K Bertens,K Bertens v J Jankovic,80,2016-12-10 10:57:59.913,1.27,2016-12-10 11:00:00,
1.128726666,9628905,K Bertens,K Bertens v J Jankovic,90,2016-12-10 10:58:54.182,1.47,2016-12-10 11:00:00,
1.128726666,9628905,K Bertens,K Bertens v J Jankovic,100,2016-12-10 10:59:32.082,1.5,2016-12-10 11:00:00,
1.128735145,12230137,Felciano Lopez,Marcos Baghdatis v Felciano Lopez,0,2016-12-11 11:45:50.256,1.48,2016-12-11 12:30:00,
1.128735145,12230137,Felciano Lopez,Marcos Baghdatis v Felciano Lopez,10,2016-12-11 11:52:53.062,2.3,2016-12-11 12:30:00,
1.128735145,12230137,Felciano Lopez,Marcos Baghdatis v Felciano Lopez,20,2016-12-11 11:57:03.923,1.51,2016-12-11 12:30:00,
1.128735145,12230137,Felciano Lopez,Marcos Baghdatis v Felciano Lopez,30,2016-12-11 11:59:03.047,1.57,2016-12-11 12:30:00,
1.128735145,12230137,Felciano Lopez,Marcos Baghdatis v Felciano Lopez,40,2016-12-11 12:01:01.098,1.57,2016-12-11 12:30:00,
1.128735145,12230137,Felciano Lopez,Marcos Baghdatis v Felciano Lopez,50,2016-12-11 12:01:55.860,1.56,2016-12-11 12:30:00,
1.128735145,12230137,Felciano Lopez,Marcos Baghdatis v Felciano Lopez,60,2016-12-11 12:05:38.860,1.55,2016-12-11 12:30:00,
1.128735145,12230137,Felciano Lopez,Marcos Baghdatis v Felciano Lopez,70,2016-12-11 12:08:56.634,1.55,2016-12-11 12:30:00,
1.128735145,12230137,Felciano Lopez,Marcos Baghdatis v Felciano Lopez,80,2016-12-11 12:14:46.859,1.54,2016-12-11 12:30:00,
1.128735145,12230137,Felciano Lopez,Marcos Baghdatis v Felciano Lopez,90,2016-12-11 12:15:21.822,1.56,2016-12-11 12:30:00,
1.128735145,12230137,Felciano Lopez,Marcos Baghdatis v Felciano Lopez,100,2016-12-11 12:27:03.725,1.54,2016-12-11 12:30:00,
1.12874412,9622866,A Krunic,A Krunic v S Celik,0,2016-12-12 03:59:03.911,1.3,2016-12-12 09:35:00,
1.12874412,9622866,A Krunic,A Krunic v S Celik,10,2016-12-12 06:44:57.817,1.42,2016-12-12 09:35:00,2016-12-12 06:30:07.584
1.12874412,9622866,A Krunic,A Krunic v S Celik,20,2016-12-12 07:44:50.933,1.17,2016-12-12 09:35:00,2016-12-12 06:30:07.584
1.12874412,9622866,A Krunic,A Krunic v S Celik,30,2016-12-12 08:23:53.322,1.25,2016-12-12 09:35:00,2016-12-12 06:30:07.584
1.12874412,9622866,A Krunic,A Krunic v S Celik,40,2016-12-12 08:31:08.543,1.38,2016-12-12 09:35:00,2016-12-12 06:30:07.584
1.12874412,9622866,A Krunic,A Krunic v S Celik,50,2016-12-12 08:39:04.658,1.25,2016-12-12 09:35:00,2016-12-12 06:30:07.584
1.12874412,9622866,A Krunic,A Krunic v S Celik,60,2016-12-12 08:46:12.172,1.23,2016-12-12 09:35:00,2016-12-12 06:30:07.584
1.12874412,9622866,A Krunic,A Krunic v S Celik,70,2016-12-12 09:00:05.287,1.2,2016-12-12 09:35:00,2016-12-12 06:30:07.584
1.12874412,9622866,A Krunic,A Krunic v S Celik,80,2016-12-12 09:07:00.896,1.16,2016-12-12 09:35:00,2016-12-12 06:30:07.584
1.12874412,9622866,A Krunic,A Krunic v S Celik,90,2016-12-12 09:26:00.566,1.18,2016-12-12 09:35:00,2016-12-12 06:30:07.584
1.12874412,9622866,A Krunic,A Krunic v S Celik,100,2016-12-12 09:34:10.480,1.24,2016-12-12 09:35:00,2016-12-12 06:30:07.584
1.12874412,9630523,S Celik,A Krunic v S Celik,0,2016-12-12 06:07:45.726,3.5,2016-12-12 09:35:00,
1.12874412,9630523,S Celik,A Krunic v S Celik,10,2016-12-12 06:55:09.316,3.75,2016-12-12 09:35:00,2016-12-12 06:30:07.584
1.12874412,9630523,S Celik,A Krunic v S Celik,20,2016-12-12 08:11:03.042,4.1,2016-12-12 09:35:00,2016-12-12 06:30:07.584
1.12874412,9630523,S Celik,A Krunic v S Celik,30,2016-12-12 08:28:45.501,4.3,2016-12-12 09:35:00,2016-12-12 06:30:07.584
1.12874412,9630523,S Celik,A Krunic v S Celik,40,2016-12-12 08:33:57.781,4.3,2016-12-12 09:35:00,2016-12-12 06:30:07.584
1.12874412,9630523,S Celik,A Krunic v S Celik,50,2016-12-12 08:41:09.043,5.3,2016-12-12 09:35:00,2016-12-12 06:30:07.584
1.12874412,9630523,S Celik,A Krunic v S Celik,60,2016-12-12 08:46:12.172,5.5,2016-12-12 09:35:00,2016-12-12 06:30:07.584
1.12874412,9630523,S Celik,A Krunic v S Celik,70,2016-12-12 09:00:05.287,6.0,2016-12-12 09:35:00,2016-12-12 06:30:07.584
1.12874412,9630523,S Celik,A Krunic v S Celik,80,2016-12-12 09:02:10.627,6.4,2016-12-12 09:35:00,2016-12-12 06:30:07.584
1.12874412,9630523,S Celik,A Krunic v S Celik,90,2016-12-12 09:04:08.891,7.0,2016-12-12 09:35:00,2016-12-12 06:30:07.584
1.12874412,9630523,S Celik,A Krunic v S Celik,100,2016-12-12 09:22:51.017,6.2,2016-12-12 09:35:00,2016-12-12 06:30:07.584
1.128744121,8197354,T Moore,N Vikhlyantseva v T Moore,0,2016-12-12 01:57:23.784,2.52,2016-12-12 09:35:00,
1.128744121,8197354,T Moore,N Vikhlyantseva v T Moore,10,2016-12-12 04:47:05.522,2.48,2016-12-12 09:35:00,
1.128744121,8197354,T Moore,N Vikhlyantseva v T Moore,20,2016-12-12 06:44:07.456,1.11,2016-12-12 09:35:00,2016-12-12 06:30:07.798
1.128744121,8197354,T Moore,N Vikhlyantseva v T Moore,30,2016-12-12 07:22:34.418,2.7,2016-12-12 09:35:00,2016-12-12 06:30:07.798
1.128744121,8197354,T Moore,N Vikhlyantseva v T Moore,40,2016-12-12 08:08:03.840,3.45,2016-12-12 09:35:00,2016-12-12 06:30:07.798
1.128744121,8197354,T Moore,N Vikhlyantseva v T Moore,50,2016-12-12 08:09:56.254,3.0,2016-12-12 09:35:00,2016-12-12 06:30:07.798
1.128744121,8197354,T Moore,N Vikhlyantseva v T Moore,60,2016-12-12 08:27:07.279,2.92,2016-12-12 09:35:00,2016-12-12 06:30:07.798
1.128744121,8197354,T Moore,N Vikhlyantseva v T Moore,70,2016-12-12 08:31:04.769,2.8,2016-12-12 09:35:00,2016-12-12 06:30:07.798
1.128744121,8197354,T Moore,N Vikhlyantseva v T Moore,80,2016-12-12 08:32:12.268,2.92,2016-12-12 09:35:00,2016-12-12 06:30:07.798
1.128744121,8197354,T Moore,N Vikhlyantseva v T Moore,90,2016-12-12 09:04:01.777,2.46,2016-12-12 09:35:00,2016-12-12 06:30:07.798
1.128744121,8197354,T Moore,N Vikhlyantseva v T Moore,100,2016-12-12 09:19:12.222,2.46,2016-12-12 09:35:00,2016-12-12 06:30:07.798
1.128744121,9628371,N Vikhlyantseva,N Vikhlyantseva v T Moore,0,2016-12-12 01:57:23.784,1.66,2016-12-12 09:35:00,
1.128744121,9628371,N Vikhlyantseva,N Vikhlyantseva v T Moore,10,2016-12-12 07:22:34.418,1.58,2016-12-12 09:35:00,2016-12-12 06:30:07.798
1.128744121,9628371,N Vikhlyantseva,N Vikhlyantseva v T Moore,20,2016-12-12 07:34:01.572,1.7,2016-12-12 09:35:00,2016-12-12 06:30:07.798
1.128744121,9628371,N Vikhlyantseva,N Vikhlyantseva v T Moore,30,2016-12-12 08:06:57.958,1.57,2016-12-12 09:35:00,2016-12-12 06:30:07.798
1.128744121,9628371,N Vikhlyantseva,N Vikhlyantseva v T Moore,40,2016-12-12 08:11:09.840,1.42,2016-12-12 09:35:00,2016-12-12 06:30:07.798
1.128744121,9628371,N Vikhlyantseva,N Vikhlyantseva v T Moore,50,2016-12-12 08:27:07.279,1.52,2016-12-12 09:35:00,2016-12-12 06:30:07.798
1.128744121,9628371,N Vikhlyantseva,N Vikhlyantseva v T Moore,60,2016-12-12 08:32:12.268,1.52,2016-12-12 09:35:00,2016-12-12 06:30:07.798
1.128744121,9628371,N Vikhlyantseva,N Vikhlyantseva v T Moore,70,2016-12-12 09:06:17.090,1.58,2016-12-12 09:35:00,2016-12-12 06:30:07.798
1.128744121,9628371,N Vikhlyantseva,N Vikhlyantseva v T Moore,80,2016-12-12 09:09:05.591,1.58,2016-12-12 09:35:00,2016-12-12 06:30:07.798
1.128744121,9628371,N Vikhlyantseva,N Vikhlyantseva v T Moore,90,2016-12-12 09:20:21.618,1.63,2016-12-12 09:35:00,2016-12-12 06:30:07.798
1.128744121,9628371,N Vikhlyantseva,N Vikhlyantseva v T Moore,100,2016-12-12 09:34:12.146,1.63,2016-12-12 09:35:00,2016-12-12 06:30:07.798
1.128759731,6438850,B Haas,B Haas v P Schnyder,0,2016-12-13 09:27:31.546,1.96,2016-12-13 12:35:00,
1.128759731,6438850,B Haas,B Haas v P Schnyder,10,2016-12-13 09:51:50.764,1.91,2016-12-13 12:35:00,
1.128759731,6438850,B Haas,B Haas v P Schnyder,20,2016-12-13 10:18:11.682,1.9,2016-12-13 12:35:00,
1.128759731,6438850,B Haas,B Haas v P Schnyder,30,2016-12-13 10:27:33.153,1.99,2016-12-13 12:35:00,
1.128759731,6438850,B Haas,B Haas v P Schnyder,40,2016-12-13 11:42:31.621,2.12,2016-12-13 12:35:00,
1.128759731,6438850,B Haas,B Haas v P Schnyder,50,2016-12-13 11:53:15.272,2.14,2016-12-13 12:35:00,
1.128759731,6438850,B Haas,B Haas v P Schnyder,60,2016-12-13 11:57:37.076,1.83,2016-12-13 12:35:00,
1.128759731,6438850,B Haas,B Haas v P Schnyder,70,2016-12-13 12:12:35.611,1.72,2016-12-13 12:35:00,
1.128759731,6438850,B Haas,B Haas v P Schnyder,80,2016-12-13 12:18:34.343,2.02,2016-12-13 12:35:00,
1.128759731,6438850,B Haas,B Haas v P Schnyder,90,2016-12-13 12:22:36.092,2.0,2016-12-13 12:35:00,
1.128759731,6438850,B Haas,B Haas v P Schnyder,100,2016-12-13 12:31:11.360,2.06,2016-12-13 12:35:00,2016-12-13 12:28:34.567
1.128759731,10116442,P Schnyder,B Haas v P Schnyder,0,2016-12-13 10:45:36.002,1.91,2016-12-13 12:35:00,
1.128759731,10116442,P Schnyder,B Haas v P Schnyder,10,2016-12-13 10:53:34.460,2.0,2016-12-13 12:35:00,
1.128759731,10116442,P Schnyder,B Haas v P Schnyder,20,2016-12-13 11:52:12.846,1.9,2016-12-13 12:35:00,
1.128759731,10116442,P Schnyder,B Haas v P Schnyder,30,2016-12-13 11:56:18.499,2.0,2016-12-13 12:35:00,
1.128759731,10116442,P Schnyder,B Haas v P Schnyder,40,2016-12-13 12:15:35.580,2.0,2016-12-13 12:35:00,
1.128759731,10116442,P Schnyder,B Haas v P Schnyder,50,2016-12-13 12:17:33.999,2.0,2016-12-13 12:35:00,
1.128759731,10116442,P Schnyder,B Haas v P Schnyder,60,2016-12-13 12:19:35.842,1.94,2016-12-13 12:35:00,
1.128759731,10116442,P Schnyder,B Haas v P Schnyder,70,2016-12-13 12:25:34.206,1.91,2016-12-13 12:35:00,
1.128759731,10116442,P Schnyder,B Haas v P Schnyder,80,2016-12-13 12:27:25.926,1.92,2016-12-13 12:35:00,
1.128759731,10116442,P Schnyder,B Haas v P Schnyder,90,2016-12-13 12:30:23.302,1.68,2016-12-13 12:35:00,2016-12-13 12:28:34.567
1.128759731,10116442,P Schnyder,B Haas v P Schnyder,100,2016-12-13 12:34:35.471,1.75,2016-12-13 12:35:00,2016-12-13 12:28:34.567
1.12876173,8183106,Olivia Tjandramulia,Ar Rodionova v Tjandramulia,0,2016-12-14 22:27:21.202,4.3,2016-12-15 00:15:00,
1.12876173,8183106,Olivia Tjandramulia,Ar Rodionova v Tjandramulia,10,2016-12-14 23:38:05.251,3.7,2016-12-15 00:15:00,
1.12876173,8183106,Olivia Tjandramulia,Ar Rodionova v Tjandramulia,20,2016-12-14 23:40:02.964,4.0,2016-12-15 00:15:00,
1.12876173,8183106,Olivia Tjandramulia,Ar Rodionova v Tjandramulia,30,2016-12-14 23:41:00.397,4.1,2016-12-15 00:15:00,
1.12876173,8183106,Olivia Tjandramulia,Ar Rodionova v Tjandramulia,40,2016-12-14 23:41:54.819,4.0,2016-12-15 00:15:00,
1.12876173,8183106,Olivia Tjandramulia,Ar Rodionova v Tjandramulia,50,2016-12-14 23:43:05.575,3.85,2016-12-15 00:15:00,
1.12876173,8183106,Olivia Tjandramulia,Ar Rodionova v Tjandramulia,60,2016-12-14 23:44:04.305,4.0,2016-12-15 00:15:00,
1.12876173,8183106,Olivia Tjandramulia,Ar Rodionova v Tjandramulia,70,2016-12-14 23:45:04.041,3.75,2016-12-15 00:15:00,
1.12876173,8183106,Olivia Tjandramulia,Ar Rodionova v Tjandramulia,80,2016-12-14 23:46:07.634,3.9,2016-12-15 00:15:00,
1.12876173,8183106,Olivia Tjandramulia,Ar Rodionova v Tjandramulia,90,2016-12-14 23:49:03.215,3.75,2016-12-15 00:15:00,
1.12876173,8183106,Olivia Tjandramulia,Ar Rodionova v Tjandramulia,100,2016-12-14 23:58:01.540,3.8,2016-12-15 00:15:00,
1.128762214,9635179,Jaimee Fourlis,Fourlis v Mcphee,0,2016-12-14 16:09:09.434,1.38,2016-12-15 02:45:00,
1.128762214,9635179,Jaimee Fourlis,Fourlis v Mcphee,10,2016-12-14 19:47:21.603,1.3,2016-12-15 02:45:00,
1.128762214,9635179,Jaimee Fourlis,Fourlis v Mcphee,20,2016-12-14 21:55:21.452,1.29,2016-12-15 02:45:00,
1.128762214,9635179,Jaimee Fourlis,Fourlis v Mcphee,30,2016-12-14 21:56:17.879,1.31,2016-12-15 02:45:00,
1.128762214,9635179,Jaimee Fourlis,Fourlis v Mcphee,40,2016-12-14 23:23:37.498,1.39,2016-12-15 02:45:00,
1.128762214,9635179,Jaimee Fourlis,Fourlis v Mcphee,50,2016-12-14 23:25:05.863,1.42,2016-12-15 02:45:00,
1.128762214,9635179,Jaimee Fourlis,Fourlis v Mcphee,60,2016-12-14 23:56:13.665,1.34,2016-12-15 02:45:00,
1.128762214,9635179,Jaimee Fourlis,Fourlis v Mcphee,70,2016-12-15 00:57:21.127,1.31,2016-12-15 02:45:00,
1.128762214,9635179,Jaimee Fourlis,Fourlis v Mcphee,80,2016-12-15 01:00:17.732,1.33,2016-12-15 02:45:00,
1.128762214,9635179,Jaimee Fourlis,Fourlis v Mcphee,90,2016-12-15 01:34:21.138,1.31,2016-12-15 02:45:00,
1.128762214,9635179,Jaimee Fourlis,Fourlis v Mcphee,100,2016-12-15 02:37:21.392,1.33,2016-12-15 02:45:00,
1.128762263,9123273,Abbie Myers,Myers v Bains,0,2016-12-14 18:43:39.452,1.89,2016-12-15 01:30:00,
1.128762263,9123273,Abbie Myers,Myers v Bains,10,2016-12-14 22:16:55.621,1.88,2016-12-15 01:30:00,
1.128762263,9123273,Abbie Myers,Myers v Bains,20,2016-12-14 22:27:15.585,1.89,2016-12-15 01:30:00,
1.128762263,9123273,Abbie Myers,Myers v Bains,30,2016-12-14 22:45:31.289,1.9,2016-12-15 01:30:00,
1.128762263,9123273,Abbie Myers,Myers v Bains,40,2016-12-14 23:22:42.045,1.84,2016-12-15 01:30:00,
1.128762263,9123273,Abbie Myers,Myers v Bains,50,2016-12-15 00:29:18.657,1.82,2016-12-15 01:30:00,
1.128762263,9123273,Abbie Myers,Myers v Bains,60,2016-12-15 00:31:28.389,1.71,2016-12-15 01:30:00,
1.128762263,9123273,Abbie Myers,Myers v Bains,70,2016-12-15 00:50:25.819,1.86,2016-12-15 01:30:00,
1.128762263,9123273,Abbie Myers,Myers v Bains,80,2016-12-15 01:15:27.575,1.86,2016-12-15 01:30:00,
1.128762263,9123273,Abbie Myers,Myers v Bains,90,2016-12-15 01:25:27.826,1.81,2016-12-15 01:30:00,
1.128762263,9123273,Abbie Myers,Myers v Bains,100,2016-12-15 01:28:20.348,1.87,2016-12-15 01:30:00,
1.128762264,8184201,Sara Tomic,Tomic v Bai,0,2016-12-14 10:36:50.176,1.56,2016-12-14 23:00:00,
1.128762264,8184201,Sara Tomic,Tomic v Bai,10,2016-12-14 11:10:52.642,1.56,2016-12-14 23:00:00,
1.128762264,8184201,Sara Tomic,Tomic v Bai,20,2016-12-14 16:02:57.329,1.8,2016-12-14 23:00:00,
1.128762264,8184201,Sara Tomic,Tomic v Bai,30,2016-12-14 20:09:34.919,1.66,2016-12-14 23:00:00,
1.128762264,8184201,Sara Tomic,Tomic v Bai,40,2016-12-14 20:58:44.160,1.88,2016-12-14 23:00:00,
1.128762264,8184201,Sara Tomic,Tomic v Bai,50,2016-12-14 21:40:46.516,1.86,2016-12-14 23:00:00,
1.128762264,8184201,Sara Tomic,Tomic v Bai,60,2016-12-14 21:56:36.176,1.9,2016-12-14 23:00:00,
1.128762264,8184201,Sara Tomic,Tomic v Bai,70,2016-12-14 22:08:34.665,1.93,2016-12-14 23:00:00,
1.128762264,8184201,Sara Tomic,Tomic v Bai,80,2016-12-14 22:25:41.173,1.89,2016-12-14 23:00:00,
1.128762264,8184201,Sara Tomic,Tomic v Bai,90,2016-12-14 22:49:43.573,1.79,2016-12-14 23:00:00,
1.128762264,8184201,Sara Tomic,Tomic v Bai,100,2016-12-14 22:55:47.927,1.8,2016-12-14 23:00:00,
1.128762264,9456614,Alison Bai,Tomic v Bai,0,2016-12-14 11:10:52.642,2.78,2016-12-14 23:00:00,
1.128762264,9456614,Alison Bai,Tomic v Bai,10,2016-12-14 20:06:07.759,2.26,2016-12-14 23:00:00,
1.128762264,9456614,Alison Bai,Tomic v Bai,20,2016-12-14 20:57:29.176,2.12,2016-12-14 23:00:00,
1.128762264,9456614,Alison Bai,Tomic v Bai,30,2016-12-14 21:34:28.744,2.16,2016-12-14 23:00:00,
1.128762264,9456614,Alison Bai,Tomic v Bai,40,2016-12-14 21:54:18.597,2.16,2016-12-14 23:00:00,
1.128762264,9456614,Alison Bai,Tomic v Bai,50,2016-12-14 21:57:42.241,2.02,2016-12-14 23:00:00,
1.128762264,9456614,Alison Bai,Tomic v Bai,60,2016-12-14 22:01:46.589,2.06,2016-12-14 23:00:00,
1.128762264,9456614,Alison Bai,Tomic v Bai,70,2016-12-14 22:04:40.147,2.04,2016-12-14 23:00:00,
1.128762264,9456614,Alison Bai,Tomic v Bai,80,2016-12-14 22:28:46.147,2.12,2016-12-14 23:00:00,
1.128762264,9456614,Alison Bai,Tomic v Bai,90,2016-12-14 22:49:43.573,2.28,2016-12-14 23:00:00,
1.128762264,9456614,Alison Bai,Tomic v Bai,100,2016-12-14 22:57:43.279,2.22,2016-12-14 23:00:00,
1.128769937,6603936,John Patrick Smith,Smith v Mott,0,2016-12-15 03:06:31.797,1.4,2016-12-15 23:00:00,
1.128769937,6603936,John Patrick Smith,Smith v Mott,10,2016-12-15 16:20:40.535,1.5,2016-12-16 01:00:00,
1.128769937,6603936,John Patrick Smith,Smith v Mott,20,2016-12-15 16:46:46.072,1.48,2016-12-16 01:00:00,
1.128769937,6603936,John Patrick Smith,Smith v Mott,30,2016-12-15 19:42:20.340,1.66,2016-12-16 01:00:00,
1.128769937,6603936,John Patrick Smith,Smith v Mott,40,2016-12-15 22:26:35.621,1.49,2016-12-16 01:00:00,
1.128769937,6603936,John Patrick Smith,Smith v Mott,50,2016-12-15 22:38:30.461,1.47,2016-12-16 01:00:00,
1.128769937,6603936,John Patrick Smith,Smith v Mott,60,2016-12-15 23:11:42.246,1.47,2016-12-16 01:00:00,
1.128769937,6603936,John Patrick Smith,Smith v Mott,70,2016-12-16 00:29:29.424,1.51,2016-12-16 01:00:00,
1.128769937,6603936,John Patrick Smith,Smith v Mott,80,2016-12-16 00:46:52.858,1.51,2016-12-16 01:00:00,
1.128769937,6603936,John Patrick Smith,Smith v Mott,90,2016-12-16 00:51:42.199,1.47,2016-12-16 01:00:00,
1.128769937,6603936,John Patrick Smith,Smith v Mott,100,2016-12-16 00:59:41.286,1.49,2016-12-16 01:00:00,
1.128769937,8194200,Blake Mott,Smith v Mott,0,2016-12-15 09:01:54.133,3.5,2016-12-15 23:00:00,
1.128769937,8194200,Blake Mott,Smith v Mott,10,2016-12-15 14:11:40.604,3.05,2016-12-16 01:00:00,
1.128769937,8194200,Blake Mott,Smith v Mott,20,2016-12-15 16:20:40.535,3.0,2016-12-16 01:00:00,
1.128769937,8194200,Blake Mott,Smith v Mott,30,2016-12-15 19:42:20.340,2.52,2016-12-16 01:00:00,
1.128769937,8194200,Blake Mott,Smith v Mott,40,2016-12-15 22:58:42.941,3.0,2016-12-16 01:00:00,
1.128769937,8194200,Blake Mott,Smith v Mott,50,2016-12-15 23:02:51.457,2.78,2016-12-16 01:00:00,
1.128769937,8194200,Blake Mott,Smith v Mott,60,2016-12-15 23:11:42.246,3.05,2016-12-16 01:00:00,
1.128769937,8194200,Blake Mott,Smith v Mott,70,2016-12-16 00:29:29.424,2.92,2016-12-16 01:00:00,
1.128769937,8194200,Blake Mott,Smith v Mott,80,2016-12-16 00:33:50.049,3.0,2016-12-16 01:00:00,
1.128769937,8194200,Blake Mott,Smith v Mott,90,2016-12-16 00:44:48.220,2.94,2016-12-16 01:00:00,
1.128769937,8194200,Blake Mott,Smith v Mott,100,2016-12-16 00:55:54.255,2.84,2016-12-16 01:00:00,
1.128769938,7335917,Omar Jasika,Jasika v OConnell,0,2016-12-15 08:57:11.983,2.0,2016-12-15 23:00:00,
1.128769938,7335917,Omar Jasika,Jasika v OConnell,10,2016-12-15 15:58:30.291,1.81,2016-12-16 02:30:00,
1.128769938,7335917,Omar Jasika,Jasika v OConnell,20,2016-12-15 20:10:19.372,1.86,2016-12-16 02:30:00,
1.128769938,7335917,Omar Jasika,Jasika v OConnell,30,2016-12-15 22:02:30.233,1.95,2016-12-16 02:30:00,
1.128769938,7335917,Omar Jasika,Jasika v OConnell,40,2016-12-15 22:37:26.516,1.84,2016-12-16 02:30:00,
1.128769938,7335917,Omar Jasika,Jasika v OConnell,50,2016-12-15 23:01:41.244,1.81,2016-12-16 02:30:00,
1.128769938,7335917,Omar Jasika,Jasika v OConnell,60,2016-12-15 23:14:23.955,1.77,2016-12-16 02:30:00,
1.128769938,7335917,Omar Jasika,Jasika v OConnell,70,2016-12-16 00:22:38.018,1.78,2016-12-16 02:30:00,
1.128769938,7335917,Omar Jasika,Jasika v OConnell,80,2016-12-16 00:34:37.975,1.8,2016-12-16 02:30:00,
1.128769938,7335917,Omar Jasika,Jasika v OConnell,90,2016-12-16 01:32:39.523,1.82,2016-12-16 02:30:00,
1.128769938,7335917,Omar Jasika,Jasika v OConnell,100,2016-12-16 02:27:18.754,1.8,2016-12-16 02:30:00,
1.128769938,8241940,Christopher OConnell,Jasika v OConnell,0,2016-12-14 18:43:39.556,1.71,2016-12-15 23:00:00,
1.128769938,8241940,Christopher OConnell,Jasika v OConnell,10,2016-12-15 09:10:05.067,2.0,2016-12-15 23:00:00,
1.128769938,8241940,Christopher OConnell,Jasika v OConnell,20,2016-12-15 16:47:07.285,2.16,2016-12-16 02:30:00,
1.128769938,8241940,Christopher OConnell,Jasika v OConnell,30,2016-12-15 20:17:29.796,2.06,2016-12-16 02:30:00,
1.128769938,8241940,Christopher OConnell,Jasika v OConnell,40,2016-12-15 21:32:51.302,2.04,2016-12-16 02:30:00,
1.128769938,8241940,Christopher OConnell,Jasika v OConnell,50,2016-12-15 22:53:18.525,2.24,2016-12-16 02:30:00,
1.128769938,8241940,Christopher OConnell,Jasika v OConnell,60,2016-12-15 23:06:40.764,2.28,2016-12-16 02:30:00,
1.128769938,8241940,Christopher OConnell,Jasika v OConnell,70,2016-12-15 23:10:40.644,2.28,2016-12-16 02:30:00,
1.128769938,8241940,Christopher OConnell,Jasika v OConnell,80,2016-12-16 00:16:26.552,2.3,2016-12-16 02:30:00,
1.128769938,8241940,Christopher OConnell,Jasika v OConnell,90,2016-12-16 00:34:37.975,2.22,2016-12-16 02:30:00,
1.128769938,8241940,Christopher OConnell,Jasika v OConnell,100,2016-12-16 02:29:40.391,2.26,2016-12-16 02:30:00,
1.12878153,6647132,S Sharipova,L Kerkhove v S Sharipova,0,2016-12-15 03:06:02.347,1.72,2016-12-15 09:05:00,
1.12878153,6647132,S Sharipova,L Kerkhove v S Sharipova,10,2016-12-15 04:21:16.853,1.72,2016-12-15 09:05:00,
1.12878153,6647132,S Sharipova,L Kerkhove v S Sharipova,20,2016-12-15 07:33:13.885,2.0,2016-12-15 09:05:00,
1.12878153,6647132,S Sharipova,L Kerkhove v S Sharipova,30,2016-12-15 08:13:02.970,1.89,2016-12-15 09:05:00,
1.12878153,6647132,S Sharipova,L Kerkhove v S Sharipova,40,2016-12-15 08:25:16.822,1.88,2016-12-15 09:05:00,
1.12878153,6647132,S Sharipova,L Kerkhove v S Sharipova,50,2016-12-15 08:27:07.358,1.84,2016-12-15 09:05:00,
1.12878153,6647132,S Sharipova,L Kerkhove v S Sharipova,60,2016-12-15 08:37:00.651,1.72,2016-12-15 09:05:00,
1.12878153,6647132,S Sharipova,L Kerkhove v S Sharipova,70,2016-12-15 08:51:25.337,1.75,2016-12-15 09:05:00,
1.12878153,6647132,S Sharipova,L Kerkhove v S Sharipova,80,2016-12-15 08:55:17.399,1.75,2016-12-15 09:05:00,
1.12878153,6647132,S Sharipova,L Kerkhove v S Sharipova,90,2016-12-15 09:01:18.134,1.76,2016-12-15 09:05:00,2016-12-15 09:01:18.134
1.12878153,6647132,S Sharipova,L Kerkhove v S Sharipova,100,2016-12-15 09:03:23.549,1.76,2016-12-15 09:05:00,2016-12-15 09:01:18.134
1.12878153,9628611,L Kerkhove,L Kerkhove v S Sharipova,0,2016-12-15 01:04:19.145,2.14,2016-12-15 09:05:00,
1.12878153,9628611,L Kerkhove,L Kerkhove v S Sharipova,10,2016-12-15 05:44:26.847,2.16,2016-12-15 09:05:00,
1.12878153,9628611,L Kerkhove,L Kerkhove v S Sharipova,20,2016-12-15 06:54:41.084,2.0,2016-12-15 09:05:00,
1.12878153,9628611,L Kerkhove,L Kerkhove v S Sharipova,30,2016-12-15 07:33:13.885,2.0,2016-12-15 09:05:00,
1.12878153,9628611,L Kerkhove,L Kerkhove v S Sharipova,40,2016-12-15 08:03:31.816,2.06,2016-12-15 09:05:00,
1.12878153,9628611,L Kerkhove,L Kerkhove v S Sharipova,50,2016-12-15 08:25:16.822,2.14,2016-12-15 09:05:00,
1.12878153,9628611,L Kerkhove,L Kerkhove v S Sharipova,60,2016-12-15 08:41:05.244,2.4,2016-12-15 09:05:00,
1.12878153,9628611,L Kerkhove,L Kerkhove v S Sharipova,70,2016-12-15 08:51:25.337,2.3,2016-12-15 09:05:00,
1.12878153,9628611,L Kerkhove,L Kerkhove v S Sharipova,80,2016-12-15 08:55:17.399,2.24,2016-12-15 09:05:00,
1.12878153,9628611,L Kerkhove,L Kerkhove v S Sharipova,90,2016-12-15 09:01:18.134,2.3,2016-12-15 09:05:00,2016-12-15 09:01:18.134
1.12878153,9628611,L Kerkhove,L Kerkhove v S Sharipova,100,2016-12-15 09:03:23.549,2.3,2016-12-15 09:05:00,2016-12-15 09:01:18.134
1.128781531,9424134,S Hsieh,A Krunic v S Hsieh,0,2016-12-15 03:34:09.857,1.89,2016-12-15 09:05:00,
1.128781531,9424134,S Hsieh,A Krunic v S Hsieh,10,2016-12-15 07:26:09.440,1.78,2016-12-15 09:05:00,
1.128781531,9424134,S Hsieh,A Krunic v S Hsieh,20,2016-12-15 07:46:19.976,2.0,2016-12-15 09:05:00,
1.128781531,9424134,S Hsieh,A Krunic v S Hsieh,30,2016-12-15 08:09:38.680,1.98,2016-12-15 09:05:00,
1.128781531,9424134,S Hsieh,A Krunic v S Hsieh,40,2016-12-15 08:20:18.963,1.7,2016-12-15 09:05:00,
1.128781531,9424134,S Hsieh,A Krunic v S Hsieh,50,2016-12-15 08:27:44.513,1.9,2016-12-15 09:05:00,
1.128781531,9424134,S Hsieh,A Krunic v S Hsieh,60,2016-12-15 08:43:24.438,1.9,2016-12-15 09:05:00,
1.128781531,9424134,S Hsieh,A Krunic v S Hsieh,70,2016-12-15 08:44:21.941,1.77,2016-12-15 09:05:00,
1.128781531,9424134,S Hsieh,A Krunic v S Hsieh,80,2016-12-15 08:49:19.431,1.9,2016-12-15 09:05:00,
1.128781531,9424134,S Hsieh,A Krunic v S Hsieh,90,2016-12-15 08:53:11.491,1.92,2016-12-15 09:05:00,
1.128781531,9424134,S Hsieh,A Krunic v S Hsieh,100,2016-12-15 09:02:01.391,1.96,2016-12-15 09:05:00,
1.128781531,9622866,A Krunic,A Krunic v S Hsieh,0,2016-12-15 06:54:21.116,1.98,2016-12-15 09:05:00,
1.128781531,9622866,A Krunic,A Krunic v S Hsieh,10,2016-12-15 07:00:31.612,2.14,2016-12-15 09:05:00,
1.128781531,9622866,A Krunic,A Krunic v S Hsieh,20,2016-12-15 07:46:19.976,2.0,2016-12-15 09:05:00,
1.128781531,9622866,A Krunic,A Krunic v S Hsieh,30,2016-12-15 07:49:33.502,2.02,2016-12-15 09:05:00,
1.128781531,9622866,A Krunic,A Krunic v S Hsieh,40,2016-12-15 08:09:38.680,2.02,2016-12-15 09:05:00,
1.128781531,9622866,A Krunic,A Krunic v S Hsieh,50,2016-12-15 08:27:44.513,2.1,2016-12-15 09:05:00,
1.128781531,9622866,A Krunic,A Krunic v S Hsieh,60,2016-12-15 08:35:20.430,2.22,2016-12-15 09:05:00,
1.128781531,9622866,A Krunic,A Krunic v S Hsieh,70,2016-12-15 08:44:21.941,2.08,2016-12-15 09:05:00,
1.128781531,9622866,A Krunic,A Krunic v S Hsieh,80,2016-12-15 08:49:19.431,2.08,2016-12-15 09:05:00,
1.128781531,9622866,A Krunic,A Krunic v S Hsieh,90,2016-12-15 08:53:11.491,2.08,2016-12-15 09:05:00,
1.128781531,9622866,A Krunic,A Krunic v S Hsieh,100,2016-12-15 09:01:22.650,2.04,2016-12-15 09:05:00,
1.128781532,9002342,I Jorovic,M Barthel v I Jorovic,0,2016-12-15 07:38:32.085,2.7,2016-12-15 11:05:00,
1.128781532,9002342,I Jorovic,M Barthel v I Jorovic,10,2016-12-15 09:12:23.039,2.4,2016-12-15 11:05:00,
1.128781532,9002342,I Jorovic,M Barthel v I Jorovic,20,2016-12-15 10:18:10.449,2.36,2016-12-15 11:05:00,
1.128781532,9002342,I Jorovic,M Barthel v I Jorovic,30,2016-12-15 10:23:21.517,2.48,2016-12-15 11:05:00,
1.128781532,9002342,I Jorovic,M Barthel v I Jorovic,40,2016-12-15 10:37:23.686,2.68,2016-12-15 11:05:00,
1.128781532,9002342,I Jorovic,M Barthel v I Jorovic,50,2016-12-15 10:41:14.602,2.32,2016-12-15 11:05:00,
1.128781532,9002342,I Jorovic,M Barthel v I Jorovic,60,2016-12-15 10:45:08.704,2.54,2016-12-15 11:05:00,
1.128781532,9002342,I Jorovic,M Barthel v I Jorovic,70,2016-12-15 10:51:17.084,2.66,2016-12-15 11:05:00,
1.128781532,9002342,I Jorovic,M Barthel v I Jorovic,80,2016-12-15 10:53:07.051,2.72,2016-12-15 11:05:00,
1.128781532,9002342,I Jorovic,M Barthel v I Jorovic,90,2016-12-15 11:01:20.209,2.72,2016-12-15 11:05:00,
1.128781532,9002342,I Jorovic,M Barthel v I Jorovic,100,2016-12-15 11:03:18.981,2.66,2016-12-15 11:05:00,2016-12-15 11:02:23.377
1.128781532,9626799,M Barthel,M Barthel v I Jorovic,0,2016-12-15 03:11:03.263,1.6,2016-12-15 11:05:00,
1.128781532,9626799,M Barthel,M Barthel v I Jorovic,10,2016-12-15 06:39:16.137,1.58,2016-12-15 11:05:00,
1.128781532,9626799,M Barthel,M Barthel v I Jorovic,20,2016-12-15 09:17:13.776,1.65,2016-12-15 11:05:00,
1.128781532,9626799,M Barthel,M Barthel v I Jorovic,30,2016-12-15 09:51:20.976,1.61,2016-12-15 11:05:00,
1.128781532,9626799,M Barthel,M Barthel v I Jorovic,40,2016-12-15 10:37:23.686,1.59,2016-12-15 11:05:00,
1.128781532,9626799,M Barthel,M Barthel v I Jorovic,50,2016-12-15 10:42:24.580,1.66,2016-12-15 11:05:00,
1.128781532,9626799,M Barthel,M Barthel v I Jorovic,60,2016-12-15 10:46:21.930,1.61,2016-12-15 11:05:00,
1.128781532,9626799,M Barthel,M Barthel v I Jorovic,70,2016-12-15 10:50:19.700,1.59,2016-12-15 11:05:00,
1.128781532,9626799,M Barthel,M Barthel v I Jorovic,80,2016-12-15 10:58:19.200,1.6,2016-12-15 11:05:00,
1.128781532,9626799,M Barthel,M Barthel v I Jorovic,90,2016-12-15 11:01:20.209,1.58,2016-12-15 11:05:00,
1.128781532,9626799,M Barthel,M Barthel v I Jorovic,100,2016-12-15 11:04:22.948,1.62,2016-12-15 11:05:00,2016-12-15 11:02:23.377
1.128781533,9626289,G Voskoboeva,N Vikhlyantseva v G Voskoboeva,0,2016-12-15 08:28:25.196,2.2,2016-12-15 12:35:00,
1.128781533,9626289,G Voskoboeva,N Vikhlyantseva v G Voskoboeva,10,2016-12-15 08:35:24.541,2.5,2016-12-15 12:35:00,
1.128781533,9626289,G Voskoboeva,N Vikhlyantseva v G Voskoboeva,20,2016-12-15 10:10:35.495,2.4,2016-12-15 12:35:00,
1.128781533,9626289,G Voskoboeva,N Vikhlyantseva v G Voskoboeva,30,2016-12-15 10:48:15.230,2.86,2016-12-15 12:35:00,
1.128781533,9626289,G Voskoboeva,N Vikhlyantseva v G Voskoboeva,40,2016-12-15 11:04:22.686,3.1,2016-12-15 12:35:00,
1.128781533,9626289,G Voskoboeva,N Vikhlyantseva v G Voskoboeva,50,2016-12-15 11:14:16.734,3.05,2016-12-15 12:35:00,
1.128781533,9626289,G Voskoboeva,N Vikhlyantseva v G Voskoboeva,60,2016-12-15 11:27:53.663,2.52,2016-12-15 12:35:00,
1.128781533,9626289,G Voskoboeva,N Vikhlyantseva v G Voskoboeva,70,2016-12-15 11:56:21.529,2.26,2016-12-15 12:35:00,
1.128781533,9626289,G Voskoboeva,N Vikhlyantseva v G Voskoboeva,80,2016-12-15 12:13:18.490,2.4,2016-12-15 12:35:00,
1.128781533,9626289,G Voskoboeva,N Vikhlyantseva v G Voskoboeva,90,2016-12-15 12:19:24.204,2.32,2016-12-15 12:35:00,
1.128781533,9626289,G Voskoboeva,N Vikhlyantseva v G Voskoboeva,100,2016-12-15 12:32:21.108,2.38,2016-12-15 12:35:00,2016-12-15 12:25:20.555
1.128781533,9628371,N Vikhlyantseva,N Vikhlyantseva v G Voskoboeva,0,2016-12-15 03:04:10.147,1.55,2016-12-15 12:35:00,
1.128781533,9628371,N Vikhlyantseva,N Vikhlyantseva v G Voskoboeva,10,2016-12-15 08:33:24.419,1.61,2016-12-15 12:35:00,
1.128781533,9628371,N Vikhlyantseva,N Vikhlyantseva v G Voskoboeva,20,2016-12-15 09:05:34.680,1.57,2016-12-15 12:35:00,
1.128781533,9628371,N Vikhlyantseva,N Vikhlyantseva v G Voskoboeva,30,2016-12-15 10:35:06.972,1.46,2016-12-15 12:35:00,
1.128781533,9628371,N Vikhlyantseva,N Vikhlyantseva v G Voskoboeva,40,2016-12-15 11:05:08.769,1.38,2016-12-15 12:35:00,
1.128781533,9628371,N Vikhlyantseva,N Vikhlyantseva v G Voskoboeva,50,2016-12-15 11:15:24.803,1.42,2016-12-15 12:35:00,
1.128781533,9628371,N Vikhlyantseva,N Vikhlyantseva v G Voskoboeva,60,2016-12-15 11:24:10.714,1.41,2016-12-15 12:35:00,
1.128781533,9628371,N Vikhlyantseva,N Vikhlyantseva v G Voskoboeva,70,2016-12-15 11:30:21.583,1.58,2016-12-15 12:35:00,
1.128781533,9628371,N Vikhlyantseva,N Vikhlyantseva v G Voskoboeva,80,2016-12-15 12:13:18.490,1.71,2016-12-15 12:35:00,
1.128781533,9628371,N Vikhlyantseva,N Vikhlyantseva v G Voskoboeva,90,2016-12-15 12:23:18.857,1.72,2016-12-15 12:35:00,
1.128781533,9628371,N Vikhlyantseva,N Vikhlyantseva v G Voskoboeva,100,2016-12-15 12:33:24.776,1.57,2016-12-15 12:35:00,2016-12-15 12:25:20.555
1.128782877,8183106,Olivia Tjandramulia,Tjandramulia v Fourlis,0,2016-12-15 14:13:14.197,2.14,2016-12-16 23:00:00,
1.128782877,8183106,Olivia Tjandramulia,Tjandramulia v Fourlis,10,2016-12-16 07:08:10.328,1.93,2016-12-17 00:00:00,
1.128782877,8183106,Olivia Tjandramulia,Tjandramulia v Fourlis,20,2016-12-16 15:24:00.864,1.73,2016-12-17 00:00:00,
1.128782877,8183106,Olivia Tjandramulia,Tjandramulia v Fourlis,30,2016-12-16 16:48:19.958,1.63,2016-12-17 00:00:00,
1.128782877,8183106,Olivia Tjandramulia,Tjandramulia v Fourlis,40,2016-12-16 18:04:24.432,1.73,2016-12-17 00:00:00,
1.128782877,8183106,Olivia Tjandramulia,Tjandramulia v Fourlis,50,2016-12-16 20:05:20.787,1.63,2016-12-17 00:00:00,
1.128782877,8183106,Olivia Tjandramulia,Tjandramulia v Fourlis,60,2016-12-16 22:03:07.785,1.69,2016-12-17 00:00:00,
1.128782877,8183106,Olivia Tjandramulia,Tjandramulia v Fourlis,70,2016-12-16 23:00:09.992,1.69,2016-12-17 00:00:00,
1.128782877,8183106,Olivia Tjandramulia,Tjandramulia v Fourlis,80,2016-12-16 23:40:11.308,1.72,2016-12-17 00:00:00,
1.128782877,8183106,Olivia Tjandramulia,Tjandramulia v Fourlis,90,2016-12-16 23:47:58.770,1.69,2016-12-17 00:00:00,
1.128782877,8183106,Olivia Tjandramulia,Tjandramulia v Fourlis,100,2016-12-16 23:56:50.097,1.7,2016-12-17 00:00:00,
1.128782877,9635179,Jaimee Fourlis,Tjandramulia v Fourlis,0,2016-12-15 14:13:14.197,1.88,2016-12-16 23:00:00,
1.128782877,9635179,Jaimee Fourlis,Tjandramulia v Fourlis,10,2016-12-15 15:09:27.410,2.0,2016-12-16 23:00:00,
1.128782877,9635179,Jaimee Fourlis,Tjandramulia v Fourlis,20,2016-12-16 07:09:02.046,2.08,2016-12-17 00:00:00,
1.128782877,9635179,Jaimee Fourlis,Tjandramulia v Fourlis,30,2016-12-16 07:28:19.549,2.02,2016-12-17 00:00:00,
1.128782877,9635179,Jaimee Fourlis,Tjandramulia v Fourlis,40,2016-12-16 17:28:05.157,2.38,2016-12-17 00:00:00,
1.128782877,9635179,Jaimee Fourlis,Tjandramulia v Fourlis,50,2016-12-16 22:10:11.730,2.46,2016-12-17 00:00:00,
1.128782877,9635179,Jaimee Fourlis,Tjandramulia v Fourlis,60,2016-12-16 22:58:07.080,2.42,2016-12-17 00:00:00,
1.128782877,9635179,Jaimee Fourlis,Tjandramulia v Fourlis,70,2016-12-16 23:00:09.992,2.44,2016-12-17 00:00:00,
1.128782877,9635179,Jaimee Fourlis,Tjandramulia v Fourlis,80,2016-12-16 23:21:04.184,2.46,2016-12-17 00:00:00,
1.128782877,9635179,Jaimee Fourlis,Tjandramulia v Fourlis,90,2016-12-16 23:40:11.308,2.4,2016-12-17 00:00:00,
1.128782877,9635179,Jaimee Fourlis,Tjandramulia v Fourlis,100,2016-12-16 23:50:35.817,2.42,2016-12-17 00:00:00,
1.128782879,9456614,Alison Bai,Myers v Bai,0,2016-12-16 00:28:49.605,1.86,2016-12-16 23:00:00,
1.128782879,9456614,Alison Bai,Myers v Bai,10,2016-12-16 08:02:34.438,1.8,2016-12-17 01:15:00,
1.128782879,9456614,Alison Bai,Myers v Bai,20,2016-12-16 14:14:00.049,1.75,2016-12-17 01:15:00,
1.128782879,9456614,Alison Bai,Myers v Bai,30,2016-12-16 15:04:24.565,1.74,2016-12-17 01:15:00,
1.128782879,9456614,Alison Bai,Myers v Bai,40,2016-12-16 15:20:44.022,1.64,2016-12-17 01:15:00,
1.128782879,9456614,Alison Bai,Myers v Bai,50,2016-12-16 16:17:50.052,1.68,2016-12-17 01:15:00,
1.128782879,9456614,Alison Bai,Myers v Bai,60,2016-12-16 17:15:34.250,1.71,2016-12-17 01:15:00,
1.128782879,9456614,Alison Bai,Myers v Bai,70,2016-12-16 20:01:51.391,1.74,2016-12-17 01:15:00,
1.128782879,9456614,Alison Bai,Myers v Bai,80,2016-12-16 21:56:27.508,1.8,2016-12-17 01:15:00,
1.128782879,9456614,Alison Bai,Myers v Bai,90,2016-12-16 22:31:27.518,1.77,2016-12-17 01:15:00,
1.128782879,9456614,Alison Bai,Myers v Bai,100,2016-12-17 01:10:19.491,1.84,2016-12-17 01:15:00,
1.128797867,9626849,A Albie,J Simic v A Albie,0,2016-12-16 08:24:03.014,2.06,2016-12-16 08:35:00,
1.128797867,9626849,A Albie,J Simic v A Albie,10,2016-12-16 11:58:04.746,1.7,2016-12-16 13:00:00,
1.128797867,9626849,A Albie,J Simic v A Albie,20,2016-12-16 12:21:30.293,1.87,2016-12-16 13:00:00,2016-12-16 12:05:13.784
1.128797867,9626849,A Albie,J Simic v A Albie,30,2016-12-16 12:30:32.177,1.3,2016-12-16 13:00:00,2016-12-16 12:05:13.784
1.128797867,9626849,A Albie,J Simic v A Albie,40,2016-12-16 12:35:32.423,1.71,2016-12-16 13:00:00,2016-12-16 12:05:13.784
1.128797867,9626849,A Albie,J Simic v A Albie,50,2016-12-16 12:39:34.338,1.6,2016-12-16 13:00:00,2016-12-16 12:05:13.784
1.128797867,9626849,A Albie,J Simic v A Albie,60,2016-12-16 12:45:30.861,1.82,2016-12-16 13:00:00,2016-12-16 12:05:13.784
1.128797867,9626849,A Albie,J Simic v A Albie,70,2016-12-16 12:48:33.337,1.71,2016-12-16 13:00:00,2016-12-16 12:05:13.784
1.128797867,9626849,A Albie,J Simic v A Albie,80,2016-12-16 12:51:34.479,1.56,2016-12-16 13:00:00,2016-12-16 12:05:13.784
1.128797867,9626849,A Albie,J Simic v A Albie,90,2016-12-16 12:56:34.569,1.57,2016-12-16 13:00:00,2016-12-16 12:05:13.784
1.128797867,9626849,A Albie,J Simic v A Albie,100,2016-12-16 12:59:34.603,1.85,2016-12-16 13:00:00,2016-12-16 12:05:13.784
1.128797867,9628644,J Simic,J Simic v A Albie,0,2016-12-16 08:24:03.014,1.95,2016-12-16 08:35:00,
1.128797867,9628644,J Simic,J Simic v A Albie,10,2016-12-16 12:21:30.293,2.16,2016-12-16 13:00:00,2016-12-16 12:05:13.784
1.128797867,9628644,J Simic,J Simic v A Albie,20,2016-12-16 12:33:28.279,2.82,2016-12-16 13:00:00,2016-12-16 12:05:13.784
1.128797867,9628644,J Simic,J Simic v A Albie,30,2016-12-16 12:35:32.423,2.2,2016-12-16 13:00:00,2016-12-16 12:05:13.784
1.128797867,9628644,J Simic,J Simic v A Albie,40,2016-12-16 12:38:34.571,2.04,2016-12-16 13:00:00,2016-12-16 12:05:13.784
1.128797867,9628644,J Simic,J Simic v A Albie,50,2016-12-16 12:40:12.169,2.66,2016-12-16 13:00:00,2016-12-16 12:05:13.784
1.128797867,9628644,J Simic,J Simic v A Albie,60,2016-12-16 12:46:31.059,2.22,2016-12-16 13:00:00,2016-12-16 12:05:13.784
1.128797867,9628644,J Simic,J Simic v A Albie,70,2016-12-16 12:48:33.337,2.18,2016-12-16 13:00:00,2016-12-16 12:05:13.784
1.128797867,9628644,J Simic,J Simic v A Albie,80,2016-12-16 12:51:34.479,2.8,2016-12-16 13:00:00,2016-12-16 12:05:13.784
1.128797867,9628644,J Simic,J Simic v A Albie,90,2016-12-16 12:56:34.569,2.76,2016-12-16 13:00:00,2016-12-16 12:05:13.784
1.128797867,9628644,J Simic,J Simic v A Albie,100,2016-12-16 12:59:34.603,2.18,2016-12-16 13:00:00,2016-12-16 12:05:13.784
1.128797869,9631177,S Ofner,L Hampel v S Ofner,0,2016-12-16 09:29:25.287,1.19,2016-12-16 12:05:00,
1.128797869,9631177,S Ofner,L Hampel v S Ofner,10,2016-12-16 09:34:27.833,1.49,2016-12-16 12:05:00,
1.128797869,9631177,S Ofner,L Hampel v S Ofner,20,2016-12-16 10:20:05.990,1.57,2016-12-16 12:05:00,
1.128797869,9631177,S Ofner,L Hampel v S Ofner,30,2016-12-16 10:57:35.843,1.28,2016-12-16 12:05:00,
1.128797869,9631177,S Ofner,L Hampel v S Ofner,40,2016-12-16 11:26:27.747,1.27,2016-12-16 12:05:00,
1.128797869,9631177,S Ofner,L Hampel v S Ofner,50,2016-12-16 11:32:32.346,1.49,2016-12-16 12:05:00,
1.128797869,9631177,S Ofner,L Hampel v S Ofner,60,2016-12-16 11:33:35.523,1.25,2016-12-16 12:05:00,
1.128797869,9631177,S Ofner,L Hampel v S Ofner,70,2016-12-16 11:34:27.915,1.24,2016-12-16 12:05:00,
1.128797869,9631177,S Ofner,L Hampel v S Ofner,80,2016-12-16 11:35:16.831,1.27,2016-12-16 12:05:00,
1.128797869,9631177,S Ofner,L Hampel v S Ofner,90,2016-12-16 11:38:36.000,1.41,2016-12-16 12:05:00,
1.128797869,9631177,S Ofner,L Hampel v S Ofner,100,2016-12-16 12:04:16.604,1.38,2016-12-16 12:05:00,2016-12-16 12:01:39.776
1.12879787,9625470,R Ramanathan,R Ramanathan v E Eremin,0,2016-12-16 10:19:10.581,1.63,2016-12-16 12:05:00,
1.12879787,9625470,R Ramanathan,R Ramanathan v E Eremin,10,2016-12-16 11:06:16.706,1.7,2016-12-16 12:05:00,
1.12879787,9625470,R Ramanathan,R Ramanathan v E Eremin,20,2016-12-16 11:20:16.532,1.51,2016-12-16 12:05:00,
1.12879787,9625470,R Ramanathan,R Ramanathan v E Eremin,30,2016-12-16 11:22:26.925,1.47,2016-12-16 12:05:00,
1.12879787,9625470,R Ramanathan,R Ramanathan v E Eremin,40,2016-12-16 11:22:56.029,1.51,2016-12-16 12:05:00,
1.12879787,9625470,R Ramanathan,R Ramanathan v E Eremin,50,2016-12-16 11:27:35.972,1.54,2016-12-16 12:05:00,
1.12879787,9625470,R Ramanathan,R Ramanathan v E Eremin,60,2016-12-16 11:28:34.874,1.55,2016-12-16 12:05:00,
1.12879787,9625470,R Ramanathan,R Ramanathan v E Eremin,70,2016-12-16 11:32:19.727,1.53,2016-12-16 12:05:00,
1.12879787,9625470,R Ramanathan,R Ramanathan v E Eremin,80,2016-12-16 11:38:36.674,1.52,2016-12-16 12:05:00,
1.12879787,9625470,R Ramanathan,R Ramanathan v E Eremin,90,2016-12-16 11:57:36.710,1.51,2016-12-16 12:05:00,
1.12879787,9625470,R Ramanathan,R Ramanathan v E Eremin,100,2016-12-16 12:00:28.702,1.52,2016-12-16 12:05:00,
1.128797871,9628371,N Vikhlyantseva,L Kerkhove v N Vikhlyantseva,0,2016-12-16 06:51:22.728,1.26,2016-12-16 08:55:00,
1.128797871,9628371,N Vikhlyantseva,L Kerkhove v N Vikhlyantseva,10,2016-12-16 06:53:47.496,1.28,2016-12-16 08:55:00,
1.128797871,9628371,N Vikhlyantseva,L Kerkhove v N Vikhlyantseva,20,2016-12-16 08:34:34.947,1.29,2016-12-16 08:55:00,
1.128797871,9628371,N Vikhlyantseva,L Kerkhove v N Vikhlyantseva,30,2016-12-16 08:36:44.726,1.28,2016-12-16 08:55:00,
1.128797871,9628371,N Vikhlyantseva,L Kerkhove v N Vikhlyantseva,40,2016-12-16 08:42:59.261,1.29,2016-12-16 08:55:00,
1.128797871,9628371,N Vikhlyantseva,L Kerkhove v N Vikhlyantseva,50,2016-12-16 08:45:31.356,1.34,2016-12-16 08:55:00,
1.128797871,9628371,N Vikhlyantseva,L Kerkhove v N Vikhlyantseva,60,2016-12-16 08:49:27.540,1.3,2016-12-16 08:55:00,
1.128797871,9628371,N Vikhlyantseva,L Kerkhove v N Vikhlyantseva,70,2016-12-16 08:50:37.030,1.29,2016-12-16 08:55:00,
1.128797871,9628371,N Vikhlyantseva,L Kerkhove v N Vikhlyantseva,80,2016-12-16 08:51:31.344,1.26,2016-12-16 08:55:00,
1.128797871,9628371,N Vikhlyantseva,L Kerkhove v N Vikhlyantseva,90,2016-12-16 08:52:20.791,1.31,2016-12-16 08:55:00,
1.128797871,9628371,N Vikhlyantseva,L Kerkhove v N Vikhlyantseva,100,2016-12-16 08:54:12.771,1.32,2016-12-16 08:55:00,
1.128797872,9626799,M Barthel,S Hsieh v M Barthel,0,2016-12-16 06:20:39.819,1.74,2016-12-16 10:25:00,
1.128797872,9626799,M Barthel,S Hsieh v M Barthel,10,2016-12-16 06:51:10.315,1.73,2016-12-16 10:25:00,
1.128797872,9626799,M Barthel,S Hsieh v M Barthel,20,2016-12-16 08:00:22.538,1.81,2016-12-16 10:25:00,
1.128797872,9626799,M Barthel,S Hsieh v M Barthel,30,2016-12-16 08:06:17.875,1.76,2016-12-16 10:25:00,
1.128797872,9626799,M Barthel,S Hsieh v M Barthel,40,2016-12-16 08:15:02.945,1.79,2016-12-16 10:25:00,
1.128797872,9626799,M Barthel,S Hsieh v M Barthel,50,2016-12-16 08:31:15.904,1.8,2016-12-16 10:25:00,
1.128797872,9626799,M Barthel,S Hsieh v M Barthel,60,2016-12-16 09:40:35.811,1.89,2016-12-16 10:25:00,
1.128797872,9626799,M Barthel,S Hsieh v M Barthel,70,2016-12-16 09:48:08.026,1.78,2016-12-16 10:25:00,
1.128797872,9626799,M Barthel,S Hsieh v M Barthel,80,2016-12-16 09:55:35.087,1.89,2016-12-16 10:25:00,
1.128797872,9626799,M Barthel,S Hsieh v M Barthel,90,2016-12-16 10:05:29.149,1.9,2016-12-16 10:25:00,
1.128797872,9626799,M Barthel,S Hsieh v M Barthel,100,2016-12-16 10:19:30.189,2.08,2016-12-16 10:25:00,
1.128797939,6603936,John Patrick Smith,Smith v Jasika,0,2016-12-16 22:45:54.839,2.24,2016-12-18 00:00:00,
1.128797939,6603936,John Patrick Smith,Smith v Jasika,10,2016-12-16 22:46:47.942,2.38,2016-12-18 00:00:00,
1.128797939,6603936,John Patrick Smith,Smith v Jasika,20,2016-12-17 09:33:33.913,2.12,2016-12-18 01:15:00,
1.128797939,6603936,John Patrick Smith,Smith v Jasika,30,2016-12-17 11:32:25.386,2.16,2016-12-18 01:15:00,
1.128797939,6603936,John Patrick Smith,Smith v Jasika,40,2016-12-17 18:03:48.327,2.16,2016-12-18 01:15:00,
1.128797939,6603936,John Patrick Smith,Smith v Jasika,50,2016-12-17 20:39:01.281,2.3,2016-12-18 01:15:00,
1.128797939,6603936,John Patrick Smith,Smith v Jasika,60,2016-12-17 20:51:11.491,2.14,2016-12-18 01:15:00,
1.128797939,6603936,John Patrick Smith,Smith v Jasika,70,2016-12-17 23:59:03.826,2.22,2016-12-18 01:15:00,
1.128797939,6603936,John Patrick Smith,Smith v Jasika,80,2016-12-18 00:08:56.904,2.28,2016-12-18 01:15:00,
1.128797939,6603936,John Patrick Smith,Smith v Jasika,90,2016-12-18 00:29:02.420,2.22,2016-12-18 01:15:00,
1.128797939,6603936,John Patrick Smith,Smith v Jasika,100,2016-12-18 00:30:53.154,2.08,2016-12-18 01:15:00,
1.128797939,7335917,Omar Jasika,Smith v Jasika,0,2016-12-16 12:00:32.182,2.02,2016-12-18 00:00:00,
1.128797939,7335917,Omar Jasika,Smith v Jasika,10,2016-12-16 22:45:54.839,1.81,2016-12-18 00:00:00,
1.128797939,7335917,Omar Jasika,Smith v Jasika,20,2016-12-17 09:33:33.913,1.9,2016-12-18 01:15:00,
1.128797939,7335917,Omar Jasika,Smith v Jasika,30,2016-12-17 13:07:13.968,1.97,2016-12-18 01:15:00,
1.128797939,7335917,Omar Jasika,Smith v Jasika,40,2016-12-17 20:51:11.491,1.87,2016-12-18 01:15:00,
1.128797939,7335917,Omar Jasika,Smith v Jasika,50,2016-12-17 23:29:03.764,1.85,2016-12-18 01:15:00,
1.128797939,7335917,Omar Jasika,Smith v Jasika,60,2016-12-17 23:35:01.700,1.83,2016-12-18 01:15:00,
1.128797939,7335917,Omar Jasika,Smith v Jasika,70,2016-12-17 23:42:04.685,1.82,2016-12-18 01:15:00,
1.128797939,7335917,Omar Jasika,Smith v Jasika,80,2016-12-17 23:53:01.878,1.9,2016-12-18 01:15:00,
1.128797939,7335917,Omar Jasika,Smith v Jasika,90,2016-12-18 00:04:02.594,1.81,2016-12-18 01:15:00,
1.128797939,7335917,Omar Jasika,Smith v Jasika,100,2016-12-18 01:04:03.638,1.93,2016-12-18 01:15:00,
1.128798043,8505865,C Rodriguez,C Rodriguez v M Bortolotti,0,2016-12-16 11:49:48.882,1.87,2016-12-16 13:00:00,
1.128798043,8505865,C Rodriguez,C Rodriguez v M Bortolotti,10,2016-12-16 11:56:36.505,1.85,2016-12-16 13:00:00,
1.128798043,8505865,C Rodriguez,C Rodriguez v M Bortolotti,20,2016-12-16 11:58:40.520,1.59,2016-12-16 13:00:00,
1.128798043,8505865,C Rodriguez,C Rodriguez v M Bortolotti,30,2016-12-16 12:08:38.739,1.09,2016-12-16 13:00:00,2016-12-16 12:05:35.048
1.128798043,8505865,C Rodriguez,C Rodriguez v M Bortolotti,40,2016-12-16 12:10:11.440,1.11,2016-12-16 13:00:00,2016-12-16 12:05:35.048
1.128798043,8505865,C Rodriguez,C Rodriguez v M Bortolotti,50,2016-12-16 12:29:27.146,2.96,2016-12-16 13:00:00,2016-12-16 12:05:35.048
1.128798043,8505865,C Rodriguez,C Rodriguez v M Bortolotti,60,2016-12-16 12:36:39.909,2.82,2016-12-16 13:00:00,2016-12-16 12:05:35.048
1.128798043,8505865,C Rodriguez,C Rodriguez v M Bortolotti,70,2016-12-16 12:39:51.333,1.89,2016-12-16 13:00:00,2016-12-16 12:05:35.048
1.128798043,8505865,C Rodriguez,C Rodriguez v M Bortolotti,80,2016-12-16 12:43:52.221,3.8,2016-12-16 13:00:00,2016-12-16 12:05:35.048
1.128798043,8505865,C Rodriguez,C Rodriguez v M Bortolotti,90,2016-12-16 12:46:44.224,3.05,2016-12-16 13:00:00,2016-12-16 12:05:35.048
1.128798043,8505865,C Rodriguez,C Rodriguez v M Bortolotti,100,2016-12-16 12:50:53.436,1.98,2016-12-16 13:00:00,2016-12-16 12:05:35.048
1.128798043,9623299,M Bortolotti,C Rodriguez v M Bortolotti,0,2016-12-16 12:24:53.926,1.32,2016-12-16 13:00:00,2016-12-16 12:05:35.048
1.128798043,9623299,M Bortolotti,C Rodriguez v M Bortolotti,10,2016-12-16 12:27:38.951,1.78,2016-12-16 13:00:00,2016-12-16 12:05:35.048
1.128798043,9623299,M Bortolotti,C Rodriguez v M Bortolotti,20,2016-12-16 12:29:27.146,1.51,2016-12-16 13:00:00,2016-12-16 12:05:35.048
1.128798043,9623299,M Bortolotti,C Rodriguez v M Bortolotti,30,2016-12-16 12:36:39.909,1.54,2016-12-16 13:00:00,2016-12-16 12:05:35.048
1.128798043,9623299,M Bortolotti,C Rodriguez v M Bortolotti,40,2016-12-16 12:43:52.221,1.35,2016-12-16 13:00:00,2016-12-16 12:05:35.048
1.128798043,9623299,M Bortolotti,C Rodriguez v M Bortolotti,50,2016-12-16 12:46:44.224,1.48,2016-12-16 13:00:00,2016-12-16 12:05:35.048
1.128798043,9623299,M Bortolotti,C Rodriguez v M Bortolotti,60,2016-12-16 12:47:54.418,1.65,2016-12-16 13:00:00,2016-12-16 12:05:35.048
1.128798043,9623299,M Bortolotti,C Rodriguez v M Bortolotti,70,2016-12-16 12:48:53.107,1.81,2016-12-16 13:00:00,2016-12-16 12:05:35.048
1.128798043,9623299,M Bortolotti,C Rodriguez v M Bortolotti,80,2016-12-16 12:50:53.436,1.8,2016-12-16 13:00:00,2016-12-16 12:05:35.048
1.128798043,9623299,M Bortolotti,C Rodriguez v M Bortolotti,90,2016-12-16 12:57:48.155,1.42,2016-12-16 13:00:00,2016-12-16 12:05:35.048
1.128798043,9623299,M Bortolotti,C Rodriguez v M Bortolotti,100,2016-12-16 12:59:27.268,1.7,2016-12-16 13:00:00,2016-12-16 12:05:35.048
1.128804488,8326652,V Rodriguez,V Rodriguez v G Ce,0,2016-12-16 17:59:15.430,1.4,2016-12-16 21:35:00,
1.128804488,8326652,V Rodriguez,V Rodriguez v G Ce,10,2016-12-16 18:04:06.976,1.45,2016-12-16 21:35:00,
1.128804488,8326652,V Rodriguez,V Rodriguez v G Ce,20,2016-12-16 18:10:10.734,1.46,2016-12-16 21:35:00,
1.128804488,8326652,V Rodriguez,V Rodriguez v G Ce,30,2016-12-16 18:10:57.907,1.5,2016-12-16 21:35:00,
1.128804488,8326652,V Rodriguez,V Rodriguez v G Ce,40,2016-12-16 19:26:54.377,1.44,2016-12-16 21:35:00,
1.128804488,8326652,V Rodriguez,V Rodriguez v G Ce,50,2016-12-16 20:03:14.524,1.48,2016-12-16 21:35:00,
1.128804488,8326652,V Rodriguez,V Rodriguez v G Ce,60,2016-12-16 20:20:07.086,1.44,2016-12-16 21:35:00,
1.128804488,8326652,V Rodriguez,V Rodriguez v G Ce,70,2016-12-16 20:34:16.805,1.41,2016-12-16 21:35:00,
1.128804488,8326652,V Rodriguez,V Rodriguez v G Ce,80,2016-12-16 20:57:06.616,1.47,2016-12-16 21:35:00,
1.128804488,8326652,V Rodriguez,V Rodriguez v G Ce,90,2016-12-16 21:27:01.926,1.45,2016-12-16 21:35:00,
1.128804488,8326652,V Rodriguez,V Rodriguez v G Ce,100,2016-12-16 21:28:06.724,1.47,2016-12-16 21:35:00,
1.128809255,9123273,Abbie Myers,Fourlis v Myers,0,2016-12-17 09:33:26.573,2.18,2016-12-18 00:00:00,
1.128809255,9123273,Abbie Myers,Fourlis v Myers,10,2016-12-17 15:50:05.862,2.5,2016-12-18 00:00:00,
1.128809255,9123273,Abbie Myers,Fourlis v Myers,20,2016-12-17 19:18:45.626,2.36,2016-12-18 00:00:00,
1.128809255,9123273,Abbie Myers,Fourlis v Myers,30,2016-12-17 22:00:31.512,2.54,2016-12-18 00:00:00,
1.128809255,9123273,Abbie Myers,Fourlis v Myers,40,2016-12-17 22:01:09.616,2.6,2016-12-18 00:00:00,
1.128809255,9123273,Abbie Myers,Fourlis v Myers,50,2016-12-17 22:04:36.798,2.68,2016-12-18 00:00:00,
1.128809255,9123273,Abbie Myers,Fourlis v Myers,60,2016-12-17 22:14:40.068,2.62,2016-12-18 00:00:00,
1.128809255,9123273,Abbie Myers,Fourlis v Myers,70,2016-12-17 23:38:47.023,2.64,2016-12-18 00:00:00,
1.128809255,9123273,Abbie Myers,Fourlis v Myers,80,2016-12-17 23:40:33.401,2.68,2016-12-18 00:00:00,
1.128809255,9123273,Abbie Myers,Fourlis v Myers,90,2016-12-17 23:42:47.399,2.8,2016-12-18 00:00:00,
1.128809255,9123273,Abbie Myers,Fourlis v Myers,100,2016-12-17 23:56:47.250,2.7,2016-12-18 00:00:00,
1.128809255,9635179,Jaimee Fourlis,Fourlis v Myers,0,2016-12-17 07:11:23.501,1.51,2016-12-18 00:00:00,
1.128809255,9635179,Jaimee Fourlis,Fourlis v Myers,10,2016-12-17 15:50:05.862,1.67,2016-12-18 00:00:00,
1.128809255,9635179,Jaimee Fourlis,Fourlis v Myers,20,2016-12-17 22:04:36.798,1.6,2016-12-18 00:00:00,
1.128809255,9635179,Jaimee Fourlis,Fourlis v Myers,30,2016-12-17 22:14:40.068,1.62,2016-12-18 00:00:00,
1.128809255,9635179,Jaimee Fourlis,Fourlis v Myers,40,2016-12-17 22:25:47.306,1.61,2016-12-18 00:00:00,
1.128809255,9635179,Jaimee Fourlis,Fourlis v Myers,50,2016-12-17 22:30:30.535,1.63,2016-12-18 00:00:00,
1.128809255,9635179,Jaimee Fourlis,Fourlis v Myers,60,2016-12-17 22:44:46.853,1.63,2016-12-18 00:00:00,
1.128809255,9635179,Jaimee Fourlis,Fourlis v Myers,70,2016-12-17 23:34:04.790,1.61,2016-12-18 00:00:00,
1.128809255,9635179,Jaimee Fourlis,Fourlis v Myers,80,2016-12-17 23:40:33.401,1.6,2016-12-18 00:00:00,
1.128809255,9635179,Jaimee Fourlis,Fourlis v Myers,90,2016-12-17 23:44:40.735,1.63,2016-12-18 00:00:00,
1.128809255,9635179,Jaimee Fourlis,Fourlis v Myers,100,2016-12-17 23:59:30.185,1.63,2016-12-18 00:00:00,
1.128809352,9628371,N Vikhlyantseva,S Hsieh v N Vikhlyantseva,0,2016-12-17 06:42:33.608,1.56,2016-12-17 09:05:00,
1.128809352,9628371,N Vikhlyantseva,S Hsieh v N Vikhlyantseva,10,2016-12-17 07:09:05.016,1.58,2016-12-17 09:05:00,
1.128809352,9628371,N Vikhlyantseva,S Hsieh v N Vikhlyantseva,20,2016-12-17 07:10:43.375,1.57,2016-12-17 09:05:00,
1.128809352,9628371,N Vikhlyantseva,S Hsieh v N Vikhlyantseva,30,2016-12-17 07:48:13.180,1.58,2016-12-17 09:05:00,
1.128809352,9628371,N Vikhlyantseva,S Hsieh v N Vikhlyantseva,40,2016-12-17 07:49:46.508,1.64,2016-12-17 09:05:00,
1.128809352,9628371,N Vikhlyantseva,S Hsieh v N Vikhlyantseva,50,2016-12-17 08:01:03.345,1.73,2016-12-17 09:05:00,
1.128809352,9628371,N Vikhlyantseva,S Hsieh v N Vikhlyantseva,60,2016-12-17 08:27:09.022,1.66,2016-12-17 09:05:00,
1.128809352,9628371,N Vikhlyantseva,S Hsieh v N Vikhlyantseva,70,2016-12-17 08:31:05.155,1.69,2016-12-17 09:05:00,
1.128809352,9628371,N Vikhlyantseva,S Hsieh v N Vikhlyantseva,80,2016-12-17 08:39:47.498,1.73,2016-12-17 09:05:00,
1.128809352,9628371,N Vikhlyantseva,S Hsieh v N Vikhlyantseva,90,2016-12-17 08:45:53.065,1.63,2016-12-17 09:05:00,
1.128809352,9628371,N Vikhlyantseva,S Hsieh v N Vikhlyantseva,100,2016-12-17 08:52:24.040,1.64,2016-12-17 09:05:00,
1.128809354,8015267,M Linzer,M Linzer v J Sorgi,0,2016-12-17 11:21:02.051,1.68,2016-12-17 19:05:00,
1.128809354,8015267,M Linzer,M Linzer v J Sorgi,10,2016-12-17 13:30:37.488,1.72,2016-12-17 19:05:00,
1.128809354,8015267,M Linzer,M Linzer v J Sorgi,20,2016-12-17 14:30:31.262,1.57,2016-12-17 19:05:00,
1.128809354,8015267,M Linzer,M Linzer v J Sorgi,30,2016-12-17 15:41:35.454,1.74,2016-12-17 19:05:00,
1.128809354,8015267,M Linzer,M Linzer v J Sorgi,40,2016-12-17 16:45:54.486,1.74,2016-12-17 19:05:00,
1.128809354,8015267,M Linzer,M Linzer v J Sorgi,50,2016-12-17 17:20:37.482,1.74,2016-12-17 19:05:00,
1.128809354,8015267,M Linzer,M Linzer v J Sorgi,60,2016-12-17 17:21:07.268,1.75,2016-12-17 19:05:00,
1.128809354,8015267,M Linzer,M Linzer v J Sorgi,70,2016-12-17 17:30:44.472,1.7,2016-12-17 19:05:00,
1.128809354,8015267,M Linzer,M Linzer v J Sorgi,80,2016-12-17 18:38:17.198,1.75,2016-12-17 19:05:00,
1.128809354,8015267,M Linzer,M Linzer v J Sorgi,90,2016-12-17 18:56:25.658,1.77,2016-12-17 19:05:00,
1.128809354,8015267,M Linzer,M Linzer v J Sorgi,100,2016-12-17 19:02:37.627,1.46,2016-12-17 19:05:00,2016-12-17 19:00:38.858
1.128809354,9626473,J Sorgi,M Linzer v J Sorgi,0,2016-12-17 12:07:49.574,2.46,2016-12-17 19:05:00,
1.128809354,9626473,J Sorgi,M Linzer v J Sorgi,10,2016-12-17 13:30:57.812,2.42,2016-12-17 19:05:00,
1.128809354,9626473,J Sorgi,M Linzer v J Sorgi,20,2016-12-17 15:41:35.454,2.34,2016-12-17 19:05:00,
1.128809354,9626473,J Sorgi,M Linzer v J Sorgi,30,2016-12-17 16:30:37.532,2.36,2016-12-17 19:05:00,
1.128809354,9626473,J Sorgi,M Linzer v J Sorgi,40,2016-12-17 16:45:54.486,2.34,2016-12-17 19:05:00,
1.128809354,9626473,J Sorgi,M Linzer v J Sorgi,50,2016-12-17 16:54:28.904,2.36,2016-12-17 19:05:00,
1.128809354,9626473,J Sorgi,M Linzer v J Sorgi,60,2016-12-17 17:00:54.001,2.34,2016-12-17 19:05:00,
1.128809354,9626473,J Sorgi,M Linzer v J Sorgi,70,2016-12-17 17:12:37.113,2.42,2016-12-17 19:05:00,
1.128809354,9626473,J Sorgi,M Linzer v J Sorgi,80,2016-12-17 17:20:37.482,2.32,2016-12-17 19:05:00,
1.128809354,9626473,J Sorgi,M Linzer v J Sorgi,90,2016-12-17 18:56:25.658,2.3,2016-12-17 19:05:00,
1.128809354,9626473,J Sorgi,M Linzer v J Sorgi,100,2016-12-17 19:02:37.627,2.48,2016-12-17 19:05:00,2016-12-17 19:00:38.858
1.128813298,8326652,V Rodriguez,V Rodriguez v F Brito,0,2016-12-17 17:09:14.159,2.16,2016-12-17 21:35:00,
1.128813298,8326652,V Rodriguez,V Rodriguez v F Brito,10,2016-12-17 19:25:40.000,2.1,2016-12-17 21:35:00,
1.128813298,8326652,V Rodriguez,V Rodriguez v F Brito,20,2016-12-17 20:44:12.979,2.14,2016-12-17 21:35:00,
1.128813298,8326652,V Rodriguez,V Rodriguez v F Brito,30,2016-12-17 20:47:11.343,2.26,2016-12-17 21:35:00,
1.128813298,8326652,V Rodriguez,V Rodriguez v F Brito,40,2016-12-17 20:49:10.274,2.22,2016-12-17 21:35:00,
1.128813298,8326652,V Rodriguez,V Rodriguez v F Brito,50,2016-12-17 20:51:10.757,2.32,2016-12-17 21:35:00,
1.128813298,8326652,V Rodriguez,V Rodriguez v F Brito,60,2016-12-17 20:57:14.159,2.34,2016-12-17 21:35:00,
1.128813298,8326652,V Rodriguez,V Rodriguez v F Brito,70,2016-12-17 20:58:10.459,2.42,2016-12-17 21:35:00,
1.128813298,8326652,V Rodriguez,V Rodriguez v F Brito,80,2016-12-17 21:00:09.850,2.24,2016-12-17 21:35:00,
1.128813298,8326652,V Rodriguez,V Rodriguez v F Brito,90,2016-12-17 21:01:14.172,2.34,2016-12-17 21:35:00,
1.128813298,8326652,V Rodriguez,V Rodriguez v F Brito,100,2016-12-17 21:30:14.358,2.3,2016-12-17 21:35:00,2016-12-17 21:30:14.358
1.128821425,9630040,J Boualem,P Udvardy v J Boualem,0,2016-12-19 09:13:17.985,1.47,2016-12-19 11:35:00,
1.128821425,9630040,J Boualem,P Udvardy v J Boualem,10,2016-12-19 09:14:17.258,1.46,2016-12-19 11:35:00,
1.128821425,9630040,J Boualem,P Udvardy v J Boualem,20,2016-12-19 09:15:04.286,1.42,2016-12-19 11:35:00,
1.128821425,9630040,J Boualem,P Udvardy v J Boualem,30,2016-12-19 11:29:08.795,1.61,2016-12-19 11:35:00,
1.128821425,9630040,J Boualem,P Udvardy v J Boualem,40,2016-12-19 19:17:14.076,1.66,2016-12-20 11:35:00,2016-12-19 12:35:30.837
1.128821425,9630040,J Boualem,P Udvardy v J Boualem,50,2016-12-19 20:59:48.872,1.44,2016-12-20 11:35:00,2016-12-19 12:35:30.837
1.128821425,9630040,J Boualem,P Udvardy v J Boualem,60,2016-12-19 23:46:26.154,1.5,2016-12-20 11:35:00,2016-12-19 12:35:30.837
1.128821425,9630040,J Boualem,P Udvardy v J Boualem,70,2016-12-20 00:36:19.601,1.62,2016-12-20 11:35:00,2016-12-19 12:35:30.837
1.128821425,9630040,J Boualem,P Udvardy v J Boualem,80,2016-12-20 00:36:40.487,1.5,2016-12-20 11:35:00,2016-12-19 12:35:30.837
1.128821425,9630040,J Boualem,P Udvardy v J Boualem,90,2016-12-20 08:01:00.909,1.62,2016-12-20 11:35:00,2016-12-19 12:35:30.837
1.128821425,9630040,J Boualem,P Udvardy v J Boualem,100,2016-12-20 11:16:03.071,1.59,2016-12-20 11:35:00,2016-12-19 12:35:30.837
1.128827554,9626546,P Yeung,P Yeung v S Imai,0,2016-12-19 20:14:02.195,1.05,2016-12-20 02:05:00,
1.128827554,9626546,P Yeung,P Yeung v S Imai,10,2016-12-19 23:02:52.294,6.0,2016-12-20 02:05:00,
1.128827554,9626546,P Yeung,P Yeung v S Imai,20,2016-12-19 23:05:22.167,5.0,2016-12-20 02:05:00,
1.128827554,9626546,P Yeung,P Yeung v S Imai,30,2016-12-19 23:07:21.401,4.4,2016-12-20 02:05:00,
1.128827554,9626546,P Yeung,P Yeung v S Imai,40,2016-12-19 23:20:23.749,4.5,2016-12-20 02:05:00,
1.128827554,9626546,P Yeung,P Yeung v S Imai,50,2016-12-19 23:34:15.437,3.95,2016-12-20 02:05:00,
1.128827554,9626546,P Yeung,P Yeung v S Imai,60,2016-12-19 23:35:56.285,7.2,2016-12-20 02:05:00,
1.128827554,9626546,P Yeung,P Yeung v S Imai,70,2016-12-19 23:38:23.495,5.5,2016-12-20 02:05:00,
1.128827554,9626546,P Yeung,P Yeung v S Imai,80,2016-12-19 23:39:15.542,5.0,2016-12-20 02:05:00,
1.128827554,9626546,P Yeung,P Yeung v S Imai,90,2016-12-20 00:26:25.490,6.0,2016-12-20 02:05:00,
1.128827554,9626546,P Yeung,P Yeung v S Imai,100,2016-12-20 00:37:23.548,5.0,2016-12-20 02:05:00,
1.128827554,9628612,S Imai,P Yeung v S Imai,0,2016-12-19 19:06:39.041,1.04,2016-12-20 02:05:00,
1.128827554,9628612,S Imai,P Yeung v S Imai,10,2016-12-19 23:05:22.167,1.25,2016-12-20 02:05:00,
1.128827554,9628612,S Imai,P Yeung v S Imai,20,2016-12-19 23:16:21.997,1.3,2016-12-20 02:05:00,
1.128827554,9628612,S Imai,P Yeung v S Imai,30,2016-12-19 23:34:15.437,1.33,2016-12-20 02:05:00,
1.128827554,9628612,S Imai,P Yeung v S Imai,40,2016-12-19 23:38:23.495,1.23,2016-12-20 02:05:00,
1.128827554,9628612,S Imai,P Yeung v S Imai,50,2016-12-19 23:48:23.145,1.3,2016-12-20 02:05:00,
1.128827554,9628612,S Imai,P Yeung v S Imai,60,2016-12-20 00:16:39.181,1.25,2016-12-20 02:05:00,
1.128827554,9628612,S Imai,P Yeung v S Imai,70,2016-12-20 01:04:25.946,1.21,2016-12-20 02:05:00,
1.128827554,9628612,S Imai,P Yeung v S Imai,80,2016-12-20 01:08:42.874,1.24,2016-12-20 02:05:00,
1.128827554,9628612,S Imai,P Yeung v S Imai,90,2016-12-20 01:14:21.837,1.19,2016-12-20 02:05:00,
1.128827554,9628612,S Imai,P Yeung v S Imai,100,2016-12-20 02:02:21.676,1.19,2016-12-20 02:05:00,2016-12-20 02:00:10.667
1.128833024,9626796,P Kania,R Serban v P Kania,0,2016-12-20 05:29:53.381,1.38,2016-12-20 08:05:00,
1.128833024,9626796,P Kania,R Serban v P Kania,10,2016-12-20 07:03:49.859,1.39,2016-12-20 08:05:00,
1.128833024,9626796,P Kania,R Serban v P Kania,20,2016-12-20 07:13:53.900,1.38,2016-12-20 08:05:00,
1.128833024,9626796,P Kania,R Serban v P Kania,30,2016-12-20 07:21:08.422,1.52,2016-12-20 08:05:00,
1.128833024,9626796,P Kania,R Serban v P Kania,40,2016-12-20 07:23:04.482,1.51,2016-12-20 08:05:00,
1.128833024,9626796,P Kania,R Serban v P Kania,50,2016-12-20 07:45:06.955,1.41,2016-12-20 08:05:00,
1.128833024,9626796,P Kania,R Serban v P Kania,60,2016-12-20 07:46:13.567,1.39,2016-12-20 08:05:00,
1.128833024,9626796,P Kania,R Serban v P Kania,70,2016-12-20 07:49:03.918,1.44,2016-12-20 08:05:00,
1.128833024,9626796,P Kania,R Serban v P Kania,80,2016-12-20 07:55:11.633,1.42,2016-12-20 08:05:00,
1.128833024,9626796,P Kania,R Serban v P Kania,90,2016-12-20 07:56:13.128,1.45,2016-12-20 08:05:00,
1.128833024,9626796,P Kania,R Serban v P Kania,100,2016-12-20 08:04:13.345,1.78,2016-12-20 08:05:00,2016-12-20 08:03:15.052
1.128837544,9625921,G Rivera-Aranguiz,M Descotte v G Rivera-Aranguiz,0,2016-12-20 13:45:31.878,1.48,2016-12-20 16:05:00,
1.128837544,9625921,G Rivera-Aranguiz,M Descotte v G Rivera-Aranguiz,10,2016-12-20 14:32:24.637,1.85,2016-12-20 16:05:00,
1.128837544,9625921,G Rivera-Aranguiz,M Descotte v G Rivera-Aranguiz,20,2016-12-20 14:48:50.022,2.16,2016-12-20 16:05:00,
1.128837544,9625921,G Rivera-Aranguiz,M Descotte v G Rivera-Aranguiz,30,2016-12-20 14:52:51.413,2.66,2016-12-20 16:05:00,
1.128837544,9625921,G Rivera-Aranguiz,M Descotte v G Rivera-Aranguiz,40,2016-12-20 15:00:44.888,2.82,2016-12-20 16:05:00,
1.128837544,9625921,G Rivera-Aranguiz,M Descotte v G Rivera-Aranguiz,50,2016-12-20 15:06:52.698,2.56,2016-12-20 16:05:00,
1.128837544,9625921,G Rivera-Aranguiz,M Descotte v G Rivera-Aranguiz,60,2016-12-20 15:16:50.741,2.46,2016-12-20 16:05:00,
1.128837544,9625921,G Rivera-Aranguiz,M Descotte v G Rivera-Aranguiz,70,2016-12-20 15:23:54.502,2.56,2016-12-20 16:05:00,
1.128837544,9625921,G Rivera-Aranguiz,M Descotte v G Rivera-Aranguiz,80,2016-12-20 15:26:23.138,2.6,2016-12-20 16:05:00,
1.128837544,9625921,G Rivera-Aranguiz,M Descotte v G Rivera-Aranguiz,90,2016-12-20 15:31:27.140,2.66,2016-12-20 16:05:00,
1.128837544,9625921,G Rivera-Aranguiz,M Descotte v G Rivera-Aranguiz,100,2016-12-20 15:53:51.264,3.05,2016-12-20 16:05:00,2016-12-20 15:44:52.196
1.128837544,9628516,M Descotte,M Descotte v G Rivera-Aranguiz,0,2016-12-20 12:47:06.290,2.42,2016-12-20 16:05:00,
1.128837544,9628516,M Descotte,M Descotte v G Rivera-Aranguiz,10,2016-12-20 14:00:44.355,2.02,2016-12-20 16:05:00,
1.128837544,9628516,M Descotte,M Descotte v G Rivera-Aranguiz,20,2016-12-20 14:25:53.899,1.99,2016-12-20 16:05:00,
1.128837544,9628516,M Descotte,M Descotte v G Rivera-Aranguiz,30,2016-12-20 14:49:35.216,1.78,2016-12-20 16:05:00,
1.128837544,9628516,M Descotte,M Descotte v G Rivera-Aranguiz,40,2016-12-20 15:02:44.050,1.48,2016-12-20 16:05:00,
1.128837544,9628516,M Descotte,M Descotte v G Rivera-Aranguiz,50,2016-12-20 15:11:43.630,1.5,2016-12-20 16:05:00,
1.128837544,9628516,M Descotte,M Descotte v G Rivera-Aranguiz,60,2016-12-20 15:19:37.337,1.65,2016-12-20 16:05:00,
1.128837544,9628516,M Descotte,M Descotte v G Rivera-Aranguiz,70,2016-12-20 15:26:23.138,1.62,2016-12-20 16:05:00,
1.128837544,9628516,M Descotte,M Descotte v G Rivera-Aranguiz,80,2016-12-20 15:39:20.243,1.56,2016-12-20 16:05:00,
1.128837544,9628516,M Descotte,M Descotte v G Rivera-Aranguiz,90,2016-12-20 15:53:51.264,1.48,2016-12-20 16:05:00,2016-12-20 15:44:52.196
1.128837544,9628516,M Descotte,M Descotte v G Rivera-Aranguiz,100,2016-12-20 16:03:49.786,1.14,2016-12-20 16:05:00,2016-12-20 15:44:52.196
1.128841554,8596390,J Clarke,J Clarke v C Hsieh,0,2016-12-21 01:52:38.174,1.31,2016-12-21 02:05:00,
1.128841554,8596390,J Clarke,J Clarke v C Hsieh,10,2016-12-21 14:01:48.482,1.15,2016-12-22 02:05:00,2016-12-21 02:05:02.925
1.128841554,8596390,J Clarke,J Clarke v C Hsieh,20,2016-12-21 14:09:55.421,1.2,2016-12-22 02:05:00,2016-12-21 02:05:02.925
1.128841554,8596390,J Clarke,J Clarke v C Hsieh,30,2016-12-21 14:19:53.186,1.17,2016-12-22 02:05:00,2016-12-21 02:05:02.925
1.128841554,8596390,J Clarke,J Clarke v C Hsieh,40,2016-12-21 14:52:46.481,1.28,2016-12-22 02:05:00,2016-12-21 02:05:02.925
1.128841554,8596390,J Clarke,J Clarke v C Hsieh,50,2016-12-21 15:16:15.958,1.16,2016-12-22 02:05:00,2016-12-21 02:05:02.925
1.128841554,8596390,J Clarke,J Clarke v C Hsieh,60,2016-12-21 15:44:54.678,1.25,2016-12-22 02:05:00,2016-12-21 02:05:02.925
1.128841554,8596390,J Clarke,J Clarke v C Hsieh,70,2016-12-21 16:34:49.548,1.21,2016-12-22 02:05:00,2016-12-21 02:05:02.925
1.128841554,8596390,J Clarke,J Clarke v C Hsieh,80,2016-12-21 17:58:45.850,1.12,2016-12-22 02:05:00,2016-12-21 02:05:02.925
1.128841554,8596390,J Clarke,J Clarke v C Hsieh,90,2016-12-21 21:39:12.485,1.12,2016-12-22 02:05:00,2016-12-21 02:05:02.925
1.128841554,8596390,J Clarke,J Clarke v C Hsieh,100,2016-12-22 01:58:34.417,1.09,2016-12-22 02:05:00,2016-12-21 02:05:02.925
1.128857074,8813426,Colin Van Beem,Colin Van Beem v S Dzhanashia,0,2016-12-22 07:45:40.748,1.13,2016-12-22 10:05:00,
1.128857074,8813426,Colin Van Beem,Colin Van Beem v S Dzhanashia,10,2016-12-22 07:53:05.350,1.8,2016-12-22 10:05:00,
1.128857074,8813426,Colin Van Beem,Colin Van Beem v S Dzhanashia,20,2016-12-22 08:20:53.306,1.23,2016-12-22 10:05:00,
1.128857074,8813426,Colin Van Beem,Colin Van Beem v S Dzhanashia,30,2016-12-22 18:29:06.761,1.27,2016-12-23 07:35:00,2016-12-22 10:08:46.467
1.128857074,8813426,Colin Van Beem,Colin Van Beem v S Dzhanashia,40,2016-12-23 04:33:47.682,1.41,2016-12-23 07:35:00,2016-12-22 10:08:46.467
1.128857074,8813426,Colin Van Beem,Colin Van Beem v S Dzhanashia,50,2016-12-23 17:40:59.344,1.39,2016-12-24 08:35:00,2016-12-22 10:08:46.467
1.128857074,8813426,Colin Van Beem,Colin Van Beem v S Dzhanashia,60,2016-12-23 18:54:25.028,1.34,2016-12-24 08:35:00,2016-12-22 10:08:46.467
1.128857074,8813426,Colin Van Beem,Colin Van Beem v S Dzhanashia,70,2016-12-23 21:20:14.424,1.39,2016-12-24 08:35:00,2016-12-22 10:08:46.467
1.128857074,8813426,Colin Van Beem,Colin Van Beem v S Dzhanashia,80,2016-12-24 01:48:58.164,1.2,2016-12-24 08:35:00,2016-12-22 10:08:46.467
1.128857074,8813426,Colin Van Beem,Colin Van Beem v S Dzhanashia,90,2016-12-24 07:21:54.882,1.33,2016-12-24 08:35:00,2016-12-22 10:08:46.467
1.128857074,8813426,Colin Van Beem,Colin Van Beem v S Dzhanashia,100,2016-12-24 08:34:35.117,1.3,2016-12-24 08:35:00,2016-12-22 10:08:46.467
1.128857074,11453345,S Dzhanashia,Colin Van Beem v S Dzhanashia,0,2016-12-22 07:50:03.867,1.13,2016-12-22 10:05:00,
1.128857074,11453345,S Dzhanashia,Colin Van Beem v S Dzhanashia,10,2016-12-22 08:32:36.336,3.05,2016-12-22 10:05:00,
1.128857074,11453345,S Dzhanashia,Colin Van Beem v S Dzhanashia,20,2016-12-22 10:04:19.376,3.0,2016-12-22 10:05:00,
1.128857074,11453345,S Dzhanashia,Colin Van Beem v S Dzhanashia,30,2016-12-23 01:02:11.860,3.6,2016-12-23 07:35:00,2016-12-22 10:08:46.467
1.128857074,11453345,S Dzhanashia,Colin Van Beem v S Dzhanashia,40,2016-12-23 01:04:36.533,3.55,2016-12-23 07:35:00,2016-12-22 10:08:46.467
1.128857074,11453345,S Dzhanashia,Colin Van Beem v S Dzhanashia,50,2016-12-23 17:10:38.684,3.6,2016-12-24 08:35:00,2016-12-22 10:08:46.467
1.128857074,11453345,S Dzhanashia,Colin Van Beem v S Dzhanashia,60,2016-12-23 18:25:56.168,3.55,2016-12-24 08:35:00,2016-12-22 10:08:46.467
1.128857074,11453345,S Dzhanashia,Colin Van Beem v S Dzhanashia,70,2016-12-23 20:39:56.612,3.7,2016-12-24 08:35:00,2016-12-22 10:08:46.467
1.128857074,11453345,S Dzhanashia,Colin Van Beem v S Dzhanashia,80,2016-12-23 20:54:04.035,3.6,2016-12-24 08:35:00,2016-12-22 10:08:46.467
1.128857074,11453345,S Dzhanashia,Colin Van Beem v S Dzhanashia,90,2016-12-24 00:41:16.939,3.55,2016-12-24 08:35:00,2016-12-22 10:08:46.467
1.128857074,11453345,S Dzhanashia,Colin Van Beem v S Dzhanashia,100,2016-12-24 08:04:54.431,4.2,2016-12-24 08:35:00,2016-12-22 10:08:46.467
1.128857075,9623525,D Dima,D Dima v O Prihodko,0,2016-12-22 14:40:51.526,2.0,2016-12-23 07:35:00,2016-12-22 10:08:46.467
1.128857075,9623525,D Dima,D Dima v O Prihodko,10,2016-12-23 02:53:30.002,1.27,2016-12-23 07:35:00,2016-12-22 10:08:46.467
1.128857075,9623525,D Dima,D Dima v O Prihodko,20,2016-12-23 06:09:01.692,1.05,2016-12-23 07:35:00,2016-12-22 10:08:46.467
1.128857075,9623525,D Dima,D Dima v O Prihodko,30,2016-12-23 07:00:05.221,1.06,2016-12-23 07:35:00,2016-12-22 10:08:46.467
1.128857075,9623525,D Dima,D Dima v O Prihodko,40,2016-12-23 07:06:53.223,1.03,2016-12-23 07:35:00,2016-12-22 10:08:46.467
1.128857075,9623525,D Dima,D Dima v O Prihodko,50,2016-12-23 07:33:53.238,1.21,2016-12-23 07:35:00,2016-12-22 10:08:46.467
1.128857075,9623525,D Dima,D Dima v O Prihodko,60,2016-12-23 15:53:20.750,1.21,2016-12-24 08:35:00,2016-12-22 10:08:46.467
1.128857075,9623525,D Dima,D Dima v O Prihodko,70,2016-12-23 15:54:24.745,1.19,2016-12-24 08:35:00,2016-12-22 10:08:46.467
1.128857075,9623525,D Dima,D Dima v O Prihodko,80,2016-12-23 16:05:02.337,1.12,2016-12-24 08:35:00,2016-12-22 10:08:46.467
1.128857075,9623525,D Dima,D Dima v O Prihodko,90,2016-12-24 01:49:12.933,1.07,2016-12-24 08:35:00,2016-12-22 10:08:46.467
1.128857075,9623525,D Dima,D Dima v O Prihodko,100,2016-12-24 03:55:29.285,1.22,2016-12-24 08:35:00,2016-12-22 10:08:46.467
1.128857076,9622902,G Sakharov,G Sakharov v T Babelis,0,2016-12-22 09:32:36.753,1.3,2016-12-22 10:05:00,
1.128857076,9622902,G Sakharov,G Sakharov v T Babelis,10,2016-12-22 13:34:55.634,1.12,2016-12-23 07:05:00,2016-12-22 10:08:46.422
1.128857076,9622902,G Sakharov,G Sakharov v T Babelis,20,2016-12-22 14:37:53.441,1.11,2016-12-23 07:05:00,2016-12-22 10:08:46.422
1.128857076,9622902,G Sakharov,G Sakharov v T Babelis,30,2016-12-23 06:08:53.643,1.18,2016-12-23 07:05:00,2016-12-22 10:08:46.422
1.128857076,9622902,G Sakharov,G Sakharov v T Babelis,40,2016-12-23 06:57:04.572,1.17,2016-12-23 07:05:00,2016-12-22 10:08:46.422
1.128857076,9622902,G Sakharov,G Sakharov v T Babelis,50,2016-12-23 07:04:01.986,1.22,2016-12-23 07:05:00,2016-12-22 10:08:46.422
1.128857076,9622902,G Sakharov,G Sakharov v T Babelis,60,2016-12-23 15:11:45.346,1.11,2016-12-24 07:05:00,2016-12-22 10:08:46.422
1.128857076,9622902,G Sakharov,G Sakharov v T Babelis,70,2016-12-23 16:09:06.550,1.23,2016-12-24 07:05:00,2016-12-22 10:08:46.422
1.128857076,9622902,G Sakharov,G Sakharov v T Babelis,80,2016-12-23 20:34:17.928,1.1,2016-12-24 07:05:00,2016-12-22 10:08:46.422
1.128857076,9622902,G Sakharov,G Sakharov v T Babelis,90,2016-12-24 06:19:40.285,1.12,2016-12-24 07:05:00,2016-12-22 10:08:46.422
1.128857076,9622902,G Sakharov,G Sakharov v T Babelis,100,2016-12-24 06:57:12.139,1.12,2016-12-24 07:05:00,2016-12-22 10:08:46.422
1.128857078,9633790,P Bothwell,P Bothwell v B Wagner,0,2016-12-23 06:15:28.606,1.31,2016-12-23 07:05:00,
1.128857078,9633790,P Bothwell,P Bothwell v B Wagner,10,2016-12-23 15:53:59.570,1.34,2016-12-24 08:35:00,2016-12-23 07:00:05.016
1.128857078,9633790,P Bothwell,P Bothwell v B Wagner,20,2016-12-23 15:58:51.098,1.34,2016-12-24 08:35:00,2016-12-23 07:00:05.016
1.128857078,9633790,P Bothwell,P Bothwell v B Wagner,30,2016-12-23 16:06:32.526,1.34,2016-12-24 08:35:00,2016-12-23 07:00:05.016
1.128857078,9633790,P Bothwell,P Bothwell v B Wagner,40,2016-12-23 16:17:02.732,1.27,2016-12-24 08:35:00,2016-12-23 07:00:05.016
1.128857078,9633790,P Bothwell,P Bothwell v B Wagner,50,2016-12-23 18:21:36.532,1.31,2016-12-24 08:35:00,2016-12-23 07:00:05.016
1.128857078,9633790,P Bothwell,P Bothwell v B Wagner,60,2016-12-23 21:44:15.639,1.37,2016-12-24 08:35:00,2016-12-23 07:00:05.016
1.128857078,9633790,P Bothwell,P Bothwell v B Wagner,70,2016-12-24 03:52:49.693,1.34,2016-12-24 08:35:00,2016-12-23 07:00:05.016
1.128857078,9633790,P Bothwell,P Bothwell v B Wagner,80,2016-12-24 05:23:07.332,1.27,2016-12-24 08:35:00,2016-12-23 07:00:05.016
1.128857078,9633790,P Bothwell,P Bothwell v B Wagner,90,2016-12-24 06:40:19.661,1.26,2016-12-24 08:35:00,2016-12-23 07:00:05.016
1.128857078,9633790,P Bothwell,P Bothwell v B Wagner,100,2016-12-24 08:28:48.910,1.09,2016-12-24 08:35:00,2016-12-23 07:00:05.016
1.128857079,8619042,V Alekseenko,V Alekseenko v A Lebedyn,0,2016-12-22 08:33:55.051,2.42,2016-12-22 11:35:00,
1.128857079,8619042,V Alekseenko,V Alekseenko v A Lebedyn,10,2016-12-22 08:54:03.798,2.2,2016-12-22 11:35:00,
1.128857079,8619042,V Alekseenko,V Alekseenko v A Lebedyn,20,2016-12-22 10:26:00.499,1.66,2016-12-22 11:35:00,
1.128857079,8619042,V Alekseenko,V Alekseenko v A Lebedyn,30,2016-12-22 18:23:05.418,1.94,2016-12-23 09:05:00,
1.128857079,8619042,V Alekseenko,V Alekseenko v A Lebedyn,40,2016-12-22 22:59:44.496,1.85,2016-12-23 09:05:00,
1.128857079,8619042,V Alekseenko,V Alekseenko v A Lebedyn,50,2016-12-23 01:07:48.699,1.99,2016-12-23 09:05:00,
1.128857079,8619042,V Alekseenko,V Alekseenko v A Lebedyn,60,2016-12-23 05:50:44.483,1.78,2016-12-23 09:05:00,
1.128857079,8619042,V Alekseenko,V Alekseenko v A Lebedyn,70,2016-12-23 06:32:04.764,1.78,2016-12-23 09:05:00,
1.128857079,8619042,V Alekseenko,V Alekseenko v A Lebedyn,80,2016-12-23 15:55:58.608,1.58,2016-12-24 07:05:00,
1.128857079,8619042,V Alekseenko,V Alekseenko v A Lebedyn,90,2016-12-23 22:47:06.897,1.53,2016-12-24 07:05:00,
1.128857079,8619042,V Alekseenko,V Alekseenko v A Lebedyn,100,2016-12-24 06:57:47.924,1.57,2016-12-24 07:05:00,
1.128857079,9631694,A Lebedyn,V Alekseenko v A Lebedyn,0,2016-12-22 08:13:24.012,1.7,2016-12-22 11:35:00,
1.128857079,9631694,A Lebedyn,V Alekseenko v A Lebedyn,10,2016-12-22 08:49:03.316,1.8,2016-12-22 11:35:00,
1.128857079,9631694,A Lebedyn,V Alekseenko v A Lebedyn,20,2016-12-22 09:39:57.654,2.28,2016-12-22 11:35:00,
1.128857079,9631694,A Lebedyn,V Alekseenko v A Lebedyn,30,2016-12-22 11:17:05.064,2.54,2016-12-22 11:35:00,
1.128857079,9631694,A Lebedyn,V Alekseenko v A Lebedyn,40,2016-12-22 18:24:06.324,1.92,2016-12-23 09:05:00,
1.128857079,9631694,A Lebedyn,V Alekseenko v A Lebedyn,50,2016-12-22 22:57:07.589,2.2,2016-12-23 09:05:00,
1.128857079,9631694,A Lebedyn,V Alekseenko v A Lebedyn,60,2016-12-23 05:31:00.289,2.28,2016-12-23 09:05:00,
1.128857079,9631694,A Lebedyn,V Alekseenko v A Lebedyn,70,2016-12-23 06:37:53.239,2.28,2016-12-23 09:05:00,
1.128857079,9631694,A Lebedyn,V Alekseenko v A Lebedyn,80,2016-12-23 15:55:58.608,2.74,2016-12-24 07:05:00,
1.128857079,9631694,A Lebedyn,V Alekseenko v A Lebedyn,90,2016-12-23 20:12:50.042,2.8,2016-12-24 07:05:00,
1.128857079,9631694,A Lebedyn,V Alekseenko v A Lebedyn,100,2016-12-24 06:57:47.924,2.74,2016-12-24 07:05:00,
1.128857082,9626680,E Kostova,A Cadantu v E Kostova,0,2016-12-22 05:47:42.621,1.66,2016-12-22 09:05:00,
1.128857082,9626680,E Kostova,A Cadantu v E Kostova,10,2016-12-22 06:19:47.316,1.9,2016-12-22 09:05:00,
1.128857082,9626680,E Kostova,A Cadantu v E Kostova,20,2016-12-22 07:05:39.363,1.89,2016-12-22 09:05:00,
1.128857082,9626680,E Kostova,A Cadantu v E Kostova,30,2016-12-22 08:15:45.030,1.76,2016-12-22 09:05:00,
1.128857082,9626680,E Kostova,A Cadantu v E Kostova,40,2016-12-22 08:32:51.937,1.74,2016-12-22 09:05:00,
1.128857082,9626680,E Kostova,A Cadantu v E Kostova,50,2016-12-22 08:39:45.280,1.72,2016-12-22 09:05:00,
1.128857082,9626680,E Kostova,A Cadantu v E Kostova,60,2016-12-22 08:46:30.238,1.69,2016-12-22 09:05:00,
1.128857082,9626680,E Kostova,A Cadantu v E Kostova,70,2016-12-22 08:54:51.116,1.73,2016-12-22 09:05:00,
1.128857082,9626680,E Kostova,A Cadantu v E Kostova,80,2016-12-22 08:55:42.433,1.74,2016-12-22 09:05:00,
1.128857082,9626680,E Kostova,A Cadantu v E Kostova,90,2016-12-22 08:59:51.252,1.74,2016-12-22 09:05:00,
1.128857082,9626680,E Kostova,A Cadantu v E Kostova,100,2016-12-22 09:03:51.365,1.74,2016-12-22 09:05:00,
1.128857082,9626865,A Cadantu,A Cadantu v E Kostova,0,2016-12-22 04:08:28.327,2.06,2016-12-22 09:05:00,
1.128857082,9626865,A Cadantu,A Cadantu v E Kostova,10,2016-12-22 06:00:07.294,2.5,2016-12-22 09:05:00,
1.128857082,9626865,A Cadantu,A Cadantu v E Kostova,20,2016-12-22 06:19:47.316,2.12,2016-12-22 09:05:00,
1.128857082,9626865,A Cadantu,A Cadantu v E Kostova,30,2016-12-22 08:39:45.280,2.38,2016-12-22 09:05:00,
1.128857082,9626865,A Cadantu,A Cadantu v E Kostova,40,2016-12-22 08:40:49.035,2.36,2016-12-22 09:05:00,
1.128857082,9626865,A Cadantu,A Cadantu v E Kostova,50,2016-12-22 08:46:30.238,2.44,2016-12-22 09:05:00,
1.128857082,9626865,A Cadantu,A Cadantu v E Kostova,60,2016-12-22 08:54:51.116,2.36,2016-12-22 09:05:00,
1.128857082,9626865,A Cadantu,A Cadantu v E Kostova,70,2016-12-22 08:55:42.433,2.26,2016-12-22 09:05:00,
1.128857082,9626865,A Cadantu,A Cadantu v E Kostova,80,2016-12-22 08:59:51.252,2.34,2016-12-22 09:05:00,
1.128857082,9626865,A Cadantu,A Cadantu v E Kostova,90,2016-12-22 09:00:49.708,2.28,2016-12-22 09:05:00,
1.128857082,9626865,A Cadantu,A Cadantu v E Kostova,100,2016-12-22 09:04:51.635,2.34,2016-12-22 09:05:00,2016-12-22 09:04:51.635
1.128857083,9626996,V Diatchenko,P Kania v V Diatchenko,0,2016-12-22 05:45:30.152,1.52,2016-12-22 09:05:00,
1.128857083,9626996,V Diatchenko,P Kania v V Diatchenko,10,2016-12-22 07:39:43.643,1.56,2016-12-22 09:05:00,
1.128857083,9626996,V Diatchenko,P Kania v V Diatchenko,20,2016-12-22 07:42:49.758,1.46,2016-12-22 09:05:00,
1.128857083,9626996,V Diatchenko,P Kania v V Diatchenko,30,2016-12-22 08:17:35.896,1.46,2016-12-22 09:05:00,
1.128857083,9626996,V Diatchenko,P Kania v V Diatchenko,40,2016-12-22 08:29:46.172,1.44,2016-12-22 09:05:00,
1.128857083,9626996,V Diatchenko,P Kania v V Diatchenko,50,2016-12-22 08:33:47.321,1.52,2016-12-22 09:05:00,
1.128857083,9626996,V Diatchenko,P Kania v V Diatchenko,60,2016-12-22 08:41:46.652,1.54,2016-12-22 09:05:00,
1.128857083,9626996,V Diatchenko,P Kania v V Diatchenko,70,2016-12-22 08:44:34.394,1.56,2016-12-22 09:05:00,
1.128857083,9626996,V Diatchenko,P Kania v V Diatchenko,80,2016-12-22 08:51:48.304,1.58,2016-12-22 09:05:00,
1.128857083,9626996,V Diatchenko,P Kania v V Diatchenko,90,2016-12-22 08:54:50.594,1.59,2016-12-22 09:05:00,
1.128857083,9626996,V Diatchenko,P Kania v V Diatchenko,100,2016-12-22 09:00:47.533,1.65,2016-12-22 09:05:00,
1.128870116,9626996,V Diatchenko,V Diatchenko v A Cadantu,0,2016-12-23 07:08:53.002,1.4,2016-12-23 11:05:00,
1.128870116,9626996,V Diatchenko,V Diatchenko v A Cadantu,10,2016-12-23 07:09:50.399,1.34,2016-12-23 11:05:00,
1.128870116,9626996,V Diatchenko,V Diatchenko v A Cadantu,20,2016-12-23 09:40:45.597,1.42,2016-12-23 11:05:00,
1.128870116,9626996,V Diatchenko,V Diatchenko v A Cadantu,30,2016-12-23 09:53:47.422,1.45,2016-12-23 11:05:00,
1.128870116,9626996,V Diatchenko,V Diatchenko v A Cadantu,40,2016-12-23 10:12:45.262,1.36,2016-12-23 11:05:00,
1.128870116,9626996,V Diatchenko,V Diatchenko v A Cadantu,50,2016-12-23 10:25:47.152,1.45,2016-12-23 11:05:00,
1.128870116,9626996,V Diatchenko,V Diatchenko v A Cadantu,60,2016-12-23 10:38:55.487,1.44,2016-12-23 11:05:00,
1.128870116,9626996,V Diatchenko,V Diatchenko v A Cadantu,70,2016-12-23 10:46:51.396,1.41,2016-12-23 11:05:00,
1.128870116,9626996,V Diatchenko,V Diatchenko v A Cadantu,80,2016-12-23 10:48:50.591,1.37,2016-12-23 11:05:00,
1.128870116,9626996,V Diatchenko,V Diatchenko v A Cadantu,90,2016-12-23 10:56:45.871,1.34,2016-12-23 11:05:00,
1.128870116,9626996,V Diatchenko,V Diatchenko v A Cadantu,100,2016-12-23 11:03:55.605,1.4,2016-12-23 11:05:00,2016-12-23 11:01:53.588
1.128870117,9002342,I Jorovic,A Sabalenka v I Jorovic,0,2016-12-23 00:14:54.780,1.97,2016-12-23 12:35:00,
1.128870117,9002342,I Jorovic,A Sabalenka v I Jorovic,10,2016-12-23 07:02:24.615,1.76,2016-12-23 12:35:00,
1.128870117,9002342,I Jorovic,A Sabalenka v I Jorovic,20,2016-12-23 09:59:23.958,1.84,2016-12-23 12:35:00,
1.128870117,9002342,I Jorovic,A Sabalenka v I Jorovic,30,2016-12-23 11:32:54.357,1.98,2016-12-23 12:35:00,
1.128870117,9002342,I Jorovic,A Sabalenka v I Jorovic,40,2016-12-23 11:36:51.916,1.99,2016-12-23 12:35:00,
1.128870117,9002342,I Jorovic,A Sabalenka v I Jorovic,50,2016-12-23 11:41:56.225,1.92,2016-12-23 12:35:00,
1.128870117,9002342,I Jorovic,A Sabalenka v I Jorovic,60,2016-12-23 11:44:56.230,1.92,2016-12-23 12:35:00,
1.128870117,9002342,I Jorovic,A Sabalenka v I Jorovic,70,2016-12-23 11:51:52.421,2.06,2016-12-23 12:35:00,2016-12-23 11:46:55.804
1.128870117,9002342,I Jorovic,A Sabalenka v I Jorovic,80,2016-12-23 11:53:52.353,1.64,2016-12-23 12:35:00,2016-12-23 11:46:55.804
1.128870117,9002342,I Jorovic,A Sabalenka v I Jorovic,90,2016-12-23 11:56:54.484,2.0,2016-12-23 12:35:00,2016-12-23 11:46:55.804
1.128870117,9002342,I Jorovic,A Sabalenka v I Jorovic,100,2016-12-23 12:01:55.539,1.9,2016-12-23 12:35:00,2016-12-23 11:46:55.804
1.128870117,9628841,A Sabalenka,A Sabalenka v I Jorovic,0,2016-12-23 00:14:54.780,2.04,2016-12-23 12:35:00,
1.128870117,9628841,A Sabalenka,A Sabalenka v I Jorovic,10,2016-12-23 08:59:47.799,2.18,2016-12-23 12:35:00,
1.128870117,9628841,A Sabalenka,A Sabalenka v I Jorovic,20,2016-12-23 10:21:22.329,2.1,2016-12-23 12:35:00,
1.128870117,9628841,A Sabalenka,A Sabalenka v I Jorovic,30,2016-12-23 10:39:52.856,2.2,2016-12-23 12:35:00,
1.128870117,9628841,A Sabalenka,A Sabalenka v I Jorovic,40,2016-12-23 11:32:54.357,2.0,2016-12-23 12:35:00,
1.128870117,9628841,A Sabalenka,A Sabalenka v I Jorovic,50,2016-12-23 11:41:56.225,2.08,2016-12-23 12:35:00,
1.128870117,9628841,A Sabalenka,A Sabalenka v I Jorovic,60,2016-12-23 11:44:56.230,2.08,2016-12-23 12:35:00,
1.128870117,9628841,A Sabalenka,A Sabalenka v I Jorovic,70,2016-12-23 11:51:52.421,1.92,2016-12-23 12:35:00,2016-12-23 11:46:55.804
1.128870117,9628841,A Sabalenka,A Sabalenka v I Jorovic,80,2016-12-23 11:56:54.484,2.0,2016-12-23 12:35:00,2016-12-23 11:46:55.804
1.128870117,9628841,A Sabalenka,A Sabalenka v I Jorovic,90,2016-12-23 11:57:55.139,1.92,2016-12-23 12:35:00,2016-12-23 11:46:55.804
1.128870117,9628841,A Sabalenka,A Sabalenka v I Jorovic,100,2016-12-23 12:01:55.539,2.1,2016-12-23 12:35:00,2016-12-23 11:46:55.804
1.12887908,9002342,I Jorovic,I Jorovic v V Diatchenko,0,2016-12-23 22:46:21.544,2.1,2016-12-24 10:05:00,
1.12887908,9002342,I Jorovic,I Jorovic v V Diatchenko,10,2016-12-24 04:39:15.123,2.02,2016-12-24 10:05:00,
1.12887908,9002342,I Jorovic,I Jorovic v V Diatchenko,20,2016-12-24 06:52:13.685,2.08,2016-12-24 10:05:00,
1.12887908,9002342,I Jorovic,I Jorovic v V Diatchenko,30,2016-12-24 08:39:23.902,2.1,2016-12-24 10:05:00,
1.12887908,9002342,I Jorovic,I Jorovic v V Diatchenko,40,2016-12-24 09:06:21.413,1.99,2016-12-24 10:05:00,
1.12887908,9002342,I Jorovic,I Jorovic v V Diatchenko,50,2016-12-24 09:25:17.027,2.0,2016-12-24 10:05:00,
1.12887908,9002342,I Jorovic,I Jorovic v V Diatchenko,60,2016-12-24 09:27:30.223,1.98,2016-12-24 10:05:00,
1.12887908,9002342,I Jorovic,I Jorovic v V Diatchenko,70,2016-12-24 09:41:30.081,2.02,2016-12-24 10:05:00,
1.12887908,9002342,I Jorovic,I Jorovic v V Diatchenko,80,2016-12-24 09:44:26.925,1.98,2016-12-24 10:05:00,
1.12887908,9002342,I Jorovic,I Jorovic v V Diatchenko,90,2016-12-24 09:51:25.823,1.8,2016-12-24 10:05:00,
1.12887908,9002342,I Jorovic,I Jorovic v V Diatchenko,100,2016-12-24 10:03:23.335,2.12,2016-12-24 10:05:00,2016-12-24 10:00:28.666
1.12887908,9626996,V Diatchenko,I Jorovic v V Diatchenko,0,2016-12-23 22:46:21.544,1.9,2016-12-24 10:05:00,
1.12887908,9626996,V Diatchenko,I Jorovic v V Diatchenko,10,2016-12-24 06:11:20.674,1.74,2016-12-24 10:05:00,
1.12887908,9626996,V Diatchenko,I Jorovic v V Diatchenko,20,2016-12-24 07:26:55.521,1.85,2016-12-24 10:05:00,
1.12887908,9626996,V Diatchenko,I Jorovic v V Diatchenko,30,2016-12-24 08:12:25.584,1.81,2016-12-24 10:05:00,
1.12887908,9626996,V Diatchenko,I Jorovic v V Diatchenko,40,2016-12-24 08:26:58.937,1.8,2016-12-24 10:05:00,
1.12887908,9626996,V Diatchenko,I Jorovic v V Diatchenko,50,2016-12-24 09:03:25.773,1.94,2016-12-24 10:05:00,
1.12887908,9626996,V Diatchenko,I Jorovic v V Diatchenko,60,2016-12-24 09:25:17.027,2.0,2016-12-24 10:05:00,
1.12887908,9626996,V Diatchenko,I Jorovic v V Diatchenko,70,2016-12-24 09:36:26.720,1.9,2016-12-24 10:05:00,
1.12887908,9626996,V Diatchenko,I Jorovic v V Diatchenko,80,2016-12-24 09:41:30.081,1.99,2016-12-24 10:05:00,
1.12887908,9626996,V Diatchenko,I Jorovic v V Diatchenko,90,2016-12-24 09:47:28.798,2.08,2016-12-24 10:05:00,
1.12887908,9626996,V Diatchenko,I Jorovic v V Diatchenko,100,2016-12-24 10:03:23.335,1.88,2016-12-24 10:05:00,2016-12-24 10:00:28.666
1.128882496,8176580,Y Bhambri,Y Bhambri v S Imai,0,2016-12-24 13:01:26.570,1.3,2016-12-25 03:00:05,
1.128882496,8176580,Y Bhambri,Y Bhambri v S Imai,10,2016-12-24 15:09:09.939,1.44,2016-12-25 03:00:05,
1.128882496,8176580,Y Bhambri,Y Bhambri v S Imai,20,2016-12-24 16:30:30.141,1.3,2016-12-25 03:00:05,
1.128882496,8176580,Y Bhambri,Y Bhambri v S Imai,30,2016-12-24 21:19:47.515,1.31,2016-12-25 03:00:05,
1.128882496,8176580,Y Bhambri,Y Bhambri v S Imai,40,2016-12-24 22:31:47.412,1.35,2016-12-25 03:00:05,
1.128882496,8176580,Y Bhambri,Y Bhambri v S Imai,50,2016-12-24 23:05:05.526,1.32,2016-12-25 03:00:05,
1.128882496,8176580,Y Bhambri,Y Bhambri v S Imai,60,2016-12-24 23:54:59.352,1.33,2016-12-25 03:00:05,
1.128882496,8176580,Y Bhambri,Y Bhambri v S Imai,70,2016-12-25 00:29:16.736,1.32,2016-12-25 03:00:05,
1.128882496,8176580,Y Bhambri,Y Bhambri v S Imai,80,2016-12-25 01:47:32.180,1.29,2016-12-25 03:00:05,
1.128882496,8176580,Y Bhambri,Y Bhambri v S Imai,90,2016-12-25 01:59:43.166,1.23,2016-12-25 03:00:05,
1.128882496,8176580,Y Bhambri,Y Bhambri v S Imai,100,2016-12-25 02:58:00.214,1.25,2016-12-25 03:00:05,
1.128882991,9622902,G Sakharov,G Sakharov v A Petrone,0,2016-12-24 15:38:22.375,1.4,2016-12-25 06:30:00,2016-12-24 12:59:02.166
1.128882991,9622902,G Sakharov,G Sakharov v A Petrone,10,2016-12-24 15:50:18.823,1.45,2016-12-25 06:30:00,2016-12-24 12:59:02.166
1.128882991,9622902,G Sakharov,G Sakharov v A Petrone,20,2016-12-24 16:06:00.862,1.36,2016-12-25 06:30:00,2016-12-24 12:59:02.166
1.128882991,9622902,G Sakharov,G Sakharov v A Petrone,30,2016-12-24 18:57:36.845,1.4,2016-12-25 06:35:00,2016-12-24 12:59:02.166
1.128882991,9622902,G Sakharov,G Sakharov v A Petrone,40,2016-12-24 21:53:29.414,1.66,2016-12-25 06:35:00,2016-12-24 12:59:02.166
1.128882991,9622902,G Sakharov,G Sakharov v A Petrone,50,2016-12-25 04:10:23.553,1.9,2016-12-25 06:35:00,2016-12-24 12:59:02.166
1.128882991,9622902,G Sakharov,G Sakharov v A Petrone,60,2016-12-25 04:14:11.591,1.17,2016-12-25 06:35:00,2016-12-24 12:59:02.166
1.128882991,9622902,G Sakharov,G Sakharov v A Petrone,70,2016-12-25 05:14:19.985,1.29,2016-12-25 06:35:00,2016-12-24 12:59:02.166
1.128882991,9622902,G Sakharov,G Sakharov v A Petrone,80,2016-12-25 05:37:19.326,1.31,2016-12-25 06:35:00,2016-12-24 12:59:02.166
1.128882991,9622902,G Sakharov,G Sakharov v A Petrone,90,2016-12-25 06:03:13.575,1.37,2016-12-25 06:35:00,2016-12-24 12:59:02.166
1.128882991,9622902,G Sakharov,G Sakharov v A Petrone,100,2016-12-25 06:34:15.573,1.43,2016-12-25 06:35:00,2016-12-24 12:59:02.166
1.128882991,11276637,A Petrone,G Sakharov v A Petrone,0,2016-12-24 15:38:22.375,3.5,2016-12-25 06:30:00,2016-12-24 12:59:02.166
1.128882991,11276637,A Petrone,G Sakharov v A Petrone,10,2016-12-24 15:40:07.973,3.0,2016-12-25 06:30:00,2016-12-24 12:59:02.166
1.128882991,11276637,A Petrone,G Sakharov v A Petrone,20,2016-12-24 18:03:58.957,4.1,2016-12-25 06:35:00,2016-12-24 12:59:02.166
1.128882991,11276637,A Petrone,G Sakharov v A Petrone,30,2016-12-24 18:24:29.291,3.55,2016-12-25 06:35:00,2016-12-24 12:59:02.166
1.128882991,11276637,A Petrone,G Sakharov v A Petrone,40,2016-12-24 21:22:22.648,2.6,2016-12-25 06:35:00,2016-12-24 12:59:02.166
1.128882991,11276637,A Petrone,G Sakharov v A Petrone,50,2016-12-25 04:03:16.665,1.61,2016-12-25 06:35:00,2016-12-24 12:59:02.166
1.128882991,11276637,A Petrone,G Sakharov v A Petrone,60,2016-12-25 04:10:23.553,3.1,2016-12-25 06:35:00,2016-12-24 12:59:02.166
1.128882991,11276637,A Petrone,G Sakharov v A Petrone,70,2016-12-25 04:11:24.395,2.5,2016-12-25 06:35:00,2016-12-24 12:59:02.166
1.128882991,11276637,A Petrone,G Sakharov v A Petrone,80,2016-12-25 04:13:06.658,3.1,2016-12-25 06:35:00,2016-12-24 12:59:02.166
1.128882991,11276637,A Petrone,G Sakharov v A Petrone,90,2016-12-25 04:15:17.669,3.3,2016-12-25 06:35:00,2016-12-24 12:59:02.166
1.128882991,11276637,A Petrone,G Sakharov v A Petrone,100,2016-12-25 06:30:04.375,3.95,2016-12-25 06:35:00,2016-12-24 12:59:02.166
1.128888961,9634910,A Tang,K Kawachi v A Tang,0,2016-12-26 14:05:56.500,1.18,2016-12-27 02:05:00,
1.128888961,9634910,A Tang,K Kawachi v A Tang,10,2016-12-26 20:11:55.656,1.45,2016-12-27 02:05:00,
1.128888961,9634910,A Tang,K Kawachi v A Tang,20,2016-12-26 22:35:32.929,1.41,2016-12-27 02:05:00,
1.128888961,9634910,A Tang,K Kawachi v A Tang,30,2016-12-26 23:07:21.129,1.24,2016-12-27 02:05:00,
1.128888961,9634910,A Tang,K Kawachi v A Tang,40,2016-12-26 23:16:57.244,1.28,2016-12-27 02:05:00,
1.128888961,9634910,A Tang,K Kawachi v A Tang,50,2016-12-26 23:19:17.104,1.57,2016-12-27 02:05:00,
1.128888961,9634910,A Tang,K Kawachi v A Tang,60,2016-12-26 23:22:14.682,1.26,2016-12-27 02:05:00,
1.128888961,9634910,A Tang,K Kawachi v A Tang,70,2016-12-27 00:52:38.691,1.56,2016-12-27 02:05:00,
1.128888961,9634910,A Tang,K Kawachi v A Tang,80,2016-12-27 00:55:15.237,1.54,2016-12-27 02:05:00,
1.128888961,9634910,A Tang,K Kawachi v A Tang,90,2016-12-27 01:01:49.952,1.23,2016-12-27 02:05:00,
1.128888961,9634910,A Tang,K Kawachi v A Tang,100,2016-12-27 01:50:29.104,1.25,2016-12-27 02:05:00,
1.12889873,2444577,Jo Wilfried Tsonga,D Goffin v J-W Tsonga,0,2016-12-28 12:13:29.926,1.62,2016-12-29 13:05:00,
1.12889873,2444577,Jo Wilfried Tsonga,D Goffin v J-W Tsonga,10,2016-12-28 17:47:08.940,1.68,2016-12-29 13:05:00,
1.12889873,2444577,Jo Wilfried Tsonga,D Goffin v J-W Tsonga,20,2016-12-29 04:52:52.100,1.65,2016-12-29 13:05:00,
1.12889873,2444577,Jo Wilfried Tsonga,D Goffin v J-W Tsonga,30,2016-12-29 07:46:10.596,1.66,2016-12-29 13:05:00,
1.12889873,2444577,Jo Wilfried Tsonga,D Goffin v J-W Tsonga,40,2016-12-29 08:42:47.207,1.67,2016-12-29 13:05:00,
1.12889873,2444577,Jo Wilfried Tsonga,D Goffin v J-W Tsonga,50,2016-12-29 10:24:27.327,1.66,2016-12-29 13:05:00,
1.12889873,2444577,Jo Wilfried Tsonga,D Goffin v J-W Tsonga,60,2016-12-29 10:40:12.932,1.75,2016-12-29 13:05:00,
1.12889873,2444577,Jo Wilfried Tsonga,D Goffin v J-W Tsonga,70,2016-12-29 11:45:14.140,1.75,2016-12-29 13:05:00,
1.12889873,2444577,Jo Wilfried Tsonga,D Goffin v J-W Tsonga,80,2016-12-29 12:05:07.064,1.75,2016-12-29 13:05:00,
1.12889873,2444577,Jo Wilfried Tsonga,D Goffin v J-W Tsonga,90,2016-12-29 12:51:17.323,1.77,2016-12-29 13:05:00,
1.12889873,2444577,Jo Wilfried Tsonga,D Goffin v J-W Tsonga,100,2016-12-29 13:04:57.171,1.81,2016-12-29 13:05:00,
1.12889873,5224084,David Goffin,D Goffin v J-W Tsonga,0,2016-12-28 13:37:28.298,2.62,2016-12-29 13:05:00,
1.12889873,5224084,David Goffin,D Goffin v J-W Tsonga,10,2016-12-28 15:24:08.185,2.6,2016-12-29 13:05:00,
1.12889873,5224084,David Goffin,D Goffin v J-W Tsonga,20,2016-12-29 03:30:49.391,2.4,2016-12-29 13:05:00,
1.12889873,5224084,David Goffin,D Goffin v J-W Tsonga,30,2016-12-29 07:47:05.224,2.54,2016-12-29 13:05:00,
1.12889873,5224084,David Goffin,D Goffin v J-W Tsonga,40,2016-12-29 09:39:11.659,2.52,2016-12-29 13:05:00,
1.12889873,5224084,David Goffin,D Goffin v J-W Tsonga,50,2016-12-29 10:34:17.485,2.42,2016-12-29 13:05:00,
1.12889873,5224084,David Goffin,D Goffin v J-W Tsonga,60,2016-12-29 11:06:08.925,2.3,2016-12-29 13:05:00,
1.12889873,5224084,David Goffin,D Goffin v J-W Tsonga,70,2016-12-29 11:48:12.001,2.32,2016-12-29 13:05:00,
1.12889873,5224084,David Goffin,D Goffin v J-W Tsonga,80,2016-12-29 12:41:02.238,2.28,2016-12-29 13:05:00,
1.12889873,5224084,David Goffin,D Goffin v J-W Tsonga,90,2016-12-29 12:59:17.322,2.26,2016-12-29 13:05:00,
1.12889873,5224084,David Goffin,D Goffin v J-W Tsonga,100,2016-12-29 13:04:57.171,2.24,2016-12-29 13:05:00,
1.128898735,2251410,Rafael Nadal,R Nadal v T Berdych,0,2016-12-28 08:11:14.558,1.53,2016-12-29 14:45:00,
1.128898735,2251410,Rafael Nadal,R Nadal v T Berdych,10,2016-12-29 07:24:33.267,1.53,2016-12-29 14:45:00,
1.128898735,2251410,Rafael Nadal,R Nadal v T Berdych,20,2016-12-29 09:36:23.614,1.53,2016-12-29 14:45:00,
1.128898735,2251410,Rafael Nadal,R Nadal v T Berdych,30,2016-12-29 11:01:12.497,1.55,2016-12-29 14:45:00,
1.128898735,2251410,Rafael Nadal,R Nadal v T Berdych,40,2016-12-29 12:06:25.927,1.6,2016-12-29 14:45:00,
1.128898735,2251410,Rafael Nadal,R Nadal v T Berdych,50,2016-12-29 12:41:17.824,1.59,2016-12-29 14:45:00,
1.128898735,2251410,Rafael Nadal,R Nadal v T Berdych,60,2016-12-29 12:53:44.587,1.56,2016-12-29 14:45:00,
1.128898735,2251410,Rafael Nadal,R Nadal v T Berdych,70,2016-12-29 13:27:59.243,1.62,2016-12-29 14:45:00,
1.128898735,2251410,Rafael Nadal,R Nadal v T Berdych,80,2016-12-29 13:50:57.295,1.59,2016-12-29 14:45:00,
1.128898735,2251410,Rafael Nadal,R Nadal v T Berdych,90,2016-12-29 14:29:41.776,1.57,2016-12-29 14:45:00,
1.128898735,2251410,Rafael Nadal,R Nadal v T Berdych,100,2016-12-29 14:38:12.335,1.58,2016-12-29 14:45:00,
1.128898735,2256470,Tomas Berdych,R Nadal v T Berdych,0,2016-12-28 23:57:11.573,2.6,2016-12-29 14:45:00,
1.128898735,2256470,Tomas Berdych,R Nadal v T Berdych,10,2016-12-29 09:14:18.873,2.9,2016-12-29 14:45:00,
1.128898735,2256470,Tomas Berdych,R Nadal v T Berdych,20,2016-12-29 11:57:09.137,2.62,2016-12-29 14:45:00,
1.128898735,2256470,Tomas Berdych,R Nadal v T Berdych,30,2016-12-29 12:19:35.032,2.68,2016-12-29 14:45:00,
1.128898735,2256470,Tomas Berdych,R Nadal v T Berdych,40,2016-12-29 12:23:02.450,2.72,2016-12-29 14:45:00,
1.128898735,2256470,Tomas Berdych,R Nadal v T Berdych,50,2016-12-29 12:47:17.740,2.7,2016-12-29 14:45:00,
1.128898735,2256470,Tomas Berdych,R Nadal v T Berdych,60,2016-12-29 13:25:09.576,2.66,2016-12-29 14:45:00,
1.128898735,2256470,Tomas Berdych,R Nadal v T Berdych,70,2016-12-29 13:33:06.260,2.74,2016-12-29 14:45:00,
1.128898735,2256470,Tomas Berdych,R Nadal v T Berdych,80,2016-12-29 13:39:05.162,2.64,2016-12-29 14:45:00,
1.128898735,2256470,Tomas Berdych,R Nadal v T Berdych,90,2016-12-29 13:45:18.027,2.66,2016-12-29 14:45:00,
1.128898735,2256470,Tomas Berdych,R Nadal v T Berdych,100,2016-12-29 14:44:17.256,2.7,2016-12-29 14:45:00,
1.128898922,8535286,V Muntean,K Laskutova v V Muntean,0,2016-12-28 08:20:15.515,1.43,2016-12-28 11:05:00,
1.128898922,8535286,V Muntean,K Laskutova v V Muntean,10,2016-12-28 09:10:15.188,1.44,2016-12-28 11:05:00,
1.128898922,8535286,V Muntean,K Laskutova v V Muntean,20,2016-12-28 09:35:23.246,1.4,2016-12-28 11:05:00,
1.128898922,8535286,V Muntean,K Laskutova v V Muntean,30,2016-12-28 10:02:19.062,1.35,2016-12-28 11:05:00,
1.128898922,8535286,V Muntean,K Laskutova v V Muntean,40,2016-12-28 10:05:47.146,1.34,2016-12-28 11:05:00,
1.128898922,8535286,V Muntean,K Laskutova v V Muntean,50,2016-12-28 10:10:05.738,1.31,2016-12-28 11:05:00,
1.128898922,8535286,V Muntean,K Laskutova v V Muntean,60,2016-12-28 10:31:19.454,1.28,2016-12-28 11:05:00,
1.128898922,8535286,V Muntean,K Laskutova v V Muntean,70,2016-12-28 10:32:12.017,1.3,2016-12-28 11:05:00,
1.128898922,8535286,V Muntean,K Laskutova v V Muntean,80,2016-12-28 10:35:18.792,1.3,2016-12-28 11:05:00,
1.128898922,8535286,V Muntean,K Laskutova v V Muntean,90,2016-12-28 10:48:17.000,1.3,2016-12-28 11:05:00,
1.128898922,8535286,V Muntean,K Laskutova v V Muntean,100,2016-12-28 11:04:22.990,1.33,2016-12-28 11:05:00,
1.128906817,11102030,P Udvardy,P Udvardy v K Hering,0,2016-12-29 05:03:23.440,1.38,2016-12-29 11:05:00,
1.128906817,11102030,P Udvardy,P Udvardy v K Hering,10,2016-12-29 05:03:45.245,1.21,2016-12-29 11:05:00,
1.128906817,11102030,P Udvardy,P Udvardy v K Hering,20,2016-12-29 06:18:53.079,1.2,2016-12-29 11:05:00,
1.128906817,11102030,P Udvardy,P Udvardy v K Hering,30,2016-12-29 07:54:39.850,1.23,2016-12-29 11:05:00,
1.128906817,11102030,P Udvardy,P Udvardy v K Hering,40,2016-12-29 08:35:09.371,1.24,2016-12-29 11:05:00,
1.128906817,11102030,P Udvardy,P Udvardy v K Hering,50,2016-12-29 09:29:15.017,1.23,2016-12-29 11:05:00,
1.128906817,11102030,P Udvardy,P Udvardy v K Hering,60,2016-12-29 09:29:47.418,1.24,2016-12-29 11:05:00,
1.128906817,11102030,P Udvardy,P Udvardy v K Hering,70,2016-12-29 11:02:51.325,1.23,2016-12-29 12:00:00,
1.128906817,11102030,P Udvardy,P Udvardy v K Hering,80,2016-12-29 11:04:11.190,1.24,2016-12-29 12:00:00,
1.128906817,11102030,P Udvardy,P Udvardy v K Hering,90,2016-12-29 11:38:23.354,1.27,2016-12-29 12:00:00,
1.128906817,11102030,P Udvardy,P Udvardy v K Hering,100,2016-12-29 11:44:16.738,1.29,2016-12-29 12:00:00,
1.128909254,4597116,Viktoriya Tomova,Tomova v Kostova,0,2016-12-29 20:37:28.676,1.77,2016-12-30 03:00:00,
1.128909254,4597116,Viktoriya Tomova,Tomova v Kostova,10,2016-12-29 21:53:15.207,1.84,2016-12-30 03:00:00,
1.128909254,4597116,Viktoriya Tomova,Tomova v Kostova,20,2016-12-29 21:54:02.319,1.9,2016-12-30 03:00:00,
1.128909254,4597116,Viktoriya Tomova,Tomova v Kostova,30,2016-12-29 23:04:12.346,2.06,2016-12-30 03:00:00,
1.128909254,4597116,Viktoriya Tomova,Tomova v Kostova,40,2016-12-29 23:06:53.710,1.85,2016-12-30 03:00:00,
1.128909254,4597116,Viktoriya Tomova,Tomova v Kostova,50,2016-12-29 23:53:11.891,1.85,2016-12-30 03:00:00,
1.128909254,4597116,Viktoriya Tomova,Tomova v Kostova,60,2016-12-30 00:20:13.537,3.0,2016-12-30 03:00:00,2016-12-30 00:13:25.519
1.128909254,4597116,Viktoriya Tomova,Tomova v Kostova,70,2016-12-30 00:34:16.644,4.4,2016-12-30 03:00:00,2016-12-30 00:13:25.519
1.128909254,4597116,Viktoriya Tomova,Tomova v Kostova,80,2016-12-30 00:38:13.743,5.0,2016-12-30 03:00:00,2016-12-30 00:13:25.519
1.128909254,4597116,Viktoriya Tomova,Tomova v Kostova,90,2016-12-30 00:48:13.897,2.54,2016-12-30 03:00:00,2016-12-30 00:13:25.519
1.128909254,4597116,Viktoriya Tomova,Tomova v Kostova,100,2016-12-30 00:50:14.629,2.36,2016-12-30 03:00:00,2016-12-30 00:13:25.519
1.128909254,6196031,Elitsa Kostova,Tomova v Kostova,0,2016-12-29 21:54:02.319,2.04,2016-12-30 03:00:00,
1.128909254,6196031,Elitsa Kostova,Tomova v Kostova,10,2016-12-30 00:20:13.537,1.49,2016-12-30 03:00:00,2016-12-30 00:13:25.519
1.128909254,6196031,Elitsa Kostova,Tomova v Kostova,20,2016-12-30 00:24:16.256,1.35,2016-12-30 03:00:00,2016-12-30 00:13:25.519
1.128909254,6196031,Elitsa Kostova,Tomova v Kostova,30,2016-12-30 00:28:14.537,1.37,2016-12-30 03:00:00,2016-12-30 00:13:25.519
1.128909254,6196031,Elitsa Kostova,Tomova v Kostova,40,2016-12-30 00:33:15.648,1.3,2016-12-30 03:00:00,2016-12-30 00:13:25.519
1.128909254,6196031,Elitsa Kostova,Tomova v Kostova,50,2016-12-30 00:35:16.651,1.29,2016-12-30 03:00:00,2016-12-30 00:13:25.519
1.128909254,6196031,Elitsa Kostova,Tomova v Kostova,60,2016-12-30 00:40:14.514,1.24,2016-12-30 03:00:00,2016-12-30 00:13:25.519
1.128909254,6196031,Elitsa Kostova,Tomova v Kostova,70,2016-12-30 00:42:13.388,1.28,2016-12-30 03:00:00,2016-12-30 00:13:25.519
1.128909254,6196031,Elitsa Kostova,Tomova v Kostova,80,2016-12-30 00:45:16.800,1.45,2016-12-30 03:00:00,2016-12-30 00:13:25.519
1.128909254,6196031,Elitsa Kostova,Tomova v Kostova,90,2016-12-30 00:48:13.897,1.65,2016-12-30 03:00:00,2016-12-30 00:13:25.519
1.128909254,6196031,Elitsa Kostova,Tomova v Kostova,100,2016-12-30 00:50:14.629,1.74,2016-12-30 03:00:00,2016-12-30 00:13:25.519
1.128909383,3738415,Julia Boserup,Cabrera v Boserup,0,2016-12-29 21:09:44.561,1.81,2016-12-30 01:43:00,
1.128909383,3738415,Julia Boserup,Cabrera v Boserup,10,2016-12-29 23:19:05.364,1.84,2016-12-30 01:43:00,
1.128909383,3738415,Julia Boserup,Cabrera v Boserup,20,2016-12-29 23:31:00.672,1.74,2016-12-30 01:43:00,
1.128909383,3738415,Julia Boserup,Cabrera v Boserup,30,2016-12-29 23:53:31.094,1.84,2016-12-30 01:43:00,
1.128909383,3738415,Julia Boserup,Cabrera v Boserup,40,2016-12-30 00:11:13.299,1.8,2016-12-30 01:43:00,
1.128909383,3738415,Julia Boserup,Cabrera v Boserup,50,2016-12-30 00:33:16.787,2.02,2016-12-30 01:43:00,2016-12-30 00:11:33.440
1.128909383,3738415,Julia Boserup,Cabrera v Boserup,60,2016-12-30 00:38:16.587,1.82,2016-12-30 01:43:00,2016-12-30 00:11:33.440
1.128909383,3738415,Julia Boserup,Cabrera v Boserup,70,2016-12-30 00:41:10.044,2.04,2016-12-30 01:43:00,2016-12-30 00:11:33.440
1.128909383,3738415,Julia Boserup,Cabrera v Boserup,80,2016-12-30 00:47:14.773,1.6,2016-12-30 01:43:00,2016-12-30 00:11:33.440
1.128909383,3738415,Julia Boserup,Cabrera v Boserup,90,2016-12-30 00:51:07.924,1.25,2016-12-30 01:43:00,2016-12-30 00:11:33.440
1.128909383,3738415,Julia Boserup,Cabrera v Boserup,100,2016-12-30 00:54:13.193,1.28,2016-12-30 01:43:00,2016-12-30 00:11:33.440
1.128909383,9123275,Lizette Cabrera,Cabrera v Boserup,0,2016-12-29 14:17:16.771,2.44,2016-12-30 01:43:00,
1.128909383,9123275,Lizette Cabrera,Cabrera v Boserup,10,2016-12-29 23:19:05.364,2.18,2016-12-30 01:43:00,
1.128909383,9123275,Lizette Cabrera,Cabrera v Boserup,20,2016-12-29 23:31:00.672,2.36,2016-12-30 01:43:00,
1.128909383,9123275,Lizette Cabrera,Cabrera v Boserup,30,2016-12-29 23:51:06.746,2.3,2016-12-30 01:43:00,
1.128909383,9123275,Lizette Cabrera,Cabrera v Boserup,40,2016-12-30 00:03:12.096,2.2,2016-12-30 01:43:00,
1.128909383,9123275,Lizette Cabrera,Cabrera v Boserup,50,2016-12-30 00:17:16.813,1.46,2016-12-30 01:43:00,2016-12-30 00:11:33.440
1.128909383,9123275,Lizette Cabrera,Cabrera v Boserup,60,2016-12-30 00:32:16.099,1.93,2016-12-30 01:43:00,2016-12-30 00:11:33.440
1.128909383,9123275,Lizette Cabrera,Cabrera v Boserup,70,2016-12-30 00:35:14.713,1.96,2016-12-30 01:43:00,2016-12-30 00:11:33.440
1.128909383,9123275,Lizette Cabrera,Cabrera v Boserup,80,2016-12-30 00:41:10.044,1.92,2016-12-30 01:43:00,2016-12-30 00:11:33.440
1.128909383,9123275,Lizette Cabrera,Cabrera v Boserup,90,2016-12-30 00:46:16.528,1.88,2016-12-30 01:43:00,2016-12-30 00:11:33.440
1.128909383,9123275,Lizette Cabrera,Cabrera v Boserup,100,2016-12-30 00:52:15.335,4.5,2016-12-30 01:43:00,2016-12-30 00:11:33.440
1.128909405,2291864,Kateryna Bondarenko,K Bondarenko v Sramkova,0,2016-12-29 13:54:57.079,1.33,2016-12-30 01:36:00,
1.128909405,2291864,Kateryna Bondarenko,K Bondarenko v Sramkova,10,2016-12-29 21:09:35.527,1.35,2016-12-30 01:36:00,
1.128909405,2291864,Kateryna Bondarenko,K Bondarenko v Sramkova,20,2016-12-29 23:17:15.297,1.3,2016-12-30 01:36:00,
1.128909405,2291864,Kateryna Bondarenko,K Bondarenko v Sramkova,30,2016-12-30 00:13:12.049,1.48,2016-12-30 01:36:00,2016-12-30 00:13:12.049
1.128909405,2291864,Kateryna Bondarenko,K Bondarenko v Sramkova,40,2016-12-30 00:23:15.019,1.78,2016-12-30 01:36:00,2016-12-30 00:13:12.049
1.128909405,2291864,Kateryna Bondarenko,K Bondarenko v Sramkova,50,2016-12-30 00:29:16.529,1.61,2016-12-30 01:36:00,2016-12-30 00:13:12.049
1.128909405,2291864,Kateryna Bondarenko,K Bondarenko v Sramkova,60,2016-12-30 00:36:16.154,1.3,2016-12-30 01:36:00,2016-12-30 00:13:12.049
1.128909405,2291864,Kateryna Bondarenko,K Bondarenko v Sramkova,70,2016-12-30 00:41:14.402,1.83,2016-12-30 01:36:00,2016-12-30 00:13:12.049
1.128909405,2291864,Kateryna Bondarenko,K Bondarenko v Sramkova,80,2016-12-30 00:48:13.481,1.4,2016-12-30 01:36:00,2016-12-30 00:13:12.049
1.128909405,2291864,Kateryna Bondarenko,K Bondarenko v Sramkova,90,2016-12-30 00:53:12.688,1.36,2016-12-30 01:36:00,2016-12-30 00:13:12.049
1.128909405,2291864,Kateryna Bondarenko,K Bondarenko v Sramkova,100,2016-12-30 00:58:16.599,1.14,2016-12-30 01:36:00,2016-12-30 00:13:12.049
1.128909405,9151665,Rebecca Sramkova,K Bondarenko v Sramkova,0,2016-12-29 23:17:15.297,4.4,2016-12-30 01:36:00,
1.128909405,9151665,Rebecca Sramkova,K Bondarenko v Sramkova,10,2016-12-30 00:13:12.049,3.05,2016-12-30 01:36:00,2016-12-30 00:13:12.049
1.128909405,9151665,Rebecca Sramkova,K Bondarenko v Sramkova,20,2016-12-30 00:20:16.289,2.56,2016-12-30 01:36:00,2016-12-30 00:13:12.049
1.128909405,9151665,Rebecca Sramkova,K Bondarenko v Sramkova,30,2016-12-30 00:23:15.019,2.28,2016-12-30 01:36:00,2016-12-30 00:13:12.049
1.128909405,9151665,Rebecca Sramkova,K Bondarenko v Sramkova,40,2016-12-30 00:27:15.361,3.0,2016-12-30 01:36:00,2016-12-30 00:13:12.049
1.128909405,9151665,Rebecca Sramkova,K Bondarenko v Sramkova,50,2016-12-30 00:38:13.531,4.4,2016-12-30 01:36:00,2016-12-30 00:13:12.049
1.128909405,9151665,Rebecca Sramkova,K Bondarenko v Sramkova,60,2016-12-30 00:42:03.761,2.02,2016-12-30 01:36:00,2016-12-30 00:13:12.049
1.128909405,9151665,Rebecca Sramkova,K Bondarenko v Sramkova,70,2016-12-30 00:45:16.753,1.91,2016-12-30 01:36:00,2016-12-30 00:13:12.049
1.128909405,9151665,Rebecca Sramkova,K Bondarenko v Sramkova,80,2016-12-30 00:48:13.481,3.5,2016-12-30 01:36:00,2016-12-30 00:13:12.049
1.128909405,9151665,Rebecca Sramkova,K Bondarenko v Sramkova,90,2016-12-30 00:50:15.725,3.55,2016-12-30 01:36:00,2016-12-30 00:13:12.049
1.128909405,9151665,Rebecca Sramkova,K Bondarenko v Sramkova,100,2016-12-30 00:55:16.715,3.85,2016-12-30 01:36:00,2016-12-30 00:13:12.049
1.128909447,5300820,Aleksandra Krunic,Dodin v Krunic,0,2016-12-29 13:42:46.275,2.62,2016-12-30 01:34:00,
1.128909447,5300820,Aleksandra Krunic,Dodin v Krunic,10,2016-12-29 20:26:03.060,2.52,2016-12-30 01:34:00,
1.128909447,5300820,Aleksandra Krunic,Dodin v Krunic,20,2016-12-29 22:48:02.478,2.52,2016-12-30 01:34:00,
1.128909447,5300820,Aleksandra Krunic,Dodin v Krunic,30,2016-12-29 23:19:01.548,2.42,2016-12-30 01:34:00,
1.128909447,5300820,Aleksandra Krunic,Dodin v Krunic,40,2016-12-30 00:16:16.454,2.56,2016-12-30 01:34:00,2016-12-30 00:13:14.514
1.128909447,5300820,Aleksandra Krunic,Dodin v Krunic,50,2016-12-30 00:40:16.609,1.61,2016-12-30 01:34:00,2016-12-30 00:13:14.514
1.128909447,5300820,Aleksandra Krunic,Dodin v Krunic,60,2016-12-30 00:43:16.625,1.65,2016-12-30 01:34:00,2016-12-30 00:13:14.514
1.128909447,5300820,Aleksandra Krunic,Dodin v Krunic,70,2016-12-30 00:46:15.750,1.53,2016-12-30 01:34:00,2016-12-30 00:13:14.514
1.128909447,5300820,Aleksandra Krunic,Dodin v Krunic,80,2016-12-30 00:51:14.655,1.84,2016-12-30 01:34:00,2016-12-30 00:13:14.514
1.128909447,5300820,Aleksandra Krunic,Dodin v Krunic,90,2016-12-30 00:54:13.764,1.92,2016-12-30 01:34:00,2016-12-30 00:13:14.514
1.128909447,5300820,Aleksandra Krunic,Dodin v Krunic,100,2016-12-30 00:58:16.599,1.41,2016-12-30 01:34:00,2016-12-30 00:13:14.514
1.128909447,7289631,Oceane Dodin,Dodin v Krunic,0,2016-12-29 13:33:16.793,1.58,2016-12-30 01:34:00,
1.128909447,7289631,Oceane Dodin,Dodin v Krunic,10,2016-12-29 20:26:03.060,1.65,2016-12-30 01:34:00,
1.128909447,7289631,Oceane Dodin,Dodin v Krunic,20,2016-12-29 23:11:03.735,1.65,2016-12-30 01:34:00,
1.128909447,7289631,Oceane Dodin,Dodin v Krunic,30,2016-12-30 00:07:16.472,1.65,2016-12-30 01:34:00,
1.128909447,7289631,Oceane Dodin,Dodin v Krunic,40,2016-12-30 00:12:09.612,1.53,2016-12-30 01:34:00,
1.128909447,7289631,Oceane Dodin,Dodin v Krunic,50,2016-12-30 00:22:12.982,1.67,2016-12-30 01:34:00,2016-12-30 00:13:14.514
1.128909447,7289631,Oceane Dodin,Dodin v Krunic,60,2016-12-30 00:28:16.361,1.79,2016-12-30 01:34:00,2016-12-30 00:13:14.514
1.128909447,7289631,Oceane Dodin,Dodin v Krunic,70,2016-12-30 00:36:16.306,1.76,2016-12-30 01:34:00,2016-12-30 00:13:14.514
1.128909447,7289631,Oceane Dodin,Dodin v Krunic,80,2016-12-30 00:46:15.750,2.9,2016-12-30 01:34:00,2016-12-30 00:13:14.514
1.128909447,7289631,Oceane Dodin,Dodin v Krunic,90,2016-12-30 00:52:15.685,1.7,2016-12-30 01:34:00,2016-12-30 00:13:14.514
1.128909447,7289631,Oceane Dodin,Dodin v Krunic,100,2016-12-30 00:58:16.599,3.4,2016-12-30 01:34:00,2016-12-30 00:13:14.514
1.128923601,2256509,Andy Murray,A Murray v D Goffin,0,2016-12-29 19:18:33.997,1.12,2016-12-30 13:05:00,
1.128923601,2256509,Andy Murray,A Murray v D Goffin,10,2016-12-30 01:25:59.915,1.16,2016-12-30 13:05:00,
1.128923601,2256509,Andy Murray,A Murray v D Goffin,20,2016-12-30 08:16:16.735,1.14,2016-12-30 13:05:00,
1.128923601,2256509,Andy Murray,A Murray v D Goffin,30,2016-12-30 09:08:02.486,1.16,2016-12-30 13:05:00,
1.128923601,2256509,Andy Murray,A Murray v D Goffin,40,2016-12-30 10:16:55.167,1.14,2016-12-30 13:05:00,
1.128923601,2256509,Andy Murray,A Murray v D Goffin,50,2016-12-30 11:06:57.513,1.16,2016-12-30 13:05:00,
1.128923601,2256509,Andy Murray,A Murray v D Goffin,60,2016-12-30 11:42:35.937,1.15,2016-12-30 13:05:00,
1.128923601,2256509,Andy Murray,A Murray v D Goffin,70,2016-12-30 12:13:46.405,1.15,2016-12-30 13:05:00,
1.128923601,2256509,Andy Murray,A Murray v D Goffin,80,2016-12-30 12:28:31.398,1.13,2016-12-30 13:05:00,
1.128923601,2256509,Andy Murray,A Murray v D Goffin,90,2016-12-30 12:47:42.976,1.13,2016-12-30 13:05:00,
1.128923601,2256509,Andy Murray,A Murray v D Goffin,100,2016-12-30 13:04:02.557,1.14,2016-12-30 13:05:00,
1.128923601,9622861,D Goffin,A Murray v D Goffin,0,2016-12-29 23:06:30.858,7.6,2016-12-30 13:05:00,
1.128923601,9622861,D Goffin,A Murray v D Goffin,10,2016-12-30 08:10:31.658,7.6,2016-12-30 13:05:00,
1.128923601,9622861,D Goffin,A Murray v D Goffin,20,2016-12-30 09:38:58.017,7.4,2016-12-30 13:05:00,
1.128923601,9622861,D Goffin,A Murray v D Goffin,30,2016-12-30 10:35:48.918,8.0,2016-12-30 13:05:00,
1.128923601,9622861,D Goffin,A Murray v D Goffin,40,2016-12-30 11:53:36.130,8.0,2016-12-30 13:05:00,
1.128923601,9622861,D Goffin,A Murray v D Goffin,50,2016-12-30 12:14:49.290,7.8,2016-12-30 13:05:00,
1.128923601,9622861,D Goffin,A Murray v D Goffin,60,2016-12-30 12:31:55.601,8.2,2016-12-30 13:05:00,
1.128923601,9622861,D Goffin,A Murray v D Goffin,70,2016-12-30 12:47:42.976,8.4,2016-12-30 13:05:00,
1.128923601,9622861,D Goffin,A Murray v D Goffin,80,2016-12-30 12:56:02.770,8.0,2016-12-30 13:05:00,
1.128923601,9622861,D Goffin,A Murray v D Goffin,90,2016-12-30 13:00:02.816,8.4,2016-12-30 13:05:00,
1.128923601,9622861,D Goffin,A Murray v D Goffin,100,2016-12-30 13:04:02.557,7.8,2016-12-30 13:05:00,
1.128924249,4811253,R Nadal,R Nadal v M Raonic,0,2016-12-29 19:41:09.454,1.7,2016-12-30 15:05:00,
1.128924249,4811253,R Nadal,R Nadal v M Raonic,10,2016-12-30 00:40:58.883,1.61,2016-12-30 15:05:00,
1.128924249,4811253,R Nadal,R Nadal v M Raonic,20,2016-12-30 07:20:24.569,1.71,2016-12-30 15:05:00,
1.128924249,4811253,R Nadal,R Nadal v M Raonic,30,2016-12-30 08:58:47.333,1.73,2016-12-30 15:05:00,
1.128924249,4811253,R Nadal,R Nadal v M Raonic,40,2016-12-30 11:31:56.574,1.71,2016-12-30 15:05:00,
1.128924249,4811253,R Nadal,R Nadal v M Raonic,50,2016-12-30 12:20:56.236,1.69,2016-12-30 15:05:00,
1.128924249,4811253,R Nadal,R Nadal v M Raonic,60,2016-12-30 12:41:54.610,1.68,2016-12-30 15:05:00,
1.128924249,4811253,R Nadal,R Nadal v M Raonic,70,2016-12-30 13:39:51.492,1.71,2016-12-30 15:05:00,
1.128924249,4811253,R Nadal,R Nadal v M Raonic,80,2016-12-30 14:08:56.148,1.74,2016-12-30 15:05:00,
1.128924249,4811253,R Nadal,R Nadal v M Raonic,90,2016-12-30 14:29:51.613,1.69,2016-12-30 15:05:00,
1.128924249,4811253,R Nadal,R Nadal v M Raonic,100,2016-12-30 14:54:56.459,1.68,2016-12-30 15:05:00,
1.128924249,9622944,M Raonic,R Nadal v M Raonic,0,2016-12-29 18:50:19.963,2.32,2016-12-30 15:05:00,
1.128924249,9622944,M Raonic,R Nadal v M Raonic,10,2016-12-30 00:27:32.714,2.6,2016-12-30 15:05:00,
1.128924249,9622944,M Raonic,R Nadal v M Raonic,20,2016-12-30 03:49:34.846,2.32,2016-12-30 15:05:00,
1.128924249,9622944,M Raonic,R Nadal v M Raonic,30,2016-12-30 10:18:25.037,2.34,2016-12-30 15:05:00,
1.128924249,9622944,M Raonic,R Nadal v M Raonic,40,2016-12-30 11:25:43.071,2.38,2016-12-30 15:05:00,
1.128924249,9622944,M Raonic,R Nadal v M Raonic,50,2016-12-30 12:16:41.184,2.38,2016-12-30 15:05:00,
1.128924249,9622944,M Raonic,R Nadal v M Raonic,60,2016-12-30 13:05:25.510,2.4,2016-12-30 15:05:00,
1.128924249,9622944,M Raonic,R Nadal v M Raonic,70,2016-12-30 13:46:51.783,2.38,2016-12-30 15:05:00,
1.128924249,9622944,M Raonic,R Nadal v M Raonic,80,2016-12-30 14:09:52.729,2.42,2016-12-30 15:05:00,
1.128924249,9622944,M Raonic,R Nadal v M Raonic,90,2016-12-30 14:37:40.172,2.42,2016-12-30 15:05:00,
1.128924249,9622944,M Raonic,R Nadal v M Raonic,100,2016-12-30 14:54:56.459,2.44,2016-12-30 15:05:00,
1.128924495,11206840,T Berdych,JW Tsonga v T Berdych,0,2016-12-30 01:17:04.123,2.14,2016-12-30 10:30:00,
1.128924495,11206840,T Berdych,JW Tsonga v T Berdych,10,2016-12-30 01:32:08.787,2.22,2016-12-30 10:30:00,
1.128924495,11206840,T Berdych,JW Tsonga v T Berdych,20,2016-12-30 08:24:42.080,2.18,2016-12-30 10:30:00,
1.128924495,11206840,T Berdych,JW Tsonga v T Berdych,30,2016-12-30 09:36:06.248,2.16,2016-12-30 10:30:00,
1.128924495,11206840,T Berdych,JW Tsonga v T Berdych,40,2016-12-30 09:39:03.467,2.16,2016-12-30 10:30:00,
1.128924495,11206840,T Berdych,JW Tsonga v T Berdych,50,2016-12-30 09:57:06.013,2.2,2016-12-30 10:30:00,
1.128924495,11206840,T Berdych,JW Tsonga v T Berdych,60,2016-12-30 10:06:47.417,2.16,2016-12-30 10:30:00,
1.128924495,11206840,T Berdych,JW Tsonga v T Berdych,70,2016-12-30 10:10:49.152,2.18,2016-12-30 10:30:00,
1.128924495,11206840,T Berdych,JW Tsonga v T Berdych,80,2016-12-30 10:13:12.684,2.18,2016-12-30 10:30:00,
1.128924495,11206840,T Berdych,JW Tsonga v T Berdych,90,2016-12-30 10:19:03.513,2.18,2016-12-30 10:30:00,
1.128924495,11206840,T Berdych,JW Tsonga v T Berdych,100,2016-12-30 10:28:09.431,2.16,2016-12-30 10:30:00,
1.128924495,11361281,JW Tsonga,JW Tsonga v T Berdych,0,2016-12-29 23:27:34.721,1.8,2016-12-30 10:30:00,
1.128924495,11361281,JW Tsonga,JW Tsonga v T Berdych,10,2016-12-30 06:07:51.727,1.83,2016-12-30 10:30:00,
1.128924495,11361281,JW Tsonga,JW Tsonga v T Berdych,20,2016-12-30 07:20:55.503,1.79,2016-12-30 10:30:00,
1.128924495,11361281,JW Tsonga,JW Tsonga v T Berdych,30,2016-12-30 08:26:38.148,1.81,2016-12-30 10:30:00,
1.128924495,11361281,JW Tsonga,JW Tsonga v T Berdych,40,2016-12-30 09:14:08.363,1.84,2016-12-30 10:30:00,
1.128924495,11361281,JW Tsonga,JW Tsonga v T Berdych,50,2016-12-30 09:33:01.502,1.85,2016-12-30 10:30:00,
1.128924495,11361281,JW Tsonga,JW Tsonga v T Berdych,60,2016-12-30 09:39:03.467,1.86,2016-12-30 10:30:00,
1.128924495,11361281,JW Tsonga,JW Tsonga v T Berdych,70,2016-12-30 09:57:06.013,1.83,2016-12-30 10:30:00,
1.128924495,11361281,JW Tsonga,JW Tsonga v T Berdych,80,2016-12-30 10:09:09.431,1.83,2016-12-30 10:30:00,
1.128924495,11361281,JW Tsonga,JW Tsonga v T Berdych,90,2016-12-30 10:19:03.513,1.84,2016-12-30 10:30:00,
1.128924495,11361281,JW Tsonga,JW Tsonga v T Berdych,100,2016-12-30 10:29:10.515,1.82,2016-12-30 10:30:00,
1.128926345,3425152,Mandy Minella,Minella v Abanda,0,2016-12-30 17:35:43.006,1.84,2016-12-30 21:00:00,
1.128926345,3425152,Mandy Minella,Minella v Abanda,10,2016-12-30 18:04:19.319,1.82,2016-12-30 21:00:00,
1.128926345,3425152,Mandy Minella,Minella v Abanda,20,2016-12-30 18:08:18.979,1.78,2016-12-30 21:00:00,
1.128926345,3425152,Mandy Minella,Minella v Abanda,30,2016-12-30 20:11:37.471,1.79,2016-12-30 21:00:00,
1.128926345,3425152,Mandy Minella,Minella v Abanda,40,2016-12-30 20:19:38.279,1.75,2016-12-30 21:00:00,
1.128926345,3425152,Mandy Minella,Minella v Abanda,50,2016-12-30 20:28:20.350,1.76,2016-12-30 21:00:00,
1.128926345,3425152,Mandy Minella,Minella v Abanda,60,2016-12-30 20:30:51.576,1.75,2016-12-30 21:00:00,
1.128926345,3425152,Mandy Minella,Minella v Abanda,70,2016-12-30 20:46:36.071,1.76,2016-12-30 21:00:00,
1.128926345,3425152,Mandy Minella,Minella v Abanda,80,2016-12-30 20:47:19.583,1.74,2016-12-30 21:00:00,
1.128926345,3425152,Mandy Minella,Minella v Abanda,90,2016-12-30 20:48:27.541,1.68,2016-12-30 21:00:00,
1.128926345,3425152,Mandy Minella,Minella v Abanda,100,2016-12-30 20:55:16.102,1.62,2016-12-30 21:00:00,
1.128926445,8887755,Barbora Stefkova,Stefkova v P Goncalves,0,2016-12-30 15:26:35.887,1.7,2016-12-30 21:00:00,
1.128926445,8887755,Barbora Stefkova,Stefkova v P Goncalves,10,2016-12-30 17:24:51.067,1.87,2016-12-30 21:00:00,
1.128926445,8887755,Barbora Stefkova,Stefkova v P Goncalves,20,2016-12-30 19:21:36.182,1.91,2016-12-30 21:00:00,
1.128926445,8887755,Barbora Stefkova,Stefkova v P Goncalves,30,2016-12-30 19:28:38.366,1.9,2016-12-30 21:00:00,
1.128926445,8887755,Barbora Stefkova,Stefkova v P Goncalves,40,2016-12-30 19:38:21.719,1.82,2016-12-30 21:00:00,
1.128926445,8887755,Barbora Stefkova,Stefkova v P Goncalves,50,2016-12-30 20:16:32.925,1.76,2016-12-30 21:00:00,
1.128926445,8887755,Barbora Stefkova,Stefkova v P Goncalves,60,2016-12-30 20:36:39.454,1.78,2016-12-30 21:00:00,
1.128926445,8887755,Barbora Stefkova,Stefkova v P Goncalves,70,2016-12-30 20:37:37.967,1.79,2016-12-30 21:00:00,
1.128926445,8887755,Barbora Stefkova,Stefkova v P Goncalves,80,2016-12-30 20:39:24.445,1.78,2016-12-30 21:00:00,
1.128926445,8887755,Barbora Stefkova,Stefkova v P Goncalves,90,2016-12-30 20:46:38.281,1.8,2016-12-30 21:00:00,
1.128926445,8887755,Barbora Stefkova,Stefkova v P Goncalves,100,2016-12-30 20:53:22.696,1.77,2016-12-30 21:00:00,
1.128927099,5300820,Aleksandra Krunic,Krunic v Cabrera,0,2016-12-30 15:27:02.687,1.55,2016-12-31 00:00:00,
1.128927099,5300820,Aleksandra Krunic,Krunic v Cabrera,10,2016-12-30 17:28:18.394,1.39,2016-12-31 00:00:00,
1.128927099,5300820,Aleksandra Krunic,Krunic v Cabrera,20,2016-12-30 20:03:41.404,1.41,2016-12-31 00:00:00,
1.128927099,5300820,Aleksandra Krunic,Krunic v Cabrera,30,2016-12-30 22:20:04.211,1.49,2016-12-31 00:00:00,
1.128927099,5300820,Aleksandra Krunic,Krunic v Cabrera,40,2016-12-30 22:25:47.966,1.45,2016-12-31 00:00:00,
1.128927099,5300820,Aleksandra Krunic,Krunic v Cabrera,50,2016-12-30 23:22:12.210,1.5,2016-12-31 00:00:00,
1.128927099,5300820,Aleksandra Krunic,Krunic v Cabrera,60,2016-12-30 23:24:51.509,1.45,2016-12-31 00:00:00,
1.128927099,5300820,Aleksandra Krunic,Krunic v Cabrera,70,2016-12-30 23:26:14.095,1.46,2016-12-31 00:00:00,
1.128927099,5300820,Aleksandra Krunic,Krunic v Cabrera,80,2016-12-30 23:27:53.173,1.45,2016-12-31 00:00:00,
1.128927099,5300820,Aleksandra Krunic,Krunic v Cabrera,90,2016-12-30 23:36:18.230,1.46,2016-12-31 00:00:00,
1.128927099,5300820,Aleksandra Krunic,Krunic v Cabrera,100,2016-12-30 23:56:17.939,1.41,2016-12-31 00:00:00,
1.12892715,2291864,Kateryna Bondarenko,K Bondarenko v Kostova,0,2016-12-30 21:52:41.016,1.34,2016-12-31 00:00:00,
1.12892715,2291864,Kateryna Bondarenko,K Bondarenko v Kostova,10,2016-12-30 21:53:39.762,1.32,2016-12-31 00:00:00,
1.12892715,2291864,Kateryna Bondarenko,K Bondarenko v Kostova,20,2016-12-30 22:15:36.933,1.38,2016-12-31 00:00:00,
1.12892715,2291864,Kateryna Bondarenko,K Bondarenko v Kostova,30,2016-12-30 22:20:48.848,1.31,2016-12-31 00:00:00,
1.12892715,2291864,Kateryna Bondarenko,K Bondarenko v Kostova,40,2016-12-30 22:23:43.391,1.3,2016-12-31 00:00:00,
1.12892715,2291864,Kateryna Bondarenko,K Bondarenko v Kostova,50,2016-12-30 22:29:30.891,1.28,2016-12-31 00:00:00,
1.12892715,2291864,Kateryna Bondarenko,K Bondarenko v Kostova,60,2016-12-30 22:43:45.625,1.32,2016-12-31 00:00:00,
1.12892715,2291864,Kateryna Bondarenko,K Bondarenko v Kostova,70,2016-12-30 23:08:37.811,1.35,2016-12-31 00:00:00,
1.12892715,2291864,Kateryna Bondarenko,K Bondarenko v Kostova,80,2016-12-30 23:11:48.914,1.3,2016-12-31 00:00:00,
1.12892715,2291864,Kateryna Bondarenko,K Bondarenko v Kostova,90,2016-12-30 23:49:31.803,1.32,2016-12-31 00:00:00,
1.12892715,2291864,Kateryna Bondarenko,K Bondarenko v Kostova,100,2016-12-30 23:53:48.489,1.28,2016-12-31 00:00:00,
1.12892812,8679189,Patricia Maria Tig,Tig v Stojanovic,0,2016-12-31 01:44:53.687,1.69,2016-12-31 05:00:00,
1.12892812,8679189,Patricia Maria Tig,Tig v Stojanovic,10,2016-12-31 01:47:34.382,1.63,2016-12-31 05:00:00,
1.12892812,8679189,Patricia Maria Tig,Tig v Stojanovic,20,2016-12-31 01:50:44.320,1.69,2016-12-31 05:00:00,
1.12892812,8679189,Patricia Maria Tig,Tig v Stojanovic,30,2016-12-31 01:56:44.330,1.61,2016-12-31 05:00:00,
1.12892812,8679189,Patricia Maria Tig,Tig v Stojanovic,40,2016-12-31 04:26:46.819,1.7,2016-12-31 04:58:00,
1.12892812,8679189,Patricia Maria Tig,Tig v Stojanovic,50,2016-12-31 04:34:33.699,1.94,2016-12-31 04:58:00,
1.12892812,8679189,Patricia Maria Tig,Tig v Stojanovic,60,2016-12-31 04:48:54.404,1.99,2016-12-31 04:58:00,
1.12892812,8679189,Patricia Maria Tig,Tig v Stojanovic,70,2016-12-31 04:53:05.280,1.79,2016-12-31 04:58:00,
1.12892812,8679189,Patricia Maria Tig,Tig v Stojanovic,80,2016-12-31 05:02:48.221,1.78,2016-12-31 05:13:00,
1.12892812,8679189,Patricia Maria Tig,Tig v Stojanovic,90,2016-12-31 05:19:38.499,1.76,2016-12-31 05:28:00,
1.12892812,8679189,Patricia Maria Tig,Tig v Stojanovic,100,2016-12-31 05:21:39.099,1.7,2016-12-31 05:28:00,
1.12892812,9028632,Nina Stojanovic,Tig v Stojanovic,0,2016-12-31 01:44:53.687,2.46,2016-12-31 05:00:00,
1.12892812,9028632,Nina Stojanovic,Tig v Stojanovic,10,2016-12-31 01:56:44.330,2.64,2016-12-31 05:00:00,
1.12892812,9028632,Nina Stojanovic,Tig v Stojanovic,20,2016-12-31 04:26:46.819,2.48,2016-12-31 04:58:00,
1.12892812,9028632,Nina Stojanovic,Tig v Stojanovic,30,2016-12-31 04:27:49.321,2.2,2016-12-31 04:58:00,
1.12892812,9028632,Nina Stojanovic,Tig v Stojanovic,40,2016-12-31 04:28:54.666,2.16,2016-12-31 04:58:00,
1.12892812,9028632,Nina Stojanovic,Tig v Stojanovic,50,2016-12-31 04:30:32.834,2.04,2016-12-31 04:58:00,
1.12892812,9028632,Nina Stojanovic,Tig v Stojanovic,60,2016-12-31 04:32:45.714,2.0,2016-12-31 04:58:00,
1.12892812,9028632,Nina Stojanovic,Tig v Stojanovic,70,2016-12-31 04:33:56.253,2.04,2016-12-31 04:58:00,
1.12892812,9028632,Nina Stojanovic,Tig v Stojanovic,80,2016-12-31 04:34:33.699,2.06,2016-12-31 04:58:00,
1.12892812,9028632,Nina Stojanovic,Tig v Stojanovic,90,2016-12-31 04:48:54.404,2.02,2016-12-31 04:58:00,
1.12892812,9028632,Nina Stojanovic,Tig v Stojanovic,100,2016-12-31 05:20:55.342,2.5,2016-12-31 05:28:00,
1.12893319,3772081,Yuki Bhambri,Y Bhambri v Cecchinato,0,2016-12-30 23:51:20.033,1.48,2016-12-31 11:00:00,
1.12893319,3772081,Yuki Bhambri,Y Bhambri v Cecchinato,10,2016-12-31 09:27:52.501,1.38,2016-12-31 10:51:00,
1.12893319,3772081,Yuki Bhambri,Y Bhambri v Cecchinato,20,2016-12-31 10:51:58.049,1.34,2016-12-31 11:06:00,
1.12893319,3772081,Yuki Bhambri,Y Bhambri v Cecchinato,30,2016-12-31 10:59:10.139,1.33,2016-12-31 11:06:00,
1.12893319,3772081,Yuki Bhambri,Y Bhambri v Cecchinato,40,2016-12-31 11:01:10.733,1.32,2016-12-31 11:06:00,
1.12893319,3772081,Yuki Bhambri,Y Bhambri v Cecchinato,50,2016-12-31 11:04:10.620,1.25,2016-12-31 11:06:00,
1.12893319,3772081,Yuki Bhambri,Y Bhambri v Cecchinato,60,2016-12-31 11:08:06.542,1.3,2016-12-31 11:21:00,
1.12893319,3772081,Yuki Bhambri,Y Bhambri v Cecchinato,70,2016-12-31 11:12:12.815,1.28,2016-12-31 11:21:00,
1.12893319,3772081,Yuki Bhambri,Y Bhambri v Cecchinato,80,2016-12-31 11:15:12.845,1.2,2016-12-31 11:21:00,
1.12893319,3772081,Yuki Bhambri,Y Bhambri v Cecchinato,90,2016-12-31 11:21:50.539,1.39,2016-12-31 11:36:00,
1.12893319,3772081,Yuki Bhambri,Y Bhambri v Cecchinato,100,2016-12-31 11:35:11.408,1.37,2016-12-31 11:36:00,
1.12893319,6374165,Marco Cecchinato,Y Bhambri v Cecchinato,0,2016-12-31 09:27:52.501,3.65,2016-12-31 10:51:00,
1.12893319,6374165,Marco Cecchinato,Y Bhambri v Cecchinato,10,2016-12-31 10:51:58.049,4.3,2016-12-31 11:06:00,
1.12893319,6374165,Marco Cecchinato,Y Bhambri v Cecchinato,20,2016-12-31 10:59:10.139,4.4,2016-12-31 11:06:00,
1.12893319,6374165,Marco Cecchinato,Y Bhambri v Cecchinato,30,2016-12-31 10:59:59.310,4.9,2016-12-31 11:06:00,
1.12893319,6374165,Marco Cecchinato,Y Bhambri v Cecchinato,40,2016-12-31 11:01:10.733,4.1,2016-12-31 11:06:00,
1.12893319,6374165,Marco Cecchinato,Y Bhambri v Cecchinato,50,2016-12-31 11:09:08.987,5.0,2016-12-31 11:21:00,
1.12893319,6374165,Marco Cecchinato,Y Bhambri v Cecchinato,60,2016-12-31 11:12:12.815,4.5,2016-12-31 11:21:00,
1.12893319,6374165,Marco Cecchinato,Y Bhambri v Cecchinato,70,2016-12-31 11:12:56.417,4.9,2016-12-31 11:21:00,
1.12893319,6374165,Marco Cecchinato,Y Bhambri v Cecchinato,80,2016-12-31 11:14:12.717,4.8,2016-12-31 11:21:00,
1.12893319,6374165,Marco Cecchinato,Y Bhambri v Cecchinato,90,2016-12-31 11:16:10.811,4.7,2016-12-31 11:21:00,
1.12893319,6374165,Marco Cecchinato,Y Bhambri v Cecchinato,100,2016-12-31 11:34:10.248,3.3,2016-12-31 11:36:00,
1.128933313,7690576,Hyeon Chung,Hy Chung v Zekic,0,2016-12-31 00:32:19.240,1.24,2016-12-31 09:00:00,
1.128933313,7690576,Hyeon Chung,Hy Chung v Zekic,10,2016-12-31 02:06:19.035,1.2,2016-12-31 09:00:00,
1.128933313,7690576,Hyeon Chung,Hy Chung v Zekic,20,2016-12-31 05:37:30.810,1.14,2016-12-31 09:00:00,
1.128933313,7690576,Hyeon Chung,Hy Chung v Zekic,30,2016-12-31 05:45:18.348,1.14,2016-12-31 09:00:00,
1.128933313,7690576,Hyeon Chung,Hy Chung v Zekic,40,2016-12-31 05:46:16.250,1.15,2016-12-31 09:00:00,
1.128933313,7690576,Hyeon Chung,Hy Chung v Zekic,50,2016-12-31 05:50:07.783,1.15,2016-12-31 09:00:00,
1.128933313,7690576,Hyeon Chung,Hy Chung v Zekic,60,2016-12-31 05:53:21.981,1.15,2016-12-31 09:00:00,
1.128933313,7690576,Hyeon Chung,Hy Chung v Zekic,70,2016-12-31 05:54:53.734,1.14,2016-12-31 09:00:00,
1.128933313,7690576,Hyeon Chung,Hy Chung v Zekic,80,2016-12-31 06:14:55.367,1.13,2016-12-31 09:00:00,
1.128933313,7690576,Hyeon Chung,Hy Chung v Zekic,90,2016-12-31 07:25:04.810,1.15,2016-12-31 09:00:00,
1.128933313,7690576,Hyeon Chung,Hy Chung v Zekic,100,2016-12-31 08:28:43.987,1.15,2016-12-31 09:00:00,
1.128941545,2256509,Andy Murray,A Murray v M Raonic,0,2016-12-31 00:17:06.308,1.35,2016-12-31 09:05:00,
1.128941545,2256509,Andy Murray,A Murray v M Raonic,10,2016-12-31 03:37:14.843,1.37,2016-12-31 09:05:00,
1.128941545,2256509,Andy Murray,A Murray v M Raonic,20,2016-12-31 06:36:01.231,1.37,2016-12-31 09:05:00,
1.128941545,2256509,Andy Murray,A Murray v M Raonic,30,2016-12-31 07:16:16.695,1.37,2016-12-31 09:05:00,
1.128941545,2256509,Andy Murray,A Murray v M Raonic,40,2016-12-31 08:16:14.110,1.35,2016-12-31 09:05:00,
1.128941545,2256509,Andy Murray,A Murray v M Raonic,50,2016-12-31 08:41:28.803,1.35,2016-12-31 09:05:00,
1.128941545,2256509,Andy Murray,A Murray v M Raonic,60,2016-12-31 08:49:06.589,1.35,2016-12-31 09:05:00,
1.128941545,2256509,Andy Murray,A Murray v M Raonic,70,2016-12-31 08:54:25.116,1.36,2016-12-31 09:05:00,
1.128941545,2256509,Andy Murray,A Murray v M Raonic,80,2016-12-31 08:57:36.716,1.35,2016-12-31 09:05:00,
1.128941545,2256509,Andy Murray,A Murray v M Raonic,90,2016-12-31 08:59:25.515,1.35,2016-12-31 09:05:00,
1.128941545,2256509,Andy Murray,A Murray v M Raonic,100,2016-12-31 09:04:35.150,1.4,2016-12-31 09:05:00,
1.12894155,4811253,R Nadal,R Nadal v D Goffin,0,2016-12-30 22:17:05.995,1.27,2016-12-31 11:05:00,
1.12894155,4811253,R Nadal,R Nadal v D Goffin,10,2016-12-31 01:05:32.672,1.3,2016-12-31 11:05:00,
1.12894155,4811253,R Nadal,R Nadal v D Goffin,20,2016-12-31 06:49:06.823,1.29,2016-12-31 11:05:00,
1.12894155,4811253,R Nadal,R Nadal v D Goffin,30,2016-12-31 08:33:32.129,1.3,2016-12-31 11:05:00,
1.12894155,4811253,R Nadal,R Nadal v D Goffin,40,2016-12-31 09:47:22.328,1.3,2016-12-31 11:05:00,
1.12894155,4811253,R Nadal,R Nadal v D Goffin,50,2016-12-31 10:07:49.118,1.31,2016-12-31 11:05:00,
1.12894155,4811253,R Nadal,R Nadal v D Goffin,60,2016-12-31 10:16:51.595,1.3,2016-12-31 11:05:00,
1.12894155,4811253,R Nadal,R Nadal v D Goffin,70,2016-12-31 10:46:22.054,1.28,2016-12-31 11:05:00,
1.12894155,4811253,R Nadal,R Nadal v D Goffin,80,2016-12-31 10:52:32.488,1.29,2016-12-31 11:05:00,
1.12894155,4811253,R Nadal,R Nadal v D Goffin,90,2016-12-31 10:57:31.664,1.29,2016-12-31 11:05:00,
1.12894155,4811253,R Nadal,R Nadal v D Goffin,100,2016-12-31 11:04:35.890,1.33,2016-12-31 11:05:00,
1.12894155,9622861,D Goffin,R Nadal v D Goffin,0,2016-12-30 22:11:13.650,4.5,2016-12-31 11:05:00,
1.12894155,9622861,D Goffin,R Nadal v D Goffin,10,2016-12-30 22:17:05.995,4.6,2016-12-31 11:05:00,
1.12894155,9622861,D Goffin,R Nadal v D Goffin,20,2016-12-31 01:06:21.425,4.3,2016-12-31 11:05:00,
1.12894155,9622861,D Goffin,R Nadal v D Goffin,30,2016-12-31 08:51:31.606,4.4,2016-12-31 11:05:00,
1.12894155,9622861,D Goffin,R Nadal v D Goffin,40,2016-12-31 09:28:22.089,4.5,2016-12-31 11:05:00,
1.12894155,9622861,D Goffin,R Nadal v D Goffin,50,2016-12-31 09:57:35.114,4.4,2016-12-31 11:05:00,
1.12894155,9622861,D Goffin,R Nadal v D Goffin,60,2016-12-31 10:02:04.499,4.4,2016-12-31 11:05:00,
1.12894155,9622861,D Goffin,R Nadal v D Goffin,70,2016-12-31 10:39:23.723,4.4,2016-12-31 11:05:00,
1.12894155,9622861,D Goffin,R Nadal v D Goffin,80,2016-12-31 10:56:36.352,4.2,2016-12-31 11:05:00,
1.12894155,9622861,D Goffin,R Nadal v D Goffin,90,2016-12-31 10:59:36.429,4.2,2016-12-31 11:05:00,
1.12894155,9622861,D Goffin,R Nadal v D Goffin,100,2016-12-31 11:03:31.827,4.1,2016-12-31 11:05:00,
1.128942165,7593252,Jamie Loeb,Loeb v Zh Yang,0,2016-12-31 14:17:13.383,1.67,2016-12-31 21:00:00,
1.128942165,7593252,Jamie Loeb,Loeb v Zh Yang,10,2016-12-31 17:32:55.781,1.56,2016-12-31 21:00:00,
1.128942165,7593252,Jamie Loeb,Loeb v Zh Yang,20,2016-12-31 19:22:02.429,1.63,2016-12-31 21:00:00,
1.128942165,7593252,Jamie Loeb,Loeb v Zh Yang,30,2016-12-31 19:41:43.976,1.64,2016-12-31 21:00:00,
1.128942165,7593252,Jamie Loeb,Loeb v Zh Yang,40,2016-12-31 19:53:18.118,1.65,2016-12-31 21:00:00,
1.128942165,7593252,Jamie Loeb,Loeb v Zh Yang,50,2016-12-31 19:55:16.567,1.55,2016-12-31 21:00:00,
1.128942165,7593252,Jamie Loeb,Loeb v Zh Yang,60,2016-12-31 20:17:05.673,1.52,2016-12-31 21:00:00,
1.128942165,7593252,Jamie Loeb,Loeb v Zh Yang,70,2016-12-31 20:26:15.702,1.51,2016-12-31 21:00:00,
1.128942165,7593252,Jamie Loeb,Loeb v Zh Yang,80,2016-12-31 20:27:59.806,1.53,2016-12-31 21:00:00,
1.128942165,7593252,Jamie Loeb,Loeb v Zh Yang,90,2016-12-31 20:34:42.533,1.51,2016-12-31 21:00:00,
1.128942165,7593252,Jamie Loeb,Loeb v Zh Yang,100,2016-12-31 20:45:24.905,1.54,2016-12-31 21:00:00,
1.128943038,7066166,Taylor Townsend,Blinkova v T Townsend,0,2016-12-31 16:52:32.207,2.02,2016-12-31 21:00:00,
1.128943038,7066166,Taylor Townsend,Blinkova v T Townsend,10,2016-12-31 17:16:19.149,2.28,2016-12-31 21:00:00,
1.128943038,7066166,Taylor Townsend,Blinkova v T Townsend,20,2016-12-31 17:36:25.059,2.2,2016-12-31 21:00:00,
1.128943038,7066166,Taylor Townsend,Blinkova v T Townsend,30,2016-12-31 18:19:19.950,2.1,2016-12-31 21:00:00,
1.128943038,7066166,Taylor Townsend,Blinkova v T Townsend,40,2016-12-31 19:27:40.911,2.16,2016-12-31 21:00:00,
1.128943038,7066166,Taylor Townsend,Blinkova v T Townsend,50,2016-12-31 19:41:29.480,2.04,2016-12-31 21:00:00,
1.128943038,7066166,Taylor Townsend,Blinkova v T Townsend,60,2016-12-31 19:54:37.871,2.12,2016-12-31 21:00:00,
1.128943038,7066166,Taylor Townsend,Blinkova v T Townsend,70,2016-12-31 20:21:06.698,2.26,2016-12-31 21:00:00,
1.128943038,7066166,Taylor Townsend,Blinkova v T Townsend,80,2016-12-31 20:42:15.216,2.26,2016-12-31 21:00:00,
1.128943038,7066166,Taylor Townsend,Blinkova v T Townsend,90,2016-12-31 20:50:11.811,2.26,2016-12-31 21:00:00,
1.128943038,7066166,Taylor Townsend,Blinkova v T Townsend,100,2016-12-31 20:54:33.162,2.32,2016-12-31 21:00:00,
1.128943038,9635244,Anna Blinkova,Blinkova v T Townsend,0,2016-12-31 16:32:42.736,1.82,2016-12-31 21:00:00,
1.128943038,9635244,Anna Blinkova,Blinkova v T Townsend,10,2016-12-31 17:40:38.492,1.97,2016-12-31 21:00:00,
1.128943038,9635244,Anna Blinkova,Blinkova v T Townsend,20,2016-12-31 19:18:43.480,1.96,2016-12-31 21:00:00,
1.128943038,9635244,Anna Blinkova,Blinkova v T Townsend,30,2016-12-31 19:38:43.476,1.95,2016-12-31 21:00:00,
1.128943038,9635244,Anna Blinkova,Blinkova v T Townsend,40,2016-12-31 19:54:37.871,1.89,2016-12-31 21:00:00,
1.128943038,9635244,Anna Blinkova,Blinkova v T Townsend,50,2016-12-31 20:07:37.623,1.79,2016-12-31 21:00:00,
1.128943038,9635244,Anna Blinkova,Blinkova v T Townsend,60,2016-12-31 20:21:06.698,1.79,2016-12-31 21:00:00,
1.128943038,9635244,Anna Blinkova,Blinkova v T Townsend,70,2016-12-31 20:42:15.216,1.79,2016-12-31 21:00:00,
1.128943038,9635244,Anna Blinkova,Blinkova v T Townsend,80,2016-12-31 20:47:40.582,1.77,2016-12-31 21:00:00,
1.128943038,9635244,Anna Blinkova,Blinkova v T Townsend,90,2016-12-31 20:50:11.811,1.79,2016-12-31 21:00:00,
1.128943038,9635244,Anna Blinkova,Blinkova v T Townsend,100,2016-12-31 20:55:16.648,1.75,2016-12-31 21:00:00,
