market_id,selection_id,runner_name,event_name,interval_pct,timestamp,ltp,market_time,inplay_start
1.207052714,8979354,Riccardo Bonadio,Collignon v Bonadio,0,2022-11-29 19:40:48.780,2.5,2022-11-30 09:00:00,
1.207052714,8979354,Riccardo Bonadio,Collignon v Bonadio,10,2022-11-29 22:14:23.720,1.9,2022-11-30 09:00:00,
1.207052714,8979354,Riccardo Bonadio,Collignon v Bonadio,20,2022-11-29 23:19:57.909,2.0,2022-11-30 09:00:00,
1.207052714,8979354,Riccardo Bonadio,Collignon v Bonadio,30,2022-11-30 07:57:30.952,1.98,2022-12-01 09:00:00,
1.207052714,8979354,Riccardo Bonadio,Collignon v Bonadio,40,2022-11-30 16:40:02.442,2.16,2022-12-01 09:00:00,
1.207052714,8979354,Riccardo Bonadio,Collignon v Bonadio,50,2022-11-30 21:22:11.585,1.93,2022-12-01 15:00:00,
1.207052714,8979354,Riccardo Bonadio,Collignon v Bonadio,60,2022-11-30 23:31:50.700,2.02,2022-12-01 15:00:00,
1.207052714,8979354,Riccardo Bonadio,Collignon v Bonadio,70,2022-12-01 09:28:12.912,2.06,2022-12-01 15:00:00,
1.207052714,8979354,Riccardo Bonadio,Collignon v Bonadio,80,2022-12-01 12:49:24.035,2.1,2022-12-01 15:00:00,
1.207052714,8979354,Riccardo Bonadio,Collignon v Bonadio,90,2022-12-01 13:08:08.238,2.1,2022-12-01 14:47:00,
1.207052714,8979354,Riccardo Bonadio,Collignon v Bonadio,100,2022-12-01 13:54:08.186,2.06,2022-12-01 14:00:00,
1.207052714,36157024,Raphael Collignon,Collignon v Bonadio,0,2022-11-29 22:14:23.720,2.1,2022-11-30 09:00:00,
1.207052714,36157024,Raphael Collignon,Collignon v Bonadio,10,2022-11-29 23:13:05.685,2.0,2022-11-30 09:00:00,
1.207052714,36157024,Raphael Collignon,Collignon v Bonadio,20,2022-11-30 07:57:30.952,2.02,2022-12-01 09:00:00,
1.207052714,36157024,Raphael Collignon,Collignon v Bonadio,30,2022-11-30 20:06:16.102,2.1,2022-12-01 15:00:00,
1.207052714,36157024,Raphael Collignon,Collignon v Bonadio,40,2022-11-30 23:31:50.700,1.99,2022-12-01 15:00:00,
1.207052714,36157024,Raphael Collignon,Collignon v Bonadio,50,2022-12-01 09:12:44.663,1.95,2022-12-01 15:00:00,
1.207052714,36157024,Raphael Collignon,Collignon v Bonadio,60,2022-12-01 10:52:56.078,1.93,2022-12-01 15:00:00,
1.207052714,36157024,Raphael Collignon,Collignon v Bonadio,70,2022-12-01 11:22:29.649,1.95,2022-12-01 15:00:00,
1.207052714,36157024,Raphael Collignon,Collignon v Bonadio,80,2022-12-01 12:51:08.413,1.91,2022-12-01 15:00:00,
1.207052714,36157024,Raphael Collignon,Collignon v Bonadio,90,2022-12-01 12:53:06.732,1.88,2022-12-01 14:47:00,
1.207052714,36157024,Raphael Collignon,Collignon v Bonadio,100,2022-12-01 13:47:56.155,1.9,2022-12-01 14:00:00,
1.207054592,9543224,Vit Kopriva,T Stodder v Kopriva,0,2022-11-30 17:32:47.491,1.8,2022-12-01 10:00:00,
1.207054592,9543224,Vit Kopriva,T Stodder v Kopriva,10,2022-11-30 22:52:29.660,1.49,2022-12-01 10:00:00,
1.207054592,9543224,Vit Kopriva,T Stodder v Kopriva,20,2022-12-01 01:23:33.952,1.51,2022-12-01 10:00:00,
1.207054592,9543224,Vit Kopriva,T Stodder v Kopriva,30,2022-12-01 08:40:00.389,1.52,2022-12-01 10:00:00,
1.207054592,9543224,Vit Kopriva,T Stodder v Kopriva,40,2022-12-01 08:53:03.488,1.53,2022-12-01 10:00:00,
1.207054592,9543224,Vit Kopriva,T Stodder v Kopriva,50,2022-12-01 09:00:03.303,1.5,2022-12-01 10:00:00,
1.207054592,9543224,Vit Kopriva,T Stodder v Kopriva,60,2022-12-01 09:19:02.592,1.53,2022-12-01 10:00:00,
1.207054592,9543224,Vit Kopriva,T Stodder v Kopriva,70,2022-12-01 09:20:03.883,1.51,2022-12-01 10:00:00,
1.207054592,9543224,Vit Kopriva,T Stodder v Kopriva,80,2022-12-01 09:37:05.340,1.51,2022-12-01 10:00:00,
1.207054592,9543224,Vit Kopriva,T Stodder v Kopriva,90,2022-12-01 09:53:00.966,1.51,2022-12-01 10:00:00,
1.207054592,9543224,Vit Kopriva,T Stodder v Kopriva,100,2022-12-01 09:55:05.239,1.53,2022-12-01 10:00:00,
1.207054592,10506880,Timo Stodder,T Stodder v Kopriva,0,2022-11-30 17:32:47.491,2.24,2022-12-01 10:00:00,
1.207054592,10506880,Timo Stodder,T Stodder v Kopriva,10,2022-11-30 22:52:29.660,2.98,2022-12-01 10:00:00,
1.207054592,10506880,Timo Stodder,T Stodder v Kopriva,20,2022-12-01 02:00:59.642,2.92,2022-12-01 10:00:00,
1.207054592,10506880,Timo Stodder,T Stodder v Kopriva,30,2022-12-01 03:49:40.859,2.78,2022-12-01 10:00:00,
1.207054592,10506880,Timo Stodder,T Stodder v Kopriva,40,2022-12-01 07:06:47.570,2.84,2022-12-01 10:00:00,
1.207054592,10506880,Timo Stodder,T Stodder v Kopriva,50,2022-12-01 08:58:07.823,3.05,2022-12-01 10:00:00,
1.207054592,10506880,Timo Stodder,T Stodder v Kopriva,60,2022-12-01 08:59:06.540,3.0,2022-12-01 10:00:00,
1.207054592,10506880,Timo Stodder,T Stodder v Kopriva,70,2022-12-01 09:24:43.665,2.88,2022-12-01 10:00:00,
1.207054592,10506880,Timo Stodder,T Stodder v Kopriva,80,2022-12-01 09:47:40.824,2.92,2022-12-01 10:00:00,
1.207054592,10506880,Timo Stodder,T Stodder v Kopriva,90,2022-12-01 09:52:02.731,2.92,2022-12-01 10:00:00,
1.207054592,10506880,Timo Stodder,T Stodder v Kopriva,100,2022-12-01 09:55:05.239,2.9,2022-12-01 10:00:00,
1.207055521,4688724,Dusan Lajovic,Lajovic v Lopez Morillo,0,2022-11-30 08:23:45.255,1.13,2022-12-01 10:00:00,
1.207055521,4688724,Dusan Lajovic,Lajovic v Lopez Morillo,10,2022-11-30 17:10:18.134,1.23,2022-12-01 10:00:00,
1.207055521,4688724,Dusan Lajovic,Lajovic v Lopez Morillo,20,2022-11-30 23:21:58.212,1.14,2022-12-01 10:00:00,
1.207055521,4688724,Dusan Lajovic,Lajovic v Lopez Morillo,30,2022-12-01 02:41:09.306,1.17,2022-12-01 10:00:00,
1.207055521,4688724,Dusan Lajovic,Lajovic v Lopez Morillo,40,2022-12-01 02:41:57.854,1.19,2022-12-01 10:00:00,
1.207055521,4688724,Dusan Lajovic,Lajovic v Lopez Morillo,50,2022-12-01 04:22:35.909,1.15,2022-12-01 10:00:00,
1.207055521,4688724,Dusan Lajovic,Lajovic v Lopez Morillo,60,2022-12-01 04:56:20.656,1.13,2022-12-01 10:00:00,
1.207055521,4688724,Dusan Lajovic,Lajovic v Lopez Morillo,70,2022-12-01 06:38:08.936,1.15,2022-12-01 10:00:00,
1.207055521,4688724,Dusan Lajovic,Lajovic v Lopez Morillo,80,2022-12-01 09:10:38.135,1.14,2022-12-01 10:00:00,
1.207055521,4688724,Dusan Lajovic,Lajovic v Lopez Morillo,90,2022-12-01 09:19:38.625,1.12,2022-12-01 10:00:00,
1.207055521,4688724,Dusan Lajovic,Lajovic v Lopez Morillo,100,2022-12-01 09:35:00.094,1.13,2022-12-01 10:00:00,
1.207055521,11583934,Imanol Lopez Morillo,Lajovic v Lopez Morillo,0,2022-11-30 10:46:10.877,6.0,2022-12-01 10:00:00,
1.207055521,11583934,Imanol Lopez Morillo,Lajovic v Lopez Morillo,10,2022-11-30 17:10:18.134,5.4,2022-12-01 10:00:00,
1.207055521,11583934,Imanol Lopez Morillo,Lajovic v Lopez Morillo,20,2022-11-30 17:32:04.258,5.3,2022-12-01 10:00:00,
1.207055521,11583934,Imanol Lopez Morillo,Lajovic v Lopez Morillo,30,2022-12-01 02:39:51.226,7.4,2022-12-01 10:00:00,
1.207055521,11583934,Imanol Lopez Morillo,Lajovic v Lopez Morillo,40,2022-12-01 02:41:09.306,7.0,2022-12-01 10:00:00,
1.207055521,11583934,Imanol Lopez Morillo,Lajovic v Lopez Morillo,50,2022-12-01 02:41:57.854,6.4,2022-12-01 10:00:00,
1.207055521,11583934,Imanol Lopez Morillo,Lajovic v Lopez Morillo,60,2022-12-01 06:38:08.936,7.8,2022-12-01 10:00:00,
1.207055521,11583934,Imanol Lopez Morillo,Lajovic v Lopez Morillo,70,2022-12-01 08:36:21.082,8.8,2022-12-01 10:00:00,
1.207055521,11583934,Imanol Lopez Morillo,Lajovic v Lopez Morillo,80,2022-12-01 08:43:47.400,7.6,2022-12-01 10:00:00,
1.207055521,11583934,Imanol Lopez Morillo,Lajovic v Lopez Morillo,90,2022-12-01 09:10:38.135,8.0,2022-12-01 10:00:00,
1.207055521,11583934,Imanol Lopez Morillo,Lajovic v Lopez Morillo,100,2022-12-01 09:52:57.926,8.8,2022-12-01 10:00:00,
1.207055523,7216519,Oriol Roca Batalla,Geerts v Roca Batalla,0,2022-11-29 22:42:11.938,2.0,2022-11-30 10:00:00,
1.207055523,7216519,Oriol Roca Batalla,Geerts v Roca Batalla,10,2022-11-30 19:26:41.769,1.74,2022-12-01 10:00:00,
1.207055523,7216519,Oriol Roca Batalla,Geerts v Roca Batalla,20,2022-11-30 22:20:59.926,1.8,2022-12-01 10:00:00,
1.207055523,7216519,Oriol Roca Batalla,Geerts v Roca Batalla,30,2022-12-01 04:50:59.737,1.8,2022-12-01 10:00:00,
1.207055523,7216519,Oriol Roca Batalla,Geerts v Roca Batalla,40,2022-12-01 07:13:00.329,1.78,2022-12-01 10:00:00,
1.207055523,7216519,Oriol Roca Batalla,Geerts v Roca Batalla,50,2022-12-01 07:29:05.248,1.76,2022-12-01 10:00:00,
1.207055523,7216519,Oriol Roca Batalla,Geerts v Roca Batalla,60,2022-12-01 09:14:01.240,1.73,2022-12-01 10:00:00,
1.207055523,7216519,Oriol Roca Batalla,Geerts v Roca Batalla,70,2022-12-01 09:19:31.435,1.71,2022-12-01 10:00:00,
1.207055523,7216519,Oriol Roca Batalla,Geerts v Roca Batalla,80,2022-12-01 09:26:30.587,1.73,2022-12-01 10:00:00,
1.207055523,7216519,Oriol Roca Batalla,Geerts v Roca Batalla,90,2022-12-01 09:37:33.292,1.73,2022-12-01 10:00:00,
1.207055523,7216519,Oriol Roca Batalla,Geerts v Roca Batalla,100,2022-12-01 09:46:41.443,1.73,2022-12-01 10:00:00,
1.207055523,8874195,Michael Geerts,Geerts v Roca Batalla,0,2022-11-29 22:42:11.938,2.0,2022-11-30 10:00:00,
1.207055523,8874195,Michael Geerts,Geerts v Roca Batalla,10,2022-11-30 14:40:12.869,2.3,2022-12-01 10:00:00,
1.207055523,8874195,Michael Geerts,Geerts v Roca Batalla,20,2022-11-30 20:41:10.415,2.34,2022-12-01 10:00:00,
1.207055523,8874195,Michael Geerts,Geerts v Roca Batalla,30,2022-11-30 23:27:56.970,2.06,2022-12-01 10:00:00,
1.207055523,8874195,Michael Geerts,Geerts v Roca Batalla,40,2022-12-01 03:46:22.492,2.3,2022-12-01 10:00:00,
1.207055523,8874195,Michael Geerts,Geerts v Roca Batalla,50,2022-12-01 03:50:13.516,2.12,2022-12-01 10:00:00,
1.207055523,8874195,Michael Geerts,Geerts v Roca Batalla,60,2022-12-01 09:00:08.882,2.3,2022-12-01 10:00:00,
1.207055523,8874195,Michael Geerts,Geerts v Roca Batalla,70,2022-12-01 09:15:00.580,2.36,2022-12-01 10:00:00,
1.207055523,8874195,Michael Geerts,Geerts v Roca Batalla,80,2022-12-01 09:18:02.767,2.38,2022-12-01 10:00:00,
1.207055523,8874195,Michael Geerts,Geerts v Roca Batalla,90,2022-12-01 09:26:13.088,2.36,2022-12-01 10:00:00,
1.207055523,8874195,Michael Geerts,Geerts v Roca Batalla,100,2022-12-01 09:50:48.319,2.36,2022-12-01 10:00:00,
1.207060866,9634670,Dayana Yastremska,Wer Falkowska v D Yastremska,0,2022-11-29 23:59:19.116,1.16,2022-12-01 00:00:00,
1.207060866,9634670,Dayana Yastremska,Wer Falkowska v D Yastremska,10,2022-11-30 18:40:00.806,1.21,2022-12-01 12:00:00,
1.207060866,9634670,Dayana Yastremska,Wer Falkowska v D Yastremska,20,2022-11-30 21:55:10.170,1.25,2022-12-01 12:00:00,
1.207060866,9634670,Dayana Yastremska,Wer Falkowska v D Yastremska,30,2022-12-01 04:04:19.268,1.22,2022-12-01 12:00:00,
1.207060866,9634670,Dayana Yastremska,Wer Falkowska v D Yastremska,40,2022-12-01 09:03:44.065,1.21,2022-12-01 12:00:00,
1.207060866,9634670,Dayana Yastremska,Wer Falkowska v D Yastremska,50,2022-12-01 10:09:48.154,1.23,2022-12-01 12:00:00,
1.207060866,9634670,Dayana Yastremska,Wer Falkowska v D Yastremska,60,2022-12-01 10:40:14.919,1.22,2022-12-01 12:00:00,
1.207060866,9634670,Dayana Yastremska,Wer Falkowska v D Yastremska,70,2022-12-01 11:37:03.958,1.22,2022-12-01 12:00:00,
1.207060866,9634670,Dayana Yastremska,Wer Falkowska v D Yastremska,80,2022-12-01 11:56:30.380,1.2,2022-12-01 12:00:00,
1.207060866,9634670,Dayana Yastremska,Wer Falkowska v D Yastremska,90,2022-12-01 12:04:37.334,1.18,2022-12-01 12:10:00,
1.207060866,9634670,Dayana Yastremska,Wer Falkowska v D Yastremska,100,2022-12-01 12:08:58.463,1.19,2022-12-01 12:10:00,2022-12-01 12:08:58.463
1.207060866,10992647,Weronika Falkowska,Wer Falkowska v D Yastremska,0,2022-11-30 00:40:11.390,4.6,2022-12-01 00:00:00,
1.207060866,10992647,Weronika Falkowska,Wer Falkowska v D Yastremska,10,2022-11-30 18:40:00.806,5.8,2022-12-01 12:00:00,
1.207060866,10992647,Weronika Falkowska,Wer Falkowska v D Yastremska,20,2022-11-30 21:10:00.184,5.2,2022-12-01 12:00:00,
1.207060866,10992647,Weronika Falkowska,Wer Falkowska v D Yastremska,30,2022-11-30 22:18:19.345,5.2,2022-12-01 12:00:00,
1.207060866,10992647,Weronika Falkowska,Wer Falkowska v D Yastremska,40,2022-12-01 10:00:56.518,5.7,2022-12-01 12:00:00,
1.207060866,10992647,Weronika Falkowska,Wer Falkowska v D Yastremska,50,2022-12-01 10:06:55.799,5.7,2022-12-01 12:00:00,
1.207060866,10992647,Weronika Falkowska,Wer Falkowska v D Yastremska,60,2022-12-01 10:08:16.315,5.6,2022-12-01 12:00:00,
1.207060866,10992647,Weronika Falkowska,Wer Falkowska v D Yastremska,70,2022-12-01 10:39:58.489,5.7,2022-12-01 12:00:00,
1.207060866,10992647,Weronika Falkowska,Wer Falkowska v D Yastremska,80,2022-12-01 11:51:21.628,5.8,2022-12-01 12:00:00,
1.207060866,10992647,Weronika Falkowska,Wer Falkowska v D Yastremska,90,2022-12-01 11:59:45.984,6.0,2022-12-01 12:00:00,
1.207060866,10992647,Weronika Falkowska,Wer Falkowska v D Yastremska,100,2022-12-01 12:08:58.463,6.4,2022-12-01 12:10:00,2022-12-01 12:08:58.463
1.207066746,11267108,R Phillips,Ro Phillips v Velasquez Ariza,0,2022-11-30 21:43:55.604,1.24,2022-12-01 17:00:00,2022-11-30 20:42:53.748
1.207066746,11267108,R Phillips,Ro Phillips v Velasquez Ariza,10,2022-11-30 22:13:56.501,1.24,2022-12-01 17:00:00,2022-11-30 20:42:53.748
1.207066746,11267108,R Phillips,Ro Phillips v Velasquez Ariza,20,2022-11-30 22:55:56.426,1.31,2022-12-01 17:00:00,2022-11-30 20:42:53.748
1.207066746,11267108,R Phillips,Ro Phillips v Velasquez Ariza,30,2022-11-30 23:52:21.492,1.33,2022-12-01 17:00:00,2022-11-30 20:42:53.748
1.207066746,11267108,R Phillips,Ro Phillips v Velasquez Ariza,40,2022-12-01 01:26:39.133,1.42,2022-12-01 17:00:00,2022-11-30 20:42:53.748
1.207066746,11267108,R Phillips,Ro Phillips v Velasquez Ariza,50,2022-12-01 03:50:41.665,1.4,2022-12-01 17:00:00,2022-11-30 20:42:53.748
1.207066746,11267108,R Phillips,Ro Phillips v Velasquez Ariza,60,2022-12-01 05:23:57.000,1.38,2022-12-01 17:00:00,2022-11-30 20:42:53.748
1.207066746,11267108,R Phillips,Ro Phillips v Velasquez Ariza,70,2022-12-01 08:09:22.074,1.39,2022-12-01 17:00:00,2022-11-30 20:42:53.748
1.207066746,11267108,R Phillips,Ro Phillips v Velasquez Ariza,80,2022-12-01 11:09:44.723,1.37,2022-12-01 17:00:00,2022-11-30 20:42:53.748
1.207066746,11267108,R Phillips,Ro Phillips v Velasquez Ariza,90,2022-12-01 14:08:57.498,1.36,2022-12-01 17:00:00,2022-11-30 20:42:53.748
1.207066746,11267108,R Phillips,Ro Phillips v Velasquez Ariza,100,2022-12-01 17:25:41.934,1.29,2022-12-01 17:30:00,2022-11-30 20:42:53.748
1.207066746,40576399,J Velasquez,Ro Phillips v Velasquez Ariza,0,2022-11-30 21:43:55.604,5.1,2022-12-01 17:00:00,2022-11-30 20:42:53.748
1.207066746,40576399,J Velasquez,Ro Phillips v Velasquez Ariza,10,2022-11-30 22:07:41.330,5.1,2022-12-01 17:00:00,2022-11-30 20:42:53.748
1.207066746,40576399,J Velasquez,Ro Phillips v Velasquez Ariza,20,2022-11-30 22:49:56.626,4.0,2022-12-01 17:00:00,2022-11-30 20:42:53.748
1.207066746,40576399,J Velasquez,Ro Phillips v Velasquez Ariza,30,2022-11-30 23:45:51.470,4.0,2022-12-01 17:00:00,2022-11-30 20:42:53.748
1.207066746,40576399,J Velasquez,Ro Phillips v Velasquez Ariza,40,2022-12-01 00:36:21.588,3.55,2022-12-01 17:00:00,2022-11-30 20:42:53.748
1.207066746,40576399,J Velasquez,Ro Phillips v Velasquez Ariza,50,2022-12-01 01:31:31.634,3.25,2022-12-01 17:00:00,2022-11-30 20:42:53.748
1.207066746,40576399,J Velasquez,Ro Phillips v Velasquez Ariza,60,2022-12-01 04:39:31.817,3.5,2022-12-01 17:00:00,2022-11-30 20:42:53.748
1.207066746,40576399,J Velasquez,Ro Phillips v Velasquez Ariza,70,2022-12-01 08:04:41.980,3.3,2022-12-01 17:00:00,2022-11-30 20:42:53.748
1.207066746,40576399,J Velasquez,Ro Phillips v Velasquez Ariza,80,2022-12-01 11:57:52.262,3.75,2022-12-01 17:00:00,2022-11-30 20:42:53.748
1.207066746,40576399,J Velasquez,Ro Phillips v Velasquez Ariza,90,2022-12-01 13:51:52.395,3.75,2022-12-01 17:00:00,2022-11-30 20:42:53.748
1.207066746,40576399,J Velasquez,Ro Phillips v Velasquez Ariza,100,2022-12-01 17:25:41.934,4.4,2022-12-01 17:30:00,2022-11-30 20:42:53.748
1.207085585,4903593,Steven Diez,Marco Moroni v Diez,0,2022-11-30 23:47:30.671,3.3,2022-12-01 10:00:00,
1.207085585,4903593,Steven Diez,Marco Moroni v Diez,10,2022-12-01 23:59:55.881,2.96,2022-12-02 10:00:00,
1.207085585,4903593,Steven Diez,Marco Moroni v Diez,20,2022-12-02 04:40:02.269,3.15,2022-12-02 10:00:00,
1.207085585,4903593,Steven Diez,Marco Moroni v Diez,30,2022-12-02 06:18:55.846,3.2,2022-12-02 10:00:00,
1.207085585,4903593,Steven Diez,Marco Moroni v Diez,40,2022-12-02 08:33:08.561,2.94,2022-12-02 10:00:00,
1.207085585,4903593,Steven Diez,Marco Moroni v Diez,50,2022-12-02 09:25:00.341,3.0,2022-12-02 10:00:00,
1.207085585,4903593,Steven Diez,Marco Moroni v Diez,60,2022-12-02 09:35:06.942,2.98,2022-12-02 10:00:00,
1.207085585,4903593,Steven Diez,Marco Moroni v Diez,70,2022-12-02 09:37:31.906,2.94,2022-12-02 10:00:00,
1.207085585,4903593,Steven Diez,Marco Moroni v Diez,80,2022-12-02 09:42:28.300,3.0,2022-12-02 10:00:00,
1.207085585,4903593,Steven Diez,Marco Moroni v Diez,90,2022-12-02 09:45:10.725,2.94,2022-12-02 10:00:00,
1.207085585,4903593,Steven Diez,Marco Moroni v Diez,100,2022-12-02 09:57:46.928,2.96,2022-12-02 10:00:00,
1.207085585,9598907,Gian Marco Moroni,Marco Moroni v Diez,0,2022-11-30 23:02:56.517,1.44,2022-12-01 10:00:00,
1.207085585,9598907,Gian Marco Moroni,Marco Moroni v Diez,10,2022-12-01 13:44:46.575,1.51,2022-12-02 10:00:00,
1.207085585,9598907,Gian Marco Moroni,Marco Moroni v Diez,20,2022-12-02 04:40:02.269,1.47,2022-12-02 10:00:00,
1.207085585,9598907,Gian Marco Moroni,Marco Moroni v Diez,30,2022-12-02 05:02:10.858,1.52,2022-12-02 10:00:00,
1.207085585,9598907,Gian Marco Moroni,Marco Moroni v Diez,40,2022-12-02 06:03:47.301,1.46,2022-12-02 10:00:00,
1.207085585,9598907,Gian Marco Moroni,Marco Moroni v Diez,50,2022-12-02 08:42:52.313,1.46,2022-12-02 10:00:00,
1.207085585,9598907,Gian Marco Moroni,Marco Moroni v Diez,60,2022-12-02 09:25:00.341,1.5,2022-12-02 10:00:00,
1.207085585,9598907,Gian Marco Moroni,Marco Moroni v Diez,70,2022-12-02 09:31:49.093,1.51,2022-12-02 10:00:00,
1.207085585,9598907,Gian Marco Moroni,Marco Moroni v Diez,80,2022-12-02 09:42:28.300,1.47,2022-12-02 10:00:00,
1.207085585,9598907,Gian Marco Moroni,Marco Moroni v Diez,90,2022-12-02 09:48:48.099,1.52,2022-12-02 10:00:00,
1.207085585,9598907,Gian Marco Moroni,Marco Moroni v Diez,100,2022-12-02 09:52:43.334,1.52,2022-12-02 10:00:00,
1.207085628,8679715,Jan Choinski,Fatic v Choinski,0,2022-11-30 23:02:10.799,1.83,2022-12-01 13:00:00,
1.207085628,8679715,Jan Choinski,Fatic v Choinski,10,2022-12-01 02:11:14.704,1.82,2022-12-01 13:00:00,
1.207085628,8679715,Jan Choinski,Fatic v Choinski,20,2022-12-01 07:15:52.269,1.85,2022-12-01 13:00:00,
1.207085628,8679715,Jan Choinski,Fatic v Choinski,30,2022-12-01 07:19:55.259,1.91,2022-12-01 13:00:00,
1.207085628,8679715,Jan Choinski,Fatic v Choinski,40,2022-12-01 07:39:06.400,1.88,2022-12-01 13:00:00,
1.207085628,8679715,Jan Choinski,Fatic v Choinski,50,2022-12-01 08:02:08.845,1.9,2022-12-01 13:00:00,
1.207085628,8679715,Jan Choinski,Fatic v Choinski,60,2022-12-01 10:00:14.754,1.88,2022-12-01 13:00:00,
1.207085628,8679715,Jan Choinski,Fatic v Choinski,70,2022-12-01 10:31:39.368,1.85,2022-12-01 13:00:00,
1.207085628,8679715,Jan Choinski,Fatic v Choinski,80,2022-12-01 11:31:06.923,1.78,2022-12-01 12:52:00,
1.207085628,8679715,Jan Choinski,Fatic v Choinski,90,2022-12-01 12:03:44.311,1.81,2022-12-01 12:52:00,
1.207085628,8679715,Jan Choinski,Fatic v Choinski,100,2022-12-01 12:41:15.305,1.83,2022-12-01 12:52:00,
1.207085628,9624989,Nerman Fatic,Fatic v Choinski,0,2022-11-30 23:02:10.799,2.16,2022-12-01 13:00:00,
1.207085628,9624989,Nerman Fatic,Fatic v Choinski,10,2022-12-01 02:11:14.704,2.22,2022-12-01 13:00:00,
1.207085628,9624989,Nerman Fatic,Fatic v Choinski,20,2022-12-01 04:28:45.065,2.12,2022-12-01 13:00:00,
1.207085628,9624989,Nerman Fatic,Fatic v Choinski,30,2022-12-01 07:13:53.111,2.18,2022-12-01 13:00:00,
1.207085628,9624989,Nerman Fatic,Fatic v Choinski,40,2022-12-01 07:18:15.506,2.12,2022-12-01 13:00:00,
1.207085628,9624989,Nerman Fatic,Fatic v Choinski,50,2022-12-01 07:32:11.992,2.1,2022-12-01 13:00:00,
1.207085628,9624989,Nerman Fatic,Fatic v Choinski,60,2022-12-01 07:54:06.264,2.1,2022-12-01 13:00:00,
1.207085628,9624989,Nerman Fatic,Fatic v Choinski,70,2022-12-01 09:27:57.481,2.18,2022-12-01 13:00:00,
1.207085628,9624989,Nerman Fatic,Fatic v Choinski,80,2022-12-01 10:26:16.997,2.14,2022-12-01 13:00:00,
1.207085628,9624989,Nerman Fatic,Fatic v Choinski,90,2022-12-01 11:13:11.699,2.24,2022-12-01 12:52:00,
1.207085628,9624989,Nerman Fatic,Fatic v Choinski,100,2022-12-01 12:40:17.953,2.22,2022-12-01 12:52:00,
1.207086772,50726595,Garcia Pere/Jimenez Kas,Garcia Pere/Jimenez Kas v Panova/Parks,0,2022-12-01 16:52:06.767,1.92,2022-12-01 19:00:00,
1.207086772,50726595,Garcia Pere/Jimenez Kas,Garcia Pere/Jimenez Kas v Panova/Parks,10,2022-12-01 16:56:59.303,1.93,2022-12-01 19:00:00,
1.207086772,50726595,Garcia Pere/Jimenez Kas,Garcia Pere/Jimenez Kas v Panova/Parks,20,2022-12-01 18:38:51.801,2.0,2022-12-01 19:00:00,
1.207086772,50726595,Garcia Pere/Jimenez Kas,Garcia Pere/Jimenez Kas v Panova/Parks,30,2022-12-01 18:52:29.445,2.06,2022-12-01 19:00:00,
1.207086772,50726595,Garcia Pere/Jimenez Kas,Garcia Pere/Jimenez Kas v Panova/Parks,40,2022-12-01 19:22:32.740,3.75,2022-12-01 19:25:00,
1.207086772,50726595,Garcia Pere/Jimenez Kas,Garcia Pere/Jimenez Kas v Panova/Parks,50,2022-12-01 19:24:02.165,3.3,2022-12-01 19:25:00,
1.207086772,50726595,Garcia Pere/Jimenez Kas,Garcia Pere/Jimenez Kas v Panova/Parks,60,2022-12-01 19:27:05.976,3.0,2022-12-01 19:35:00,2022-12-01 19:27:05.976
1.207086772,50726595,Garcia Pere/Jimenez Kas,Garcia Pere/Jimenez Kas v Panova/Parks,70,2022-12-01 19:29:03.184,3.3,2022-12-01 19:35:00,2022-12-01 19:27:05.976
1.207086772,50726595,Garcia Pere/Jimenez Kas,Garcia Pere/Jimenez Kas v Panova/Parks,80,2022-12-01 19:31:05.675,4.3,2022-12-01 19:35:00,2022-12-01 19:27:05.976
1.207086772,50726595,Garcia Pere/Jimenez Kas,Garcia Pere/Jimenez Kas v Panova/Parks,90,2022-12-01 19:32:06.344,3.55,2022-12-01 19:35:00,2022-12-01 19:27:05.976
1.207086772,50726595,Garcia Pere/Jimenez Kas,Garcia Pere/Jimenez Kas v Panova/Parks,100,2022-12-01 19:34:57.721,5.1,2022-12-01 19:35:00,2022-12-01 19:27:05.976
1.207086772,50726596,Panova/Parks,Garcia Pere/Jimenez Kas v Panova/Parks,0,2022-12-01 16:22:38.355,1.23,2022-12-01 19:00:00,
1.207086772,50726596,Panova/Parks,Garcia Pere/Jimenez Kas v Panova/Parks,10,2022-12-01 16:49:40.088,1.27,2022-12-01 19:00:00,
1.207086772,50726596,Panova/Parks,Garcia Pere/Jimenez Kas v Panova/Parks,20,2022-12-01 16:55:40.749,1.27,2022-12-01 19:00:00,
1.207086772,50726596,Panova/Parks,Garcia Pere/Jimenez Kas v Panova/Parks,30,2022-12-01 16:59:43.632,1.9,2022-12-01 19:00:00,
1.207086772,50726596,Panova/Parks,Garcia Pere/Jimenez Kas v Panova/Parks,40,2022-12-01 17:14:47.779,1.24,2022-12-01 19:00:00,
1.207086772,50726596,Panova/Parks,Garcia Pere/Jimenez Kas v Panova/Parks,50,2022-12-01 18:38:51.801,2.0,2022-12-01 19:00:00,
1.207086772,50726596,Panova/Parks,Garcia Pere/Jimenez Kas v Panova/Parks,60,2022-12-01 18:56:56.015,1.26,2022-12-01 19:00:00,
1.207086772,50726596,Panova/Parks,Garcia Pere/Jimenez Kas v Panova/Parks,70,2022-12-01 19:24:02.165,1.44,2022-12-01 19:25:00,
1.207086772,50726596,Panova/Parks,Garcia Pere/Jimenez Kas v Panova/Parks,80,2022-12-01 19:27:05.976,1.5,2022-12-01 19:35:00,2022-12-01 19:27:05.976
1.207086772,50726596,Panova/Parks,Garcia Pere/Jimenez Kas v Panova/Parks,90,2022-12-01 19:31:05.675,1.31,2022-12-01 19:35:00,2022-12-01 19:27:05.976
1.207086772,50726596,Panova/Parks,Garcia Pere/Jimenez Kas v Panova/Parks,100,2022-12-01 19:34:57.721,1.24,2022-12-01 19:35:00,2022-12-01 19:27:05.976
1.207087127,9953301,Alexandar Lazarov,Lazarov v Van Assche,0,2022-11-30 17:35:11.557,3.35,2022-12-01 11:00:00,
1.207087127,9953301,Alexandar Lazarov,Lazarov v Van Assche,10,2022-11-30 19:33:15.372,3.2,2022-12-01 11:00:00,
1.207087127,9953301,Alexandar Lazarov,Lazarov v Van Assche,20,2022-11-30 23:25:54.453,3.1,2022-12-01 11:00:00,
1.207087127,9953301,Alexandar Lazarov,Lazarov v Van Assche,30,2022-12-01 05:11:38.868,3.2,2022-12-01 11:00:00,
1.207087127,9953301,Alexandar Lazarov,Lazarov v Van Assche,40,2022-12-01 06:24:32.560,3.25,2022-12-01 11:00:00,
1.207087127,9953301,Alexandar Lazarov,Lazarov v Van Assche,50,2022-12-01 08:02:01.405,3.35,2022-12-01 11:00:00,
1.207087127,9953301,Alexandar Lazarov,Lazarov v Van Assche,60,2022-12-01 09:06:03.292,3.4,2022-12-01 11:00:00,
1.207087127,9953301,Alexandar Lazarov,Lazarov v Van Assche,70,2022-12-01 09:40:01.226,3.5,2022-12-01 11:00:00,
1.207087127,9953301,Alexandar Lazarov,Lazarov v Van Assche,80,2022-12-01 09:56:00.220,3.5,2022-12-01 11:00:00,
1.207087127,9953301,Alexandar Lazarov,Lazarov v Van Assche,90,2022-12-01 10:19:00.695,3.7,2022-12-01 11:00:00,
1.207087127,9953301,Alexandar Lazarov,Lazarov v Van Assche,100,2022-12-01 10:36:11.323,3.75,2022-12-01 11:00:00,
1.207087127,27752969,Luca Van Assche,Lazarov v Van Assche,0,2022-11-30 17:18:10.987,1.43,2022-12-01 11:00:00,
1.207087127,27752969,Luca Van Assche,Lazarov v Van Assche,10,2022-11-30 17:35:11.557,1.43,2022-12-01 11:00:00,
1.207087127,27752969,Luca Van Assche,Lazarov v Van Assche,20,2022-11-30 19:33:15.372,1.45,2022-12-01 11:00:00,
1.207087127,27752969,Luca Van Assche,Lazarov v Van Assche,30,2022-11-30 23:04:44.820,1.45,2022-12-01 11:00:00,
1.207087127,27752969,Luca Van Assche,Lazarov v Van Assche,40,2022-12-01 05:25:08.763,1.43,2022-12-01 11:00:00,
1.207087127,27752969,Luca Van Assche,Lazarov v Van Assche,50,2022-12-01 09:00:02.377,1.4,2022-12-01 11:00:00,
1.207087127,27752969,Luca Van Assche,Lazarov v Van Assche,60,2022-12-01 09:43:41.302,1.38,2022-12-01 11:00:00,
1.207087127,27752969,Luca Van Assche,Lazarov v Van Assche,70,2022-12-01 09:56:00.220,1.4,2022-12-01 11:00:00,
1.207087127,27752969,Luca Van Assche,Lazarov v Van Assche,80,2022-12-01 10:25:07.350,1.37,2022-12-01 11:00:00,
1.207087127,27752969,Luca Van Assche,Lazarov v Van Assche,90,2022-12-01 10:32:30.803,1.37,2022-12-01 11:00:00,
1.207087127,27752969,Luca Van Assche,Lazarov v Van Assche,100,2022-12-01 10:49:08.212,1.36,2022-12-01 11:00:00,
1.207087174,2386498,Shuai Zhang,S Zhang v Soph Chang,0,2022-12-01 05:53:06.676,1.17,2022-12-01 17:30:00,
1.207087174,2386498,Shuai Zhang,S Zhang v Soph Chang,10,2022-12-01 06:52:34.507,1.17,2022-12-01 17:30:00,
1.207087174,2386498,Shuai Zhang,S Zhang v Soph Chang,20,2022-12-01 09:52:41.397,1.17,2022-12-01 17:30:00,
1.207087174,2386498,Shuai Zhang,S Zhang v Soph Chang,30,2022-12-01 11:43:47.260,1.16,2022-12-01 17:30:00,
1.207087174,2386498,Shuai Zhang,S Zhang v Soph Chang,40,2022-12-01 12:50:44.769,1.16,2022-12-01 17:30:00,
1.207087174,2386498,Shuai Zhang,S Zhang v Soph Chang,50,2022-12-01 14:34:18.112,1.18,2022-12-01 17:30:00,
1.207087174,2386498,Shuai Zhang,S Zhang v Soph Chang,60,2022-12-01 16:36:22.762,1.16,2022-12-01 17:30:00,
1.207087174,2386498,Shuai Zhang,S Zhang v Soph Chang,70,2022-12-01 16:57:55.152,1.18,2022-12-01 17:30:00,
1.207087174,2386498,Shuai Zhang,S Zhang v Soph Chang,80,2022-12-01 17:14:49.342,1.16,2022-12-01 17:30:00,
1.207087174,2386498,Shuai Zhang,S Zhang v Soph Chang,90,2022-12-01 17:24:50.275,1.15,2022-12-01 17:30:00,
1.207087174,2386498,Shuai Zhang,S Zhang v Soph Chang,100,2022-12-01 17:29:42.604,1.15,2022-12-01 17:30:00,
1.207087174,9348383,Sophie Chang,S Zhang v Soph Chang,0,2022-11-30 21:41:38.141,5.0,2022-12-01 17:30:00,
1.207087174,9348383,Sophie Chang,S Zhang v Soph Chang,10,2022-12-01 08:24:38.947,7.0,2022-12-01 17:30:00,
1.207087174,9348383,Sophie Chang,S Zhang v Soph Chang,20,2022-12-01 08:57:58.847,6.8,2022-12-01 17:30:00,
1.207087174,9348383,Sophie Chang,S Zhang v Soph Chang,30,2022-12-01 10:01:09.628,7.2,2022-12-01 17:30:00,
1.207087174,9348383,Sophie Chang,S Zhang v Soph Chang,40,2022-12-01 10:26:19.117,6.6,2022-12-01 17:30:00,
1.207087174,9348383,Sophie Chang,S Zhang v Soph Chang,50,2022-12-01 16:57:55.152,7.0,2022-12-01 17:30:00,
1.207087174,9348383,Sophie Chang,S Zhang v Soph Chang,60,2022-12-01 17:05:51.980,6.8,2022-12-01 17:30:00,
1.207087174,9348383,Sophie Chang,S Zhang v Soph Chang,70,2022-12-01 17:14:49.342,6.6,2022-12-01 17:30:00,
1.207087174,9348383,Sophie Chang,S Zhang v Soph Chang,80,2022-12-01 17:21:32.436,6.8,2022-12-01 17:30:00,
1.207087174,9348383,Sophie Chang,S Zhang v Soph Chang,90,2022-12-01 17:24:50.275,7.2,2022-12-01 17:30:00,
1.207087174,9348383,Sophie Chang,S Zhang v Soph Chang,100,2022-12-01 17:29:42.604,7.6,2022-12-01 17:30:00,
1.207088592,7534093,Lorenzo Giustino,Llamas Ruiz v Giustino,0,2022-11-30 21:08:43.460,3.75,2022-12-01 10:00:00,
1.207088592,7534093,Lorenzo Giustino,Llamas Ruiz v Giustino,10,2022-12-01 19:58:50.963,3.3,2022-12-02 10:00:00,
1.207088592,7534093,Lorenzo Giustino,Llamas Ruiz v Giustino,20,2022-12-02 02:54:15.869,3.2,2022-12-02 10:00:00,
1.207088592,7534093,Lorenzo Giustino,Llamas Ruiz v Giustino,30,2022-12-02 07:01:52.019,2.98,2022-12-02 10:00:00,
1.207088592,7534093,Lorenzo Giustino,Llamas Ruiz v Giustino,40,2022-12-02 07:05:47.534,2.9,2022-12-02 10:00:00,
1.207088592,7534093,Lorenzo Giustino,Llamas Ruiz v Giustino,50,2022-12-02 08:34:05.841,2.94,2022-12-02 10:00:00,
1.207088592,7534093,Lorenzo Giustino,Llamas Ruiz v Giustino,60,2022-12-02 08:53:43.214,2.9,2022-12-02 10:00:00,
1.207088592,7534093,Lorenzo Giustino,Llamas Ruiz v Giustino,70,2022-12-02 09:25:56.411,2.8,2022-12-02 10:00:00,
1.207088592,7534093,Lorenzo Giustino,Llamas Ruiz v Giustino,80,2022-12-02 09:38:00.330,2.76,2022-12-02 10:00:00,
1.207088592,7534093,Lorenzo Giustino,Llamas Ruiz v Giustino,90,2022-12-02 09:48:06.765,2.74,2022-12-02 10:00:00,
1.207088592,7534093,Lorenzo Giustino,Llamas Ruiz v Giustino,100,2022-12-02 09:57:08.900,2.76,2022-12-02 10:00:00,
1.207088592,17980033,Pablo Llamas Ruiz,Llamas Ruiz v Giustino,0,2022-11-30 23:02:02.926,1.47,2022-12-01 10:00:00,
1.207088592,17980033,Pablo Llamas Ruiz,Llamas Ruiz v Giustino,10,2022-12-01 08:40:03.965,1.43,2022-12-02 10:00:00,
1.207088592,17980033,Pablo Llamas Ruiz,Llamas Ruiz v Giustino,20,2022-12-01 19:58:50.963,1.44,2022-12-02 10:00:00,
1.207088592,17980033,Pablo Llamas Ruiz,Llamas Ruiz v Giustino,30,2022-12-02 00:45:47.060,1.43,2022-12-02 10:00:00,
1.207088592,17980033,Pablo Llamas Ruiz,Llamas Ruiz v Giustino,40,2022-12-02 07:04:01.668,1.52,2022-12-02 10:00:00,
1.207088592,17980033,Pablo Llamas Ruiz,Llamas Ruiz v Giustino,50,2022-12-02 08:31:00.402,1.52,2022-12-02 10:00:00,
1.207088592,17980033,Pablo Llamas Ruiz,Llamas Ruiz v Giustino,60,2022-12-02 08:44:00.290,1.5,2022-12-02 10:00:00,
1.207088592,17980033,Pablo Llamas Ruiz,Llamas Ruiz v Giustino,70,2022-12-02 09:18:01.192,1.54,2022-12-02 10:00:00,
1.207088592,17980033,Pablo Llamas Ruiz,Llamas Ruiz v Giustino,80,2022-12-02 09:35:02.339,1.57,2022-12-02 10:00:00,
1.207088592,17980033,Pablo Llamas Ruiz,Llamas Ruiz v Giustino,90,2022-12-02 09:48:06.765,1.56,2022-12-02 10:00:00,
1.207088592,17980033,Pablo Llamas Ruiz,Llamas Ruiz v Giustino,100,2022-12-02 09:57:08.900,1.57,2022-12-02 10:00:00,
1.207089002,8979695,Aleksandar Vukic,Vukic v J Rodionov,0,2022-11-30 19:19:18.952,1.52,2022-12-01 09:00:00,
1.207089002,8979695,Aleksandar Vukic,Vukic v J Rodionov,10,2022-12-01 05:48:53.911,2.02,2022-12-02 09:00:00,
1.207089002,8979695,Aleksandar Vukic,Vukic v J Rodionov,20,2022-12-01 18:28:35.107,2.08,2022-12-02 14:00:00,
1.207089002,8979695,Aleksandar Vukic,Vukic v J Rodionov,30,2022-12-02 02:19:48.938,2.18,2022-12-02 14:00:00,
1.207089002,8979695,Aleksandar Vukic,Vukic v J Rodionov,40,2022-12-02 07:48:11.140,2.14,2022-12-02 14:00:00,
1.207089002,8979695,Aleksandar Vukic,Vukic v J Rodionov,50,2022-12-02 09:41:58.773,2.26,2022-12-02 14:00:00,
1.207089002,8979695,Aleksandar Vukic,Vukic v J Rodionov,60,2022-12-02 10:59:11.481,2.24,2022-12-02 14:00:00,
1.207089002,8979695,Aleksandar Vukic,Vukic v J Rodionov,70,2022-12-02 12:49:14.081,2.32,2022-12-02 13:53:00,
1.207089002,8979695,Aleksandar Vukic,Vukic v J Rodionov,80,2022-12-02 13:27:07.886,2.28,2022-12-02 13:53:00,
1.207089002,8979695,Aleksandar Vukic,Vukic v J Rodionov,90,2022-12-02 13:48:56.978,2.28,2022-12-02 13:53:00,
1.207089002,8979695,Aleksandar Vukic,Vukic v J Rodionov,100,2022-12-02 14:23:04.613,2.36,2022-12-02 14:38:00,
1.207089002,10555106,Jurij Rodionov,Vukic v J Rodionov,0,2022-11-30 19:19:18.952,2.92,2022-12-01 09:00:00,
1.207089002,10555106,Jurij Rodionov,Vukic v J Rodionov,10,2022-12-01 05:48:53.911,1.98,2022-12-02 09:00:00,
1.207089002,10555106,Jurij Rodionov,Vukic v J Rodionov,20,2022-12-01 23:58:33.257,1.89,2022-12-02 14:00:00,
1.207089002,10555106,Jurij Rodionov,Vukic v J Rodionov,30,2022-12-02 04:17:00.536,1.82,2022-12-02 14:00:00,
1.207089002,10555106,Jurij Rodionov,Vukic v J Rodionov,40,2022-12-02 09:26:00.912,1.83,2022-12-02 14:00:00,
1.207089002,10555106,Jurij Rodionov,Vukic v J Rodionov,50,2022-12-02 10:59:11.481,1.81,2022-12-02 14:00:00,
1.207089002,10555106,Jurij Rodionov,Vukic v J Rodionov,60,2022-12-02 11:57:17.338,1.73,2022-12-02 13:53:00,
1.207089002,10555106,Jurij Rodionov,Vukic v J Rodionov,70,2022-12-02 12:58:16.706,1.74,2022-12-02 13:53:00,
1.207089002,10555106,Jurij Rodionov,Vukic v J Rodionov,80,2022-12-02 13:33:46.983,1.76,2022-12-02 13:53:00,
1.207089002,10555106,Jurij Rodionov,Vukic v J Rodionov,90,2022-12-02 14:16:10.017,1.74,2022-12-02 14:23:00,
1.207089002,10555106,Jurij Rodionov,Vukic v J Rodionov,100,2022-12-02 14:39:01.460,1.74,2022-12-02 14:53:00,
1.207089061,9629258,Cristina Bucsa,Bucsa v Ka Baindl,0,2022-11-30 18:03:57.435,1.03,2022-12-01 13:30:00,
1.207089061,9629258,Cristina Bucsa,Bucsa v Ka Baindl,10,2022-12-01 06:13:51.722,2.38,2022-12-01 13:30:00,
1.207089061,9629258,Cristina Bucsa,Bucsa v Ka Baindl,20,2022-12-01 08:54:46.172,2.32,2022-12-01 13:30:00,
1.207089061,9629258,Cristina Bucsa,Bucsa v Ka Baindl,30,2022-12-01 09:17:46.437,2.32,2022-12-01 13:30:00,
1.207089061,9629258,Cristina Bucsa,Bucsa v Ka Baindl,40,2022-12-01 09:38:42.866,2.36,2022-12-01 13:30:00,
1.207089061,9629258,Cristina Bucsa,Bucsa v Ka Baindl,50,2022-12-01 10:27:56.281,2.26,2022-12-01 13:30:00,
1.207089061,9629258,Cristina Bucsa,Bucsa v Ka Baindl,60,2022-12-01 11:21:35.048,2.28,2022-12-01 13:30:00,
1.207089061,9629258,Cristina Bucsa,Bucsa v Ka Baindl,70,2022-12-01 12:09:55.326,2.38,2022-12-01 13:30:00,
1.207089061,9629258,Cristina Bucsa,Bucsa v Ka Baindl,80,2022-12-01 13:09:40.146,2.34,2022-12-01 13:30:00,
1.207089061,9629258,Cristina Bucsa,Bucsa v Ka Baindl,90,2022-12-01 13:27:37.110,2.32,2022-12-01 13:30:00,
1.207089061,9629258,Cristina Bucsa,Bucsa v Ka Baindl,100,2022-12-01 14:13:48.369,2.28,2022-12-01 14:15:00,
1.207089061,42315957,Kateryna Baindl,Bucsa v Ka Baindl,0,2022-11-30 21:22:51.336,1.78,2022-12-01 13:30:00,
1.207089061,42315957,Kateryna Baindl,Bucsa v Ka Baindl,10,2022-11-30 22:40:13.408,1.73,2022-12-01 13:30:00,
1.207089061,42315957,Kateryna Baindl,Bucsa v Ka Baindl,20,2022-12-01 06:57:54.014,1.7,2022-12-01 13:30:00,
1.207089061,42315957,Kateryna Baindl,Bucsa v Ka Baindl,30,2022-12-01 08:36:29.733,1.74,2022-12-01 13:30:00,
1.207089061,42315957,Kateryna Baindl,Bucsa v Ka Baindl,40,2022-12-01 10:27:56.281,1.8,2022-12-01 13:30:00,
1.207089061,42315957,Kateryna Baindl,Bucsa v Ka Baindl,50,2022-12-01 11:40:51.132,1.76,2022-12-01 13:30:00,
1.207089061,42315957,Kateryna Baindl,Bucsa v Ka Baindl,60,2022-12-01 12:08:41.204,1.71,2022-12-01 13:30:00,
1.207089061,42315957,Kateryna Baindl,Bucsa v Ka Baindl,70,2022-12-01 13:00:45.554,1.73,2022-12-01 13:30:00,
1.207089061,42315957,Kateryna Baindl,Bucsa v Ka Baindl,80,2022-12-01 13:25:14.142,1.74,2022-12-01 13:30:00,
1.207089061,42315957,Kateryna Baindl,Bucsa v Ka Baindl,90,2022-12-01 14:07:58.512,1.79,2022-12-01 14:15:00,
1.207089061,42315957,Kateryna Baindl,Bucsa v Ka Baindl,100,2022-12-01 14:28:54.010,1.75,2022-12-01 14:30:00,
1.207089935,2395048,Pedro Sousa,Borges v P Sousa,0,2022-12-01 05:46:57.442,3.1,2022-12-01 13:00:00,
1.207089935,2395048,Pedro Sousa,Borges v P Sousa,10,2022-12-01 07:04:51.103,3.25,2022-12-01 13:00:00,
1.207089935,2395048,Pedro Sousa,Borges v P Sousa,20,2022-12-01 10:14:29.921,3.4,2022-12-01 13:00:00,
1.207089935,2395048,Pedro Sousa,Borges v P Sousa,30,2022-12-01 11:35:00.310,3.35,2022-12-01 13:00:00,
1.207089935,2395048,Pedro Sousa,Borges v P Sousa,40,2022-12-01 11:51:00.250,3.4,2022-12-01 13:00:00,
1.207089935,2395048,Pedro Sousa,Borges v P Sousa,50,2022-12-01 12:04:07.283,3.6,2022-12-01 13:00:00,
1.207089935,2395048,Pedro Sousa,Borges v P Sousa,60,2022-12-01 12:08:07.566,3.65,2022-12-01 13:00:00,
1.207089935,2395048,Pedro Sousa,Borges v P Sousa,70,2022-12-01 12:22:00.756,3.75,2022-12-01 13:00:00,
1.207089935,2395048,Pedro Sousa,Borges v P Sousa,80,2022-12-01 12:23:00.829,3.95,2022-12-01 13:00:00,
1.207089935,2395048,Pedro Sousa,Borges v P Sousa,90,2022-12-01 12:32:09.851,3.65,2022-12-01 13:00:00,
1.207089935,2395048,Pedro Sousa,Borges v P Sousa,100,2022-12-01 12:50:47.551,3.85,2022-12-01 13:00:00,
1.207089935,9633043,Nuno Borges,Borges v P Sousa,0,2022-12-01 03:18:10.641,1.43,2022-12-01 13:00:00,
1.207089935,9633043,Nuno Borges,Borges v P Sousa,10,2022-12-01 04:28:53.469,1.39,2022-12-01 13:00:00,
1.207089935,9633043,Nuno Borges,Borges v P Sousa,20,2022-12-01 09:09:13.576,1.41,2022-12-01 13:00:00,
1.207089935,9633043,Nuno Borges,Borges v P Sousa,30,2022-12-01 09:57:19.729,1.42,2022-12-01 13:00:00,
1.207089935,9633043,Nuno Borges,Borges v P Sousa,40,2022-12-01 11:52:00.214,1.38,2022-12-01 13:00:00,
1.207089935,9633043,Nuno Borges,Borges v P Sousa,50,2022-12-01 11:58:05.330,1.37,2022-12-01 13:00:00,
1.207089935,9633043,Nuno Borges,Borges v P Sousa,60,2022-12-01 12:05:05.368,1.35,2022-12-01 13:00:00,
1.207089935,9633043,Nuno Borges,Borges v P Sousa,70,2022-12-01 12:12:50.148,1.33,2022-12-01 13:00:00,
1.207089935,9633043,Nuno Borges,Borges v P Sousa,80,2022-12-01 12:22:00.756,1.36,2022-12-01 13:00:00,
1.207089935,9633043,Nuno Borges,Borges v P Sousa,90,2022-12-01 12:37:10.463,1.35,2022-12-01 13:00:00,
1.207089935,9633043,Nuno Borges,Borges v P Sousa,100,2022-12-01 12:48:37.045,1.34,2022-12-01 13:00:00,
1.207092605,2403862,Sabine Lisicki,Lisicki v Aly Parks,0,2022-12-01 09:27:34.882,2.2,2022-12-02 00:00:00,
1.207092605,2403862,Sabine Lisicki,Lisicki v Aly Parks,10,2022-12-01 19:43:10.086,2.14,2022-12-02 00:00:00,
1.207092605,2403862,Sabine Lisicki,Lisicki v Aly Parks,20,2022-12-01 22:49:36.460,2.12,2022-12-02 18:00:00,
1.207092605,2403862,Sabine Lisicki,Lisicki v Aly Parks,30,2022-12-02 10:48:09.310,2.06,2022-12-02 18:00:00,
1.207092605,2403862,Sabine Lisicki,Lisicki v Aly Parks,40,2022-12-02 13:51:33.849,2.06,2022-12-02 18:00:00,
1.207092605,2403862,Sabine Lisicki,Lisicki v Aly Parks,50,2022-12-02 15:43:50.746,2.1,2022-12-02 18:00:00,
1.207092605,2403862,Sabine Lisicki,Lisicki v Aly Parks,60,2022-12-02 17:00:48.828,2.18,2022-12-02 18:00:00,
1.207092605,2403862,Sabine Lisicki,Lisicki v Aly Parks,70,2022-12-02 17:21:46.048,2.3,2022-12-02 18:00:00,
1.207092605,2403862,Sabine Lisicki,Lisicki v Aly Parks,80,2022-12-02 18:00:53.403,2.3,2022-12-02 18:15:00,
1.207092605,2403862,Sabine Lisicki,Lisicki v Aly Parks,90,2022-12-02 18:41:42.309,2.3,2022-12-02 18:50:00,
1.207092605,2403862,Sabine Lisicki,Lisicki v Aly Parks,100,2022-12-02 19:09:53.786,1.98,2022-12-02 19:10:00,2022-12-02 19:07:54.443
1.207092605,11233227,Alycia Parks,Lisicki v Aly Parks,0,2022-11-30 21:29:52.661,1.78,2022-12-02 00:00:00,
1.207092605,11233227,Alycia Parks,Lisicki v Aly Parks,10,2022-12-01 19:32:44.853,1.86,2022-12-02 00:00:00,
1.207092605,11233227,Alycia Parks,Lisicki v Aly Parks,20,2022-12-02 05:50:57.955,1.96,2022-12-02 18:00:00,
1.207092605,11233227,Alycia Parks,Lisicki v Aly Parks,30,2022-12-02 11:49:18.421,1.96,2022-12-02 18:00:00,
1.207092605,11233227,Alycia Parks,Lisicki v Aly Parks,40,2022-12-02 14:02:40.315,1.95,2022-12-02 18:00:00,
1.207092605,11233227,Alycia Parks,Lisicki v Aly Parks,50,2022-12-02 15:22:17.345,1.92,2022-12-02 18:00:00,
1.207092605,11233227,Alycia Parks,Lisicki v Aly Parks,60,2022-12-02 16:33:34.686,1.84,2022-12-02 18:00:00,
1.207092605,11233227,Alycia Parks,Lisicki v Aly Parks,70,2022-12-02 17:19:18.150,1.77,2022-12-02 18:00:00,
1.207092605,11233227,Alycia Parks,Lisicki v Aly Parks,80,2022-12-02 17:50:28.816,1.76,2022-12-02 18:00:00,
1.207092605,11233227,Alycia Parks,Lisicki v Aly Parks,90,2022-12-02 18:10:45.682,1.75,2022-12-02 18:15:00,
1.207092605,11233227,Alycia Parks,Lisicki v Aly Parks,100,2022-12-02 19:09:53.786,2.04,2022-12-02 19:10:00,2022-12-02 19:07:54.443
1.207096274,7299657,Tatjana Maria,T Maria v Konjuh,0,2022-12-01 05:25:41.692,2.3,2022-12-01 16:00:00,
1.207096274,7299657,Tatjana Maria,T Maria v Konjuh,10,2022-12-01 09:51:53.292,2.3,2022-12-01 16:00:00,
1.207096274,7299657,Tatjana Maria,T Maria v Konjuh,20,2022-12-01 10:27:11.009,2.24,2022-12-01 16:00:00,
1.207096274,7299657,Tatjana Maria,T Maria v Konjuh,30,2022-12-01 11:11:10.841,2.24,2022-12-01 16:00:00,
1.207096274,7299657,Tatjana Maria,T Maria v Konjuh,40,2022-12-01 13:14:50.387,2.14,2022-12-01 16:00:00,
1.207096274,7299657,Tatjana Maria,T Maria v Konjuh,50,2022-12-01 13:55:43.310,2.12,2022-12-01 16:00:00,
1.207096274,7299657,Tatjana Maria,T Maria v Konjuh,60,2022-12-01 14:23:50.156,2.02,2022-12-01 16:00:00,
1.207096274,7299657,Tatjana Maria,T Maria v Konjuh,70,2022-12-01 15:12:42.716,2.08,2022-12-01 16:00:00,
1.207096274,7299657,Tatjana Maria,T Maria v Konjuh,80,2022-12-01 15:47:17.672,2.06,2022-12-01 16:00:00,
1.207096274,7299657,Tatjana Maria,T Maria v Konjuh,90,2022-12-01 15:52:53.045,2.08,2022-12-01 16:00:00,
1.207096274,7299657,Tatjana Maria,T Maria v Konjuh,100,2022-12-01 16:09:56.626,2.08,2022-12-01 16:10:00,2022-12-01 16:09:56.626
1.207096274,8173632,Ana Konjuh,T Maria v Konjuh,0,2022-12-01 05:00:40.367,1.67,2022-12-01 16:00:00,
1.207096274,8173632,Ana Konjuh,T Maria v Konjuh,10,2022-12-01 11:16:31.869,1.81,2022-12-01 16:00:00,
1.207096274,8173632,Ana Konjuh,T Maria v Konjuh,20,2022-12-01 11:52:54.086,1.81,2022-12-01 16:00:00,
1.207096274,8173632,Ana Konjuh,T Maria v Konjuh,30,2022-12-01 13:23:21.426,1.85,2022-12-01 16:00:00,
1.207096274,8173632,Ana Konjuh,T Maria v Konjuh,40,2022-12-01 13:56:56.466,1.9,2022-12-01 16:00:00,
1.207096274,8173632,Ana Konjuh,T Maria v Konjuh,50,2022-12-01 14:43:56.150,1.91,2022-12-01 16:00:00,
1.207096274,8173632,Ana Konjuh,T Maria v Konjuh,60,2022-12-01 15:06:48.466,1.9,2022-12-01 16:00:00,
1.207096274,8173632,Ana Konjuh,T Maria v Konjuh,70,2022-12-01 15:30:45.151,1.91,2022-12-01 16:00:00,
1.207096274,8173632,Ana Konjuh,T Maria v Konjuh,80,2022-12-01 15:51:52.067,1.9,2022-12-01 16:00:00,
1.207096274,8173632,Ana Konjuh,T Maria v Konjuh,90,2022-12-01 15:58:48.285,1.98,2022-12-01 16:00:00,
1.207096274,8173632,Ana Konjuh,T Maria v Konjuh,100,2022-12-01 16:09:56.626,1.92,2022-12-01 16:10:00,2022-12-01 16:09:56.626
1.207116634,7216519,Oriol Roca Batalla,Roca Batalla v Kopriva,0,2022-12-01 17:31:32.735,2.38,2022-12-02 12:00:00,
1.207116634,7216519,Oriol Roca Batalla,Roca Batalla v Kopriva,10,2022-12-01 17:31:58.203,2.3,2022-12-02 12:00:00,
1.207116634,7216519,Oriol Roca Batalla,Roca Batalla v Kopriva,20,2022-12-01 17:48:35.112,2.1,2022-12-02 12:00:00,
1.207116634,7216519,Oriol Roca Batalla,Roca Batalla v Kopriva,30,2022-12-01 21:43:49.734,2.52,2022-12-02 12:00:00,
1.207116634,7216519,Oriol Roca Batalla,Roca Batalla v Kopriva,40,2022-12-02 05:04:55.569,2.58,2022-12-02 12:00:00,
1.207116634,7216519,Oriol Roca Batalla,Roca Batalla v Kopriva,50,2022-12-02 06:16:44.409,2.54,2022-12-02 12:00:00,
1.207116634,7216519,Oriol Roca Batalla,Roca Batalla v Kopriva,60,2022-12-02 09:44:30.406,2.62,2022-12-02 12:00:00,
1.207116634,7216519,Oriol Roca Batalla,Roca Batalla v Kopriva,70,2022-12-02 10:23:11.340,2.56,2022-12-02 11:57:00,
1.207116634,7216519,Oriol Roca Batalla,Roca Batalla v Kopriva,80,2022-12-02 10:35:10.701,2.56,2022-12-02 11:57:00,
1.207116634,7216519,Oriol Roca Batalla,Roca Batalla v Kopriva,90,2022-12-02 11:29:35.155,2.58,2022-12-02 11:57:00,
1.207116634,7216519,Oriol Roca Batalla,Roca Batalla v Kopriva,100,2022-12-02 11:34:04.315,2.54,2022-12-02 11:57:00,
1.207116634,9543224,Vit Kopriva,Roca Batalla v Kopriva,0,2022-12-01 17:31:32.735,1.72,2022-12-02 12:00:00,
1.207116634,9543224,Vit Kopriva,Roca Batalla v Kopriva,10,2022-12-01 17:45:04.672,1.62,2022-12-02 12:00:00,
1.207116634,9543224,Vit Kopriva,Roca Batalla v Kopriva,20,2022-12-01 18:22:20.619,1.68,2022-12-02 12:00:00,
1.207116634,9543224,Vit Kopriva,Roca Batalla v Kopriva,30,2022-12-01 21:53:30.638,1.64,2022-12-02 12:00:00,
1.207116634,9543224,Vit Kopriva,Roca Batalla v Kopriva,40,2022-12-02 04:10:30.026,1.67,2022-12-02 12:00:00,
1.207116634,9543224,Vit Kopriva,Roca Batalla v Kopriva,50,2022-12-02 04:22:10.284,1.67,2022-12-02 12:00:00,
1.207116634,9543224,Vit Kopriva,Roca Batalla v Kopriva,60,2022-12-02 07:24:12.551,1.63,2022-12-02 12:00:00,
1.207116634,9543224,Vit Kopriva,Roca Batalla v Kopriva,70,2022-12-02 07:45:12.368,1.63,2022-12-02 12:00:00,
1.207116634,9543224,Vit Kopriva,Roca Batalla v Kopriva,80,2022-12-02 09:35:14.711,1.63,2022-12-02 12:00:00,
1.207116634,9543224,Vit Kopriva,Roca Batalla v Kopriva,90,2022-12-02 10:19:30.988,1.61,2022-12-02 11:57:00,
1.207116634,9543224,Vit Kopriva,Roca Batalla v Kopriva,100,2022-12-02 11:33:33.207,1.64,2022-12-02 11:57:00,
1.207116733,4688724,Dusan Lajovic,Lajovic v Adrian Andreev,0,2022-12-01 15:54:51.276,1.52,2022-12-02 10:00:00,
1.207116733,4688724,Dusan Lajovic,Lajovic v Adrian Andreev,10,2022-12-02 05:21:02.413,1.67,2022-12-02 12:00:00,
1.207116733,4688724,Dusan Lajovic,Lajovic v Adrian Andreev,20,2022-12-02 08:05:19.392,1.62,2022-12-02 12:00:00,
1.207116733,4688724,Dusan Lajovic,Lajovic v Adrian Andreev,30,2022-12-02 09:25:59.896,1.65,2022-12-02 12:00:00,
1.207116733,4688724,Dusan Lajovic,Lajovic v Adrian Andreev,40,2022-12-02 10:41:05.742,1.7,2022-12-02 11:56:00,
1.207116733,4688724,Dusan Lajovic,Lajovic v Adrian Andreev,50,2022-12-02 11:02:55.153,1.71,2022-12-02 11:56:00,
1.207116733,4688724,Dusan Lajovic,Lajovic v Adrian Andreev,60,2022-12-02 11:08:10.308,1.66,2022-12-02 11:56:00,
1.207116733,4688724,Dusan Lajovic,Lajovic v Adrian Andreev,70,2022-12-02 11:22:01.307,1.62,2022-12-02 11:56:00,
1.207116733,4688724,Dusan Lajovic,Lajovic v Adrian Andreev,80,2022-12-02 11:31:01.058,1.63,2022-12-02 11:56:00,
1.207116733,4688724,Dusan Lajovic,Lajovic v Adrian Andreev,90,2022-12-02 11:37:54.481,1.64,2022-12-02 11:56:00,
1.207116733,4688724,Dusan Lajovic,Lajovic v Adrian Andreev,100,2022-12-02 11:51:13.275,1.65,2022-12-02 11:56:00,
1.207116733,10460263,Adrian Andreev,Lajovic v Adrian Andreev,0,2022-12-02 00:00:20.689,2.56,2022-12-02 12:00:00,
1.207116733,10460263,Adrian Andreev,Lajovic v Adrian Andreev,10,2022-12-02 07:40:02.718,2.58,2022-12-02 12:00:00,
1.207116733,10460263,Adrian Andreev,Lajovic v Adrian Andreev,20,2022-12-02 08:43:42.056,2.56,2022-12-02 12:00:00,
1.207116733,10460263,Adrian Andreev,Lajovic v Adrian Andreev,30,2022-12-02 09:25:59.896,2.5,2022-12-02 12:00:00,
1.207116733,10460263,Adrian Andreev,Lajovic v Adrian Andreev,40,2022-12-02 10:11:00.354,2.5,2022-12-02 11:56:00,
1.207116733,10460263,Adrian Andreev,Lajovic v Adrian Andreev,50,2022-12-02 10:44:59.544,2.4,2022-12-02 11:56:00,
1.207116733,10460263,Adrian Andreev,Lajovic v Adrian Andreev,60,2022-12-02 11:00:08.447,2.4,2022-12-02 11:56:00,
1.207116733,10460263,Adrian Andreev,Lajovic v Adrian Andreev,70,2022-12-02 11:07:11.556,2.42,2022-12-02 11:56:00,
1.207116733,10460263,Adrian Andreev,Lajovic v Adrian Andreev,80,2022-12-02 11:23:55.967,2.58,2022-12-02 11:56:00,
1.207116733,10460263,Adrian Andreev,Lajovic v Adrian Andreev,90,2022-12-02 11:33:08.807,2.52,2022-12-02 11:56:00,
1.207116733,10460263,Adrian Andreev,Lajovic v Adrian Andreev,100,2022-12-02 11:47:02.768,2.54,2022-12-02 11:56:00,
1.207116755,9454905,Ivan Gakhov,Gakhov v Van Assche,0,2022-12-01 18:36:50.725,3.65,2022-12-02 14:55:00,
1.207116755,9454905,Ivan Gakhov,Gakhov v Van Assche,10,2022-12-01 19:45:08.467,3.35,2022-12-02 14:55:00,
1.207116755,9454905,Ivan Gakhov,Gakhov v Van Assche,20,2022-12-01 22:47:04.124,3.5,2022-12-02 14:55:00,
1.207116755,9454905,Ivan Gakhov,Gakhov v Van Assche,30,2022-12-01 22:55:40.874,3.55,2022-12-02 14:55:00,
1.207116755,9454905,Ivan Gakhov,Gakhov v Van Assche,40,2022-12-02 05:15:04.028,3.8,2022-12-02 14:55:00,
1.207116755,9454905,Ivan Gakhov,Gakhov v Van Assche,50,2022-12-02 05:28:04.452,3.9,2022-12-02 14:55:00,
1.207116755,9454905,Ivan Gakhov,Gakhov v Van Assche,60,2022-12-02 09:41:11.192,3.85,2022-12-02 14:55:00,
1.207116755,9454905,Ivan Gakhov,Gakhov v Van Assche,70,2022-12-02 09:46:49.104,3.8,2022-12-02 14:55:00,
1.207116755,9454905,Ivan Gakhov,Gakhov v Van Assche,80,2022-12-02 11:37:19.382,3.7,2022-12-02 14:55:00,
1.207116755,9454905,Ivan Gakhov,Gakhov v Van Assche,90,2022-12-02 13:28:39.439,3.9,2022-12-02 14:53:00,
1.207116755,9454905,Ivan Gakhov,Gakhov v Van Assche,100,2022-12-02 14:02:07.002,4.0,2022-12-02 14:53:00,
1.207116755,27752969,Luca Van Assche,Gakhov v Van Assche,0,2022-12-01 19:45:08.467,1.33,2022-12-02 14:55:00,
1.207116755,27752969,Luca Van Assche,Gakhov v Van Assche,10,2022-12-01 22:46:14.745,1.39,2022-12-02 14:55:00,
1.207116755,27752969,Luca Van Assche,Gakhov v Van Assche,20,2022-12-01 22:47:04.124,1.4,2022-12-02 14:55:00,
1.207116755,27752969,Luca Van Assche,Gakhov v Van Assche,30,2022-12-01 22:55:40.874,1.38,2022-12-02 14:55:00,
1.207116755,27752969,Luca Van Assche,Gakhov v Van Assche,40,2022-12-02 01:53:42.197,1.37,2022-12-02 14:55:00,
1.207116755,27752969,Luca Van Assche,Gakhov v Van Assche,50,2022-12-02 04:32:43.723,1.36,2022-12-02 14:55:00,
1.207116755,27752969,Luca Van Assche,Gakhov v Van Assche,60,2022-12-02 05:28:04.452,1.35,2022-12-02 14:55:00,
1.207116755,27752969,Luca Van Assche,Gakhov v Van Assche,70,2022-12-02 11:03:12.737,1.34,2022-12-02 14:55:00,
1.207116755,27752969,Luca Van Assche,Gakhov v Van Assche,80,2022-12-02 11:35:15.263,1.36,2022-12-02 14:55:00,
1.207116755,27752969,Luca Van Assche,Gakhov v Van Assche,90,2022-12-02 12:35:13.053,1.34,2022-12-02 14:55:00,
1.207116755,27752969,Luca Van Assche,Gakhov v Van Assche,100,2022-12-02 13:56:58.753,1.33,2022-12-02 14:53:00,
1.20711774,5548385,Alison Van Uytvanck,Bucsa v A Van Uytvanck,0,2022-12-01 21:08:28.449,1.58,2022-12-02 15:00:00,
1.20711774,5548385,Alison Van Uytvanck,Bucsa v A Van Uytvanck,10,2022-12-02 01:44:22.216,1.46,2022-12-02 15:00:00,
1.20711774,5548385,Alison Van Uytvanck,Bucsa v A Van Uytvanck,20,2022-12-02 12:02:57.508,1.45,2022-12-02 15:00:00,
1.20711774,5548385,Alison Van Uytvanck,Bucsa v A Van Uytvanck,30,2022-12-02 12:05:51.577,1.5,2022-12-02 15:00:00,
1.20711774,5548385,Alison Van Uytvanck,Bucsa v A Van Uytvanck,40,2022-12-02 14:04:44.487,1.48,2022-12-02 15:00:00,
1.20711774,5548385,Alison Van Uytvanck,Bucsa v A Van Uytvanck,50,2022-12-02 14:27:47.879,1.47,2022-12-02 15:00:00,
1.20711774,5548385,Alison Van Uytvanck,Bucsa v A Van Uytvanck,60,2022-12-02 14:44:59.184,1.45,2022-12-02 15:00:00,
1.20711774,5548385,Alison Van Uytvanck,Bucsa v A Van Uytvanck,70,2022-12-02 14:59:59.236,1.46,2022-12-02 15:15:00,
1.20711774,5548385,Alison Van Uytvanck,Bucsa v A Van Uytvanck,80,2022-12-02 15:10:01.495,1.46,2022-12-02 15:15:00,
1.20711774,5548385,Alison Van Uytvanck,Bucsa v A Van Uytvanck,90,2022-12-02 15:40:58.483,1.48,2022-12-02 15:45:00,
1.20711774,5548385,Alison Van Uytvanck,Bucsa v A Van Uytvanck,100,2022-12-02 16:49:58.537,1.51,2022-12-02 16:50:00,2022-12-02 16:49:58.537
1.20711774,9629258,Cristina Bucsa,Bucsa v A Van Uytvanck,0,2022-12-01 21:45:45.938,2.94,2022-12-02 15:00:00,
1.20711774,9629258,Cristina Bucsa,Bucsa v A Van Uytvanck,10,2022-12-02 04:54:50.294,3.2,2022-12-02 15:00:00,
1.20711774,9629258,Cristina Bucsa,Bucsa v A Van Uytvanck,20,2022-12-02 12:02:57.508,3.05,2022-12-02 15:00:00,
1.20711774,9629258,Cristina Bucsa,Bucsa v A Van Uytvanck,30,2022-12-02 12:08:54.649,3.05,2022-12-02 15:00:00,
1.20711774,9629258,Cristina Bucsa,Bucsa v A Van Uytvanck,40,2022-12-02 12:44:49.206,3.05,2022-12-02 15:00:00,
1.20711774,9629258,Cristina Bucsa,Bucsa v A Van Uytvanck,50,2022-12-02 14:13:54.653,3.05,2022-12-02 15:00:00,
1.20711774,9629258,Cristina Bucsa,Bucsa v A Van Uytvanck,60,2022-12-02 14:44:59.184,3.15,2022-12-02 15:00:00,
1.20711774,9629258,Cristina Bucsa,Bucsa v A Van Uytvanck,70,2022-12-02 14:55:47.924,3.15,2022-12-02 15:00:00,
1.20711774,9629258,Cristina Bucsa,Bucsa v A Van Uytvanck,80,2022-12-02 15:05:43.812,3.15,2022-12-02 15:15:00,
1.20711774,9629258,Cristina Bucsa,Bucsa v A Van Uytvanck,90,2022-12-02 15:40:58.483,3.05,2022-12-02 15:45:00,
1.20711774,9629258,Cristina Bucsa,Bucsa v A Van Uytvanck,100,2022-12-02 16:49:58.537,2.52,2022-12-02 16:50:00,2022-12-02 16:49:58.537
1.207118144,9633043,Nuno Borges,Borges v Bonadio,0,2022-12-01 23:03:35.993,1.36,2022-12-02 12:55:00,
1.207118144,9633043,Nuno Borges,Borges v Bonadio,10,2022-12-02 02:56:40.241,1.34,2022-12-02 12:55:00,
1.207118144,9633043,Nuno Borges,Borges v Bonadio,20,2022-12-02 06:12:11.234,1.33,2022-12-02 12:55:00,
1.207118144,9633043,Nuno Borges,Borges v Bonadio,30,2022-12-02 06:42:13.783,1.32,2022-12-02 12:55:00,
1.207118144,9633043,Nuno Borges,Borges v Bonadio,40,2022-12-02 11:00:06.614,1.3,2022-12-02 12:55:00,
1.207118144,9633043,Nuno Borges,Borges v Bonadio,50,2022-12-02 11:39:52.829,1.3,2022-12-02 12:55:00,
1.207118144,9633043,Nuno Borges,Borges v Bonadio,60,2022-12-02 11:43:01.002,1.29,2022-12-02 12:55:00,
1.207118144,9633043,Nuno Borges,Borges v Bonadio,70,2022-12-02 12:02:08.270,1.29,2022-12-02 12:55:00,
1.207118144,9633043,Nuno Borges,Borges v Bonadio,80,2022-12-02 12:21:14.372,1.33,2022-12-02 12:55:00,
1.207118144,9633043,Nuno Borges,Borges v Bonadio,90,2022-12-02 12:27:12.221,1.33,2022-12-02 12:55:00,
1.207118144,9633043,Nuno Borges,Borges v Bonadio,100,2022-12-02 12:54:03.842,1.33,2022-12-02 12:55:00,
1.207119142,7797896,Maximilian Neuchrist,Choinski v Neuchrist,0,2022-12-01 23:58:02.297,3.05,2022-12-02 12:00:00,
1.207119142,7797896,Maximilian Neuchrist,Choinski v Neuchrist,10,2022-12-02 03:10:00.814,3.25,2022-12-02 12:00:00,
1.207119142,7797896,Maximilian Neuchrist,Choinski v Neuchrist,20,2022-12-02 03:36:19.215,3.3,2022-12-02 12:00:00,
1.207119142,7797896,Maximilian Neuchrist,Choinski v Neuchrist,30,2022-12-02 07:08:43.001,3.25,2022-12-02 12:00:00,
1.207119142,7797896,Maximilian Neuchrist,Choinski v Neuchrist,40,2022-12-02 08:40:02.038,3.35,2022-12-02 12:00:00,
1.207119142,7797896,Maximilian Neuchrist,Choinski v Neuchrist,50,2022-12-02 09:41:04.794,3.3,2022-12-02 12:00:00,
1.207119142,7797896,Maximilian Neuchrist,Choinski v Neuchrist,60,2022-12-02 10:39:13.929,3.25,2022-12-02 12:00:00,
1.207119142,7797896,Maximilian Neuchrist,Choinski v Neuchrist,70,2022-12-02 11:40:13.746,3.3,2022-12-02 12:00:00,
1.207119142,7797896,Maximilian Neuchrist,Choinski v Neuchrist,80,2022-12-02 11:43:01.002,3.35,2022-12-02 12:00:00,
1.207119142,7797896,Maximilian Neuchrist,Choinski v Neuchrist,90,2022-12-02 11:44:04.587,3.3,2022-12-02 12:00:00,
1.207119142,7797896,Maximilian Neuchrist,Choinski v Neuchrist,100,2022-12-02 11:49:02.846,3.3,2022-12-02 12:00:00,
1.207119142,8679715,Jan Choinski,Choinski v Neuchrist,0,2022-12-01 21:47:02.078,1.52,2022-12-02 12:00:00,
1.207119142,8679715,Jan Choinski,Choinski v Neuchrist,10,2022-12-01 21:52:50.369,1.5,2022-12-02 12:00:00,
1.207119142,8679715,Jan Choinski,Choinski v Neuchrist,20,2022-12-02 00:34:00.619,1.47,2022-12-02 12:00:00,
1.207119142,8679715,Jan Choinski,Choinski v Neuchrist,30,2022-12-02 02:48:50.423,1.45,2022-12-02 12:00:00,
1.207119142,8679715,Jan Choinski,Choinski v Neuchrist,40,2022-12-02 02:55:30.024,1.45,2022-12-02 12:00:00,
1.207119142,8679715,Jan Choinski,Choinski v Neuchrist,50,2022-12-02 07:00:05.593,1.46,2022-12-02 12:00:00,
1.207119142,8679715,Jan Choinski,Choinski v Neuchrist,60,2022-12-02 07:07:57.414,1.44,2022-12-02 12:00:00,
1.207119142,8679715,Jan Choinski,Choinski v Neuchrist,70,2022-12-02 09:35:13.887,1.44,2022-12-02 12:00:00,
1.207119142,8679715,Jan Choinski,Choinski v Neuchrist,80,2022-12-02 10:02:40.140,1.43,2022-12-02 12:00:00,
1.207119142,8679715,Jan Choinski,Choinski v Neuchrist,90,2022-12-02 11:40:13.746,1.43,2022-12-02 12:00:00,
1.207119142,8679715,Jan Choinski,Choinski v Neuchrist,100,2022-12-02 11:55:06.019,1.41,2022-12-02 12:00:00,
1.207119194,8173632,Ana Konjuh,Konjuh v Wer Falkowska,0,2022-12-01 20:55:40.949,1.23,2022-12-02 12:00:00,
1.207119194,8173632,Ana Konjuh,Konjuh v Wer Falkowska,10,2022-12-01 23:46:15.975,1.2,2022-12-02 12:00:00,
1.207119194,8173632,Ana Konjuh,Konjuh v Wer Falkowska,20,2022-12-02 02:09:29.705,1.19,2022-12-02 12:00:00,
1.207119194,8173632,Ana Konjuh,Konjuh v Wer Falkowska,30,2022-12-02 06:43:24.552,1.15,2022-12-02 12:00:00,
1.207119194,8173632,Ana Konjuh,Konjuh v Wer Falkowska,40,2022-12-02 08:29:21.960,1.17,2022-12-02 12:00:00,
1.207119194,8173632,Ana Konjuh,Konjuh v Wer Falkowska,50,2022-12-02 09:37:58.156,1.16,2022-12-02 12:00:00,
1.207119194,8173632,Ana Konjuh,Konjuh v Wer Falkowska,60,2022-12-02 10:13:46.329,1.15,2022-12-02 12:00:00,
1.207119194,8173632,Ana Konjuh,Konjuh v Wer Falkowska,70,2022-12-02 10:37:29.736,1.17,2022-12-02 12:00:00,
1.207119194,8173632,Ana Konjuh,Konjuh v Wer Falkowska,80,2022-12-02 11:14:56.511,1.19,2022-12-02 12:00:00,
1.207119194,8173632,Ana Konjuh,Konjuh v Wer Falkowska,90,2022-12-02 11:45:58.744,1.18,2022-12-02 12:00:00,
1.207119194,8173632,Ana Konjuh,Konjuh v Wer Falkowska,100,2022-12-02 12:01:57.264,1.16,2022-12-02 12:05:00,
1.207119194,10992647,Weronika Falkowska,Konjuh v Wer Falkowska,0,2022-12-01 22:24:07.363,6.0,2022-12-02 12:00:00,
1.207119194,10992647,Weronika Falkowska,Konjuh v Wer Falkowska,10,2022-12-01 23:43:17.808,6.2,2022-12-02 12:00:00,
1.207119194,10992647,Weronika Falkowska,Konjuh v Wer Falkowska,20,2022-12-02 06:43:24.552,7.2,2022-12-02 12:00:00,
1.207119194,10992647,Weronika Falkowska,Konjuh v Wer Falkowska,30,2022-12-02 07:55:49.135,7.0,2022-12-02 12:00:00,
1.207119194,10992647,Weronika Falkowska,Konjuh v Wer Falkowska,40,2022-12-02 10:02:52.258,7.2,2022-12-02 12:00:00,
1.207119194,10992647,Weronika Falkowska,Konjuh v Wer Falkowska,50,2022-12-02 10:36:16.373,6.8,2022-12-02 12:00:00,
1.207119194,10992647,Weronika Falkowska,Konjuh v Wer Falkowska,60,2022-12-02 10:58:55.223,6.6,2022-12-02 12:00:00,
1.207119194,10992647,Weronika Falkowska,Konjuh v Wer Falkowska,70,2022-12-02 11:37:57.831,6.2,2022-12-02 12:00:00,
1.207119194,10992647,Weronika Falkowska,Konjuh v Wer Falkowska,80,2022-12-02 11:42:52.483,6.4,2022-12-02 12:00:00,
1.207119194,10992647,Weronika Falkowska,Konjuh v Wer Falkowska,90,2022-12-02 11:59:58.793,7.0,2022-12-02 12:05:00,
1.207119194,10992647,Weronika Falkowska,Konjuh v Wer Falkowska,100,2022-12-02 12:04:51.683,6.8,2022-12-02 12:05:00,
1.207120283,2386498,Shuai Zhang,S Zhang v Peterson,0,2022-12-02 01:59:00.200,1.73,2022-12-02 13:30:00,
1.207120283,2386498,Shuai Zhang,S Zhang v Peterson,10,2022-12-02 05:25:12.926,1.76,2022-12-02 13:30:00,
1.207120283,2386498,Shuai Zhang,S Zhang v Peterson,20,2022-12-02 07:01:55.728,1.76,2022-12-02 13:30:00,
1.207120283,2386498,Shuai Zhang,S Zhang v Peterson,30,2022-12-02 09:16:01.303,1.84,2022-12-02 13:30:00,
1.207120283,2386498,Shuai Zhang,S Zhang v Peterson,40,2022-12-02 10:55:31.373,1.82,2022-12-02 13:30:00,
1.207120283,2386498,Shuai Zhang,S Zhang v Peterson,50,2022-12-02 11:57:53.753,1.83,2022-12-02 13:30:00,
1.207120283,2386498,Shuai Zhang,S Zhang v Peterson,60,2022-12-02 12:42:40.063,1.79,2022-12-02 13:30:00,
1.207120283,2386498,Shuai Zhang,S Zhang v Peterson,70,2022-12-02 13:05:57.345,1.83,2022-12-02 13:30:00,
1.207120283,2386498,Shuai Zhang,S Zhang v Peterson,80,2022-12-02 13:22:46.635,1.83,2022-12-02 13:30:00,
1.207120283,2386498,Shuai Zhang,S Zhang v Peterson,90,2022-12-02 13:49:44.824,1.84,2022-12-02 14:00:00,
1.207120283,2386498,Shuai Zhang,S Zhang v Peterson,100,2022-12-02 14:09:25.906,1.79,2022-12-02 14:10:00,
1.207120283,7430598,Rebecca Peterson,S Zhang v Peterson,0,2022-12-01 22:57:22.668,2.42,2022-12-02 13:30:00,
1.207120283,7430598,Rebecca Peterson,S Zhang v Peterson,10,2022-12-01 23:07:56.312,2.38,2022-12-02 13:30:00,
1.207120283,7430598,Rebecca Peterson,S Zhang v Peterson,20,2022-12-02 01:59:12.837,2.32,2022-12-02 13:30:00,
1.207120283,7430598,Rebecca Peterson,S Zhang v Peterson,30,2022-12-02 05:28:00.032,2.3,2022-12-02 13:30:00,
1.207120283,7430598,Rebecca Peterson,S Zhang v Peterson,40,2022-12-02 08:02:59.884,2.26,2022-12-02 13:30:00,
1.207120283,7430598,Rebecca Peterson,S Zhang v Peterson,50,2022-12-02 11:22:00.468,2.22,2022-12-02 13:30:00,
1.207120283,7430598,Rebecca Peterson,S Zhang v Peterson,60,2022-12-02 12:30:49.628,2.3,2022-12-02 13:30:00,
1.207120283,7430598,Rebecca Peterson,S Zhang v Peterson,70,2022-12-02 13:04:51.250,2.18,2022-12-02 13:30:00,
1.207120283,7430598,Rebecca Peterson,S Zhang v Peterson,80,2022-12-02 13:18:00.535,2.18,2022-12-02 13:30:00,
1.207120283,7430598,Rebecca Peterson,S Zhang v Peterson,90,2022-12-02 13:24:56.307,2.22,2022-12-02 13:30:00,
1.207120283,7430598,Rebecca Peterson,S Zhang v Peterson,100,2022-12-02 14:09:25.906,2.26,2022-12-02 14:10:00,
1.207126956,9636471,B Bobrov,B Bobrov v S Roberts,0,2022-12-02 01:11:48.889,1.08,2022-12-02 06:30:00,
1.207126956,9636471,B Bobrov,B Bobrov v S Roberts,10,2022-12-02 01:17:24.991,1.06,2022-12-02 06:30:00,
1.207126956,9636471,B Bobrov,B Bobrov v S Roberts,20,2022-12-02 01:29:28.326,1.07,2022-12-02 06:30:00,
1.207126956,9636471,B Bobrov,B Bobrov v S Roberts,30,2022-12-02 01:31:47.277,1.05,2022-12-02 06:30:00,
1.207126956,9636471,B Bobrov,B Bobrov v S Roberts,40,2022-12-02 02:17:47.065,1.27,2022-12-02 06:30:00,
1.207126956,9636471,B Bobrov,B Bobrov v S Roberts,50,2022-12-02 05:06:19.357,1.32,2022-12-02 06:30:00,
1.207126956,9636471,B Bobrov,B Bobrov v S Roberts,60,2022-12-02 05:38:14.610,1.15,2022-12-02 06:30:00,
1.207126956,9636471,B Bobrov,B Bobrov v S Roberts,70,2022-12-02 05:39:28.072,1.01,2022-12-02 06:30:00,
1.207126956,9636471,B Bobrov,B Bobrov v S Roberts,80,2022-12-02 06:23:01.250,1.19,2022-12-02 06:30:00,
1.207126956,9636471,B Bobrov,B Bobrov v S Roberts,90,2022-12-02 06:28:20.367,1.29,2022-12-02 06:30:00,
1.207126956,9636471,B Bobrov,Bobrov v Sim Roberts,100,2022-12-02 06:33:34.265,1.04,2022-12-02 06:45:00,
1.207126957,17647009,B Atlangeriev,A Hodzic v B Atlangeriev,0,2022-12-02 05:51:44.296,1.75,2022-12-02 08:30:00,
1.207126957,17647009,B Atlangeriev,A Hodzic v B Atlangeriev,10,2022-12-02 05:55:07.601,1.07,2022-12-02 08:30:00,
1.207126957,17647009,B Atlangeriev,A Hodzic v B Atlangeriev,20,2022-12-02 05:57:13.973,1.08,2022-12-02 08:30:00,
1.207126957,17647009,B Atlangeriev,A Hodzic v B Atlangeriev,30,2022-12-02 05:59:17.965,1.76,2022-12-02 08:30:00,
1.207126957,17647009,B Atlangeriev,A Hodzic v B Atlangeriev,40,2022-12-02 06:01:49.694,1.77,2022-12-02 08:30:00,
1.207126957,17647009,B Atlangeriev,A Hodzic v B Atlangeriev,50,2022-12-02 06:03:32.447,1.82,2022-12-02 08:30:00,
1.207126957,17647009,B Atlangeriev,A Hodzic v B Atlangeriev,60,2022-12-02 06:08:28.276,7.2,2022-12-02 08:30:00,
1.207126957,17647009,B Atlangeriev,A Hodzic v B Atlangeriev,70,2022-12-02 06:13:24.680,2.8,2022-12-02 08:30:00,
1.207126957,17647009,B Atlangeriev,A Hodzic v B Atlangeriev,80,2022-12-02 06:14:20.473,2.66,2022-12-02 08:30:00,
1.207126957,17647009,B Atlangeriev,A Hodzic v B Atlangeriev,90,2022-12-02 06:17:33.475,1.66,2022-12-02 08:30:00,
1.207126957,17647009,B Atlangeriev,Ale Hodzic v Atlangeriev,100,2022-12-02 06:32:10.336,2.1,2022-12-02 08:45:00,
1.207126957,40576441,A Hodzic,A Hodzic v B Atlangeriev,0,2022-12-02 06:03:32.447,2.2,2022-12-02 08:30:00,
1.207126957,40576441,A Hodzic,A Hodzic v B Atlangeriev,10,2022-12-02 06:04:18.502,1.08,2022-12-02 08:30:00,
1.207126957,40576441,A Hodzic,A Hodzic v B Atlangeriev,20,2022-12-02 06:05:32.512,1.09,2022-12-02 08:30:00,
1.207126957,40576441,A Hodzic,A Hodzic v B Atlangeriev,30,2022-12-02 06:06:30.828,1.07,2022-12-02 08:30:00,
1.207126957,40576441,A Hodzic,A Hodzic v B Atlangeriev,40,2022-12-02 06:07:33.218,1.08,2022-12-02 08:30:00,
1.207126957,40576441,A Hodzic,A Hodzic v B Atlangeriev,50,2022-12-02 06:08:28.276,1.16,2022-12-02 08:30:00,
1.207126957,40576441,A Hodzic,A Hodzic v B Atlangeriev,60,2022-12-02 06:11:25.536,1.37,2022-12-02 08:30:00,
1.207126957,40576441,A Hodzic,A Hodzic v B Atlangeriev,70,2022-12-02 06:12:34.291,1.42,2022-12-02 08:30:00,
1.207126957,40576441,A Hodzic,A Hodzic v B Atlangeriev,80,2022-12-02 06:13:24.680,1.55,2022-12-02 08:30:00,
1.207126957,40576441,A Hodzic,A Hodzic v B Atlangeriev,90,2022-12-02 06:14:20.473,1.6,2022-12-02 08:30:00,
1.207126957,40576441,A Hodzic,Ale Hodzic v Atlangeriev,100,2022-12-02 06:32:10.336,1.9,2022-12-02 08:45:00,
1.207164851,4688724,Dusan Lajovic,Lajovic v Llamas Ruiz,0,2022-12-02 20:38:07.899,1.69,2022-12-03 12:00:00,
1.207164851,4688724,Dusan Lajovic,Lajovic v Llamas Ruiz,10,2022-12-03 04:00:55.074,1.61,2022-12-03 12:00:00,
1.207164851,4688724,Dusan Lajovic,Lajovic v Llamas Ruiz,20,2022-12-03 06:37:46.456,1.59,2022-12-03 12:00:00,
1.207164851,4688724,Dusan Lajovic,Lajovic v Llamas Ruiz,30,2022-12-03 07:58:07.224,1.6,2022-12-03 12:00:00,
1.207164851,4688724,Dusan Lajovic,Lajovic v Llamas Ruiz,40,2022-12-03 09:09:01.849,1.57,2022-12-03 12:00:00,
1.207164851,4688724,Dusan Lajovic,Lajovic v Llamas Ruiz,50,2022-12-03 10:15:12.400,1.57,2022-12-03 11:58:00,
1.207164851,4688724,Dusan Lajovic,Lajovic v Llamas Ruiz,60,2022-12-03 10:47:04.906,1.58,2022-12-03 11:58:00,
1.207164851,4688724,Dusan Lajovic,Lajovic v Llamas Ruiz,70,2022-12-03 11:16:49.234,1.58,2022-12-03 11:58:00,
1.207164851,4688724,Dusan Lajovic,Lajovic v Llamas Ruiz,80,2022-12-03 11:33:12.599,1.58,2022-12-03 11:58:00,
1.207164851,4688724,Dusan Lajovic,Lajovic v Llamas Ruiz,90,2022-12-03 11:40:41.173,1.58,2022-12-03 11:58:00,
1.207164851,4688724,Dusan Lajovic,Lajovic v Llamas Ruiz,100,2022-12-03 11:54:31.068,1.58,2022-12-03 11:58:00,
1.207164851,17980033,Pablo Llamas Ruiz,Lajovic v Llamas Ruiz,0,2022-12-02 20:38:07.899,2.44,2022-12-03 12:00:00,
1.207164851,17980033,Pablo Llamas Ruiz,Lajovic v Llamas Ruiz,10,2022-12-03 03:45:57.644,2.58,2022-12-03 12:00:00,
1.207164851,17980033,Pablo Llamas Ruiz,Lajovic v Llamas Ruiz,20,2022-12-03 07:03:08.925,2.6,2022-12-03 12:00:00,
1.207164851,17980033,Pablo Llamas Ruiz,Lajovic v Llamas Ruiz,30,2022-12-03 07:59:51.594,2.64,2022-12-03 12:00:00,
1.207164851,17980033,Pablo Llamas Ruiz,Lajovic v Llamas Ruiz,40,2022-12-03 09:07:00.274,2.72,2022-12-03 12:00:00,
1.207164851,17980033,Pablo Llamas Ruiz,Lajovic v Llamas Ruiz,50,2022-12-03 09:57:36.783,2.74,2022-12-03 12:00:00,
1.207164851,17980033,Pablo Llamas Ruiz,Lajovic v Llamas Ruiz,60,2022-12-03 10:15:12.400,2.74,2022-12-03 11:58:00,
1.207164851,17980033,Pablo Llamas Ruiz,Lajovic v Llamas Ruiz,70,2022-12-03 11:10:15.855,2.68,2022-12-03 11:58:00,
1.207164851,17980033,Pablo Llamas Ruiz,Lajovic v Llamas Ruiz,80,2022-12-03 11:33:38.545,2.7,2022-12-03 11:58:00,
1.207164851,17980033,Pablo Llamas Ruiz,Lajovic v Llamas Ruiz,90,2022-12-03 11:36:49.121,2.68,2022-12-03 11:58:00,
1.207164851,17980033,Pablo Llamas Ruiz,Lajovic v Llamas Ruiz,100,2022-12-03 11:51:11.343,2.74,2022-12-03 11:58:00,
1.207165203,4903593,Steven Diez,Roca Batalla v Diez,0,2022-12-03 00:10:06.982,2.24,2022-12-03 10:00:00,
1.207165203,4903593,Steven Diez,Roca Batalla v Diez,10,2022-12-03 04:56:57.043,2.26,2022-12-03 10:00:00,
1.207165203,4903593,Steven Diez,Roca Batalla v Diez,20,2022-12-03 06:36:56.912,2.26,2022-12-03 10:00:00,
1.207165203,4903593,Steven Diez,Roca Batalla v Diez,30,2022-12-03 06:48:22.669,2.24,2022-12-03 10:00:00,
1.207165203,4903593,Steven Diez,Roca Batalla v Diez,40,2022-12-03 06:51:46.926,2.3,2022-12-03 10:00:00,
1.207165203,4903593,Steven Diez,Roca Batalla v Diez,50,2022-12-03 07:45:43.326,2.36,2022-12-03 10:00:00,
1.207165203,4903593,Steven Diez,Roca Batalla v Diez,60,2022-12-03 09:14:08.346,2.38,2022-12-03 10:00:00,
1.207165203,4903593,Steven Diez,Roca Batalla v Diez,70,2022-12-03 09:36:05.469,2.32,2022-12-03 10:00:00,
1.207165203,4903593,Steven Diez,Roca Batalla v Diez,80,2022-12-03 09:51:02.085,2.4,2022-12-03 10:00:00,
1.207165203,4903593,Steven Diez,Roca Batalla v Diez,90,2022-12-03 09:54:58.983,2.36,2022-12-03 10:00:00,
1.207165203,4903593,Steven Diez,Roca Batalla v Diez,100,2022-12-03 09:57:57.728,2.34,2022-12-03 10:00:00,
1.207165203,7216519,Oriol Roca Batalla,Roca Batalla v Diez,0,2022-12-03 00:06:08.932,1.72,2022-12-03 10:00:00,
1.207165203,7216519,Oriol Roca Batalla,Roca Batalla v Diez,10,2022-12-03 04:56:57.043,1.79,2022-12-03 10:00:00,
1.207165203,7216519,Oriol Roca Batalla,Roca Batalla v Diez,20,2022-12-03 06:42:47.484,1.77,2022-12-03 10:00:00,
1.207165203,7216519,Oriol Roca Batalla,Roca Batalla v Diez,30,2022-12-03 06:50:45.315,1.77,2022-12-03 10:00:00,
1.207165203,7216519,Oriol Roca Batalla,Roca Batalla v Diez,40,2022-12-03 07:45:43.326,1.73,2022-12-03 10:00:00,
1.207165203,7216519,Oriol Roca Batalla,Roca Batalla v Diez,50,2022-12-03 08:40:02.165,1.73,2022-12-03 10:00:00,
1.207165203,7216519,Oriol Roca Batalla,Roca Batalla v Diez,60,2022-12-03 09:28:38.199,1.71,2022-12-03 10:00:00,
1.207165203,7216519,Oriol Roca Batalla,Roca Batalla v Diez,70,2022-12-03 09:36:50.296,1.74,2022-12-03 10:00:00,
1.207165203,7216519,Oriol Roca Batalla,Roca Batalla v Diez,80,2022-12-03 09:45:47.550,1.77,2022-12-03 10:00:00,
1.207165203,7216519,Oriol Roca Batalla,Roca Batalla v Diez,90,2022-12-03 09:49:57.692,1.71,2022-12-03 10:00:00,
1.207165203,7216519,Oriol Roca Batalla,Roca Batalla v Diez,100,2022-12-03 09:56:58.149,1.73,2022-12-03 10:00:00,
1.207167054,7797896,Maximilian Neuchrist,Borges v Neuchrist,0,2022-12-02 20:40:24.522,3.05,2022-12-03 11:00:00,
1.207167054,7797896,Maximilian Neuchrist,Borges v Neuchrist,10,2022-12-02 20:41:57.527,3.5,2022-12-03 11:00:00,
1.207167054,7797896,Maximilian Neuchrist,Borges v Neuchrist,20,2022-12-02 21:56:27.939,4.8,2022-12-03 11:00:00,
1.207167054,7797896,Maximilian Neuchrist,Borges v Neuchrist,30,2022-12-02 22:40:01.229,5.6,2022-12-03 11:00:00,
1.207167054,7797896,Maximilian Neuchrist,Borges v Neuchrist,40,2022-12-03 03:55:23.486,5.2,2022-12-03 11:00:00,
1.207167054,7797896,Maximilian Neuchrist,Borges v Neuchrist,50,2022-12-03 05:06:57.864,5.0,2022-12-03 11:00:00,
1.207167054,7797896,Maximilian Neuchrist,Borges v Neuchrist,60,2022-12-03 09:13:28.154,5.3,2022-12-03 11:00:00,
1.207167054,7797896,Maximilian Neuchrist,Borges v Neuchrist,70,2022-12-03 09:52:21.264,5.2,2022-12-03 11:00:00,
1.207167054,7797896,Maximilian Neuchrist,Borges v Neuchrist,80,2022-12-03 10:34:01.160,5.2,2022-12-03 11:00:00,
1.207167054,7797896,Maximilian Neuchrist,Borges v Neuchrist,90,2022-12-03 10:40:28.141,5.3,2022-12-03 11:00:00,
1.207167054,7797896,Maximilian Neuchrist,Borges v Neuchrist,100,2022-12-03 10:46:01.163,5.3,2022-12-03 11:00:00,
1.207167054,9633043,Nuno Borges,Borges v Neuchrist,0,2022-12-02 16:57:23.094,1.5,2022-12-03 09:00:00,
1.207167054,9633043,Nuno Borges,Borges v Neuchrist,10,2022-12-02 20:41:57.527,1.4,2022-12-03 11:00:00,
1.207167054,9633043,Nuno Borges,Borges v Neuchrist,20,2022-12-02 21:13:15.777,1.22,2022-12-03 11:00:00,
1.207167054,9633043,Nuno Borges,Borges v Neuchrist,30,2022-12-03 03:46:22.754,1.24,2022-12-03 11:00:00,
1.207167054,9633043,Nuno Borges,Borges v Neuchrist,40,2022-12-03 07:40:10.994,1.25,2022-12-03 11:00:00,
1.207167054,9633043,Nuno Borges,Borges v Neuchrist,50,2022-12-03 08:51:12.623,1.23,2022-12-03 11:00:00,
1.207167054,9633043,Nuno Borges,Borges v Neuchrist,60,2022-12-03 09:15:44.478,1.23,2022-12-03 11:00:00,
1.207167054,9633043,Nuno Borges,Borges v Neuchrist,70,2022-12-03 09:34:33.065,1.23,2022-12-03 11:00:00,
1.207167054,9633043,Nuno Borges,Borges v Neuchrist,80,2022-12-03 09:52:21.264,1.24,2022-12-03 11:00:00,
1.207167054,9633043,Nuno Borges,Borges v Neuchrist,90,2022-12-03 10:12:18.647,1.24,2022-12-03 11:00:00,
1.207167054,9633043,Nuno Borges,Borges v Neuchrist,100,2022-12-03 10:37:28.863,1.23,2022-12-03 11:00:00,
1.207168205,7430598,Rebecca Peterson,Peterson v Konjuh,0,2022-12-02 17:08:40.753,1.5,2022-12-03 00:00:00,
1.207168205,7430598,Rebecca Peterson,Peterson v Konjuh,10,2022-12-02 21:39:36.666,1.62,2022-12-03 00:00:00,
1.207168205,7430598,Rebecca Peterson,Peterson v Konjuh,20,2022-12-03 04:56:56.684,1.81,2022-12-03 16:30:00,
1.207168205,7430598,Rebecca Peterson,Peterson v Konjuh,30,2022-12-03 09:45:44.602,1.76,2022-12-03 16:30:00,
1.207168205,7430598,Rebecca Peterson,Peterson v Konjuh,40,2022-12-03 11:26:11.210,1.86,2022-12-03 16:30:00,
1.207168205,7430598,Rebecca Peterson,Peterson v Konjuh,50,2022-12-03 12:47:32.113,1.8,2022-12-03 16:30:00,
1.207168205,7430598,Rebecca Peterson,Peterson v Konjuh,60,2022-12-03 14:33:49.097,1.7,2022-12-03 16:30:00,
1.207168205,7430598,Rebecca Peterson,Peterson v Konjuh,70,2022-12-03 16:02:40.287,1.74,2022-12-03 16:30:00,
1.207168205,7430598,Rebecca Peterson,Peterson v Konjuh,80,2022-12-03 16:21:56.303,1.77,2022-12-03 16:30:00,
1.207168205,7430598,Rebecca Peterson,Peterson v Konjuh,90,2022-12-03 16:30:56.741,1.74,2022-12-03 16:40:00,
1.207168205,7430598,Rebecca Peterson,Peterson v Konjuh,100,2022-12-03 16:39:56.612,1.73,2022-12-03 16:40:00,2022-12-03 16:34:56.577
1.207168205,8173632,Ana Konjuh,Peterson v Konjuh,0,2022-12-02 21:26:42.591,2.22,2022-12-03 00:00:00,
1.207168205,8173632,Ana Konjuh,Peterson v Konjuh,10,2022-12-02 22:53:36.386,2.18,2022-12-03 16:30:00,
1.207168205,8173632,Ana Konjuh,Peterson v Konjuh,20,2022-12-03 09:27:39.402,2.34,2022-12-03 16:30:00,
1.207168205,8173632,Ana Konjuh,Peterson v Konjuh,30,2022-12-03 11:34:39.565,2.12,2022-12-03 16:30:00,
1.207168205,8173632,Ana Konjuh,Peterson v Konjuh,40,2022-12-03 12:48:39.226,2.14,2022-12-03 16:30:00,
1.207168205,8173632,Ana Konjuh,Peterson v Konjuh,50,2022-12-03 15:30:39.790,2.32,2022-12-03 16:30:00,
1.207168205,8173632,Ana Konjuh,Peterson v Konjuh,60,2022-12-03 16:14:46.113,2.3,2022-12-03 16:30:00,
1.207168205,8173632,Ana Konjuh,Peterson v Konjuh,70,2022-12-03 16:19:45.131,2.3,2022-12-03 16:30:00,
1.207168205,8173632,Ana Konjuh,Peterson v Konjuh,80,2022-12-03 16:26:55.488,2.4,2022-12-03 16:30:00,
1.207168205,8173632,Ana Konjuh,Peterson v Konjuh,90,2022-12-03 16:32:54.003,2.4,2022-12-03 16:40:00,
1.207168205,8173632,Ana Konjuh,Peterson v Konjuh,100,2022-12-03 16:39:56.612,2.16,2022-12-03 16:40:00,2022-12-03 16:34:56.577
1.207169677,8979695,Aleksandar Vukic,Van Assche v Vukic,0,2022-12-02 19:45:54.323,2.22,2022-12-03 13:00:00,
1.207169677,8979695,Aleksandar Vukic,Van Assche v Vukic,10,2022-12-03 02:40:04.627,2.8,2022-12-03 13:00:00,
1.207169677,8979695,Aleksandar Vukic,Van Assche v Vukic,20,2022-12-03 10:35:14.161,2.84,2022-12-03 13:00:00,
1.207169677,8979695,Aleksandar Vukic,Van Assche v Vukic,30,2022-12-03 11:39:12.704,2.74,2022-12-03 12:46:00,
1.207169677,8979695,Aleksandar Vukic,Van Assche v Vukic,40,2022-12-03 11:49:07.539,2.74,2022-12-03 12:46:00,
1.207169677,8979695,Aleksandar Vukic,Van Assche v Vukic,50,2022-12-03 12:21:56.491,2.8,2022-12-03 12:46:00,
1.207169677,8979695,Aleksandar Vukic,Van Assche v Vukic,60,2022-12-03 12:29:08.621,2.74,2022-12-03 12:46:00,
1.207169677,8979695,Aleksandar Vukic,Van Assche v Vukic,70,2022-12-03 12:44:02.340,2.74,2022-12-03 12:46:00,
1.207169677,8979695,Aleksandar Vukic,Van Assche v Vukic,80,2022-12-03 12:53:09.230,2.74,2022-12-03 13:01:00,
1.207169677,8979695,Aleksandar Vukic,Van Assche v Vukic,90,2022-12-03 13:09:57.108,2.76,2022-12-03 13:16:00,
1.207169677,8979695,Aleksandar Vukic,Van Assche v Vukic,100,2022-12-03 13:56:06.378,3.2,2022-12-03 14:01:00,
1.207169677,27752969,Luca Van Assche,Van Assche v Vukic,0,2022-12-02 20:40:08.293,1.6,2022-12-03 13:00:00,
1.207169677,27752969,Luca Van Assche,Van Assche v Vukic,10,2022-12-03 01:42:14.707,1.57,2022-12-03 13:00:00,
1.207169677,27752969,Luca Van Assche,Van Assche v Vukic,20,2022-12-03 02:40:04.627,1.56,2022-12-03 13:00:00,
1.207169677,27752969,Luca Van Assche,Van Assche v Vukic,30,2022-12-03 10:31:27.514,1.53,2022-12-03 13:00:00,
1.207169677,27752969,Luca Van Assche,Van Assche v Vukic,40,2022-12-03 11:47:13.178,1.57,2022-12-03 12:46:00,
1.207169677,27752969,Luca Van Assche,Van Assche v Vukic,50,2022-12-03 12:21:56.491,1.54,2022-12-03 12:46:00,
1.207169677,27752969,Luca Van Assche,Van Assche v Vukic,60,2022-12-03 12:32:07.208,1.57,2022-12-03 12:46:00,
1.207169677,27752969,Luca Van Assche,Van Assche v Vukic,70,2022-12-03 12:52:14.535,1.55,2022-12-03 13:01:00,
1.207169677,27752969,Luca Van Assche,Van Assche v Vukic,80,2022-12-03 13:00:54.553,1.58,2022-12-03 13:01:00,
1.207169677,27752969,Luca Van Assche,Van Assche v Vukic,90,2022-12-03 13:43:14.799,1.47,2022-12-03 13:46:00,
1.207169677,27752969,Luca Van Assche,Van Assche v Vukic,100,2022-12-03 13:56:06.378,1.46,2022-12-03 14:01:00,
1.207172579,26959399,Borges/Cabral,Borges/Cabral v Cash/Patten,0,2022-12-03 08:31:27.463,1.78,2022-12-03 15:00:00,
1.207172579,26959399,Borges/Cabral,Borges/Cabral v Cash/Patten,10,2022-12-03 08:38:56.469,1.9,2022-12-03 15:00:00,
1.207172579,26959399,Borges/Cabral,Borges/Cabral v Cash/Patten,20,2022-12-03 08:40:52.174,1.9,2022-12-03 15:00:00,
1.207172579,26959399,Borges/Cabral,Borges/Cabral v Cash/Patten,30,2022-12-03 10:45:25.564,1.91,2022-12-03 15:00:00,
1.207172579,26959399,Borges/Cabral,Borges/Cabral v Cash/Patten,40,2022-12-03 13:22:47.126,2.04,2022-12-03 15:31:00,
1.207172579,26959399,Borges/Cabral,Borges/Cabral v Cash/Patten,50,2022-12-03 14:00:14.978,2.36,2022-12-03 15:57:00,
1.207172579,26959399,Borges/Cabral,Borges/Cabral v Cash/Patten,60,2022-12-03 14:17:05.807,2.02,2022-12-03 15:30:00,
1.207172579,26959399,Borges/Cabral,Borges/Cabral v Cash/Patten,70,2022-12-03 15:18:55.364,1.93,2022-12-03 15:30:00,
1.207172579,26959399,Borges/Cabral,Borges/Cabral v Cash/Patten,80,2022-12-03 15:32:56.544,2.04,2022-12-03 15:45:00,
1.207172579,26959399,Borges/Cabral,Borges/Cabral v Cash/Patten,90,2022-12-03 15:59:32.125,2.28,2022-12-03 16:00:00,
1.207172579,26959399,Borges/Cabral,Borges/Cabral v Cash/Patten,100,2022-12-03 16:07:54.083,1.93,2022-12-03 16:15:00,
1.207172579,45477790,Cash/Patten,Borges/Cabral v Cash/Patten,0,2022-12-02 21:54:25.669,2.1,2022-12-03 15:00:00,
1.207172579,45477790,Cash/Patten,Borges/Cabral v Cash/Patten,10,2022-12-03 08:31:27.463,2.28,2022-12-03 15:00:00,
1.207172579,45477790,Cash/Patten,Borges/Cabral v Cash/Patten,20,2022-12-03 08:41:45.627,2.0,2022-12-03 15:00:00,
1.207172579,45477790,Cash/Patten,Borges/Cabral v Cash/Patten,30,2022-12-03 10:45:25.564,2.1,2022-12-03 15:00:00,
1.207172579,45477790,Cash/Patten,Borges/Cabral v Cash/Patten,40,2022-12-03 14:00:06.696,1.73,2022-12-03 15:57:00,
1.207172579,45477790,Cash/Patten,Borges/Cabral v Cash/Patten,50,2022-12-03 14:48:29.326,1.73,2022-12-03 15:30:00,
1.207172579,45477790,Cash/Patten,Borges/Cabral v Cash/Patten,60,2022-12-03 15:02:06.640,1.88,2022-12-03 15:30:00,
1.207172579,45477790,Cash/Patten,Borges/Cabral v Cash/Patten,70,2022-12-03 15:17:06.612,1.83,2022-12-03 15:30:00,
1.207172579,45477790,Cash/Patten,Borges/Cabral v Cash/Patten,80,2022-12-03 15:32:06.422,1.83,2022-12-03 15:45:00,
1.207172579,45477790,Cash/Patten,Borges/Cabral v Cash/Patten,90,2022-12-03 15:47:43.809,1.97,2022-12-03 16:00:00,
1.207172579,45477790,Cash/Patten,Borges/Cabral v Cash/Patten,100,2022-12-03 16:14:04.765,1.83,2022-12-03 16:15:00,
1.20717745,9629258,Cristina Bucsa,Aly Parks v Bucsa,0,2022-12-03 02:00:51.071,2.68,2022-12-03 15:00:00,
1.20717745,9629258,Cristina Bucsa,Aly Parks v Bucsa,10,2022-12-03 03:04:28.023,2.72,2022-12-03 15:00:00,
1.20717745,9629258,Cristina Bucsa,Aly Parks v Bucsa,20,2022-12-03 07:01:26.169,2.44,2022-12-03 15:00:00,
1.20717745,9629258,Cristina Bucsa,Aly Parks v Bucsa,30,2022-12-03 09:17:40.531,2.38,2022-12-03 15:00:00,
1.20717745,9629258,Cristina Bucsa,Aly Parks v Bucsa,40,2022-12-03 10:43:33.125,2.36,2022-12-03 15:00:00,
1.20717745,9629258,Cristina Bucsa,Aly Parks v Bucsa,50,2022-12-03 12:02:49.616,2.24,2022-12-03 15:00:00,
1.20717745,9629258,Cristina Bucsa,Aly Parks v Bucsa,60,2022-12-03 13:18:49.296,2.16,2022-12-03 15:00:00,
1.20717745,9629258,Cristina Bucsa,Aly Parks v Bucsa,70,2022-12-03 14:15:50.576,2.12,2022-12-03 15:00:00,
1.20717745,9629258,Cristina Bucsa,Aly Parks v Bucsa,80,2022-12-03 14:37:50.794,2.06,2022-12-03 15:00:00,
1.20717745,9629258,Cristina Bucsa,Aly Parks v Bucsa,90,2022-12-03 15:00:51.750,2.0,2022-12-03 15:10:00,
1.20717745,9629258,Cristina Bucsa,Aly Parks v Bucsa,100,2022-12-03 15:09:52.879,2.28,2022-12-03 15:10:00,2022-12-03 15:07:52.697
1.20717745,11233227,Alycia Parks,Aly Parks v Bucsa,0,2022-12-03 01:49:17.269,1.61,2022-12-03 15:00:00,
1.20717745,11233227,Alycia Parks,Aly Parks v Bucsa,10,2022-12-03 03:35:35.774,1.59,2022-12-03 15:00:00,
1.20717745,11233227,Alycia Parks,Aly Parks v Bucsa,20,2022-12-03 07:47:37.202,1.7,2022-12-03 15:00:00,
1.20717745,11233227,Alycia Parks,Aly Parks v Bucsa,30,2022-12-03 10:39:01.304,1.74,2022-12-03 15:00:00,
1.20717745,11233227,Alycia Parks,Aly Parks v Bucsa,40,2022-12-03 12:03:36.381,1.79,2022-12-03 15:00:00,
1.20717745,11233227,Alycia Parks,Aly Parks v Bucsa,50,2022-12-03 13:26:46.613,1.83,2022-12-03 15:00:00,
1.20717745,11233227,Alycia Parks,Aly Parks v Bucsa,60,2022-12-03 14:05:40.175,1.9,2022-12-03 15:00:00,
1.20717745,11233227,Alycia Parks,Aly Parks v Bucsa,70,2022-12-03 14:27:42.674,1.88,2022-12-03 15:00:00,
1.20717745,11233227,Alycia Parks,Aly Parks v Bucsa,80,2022-12-03 14:51:35.607,1.96,2022-12-03 15:00:00,
1.20717745,11233227,Alycia Parks,Aly Parks v Bucsa,90,2022-12-03 15:00:51.750,1.96,2022-12-03 15:10:00,
1.20717745,11233227,Alycia Parks,Aly Parks v Bucsa,100,2022-12-03 15:09:52.879,1.79,2022-12-03 15:10:00,2022-12-03 15:07:52.697
1.207208113,4688724,Dusan Lajovic,Lajovic v Diez,0,2022-12-03 23:49:23.751,1.3,2022-12-04 11:00:00,
1.207208113,4688724,Dusan Lajovic,Lajovic v Diez,10,2022-12-04 03:23:38.832,1.21,2022-12-04 11:00:00,
1.207208113,4688724,Dusan Lajovic,Lajovic v Diez,20,2022-12-04 08:08:44.822,1.22,2022-12-04 11:00:00,
1.207208113,4688724,Dusan Lajovic,Lajovic v Diez,30,2022-12-04 08:52:31.067,1.22,2022-12-04 11:00:00,
1.207208113,4688724,Dusan Lajovic,Lajovic v Diez,40,2022-12-04 09:12:08.771,1.22,2022-12-04 11:00:00,
1.207208113,4688724,Dusan Lajovic,Lajovic v Diez,50,2022-12-04 09:33:00.197,1.22,2022-12-04 11:00:00,
1.207208113,4688724,Dusan Lajovic,Lajovic v Diez,60,2022-12-04 10:02:42.929,1.23,2022-12-04 11:00:00,
1.207208113,4688724,Dusan Lajovic,Lajovic v Diez,70,2022-12-04 10:25:50.995,1.23,2022-12-04 11:00:00,
1.207208113,4688724,Dusan Lajovic,Lajovic v Diez,80,2022-12-04 10:30:02.098,1.23,2022-12-04 11:00:00,
1.207208113,4688724,Dusan Lajovic,Lajovic v Diez,90,2022-12-04 10:46:00.896,1.23,2022-12-04 11:00:00,
1.207208113,4688724,Dusan Lajovic,Lajovic v Diez,100,2022-12-04 10:56:00.736,1.24,2022-12-04 11:00:00,
1.207208113,4903593,Steven Diez,Lajovic v Diez,0,2022-12-04 01:44:50.196,4.7,2022-12-04 11:00:00,
1.207208113,4903593,Steven Diez,Lajovic v Diez,10,2022-12-04 03:22:26.057,5.0,2022-12-04 11:00:00,
1.207208113,4903593,Steven Diez,Lajovic v Diez,20,2022-12-04 03:23:38.832,5.8,2022-12-04 11:00:00,
1.207208113,4903593,Steven Diez,Lajovic v Diez,30,2022-12-04 08:17:09.742,5.6,2022-12-04 11:00:00,
1.207208113,4903593,Steven Diez,Lajovic v Diez,40,2022-12-04 08:35:05.818,5.4,2022-12-04 11:00:00,
1.207208113,4903593,Steven Diez,Lajovic v Diez,50,2022-12-04 09:43:02.017,5.6,2022-12-04 11:00:00,
1.207208113,4903593,Steven Diez,Lajovic v Diez,60,2022-12-04 10:02:42.929,5.5,2022-12-04 11:00:00,
1.207208113,4903593,Steven Diez,Lajovic v Diez,70,2022-12-04 10:25:50.995,5.4,2022-12-04 11:00:00,
1.207208113,4903593,Steven Diez,Lajovic v Diez,80,2022-12-04 10:29:02.810,5.2,2022-12-04 11:00:00,
1.207208113,4903593,Steven Diez,Lajovic v Diez,90,2022-12-04 10:44:58.505,5.1,2022-12-04 11:00:00,
1.207208113,4903593,Steven Diez,Lajovic v Diez,100,2022-12-04 10:55:07.836,5.0,2022-12-04 11:00:00,
1.207211864,7797896,Maximilian Neuchrist,Neuchrist v Van Assche,0,2022-12-04 00:40:08.219,2.96,2022-12-04 13:00:00,
1.207211864,7797896,Maximilian Neuchrist,Neuchrist v Van Assche,10,2022-12-04 07:03:50.116,4.5,2022-12-04 13:00:00,
1.207211864,7797896,Maximilian Neuchrist,Neuchrist v Van Assche,20,2022-12-04 07:56:01.777,4.3,2022-12-04 13:00:00,
1.207211864,7797896,Maximilian Neuchrist,Neuchrist v Van Assche,30,2022-12-04 10:13:09.320,4.4,2022-12-04 13:00:00,
1.207211864,7797896,Maximilian Neuchrist,Neuchrist v Van Assche,40,2022-12-04 10:22:13.660,4.3,2022-12-04 13:00:00,
1.207211864,7797896,Maximilian Neuchrist,Neuchrist v Van Assche,50,2022-12-04 10:25:11.918,4.4,2022-12-04 13:00:00,
1.207211864,7797896,Maximilian Neuchrist,Neuchrist v Van Assche,60,2022-12-04 10:38:59.763,4.5,2022-12-04 13:00:00,
1.207211864,7797896,Maximilian Neuchrist,Neuchrist v Van Assche,70,2022-12-04 11:21:08.399,4.8,2022-12-04 13:00:00,
1.207211864,7797896,Maximilian Neuchrist,Neuchrist v Van Assche,80,2022-12-04 12:03:14.722,4.3,2022-12-04 13:00:00,
1.207211864,7797896,Maximilian Neuchrist,Neuchrist v Van Assche,90,2022-12-04 12:22:03.775,4.3,2022-12-04 13:00:00,
1.207211864,7797896,Maximilian Neuchrist,Neuchrist v Van Assche,100,2022-12-04 12:48:52.046,4.4,2022-12-04 13:00:00,
1.207211864,27752969,Luca Van Assche,Neuchrist v Van Assche,0,2022-12-03 23:52:09.978,1.21,2022-12-04 13:00:00,
1.207211864,27752969,Luca Van Assche,Neuchrist v Van Assche,10,2022-12-04 01:01:15.121,1.33,2022-12-04 13:00:00,
1.207211864,27752969,Luca Van Assche,Neuchrist v Van Assche,20,2022-12-04 06:38:03.039,1.26,2022-12-04 13:00:00,
1.207211864,27752969,Luca Van Assche,Neuchrist v Van Assche,30,2022-12-04 09:52:50.170,1.27,2022-12-04 13:00:00,
1.207211864,27752969,Luca Van Assche,Neuchrist v Van Assche,40,2022-12-04 10:23:54.088,1.28,2022-12-04 13:00:00,
1.207211864,27752969,Luca Van Assche,Neuchrist v Van Assche,50,2022-12-04 11:11:36.551,1.29,2022-12-04 13:00:00,
1.207211864,27752969,Luca Van Assche,Neuchrist v Van Assche,60,2022-12-04 11:21:50.541,1.29,2022-12-04 13:00:00,
1.207211864,27752969,Luca Van Assche,Neuchrist v Van Assche,70,2022-12-04 12:03:14.722,1.28,2022-12-04 13:00:00,
1.207211864,27752969,Luca Van Assche,Neuchrist v Van Assche,80,2022-12-04 12:13:12.916,1.31,2022-12-04 13:00:00,
1.207211864,27752969,Luca Van Assche,Neuchrist v Van Assche,90,2022-12-04 12:29:13.964,1.29,2022-12-04 13:00:00,
1.207211864,27752969,Luca Van Assche,Neuchrist v Van Assche,100,2022-12-04 12:45:58.181,1.28,2022-12-04 13:00:00,
1.207217481,9626819,Georgina Garcia Perez,Kempen v Garcia Perez,0,2022-12-04 09:19:39.193,2.56,2022-12-04 12:00:00,
1.207217481,9626819,Georgina Garcia Perez,Kempen v Garcia Perez,10,2022-12-04 11:00:38.025,2.74,2022-12-04 12:00:00,
1.207217481,9626819,Georgina Garcia Perez,Kempen v Garcia Perez,20,2022-12-04 11:01:30.307,2.92,2022-12-04 12:00:00,
1.207217481,9626819,Georgina Garcia Perez,Kempen v Garcia Perez,30,2022-12-04 11:24:38.112,2.74,2022-12-04 12:00:00,
1.207217481,9626819,Georgina Garcia Perez,Kempen v Garcia Perez,40,2022-12-04 11:29:40.069,2.68,2022-12-04 12:00:00,
1.207217481,9626819,Georgina Garcia Perez,Kempen v Garcia Perez,50,2022-12-04 11:44:50.481,2.66,2022-12-04 12:00:00,
1.207217481,9626819,Georgina Garcia Perez,Kempen v Garcia Perez,60,2022-12-04 12:04:50.322,2.8,2022-12-04 12:10:00,
1.207217481,9626819,Georgina Garcia Perez,Kempen v Garcia Perez,70,2022-12-04 12:05:41.996,2.92,2022-12-04 12:10:00,
1.207217481,9626819,Georgina Garcia Perez,Kempen v Garcia Perez,80,2022-12-04 12:07:50.365,2.66,2022-12-04 12:10:00,2022-12-04 12:07:50.365
1.207217481,9626819,Georgina Garcia Perez,Kempen v Garcia Perez,90,2022-12-04 12:08:49.376,2.46,2022-12-04 12:10:00,2022-12-04 12:07:50.365
1.207217481,9626819,Georgina Garcia Perez,Kempen v Garcia Perez,100,2022-12-04 12:09:49.377,2.42,2022-12-04 12:10:00,2022-12-04 12:07:50.365
1.207217481,9630115,Magali Kempen,Kempen v Garcia Perez,0,2022-12-04 09:19:39.193,1.64,2022-12-04 12:00:00,
1.207217481,9630115,Magali Kempen,Kempen v Garcia Perez,10,2022-12-04 09:52:24.548,1.65,2022-12-04 12:00:00,
1.207217481,9630115,Magali Kempen,Kempen v Garcia Perez,20,2022-12-04 11:00:38.025,1.52,2022-12-04 12:00:00,
1.207217481,9630115,Magali Kempen,Kempen v Garcia Perez,30,2022-12-04 11:07:33.492,1.52,2022-12-04 12:00:00,
1.207217481,9630115,Magali Kempen,Kempen v Garcia Perez,40,2022-12-04 11:20:41.385,1.52,2022-12-04 12:00:00,
1.207217481,9630115,Magali Kempen,Kempen v Garcia Perez,50,2022-12-04 11:29:40.069,1.6,2022-12-04 12:00:00,
1.207217481,9630115,Magali Kempen,Kempen v Garcia Perez,60,2022-12-04 11:35:49.634,1.53,2022-12-04 12:00:00,
1.207217481,9630115,Magali Kempen,Kempen v Garcia Perez,70,2022-12-04 11:45:40.773,1.58,2022-12-04 12:00:00,
1.207217481,9630115,Magali Kempen,Kempen v Garcia Perez,80,2022-12-04 12:04:50.322,1.54,2022-12-04 12:10:00,
1.207217481,9630115,Magali Kempen,Kempen v Garcia Perez,90,2022-12-04 12:07:50.365,1.6,2022-12-04 12:10:00,2022-12-04 12:07:50.365
1.207217481,9630115,Magali Kempen,Kempen v Garcia Perez,100,2022-12-04 12:09:49.377,1.7,2022-12-04 12:10:00,2022-12-04 12:07:50.365
1.207217483,9028628,Justina Mikulskyte,Dartron v Justin Mikulskyte,0,2022-12-04 06:23:42.185,2.38,2022-12-04 10:00:00,
1.207217483,9028628,Justina Mikulskyte,Dartron v Justin Mikulskyte,10,2022-12-04 08:41:36.404,2.5,2022-12-04 10:00:00,
1.207217483,9028628,Justina Mikulskyte,Dartron v Justin Mikulskyte,20,2022-12-04 09:18:56.164,2.62,2022-12-04 10:00:00,
1.207217483,9028628,Justina Mikulskyte,Dartron v Justin Mikulskyte,30,2022-12-04 09:30:25.955,2.68,2022-12-04 10:00:00,
1.207217483,9028628,Justina Mikulskyte,Dartron v Justin Mikulskyte,40,2022-12-04 09:38:30.658,2.66,2022-12-04 10:00:00,
1.207217483,9028628,Justina Mikulskyte,Dartron v Justin Mikulskyte,50,2022-12-04 09:43:55.576,2.58,2022-12-04 10:00:00,
1.207217483,9028628,Justina Mikulskyte,Dartron v Justin Mikulskyte,60,2022-12-04 09:50:51.069,2.64,2022-12-04 10:00:00,
1.207217483,9028628,Justina Mikulskyte,Dartron v Justin Mikulskyte,70,2022-12-04 09:53:55.562,2.64,2022-12-04 10:00:00,
1.207217483,9028628,Justina Mikulskyte,Dartron v Justin Mikulskyte,80,2022-12-04 09:59:32.493,2.68,2022-12-04 10:00:00,
1.207217483,9028628,Justina Mikulskyte,Dartron v Justin Mikulskyte,90,2022-12-04 10:01:56.328,2.56,2022-12-04 10:05:00,
1.207217483,9028628,Justina Mikulskyte,Dartron v Justin Mikulskyte,100,2022-12-04 10:04:53.212,2.46,2022-12-04 10:05:00,
1.207217483,9632330,Emeline Dartron,Dartron v Justin Mikulskyte,0,2022-12-04 00:40:05.742,1.46,2022-12-04 10:00:00,
1.207217483,9632330,Emeline Dartron,Dartron v Justin Mikulskyte,10,2022-12-04 08:41:36.404,1.67,2022-12-04 10:00:00,
1.207217483,9632330,Emeline Dartron,Dartron v Justin Mikulskyte,20,2022-12-04 09:00:45.758,1.64,2022-12-04 10:00:00,
1.207217483,9632330,Emeline Dartron,Dartron v Justin Mikulskyte,30,2022-12-04 09:25:48.895,1.61,2022-12-04 10:00:00,
1.207217483,9632330,Emeline Dartron,Dartron v Justin Mikulskyte,40,2022-12-04 09:32:51.520,1.59,2022-12-04 10:00:00,
1.207217483,9632330,Emeline Dartron,Dartron v Justin Mikulskyte,50,2022-12-04 09:41:55.252,1.6,2022-12-04 10:00:00,
1.207217483,9632330,Emeline Dartron,Dartron v Justin Mikulskyte,60,2022-12-04 09:44:12.381,1.62,2022-12-04 10:00:00,
1.207217483,9632330,Emeline Dartron,Dartron v Justin Mikulskyte,70,2022-12-04 09:48:37.843,1.59,2022-12-04 10:00:00,
1.207217483,9632330,Emeline Dartron,Dartron v Justin Mikulskyte,80,2022-12-04 09:53:55.562,1.59,2022-12-04 10:00:00,
1.207217483,9632330,Emeline Dartron,Dartron v Justin Mikulskyte,90,2022-12-04 09:59:32.493,1.57,2022-12-04 10:00:00,
1.207217483,9632330,Emeline Dartron,Dartron v Justin Mikulskyte,100,2022-12-04 10:04:53.212,1.67,2022-12-04 10:05:00,
1.207218746,11285624,Caijsa Hennemann,Hina Inoue v Caij Hennemann,0,2022-12-04 04:58:46.444,1.45,2022-12-04 16:30:00,
1.207218746,11285624,Caijsa Hennemann,Hina Inoue v Caij Hennemann,10,2022-12-04 04:59:41.832,1.56,2022-12-04 16:30:00,
1.207218746,11285624,Caijsa Hennemann,Hina Inoue v Caij Hennemann,20,2022-12-04 05:01:07.710,1.7,2022-12-04 16:30:00,
1.207218746,11285624,Caijsa Hennemann,Hina Inoue v Caij Hennemann,30,2022-12-04 10:55:22.157,1.63,2022-12-04 16:30:00,
1.207218746,11285624,Caijsa Hennemann,Hina Inoue v Caij Hennemann,40,2022-12-04 11:06:37.162,1.67,2022-12-04 16:30:00,
1.207218746,11285624,Caijsa Hennemann,Hina Inoue v Caij Hennemann,50,2022-12-04 14:54:19.876,1.5,2022-12-04 16:30:00,
1.207218746,11285624,Caijsa Hennemann,Hina Inoue v Caij Hennemann,60,2022-12-04 15:05:51.568,1.51,2022-12-04 16:30:00,
1.207218746,11285624,Caijsa Hennemann,Hina Inoue v Caij Hennemann,70,2022-12-04 15:14:41.053,1.55,2022-12-04 16:30:00,
1.207218746,11285624,Caijsa Hennemann,Hina Inoue v Caij Hennemann,80,2022-12-04 15:41:48.503,1.64,2022-12-04 16:30:00,
1.207218746,11285624,Caijsa Hennemann,Hina Inoue v Caij Hennemann,90,2022-12-04 15:49:17.388,1.55,2022-12-04 16:30:00,
1.207218746,11285624,Caijsa Hennemann,Hina Inoue v Caij Hennemann,100,2022-12-04 16:27:33.733,1.57,2022-12-04 16:30:00,
1.207218813,2420585,Pemra Ozgen,Portillo Ramirez v Ozgen,0,2022-12-04 07:49:00.953,1.33,2022-12-04 13:30:00,
1.207218813,2420585,Pemra Ozgen,Portillo Ramirez v Ozgen,10,2022-12-04 11:00:47.779,1.4,2022-12-04 13:30:00,
1.207218813,2420585,Pemra Ozgen,Portillo Ramirez v Ozgen,20,2022-12-04 11:05:51.781,1.45,2022-12-04 13:30:00,
1.207218813,2420585,Pemra Ozgen,Portillo Ramirez v Ozgen,30,2022-12-04 11:26:38.248,1.32,2022-12-04 13:30:00,
1.207218813,2420585,Pemra Ozgen,Portillo Ramirez v Ozgen,40,2022-12-04 12:07:09.715,1.33,2022-12-04 13:30:00,
1.207218813,2420585,Pemra Ozgen,Portillo Ramirez v Ozgen,50,2022-12-04 12:30:48.639,1.34,2022-12-04 13:30:00,
1.207218813,2420585,Pemra Ozgen,Portillo Ramirez v Ozgen,60,2022-12-04 13:02:37.094,1.3,2022-12-04 13:30:00,
1.207218813,2420585,Pemra Ozgen,Portillo Ramirez v Ozgen,70,2022-12-04 13:25:56.400,1.31,2022-12-04 13:30:00,
1.207218813,2420585,Pemra Ozgen,Portillo Ramirez v Ozgen,80,2022-12-04 13:46:49.339,1.4,2022-12-04 13:50:00,2022-12-04 13:45:54.413
1.207218813,2420585,Pemra Ozgen,Portillo Ramirez v Ozgen,90,2022-12-04 13:47:53.553,1.23,2022-12-04 13:50:00,2022-12-04 13:45:54.413
1.207218813,2420585,Pemra Ozgen,Portillo Ramirez v Ozgen,100,2022-12-04 13:49:47.926,1.26,2022-12-04 13:50:00,2022-12-04 13:45:54.413
1.207219056,10108736,Greet Minnen,Minnen v Ali Tubello,0,2022-12-04 07:49:19.728,1.33,2022-12-04 18:00:00,
1.207219056,10108736,Greet Minnen,Minnen v Ali Tubello,10,2022-12-04 14:16:39.783,1.66,2022-12-04 18:00:00,
1.207219056,10108736,Greet Minnen,Minnen v Ali Tubello,20,2022-12-04 16:14:16.471,1.45,2022-12-04 18:00:00,
1.207219056,10108736,Greet Minnen,Minnen v Ali Tubello,30,2022-12-04 16:53:48.560,1.42,2022-12-04 18:00:00,
1.207219056,10108736,Greet Minnen,Minnen v Ali Tubello,40,2022-12-04 17:37:21.995,1.46,2022-12-04 18:00:00,
1.207219056,10108736,Greet Minnen,Minnen v Ali Tubello,50,2022-12-04 17:40:54.862,1.51,2022-12-04 18:00:00,
1.207219056,10108736,Greet Minnen,Minnen v Ali Tubello,60,2022-12-04 18:03:22.470,1.49,2022-12-04 18:10:00,
1.207219056,10108736,Greet Minnen,Minnen v Ali Tubello,70,2022-12-04 18:37:18.560,1.49,2022-12-04 18:45:00,
1.207219056,10108736,Greet Minnen,Minnen v Ali Tubello,80,2022-12-04 18:51:11.399,1.49,2022-12-04 19:00:00,
1.207219056,10108736,Greet Minnen,Minnen v Ali Tubello,90,2022-12-04 18:53:24.752,1.45,2022-12-04 19:00:00,
1.207219056,10108736,Greet Minnen,Minnen v Ali Tubello,100,2022-12-04 18:56:23.981,1.5,2022-12-04 19:00:00,
1.207219056,10410363,Alice Tubello,Minnen v Ali Tubello,0,2022-12-04 10:18:58.884,2.94,2022-12-04 18:00:00,
1.207219056,10410363,Alice Tubello,Minnen v Ali Tubello,10,2022-12-04 14:10:15.096,2.62,2022-12-04 18:00:00,
1.207219056,10410363,Alice Tubello,Minnen v Ali Tubello,20,2022-12-04 14:22:35.825,3.0,2022-12-04 18:00:00,
1.207219056,10410363,Alice Tubello,Minnen v Ali Tubello,30,2022-12-04 14:54:29.543,3.0,2022-12-04 18:00:00,
1.207219056,10410363,Alice Tubello,Minnen v Ali Tubello,40,2022-12-04 17:03:53.182,3.1,2022-12-04 18:00:00,
1.207219056,10410363,Alice Tubello,Minnen v Ali Tubello,50,2022-12-04 17:37:21.995,3.15,2022-12-04 18:00:00,
1.207219056,10410363,Alice Tubello,Minnen v Ali Tubello,60,2022-12-04 17:39:40.100,3.15,2022-12-04 18:00:00,
1.207219056,10410363,Alice Tubello,Minnen v Ali Tubello,70,2022-12-04 18:03:22.470,3.15,2022-12-04 18:10:00,
1.207219056,10410363,Alice Tubello,Minnen v Ali Tubello,80,2022-12-04 18:53:24.752,3.15,2022-12-04 19:00:00,
1.207219056,10410363,Alice Tubello,Minnen v Ali Tubello,90,2022-12-04 18:56:23.981,2.98,2022-12-04 19:00:00,
1.207219056,10410363,Alice Tubello,Minnen v Ali Tubello,100,2022-12-04 18:59:25.180,3.0,2022-12-04 19:00:00,
1.207219796,7430598,Rebecca Peterson,Peterson v Aly Parks,0,2022-12-03 19:18:06.627,1.53,2022-12-04 00:00:00,
1.207219796,7430598,Rebecca Peterson,Peterson v Aly Parks,10,2022-12-04 02:18:45.553,1.63,2022-12-04 16:00:00,
1.207219796,7430598,Rebecca Peterson,Peterson v Aly Parks,20,2022-12-04 08:10:36.910,1.57,2022-12-04 16:00:00,
1.207219796,7430598,Rebecca Peterson,Peterson v Aly Parks,30,2022-12-04 11:22:39.279,1.61,2022-12-04 16:00:00,
1.207219796,7430598,Rebecca Peterson,Peterson v Aly Parks,40,2022-12-04 12:12:18.013,1.62,2022-12-04 16:00:00,
1.207219796,7430598,Rebecca Peterson,Peterson v Aly Parks,50,2022-12-04 13:55:48.110,1.59,2022-12-04 16:00:00,
1.207219796,7430598,Rebecca Peterson,Peterson v Aly Parks,60,2022-12-04 14:36:46.313,1.58,2022-12-04 16:00:00,
1.207219796,7430598,Rebecca Peterson,Peterson v Aly Parks,70,2022-12-04 15:19:46.087,1.62,2022-12-04 16:00:00,
1.207219796,7430598,Rebecca Peterson,Peterson v Aly Parks,80,2022-12-04 15:38:45.219,1.68,2022-12-04 16:00:00,
1.207219796,7430598,Rebecca Peterson,Peterson v Aly Parks,90,2022-12-04 15:54:49.564,1.65,2022-12-04 16:00:00,
1.207219796,7430598,Rebecca Peterson,Peterson v Aly Parks,100,2022-12-04 16:09:53.032,1.75,2022-12-04 16:10:00,2022-12-04 16:08:53.050
1.207219796,11233227,Alycia Parks,Peterson v Aly Parks,0,2022-12-03 20:40:08.838,2.74,2022-12-04 16:00:00,
1.207219796,11233227,Alycia Parks,Peterson v Aly Parks,10,2022-12-04 04:27:10.142,2.72,2022-12-04 16:00:00,
1.207219796,11233227,Alycia Parks,Peterson v Aly Parks,20,2022-12-04 09:02:05.114,2.72,2022-12-04 16:00:00,
1.207219796,11233227,Alycia Parks,Peterson v Aly Parks,30,2022-12-04 10:56:31.353,2.62,2022-12-04 16:00:00,
1.207219796,11233227,Alycia Parks,Peterson v Aly Parks,40,2022-12-04 12:41:51.638,2.56,2022-12-04 16:00:00,
1.207219796,11233227,Alycia Parks,Peterson v Aly Parks,50,2022-12-04 14:04:27.194,2.78,2022-12-04 16:00:00,
1.207219796,11233227,Alycia Parks,Peterson v Aly Parks,60,2022-12-04 14:56:44.057,2.72,2022-12-04 16:00:00,
1.207219796,11233227,Alycia Parks,Peterson v Aly Parks,70,2022-12-04 15:20:47.094,2.58,2022-12-04 16:00:00,
1.207219796,11233227,Alycia Parks,Peterson v Aly Parks,80,2022-12-04 15:39:37.466,2.48,2022-12-04 16:00:00,
1.207219796,11233227,Alycia Parks,Peterson v Aly Parks,90,2022-12-04 15:55:47.871,2.54,2022-12-04 16:00:00,
1.207219796,11233227,Alycia Parks,Peterson v Aly Parks,100,2022-12-04 16:09:53.032,2.34,2022-12-04 16:10:00,2022-12-04 16:08:53.050
1.207225172,2386498,Shuai Zhang,S Zhang v Aly Parks,0,2022-12-04 11:07:53.455,1.72,2022-12-05 00:00:00,
1.207225172,2386498,Shuai Zhang,S Zhang v Aly Parks,10,2022-12-05 11:44:49.580,1.59,2022-12-06 00:00:00,
1.207225172,2386498,Shuai Zhang,S Zhang v Aly Parks,20,2022-12-07 01:06:41.737,1.67,2022-12-07 13:30:00,
1.207225172,2386498,Shuai Zhang,S Zhang v Aly Parks,30,2022-12-07 08:26:51.546,1.76,2022-12-07 13:30:00,
1.207225172,2386498,Shuai Zhang,S Zhang v Aly Parks,40,2022-12-07 11:53:41.387,1.81,2022-12-07 13:30:00,
1.207225172,2386498,Shuai Zhang,S Zhang v Aly Parks,50,2022-12-07 12:37:58.176,1.8,2022-12-07 13:30:00,
1.207225172,2386498,Shuai Zhang,S Zhang v Aly Parks,60,2022-12-07 13:19:57.320,1.78,2022-12-07 13:30:00,
1.207225172,2386498,Shuai Zhang,S Zhang v Aly Parks,70,2022-12-07 13:44:56.884,1.81,2022-12-07 14:15:00,
1.207225172,2386498,Shuai Zhang,S Zhang v Aly Parks,80,2022-12-07 14:13:39.308,1.84,2022-12-07 14:15:00,
1.207225172,2386498,Shuai Zhang,S Zhang v Aly Parks,90,2022-12-07 15:02:49.886,1.86,2022-12-07 15:15:00,
1.207225172,2386498,Shuai Zhang,S Zhang v Aly Parks,100,2022-12-07 16:08:53.152,1.81,2022-12-07 16:10:00,
1.207225172,11233227,Alycia Parks,S Zhang v Aly Parks,0,2022-12-04 11:07:53.455,2.4,2022-12-05 00:00:00,
1.207225172,11233227,Alycia Parks,S Zhang v Aly Parks,10,2022-12-05 14:50:16.170,2.56,2022-12-06 00:00:00,
1.207225172,11233227,Alycia Parks,S Zhang v Aly Parks,20,2022-12-07 01:07:01.655,2.44,2022-12-07 13:30:00,
1.207225172,11233227,Alycia Parks,S Zhang v Aly Parks,30,2022-12-07 07:53:48.955,2.26,2022-12-07 13:30:00,
1.207225172,11233227,Alycia Parks,S Zhang v Aly Parks,40,2022-12-07 10:52:55.571,2.3,2022-12-07 13:30:00,
1.207225172,11233227,Alycia Parks,S Zhang v Aly Parks,50,2022-12-07 12:32:40.690,2.28,2022-12-07 13:30:00,
1.207225172,11233227,Alycia Parks,S Zhang v Aly Parks,60,2022-12-07 13:07:57.900,2.32,2022-12-07 13:30:00,
1.207225172,11233227,Alycia Parks,S Zhang v Aly Parks,70,2022-12-07 13:27:57.402,2.22,2022-12-07 14:15:00,
1.207225172,11233227,Alycia Parks,S Zhang v Aly Parks,80,2022-12-07 14:23:51.789,2.2,2022-12-07 14:30:00,
1.207225172,11233227,Alycia Parks,S Zhang v Aly Parks,90,2022-12-07 15:02:49.886,2.14,2022-12-07 15:15:00,
1.207225172,11233227,Alycia Parks,S Zhang v Aly Parks,100,2022-12-07 16:08:53.152,2.22,2022-12-07 16:10:00,
1.207225173,9632758,Karolina Muchova,Muchova v Burel,0,2022-12-05 04:39:40.029,1.29,2022-12-06 00:00:00,
1.207225173,9632758,Karolina Muchova,Muchova v Burel,10,2022-12-06 01:17:37.362,1.34,2022-12-06 17:00:00,
1.207225173,9632758,Karolina Muchova,Muchova v Burel,20,2022-12-06 10:51:50.883,1.32,2022-12-06 17:00:00,
1.207225173,9632758,Karolina Muchova,Muchova v Burel,30,2022-12-06 14:04:50.725,1.26,2022-12-06 17:00:00,
1.207225173,9632758,Karolina Muchova,Muchova v Burel,40,2022-12-06 16:23:51.849,1.28,2022-12-06 17:00:00,
1.207225173,9632758,Karolina Muchova,Muchova v Burel,50,2022-12-06 16:40:53.130,1.27,2022-12-06 17:00:00,
1.207225173,9632758,Karolina Muchova,Muchova v Burel,60,2022-12-06 16:43:51.232,1.27,2022-12-06 17:00:00,
1.207225173,9632758,Karolina Muchova,Muchova v Burel,70,2022-12-06 16:50:49.106,1.26,2022-12-06 17:00:00,
1.207225173,9632758,Karolina Muchova,Muchova v Burel,80,2022-12-06 16:55:52.087,1.27,2022-12-06 17:00:00,
1.207225173,9632758,Karolina Muchova,Muchova v Burel,90,2022-12-06 17:01:55.343,1.26,2022-12-06 17:10:00,
1.207225173,9632758,Karolina Muchova,Muchova v Burel,100,2022-12-06 17:08:53.368,1.27,2022-12-06 17:10:00,
1.207225173,10351066,Clara Burel,Muchova v Burel,0,2022-12-04 18:17:21.262,3.7,2022-12-06 00:00:00,
1.207225173,10351066,Clara Burel,Muchova v Burel,10,2022-12-06 00:31:20.588,4.0,2022-12-06 17:00:00,
1.207225173,10351066,Clara Burel,Muchova v Burel,20,2022-12-06 11:14:06.704,4.1,2022-12-06 17:00:00,
1.207225173,10351066,Clara Burel,Muchova v Burel,30,2022-12-06 15:56:40.412,4.5,2022-12-06 17:00:00,
1.207225173,10351066,Clara Burel,Muchova v Burel,40,2022-12-06 16:33:46.461,4.5,2022-12-06 17:00:00,
1.207225173,10351066,Clara Burel,Muchova v Burel,50,2022-12-06 16:44:53.227,5.0,2022-12-06 17:00:00,
1.207225173,10351066,Clara Burel,Muchova v Burel,60,2022-12-06 16:49:54.223,4.7,2022-12-06 17:00:00,
1.207225173,10351066,Clara Burel,Muchova v Burel,70,2022-12-06 16:55:52.087,4.7,2022-12-06 17:00:00,
1.207225173,10351066,Clara Burel,Muchova v Burel,80,2022-12-06 16:59:40.830,4.7,2022-12-06 17:00:00,
1.207225173,10351066,Clara Burel,Muchova v Burel,90,2022-12-06 17:03:51.809,5.0,2022-12-06 17:10:00,
1.207225173,10351066,Clara Burel,Muchova v Burel,100,2022-12-06 17:08:53.368,4.8,2022-12-06 17:10:00,
1.207225459,9628769,Jessika Ponchet,Jes Ponchet v Kat Zavatska,0,2022-12-04 20:57:47.279,1.99,2022-12-05 17:00:00,
1.207225459,9628769,Jessika Ponchet,Jes Ponchet v Kat Zavatska,10,2022-12-05 06:34:15.376,2.08,2022-12-05 17:00:00,
1.207225459,9628769,Jessika Ponchet,Jes Ponchet v Kat Zavatska,20,2022-12-05 07:02:56.921,2.06,2022-12-05 17:00:00,
1.207225459,9628769,Jessika Ponchet,Jes Ponchet v Kat Zavatska,30,2022-12-05 09:21:58.867,2.04,2022-12-05 17:00:00,
1.207225459,9628769,Jessika Ponchet,Jes Ponchet v Kat Zavatska,40,2022-12-05 11:00:04.210,2.06,2022-12-05 17:00:00,
1.207225459,9628769,Jessika Ponchet,Jes Ponchet v Kat Zavatska,50,2022-12-05 12:43:17.925,2.16,2022-12-05 17:00:00,
1.207225459,9628769,Jessika Ponchet,Jes Ponchet v Kat Zavatska,60,2022-12-05 15:47:59.601,2.22,2022-12-05 17:00:00,
1.207225459,9628769,Jessika Ponchet,Jes Ponchet v Kat Zavatska,70,2022-12-05 16:32:37.853,2.22,2022-12-05 17:00:00,
1.207225459,9628769,Jessika Ponchet,Jes Ponchet v Kat Zavatska,80,2022-12-05 17:07:06.277,2.24,2022-12-05 17:20:00,
1.207225459,9628769,Jessika Ponchet,Jes Ponchet v Kat Zavatska,90,2022-12-05 17:39:43.472,2.22,2022-12-05 17:45:00,
1.207225459,9628769,Jessika Ponchet,Jes Ponchet v Kat Zavatska,100,2022-12-05 18:09:02.497,2.42,2022-12-05 18:10:00,
1.207225459,9635149,Katarina Zavatska,Jes Ponchet v Kat Zavatska,0,2022-12-04 19:22:15.029,1.94,2022-12-05 17:00:00,
1.207225459,9635149,Katarina Zavatska,Jes Ponchet v Kat Zavatska,10,2022-12-05 06:07:35.997,1.91,2022-12-05 17:00:00,
1.207225459,9635149,Katarina Zavatska,Jes Ponchet v Kat Zavatska,20,2022-12-05 11:00:04.210,1.94,2022-12-05 17:00:00,
1.207225459,9635149,Katarina Zavatska,Jes Ponchet v Kat Zavatska,30,2022-12-05 12:01:47.594,1.85,2022-12-05 17:00:00,
1.207225459,9635149,Katarina Zavatska,Jes Ponchet v Kat Zavatska,40,2022-12-05 14:26:42.297,1.84,2022-12-05 17:00:00,
1.207225459,9635149,Katarina Zavatska,Jes Ponchet v Kat Zavatska,50,2022-12-05 15:57:45.381,1.84,2022-12-05 17:00:00,
1.207225459,9635149,Katarina Zavatska,Jes Ponchet v Kat Zavatska,60,2022-12-05 16:29:22.477,1.8,2022-12-05 17:00:00,
1.207225459,9635149,Katarina Zavatska,Jes Ponchet v Kat Zavatska,70,2022-12-05 16:56:54.168,1.81,2022-12-05 17:00:00,
1.207225459,9635149,Katarina Zavatska,Jes Ponchet v Kat Zavatska,80,2022-12-05 17:15:01.533,1.79,2022-12-05 17:20:00,
1.207225459,9635149,Katarina Zavatska,Jes Ponchet v Kat Zavatska,90,2022-12-05 17:55:03.510,1.73,2022-12-05 18:00:00,
1.207225459,9635149,Katarina Zavatska,Jes Ponchet v Kat Zavatska,100,2022-12-05 18:09:55.278,1.73,2022-12-05 18:10:00,
1.207225461,7593369,Anna-Lena Friedsam,Friedsam v D Parry,0,2022-12-04 11:09:33.245,1.84,2022-12-05 00:00:00,
1.207225461,7593369,Anna-Lena Friedsam,Friedsam v D Parry,10,2022-12-07 05:12:48.644,1.76,2022-12-07 15:30:00,
1.207225461,7593369,Anna-Lena Friedsam,Friedsam v D Parry,20,2022-12-07 09:42:26.212,1.85,2022-12-07 15:30:00,
1.207225461,7593369,Anna-Lena Friedsam,Friedsam v D Parry,30,2022-12-07 11:55:36.264,1.8,2022-12-07 15:30:00,
1.207225461,7593369,Anna-Lena Friedsam,Friedsam v D Parry,40,2022-12-07 13:58:27.851,1.85,2022-12-07 15:30:00,
1.207225461,7593369,Anna-Lena Friedsam,Friedsam v D Parry,50,2022-12-07 14:43:58.905,1.78,2022-12-07 15:30:00,
1.207225461,7593369,Anna-Lena Friedsam,Friedsam v D Parry,60,2022-12-07 15:10:00.742,1.78,2022-12-07 15:30:00,
1.207225461,7593369,Anna-Lena Friedsam,Friedsam v D Parry,70,2022-12-07 16:16:17.699,1.8,2022-12-07 16:30:00,
1.207225461,7593369,Anna-Lena Friedsam,Friedsam v D Parry,80,2022-12-07 16:40:29.865,1.8,2022-12-07 16:45:00,
1.207225461,7593369,Anna-Lena Friedsam,Friedsam v D Parry,90,2022-12-07 17:01:01.627,1.78,2022-12-07 17:10:00,
1.207225461,7593369,Anna-Lena Friedsam,Friedsam v D Parry,100,2022-12-07 17:09:57.061,1.78,2022-12-07 17:10:00,
1.207225461,12737413,Diane Parry,Friedsam v D Parry,0,2022-12-04 11:09:33.245,2.2,2022-12-05 00:00:00,
1.207225461,12737413,Diane Parry,Friedsam v D Parry,10,2022-12-07 09:11:44.704,2.16,2022-12-07 15:30:00,
1.207225461,12737413,Diane Parry,Friedsam v D Parry,20,2022-12-07 11:21:44.909,2.18,2022-12-07 15:30:00,
1.207225461,12737413,Diane Parry,Friedsam v D Parry,30,2022-12-07 14:34:03.437,2.22,2022-12-07 15:30:00,
1.207225461,12737413,Diane Parry,Friedsam v D Parry,40,2022-12-07 15:25:01.908,2.26,2022-12-07 15:30:00,
1.207225461,12737413,Diane Parry,Friedsam v D Parry,50,2022-12-07 16:00:55.202,2.2,2022-12-07 16:30:00,
1.207225461,12737413,Diane Parry,Friedsam v D Parry,60,2022-12-07 16:07:03.342,2.26,2022-12-07 16:30:00,
1.207225461,12737413,Diane Parry,Friedsam v D Parry,70,2022-12-07 16:16:17.699,2.26,2022-12-07 16:30:00,
1.207225461,12737413,Diane Parry,Friedsam v D Parry,80,2022-12-07 16:26:00.403,2.14,2022-12-07 16:30:00,
1.207225461,12737413,Diane Parry,Friedsam v D Parry,90,2022-12-07 16:53:49.539,2.28,2022-12-07 16:55:00,
1.207225461,12737413,Diane Parry,Friedsam v D Parry,100,2022-12-07 17:08:55.043,2.28,2022-12-07 17:10:00,
1.207225868,2403862,Sabine Lisicki,C Tauson v Lisicki,0,2022-12-04 09:05:26.981,2.9,2022-12-05 00:00:00,
1.207225868,2403862,Sabine Lisicki,C Tauson v Lisicki,10,2022-12-05 21:28:05.927,3.85,2022-12-06 12:00:00,
1.207225868,2403862,Sabine Lisicki,C Tauson v Lisicki,20,2022-12-06 03:16:33.748,3.85,2022-12-06 12:00:00,
1.207225868,2403862,Sabine Lisicki,C Tauson v Lisicki,30,2022-12-06 04:33:41.810,3.95,2022-12-06 12:00:00,
1.207225868,2403862,Sabine Lisicki,C Tauson v Lisicki,40,2022-12-06 09:33:54.676,3.85,2022-12-06 12:00:00,
1.207225868,2403862,Sabine Lisicki,C Tauson v Lisicki,50,2022-12-06 10:38:04.289,3.95,2022-12-06 12:00:00,
1.207225868,2403862,Sabine Lisicki,C Tauson v Lisicki,60,2022-12-06 11:03:48.031,4.0,2022-12-06 12:15:00,
1.207225868,2403862,Sabine Lisicki,C Tauson v Lisicki,70,2022-12-06 11:43:38.796,4.0,2022-12-06 12:15:00,
1.207225868,2403862,Sabine Lisicki,C Tauson v Lisicki,80,2022-12-06 12:00:14.668,3.65,2022-12-06 12:15:00,
1.207225868,2403862,Sabine Lisicki,C Tauson v Lisicki,90,2022-12-06 12:07:16.202,3.55,2022-12-06 12:15:00,
1.207225868,2403862,Sabine Lisicki,C Tauson v Lisicki,100,2022-12-06 12:13:16.540,3.9,2022-12-06 12:15:00,
1.207225868,18848679,Clara Tauson,C Tauson v Lisicki,0,2022-12-04 08:20:58.410,1.53,2022-12-05 00:00:00,
1.207225868,18848679,Clara Tauson,C Tauson v Lisicki,10,2022-12-05 18:04:07.542,1.34,2022-12-06 12:00:00,
1.207225868,18848679,Clara Tauson,C Tauson v Lisicki,20,2022-12-06 02:48:05.019,1.35,2022-12-06 12:00:00,
1.207225868,18848679,Clara Tauson,C Tauson v Lisicki,30,2022-12-06 07:40:07.758,1.36,2022-12-06 12:00:00,
1.207225868,18848679,Clara Tauson,C Tauson v Lisicki,40,2022-12-06 09:41:49.715,1.35,2022-12-06 12:00:00,
1.207225868,18848679,Clara Tauson,C Tauson v Lisicki,50,2022-12-06 10:50:14.625,1.33,2022-12-06 12:15:00,
1.207225868,18848679,Clara Tauson,C Tauson v Lisicki,60,2022-12-06 11:23:54.634,1.3,2022-12-06 12:15:00,
1.207225868,18848679,Clara Tauson,C Tauson v Lisicki,70,2022-12-06 11:38:04.024,1.32,2022-12-06 12:15:00,
1.207225868,18848679,Clara Tauson,C Tauson v Lisicki,80,2022-12-06 11:59:14.047,1.35,2022-12-06 12:15:00,
1.207225868,18848679,Clara Tauson,C Tauson v Lisicki,90,2022-12-06 12:05:15.630,1.45,2022-12-06 12:15:00,
1.207225868,18848679,Clara Tauson,C Tauson v Lisicki,100,2022-12-06 12:10:59.649,1.34,2022-12-06 12:15:00,
1.207225869,9149629,Sofia Kenin,D Yastremska v Sof Kenin,0,2022-12-04 11:10:52.528,1.71,2022-12-05 00:00:00,
1.207225869,9149629,Sofia Kenin,D Yastremska v Sof Kenin,10,2022-12-05 20:45:24.067,1.68,2022-12-06 15:30:00,
1.207225869,9149629,Sofia Kenin,D Yastremska v Sof Kenin,20,2022-12-06 06:51:44.970,1.7,2022-12-06 15:30:00,
1.207225869,9149629,Sofia Kenin,D Yastremska v Sof Kenin,30,2022-12-06 13:10:01.055,1.66,2022-12-06 15:30:00,
1.207225869,9149629,Sofia Kenin,D Yastremska v Sof Kenin,40,2022-12-06 14:06:10.327,1.68,2022-12-06 15:30:00,
1.207225869,9149629,Sofia Kenin,D Yastremska v Sof Kenin,50,2022-12-06 14:19:56.614,1.66,2022-12-06 15:30:00,
1.207225869,9149629,Sofia Kenin,D Yastremska v Sof Kenin,60,2022-12-06 14:28:03.896,1.7,2022-12-06 15:30:00,
1.207225869,9149629,Sofia Kenin,D Yastremska v Sof Kenin,70,2022-12-06 15:01:03.122,1.71,2022-12-06 15:30:00,
1.207225869,9149629,Sofia Kenin,D Yastremska v Sof Kenin,80,2022-12-06 15:11:58.245,1.73,2022-12-06 15:30:00,
1.207225869,9149629,Sofia Kenin,D Yastremska v Sof Kenin,90,2022-12-06 15:22:57.727,1.75,2022-12-06 15:30:00,
1.207225869,9149629,Sofia Kenin,D Yastremska v Sof Kenin,100,2022-12-06 15:29:08.904,1.74,2022-12-06 15:30:00,
1.207225869,9634670,Dayana Yastremska,D Yastremska v Sof Kenin,0,2022-12-04 11:10:52.528,2.42,2022-12-05 00:00:00,
1.207225869,9634670,Dayana Yastremska,D Yastremska v Sof Kenin,10,2022-12-05 14:53:49.548,2.4,2022-12-06 00:00:00,
1.207225869,9634670,Dayana Yastremska,D Yastremska v Sof Kenin,20,2022-12-06 02:07:09.624,2.5,2022-12-06 15:30:00,
1.207225869,9634670,Dayana Yastremska,D Yastremska v Sof Kenin,30,2022-12-06 10:26:52.925,2.44,2022-12-06 15:30:00,
1.207225869,9634670,Dayana Yastremska,D Yastremska v Sof Kenin,40,2022-12-06 13:10:01.055,2.5,2022-12-06 15:30:00,
1.207225869,9634670,Dayana Yastremska,D Yastremska v Sof Kenin,50,2022-12-06 14:05:11.516,2.42,2022-12-06 15:30:00,
1.207225869,9634670,Dayana Yastremska,D Yastremska v Sof Kenin,60,2022-12-06 14:15:29.099,2.48,2022-12-06 15:30:00,
1.207225869,9634670,Dayana Yastremska,D Yastremska v Sof Kenin,70,2022-12-06 14:53:22.943,2.38,2022-12-06 15:30:00,
1.207225869,9634670,Dayana Yastremska,D Yastremska v Sof Kenin,80,2022-12-06 15:03:55.793,2.34,2022-12-06 15:30:00,
1.207225869,9634670,Dayana Yastremska,D Yastremska v Sof Kenin,90,2022-12-06 15:17:40.822,2.3,2022-12-06 15:30:00,
1.207225869,9634670,Dayana Yastremska,D Yastremska v Sof Kenin,100,2022-12-06 15:28:05.043,2.32,2022-12-06 15:30:00,
1.207226146,9166525,Tamara Korpatsch,Tama Korpatsch v Mandlik,0,2022-12-04 10:00:18.546,1.67,2022-12-05 00:00:00,
1.207226146,9166525,Tamara Korpatsch,Tama Korpatsch v Mandlik,10,2022-12-05 01:46:13.615,1.64,2022-12-05 14:30:00,
1.207226146,9166525,Tamara Korpatsch,Tama Korpatsch v Mandlik,20,2022-12-05 07:46:56.500,1.6,2022-12-05 14:30:00,
1.207226146,9166525,Tamara Korpatsch,Tama Korpatsch v Mandlik,30,2022-12-05 10:55:54.937,1.67,2022-12-05 14:30:00,
1.207226146,9166525,Tamara Korpatsch,Tama Korpatsch v Mandlik,40,2022-12-05 12:44:13.556,1.66,2022-12-05 14:30:00,
1.207226146,9166525,Tamara Korpatsch,Tama Korpatsch v Mandlik,50,2022-12-05 13:31:17.700,1.62,2022-12-05 14:30:00,
1.207226146,9166525,Tamara Korpatsch,Tama Korpatsch v Mandlik,60,2022-12-05 14:02:46.719,1.6,2022-12-05 14:30:00,
1.207226146,9166525,Tamara Korpatsch,Tama Korpatsch v Mandlik,70,2022-12-05 14:25:20.166,1.62,2022-12-05 14:30:00,
1.207226146,9166525,Tamara Korpatsch,Tama Korpatsch v Mandlik,80,2022-12-05 15:12:12.710,1.63,2022-12-05 15:15:00,
1.207226146,9166525,Tamara Korpatsch,Tama Korpatsch v Mandlik,90,2022-12-05 16:02:18.544,1.7,2022-12-05 16:15:00,
1.207226146,9166525,Tamara Korpatsch,Tama Korpatsch v Mandlik,100,2022-12-05 16:14:17.618,1.66,2022-12-05 16:15:00,
1.207226146,11546652,Elizabeth Mandlik,Tama Korpatsch v Mandlik,0,2022-12-04 11:10:21.729,2.5,2022-12-05 00:00:00,
1.207226146,11546652,Elizabeth Mandlik,Tama Korpatsch v Mandlik,10,2022-12-05 06:13:53.660,2.6,2022-12-05 14:30:00,
1.207226146,11546652,Elizabeth Mandlik,Tama Korpatsch v Mandlik,20,2022-12-05 09:30:50.648,2.6,2022-12-05 14:30:00,
1.207226146,11546652,Elizabeth Mandlik,Tama Korpatsch v Mandlik,30,2022-12-05 10:55:54.937,2.44,2022-12-05 14:30:00,
1.207226146,11546652,Elizabeth Mandlik,Tama Korpatsch v Mandlik,40,2022-12-05 12:21:20.566,2.5,2022-12-05 14:30:00,
1.207226146,11546652,Elizabeth Mandlik,Tama Korpatsch v Mandlik,50,2022-12-05 13:00:02.254,2.46,2022-12-05 14:30:00,
1.207226146,11546652,Elizabeth Mandlik,Tama Korpatsch v Mandlik,60,2022-12-05 13:41:17.680,2.62,2022-12-05 14:30:00,
1.207226146,11546652,Elizabeth Mandlik,Tama Korpatsch v Mandlik,70,2022-12-05 14:27:18.859,2.64,2022-12-05 14:30:00,
1.207226146,11546652,Elizabeth Mandlik,Tama Korpatsch v Mandlik,80,2022-12-05 15:33:18.951,2.64,2022-12-05 15:35:00,
1.207226146,11546652,Elizabeth Mandlik,Tama Korpatsch v Mandlik,90,2022-12-05 16:04:18.215,2.46,2022-12-05 16:15:00,
1.207226146,11546652,Elizabeth Mandlik,Tama Korpatsch v Mandlik,100,2022-12-05 16:14:17.618,2.5,2022-12-05 16:15:00,
1.207226148,2386943,Yanina Wickmayer,Vondrousova v Wickmayer,0,2022-12-05 00:11:11.806,5.4,2022-12-05 13:00:00,
1.207226148,2386943,Yanina Wickmayer,Vondrousova v Wickmayer,10,2022-12-05 01:45:28.183,6.0,2022-12-05 13:00:00,
1.207226148,2386943,Yanina Wickmayer,Vondrousova v Wickmayer,20,2022-12-05 09:54:24.278,6.8,2022-12-05 13:00:00,
1.207226148,2386943,Yanina Wickmayer,Vondrousova v Wickmayer,30,2022-12-05 10:55:09.747,7.6,2022-12-05 13:00:00,
1.207226148,2386943,Yanina Wickmayer,Vondrousova v Wickmayer,40,2022-12-05 11:10:22.821,7.6,2022-12-05 13:00:00,
1.207226148,2386943,Yanina Wickmayer,Vondrousova v Wickmayer,50,2022-12-05 11:52:23.242,8.6,2022-12-05 13:00:00,
1.207226148,2386943,Yanina Wickmayer,Vondrousova v Wickmayer,60,2022-12-05 12:01:25.519,7.0,2022-12-05 13:00:00,
1.207226148,2386943,Yanina Wickmayer,Vondrousova v Wickmayer,70,2022-12-05 12:03:21.509,7.4,2022-12-05 13:00:00,
1.207226148,2386943,Yanina Wickmayer,Vondrousova v Wickmayer,80,2022-12-05 12:52:24.987,7.0,2022-12-05 13:00:00,
1.207226148,2386943,Yanina Wickmayer,Vondrousova v Wickmayer,90,2022-12-05 12:56:24.051,7.6,2022-12-05 13:00:00,
1.207226148,2386943,Yanina Wickmayer,Vondrousova v Wickmayer,100,2022-12-05 14:38:17.618,8.8,2022-12-05 14:40:00,
1.207226148,9433253,Marketa Vondrousova,Vondrousova v Wickmayer,0,2022-12-04 09:58:44.476,1.22,2022-12-05 00:00:00,
1.207226148,9433253,Marketa Vondrousova,Vondrousova v Wickmayer,10,2022-12-05 00:11:11.806,1.23,2022-12-05 13:00:00,
1.207226148,9433253,Marketa Vondrousova,Vondrousova v Wickmayer,20,2022-12-05 04:48:37.177,1.19,2022-12-05 13:00:00,
1.207226148,9433253,Marketa Vondrousova,Vondrousova v Wickmayer,30,2022-12-05 09:56:24.485,1.16,2022-12-05 13:00:00,
1.207226148,9433253,Marketa Vondrousova,Vondrousova v Wickmayer,40,2022-12-05 10:51:19.375,1.15,2022-12-05 13:00:00,
1.207226148,9433253,Marketa Vondrousova,Vondrousova v Wickmayer,50,2022-12-05 11:48:15.551,1.15,2022-12-05 13:00:00,
1.207226148,9433253,Marketa Vondrousova,Vondrousova v Wickmayer,60,2022-12-05 12:01:25.519,1.16,2022-12-05 13:00:00,
1.207226148,9433253,Marketa Vondrousova,Vondrousova v Wickmayer,70,2022-12-05 12:08:54.084,1.14,2022-12-05 13:00:00,
1.207226148,9433253,Marketa Vondrousova,Vondrousova v Wickmayer,80,2022-12-05 12:59:23.836,1.18,2022-12-05 13:00:00,
1.207226148,9433253,Marketa Vondrousova,Vondrousova v Wickmayer,90,2022-12-05 14:39:00.801,1.12,2022-12-05 14:40:00,
1.207226148,9433253,Marketa Vondrousova,Vondrousova v Wickmayer,100,2022-12-05 14:44:24.879,1.12,2022-12-05 14:45:00,
1.207226422,8907168,Anhelina Kalinina,Katr Scott v A Kalinina,0,2022-12-04 11:09:58.209,1.54,2022-12-05 00:00:00,
1.207226422,8907168,Anhelina Kalinina,Katr Scott v A Kalinina,10,2022-12-06 08:27:44.680,1.42,2022-12-06 18:30:00,
1.207226422,8907168,Anhelina Kalinina,Katr Scott v A Kalinina,20,2022-12-06 10:27:59.705,1.44,2022-12-06 18:30:00,
1.207226422,8907168,Anhelina Kalinina,Katr Scott v A Kalinina,30,2022-12-06 11:51:01.730,1.39,2022-12-06 18:30:00,
1.207226422,8907168,Anhelina Kalinina,Katr Scott v A Kalinina,40,2022-12-06 15:27:02.823,1.4,2022-12-06 18:30:00,
1.207226422,8907168,Anhelina Kalinina,Katr Scott v A Kalinina,50,2022-12-06 16:25:28.960,1.4,2022-12-06 18:30:00,
1.207226422,8907168,Anhelina Kalinina,Katr Scott v A Kalinina,60,2022-12-06 16:34:29.445,1.43,2022-12-06 18:30:00,
1.207226422,8907168,Anhelina Kalinina,Katr Scott v A Kalinina,70,2022-12-06 17:52:22.334,1.38,2022-12-06 18:30:00,
1.207226422,8907168,Anhelina Kalinina,Katr Scott v A Kalinina,80,2022-12-06 18:20:58.387,1.37,2022-12-06 18:30:00,
1.207226422,8907168,Anhelina Kalinina,Katr Scott v A Kalinina,90,2022-12-06 19:22:56.482,1.36,2022-12-06 19:35:00,
1.207226422,8907168,Anhelina Kalinina,Katr Scott v A Kalinina,100,2022-12-06 20:01:27.130,1.35,2022-12-06 20:05:00,
1.207226422,21067354,Katrina Scott,Katr Scott v A Kalinina,0,2022-12-06 04:54:42.000,3.4,2022-12-06 18:30:00,
1.207226422,21067354,Katrina Scott,Katr Scott v A Kalinina,10,2022-12-06 10:10:11.610,3.4,2022-12-06 18:30:00,
1.207226422,21067354,Katrina Scott,Katr Scott v A Kalinina,20,2022-12-06 11:11:06.673,3.45,2022-12-06 18:30:00,
1.207226422,21067354,Katrina Scott,Katr Scott v A Kalinina,30,2022-12-06 15:57:21.211,3.5,2022-12-06 18:30:00,
1.207226422,21067354,Katrina Scott,Katr Scott v A Kalinina,40,2022-12-06 16:26:22.425,3.55,2022-12-06 18:30:00,
1.207226422,21067354,Katrina Scott,Katr Scott v A Kalinina,50,2022-12-06 16:54:26.421,3.45,2022-12-06 18:30:00,
1.207226422,21067354,Katrina Scott,Katr Scott v A Kalinina,60,2022-12-06 18:04:22.969,3.7,2022-12-06 18:30:00,
1.207226422,21067354,Katrina Scott,Katr Scott v A Kalinina,70,2022-12-06 18:28:28.979,3.75,2022-12-06 18:30:00,
1.207226422,21067354,Katrina Scott,Katr Scott v A Kalinina,80,2022-12-06 19:22:56.482,3.8,2022-12-06 19:35:00,
1.207226422,21067354,Katrina Scott,Katr Scott v A Kalinina,90,2022-12-06 19:44:25.031,3.8,2022-12-06 19:45:00,
1.207226422,21067354,Katrina Scott,Katr Scott v A Kalinina,100,2022-12-06 20:04:18.056,3.7,2022-12-06 20:05:00,
1.207226569,9345643,Tessah Andrianjafitrimo,Andrianjafitrimo v V Gracheva,0,2022-12-05 12:30:34.707,4.9,2022-12-06 00:00:00,
1.207226569,9345643,Tessah Andrianjafitrimo,Andrianjafitrimo v V Gracheva,10,2022-12-05 14:40:00.890,5.2,2022-12-06 00:00:00,
1.207226569,9345643,Tessah Andrianjafitrimo,Andrianjafitrimo v V Gracheva,20,2022-12-05 21:05:05.363,4.8,2022-12-06 13:30:00,
1.207226569,9345643,Tessah Andrianjafitrimo,Andrianjafitrimo v V Gracheva,30,2022-12-06 03:16:50.647,4.8,2022-12-06 13:30:00,
1.207226569,9345643,Tessah Andrianjafitrimo,Andrianjafitrimo v V Gracheva,40,2022-12-06 09:00:36.979,6.4,2022-12-06 13:30:00,
1.207226569,9345643,Tessah Andrianjafitrimo,Andrianjafitrimo v V Gracheva,50,2022-12-06 09:56:47.786,5.8,2022-12-06 13:30:00,
1.207226569,9345643,Tessah Andrianjafitrimo,Andrianjafitrimo v V Gracheva,60,2022-12-06 10:27:25.152,5.5,2022-12-06 13:30:00,
1.207226569,9345643,Tessah Andrianjafitrimo,Andrianjafitrimo v V Gracheva,70,2022-12-06 10:39:50.568,5.4,2022-12-06 13:30:00,
1.207226569,9345643,Tessah Andrianjafitrimo,Andrianjafitrimo v V Gracheva,80,2022-12-06 12:41:37.890,5.2,2022-12-06 13:30:00,
1.207226569,9345643,Tessah Andrianjafitrimo,Andrianjafitrimo v V Gracheva,90,2022-12-06 12:43:26.865,5.4,2022-12-06 13:30:00,
1.207226569,9345643,Tessah Andrianjafitrimo,Andrianjafitrimo v V Gracheva,100,2022-12-06 13:07:25.671,5.5,2022-12-06 13:30:00,
1.207226569,10942984,Varvara Gracheva,Andrianjafitrimo v V Gracheva,0,2022-12-05 04:40:15.838,1.18,2022-12-06 00:00:00,
1.207226569,10942984,Varvara Gracheva,Andrianjafitrimo v V Gracheva,10,2022-12-05 21:05:05.363,1.27,2022-12-06 13:30:00,
1.207226569,10942984,Varvara Gracheva,Andrianjafitrimo v V Gracheva,20,2022-12-06 02:56:18.213,1.25,2022-12-06 13:30:00,
1.207226569,10942984,Varvara Gracheva,Andrianjafitrimo v V Gracheva,30,2022-12-06 09:01:12.186,1.22,2022-12-06 13:30:00,
1.207226569,10942984,Varvara Gracheva,Andrianjafitrimo v V Gracheva,40,2022-12-06 09:56:47.786,1.21,2022-12-06 13:30:00,
1.207226569,10942984,Varvara Gracheva,Andrianjafitrimo v V Gracheva,50,2022-12-06 10:51:28.623,1.21,2022-12-06 13:30:00,
1.207226569,10942984,Varvara Gracheva,Andrianjafitrimo v V Gracheva,60,2022-12-06 12:27:14.116,1.22,2022-12-06 13:30:00,
1.207226569,10942984,Varvara Gracheva,Andrianjafitrimo v V Gracheva,70,2022-12-06 12:42:30.383,1.22,2022-12-06 13:30:00,
1.207226569,10942984,Varvara Gracheva,Andrianjafitrimo v V Gracheva,80,2022-12-06 12:43:52.703,1.22,2022-12-06 13:30:00,
1.207226569,10942984,Varvara Gracheva,Andrianjafitrimo v V Gracheva,90,2022-12-06 13:10:30.228,1.22,2022-12-06 13:30:00,
1.207226569,10942984,Varvara Gracheva,Andrianjafitrimo v V Gracheva,100,2022-12-06 13:27:36.979,1.22,2022-12-06 13:30:00,
1.207232014,9635244,Anna Blinkova,Blinkova v Jo Zuger,0,2022-12-05 00:28:25.592,1.2,2022-12-05 18:30:00,
1.207232014,9635244,Anna Blinkova,Blinkova v Jo Zuger,10,2022-12-05 12:48:27.677,1.16,2022-12-05 18:30:00,
1.207232014,9635244,Anna Blinkova,Blinkova v Jo Zuger,20,2022-12-05 15:38:59.882,1.17,2022-12-05 18:30:00,
1.207232014,9635244,Anna Blinkova,Blinkova v Jo Zuger,30,2022-12-05 16:40:00.672,1.15,2022-12-05 18:30:00,
1.207232014,9635244,Anna Blinkova,Blinkova v Jo Zuger,40,2022-12-05 17:52:46.727,1.17,2022-12-05 18:30:00,
1.207232014,9635244,Anna Blinkova,Blinkova v Jo Zuger,50,2022-12-05 18:05:48.825,1.15,2022-12-05 18:30:00,
1.207232014,9635244,Anna Blinkova,Blinkova v Jo Zuger,60,2022-12-05 19:04:14.561,1.15,2022-12-05 19:15:00,
1.207232014,9635244,Anna Blinkova,Blinkova v Jo Zuger,70,2022-12-05 19:39:46.812,1.16,2022-12-05 19:45:00,
1.207232014,9635244,Anna Blinkova,Blinkova v Jo Zuger,80,2022-12-05 20:30:46.655,1.16,2022-12-05 20:45:00,
1.207232014,9635244,Anna Blinkova,Blinkova v Jo Zuger,90,2022-12-05 20:55:09.080,1.15,2022-12-05 21:00:00,
1.207232014,9635244,Anna Blinkova,Blinkova v Jo Zuger,100,2022-12-05 21:13:52.553,1.13,2022-12-05 21:15:00,
1.207232014,10349578,Joanne Zuger,Blinkova v Jo Zuger,0,2022-12-04 20:11:26.687,6.2,2022-12-05 18:30:00,
1.207232014,10349578,Joanne Zuger,Blinkova v Jo Zuger,10,2022-12-05 00:28:25.592,6.0,2022-12-05 18:30:00,
1.207232014,10349578,Joanne Zuger,Blinkova v Jo Zuger,20,2022-12-05 14:49:32.306,7.2,2022-12-05 18:30:00,
1.207232014,10349578,Joanne Zuger,Blinkova v Jo Zuger,30,2022-12-05 16:06:41.062,7.2,2022-12-05 18:30:00,
1.207232014,10349578,Joanne Zuger,Blinkova v Jo Zuger,40,2022-12-05 17:37:45.281,7.4,2022-12-05 18:30:00,
1.207232014,10349578,Joanne Zuger,Blinkova v Jo Zuger,50,2022-12-05 17:59:49.865,7.4,2022-12-05 18:30:00,
1.207232014,10349578,Joanne Zuger,Blinkova v Jo Zuger,60,2022-12-05 18:06:35.676,7.2,2022-12-05 18:30:00,
1.207232014,10349578,Joanne Zuger,Blinkova v Jo Zuger,70,2022-12-05 19:53:24.116,7.4,2022-12-05 20:00:00,
1.207232014,10349578,Joanne Zuger,Blinkova v Jo Zuger,80,2022-12-05 20:22:50.418,7.2,2022-12-05 20:30:00,
1.207232014,10349578,Joanne Zuger,Blinkova v Jo Zuger,90,2022-12-05 20:52:22.588,7.2,2022-12-05 21:00:00,
1.207232014,10349578,Joanne Zuger,Blinkova v Jo Zuger,100,2022-12-05 21:11:47.409,8.2,2022-12-05 21:15:00,
1.207250145,9632330,Emeline Dartron,Chl Noel v Dartron,0,2022-12-04 18:15:30.467,1.17,2022-12-05 08:30:00,
1.207250145,9632330,Emeline Dartron,Chl Noel v Dartron,10,2022-12-04 22:04:51.775,1.28,2022-12-05 08:30:00,
1.207250145,9632330,Emeline Dartron,Chl Noel v Dartron,20,2022-12-04 22:24:41.944,1.28,2022-12-05 08:30:00,
1.207250145,9632330,Emeline Dartron,Chl Noel v Dartron,30,2022-12-05 00:17:09.026,1.27,2022-12-05 08:30:00,
1.207250145,9632330,Emeline Dartron,Chl Noel v Dartron,40,2022-12-05 05:37:08.758,1.29,2022-12-05 08:30:00,
1.207250145,9632330,Emeline Dartron,Chl Noel v Dartron,50,2022-12-05 07:43:52.657,1.29,2022-12-05 08:30:00,
1.207250145,9632330,Emeline Dartron,Chl Noel v Dartron,60,2022-12-05 08:03:45.880,1.27,2022-12-05 08:30:00,
1.207250145,9632330,Emeline Dartron,Chl Noel v Dartron,70,2022-12-05 08:14:05.313,1.26,2022-12-05 08:30:00,
1.207250145,9632330,Emeline Dartron,Chl Noel v Dartron,80,2022-12-05 08:23:07.377,1.26,2022-12-05 08:30:00,
1.207250145,9632330,Emeline Dartron,Chl Noel v Dartron,90,2022-12-05 08:25:55.951,1.21,2022-12-05 08:30:00,
1.207250145,9632330,Emeline Dartron,Chl Noel v Dartron,100,2022-12-05 08:29:04.827,1.21,2022-12-05 08:30:00,
1.207250145,36156999,Chloe Noel,Chl Noel v Dartron,0,2022-12-04 20:03:24.545,4.3,2022-12-05 08:30:00,
1.207250145,36156999,Chloe Noel,Chl Noel v Dartron,10,2022-12-04 22:04:51.775,4.6,2022-12-05 08:30:00,
1.207250145,36156999,Chloe Noel,Chl Noel v Dartron,20,2022-12-04 23:18:52.761,4.6,2022-12-05 08:30:00,
1.207250145,36156999,Chloe Noel,Chl Noel v Dartron,30,2022-12-04 23:39:00.006,4.5,2022-12-05 08:30:00,
1.207250145,36156999,Chloe Noel,Chl Noel v Dartron,40,2022-12-05 00:48:56.166,4.8,2022-12-05 08:30:00,
1.207250145,36156999,Chloe Noel,Chl Noel v Dartron,50,2022-12-05 05:12:32.068,4.7,2022-12-05 08:30:00,
1.207250145,36156999,Chloe Noel,Chl Noel v Dartron,60,2022-12-05 06:46:41.055,4.8,2022-12-05 08:30:00,
1.207250145,36156999,Chloe Noel,Chl Noel v Dartron,70,2022-12-05 07:43:52.657,4.5,2022-12-05 08:30:00,
1.207250145,36156999,Chloe Noel,Chl Noel v Dartron,80,2022-12-05 08:14:05.313,4.9,2022-12-05 08:30:00,
1.207250145,36156999,Chloe Noel,Chl Noel v Dartron,90,2022-12-05 08:17:48.962,4.8,2022-12-05 08:30:00,
1.207250145,36156999,Chloe Noel,Chl Noel v Dartron,100,2022-12-05 08:26:12.775,5.4,2022-12-05 08:30:00,
1.207252687,9630115,Magali Kempen,Kempen v Jenn Lim,0,2022-12-04 21:25:22.241,1.22,2022-12-05 10:00:00,
1.207252687,9630115,Magali Kempen,Kempen v Jenn Lim,10,2022-12-04 21:56:35.176,1.19,2022-12-05 10:00:00,
1.207252687,9630115,Magali Kempen,Kempen v Jenn Lim,20,2022-12-04 22:24:48.965,1.18,2022-12-05 10:00:00,
1.207252687,9630115,Magali Kempen,Kempen v Jenn Lim,30,2022-12-05 00:30:20.003,1.18,2022-12-05 10:00:00,
1.207252687,9630115,Magali Kempen,Kempen v Jenn Lim,40,2022-12-05 05:45:50.433,1.19,2022-12-05 10:00:00,
1.207252687,9630115,Magali Kempen,Kempen v Jenn Lim,50,2022-12-05 06:52:18.621,1.16,2022-12-05 10:00:00,
1.207252687,9630115,Magali Kempen,Kempen v Jenn Lim,60,2022-12-05 07:24:16.186,1.16,2022-12-05 10:00:00,
1.207252687,9630115,Magali Kempen,Kempen v Jenn Lim,70,2022-12-05 08:29:35.030,1.13,2022-12-05 10:00:00,
1.207252687,9630115,Magali Kempen,Kempen v Jenn Lim,80,2022-12-05 09:22:33.786,1.13,2022-12-05 10:00:00,
1.207252687,9630115,Magali Kempen,Kempen v Jenn Lim,90,2022-12-05 09:42:51.962,1.12,2022-12-05 10:00:00,
1.207252687,9630115,Magali Kempen,Kempen v Jenn Lim,100,2022-12-05 09:58:47.547,1.1,2022-12-05 10:00:00,
1.207252687,50809754,Jenny Lim,Kempen v Jenn Lim,0,2022-12-05 00:31:05.018,7.0,2022-12-05 10:00:00,
1.207252687,50809754,Jenny Lim,Kempen v Jenn Lim,10,2022-12-05 05:38:47.411,6.6,2022-12-05 10:00:00,
1.207252687,50809754,Jenny Lim,Kempen v Jenn Lim,20,2022-12-05 06:34:53.955,7.0,2022-12-05 10:00:00,
1.207252687,50809754,Jenny Lim,Kempen v Jenn Lim,30,2022-12-05 07:53:36.767,7.8,2022-12-05 10:00:00,
1.207252687,50809754,Jenny Lim,Kempen v Jenn Lim,40,2022-12-05 08:15:55.614,8.0,2022-12-05 10:00:00,
1.207252687,50809754,Jenny Lim,Kempen v Jenn Lim,50,2022-12-05 09:22:33.786,9.2,2022-12-05 10:00:00,
1.207252687,50809754,Jenny Lim,Kempen v Jenn Lim,60,2022-12-05 09:24:49.437,8.8,2022-12-05 10:00:00,
1.207252687,50809754,Jenny Lim,Kempen v Jenn Lim,70,2022-12-05 09:35:08.648,9.2,2022-12-05 10:00:00,
1.207252687,50809754,Jenny Lim,Kempen v Jenn Lim,80,2022-12-05 09:42:51.962,9.2,2022-12-05 10:00:00,
1.207252687,50809754,Jenny Lim,Kempen v Jenn Lim,90,2022-12-05 09:50:54.387,10.0,2022-12-05 10:00:00,
1.207252687,50809754,Jenny Lim,Kempen v Jenn Lim,100,2022-12-05 09:58:47.547,11.0,2022-12-05 10:00:00,
1.207253942,2420585,Pemra Ozgen,J Garland v Ozgen,0,2022-12-04 20:42:51.275,2.68,2022-12-05 11:30:00,
1.207253942,2420585,Pemra Ozgen,J Garland v Ozgen,10,2022-12-04 21:35:33.687,2.48,2022-12-05 11:30:00,
1.207253942,2420585,Pemra Ozgen,J Garland v Ozgen,20,2022-12-05 09:30:15.581,2.86,2022-12-05 11:30:00,
1.207253942,2420585,Pemra Ozgen,J Garland v Ozgen,30,2022-12-05 09:50:44.362,2.86,2022-12-05 11:30:00,
1.207253942,2420585,Pemra Ozgen,J Garland v Ozgen,40,2022-12-05 10:47:33.644,2.74,2022-12-05 11:30:00,
1.207253942,2420585,Pemra Ozgen,J Garland v Ozgen,50,2022-12-05 11:07:40.257,2.64,2022-12-05 11:30:00,
1.207253942,2420585,Pemra Ozgen,J Garland v Ozgen,60,2022-12-05 11:16:48.338,2.72,2022-12-05 11:30:00,
1.207253942,2420585,Pemra Ozgen,J Garland v Ozgen,70,2022-12-05 11:21:39.011,3.05,2022-12-05 11:30:00,2022-12-05 11:18:50.498
1.207253942,2420585,Pemra Ozgen,J Garland v Ozgen,80,2022-12-05 11:23:49.525,2.98,2022-12-05 11:30:00,2022-12-05 11:18:50.498
1.207253942,2420585,Pemra Ozgen,J Garland v Ozgen,90,2022-12-05 11:26:48.797,2.96,2022-12-05 11:30:00,2022-12-05 11:18:50.498
1.207253942,2420585,Pemra Ozgen,J Garland v Ozgen,100,2022-12-05 11:29:49.758,4.3,2022-12-05 11:30:00,2022-12-05 11:18:50.498
1.207253942,11772894,Joanna Garland,J Garland v Ozgen,0,2022-12-04 20:42:51.275,1.6,2022-12-05 11:30:00,
1.207253942,11772894,Joanna Garland,J Garland v Ozgen,10,2022-12-04 22:41:35.023,1.65,2022-12-05 11:30:00,
1.207253942,11772894,Joanna Garland,J Garland v Ozgen,20,2022-12-05 05:52:46.808,1.55,2022-12-05 11:30:00,
1.207253942,11772894,Joanna Garland,J Garland v Ozgen,30,2022-12-05 08:23:12.720,1.54,2022-12-05 11:30:00,
1.207253942,11772894,Joanna Garland,J Garland v Ozgen,40,2022-12-05 09:42:46.317,1.53,2022-12-05 11:30:00,
1.207253942,11772894,Joanna Garland,J Garland v Ozgen,50,2022-12-05 10:45:48.234,1.54,2022-12-05 11:30:00,
1.207253942,11772894,Joanna Garland,J Garland v Ozgen,60,2022-12-05 11:06:49.722,1.57,2022-12-05 11:30:00,
1.207253942,11772894,Joanna Garland,J Garland v Ozgen,70,2022-12-05 11:14:38.254,1.56,2022-12-05 11:30:00,
1.207253942,11772894,Joanna Garland,J Garland v Ozgen,80,2022-12-05 11:21:39.011,1.48,2022-12-05 11:30:00,2022-12-05 11:18:50.498
1.207253942,11772894,Joanna Garland,J Garland v Ozgen,90,2022-12-05 11:25:50.914,1.48,2022-12-05 11:30:00,2022-12-05 11:18:50.498
1.207253942,11772894,Joanna Garland,J Garland v Ozgen,100,2022-12-05 11:29:49.758,1.29,2022-12-05 11:30:00,2022-12-05 11:18:50.498
1.207257108,10108736,Greet Minnen,Minnen v Hina Inoue,0,2022-12-04 22:25:12.140,1.23,2022-12-05 13:00:00,
1.207257108,10108736,Greet Minnen,Minnen v Hina Inoue,10,2022-12-05 06:17:54.868,1.3,2022-12-05 13:00:00,
1.207257108,10108736,Greet Minnen,Minnen v Hina Inoue,20,2022-12-05 10:13:33.355,1.25,2022-12-05 13:00:00,
1.207257108,10108736,Greet Minnen,Minnen v Hina Inoue,30,2022-12-05 11:25:24.373,1.24,2022-12-05 13:00:00,
1.207257108,10108736,Greet Minnen,Minnen v Hina Inoue,40,2022-12-05 12:04:48.176,1.3,2022-12-05 13:00:00,
1.207257108,10108736,Greet Minnen,Minnen v Hina Inoue,50,2022-12-05 12:34:43.650,1.26,2022-12-05 13:00:00,
1.207257108,10108736,Greet Minnen,Minnen v Hina Inoue,60,2022-12-05 12:35:49.762,1.28,2022-12-05 13:00:00,
1.207257108,10108736,Greet Minnen,Minnen v Hina Inoue,70,2022-12-05 12:48:33.010,1.28,2022-12-05 13:00:00,
1.207257108,10108736,Greet Minnen,Minnen v Hina Inoue,80,2022-12-05 12:51:31.982,1.26,2022-12-05 13:00:00,
1.207257108,10108736,Greet Minnen,Minnen v Hina Inoue,90,2022-12-05 12:54:48.339,1.25,2022-12-05 13:00:00,
1.207257108,10108736,Greet Minnen,Minnen v Hina Inoue,100,2022-12-05 12:59:51.018,1.25,2022-12-05 13:00:00,
1.207257108,18849142,Hina Inoue,Minnen v Hina Inoue,0,2022-12-05 08:05:42.883,4.5,2022-12-05 13:00:00,
1.207257108,18849142,Hina Inoue,Minnen v Hina Inoue,10,2022-12-05 09:08:55.860,4.7,2022-12-05 13:00:00,
1.207257108,18849142,Hina Inoue,Minnen v Hina Inoue,20,2022-12-05 11:16:20.806,5.0,2022-12-05 13:00:00,
1.207257108,18849142,Hina Inoue,Minnen v Hina Inoue,30,2022-12-05 11:58:41.241,4.8,2022-12-05 13:00:00,
1.207257108,18849142,Hina Inoue,Minnen v Hina Inoue,40,2022-12-05 12:04:48.176,4.3,2022-12-05 13:00:00,
1.207257108,18849142,Hina Inoue,Minnen v Hina Inoue,50,2022-12-05 12:50:44.769,4.7,2022-12-05 13:00:00,
1.207257108,18849142,Hina Inoue,Minnen v Hina Inoue,60,2022-12-05 12:51:31.982,4.8,2022-12-05 13:00:00,
1.207257108,18849142,Hina Inoue,Minnen v Hina Inoue,70,2022-12-05 12:53:33.534,4.7,2022-12-05 13:00:00,
1.207257108,18849142,Hina Inoue,Minnen v Hina Inoue,80,2022-12-05 12:54:48.339,5.0,2022-12-05 13:00:00,
1.207257108,18849142,Hina Inoue,Minnen v Hina Inoue,90,2022-12-05 12:55:44.223,4.8,2022-12-05 13:00:00,
1.207257108,18849142,Hina Inoue,Minnen v Hina Inoue,100,2022-12-05 12:59:51.018,5.0,2022-12-05 13:00:00,
1.20726747,37029068,D Shnaider,D Shnaider v N Szabanin,0,2022-12-05 04:23:09.240,1.37,2022-12-05 07:00:00,
1.20726747,37029068,D Shnaider,D Shnaider v N Szabanin,10,2022-12-05 06:11:48.056,1.57,2022-12-05 07:00:00,
1.20726747,37029068,D Shnaider,D Shnaider v N Szabanin,20,2022-12-05 07:37:31.188,1.45,2022-12-05 09:10:00,
1.20726747,37029068,D Shnaider,D Shnaider v N Szabanin,30,2022-12-05 07:53:18.812,1.35,2022-12-05 09:30:00,
1.20726747,37029068,D Shnaider,D Shnaider v N Szabanin,40,2022-12-05 08:04:32.410,1.34,2022-12-05 09:40:00,
1.20726747,37029068,D Shnaider,D Shnaider v N Szabanin,50,2022-12-05 09:23:54.103,1.33,2022-12-05 09:35:00,
1.20726747,37029068,D Shnaider,D Shnaider v N Szabanin,60,2022-12-05 09:42:43.696,1.44,2022-12-05 09:55:00,
1.20726747,37029068,D Shnaider,D Shnaider v N Szabanin,70,2022-12-05 09:52:44.535,1.35,2022-12-05 10:05:00,
1.20726747,37029068,D Shnaider,D Shnaider v N Szabanin,80,2022-12-05 09:58:49.941,1.29,2022-12-05 10:05:00,
1.20726747,37029068,D Shnaider,D Shnaider v N Szabanin,90,2022-12-05 10:02:27.740,1.33,2022-12-05 10:15:00,
1.20726747,37029068,D Shnaider,D Shnaider v N Szabanin,100,2022-12-05 10:14:50.922,1.3,2022-12-05 10:15:00,
1.207267472,9622888,T Babos,T Babos v D Jakupovic,0,2022-12-05 06:38:20.849,1.82,2022-12-05 07:00:00,
1.207267472,9622888,T Babos,T Babos v D Jakupovic,10,2022-12-05 07:53:34.568,1.74,2022-12-05 09:10:00,
1.207267472,9622888,T Babos,T Babos v D Jakupovic,20,2022-12-05 08:20:44.912,1.72,2022-12-05 09:10:00,
1.207267472,9622888,T Babos,T Babos v D Jakupovic,30,2022-12-05 08:21:48.421,1.9,2022-12-05 09:10:00,
1.207267472,9622888,T Babos,T Babos v D Jakupovic,40,2022-12-05 08:32:50.840,1.89,2022-12-05 09:10:00,
1.207267472,9622888,T Babos,T Babos v D Jakupovic,50,2022-12-05 08:40:43.587,1.72,2022-12-05 09:10:00,
1.207267472,9622888,T Babos,T Babos v D Jakupovic,60,2022-12-05 08:51:40.051,1.73,2022-12-05 09:10:00,
1.207267472,9622888,T Babos,T Babos v D Jakupovic,70,2022-12-05 08:52:44.970,1.68,2022-12-05 09:10:00,
1.207267472,9622888,T Babos,T Babos v D Jakupovic,80,2022-12-05 09:04:54.287,1.7,2022-12-05 09:10:00,
1.207267472,9622888,T Babos,T Babos v D Jakupovic,90,2022-12-05 09:05:52.080,1.73,2022-12-05 09:10:00,
1.207267472,9622888,T Babos,T Babos v D Jakupovic,100,2022-12-05 09:11:37.697,1.77,2022-12-05 09:20:00,
1.207279128,5548385,Alison Van Uytvanck,Kempen v A Van Uytvanck,0,2022-12-06 13:51:58.197,1.23,2022-12-07 00:00:00,
1.207279128,5548385,Alison Van Uytvanck,Kempen v A Van Uytvanck,10,2022-12-06 23:07:11.693,1.22,2022-12-07 09:00:00,
1.207279128,5548385,Alison Van Uytvanck,Kempen v A Van Uytvanck,20,2022-12-07 02:58:09.928,1.22,2022-12-07 09:00:00,
1.207279128,5548385,Alison Van Uytvanck,Kempen v A Van Uytvanck,30,2022-12-07 03:39:04.381,1.17,2022-12-07 09:00:00,
1.207279128,5548385,Alison Van Uytvanck,Kempen v A Van Uytvanck,40,2022-12-07 05:38:00.247,1.18,2022-12-07 09:00:00,
1.207279128,5548385,Alison Van Uytvanck,Kempen v A Van Uytvanck,50,2022-12-07 07:11:58.738,1.16,2022-12-07 09:00:00,
1.207279128,5548385,Alison Van Uytvanck,Kempen v A Van Uytvanck,60,2022-12-07 07:23:55.811,1.14,2022-12-07 09:00:00,
1.207279128,5548385,Alison Van Uytvanck,Kempen v A Van Uytvanck,70,2022-12-07 08:22:02.075,1.16,2022-12-07 09:00:00,
1.207279128,5548385,Alison Van Uytvanck,Kempen v A Van Uytvanck,80,2022-12-07 08:47:46.284,1.15,2022-12-07 09:00:00,
1.207279128,5548385,Alison Van Uytvanck,Kempen v A Van Uytvanck,90,2022-12-07 09:01:56.585,1.15,2022-12-07 09:10:00,
1.207279128,5548385,Alison Van Uytvanck,Kempen v A Van Uytvanck,100,2022-12-07 09:09:48.150,1.16,2022-12-07 09:10:00,
1.207279128,9630115,Magali Kempen,Kempen v A Van Uytvanck,0,2022-12-06 00:50:06.388,5.0,2022-12-07 00:00:00,
1.207279128,9630115,Magali Kempen,Kempen v A Van Uytvanck,10,2022-12-06 22:10:48.539,5.4,2022-12-07 09:00:00,
1.207279128,9630115,Magali Kempen,Kempen v A Van Uytvanck,20,2022-12-07 02:42:56.225,6.0,2022-12-07 09:00:00,
1.207279128,9630115,Magali Kempen,Kempen v A Van Uytvanck,30,2022-12-07 02:58:09.928,5.5,2022-12-07 09:00:00,
1.207279128,9630115,Magali Kempen,Kempen v A Van Uytvanck,40,2022-12-07 05:48:16.334,7.0,2022-12-07 09:00:00,
1.207279128,9630115,Magali Kempen,Kempen v A Van Uytvanck,50,2022-12-07 07:19:53.698,7.8,2022-12-07 09:00:00,
1.207279128,9630115,Magali Kempen,Kempen v A Van Uytvanck,60,2022-12-07 08:24:47.667,7.4,2022-12-07 09:00:00,
1.207279128,9630115,Magali Kempen,Kempen v A Van Uytvanck,70,2022-12-07 08:49:11.321,7.4,2022-12-07 09:00:00,
1.207279128,9630115,Magali Kempen,Kempen v A Van Uytvanck,80,2022-12-07 08:56:47.306,7.4,2022-12-07 09:00:00,
1.207279128,9630115,Magali Kempen,Kempen v A Van Uytvanck,90,2022-12-07 09:05:56.755,7.0,2022-12-07 09:10:00,
1.207279128,9630115,Magali Kempen,Kempen v A Van Uytvanck,100,2022-12-07 09:09:48.150,7.2,2022-12-07 09:10:00,
1.207279141,7299657,Tatjana Maria,T Maria v Minnen,0,2022-12-05 21:42:03.790,1.81,2022-12-06 10:30:00,
1.207279141,7299657,Tatjana Maria,T Maria v Minnen,10,2022-12-05 22:50:39.372,1.79,2022-12-06 10:30:00,
1.207279141,7299657,Tatjana Maria,T Maria v Minnen,20,2022-12-06 03:50:41.495,1.87,2022-12-06 10:30:00,
1.207279141,7299657,Tatjana Maria,T Maria v Minnen,30,2022-12-06 04:54:48.993,1.8,2022-12-06 10:30:00,
1.207279141,7299657,Tatjana Maria,T Maria v Minnen,40,2022-12-06 08:20:54.324,1.95,2022-12-06 10:30:00,
1.207279141,7299657,Tatjana Maria,T Maria v Minnen,50,2022-12-06 08:53:03.432,1.96,2022-12-06 10:30:00,
1.207279141,7299657,Tatjana Maria,T Maria v Minnen,60,2022-12-06 09:23:00.308,1.96,2022-12-06 10:30:00,
1.207279141,7299657,Tatjana Maria,T Maria v Minnen,70,2022-12-06 09:58:04.368,1.97,2022-12-06 10:30:00,
1.207279141,7299657,Tatjana Maria,T Maria v Minnen,80,2022-12-06 10:05:04.257,2.02,2022-12-06 10:30:00,
1.207279141,7299657,Tatjana Maria,T Maria v Minnen,90,2022-12-06 10:14:06.273,2.1,2022-12-06 10:30:00,
1.207279141,7299657,Tatjana Maria,T Maria v Minnen,100,2022-12-06 10:56:04.841,2.18,2022-12-06 11:00:00,
1.207279141,10108736,Greet Minnen,T Maria v Minnen,0,2022-12-05 21:42:03.790,2.24,2022-12-06 10:30:00,
1.207279141,10108736,Greet Minnen,T Maria v Minnen,10,2022-12-06 00:18:55.963,2.2,2022-12-06 10:30:00,
1.207279141,10108736,Greet Minnen,T Maria v Minnen,20,2022-12-06 03:50:41.495,2.16,2022-12-06 10:30:00,
1.207279141,10108736,Greet Minnen,T Maria v Minnen,30,2022-12-06 05:52:05.051,2.2,2022-12-06 10:30:00,
1.207279141,10108736,Greet Minnen,T Maria v Minnen,40,2022-12-06 06:11:45.777,2.06,2022-12-06 10:30:00,
1.207279141,10108736,Greet Minnen,T Maria v Minnen,50,2022-12-06 08:21:40.803,1.95,2022-12-06 10:30:00,
1.207279141,10108736,Greet Minnen,T Maria v Minnen,60,2022-12-06 09:32:00.353,2.0,2022-12-06 10:30:00,
1.207279141,10108736,Greet Minnen,T Maria v Minnen,70,2022-12-06 10:07:05.261,1.9,2022-12-06 10:30:00,
1.207279141,10108736,Greet Minnen,T Maria v Minnen,80,2022-12-06 10:16:35.207,1.87,2022-12-06 10:30:00,
1.207279141,10108736,Greet Minnen,T Maria v Minnen,90,2022-12-06 10:49:56.818,1.86,2022-12-06 11:00:00,
1.207279141,10108736,Greet Minnen,T Maria v Minnen,100,2022-12-06 10:58:51.831,1.83,2022-12-06 11:00:00,
1.207279142,4597116,Viktoriya Tomova,J Garland v V Tomova,0,2022-12-05 21:04:01.832,1.61,2022-12-06 09:00:00,
1.207279142,4597116,Viktoriya Tomova,J Garland v V Tomova,10,2022-12-06 00:42:02.334,1.66,2022-12-06 09:00:00,
1.207279142,4597116,Viktoriya Tomova,J Garland v V Tomova,20,2022-12-06 02:11:10.934,1.63,2022-12-06 09:00:00,
1.207279142,4597116,Viktoriya Tomova,J Garland v V Tomova,30,2022-12-06 03:50:41.495,1.67,2022-12-06 09:00:00,
1.207279142,4597116,Viktoriya Tomova,J Garland v V Tomova,40,2022-12-06 06:08:08.287,1.67,2022-12-06 09:00:00,
1.207279142,4597116,Viktoriya Tomova,J Garland v V Tomova,50,2022-12-06 08:15:54.112,1.75,2022-12-06 09:00:00,
1.207279142,4597116,Viktoriya Tomova,J Garland v V Tomova,60,2022-12-06 08:27:02.350,1.9,2022-12-06 09:00:00,
1.207279142,4597116,Viktoriya Tomova,J Garland v V Tomova,70,2022-12-06 08:32:00.597,1.86,2022-12-06 09:00:00,
1.207279142,4597116,Viktoriya Tomova,J Garland v V Tomova,80,2022-12-06 08:44:51.230,1.87,2022-12-06 09:00:00,
1.207279142,4597116,Viktoriya Tomova,J Garland v V Tomova,90,2022-12-06 08:51:52.553,1.91,2022-12-06 09:00:00,
1.207279142,4597116,Viktoriya Tomova,J Garland v V Tomova,100,2022-12-06 09:09:53.240,1.92,2022-12-06 09:10:00,
1.207279142,11772894,Joanna Garland,J Garland v V Tomova,0,2022-12-05 20:16:59.343,2.8,2022-12-06 09:00:00,
1.207279142,11772894,Joanna Garland,J Garland v V Tomova,10,2022-12-05 23:11:57.242,2.4,2022-12-06 09:00:00,
1.207279142,11772894,Joanna Garland,J Garland v V Tomova,20,2022-12-06 00:58:27.976,2.5,2022-12-06 09:00:00,
1.207279142,11772894,Joanna Garland,J Garland v V Tomova,30,2022-12-06 03:49:47.335,2.54,2022-12-06 09:00:00,
1.207279142,11772894,Joanna Garland,J Garland v V Tomova,40,2022-12-06 05:49:29.265,2.48,2022-12-06 09:00:00,
1.207279142,11772894,Joanna Garland,J Garland v V Tomova,50,2022-12-06 08:24:01.569,2.1,2022-12-06 09:00:00,
1.207279142,11772894,Joanna Garland,J Garland v V Tomova,60,2022-12-06 08:28:53.657,2.14,2022-12-06 09:00:00,
1.207279142,11772894,Joanna Garland,J Garland v V Tomova,70,2022-12-06 08:38:57.604,2.16,2022-12-06 09:00:00,
1.207279142,11772894,Joanna Garland,J Garland v V Tomova,80,2022-12-06 08:50:51.459,2.0,2022-12-06 09:00:00,
1.207279142,11772894,Joanna Garland,J Garland v V Tomova,90,2022-12-06 08:58:32.287,1.96,2022-12-06 09:00:00,
1.207279142,11772894,Joanna Garland,J Garland v V Tomova,100,2022-12-06 09:08:58.049,2.06,2022-12-06 09:10:00,
1.207323548,4597116,Viktoriya Tomova,Vondrousova v V Tomova,0,2022-12-06 22:25:59.318,5.7,2022-12-07 18:30:00,
1.207323548,4597116,Viktoriya Tomova,Vondrousova v V Tomova,10,2022-12-07 08:05:08.662,6.6,2022-12-07 18:30:00,
1.207323548,4597116,Viktoriya Tomova,Vondrousova v V Tomova,20,2022-12-07 15:09:14.426,7.4,2022-12-07 18:30:00,
1.207323548,4597116,Viktoriya Tomova,Vondrousova v V Tomova,30,2022-12-07 16:59:56.147,7.2,2022-12-07 18:30:00,
1.207323548,4597116,Viktoriya Tomova,Vondrousova v V Tomova,40,2022-12-07 17:22:12.207,9.2,2022-12-07 18:30:00,
1.207323548,4597116,Viktoriya Tomova,Vondrousova v V Tomova,50,2022-12-07 18:00:32.582,9.2,2022-12-07 18:30:00,
1.207323548,4597116,Viktoriya Tomova,Vondrousova v V Tomova,60,2022-12-07 18:03:03.316,8.0,2022-12-07 18:30:00,
1.207323548,4597116,Viktoriya Tomova,Vondrousova v V Tomova,70,2022-12-07 19:08:38.464,8.2,2022-12-07 19:15:00,
1.207323548,4597116,Viktoriya Tomova,Vondrousova v V Tomova,80,2022-12-07 20:09:54.624,8.8,2022-12-07 20:20:00,
1.207323548,4597116,Viktoriya Tomova,Vondrousova v V Tomova,90,2022-12-07 20:14:13.884,7.8,2022-12-07 20:20:00,
1.207323548,4597116,Viktoriya Tomova,Vondrousova v V Tomova,100,2022-12-07 20:18:12.021,7.2,2022-12-07 20:20:00,
1.207323548,9433253,Marketa Vondrousova,Vondrousova v V Tomova,0,2022-12-06 21:37:00.447,1.14,2022-12-07 18:30:00,
1.207323548,9433253,Marketa Vondrousova,Vondrousova v V Tomova,10,2022-12-06 23:04:12.279,1.19,2022-12-07 18:30:00,
1.207323548,9433253,Marketa Vondrousova,Vondrousova v V Tomova,20,2022-12-07 10:16:01.377,1.15,2022-12-07 18:30:00,
1.207323548,9433253,Marketa Vondrousova,Vondrousova v V Tomova,30,2022-12-07 15:52:57.827,1.15,2022-12-07 18:30:00,
1.207323548,9433253,Marketa Vondrousova,Vondrousova v V Tomova,40,2022-12-07 15:55:27.330,1.18,2022-12-07 18:30:00,
1.207323548,9433253,Marketa Vondrousova,Vondrousova v V Tomova,50,2022-12-07 16:59:56.147,1.12,2022-12-07 18:30:00,
1.207323548,9433253,Marketa Vondrousova,Vondrousova v V Tomova,60,2022-12-07 17:22:12.207,1.12,2022-12-07 18:30:00,
1.207323548,9433253,Marketa Vondrousova,Vondrousova v V Tomova,70,2022-12-07 17:56:00.058,1.13,2022-12-07 18:30:00,
1.207323548,9433253,Marketa Vondrousova,Vondrousova v V Tomova,80,2022-12-07 18:12:35.759,1.15,2022-12-07 18:30:00,
1.207323548,9433253,Marketa Vondrousova,Vondrousova v V Tomova,90,2022-12-07 20:09:54.624,1.13,2022-12-07 20:20:00,
1.207323548,9433253,Marketa Vondrousova,Vondrousova v V Tomova,100,2022-12-07 20:15:10.885,1.16,2022-12-07 20:20:00,
1.207329251,9628769,Jessika Ponchet,Minnen v Jes Ponchet,0,2022-12-06 22:24:28.023,3.0,2022-12-07 17:00:00,
1.207329251,9628769,Jessika Ponchet,Minnen v Jes Ponchet,10,2022-12-06 23:55:42.176,2.94,2022-12-07 17:00:00,
1.207329251,9628769,Jessika Ponchet,Minnen v Jes Ponchet,20,2022-12-07 05:40:17.642,2.72,2022-12-07 17:00:00,
1.207329251,9628769,Jessika Ponchet,Minnen v Jes Ponchet,30,2022-12-07 06:10:23.185,2.86,2022-12-07 17:00:00,
1.207329251,9628769,Jessika Ponchet,Minnen v Jes Ponchet,40,2022-12-07 16:36:34.471,2.86,2022-12-07 17:00:00,
1.207329251,9628769,Jessika Ponchet,Minnen v Jes Ponchet,50,2022-12-07 17:05:51.818,2.88,2022-12-07 17:15:00,
1.207329251,9628769,Jessika Ponchet,Minnen v Jes Ponchet,60,2022-12-07 17:07:48.561,2.9,2022-12-07 17:15:00,
1.207329251,9628769,Jessika Ponchet,Minnen v Jes Ponchet,70,2022-12-07 17:41:45.904,3.15,2022-12-07 17:55:00,
1.207329251,9628769,Jessika Ponchet,Minnen v Jes Ponchet,80,2022-12-07 17:44:28.093,3.2,2022-12-07 17:55:00,
1.207329251,9628769,Jessika Ponchet,Minnen v Jes Ponchet,90,2022-12-07 17:46:31.165,3.15,2022-12-07 17:55:00,
1.207329251,9628769,Jessika Ponchet,Minnen v Jes Ponchet,100,2022-12-07 18:06:42.069,3.2,2022-12-07 18:10:00,
1.207329251,10108736,Greet Minnen,Minnen v Jes Ponchet,0,2022-12-06 21:55:59.798,1.5,2022-12-07 17:00:00,
1.207329251,10108736,Greet Minnen,Minnen v Jes Ponchet,10,2022-12-07 10:44:50.164,1.52,2022-12-07 17:00:00,
1.207329251,10108736,Greet Minnen,Minnen v Jes Ponchet,20,2022-12-07 15:01:27.715,1.52,2022-12-07 17:00:00,
1.207329251,10108736,Greet Minnen,Minnen v Jes Ponchet,30,2022-12-07 16:36:34.471,1.54,2022-12-07 17:00:00,
1.207329251,10108736,Greet Minnen,Minnen v Jes Ponchet,40,2022-12-07 16:45:28.261,1.54,2022-12-07 17:00:00,
1.207329251,10108736,Greet Minnen,Minnen v Jes Ponchet,50,2022-12-07 17:05:51.818,1.52,2022-12-07 17:15:00,
1.207329251,10108736,Greet Minnen,Minnen v Jes Ponchet,60,2022-12-07 17:07:48.561,1.53,2022-12-07 17:15:00,
1.207329251,10108736,Greet Minnen,Minnen v Jes Ponchet,70,2022-12-07 17:13:51.093,1.5,2022-12-07 17:15:00,
1.207329251,10108736,Greet Minnen,Minnen v Jes Ponchet,80,2022-12-07 17:41:45.904,1.48,2022-12-07 17:55:00,
1.207329251,10108736,Greet Minnen,Minnen v Jes Ponchet,90,2022-12-07 17:44:28.093,1.46,2022-12-07 17:55:00,
1.207329251,10108736,Greet Minnen,Minnen v Jes Ponchet,100,2022-12-07 18:00:34.736,1.45,2022-12-07 18:10:00,
1.20733037,9635244,Anna Blinkova,Blinkova v C Tauson,0,2022-12-06 23:06:44.710,2.72,2022-12-08 00:00:00,
1.20733037,9635244,Anna Blinkova,Blinkova v C Tauson,10,2022-12-08 06:15:47.535,3.2,2022-12-08 13:30:00,
1.20733037,9635244,Anna Blinkova,Blinkova v C Tauson,20,2022-12-08 11:10:17.332,3.35,2022-12-08 13:30:00,
1.20733037,9635244,Anna Blinkova,Blinkova v C Tauson,30,2022-12-08 11:55:44.793,3.4,2022-12-08 13:30:00,
1.20733037,9635244,Anna Blinkova,Blinkova v C Tauson,40,2022-12-08 12:40:47.296,3.4,2022-12-08 13:30:00,
1.20733037,9635244,Anna Blinkova,Blinkova v C Tauson,50,2022-12-08 13:03:52.221,3.15,2022-12-08 13:30:00,
1.20733037,9635244,Anna Blinkova,Blinkova v C Tauson,60,2022-12-08 13:18:52.399,3.0,2022-12-08 13:30:00,
1.20733037,9635244,Anna Blinkova,Blinkova v C Tauson,70,2022-12-08 13:26:49.398,3.05,2022-12-08 13:30:00,
1.20733037,9635244,Anna Blinkova,Blinkova v C Tauson,80,2022-12-08 13:38:51.972,3.1,2022-12-08 13:50:00,
1.20733037,9635244,Anna Blinkova,Blinkova v C Tauson,90,2022-12-08 13:48:51.719,3.15,2022-12-08 13:50:00,
1.20733037,9635244,Anna Blinkova,Blinkova v C Tauson,100,2022-12-08 14:08:47.303,3.2,2022-12-08 14:10:00,
1.20733037,18848679,Clara Tauson,Blinkova v C Tauson,0,2022-12-07 09:50:16.443,1.47,2022-12-08 00:00:00,
1.20733037,18848679,Clara Tauson,Blinkova v C Tauson,10,2022-12-08 06:15:47.535,1.42,2022-12-08 13:30:00,
1.20733037,18848679,Clara Tauson,Blinkova v C Tauson,20,2022-12-08 09:55:44.522,1.44,2022-12-08 13:30:00,
1.20733037,18848679,Clara Tauson,Blinkova v C Tauson,30,2022-12-08 11:48:30.943,1.39,2022-12-08 13:30:00,
1.20733037,18848679,Clara Tauson,Blinkova v C Tauson,40,2022-12-08 12:38:50.378,1.41,2022-12-08 13:30:00,
1.20733037,18848679,Clara Tauson,Blinkova v C Tauson,50,2022-12-08 13:00:40.102,1.44,2022-12-08 13:30:00,
1.20733037,18848679,Clara Tauson,Blinkova v C Tauson,60,2022-12-08 13:23:44.758,1.49,2022-12-08 13:30:00,
1.20733037,18848679,Clara Tauson,Blinkova v C Tauson,70,2022-12-08 13:29:51.398,1.48,2022-12-08 13:30:00,
1.20733037,18848679,Clara Tauson,Blinkova v C Tauson,80,2022-12-08 13:39:51.059,1.46,2022-12-08 13:50:00,
1.20733037,18848679,Clara Tauson,Blinkova v C Tauson,90,2022-12-08 14:01:52.554,1.48,2022-12-08 14:10:00,
1.20733037,18848679,Clara Tauson,Blinkova v C Tauson,100,2022-12-08 14:09:50.784,1.44,2022-12-08 14:10:00,
1.207335137,2420585,Pemra Ozgen,Dartron v Ozgen,0,2022-12-06 20:36:02.215,1.67,2022-12-07 12:00:00,
1.207335137,2420585,Pemra Ozgen,Dartron v Ozgen,10,2022-12-06 22:42:04.860,1.78,2022-12-07 12:00:00,
1.207335137,2420585,Pemra Ozgen,Dartron v Ozgen,20,2022-12-07 00:00:03.202,1.84,2022-12-07 12:00:00,
1.207335137,2420585,Pemra Ozgen,Dartron v Ozgen,30,2022-12-07 02:14:02.982,1.79,2022-12-07 12:00:00,
1.207335137,2420585,Pemra Ozgen,Dartron v Ozgen,40,2022-12-07 07:57:57.664,1.73,2022-12-07 12:00:00,
1.207335137,2420585,Pemra Ozgen,Dartron v Ozgen,50,2022-12-07 09:57:04.547,1.85,2022-12-07 12:00:00,
1.207335137,2420585,Pemra Ozgen,Dartron v Ozgen,60,2022-12-07 11:06:09.783,1.84,2022-12-07 12:00:00,
1.207335137,2420585,Pemra Ozgen,Dartron v Ozgen,70,2022-12-07 11:34:08.661,1.96,2022-12-07 12:00:00,
1.207335137,2420585,Pemra Ozgen,Dartron v Ozgen,80,2022-12-07 11:47:48.214,1.97,2022-12-07 12:00:00,
1.207335137,2420585,Pemra Ozgen,Dartron v Ozgen,90,2022-12-07 12:32:15.131,1.99,2022-12-07 12:50:00,
1.207335137,2420585,Pemra Ozgen,Dartron v Ozgen,100,2022-12-07 12:48:13.228,2.02,2022-12-07 12:50:00,
1.207335137,9632330,Emeline Dartron,Dartron v Ozgen,0,2022-12-06 21:09:14.467,2.2,2022-12-07 12:00:00,
1.207335137,9632330,Emeline Dartron,Dartron v Ozgen,10,2022-12-06 23:28:59.676,2.16,2022-12-07 12:00:00,
1.207335137,9632330,Emeline Dartron,Dartron v Ozgen,20,2022-12-07 06:06:13.754,2.24,2022-12-07 12:00:00,
1.207335137,9632330,Emeline Dartron,Dartron v Ozgen,30,2022-12-07 08:09:14.833,2.36,2022-12-07 12:00:00,
1.207335137,9632330,Emeline Dartron,Dartron v Ozgen,40,2022-12-07 09:15:12.390,2.22,2022-12-07 12:00:00,
1.207335137,9632330,Emeline Dartron,Dartron v Ozgen,50,2022-12-07 10:44:53.174,2.18,2022-12-07 12:00:00,
1.207335137,9632330,Emeline Dartron,Dartron v Ozgen,60,2022-12-07 11:12:12.054,2.14,2022-12-07 12:00:00,
1.207335137,9632330,Emeline Dartron,Dartron v Ozgen,70,2022-12-07 11:37:05.693,2.0,2022-12-07 12:00:00,
1.207335137,9632330,Emeline Dartron,Dartron v Ozgen,80,2022-12-07 12:33:59.889,2.0,2022-12-07 12:50:00,
1.207335137,9632330,Emeline Dartron,Dartron v Ozgen,90,2022-12-07 12:46:09.052,1.98,2022-12-07 12:50:00,
1.207335137,9632330,Emeline Dartron,Dartron v Ozgen,100,2022-12-07 13:28:57.899,1.86,2022-12-07 13:30:00,
1.207335265,9627961,Jaqueline Cristian,J Cristian v Hina Inoue,0,2022-12-06 22:13:00.254,1.24,2022-12-07 10:30:00,
1.207335265,9627961,Jaqueline Cristian,J Cristian v Hina Inoue,10,2022-12-07 02:59:50.318,1.23,2022-12-07 10:30:00,
1.207335265,9627961,Jaqueline Cristian,J Cristian v Hina Inoue,20,2022-12-07 07:16:37.116,1.2,2022-12-07 10:30:00,
1.207335265,9627961,Jaqueline Cristian,J Cristian v Hina Inoue,30,2022-12-07 07:37:15.301,1.21,2022-12-07 10:30:00,
1.207335265,9627961,Jaqueline Cristian,J Cristian v Hina Inoue,40,2022-12-07 08:36:29.583,1.2,2022-12-07 10:30:00,
1.207335265,9627961,Jaqueline Cristian,J Cristian v Hina Inoue,50,2022-12-07 09:09:26.700,1.18,2022-12-07 10:30:00,
1.207335265,9627961,Jaqueline Cristian,J Cristian v Hina Inoue,60,2022-12-07 09:23:25.313,1.21,2022-12-07 10:30:00,
1.207335265,9627961,Jaqueline Cristian,J Cristian v Hina Inoue,70,2022-12-07 09:47:34.961,1.2,2022-12-07 10:30:00,
1.207335265,9627961,Jaqueline Cristian,J Cristian v Hina Inoue,80,2022-12-07 11:08:37.744,1.18,2022-12-07 11:15:00,
1.207335265,9627961,Jaqueline Cristian,J Cristian v Hina Inoue,90,2022-12-07 11:26:37.645,1.19,2022-12-07 11:30:00,
1.207335265,9627961,Jaqueline Cristian,J Cristian v Hina Inoue,100,2022-12-07 11:29:38.773,1.17,2022-12-07 11:30:00,2022-12-07 11:27:39.137
1.207335265,18849142,Hina Inoue,J Cristian v Hina Inoue,0,2022-12-06 23:56:02.342,4.6,2022-12-07 10:30:00,
1.207335265,18849142,Hina Inoue,J Cristian v Hina Inoue,10,2022-12-07 00:40:28.387,4.8,2022-12-07 10:30:00,
1.207335265,18849142,Hina Inoue,J Cristian v Hina Inoue,20,2022-12-07 03:29:15.055,5.2,2022-12-07 10:30:00,
1.207335265,18849142,Hina Inoue,J Cristian v Hina Inoue,30,2022-12-07 07:02:14.320,5.8,2022-12-07 10:30:00,
1.207335265,18849142,Hina Inoue,J Cristian v Hina Inoue,40,2022-12-07 07:16:37.116,5.9,2022-12-07 10:30:00,
1.207335265,18849142,Hina Inoue,J Cristian v Hina Inoue,50,2022-12-07 10:06:31.581,5.7,2022-12-07 10:30:00,
1.207335265,18849142,Hina Inoue,J Cristian v Hina Inoue,60,2022-12-07 10:14:35.968,5.7,2022-12-07 10:30:00,
1.207335265,18849142,Hina Inoue,J Cristian v Hina Inoue,70,2022-12-07 10:19:58.624,6.0,2022-12-07 10:30:00,
1.207335265,18849142,Hina Inoue,J Cristian v Hina Inoue,80,2022-12-07 11:25:39.231,5.8,2022-12-07 11:30:00,
1.207335265,18849142,Hina Inoue,J Cristian v Hina Inoue,90,2022-12-07 11:27:39.137,6.8,2022-12-07 11:30:00,2022-12-07 11:27:39.137
1.207335265,18849142,Hina Inoue,J Cristian v Hina Inoue,100,2022-12-07 11:29:38.773,7.0,2022-12-07 11:30:00,2022-12-07 11:27:39.137
1.207337252,10351066,Clara Burel,Burel v V Gracheva,0,2022-12-06 22:58:06.460,2.0,2022-12-08 00:00:00,
1.207337252,10351066,Clara Burel,Burel v V Gracheva,10,2022-12-07 18:51:55.142,1.97,2022-12-08 00:00:00,
1.207337252,10351066,Clara Burel,Burel v V Gracheva,20,2022-12-07 21:01:37.637,1.87,2022-12-08 17:30:00,
1.207337252,10351066,Clara Burel,Burel v V Gracheva,30,2022-12-08 08:40:00.997,1.91,2022-12-08 17:30:00,
1.207337252,10351066,Clara Burel,Burel v V Gracheva,40,2022-12-08 14:17:01.536,1.9,2022-12-08 17:30:00,
1.207337252,10351066,Clara Burel,Burel v V Gracheva,50,2022-12-08 16:19:36.856,1.95,2022-12-08 17:30:00,
1.207337252,10351066,Clara Burel,Burel v V Gracheva,60,2022-12-08 17:35:59.022,1.98,2022-12-08 17:50:00,
1.207337252,10351066,Clara Burel,Burel v V Gracheva,70,2022-12-08 17:56:01.341,1.99,2022-12-08 18:30:00,
1.207337252,10351066,Clara Burel,Burel v V Gracheva,80,2022-12-08 18:09:58.972,1.96,2022-12-08 18:30:00,
1.207337252,10351066,Clara Burel,Burel v V Gracheva,90,2022-12-08 18:18:54.935,1.96,2022-12-08 18:30:00,
1.207337252,10351066,Clara Burel,Burel v V Gracheva,100,2022-12-08 18:29:57.910,1.93,2022-12-08 18:30:00,
1.207337252,10942984,Varvara Gracheva,Burel v V Gracheva,0,2022-12-07 11:50:58.657,1.83,2022-12-08 00:00:00,
1.207337252,10942984,Varvara Gracheva,Burel v V Gracheva,10,2022-12-07 18:03:50.002,1.99,2022-12-08 00:00:00,
1.207337252,10942984,Varvara Gracheva,Burel v V Gracheva,20,2022-12-07 19:56:26.442,2.0,2022-12-08 00:00:00,
1.207337252,10942984,Varvara Gracheva,Burel v V Gracheva,30,2022-12-08 06:43:23.392,2.12,2022-12-08 17:30:00,
1.207337252,10942984,Varvara Gracheva,Burel v V Gracheva,40,2022-12-08 10:11:51.331,2.1,2022-12-08 17:30:00,
1.207337252,10942984,Varvara Gracheva,Burel v V Gracheva,50,2022-12-08 14:17:01.536,2.12,2022-12-08 17:30:00,
1.207337252,10942984,Varvara Gracheva,Burel v V Gracheva,60,2022-12-08 15:59:16.119,2.08,2022-12-08 17:30:00,
1.207337252,10942984,Varvara Gracheva,Burel v V Gracheva,70,2022-12-08 17:42:56.291,2.04,2022-12-08 17:50:00,
1.207337252,10942984,Varvara Gracheva,Burel v V Gracheva,80,2022-12-08 18:06:59.680,2.06,2022-12-08 18:30:00,
1.207337252,10942984,Varvara Gracheva,Burel v V Gracheva,90,2022-12-08 18:17:53.579,2.06,2022-12-08 18:30:00,
1.207337252,10942984,Varvara Gracheva,Burel v V Gracheva,100,2022-12-08 18:26:58.834,2.04,2022-12-08 18:30:00,
1.207340649,8907168,Anhelina Kalinina,Sof Kenin v A Kalinina,0,2022-12-07 06:48:51.036,1.89,2022-12-08 00:00:00,
1.207340649,8907168,Anhelina Kalinina,Sof Kenin v A Kalinina,10,2022-12-07 21:58:52.397,2.0,2022-12-08 16:00:00,
1.207340649,8907168,Anhelina Kalinina,Sof Kenin v A Kalinina,20,2022-12-08 01:49:43.571,1.94,2022-12-08 16:00:00,
1.207340649,8907168,Anhelina Kalinina,Sof Kenin v A Kalinina,30,2022-12-08 09:08:44.950,1.88,2022-12-08 16:00:00,
1.207340649,8907168,Anhelina Kalinina,Sof Kenin v A Kalinina,40,2022-12-08 10:01:34.943,1.78,2022-12-08 16:00:00,
1.207340649,8907168,Anhelina Kalinina,Sof Kenin v A Kalinina,50,2022-12-08 11:52:05.693,1.81,2022-12-08 16:00:00,
1.207340649,8907168,Anhelina Kalinina,Sof Kenin v A Kalinina,60,2022-12-08 13:18:19.378,1.82,2022-12-08 16:00:00,
1.207340649,8907168,Anhelina Kalinina,Sof Kenin v A Kalinina,70,2022-12-08 15:40:16.280,1.78,2022-12-08 16:00:00,
1.207340649,8907168,Anhelina Kalinina,Sof Kenin v A Kalinina,80,2022-12-08 16:20:55.317,1.79,2022-12-08 16:50:00,
1.207340649,8907168,Anhelina Kalinina,Sof Kenin v A Kalinina,90,2022-12-08 17:08:51.437,1.79,2022-12-08 17:30:00,
1.207340649,8907168,Anhelina Kalinina,Sof Kenin v A Kalinina,100,2022-12-08 17:36:50.947,1.76,2022-12-08 17:40:00,
1.207340649,9149629,Sofia Kenin,Sof Kenin v A Kalinina,0,2022-12-07 04:13:17.909,1.83,2022-12-08 00:00:00,
1.207340649,9149629,Sofia Kenin,Sof Kenin v A Kalinina,10,2022-12-07 17:18:51.644,2.06,2022-12-08 00:00:00,
1.207340649,9149629,Sofia Kenin,Sof Kenin v A Kalinina,20,2022-12-07 21:59:00.954,1.97,2022-12-08 16:00:00,
1.207340649,9149629,Sofia Kenin,Sof Kenin v A Kalinina,30,2022-12-08 03:00:41.417,2.1,2022-12-08 16:00:00,
1.207340649,9149629,Sofia Kenin,Sof Kenin v A Kalinina,40,2022-12-08 07:55:18.835,2.14,2022-12-08 16:00:00,
1.207340649,9149629,Sofia Kenin,Sof Kenin v A Kalinina,50,2022-12-08 11:10:19.392,2.26,2022-12-08 16:00:00,
1.207340649,9149629,Sofia Kenin,Sof Kenin v A Kalinina,60,2022-12-08 12:56:40.479,2.24,2022-12-08 16:00:00,
1.207340649,9149629,Sofia Kenin,Sof Kenin v A Kalinina,70,2022-12-08 16:17:28.160,2.24,2022-12-08 16:20:00,
1.207340649,9149629,Sofia Kenin,Sof Kenin v A Kalinina,80,2022-12-08 17:07:22.440,2.28,2022-12-08 17:30:00,
1.207340649,9149629,Sofia Kenin,Sof Kenin v A Kalinina,90,2022-12-08 17:32:47.526,2.22,2022-12-08 17:40:00,
1.207340649,9149629,Sofia Kenin,Sof Kenin v A Kalinina,100,2022-12-08 17:37:47.388,2.28,2022-12-08 17:40:00,
1.207352107,37029068,D Shnaider,D Shnaider v T Babos,0,2022-12-07 06:08:02.359,1.16,2022-12-07 08:00:00,
1.207352107,37029068,D Shnaider,D Shnaider v T Babos,10,2022-12-07 06:49:09.353,1.23,2022-12-07 08:00:00,
1.207352107,37029068,D Shnaider,D Shnaider v T Babos,20,2022-12-07 06:57:18.076,1.2,2022-12-07 08:00:00,
1.207352107,37029068,D Shnaider,D Shnaider v T Babos,30,2022-12-07 07:24:06.070,1.23,2022-12-07 08:00:00,
1.207352107,37029068,D Shnaider,D Shnaider v T Babos,40,2022-12-07 07:42:34.460,1.21,2022-12-07 08:00:00,
1.207352107,37029068,D Shnaider,D Shnaider v T Babos,50,2022-12-07 08:11:39.689,1.13,2022-12-07 08:20:00,
1.207352107,37029068,D Shnaider,D Shnaider v T Babos,60,2022-12-07 08:12:30.111,1.14,2022-12-07 08:20:00,
1.207352107,37029068,D Shnaider,D Shnaider v T Babos,70,2022-12-07 08:13:39.110,1.13,2022-12-07 08:20:00,
1.207352107,37029068,D Shnaider,D Shnaider v T Babos,80,2022-12-07 08:15:22.484,1.14,2022-12-07 08:20:00,
1.207352107,37029068,D Shnaider,D Shnaider v T Babos,90,2022-12-07 08:26:54.455,1.13,2022-12-07 08:30:00,
1.207352107,37029068,D Shnaider,D Shnaider v T Babos,100,2022-12-07 08:27:45.516,1.14,2022-12-07 08:30:00,
1.207352116,36687003,A Todoni,A Todoni v G Turhan,0,2022-12-07 08:00:01.028,1.03,2022-12-07 10:30:00,2022-12-07 07:26:10.637
1.207352116,36687003,A Todoni,A Todoni v G Turhan,10,2022-12-07 09:35:05.485,1.03,2022-12-07 13:00:00,2022-12-07 07:26:10.637
1.207352116,36687003,A Todoni,A Todoni v G Turhan,20,2022-12-07 10:42:46.135,1.03,2022-12-07 13:00:00,2022-12-07 07:26:10.637
1.207352116,36687003,A Todoni,A Todoni v G Turhan,30,2022-12-07 12:19:06.079,1.05,2022-12-07 13:40:00,2022-12-07 07:26:10.637
1.207352116,36687003,A Todoni,A Todoni v G Turhan,40,2022-12-07 17:02:13.245,1.01,2022-12-08 06:30:00,2022-12-07 07:26:10.637
1.207352116,36687003,A Todoni,A Todoni v G Turhan,50,2022-12-07 19:57:14.391,1.04,2022-12-08 06:30:00,2022-12-07 07:26:10.637
1.207352116,36687003,A Todoni,A Todoni v G Turhan,60,2022-12-07 22:28:14.575,1.03,2022-12-08 06:30:00,2022-12-07 07:26:10.637
1.207352116,36687003,A Todoni,A Todoni v G Turhan,70,2022-12-07 23:24:29.709,1.02,2022-12-08 06:30:00,2022-12-07 07:26:10.637
1.207352116,36687003,A Todoni,A Todoni v G Turhan,80,2022-12-08 01:30:28.074,1.04,2022-12-08 06:30:00,2022-12-07 07:26:10.637
1.207352116,36687003,A Todoni,A Todoni v G Turhan,90,2022-12-08 04:39:58.968,1.01,2022-12-08 06:30:00,2022-12-07 07:26:10.637
1.207352116,36687003,A Todoni,A Todoni v G Turhan,100,2022-12-08 05:09:27.561,1.02,2022-12-08 06:30:00,2022-12-07 07:26:10.637
1.207366398,40840421,Dzalamidze/Panova,Ponchet/Voracova v Dzalamidze/Panova,0,2022-12-07 20:39:57.303,1.57,2022-12-09 00:00:00,
1.207366398,40840421,Dzalamidze/Panova,Ponchet/Voracova v Dzalamidze/Panova,10,2022-12-08 09:09:30.292,1.81,2022-12-09 00:00:00,
1.207366398,40840421,Dzalamidze/Panova,Ponchet/Voracova v Dzalamidze/Panova,20,2022-12-08 18:32:15.394,1.57,2022-12-09 19:00:00,
1.207366398,40840421,Dzalamidze/Panova,Ponchet/Voracova v Dzalamidze/Panova,30,2022-12-09 07:52:46.867,1.58,2022-12-09 19:00:00,
1.207366398,40840421,Dzalamidze/Panova,Ponchet/Voracova v Dzalamidze/Panova,40,2022-12-09 12:40:02.315,1.67,2022-12-09 19:00:00,
1.207366398,40840421,Dzalamidze/Panova,Ponchet/Voracova v Dzalamidze/Panova,50,2022-12-09 13:00:05.470,1.69,2022-12-09 19:00:00,
1.207366398,40840421,Dzalamidze/Panova,Ponchet/Voracova v Dzalamidze/Panova,60,2022-12-09 13:29:58.335,1.84,2022-12-09 19:00:00,
1.207366398,40840421,Dzalamidze/Panova,Ponchet/Voracova v Dzalamidze/Panova,70,2022-12-09 16:22:55.010,1.69,2022-12-09 19:00:00,
1.207366398,40840421,Dzalamidze/Panova,Ponchet/Voracova v Dzalamidze/Panova,80,2022-12-09 16:33:33.597,1.84,2022-12-09 19:00:00,
1.207366398,40840421,Dzalamidze/Panova,Ponchet/Voracova v Dzalamidze/Panova,90,2022-12-09 16:40:04.687,1.97,2022-12-09 19:00:00,
1.207366398,40840421,Dzalamidze/Panova,Ponchet/Voracova v Dzalamidze/Panova,100,2022-12-09 18:54:02.275,1.83,2022-12-09 19:00:00,
1.207366398,49445598,Ponchet/Voracova,Ponchet/Voracova v Dzalamidze/Panova,0,2022-12-07 20:39:57.303,2.24,2022-12-09 00:00:00,
1.207366398,49445598,Ponchet/Voracova,Ponchet/Voracova v Dzalamidze/Panova,10,2022-12-08 06:40:01.724,2.76,2022-12-09 00:00:00,
1.207366398,49445598,Ponchet/Voracova,Ponchet/Voracova v Dzalamidze/Panova,20,2022-12-08 18:40:01.764,2.76,2022-12-09 19:00:00,
1.207366398,49445598,Ponchet/Voracova,Ponchet/Voracova v Dzalamidze/Panova,30,2022-12-09 07:52:46.867,2.74,2022-12-09 19:00:00,
1.207366398,49445598,Ponchet/Voracova,Ponchet/Voracova v Dzalamidze/Panova,40,2022-12-09 13:29:58.335,2.2,2022-12-09 19:00:00,
1.207366398,49445598,Ponchet/Voracova,Ponchet/Voracova v Dzalamidze/Panova,50,2022-12-09 14:40:00.759,2.6,2022-12-09 19:00:00,
1.207366398,49445598,Ponchet/Voracova,Ponchet/Voracova v Dzalamidze/Panova,60,2022-12-09 16:33:33.597,2.2,2022-12-09 19:00:00,
1.207366398,49445598,Ponchet/Voracova,Ponchet/Voracova v Dzalamidze/Panova,70,2022-12-09 16:40:04.687,2.04,2022-12-09 19:00:00,
1.207366398,49445598,Ponchet/Voracova,Ponchet/Voracova v Dzalamidze/Panova,80,2022-12-09 18:03:44.706,2.1,2022-12-09 19:00:00,
1.207366398,49445598,Ponchet/Voracova,Ponchet/Voracova v Dzalamidze/Panova,90,2022-12-09 18:54:02.275,1.98,2022-12-09 19:00:00,
1.207366398,49445598,Ponchet/Voracova,Ponchet/Voracova v Dzalamidze/Panova,100,2022-12-09 18:55:55.531,1.98,2022-12-09 19:00:00,
1.207366401,50893723,Kolodziejov/Vondrousova,Kolodziejov/Vondrousova v Kempen/Lechemia,0,2022-12-09 07:53:14.487,1.11,2022-12-09 17:30:00,
1.207366401,50893723,Kolodziejov/Vondrousova,Kolodziejov/Vondrousova v Kempen/Lechemia,10,2022-12-09 08:56:06.978,1.15,2022-12-09 17:30:00,
1.207366401,50893723,Kolodziejov/Vondrousova,Kolodziejov/Vondrousova v Kempen/Lechemia,20,2022-12-09 09:04:20.491,1.16,2022-12-09 17:30:00,
1.207366401,50893723,Kolodziejov/Vondrousova,Kolodziejov/Vondrousova v Kempen/Lechemia,30,2022-12-09 12:49:00.254,1.26,2022-12-09 17:30:00,
1.207366401,50893723,Kolodziejov/Vondrousova,Kolodziejov/Vondrousova v Kempen/Lechemia,40,2022-12-09 13:01:51.421,1.13,2022-12-09 17:30:00,
1.207366401,50893723,Kolodziejov/Vondrousova,Kolodziejov/Vondrousova v Kempen/Lechemia,50,2022-12-09 14:49:50.457,1.34,2022-12-09 17:30:00,
1.207366401,50893723,Kolodziejov/Vondrousova,Kolodziejov/Vondrousova v Kempen/Lechemia,60,2022-12-09 15:30:42.017,1.27,2022-12-09 17:30:00,
1.207366401,50893723,Kolodziejov/Vondrousova,Kolodziejov/Vondrousova v Kempen/Lechemia,70,2022-12-09 15:32:02.568,1.34,2022-12-09 17:30:00,
1.207366401,50893723,Kolodziejov/Vondrousova,Kolodziejov/Vondrousova v Kempen/Lechemia,80,2022-12-09 16:25:03.256,1.27,2022-12-09 17:30:00,
1.207366401,50893723,Kolodziejov/Vondrousova,Kolodziejov/Vondrousova v Kempen/Lechemia,90,2022-12-09 16:28:24.782,1.23,2022-12-09 17:30:00,
1.207366401,50893723,Kolodziejov/Vondrousova,Kolodziejov/Vondrousova v Kempen/Lechemia,100,2022-12-09 17:27:06.177,1.33,2022-12-09 17:30:00,
1.207370449,9166525,Tamara Korpatsch,Tama Korpatsch v Dartron,0,2022-12-07 22:24:08.073,1.13,2022-12-08 10:30:00,
1.207370449,9166525,Tamara Korpatsch,Tama Korpatsch v Dartron,10,2022-12-08 02:33:21.185,1.16,2022-12-08 10:30:00,
1.207370449,9166525,Tamara Korpatsch,Tama Korpatsch v Dartron,20,2022-12-08 04:58:02.838,1.14,2022-12-08 10:30:00,
1.207370449,9166525,Tamara Korpatsch,Tama Korpatsch v Dartron,30,2022-12-08 08:42:21.892,1.15,2022-12-08 10:30:00,
1.207370449,9166525,Tamara Korpatsch,Tama Korpatsch v Dartron,40,2022-12-08 09:03:17.532,1.13,2022-12-08 10:30:00,
1.207370449,9166525,Tamara Korpatsch,Tama Korpatsch v Dartron,50,2022-12-08 09:21:10.304,1.14,2022-12-08 10:30:00,
1.207370449,9166525,Tamara Korpatsch,Tama Korpatsch v Dartron,60,2022-12-08 09:46:09.671,1.14,2022-12-08 10:30:00,
1.207370449,9166525,Tamara Korpatsch,Tama Korpatsch v Dartron,70,2022-12-08 10:18:03.133,1.13,2022-12-08 10:30:00,
1.207370449,9166525,Tamara Korpatsch,Tama Korpatsch v Dartron,80,2022-12-08 10:25:24.058,1.15,2022-12-08 10:30:00,
1.207370449,9166525,Tamara Korpatsch,Tama Korpatsch v Dartron,90,2022-12-08 10:28:25.121,1.17,2022-12-08 10:30:00,
1.207370449,9166525,Tamara Korpatsch,Tama Korpatsch v Dartron,100,2022-12-08 10:38:26.074,1.18,2022-12-08 10:40:00,
1.207370449,9632330,Emeline Dartron,Tama Korpatsch v Dartron,0,2022-12-07 22:24:08.073,8.8,2022-12-08 10:30:00,
1.207370449,9632330,Emeline Dartron,Tama Korpatsch v Dartron,10,2022-12-08 02:31:57.001,8.0,2022-12-08 10:30:00,
1.207370449,9632330,Emeline Dartron,Tama Korpatsch v Dartron,20,2022-12-08 03:01:18.101,7.8,2022-12-08 10:30:00,
1.207370449,9632330,Emeline Dartron,Tama Korpatsch v Dartron,30,2022-12-08 08:42:21.892,7.6,2022-12-08 10:30:00,
1.207370449,9632330,Emeline Dartron,Tama Korpatsch v Dartron,40,2022-12-08 09:18:24.092,7.6,2022-12-08 10:30:00,
1.207370449,9632330,Emeline Dartron,Tama Korpatsch v Dartron,50,2022-12-08 09:26:12.728,7.6,2022-12-08 10:30:00,
1.207370449,9632330,Emeline Dartron,Tama Korpatsch v Dartron,60,2022-12-08 09:39:15.096,8.0,2022-12-08 10:30:00,
1.207370449,9632330,Emeline Dartron,Tama Korpatsch v Dartron,70,2022-12-08 10:22:45.304,8.2,2022-12-08 10:30:00,
1.207370449,9632330,Emeline Dartron,Tama Korpatsch v Dartron,80,2022-12-08 10:26:11.843,7.4,2022-12-08 10:30:00,
1.207370449,9632330,Emeline Dartron,Tama Korpatsch v Dartron,90,2022-12-08 10:35:24.032,6.8,2022-12-08 10:40:00,
1.207370449,9632330,Emeline Dartron,Tama Korpatsch v Dartron,100,2022-12-08 10:38:26.074,6.4,2022-12-08 10:40:00,
1.207371763,9627961,Jaqueline Cristian,Aly Parks v J Cristian,0,2022-12-07 19:45:18.847,3.5,2022-12-08 00:00:00,
1.207371763,9627961,Jaqueline Cristian,Aly Parks v J Cristian,10,2022-12-07 22:51:52.203,3.45,2022-12-08 14:30:00,
1.207371763,9627961,Jaqueline Cristian,Aly Parks v J Cristian,20,2022-12-08 04:59:19.945,3.8,2022-12-08 14:30:00,
1.207371763,9627961,Jaqueline Cristian,Aly Parks v J Cristian,30,2022-12-08 09:39:35.975,3.85,2022-12-08 14:30:00,
1.207371763,9627961,Jaqueline Cristian,Aly Parks v J Cristian,40,2022-12-08 11:46:15.411,4.2,2022-12-08 14:30:00,
1.207371763,9627961,Jaqueline Cristian,Aly Parks v J Cristian,50,2022-12-08 12:10:40.523,3.9,2022-12-08 14:30:00,
1.207371763,9627961,Jaqueline Cristian,Aly Parks v J Cristian,60,2022-12-08 12:55:56.667,4.1,2022-12-08 14:30:00,
1.207371763,9627961,Jaqueline Cristian,Aly Parks v J Cristian,70,2022-12-08 13:33:53.548,4.4,2022-12-08 14:30:00,
1.207371763,9627961,Jaqueline Cristian,Aly Parks v J Cristian,80,2022-12-08 15:02:53.275,4.3,2022-12-08 15:10:00,
1.207371763,9627961,Jaqueline Cristian,Aly Parks v J Cristian,90,2022-12-08 15:54:51.487,4.8,2022-12-08 16:00:00,
1.207371763,9627961,Jaqueline Cristian,Aly Parks v J Cristian,100,2022-12-08 15:59:53.809,3.9,2022-12-08 16:00:00,2022-12-08 15:58:53.207
1.207371763,11233227,Alycia Parks,Aly Parks v J Cristian,0,2022-12-07 19:45:18.847,1.4,2022-12-08 00:00:00,
1.207371763,11233227,Alycia Parks,Aly Parks v J Cristian,10,2022-12-07 23:23:38.575,1.38,2022-12-08 14:30:00,
1.207371763,11233227,Alycia Parks,Aly Parks v J Cristian,20,2022-12-08 08:12:48.229,1.34,2022-12-08 14:30:00,
1.207371763,11233227,Alycia Parks,Aly Parks v J Cristian,30,2022-12-08 10:22:43.549,1.3,2022-12-08 14:30:00,
1.207371763,11233227,Alycia Parks,Aly Parks v J Cristian,40,2022-12-08 12:08:41.797,1.32,2022-12-08 14:30:00,
1.207371763,11233227,Alycia Parks,Aly Parks v J Cristian,50,2022-12-08 12:53:44.964,1.32,2022-12-08 14:30:00,
1.207371763,11233227,Alycia Parks,Aly Parks v J Cristian,60,2022-12-08 13:27:48.038,1.32,2022-12-08 14:30:00,
1.207371763,11233227,Alycia Parks,Aly Parks v J Cristian,70,2022-12-08 14:27:43.473,1.3,2022-12-08 14:30:00,
1.207371763,11233227,Alycia Parks,Aly Parks v J Cristian,80,2022-12-08 14:50:53.464,1.32,2022-12-08 15:10:00,
1.207371763,11233227,Alycia Parks,Aly Parks v J Cristian,90,2022-12-08 15:02:53.275,1.3,2022-12-08 15:10:00,
1.207371763,11233227,Alycia Parks,Aly Parks v J Cristian,100,2022-12-08 15:59:53.809,1.33,2022-12-08 16:00:00,2022-12-08 15:58:53.207
1.207372456,7593369,Anna-Lena Friedsam,Friedsam v Kempen,0,2022-12-07 21:50:51.054,1.44,2022-12-08 12:00:00,
1.207372456,7593369,Anna-Lena Friedsam,Friedsam v Kempen,10,2022-12-08 07:51:32.199,1.5,2022-12-08 12:00:00,
1.207372456,7593369,Anna-Lena Friedsam,Friedsam v Kempen,20,2022-12-08 09:50:17.574,1.5,2022-12-08 12:00:00,
1.207372456,7593369,Anna-Lena Friedsam,Friedsam v Kempen,30,2022-12-08 10:02:45.529,1.5,2022-12-08 12:00:00,
1.207372456,7593369,Anna-Lena Friedsam,Friedsam v Kempen,40,2022-12-08 10:35:38.793,1.5,2022-12-08 12:00:00,
1.207372456,7593369,Anna-Lena Friedsam,Friedsam v Kempen,50,2022-12-08 10:55:49.189,1.49,2022-12-08 12:00:00,
1.207372456,7593369,Anna-Lena Friedsam,Friedsam v Kempen,60,2022-12-08 11:08:41.972,1.5,2022-12-08 12:00:00,
1.207372456,7593369,Anna-Lena Friedsam,Friedsam v Kempen,70,2022-12-08 11:14:51.629,1.48,2022-12-08 12:00:00,
1.207372456,7593369,Anna-Lena Friedsam,Friedsam v Kempen,80,2022-12-08 11:21:53.585,1.49,2022-12-08 12:00:00,
1.207372456,7593369,Anna-Lena Friedsam,Friedsam v Kempen,90,2022-12-08 11:43:51.434,1.5,2022-12-08 12:00:00,
1.207372456,7593369,Anna-Lena Friedsam,Friedsam v Kempen,100,2022-12-08 11:55:53.526,1.49,2022-12-08 12:00:00,
1.207372456,9630115,Magali Kempen,Friedsam v Kempen,0,2022-12-07 21:34:40.204,2.92,2022-12-08 12:00:00,
1.207372456,9630115,Magali Kempen,Friedsam v Kempen,10,2022-12-07 21:51:22.778,2.52,2022-12-08 12:00:00,
1.207372456,9630115,Magali Kempen,Friedsam v Kempen,20,2022-12-08 08:17:30.442,2.9,2022-12-08 12:00:00,
1.207372456,9630115,Magali Kempen,Friedsam v Kempen,30,2022-12-08 09:45:55.008,2.88,2022-12-08 12:00:00,
1.207372456,9630115,Magali Kempen,Friedsam v Kempen,40,2022-12-08 09:57:51.969,2.92,2022-12-08 12:00:00,
1.207372456,9630115,Magali Kempen,Friedsam v Kempen,50,2022-12-08 10:02:45.529,3.0,2022-12-08 12:00:00,
1.207372456,9630115,Magali Kempen,Friedsam v Kempen,60,2022-12-08 10:03:55.087,2.98,2022-12-08 12:00:00,
1.207372456,9630115,Magali Kempen,Friedsam v Kempen,70,2022-12-08 10:45:30.395,3.0,2022-12-08 12:00:00,
1.207372456,9630115,Magali Kempen,Friedsam v Kempen,80,2022-12-08 11:40:53.122,3.05,2022-12-08 12:00:00,
1.207372456,9630115,Magali Kempen,Friedsam v Kempen,90,2022-12-08 11:44:14.117,3.0,2022-12-08 12:00:00,
1.207372456,9630115,Magali Kempen,Friedsam v Kempen,100,2022-12-08 11:55:53.526,3.0,2022-12-08 12:00:00,
1.207385254,8962036,Matteo Berrettini,Stan Wawrinka v Matteo Berrettini,0,2022-12-08 05:46:35.463,1.71,2022-12-08 08:00:00,
1.207385254,8962036,Matteo Berrettini,Stan Wawrinka v Matteo Berrettini,10,2022-12-08 05:48:43.291,1.65,2022-12-08 08:00:00,
1.207385254,8962036,Matteo Berrettini,Stan Wawrinka v Matteo Berrettini,20,2022-12-08 06:17:00.882,1.61,2022-12-08 08:00:00,
1.207385254,8962036,Matteo Berrettini,Stan Wawrinka v Matteo Berrettini,30,2022-12-08 06:45:51.307,1.58,2022-12-08 08:00:00,
1.207385254,8962036,Matteo Berrettini,Stan Wawrinka v Matteo Berrettini,40,2022-12-08 07:15:53.988,1.61,2022-12-08 08:00:00,
1.207385254,8962036,Matteo Berrettini,Stan Wawrinka v Matteo Berrettini,50,2022-12-08 07:18:40.951,1.6,2022-12-08 08:00:00,
1.207385254,8962036,Matteo Berrettini,Stan Wawrinka v Matteo Berrettini,60,2022-12-08 07:19:03.786,1.59,2022-12-08 08:00:00,
1.207385254,8962036,Matteo Berrettini,Stan Wawrinka v Matteo Berrettini,70,2022-12-08 07:42:55.730,1.61,2022-12-08 08:00:00,
1.207385254,8962036,Matteo Berrettini,Stan Wawrinka v Matteo Berrettini,80,2022-12-08 07:43:22.032,1.59,2022-12-08 08:00:00,
1.207385254,8962036,Matteo Berrettini,Stan Wawrinka v Matteo Berrettini,90,2022-12-08 07:44:51.622,1.57,2022-12-08 08:00:00,
1.207385254,8962036,Matteo Berrettini,Stan Wawrinka v Matteo Berrettini,100,2022-12-08 07:49:00.342,1.58,2022-12-08 08:00:00,
1.207385471,19924838,Hubert Hurkacz,Hubert Hurkacz v Dominic Stricker,0,2022-12-08 06:13:57.253,1.31,2022-12-08 09:30:00,
1.207385471,19924838,Hubert Hurkacz,Hubert Hurkacz v Dominic Stricker,10,2022-12-08 06:28:47.326,1.28,2022-12-08 09:30:00,
1.207385471,19924838,Hubert Hurkacz,Hubert Hurkacz v Dominic Stricker,20,2022-12-08 08:09:26.300,1.36,2022-12-08 09:30:00,
1.207385471,19924838,Hubert Hurkacz,H Hurkacz v D Stricker,30,2022-12-08 09:39:21.038,1.46,2022-12-08 10:00:00,
1.207385471,19924838,Hubert Hurkacz,H Hurkacz v D Stricker,40,2022-12-08 09:48:41.259,1.5,2022-12-08 10:10:00,
1.207385471,19924838,Hubert Hurkacz,H Hurkacz v D Stricker,50,2022-12-08 09:50:59.412,1.5,2022-12-08 10:10:00,
1.207385471,19924838,Hubert Hurkacz,H Hurkacz v D Stricker,60,2022-12-08 10:07:00.472,1.46,2022-12-08 10:15:00,
1.207385471,19924838,Hubert Hurkacz,H Hurkacz v D Stricker,70,2022-12-08 10:17:29.986,1.5,2022-12-08 10:25:00,
1.207385471,19924838,Hubert Hurkacz,H Hurkacz v D Stricker,80,2022-12-08 10:22:00.922,1.44,2022-12-08 10:35:00,
1.207385471,19924838,Hubert Hurkacz,H Hurkacz v D Stricker,90,2022-12-08 10:31:01.086,1.47,2022-12-08 10:35:00,
1.207385471,19924838,Hubert Hurkacz,H Hurkacz v D Stricker,100,2022-12-08 10:34:58.789,1.49,2022-12-08 10:35:00,
1.207386506,11301982,K Nishiwaki,H Sakamoto v K Nishiwaki,0,2022-12-08 18:34:30.966,1.17,2022-12-09 02:30:00,
1.207386506,11301982,K Nishiwaki,H Sakamoto v K Nishiwaki,10,2022-12-08 21:32:07.631,1.14,2022-12-09 02:30:00,
1.207386506,11301982,K Nishiwaki,Hiiro Sakamoto v Nishiwaki,20,2022-12-09 02:03:19.611,1.02,2022-12-09 02:29:00,
1.207386506,11301982,K Nishiwaki,Hiiro Sakamoto v Nishiwaki,30,2022-12-09 02:04:07.174,1.33,2022-12-09 02:29:00,
1.207386506,11301982,K Nishiwaki,Hiiro Sakamoto v Nishiwaki,40,2022-12-09 02:05:35.516,1.32,2022-12-09 02:29:00,
1.207386506,11301982,K Nishiwaki,Hiiro Sakamoto v Nishiwaki,50,2022-12-09 02:05:42.607,1.1,2022-12-09 02:29:00,
1.207386506,11301982,K Nishiwaki,Hiiro Sakamoto v Nishiwaki,60,2022-12-09 02:07:35.583,1.3,2022-12-09 02:29:00,
1.207386506,11301982,K Nishiwaki,Hiiro Sakamoto v Nishiwaki,70,2022-12-09 02:08:21.507,1.09,2022-12-09 02:29:00,
1.207386506,11301982,K Nishiwaki,Hiiro Sakamoto v Nishiwaki,80,2022-12-09 02:08:43.945,1.34,2022-12-09 02:29:00,
1.207386506,11301982,K Nishiwaki,Hiiro Sakamoto v Nishiwaki,90,2022-12-09 02:14:54.729,1.32,2022-12-09 02:29:00,
1.207386506,11301982,K Nishiwaki,Hiiro Sakamoto v Nishiwaki,100,2022-12-09 02:26:30.728,1.03,2022-12-09 02:29:00,
1.207399135,8813921,D Medvedev,A Zverev v D Medvedev,0,2022-12-08 13:17:42.619,1.24,2022-12-08 14:30:00,
1.207399135,8813921,D Medvedev,A Zverev v D Medvedev,10,2022-12-08 13:49:19.044,1.39,2022-12-08 14:30:00,
1.207399135,8813921,D Medvedev,A Zverev v D Medvedev,20,2022-12-08 14:06:34.861,1.43,2022-12-08 14:30:00,
1.207399135,8813921,D Medvedev,A Zverev v D Medvedev,30,2022-12-08 14:49:34.599,1.37,2022-12-08 14:55:00,
1.207399135,8813921,D Medvedev,A Zverev v D Medvedev,40,2022-12-08 14:52:29.850,1.4,2022-12-08 14:55:00,
1.207399135,8813921,D Medvedev,A Zverev v D Medvedev,50,2022-12-08 15:03:44.868,1.44,2022-12-08 15:20:00,
1.207399135,8813921,D Medvedev,A Zverev v D Medvedev,60,2022-12-08 15:05:42.857,1.43,2022-12-08 15:20:00,
1.207399135,8813921,D Medvedev,A Zverev v D Medvedev,70,2022-12-08 15:08:46.363,1.43,2022-12-08 15:20:00,
1.207399135,8813921,D Medvedev,A Zverev v D Medvedev,80,2022-12-08 15:10:28.031,1.49,2022-12-08 15:20:00,
1.207399135,8813921,D Medvedev,A Zverev v D Medvedev,90,2022-12-08 15:21:29.302,1.43,2022-12-08 15:25:00,
1.207399135,8813921,D Medvedev,A Zverev v D Medvedev,100,2022-12-08 15:24:50.867,1.44,2022-12-08 15:25:00,
1.207399188,9629051,C Norrie,S Tsitsipas v C Norrie,0,2022-12-08 15:00:59.082,2.52,2022-12-08 17:00:00,
1.207399188,9629051,C Norrie,S Tsitsipas v C Norrie,10,2022-12-08 15:48:32.266,2.84,2022-12-08 17:00:00,
1.207399188,9629051,C Norrie,S Tsitsipas v C Norrie,20,2022-12-08 16:15:46.950,2.88,2022-12-08 17:00:00,
1.207399188,9629051,C Norrie,S Tsitsipas v C Norrie,30,2022-12-08 16:57:58.551,2.58,2022-12-08 17:00:00,
1.207399188,9629051,C Norrie,S Tsitsipas v C Norrie,40,2022-12-08 17:20:04.609,2.52,2022-12-08 17:30:00,
1.207399188,9629051,C Norrie,S Tsitsipas v C Norrie,50,2022-12-08 17:25:06.365,2.68,2022-12-08 17:30:00,
1.207399188,9629051,C Norrie,S Tsitsipas v C Norrie,60,2022-12-08 17:28:04.967,2.76,2022-12-08 17:40:00,
1.207399188,9629051,C Norrie,S Tsitsipas v C Norrie,70,2022-12-08 17:33:04.986,2.86,2022-12-08 17:50:00,
1.207399188,9629051,C Norrie,S Tsitsipas v C Norrie,80,2022-12-08 17:36:56.994,2.88,2022-12-08 17:50:00,
1.207399188,9629051,C Norrie,S Tsitsipas v C Norrie,90,2022-12-08 17:43:05.830,2.88,2022-12-08 17:50:00,
1.207399188,9629051,C Norrie,S Tsitsipas v C Norrie,100,2022-12-08 17:48:05.574,2.84,2022-12-08 17:50:00,
1.207399188,9630944,S Tsitsipas,S Tsitsipas v C Norrie,0,2022-12-08 14:08:42.284,1.5,2022-12-08 17:00:00,
1.207399188,9630944,S Tsitsipas,S Tsitsipas v C Norrie,10,2022-12-08 15:54:58.499,1.53,2022-12-08 17:00:00,
1.207399188,9630944,S Tsitsipas,S Tsitsipas v C Norrie,20,2022-12-08 16:53:31.354,1.62,2022-12-08 17:00:00,
1.207399188,9630944,S Tsitsipas,S Tsitsipas v C Norrie,30,2022-12-08 17:12:05.977,1.65,2022-12-08 17:30:00,
1.207399188,9630944,S Tsitsipas,S Tsitsipas v C Norrie,40,2022-12-08 17:15:04.855,1.71,2022-12-08 17:30:00,
1.207399188,9630944,S Tsitsipas,S Tsitsipas v C Norrie,50,2022-12-08 17:21:02.692,1.6,2022-12-08 17:30:00,
1.207399188,9630944,S Tsitsipas,S Tsitsipas v C Norrie,60,2022-12-08 17:28:04.967,1.54,2022-12-08 17:40:00,
1.207399188,9630944,S Tsitsipas,S Tsitsipas v C Norrie,70,2022-12-08 17:31:03.723,1.57,2022-12-08 17:50:00,
1.207399188,9630944,S Tsitsipas,S Tsitsipas v C Norrie,80,2022-12-08 17:36:05.950,1.51,2022-12-08 17:50:00,
1.207399188,9630944,S Tsitsipas,S Tsitsipas v C Norrie,90,2022-12-08 17:43:05.830,1.53,2022-12-08 17:50:00,
1.207399188,9630944,S Tsitsipas,S Tsitsipas v C Norrie,100,2022-12-08 17:49:06.221,1.53,2022-12-08 17:50:00,
1.207399223,9628911,H Hurkacz,T Fritz v H Hurkacz,0,2022-12-08 13:32:36.509,1.78,2022-12-08 18:30:00,
1.207399223,9628911,H Hurkacz,T Fritz v H Hurkacz,10,2022-12-08 15:33:37.004,1.88,2022-12-08 18:30:00,
1.207399223,9628911,H Hurkacz,T Fritz v H Hurkacz,20,2022-12-08 17:09:30.710,1.93,2022-12-08 18:30:00,
1.207399223,9628911,H Hurkacz,T Fritz v H Hurkacz,30,2022-12-08 19:09:42.549,2.04,2022-12-08 19:45:00,
1.207399223,9628911,H Hurkacz,T Fritz v H Hurkacz,40,2022-12-08 19:14:32.080,2.08,2022-12-08 19:45:00,
1.207399223,9628911,H Hurkacz,T Fritz v H Hurkacz,50,2022-12-08 19:21:41.556,1.96,2022-12-08 19:45:00,
1.207399223,9628911,H Hurkacz,T Fritz v H Hurkacz,60,2022-12-08 19:26:41.959,1.88,2022-12-08 19:45:00,
1.207399223,9628911,H Hurkacz,T Fritz v H Hurkacz,70,2022-12-08 19:29:41.953,1.87,2022-12-08 19:45:00,
1.207399223,9628911,H Hurkacz,T Fritz v H Hurkacz,80,2022-12-08 19:33:40.908,1.97,2022-12-08 19:45:00,
1.207399223,9628911,H Hurkacz,T Fritz v H Hurkacz,90,2022-12-08 19:35:39.588,1.96,2022-12-08 19:40:00,
1.207399223,9628911,H Hurkacz,T Fritz v H Hurkacz,100,2022-12-08 19:38:31.545,1.95,2022-12-08 19:40:00,
1.207399223,9631386,T Fritz,T Fritz v H Hurkacz,0,2022-12-08 15:33:37.004,2.12,2022-12-08 18:30:00,
1.207399223,9631386,T Fritz,T Fritz v H Hurkacz,10,2022-12-08 17:13:35.433,2.16,2022-12-08 18:30:00,
1.207399223,9631386,T Fritz,T Fritz v H Hurkacz,20,2022-12-08 19:10:37.347,1.98,2022-12-08 19:45:00,
1.207399223,9631386,T Fritz,T Fritz v H Hurkacz,30,2022-12-08 19:13:40.781,1.92,2022-12-08 19:45:00,
1.207399223,9631386,T Fritz,T Fritz v H Hurkacz,40,2022-12-08 19:17:33.925,1.94,2022-12-08 19:45:00,
1.207399223,9631386,T Fritz,T Fritz v H Hurkacz,50,2022-12-08 19:21:41.556,2.04,2022-12-08 19:45:00,
1.207399223,9631386,T Fritz,T Fritz v H Hurkacz,60,2022-12-08 19:25:42.105,2.14,2022-12-08 19:45:00,
1.207399223,9631386,T Fritz,T Fritz v H Hurkacz,70,2022-12-08 19:28:40.850,2.16,2022-12-08 19:45:00,
1.207399223,9631386,T Fritz,T Fritz v H Hurkacz,80,2022-12-08 19:31:42.256,2.06,2022-12-08 19:45:00,
1.207399223,9631386,T Fritz,T Fritz v H Hurkacz,90,2022-12-08 19:33:40.908,2.06,2022-12-08 19:45:00,
1.207399223,9631386,T Fritz,T Fritz v H Hurkacz,100,2022-12-08 19:37:40.063,2.02,2022-12-08 19:40:00,
1.207400603,7593369,Anna-Lena Friedsam,Dartron v Friedsam,0,2022-12-08 19:37:45.636,1.27,2022-12-09 10:00:00,
1.207400603,7593369,Anna-Lena Friedsam,Dartron v Friedsam,10,2022-12-08 21:04:19.416,1.25,2022-12-09 10:00:00,
1.207400603,7593369,Anna-Lena Friedsam,Dartron v Friedsam,20,2022-12-08 22:34:37.895,1.26,2022-12-09 10:00:00,
1.207400603,7593369,Anna-Lena Friedsam,Dartron v Friedsam,30,2022-12-09 06:58:13.797,1.28,2022-12-09 10:00:00,
1.207400603,7593369,Anna-Lena Friedsam,Dartron v Friedsam,40,2022-12-09 08:02:52.480,1.32,2022-12-09 10:00:00,
1.207400603,7593369,Anna-Lena Friedsam,Dartron v Friedsam,50,2022-12-09 08:31:24.938,1.29,2022-12-09 10:00:00,
1.207400603,7593369,Anna-Lena Friedsam,Dartron v Friedsam,60,2022-12-09 09:08:39.652,1.29,2022-12-09 10:00:00,
1.207400603,7593369,Anna-Lena Friedsam,Dartron v Friedsam,70,2022-12-09 09:19:15.349,1.3,2022-12-09 10:00:00,
1.207400603,7593369,Anna-Lena Friedsam,Dartron v Friedsam,80,2022-12-09 09:47:49.581,1.3,2022-12-09 10:00:00,
1.207400603,7593369,Anna-Lena Friedsam,Dartron v Friedsam,90,2022-12-09 10:01:53.426,1.3,2022-12-09 10:10:00,
1.207400603,7593369,Anna-Lena Friedsam,Dartron v Friedsam,100,2022-12-09 10:09:53.331,1.32,2022-12-09 10:10:00,
1.207400603,9632330,Emeline Dartron,Dartron v Friedsam,0,2022-12-08 19:37:45.636,4.7,2022-12-09 10:00:00,
1.207400603,9632330,Emeline Dartron,Dartron v Friedsam,10,2022-12-08 21:50:07.238,4.9,2022-12-09 10:00:00,
1.207400603,9632330,Emeline Dartron,Dartron v Friedsam,20,2022-12-09 01:39:02.756,4.9,2022-12-09 10:00:00,
1.207400603,9632330,Emeline Dartron,Dartron v Friedsam,30,2022-12-09 06:58:13.797,4.6,2022-12-09 10:00:00,
1.207400603,9632330,Emeline Dartron,Dartron v Friedsam,40,2022-12-09 08:02:52.480,4.0,2022-12-09 10:00:00,
1.207400603,9632330,Emeline Dartron,Dartron v Friedsam,50,2022-12-09 09:08:39.652,4.5,2022-12-09 10:00:00,
1.207400603,9632330,Emeline Dartron,Dartron v Friedsam,60,2022-12-09 09:12:44.328,4.1,2022-12-09 10:00:00,
1.207400603,9632330,Emeline Dartron,Dartron v Friedsam,70,2022-12-09 09:31:34.913,4.2,2022-12-09 10:00:00,
1.207400603,9632330,Emeline Dartron,Dartron v Friedsam,80,2022-12-09 09:49:48.723,4.1,2022-12-09 10:00:00,
1.207400603,9632330,Emeline Dartron,Dartron v Friedsam,90,2022-12-09 10:05:47.019,4.4,2022-12-09 10:10:00,
1.207400603,9632330,Emeline Dartron,Dartron v Friedsam,100,2022-12-09 10:09:53.331,4.1,2022-12-09 10:10:00,
1.207405281,9433253,Marketa Vondrousova,Aly Parks v Vondrousova,0,2022-12-08 19:39:04.871,1.42,2022-12-09 13:30:00,
1.207405281,9433253,Marketa Vondrousova,Aly Parks v Vondrousova,10,2022-12-08 22:08:28.459,1.39,2022-12-09 13:30:00,
1.207405281,9433253,Marketa Vondrousova,Aly Parks v Vondrousova,20,2022-12-08 23:59:54.295,1.37,2022-12-09 13:30:00,
1.207405281,9433253,Marketa Vondrousova,Aly Parks v Vondrousova,30,2022-12-09 01:23:22.518,1.32,2022-12-09 13:30:00,
1.207405281,9433253,Marketa Vondrousova,Aly Parks v Vondrousova,40,2022-12-09 08:31:30.651,1.31,2022-12-09 13:30:00,
1.207405281,9433253,Marketa Vondrousova,Aly Parks v Vondrousova,50,2022-12-09 10:22:45.127,1.33,2022-12-09 13:30:00,
1.207405281,9433253,Marketa Vondrousova,Aly Parks v Vondrousova,60,2022-12-09 12:05:25.779,1.37,2022-12-09 13:30:00,
1.207405281,9433253,Marketa Vondrousova,Aly Parks v Vondrousova,70,2022-12-09 12:14:15.797,1.35,2022-12-09 13:30:00,
1.207405281,9433253,Marketa Vondrousova,Aly Parks v Vondrousova,80,2022-12-09 13:11:44.795,1.38,2022-12-09 13:30:00,
1.207405281,9433253,Marketa Vondrousova,Aly Parks v Vondrousova,90,2022-12-09 13:23:50.293,1.35,2022-12-09 13:30:00,
1.207405281,9433253,Marketa Vondrousova,Aly Parks v Vondrousova,100,2022-12-09 13:44:50.987,1.36,2022-12-09 13:45:00,
1.207405281,11233227,Alycia Parks,Aly Parks v Vondrousova,0,2022-12-08 19:35:34.565,3.2,2022-12-09 13:30:00,
1.207405281,11233227,Alycia Parks,Aly Parks v Vondrousova,10,2022-12-08 22:08:28.459,3.6,2022-12-09 13:30:00,
1.207405281,11233227,Alycia Parks,Aly Parks v Vondrousova,20,2022-12-09 07:52:34.486,4.2,2022-12-09 13:30:00,
1.207405281,11233227,Alycia Parks,Aly Parks v Vondrousova,30,2022-12-09 10:53:34.213,3.95,2022-12-09 13:30:00,
1.207405281,11233227,Alycia Parks,Aly Parks v Vondrousova,40,2022-12-09 11:45:54.194,3.8,2022-12-09 13:30:00,
1.207405281,11233227,Alycia Parks,Aly Parks v Vondrousova,50,2022-12-09 12:05:25.779,3.7,2022-12-09 13:30:00,
1.207405281,11233227,Alycia Parks,Aly Parks v Vondrousova,60,2022-12-09 12:58:44.785,3.9,2022-12-09 13:30:00,
1.207405281,11233227,Alycia Parks,Aly Parks v Vondrousova,70,2022-12-09 13:06:39.868,3.7,2022-12-09 13:30:00,
1.207405281,11233227,Alycia Parks,Aly Parks v Vondrousova,80,2022-12-09 13:16:55.288,3.55,2022-12-09 13:30:00,
1.207405281,11233227,Alycia Parks,Aly Parks v Vondrousova,90,2022-12-09 13:23:50.293,3.75,2022-12-09 13:30:00,
1.207405281,11233227,Alycia Parks,Aly Parks v Vondrousova,100,2022-12-09 13:38:54.313,3.85,2022-12-09 13:40:00,
1.20741123,8907168,Anhelina Kalinina,C Tauson v A Kalinina,0,2022-12-08 23:07:52.528,2.32,2022-12-09 11:30:00,
1.20741123,8907168,Anhelina Kalinina,C Tauson v A Kalinina,10,2022-12-09 03:13:03.352,2.74,2022-12-09 11:30:00,
1.20741123,8907168,Anhelina Kalinina,C Tauson v A Kalinina,20,2022-12-09 07:52:30.949,2.8,2022-12-09 11:30:00,
1.20741123,8907168,Anhelina Kalinina,C Tauson v A Kalinina,30,2022-12-09 08:31:47.315,2.66,2022-12-09 11:30:00,
1.20741123,8907168,Anhelina Kalinina,C Tauson v A Kalinina,40,2022-12-09 08:50:21.408,2.66,2022-12-09 11:30:00,
1.20741123,8907168,Anhelina Kalinina,C Tauson v A Kalinina,50,2022-12-09 10:20:18.690,2.66,2022-12-09 11:30:00,
1.20741123,8907168,Anhelina Kalinina,C Tauson v A Kalinina,60,2022-12-09 11:00:30.473,2.7,2022-12-09 11:30:00,
1.20741123,8907168,Anhelina Kalinina,C Tauson v A Kalinina,70,2022-12-09 11:09:00.469,2.72,2022-12-09 11:30:00,
1.20741123,8907168,Anhelina Kalinina,C Tauson v A Kalinina,80,2022-12-09 11:14:46.436,2.72,2022-12-09 11:30:00,
1.20741123,8907168,Anhelina Kalinina,C Tauson v A Kalinina,90,2022-12-09 11:21:52.740,2.7,2022-12-09 11:30:00,
1.20741123,8907168,Anhelina Kalinina,C Tauson v A Kalinina,100,2022-12-09 11:29:56.172,2.62,2022-12-09 11:30:00,
1.20741123,18848679,Clara Tauson,C Tauson v A Kalinina,0,2022-12-08 21:58:31.354,1.57,2022-12-09 11:30:00,
1.20741123,18848679,Clara Tauson,C Tauson v A Kalinina,10,2022-12-09 05:37:03.891,1.56,2022-12-09 11:30:00,
1.20741123,18848679,Clara Tauson,C Tauson v A Kalinina,20,2022-12-09 08:48:26.917,1.59,2022-12-09 11:30:00,
1.20741123,18848679,Clara Tauson,C Tauson v A Kalinina,30,2022-12-09 08:52:29.353,1.61,2022-12-09 11:30:00,
1.20741123,18848679,Clara Tauson,C Tauson v A Kalinina,40,2022-12-09 10:20:18.690,1.6,2022-12-09 11:30:00,
1.20741123,18848679,Clara Tauson,C Tauson v A Kalinina,50,2022-12-09 10:37:54.622,1.59,2022-12-09 11:30:00,
1.20741123,18848679,Clara Tauson,C Tauson v A Kalinina,60,2022-12-09 11:03:44.465,1.58,2022-12-09 11:30:00,
1.20741123,18848679,Clara Tauson,C Tauson v A Kalinina,70,2022-12-09 11:12:46.894,1.58,2022-12-09 11:30:00,
1.20741123,18848679,Clara Tauson,C Tauson v A Kalinina,80,2022-12-09 11:19:55.601,1.59,2022-12-09 11:30:00,
1.20741123,18848679,Clara Tauson,C Tauson v A Kalinina,90,2022-12-09 11:22:43.282,1.57,2022-12-09 11:30:00,
1.20741123,18848679,Clara Tauson,C Tauson v A Kalinina,100,2022-12-09 11:29:56.172,1.61,2022-12-09 11:30:00,
1.207412884,9628769,Jessika Ponchet,Jes Ponchet v Burel,0,2022-12-09 03:26:45.240,2.34,2022-12-09 16:00:00,
1.207412884,9628769,Jessika Ponchet,Jes Ponchet v Burel,10,2022-12-09 09:37:19.850,2.28,2022-12-09 16:00:00,
1.207412884,9628769,Jessika Ponchet,Jes Ponchet v Burel,20,2022-12-09 10:25:41.009,2.3,2022-12-09 16:00:00,
1.207412884,9628769,Jessika Ponchet,Jes Ponchet v Burel,30,2022-12-09 11:28:46.084,2.22,2022-12-09 16:00:00,
1.207412884,9628769,Jessika Ponchet,Jes Ponchet v Burel,40,2022-12-09 15:06:45.420,2.28,2022-12-09 16:00:00,
1.207412884,9628769,Jessika Ponchet,Jes Ponchet v Burel,50,2022-12-09 15:24:56.647,2.32,2022-12-09 16:00:00,
1.207412884,9628769,Jessika Ponchet,Jes Ponchet v Burel,60,2022-12-09 15:33:53.942,2.28,2022-12-09 16:00:00,
1.207412884,9628769,Jessika Ponchet,Jes Ponchet v Burel,70,2022-12-09 15:47:31.507,2.34,2022-12-09 16:00:00,
1.207412884,9628769,Jessika Ponchet,Jes Ponchet v Burel,80,2022-12-09 15:58:56.835,2.34,2022-12-09 16:00:00,
1.207412884,9628769,Jessika Ponchet,Jes Ponchet v Burel,90,2022-12-09 16:02:51.837,2.42,2022-12-09 16:05:00,
1.207412884,9628769,Jessika Ponchet,Jes Ponchet v Burel,100,2022-12-09 16:09:56.790,2.36,2022-12-09 16:10:00,2022-12-09 16:09:56.790
1.207412884,10351066,Clara Burel,Jes Ponchet v Burel,0,2022-12-09 00:24:06.867,1.75,2022-12-09 16:00:00,
1.207412884,10351066,Clara Burel,Jes Ponchet v Burel,10,2022-12-09 09:35:21.698,1.77,2022-12-09 16:00:00,
1.207412884,10351066,Clara Burel,Jes Ponchet v Burel,20,2022-12-09 12:01:16.670,1.8,2022-12-09 16:00:00,
1.207412884,10351066,Clara Burel,Jes Ponchet v Burel,30,2022-12-09 13:52:16.634,1.8,2022-12-09 16:00:00,
1.207412884,10351066,Clara Burel,Jes Ponchet v Burel,40,2022-12-09 14:58:51.836,1.81,2022-12-09 16:00:00,
1.207412884,10351066,Clara Burel,Jes Ponchet v Burel,50,2022-12-09 15:10:35.256,1.78,2022-12-09 16:00:00,
1.207412884,10351066,Clara Burel,Jes Ponchet v Burel,60,2022-12-09 15:28:47.464,1.76,2022-12-09 16:00:00,
1.207412884,10351066,Clara Burel,Jes Ponchet v Burel,70,2022-12-09 15:36:27.970,1.75,2022-12-09 16:00:00,
1.207412884,10351066,Clara Burel,Jes Ponchet v Burel,80,2022-12-09 15:55:40.551,1.73,2022-12-09 16:00:00,
1.207412884,10351066,Clara Burel,Jes Ponchet v Burel,90,2022-12-09 16:00:55.669,1.73,2022-12-09 16:05:00,
1.207412884,10351066,Clara Burel,Jes Ponchet v Burel,100,2022-12-09 16:09:56.790,1.75,2022-12-09 16:10:00,2022-12-09 16:09:56.790
1.207417272,47383616,Heisen/Niculescu,Parks/Zhang v Heisen/Niculescu,0,2022-12-09 01:37:33.921,1.5,2022-12-09 20:30:00,
1.207417272,47383616,Heisen/Niculescu,Parks/Zhang v Heisen/Niculescu,10,2022-12-09 01:40:43.693,1.1,2022-12-09 20:30:00,
1.207417272,47383616,Heisen/Niculescu,Parks/Zhang v Heisen/Niculescu,20,2022-12-09 02:04:43.525,1.15,2022-12-09 20:30:00,
1.207417272,47383616,Heisen/Niculescu,Parks/Zhang v Heisen/Niculescu,30,2022-12-09 02:05:11.457,1.18,2022-12-09 20:30:00,
1.207417272,47383616,Heisen/Niculescu,Parks/Zhang v Heisen/Niculescu,40,2022-12-09 02:07:42.556,1.26,2022-12-09 20:30:00,
1.207417272,47383616,Heisen/Niculescu,Parks/Zhang v Heisen/Niculescu,50,2022-12-09 02:08:43.943,1.3,2022-12-09 20:30:00,
1.207417272,47383616,Heisen/Niculescu,Parks/Zhang v Heisen/Niculescu,60,2022-12-09 03:31:43.664,1.25,2022-12-09 20:30:00,
1.207417272,47383616,Heisen/Niculescu,Parks/Zhang v Heisen/Niculescu,70,2022-12-09 03:44:41.934,1.1,2022-12-09 20:30:00,
1.207417272,47383616,Heisen/Niculescu,Parks/Zhang v Heisen/Niculescu,80,2022-12-09 05:27:17.053,1.16,2022-12-09 20:30:00,
1.207417272,47383616,Heisen/Niculescu,Parks/Zhang v Heisen/Niculescu,90,2022-12-09 14:36:41.939,2.92,2022-12-09 20:30:00,
1.207417272,47383616,Heisen/Niculescu,Parks/Zhang v Heisen/Niculescu,100,2022-12-09 20:28:34.385,2.16,2022-12-09 20:30:00,
1.207417272,50893698,Parks/Zhang,Parks/Zhang v Heisen/Niculescu,0,2022-12-09 01:45:44.036,1.1,2022-12-09 20:30:00,
1.207417272,50893698,Parks/Zhang,Parks/Zhang v Heisen/Niculescu,10,2022-12-09 02:22:39.142,1.63,2022-12-09 20:30:00,
1.207417272,50893698,Parks/Zhang,Parks/Zhang v Heisen/Niculescu,20,2022-12-09 03:35:43.149,1.09,2022-12-09 20:30:00,
1.207417272,50893698,Parks/Zhang,Parks/Zhang v Heisen/Niculescu,30,2022-12-09 03:36:43.414,1.1,2022-12-09 20:30:00,
1.207417272,50893698,Parks/Zhang,Parks/Zhang v Heisen/Niculescu,40,2022-12-09 05:10:25.084,1.95,2022-12-09 20:30:00,
1.207417272,50893698,Parks/Zhang,Parks/Zhang v Heisen/Niculescu,50,2022-12-09 11:55:10.983,1.62,2022-12-09 20:30:00,
1.207417272,50893698,Parks/Zhang,Parks/Zhang v Heisen/Niculescu,60,2022-12-09 13:04:29.656,1.58,2022-12-09 20:30:00,
1.207417272,50893698,Parks/Zhang,Parks/Zhang v Heisen/Niculescu,70,2022-12-09 15:47:34.105,1.51,2022-12-09 20:30:00,
1.207417272,50893698,Parks/Zhang,Parks/Zhang v Heisen/Niculescu,80,2022-12-09 18:12:18.092,1.38,2022-12-09 20:30:00,
1.207417272,50893698,Parks/Zhang,Parks/Zhang v Heisen/Niculescu,90,2022-12-09 19:47:59.496,1.28,2022-12-09 20:30:00,
1.207417272,50893698,Parks/Zhang,Parks/Zhang v Heisen/Niculescu,100,2022-12-09 20:28:34.385,1.86,2022-12-09 20:30:00,
1.207434492,9628963,R Sramkova,R Sramkova v E Jacquemot,0,2022-12-09 08:03:40.401,1.91,2022-12-09 10:05:00,
1.207434492,9628963,R Sramkova,R Sramkova v E Jacquemot,10,2022-12-09 08:49:12.306,2.0,2022-12-09 09:55:00,
1.207434492,9628963,R Sramkova,R Sramkova v E Jacquemot,20,2022-12-09 08:53:59.627,2.04,2022-12-09 09:55:00,
1.207434492,9628963,R Sramkova,R Sramkova v E Jacquemot,30,2022-12-09 08:56:10.586,2.02,2022-12-09 09:55:00,
1.207434492,9628963,R Sramkova,R Sramkova v E Jacquemot,40,2022-12-09 08:58:03.349,2.04,2022-12-09 09:55:00,
1.207434492,9628963,R Sramkova,R Sramkova v E Jacquemot,50,2022-12-09 09:02:04.228,2.02,2022-12-09 09:55:00,
1.207434492,9628963,R Sramkova,R Sramkova v E Jacquemot,60,2022-12-09 09:35:50.363,2.08,2022-12-09 09:55:00,
1.207434492,9628963,R Sramkova,R Sramkova v E Jacquemot,70,2022-12-09 10:15:02.425,2.22,2022-12-09 10:25:00,
1.207434492,9628963,R Sramkova,R Sramkova v E Jacquemot,80,2022-12-09 10:28:08.900,2.38,2022-12-09 10:35:00,
1.207434492,9628963,R Sramkova,R Sramkova v E Jacquemot,90,2022-12-09 10:44:01.376,2.46,2022-12-09 10:55:00,
1.207434492,9628963,R Sramkova,R Sramkova v E Jacquemot,100,2022-12-09 10:52:36.867,2.44,2022-12-09 11:00:00,
1.207434492,16857703,E Jacquemot,R Sramkova v E Jacquemot,0,2022-12-09 08:03:40.401,2.1,2022-12-09 10:05:00,
1.207434492,16857703,E Jacquemot,R Sramkova v E Jacquemot,10,2022-12-09 08:12:54.461,1.8,2022-12-09 10:05:00,
1.207434492,16857703,E Jacquemot,R Sramkova v E Jacquemot,20,2022-12-09 09:02:04.228,1.98,2022-12-09 09:55:00,
1.207434492,16857703,E Jacquemot,R Sramkova v E Jacquemot,30,2022-12-09 09:34:13.558,1.83,2022-12-09 09:55:00,
1.207434492,16857703,E Jacquemot,R Sramkova v E Jacquemot,40,2022-12-09 09:35:50.363,1.91,2022-12-09 09:55:00,
1.207434492,16857703,E Jacquemot,R Sramkova v E Jacquemot,50,2022-12-09 10:15:02.425,1.81,2022-12-09 10:25:00,
1.207434492,16857703,E Jacquemot,R Sramkova v E Jacquemot,60,2022-12-09 10:17:00.255,1.74,2022-12-09 10:25:00,
1.207434492,16857703,E Jacquemot,R Sramkova v E Jacquemot,70,2022-12-09 10:28:08.900,1.73,2022-12-09 10:35:00,
1.207434492,16857703,E Jacquemot,R Sramkova v E Jacquemot,80,2022-12-09 10:44:01.376,1.68,2022-12-09 10:55:00,
1.207434492,16857703,E Jacquemot,R Sramkova v E Jacquemot,90,2022-12-09 10:52:36.867,1.69,2022-12-09 11:00:00,
1.207434492,16857703,E Jacquemot,R Sramkova v E Jacquemot,100,2022-12-09 10:58:51.127,1.71,2022-12-09 11:00:00,2022-12-09 10:58:51.127
1.207434497,19924831,Daniil Medvedev,Stan Wawrinka v Daniil Medvedev,0,2022-12-09 07:13:46.696,1.38,2022-12-09 13:00:00,
1.207434497,19924831,Daniil Medvedev,Stan Wawrinka v Daniil Medvedev,10,2022-12-09 07:24:39.280,1.36,2022-12-09 13:00:00,
1.207434497,19924831,Daniil Medvedev,Stan Wawrinka v Daniil Medvedev,20,2022-12-09 10:52:03.798,1.36,2022-12-09 13:00:00,
1.207434497,19924831,Daniil Medvedev,Stan Wawrinka v Daniil Medvedev,30,2022-12-09 11:06:15.580,1.34,2022-12-09 13:00:00,
1.207434497,19924831,Daniil Medvedev,Stan Wawrinka v Daniil Medvedev,40,2022-12-09 11:44:18.489,1.29,2022-12-09 13:00:00,
1.207434497,19924831,Daniil Medvedev,Stan Wawrinka v Daniil Medvedev,50,2022-12-09 11:54:24.430,1.3,2022-12-09 13:00:00,
1.207434497,19924831,Daniil Medvedev,Stan Wawrinka v Daniil Medvedev,60,2022-12-09 12:14:05.379,1.29,2022-12-09 13:00:00,
1.207434497,19924831,Daniil Medvedev,Stan Wawrinka v Daniil Medvedev,70,2022-12-09 12:42:22.611,1.31,2022-12-09 13:00:00,
1.207434497,19924831,Daniil Medvedev,Stan Wawrinka v Daniil Medvedev,80,2022-12-09 12:53:28.550,1.32,2022-12-09 13:00:00,
1.207434497,19924831,Daniil Medvedev,Stan Wawrinka v Daniil Medvedev,90,2022-12-09 12:55:30.903,1.31,2022-12-09 13:00:00,
1.207434497,19924831,Daniil Medvedev,Stan Wawrinka v Daniil Medvedev,100,2022-12-09 12:59:28.116,1.32,2022-12-09 13:00:00,
1.207434497,19924832,Stan Wawrinka,Stan Wawrinka v Daniil Medvedev,0,2022-12-09 07:11:19.967,3.6,2022-12-09 13:00:00,
1.207434497,19924832,Stan Wawrinka,Stan Wawrinka v Daniil Medvedev,10,2022-12-09 09:23:18.147,3.5,2022-12-09 13:00:00,
1.207434497,19924832,Stan Wawrinka,Stan Wawrinka v Daniil Medvedev,20,2022-12-09 10:54:10.595,3.75,2022-12-09 13:00:00,
1.207434497,19924832,Stan Wawrinka,Stan Wawrinka v Daniil Medvedev,30,2022-12-09 11:06:15.580,3.9,2022-12-09 13:00:00,
1.207434497,19924832,Stan Wawrinka,Stan Wawrinka v Daniil Medvedev,40,2022-12-09 11:28:02.794,4.3,2022-12-09 13:00:00,
1.207434497,19924832,Stan Wawrinka,Stan Wawrinka v Daniil Medvedev,50,2022-12-09 11:38:16.096,4.2,2022-12-09 13:00:00,
1.207434497,19924832,Stan Wawrinka,Stan Wawrinka v Daniil Medvedev,60,2022-12-09 12:27:15.649,4.5,2022-12-09 13:00:00,
1.207434497,19924832,Stan Wawrinka,Stan Wawrinka v Daniil Medvedev,70,2022-12-09 12:29:29.934,4.4,2022-12-09 13:00:00,
1.207434497,19924832,Stan Wawrinka,Stan Wawrinka v Daniil Medvedev,80,2022-12-09 12:33:07.402,4.2,2022-12-09 13:00:00,
1.207434497,19924832,Stan Wawrinka,Stan Wawrinka v Daniil Medvedev,90,2022-12-09 12:44:25.119,4.1,2022-12-09 13:00:00,
1.207434497,19924832,Stan Wawrinka,Stan Wawrinka v Daniil Medvedev,100,2022-12-09 12:56:31.060,4.1,2022-12-09 13:00:00,
1.207434501,10279360,Taylor Fritz,Cameron Norrie v Taylor Fritz,0,2022-12-09 12:36:00.106,1.56,2022-12-09 17:00:00,
1.207434501,10279360,Taylor Fritz,Cameron Norrie v Taylor Fritz,10,2022-12-09 13:44:18.889,1.7,2022-12-09 17:00:00,
1.207434501,10279360,Taylor Fritz,Cameron Norrie v Taylor Fritz,20,2022-12-09 13:58:39.277,1.66,2022-12-09 17:00:00,
1.207434501,10279360,Taylor Fritz,Cameron Norrie v Taylor Fritz,30,2022-12-09 14:40:00.082,1.65,2022-12-09 17:00:00,
1.207434501,10279360,Taylor Fritz,Cameron Norrie v Taylor Fritz,40,2022-12-09 15:05:48.727,1.63,2022-12-09 17:00:00,
1.207434501,10279360,Taylor Fritz,Cameron Norrie v Taylor Fritz,50,2022-12-09 15:30:51.406,1.6,2022-12-09 17:00:00,
1.207434501,10279360,Taylor Fritz,Cameron Norrie v Taylor Fritz,60,2022-12-09 16:20:22.871,1.64,2022-12-09 17:00:00,
1.207434501,10279360,Taylor Fritz,Cameron Norrie v Taylor Fritz,70,2022-12-09 16:24:10.139,1.63,2022-12-09 17:00:00,
1.207434501,10279360,Taylor Fritz,Cameron Norrie v Taylor Fritz,80,2022-12-09 16:40:29.225,1.62,2022-12-09 17:00:00,
1.207434501,10279360,Taylor Fritz,Cameron Norrie v Taylor Fritz,90,2022-12-09 17:07:19.738,1.61,2022-12-09 17:15:00,
1.207434501,10279360,Taylor Fritz,Cameron Norrie v Taylor Fritz,100,2022-12-09 17:14:21.233,1.95,2022-12-09 17:15:00,2022-12-09 17:11:23.152
1.207434501,42669524,Cameron Norrie,Cameron Norrie v Taylor Fritz,0,2022-12-09 13:56:17.925,2.42,2022-12-09 17:00:00,
1.207434501,42669524,Cameron Norrie,Cameron Norrie v Taylor Fritz,10,2022-12-09 13:57:09.100,2.44,2022-12-09 17:00:00,
1.207434501,42669524,Cameron Norrie,Cameron Norrie v Taylor Fritz,20,2022-12-09 14:21:16.325,2.54,2022-12-09 17:00:00,
1.207434501,42669524,Cameron Norrie,Cameron Norrie v Taylor Fritz,30,2022-12-09 14:39:19.352,2.58,2022-12-09 17:00:00,
1.207434501,42669524,Cameron Norrie,Cameron Norrie v Taylor Fritz,40,2022-12-09 15:22:18.381,2.74,2022-12-09 17:00:00,
1.207434501,42669524,Cameron Norrie,Cameron Norrie v Taylor Fritz,50,2022-12-09 16:00:05.766,2.54,2022-12-09 17:00:00,
1.207434501,42669524,Cameron Norrie,Cameron Norrie v Taylor Fritz,60,2022-12-09 16:16:40.510,2.46,2022-12-09 17:00:00,
1.207434501,42669524,Cameron Norrie,Cameron Norrie v Taylor Fritz,70,2022-12-09 16:32:35.463,2.54,2022-12-09 17:00:00,
1.207434501,42669524,Cameron Norrie,Cameron Norrie v Taylor Fritz,80,2022-12-09 16:36:22.551,2.58,2022-12-09 17:00:00,
1.207434501,42669524,Cameron Norrie,Cameron Norrie v Taylor Fritz,90,2022-12-09 17:12:22.247,2.56,2022-12-09 17:15:00,2022-12-09 17:11:23.152
1.207434501,42669524,Cameron Norrie,Cameron Norrie v Taylor Fritz,100,2022-12-09 17:14:21.233,2.04,2022-12-09 17:15:00,2022-12-09 17:11:23.152
1.207434589,50932199,Berrettini/Rublev,Berrettini/Rublev v Thiem/Zverev,0,2022-12-09 13:51:58.009,1.93,2022-12-09 14:30:00,
1.207434589,50932199,Berrettini/Rublev,Berrettini/Rublev v Thiem/Zverev,10,2022-12-09 14:17:40.727,1.56,2022-12-09 14:30:00,
1.207434589,50932199,Berrettini/Rublev,Berrettini/Rublev v Thiem/Zverev,20,2022-12-09 14:34:47.633,1.52,2022-12-09 15:00:00,
1.207434589,50932199,Berrettini/Rublev,Berrettini/Rublev v Thiem/Zverev,30,2022-12-09 14:36:32.757,1.7,2022-12-09 15:00:00,
1.207434589,50932199,Berrettini/Rublev,Berrettini/Rublev v Thiem/Zverev,40,2022-12-09 14:40:00.366,1.6,2022-12-09 14:50:00,
1.207434589,50932199,Berrettini/Rublev,Berrettini/Rublev v Thiem/Zverev,50,2022-12-09 14:41:44.094,1.6,2022-12-09 14:50:00,
1.207434589,50932199,Berrettini/Rublev,Berrettini/Rublev v Thiem/Zverev,60,2022-12-09 14:44:04.643,1.62,2022-12-09 14:50:00,
1.207434589,50932199,Berrettini/Rublev,Berrettini/Rublev v Thiem/Zverev,70,2022-12-09 14:46:00.344,1.75,2022-12-09 15:00:00,
1.207434589,50932199,Berrettini/Rublev,Berrettini/Rublev v Thiem/Zverev,80,2022-12-09 14:50:05.225,1.7,2022-12-09 15:00:00,
1.207434589,50932199,Berrettini/Rublev,Berrettini/Rublev v Thiem/Zverev,90,2022-12-09 14:51:22.322,1.74,2022-12-09 15:00:00,
1.207434589,50932199,Berrettini/Rublev,Berrettini/Rublev v Thiem/Zverev,100,2022-12-09 14:58:33.697,1.76,2022-12-09 15:00:00,
1.207451085,9632330,Emeline Dartron,Ekat Reyngold v Dartron,0,2022-12-10 09:52:32.584,2.24,2022-12-10 12:00:00,
1.207451085,9632330,Emeline Dartron,Ekat Reyngold v Dartron,10,2022-12-10 10:07:20.913,2.3,2022-12-10 12:00:00,
1.207451085,9632330,Emeline Dartron,Ekat Reyngold v Dartron,20,2022-12-10 10:41:09.991,2.26,2022-12-10 12:00:00,
1.207451085,9632330,Emeline Dartron,Ekat Reyngold v Dartron,30,2022-12-10 11:49:57.938,2.26,2022-12-10 12:00:00,
1.207451085,9632330,Emeline Dartron,Ekat Reyngold v Dartron,40,2022-12-10 11:57:25.707,2.26,2022-12-10 12:00:00,
1.207451085,9632330,Emeline Dartron,Ekat Reyngold v Dartron,50,2022-12-10 12:03:05.758,2.24,2022-12-10 12:10:00,
1.207451085,9632330,Emeline Dartron,Ekat Reyngold v Dartron,60,2022-12-10 12:04:44.909,2.26,2022-12-10 12:10:00,
1.207451085,9632330,Emeline Dartron,Ekat Reyngold v Dartron,70,2022-12-10 13:01:39.782,2.1,2022-12-10 13:10:00,
1.207451085,9632330,Emeline Dartron,Ekat Reyngold v Dartron,80,2022-12-10 13:03:49.579,2.08,2022-12-10 13:10:00,
1.207451085,9632330,Emeline Dartron,Ekat Reyngold v Dartron,90,2022-12-10 13:07:49.880,1.87,2022-12-10 13:10:00,2022-12-10 13:07:49.880
1.207451085,9632330,Emeline Dartron,Ekat Reyngold v Dartron,100,2022-12-10 13:09:49.756,1.79,2022-12-10 13:10:00,2022-12-10 13:07:49.880
1.207451085,18848522,Ekaterina Reyngold,Ekat Reyngold v Dartron,0,2022-12-10 09:52:32.584,1.81,2022-12-10 12:00:00,
1.207451085,18848522,Ekaterina Reyngold,Ekat Reyngold v Dartron,10,2022-12-10 10:26:33.683,1.79,2022-12-10 12:00:00,
1.207451085,18848522,Ekaterina Reyngold,Ekat Reyngold v Dartron,20,2022-12-10 11:39:39.534,1.78,2022-12-10 12:00:00,
1.207451085,18848522,Ekaterina Reyngold,Ekat Reyngold v Dartron,30,2022-12-10 11:52:37.598,1.78,2022-12-10 12:00:00,
1.207451085,18848522,Ekaterina Reyngold,Ekat Reyngold v Dartron,40,2022-12-10 11:54:35.966,1.77,2022-12-10 12:00:00,
1.207451085,18848522,Ekaterina Reyngold,Ekat Reyngold v Dartron,50,2022-12-10 12:02:01.073,1.78,2022-12-10 12:10:00,
1.207451085,18848522,Ekaterina Reyngold,Ekat Reyngold v Dartron,60,2022-12-10 12:04:44.909,1.79,2022-12-10 12:10:00,
1.207451085,18848522,Ekaterina Reyngold,Ekat Reyngold v Dartron,70,2022-12-10 12:05:43.391,1.82,2022-12-10 12:10:00,
1.207451085,18848522,Ekaterina Reyngold,Ekat Reyngold v Dartron,80,2022-12-10 13:00:48.300,1.91,2022-12-10 13:10:00,
1.207451085,18848522,Ekaterina Reyngold,Ekat Reyngold v Dartron,90,2022-12-10 13:07:49.880,1.92,2022-12-10 13:10:00,2022-12-10 13:07:49.880
1.207451085,18848522,Ekaterina Reyngold,Ekat Reyngold v Dartron,100,2022-12-10 13:09:49.756,2.22,2022-12-10 13:10:00,2022-12-10 13:07:49.880
1.207451165,2453959,Ekaterina Makarova,Ekat Makarova v Hina Inoue,0,2022-12-10 01:17:24.601,1.1,2022-12-10 13:30:00,
1.207451165,2453959,Ekaterina Makarova,Ekat Makarova v Hina Inoue,10,2022-12-10 01:20:50.053,1.11,2022-12-10 13:30:00,
1.207451165,2453959,Ekaterina Makarova,Ekat Makarova v Hina Inoue,20,2022-12-10 01:29:14.318,2.0,2022-12-10 13:30:00,
1.207451165,2453959,Ekaterina Makarova,Ekat Makarova v Hina Inoue,30,2022-12-10 01:32:53.840,1.11,2022-12-10 13:30:00,
1.207451165,2453959,Ekaterina Makarova,Ekat Makarova v Hina Inoue,40,2022-12-10 10:26:50.686,1.76,2022-12-10 13:30:00,
1.207451165,2453959,Ekaterina Makarova,Ekat Makarova v Hina Inoue,50,2022-12-10 12:16:19.967,1.75,2022-12-10 13:30:00,
1.207451165,2453959,Ekaterina Makarova,Ekat Makarova v Hina Inoue,60,2022-12-10 12:30:51.170,1.76,2022-12-10 13:30:00,
1.207451165,2453959,Ekaterina Makarova,Ekat Makarova v Hina Inoue,70,2022-12-10 13:31:05.636,1.75,2022-12-10 14:00:00,
1.207451165,2453959,Ekaterina Makarova,Ekat Makarova v Hina Inoue,80,2022-12-10 13:38:17.521,1.79,2022-12-10 14:00:00,
1.207451165,2453959,Ekaterina Makarova,Ekat Makarova v Hina Inoue,90,2022-12-10 13:59:54.536,1.7,2022-12-10 14:00:00,
1.207451165,2453959,Ekaterina Makarova,Ekat Makarova v Hina Inoue,100,2022-12-10 14:18:55.907,1.76,2022-12-10 14:20:00,
1.207451165,18849142,Hina Inoue,Ekat Makarova v Hina Inoue,0,2022-12-10 01:32:53.840,1.1,2022-12-10 13:30:00,
1.207451165,18849142,Hina Inoue,Ekat Makarova v Hina Inoue,10,2022-12-10 01:33:35.436,1.11,2022-12-10 13:30:00,
1.207451165,18849142,Hina Inoue,Ekat Makarova v Hina Inoue,20,2022-12-10 03:26:39.449,1.05,2022-12-10 13:30:00,
1.207451165,18849142,Hina Inoue,Ekat Makarova v Hina Inoue,30,2022-12-10 10:26:50.686,2.32,2022-12-10 13:30:00,
1.207451165,18849142,Hina Inoue,Ekat Makarova v Hina Inoue,40,2022-12-10 11:16:16.140,2.3,2022-12-10 13:30:00,
1.207451165,18849142,Hina Inoue,Ekat Makarova v Hina Inoue,50,2022-12-10 11:27:52.407,2.26,2022-12-10 13:30:00,
1.207451165,18849142,Hina Inoue,Ekat Makarova v Hina Inoue,60,2022-12-10 11:58:55.109,2.28,2022-12-10 13:30:00,
1.207451165,18849142,Hina Inoue,Ekat Makarova v Hina Inoue,70,2022-12-10 12:19:42.430,2.3,2022-12-10 13:30:00,
1.207451165,18849142,Hina Inoue,Ekat Makarova v Hina Inoue,80,2022-12-10 13:01:46.020,2.28,2022-12-10 14:00:00,
1.207451165,18849142,Hina Inoue,Ekat Makarova v Hina Inoue,90,2022-12-10 13:44:23.655,2.26,2022-12-10 14:00:00,
1.207451165,18849142,Hina Inoue,Ekat Makarova v Hina Inoue,100,2022-12-10 14:16:00.954,2.28,2022-12-10 14:20:00,
1.207451166,11772894,Joanna Garland,Fett v J Garland,0,2022-12-10 00:22:46.797,1.83,2022-12-10 09:00:00,
1.207451166,11772894,Joanna Garland,Fett v J Garland,10,2022-12-10 04:13:59.590,1.53,2022-12-10 09:00:00,
1.207451166,11772894,Joanna Garland,Fett v J Garland,20,2022-12-10 07:10:57.137,1.75,2022-12-10 09:00:00,
1.207451166,11772894,Joanna Garland,Fett v J Garland,30,2022-12-10 08:00:10.726,1.74,2022-12-10 09:00:00,
1.207451166,11772894,Joanna Garland,Fett v J Garland,40,2022-12-10 08:42:52.330,1.84,2022-12-10 09:00:00,
1.207451166,11772894,Joanna Garland,Fett v J Garland,50,2022-12-10 08:43:53.258,1.96,2022-12-10 09:00:00,
1.207451166,11772894,Joanna Garland,Fett v J Garland,60,2022-12-10 08:44:59.106,1.85,2022-12-10 09:00:00,
1.207451166,11772894,Joanna Garland,Fett v J Garland,70,2022-12-10 08:46:55.864,1.84,2022-12-10 09:00:00,
1.207451166,11772894,Joanna Garland,Fett v J Garland,80,2022-12-10 08:48:04.483,1.83,2022-12-10 09:00:00,
1.207451166,11772894,Joanna Garland,Fett v J Garland,90,2022-12-10 08:50:55.063,1.84,2022-12-10 09:00:00,
1.207451166,11772894,Joanna Garland,Fett v J Garland,100,2022-12-10 08:51:58.754,1.85,2022-12-10 09:00:00,
1.207452343,9628769,Jessika Ponchet,Aly Parks v Jes Ponchet,0,2022-12-09 21:28:01.430,4.2,2022-12-10 12:00:00,
1.207452343,9628769,Jessika Ponchet,Aly Parks v Jes Ponchet,10,2022-12-09 22:40:33.888,4.2,2022-12-10 12:00:00,
1.207452343,9628769,Jessika Ponchet,Aly Parks v Jes Ponchet,20,2022-12-10 02:20:40.027,3.75,2022-12-10 12:00:00,
1.207452343,9628769,Jessika Ponchet,Aly Parks v Jes Ponchet,30,2022-12-10 08:36:00.497,3.65,2022-12-10 12:00:00,
1.207452343,9628769,Jessika Ponchet,Aly Parks v Jes Ponchet,40,2022-12-10 09:39:58.450,3.75,2022-12-10 12:00:00,
1.207452343,9628769,Jessika Ponchet,Aly Parks v Jes Ponchet,50,2022-12-10 10:38:01.108,3.95,2022-12-10 12:00:00,
1.207452343,9628769,Jessika Ponchet,Aly Parks v Jes Ponchet,60,2022-12-10 11:15:53.333,3.85,2022-12-10 12:00:00,
1.207452343,9628769,Jessika Ponchet,Aly Parks v Jes Ponchet,70,2022-12-10 11:26:55.450,3.75,2022-12-10 12:00:00,
1.207452343,9628769,Jessika Ponchet,Aly Parks v Jes Ponchet,80,2022-12-10 11:49:01.976,3.85,2022-12-10 12:00:00,
1.207452343,9628769,Jessika Ponchet,Aly Parks v Jes Ponchet,90,2022-12-10 11:50:48.489,3.95,2022-12-10 12:00:00,
1.207452343,9628769,Jessika Ponchet,Aly Parks v Jes Ponchet,100,2022-12-10 12:09:56.292,3.85,2022-12-10 12:10:00,
1.207452343,11233227,Alycia Parks,Aly Parks v Jes Ponchet,0,2022-12-09 21:38:29.750,1.25,2022-12-10 12:00:00,
1.207452343,11233227,Alycia Parks,Aly Parks v Jes Ponchet,10,2022-12-10 02:20:40.027,1.36,2022-12-10 12:00:00,
1.207452343,11233227,Alycia Parks,Aly Parks v Jes Ponchet,20,2022-12-10 04:14:46.326,1.34,2022-12-10 12:00:00,
1.207452343,11233227,Alycia Parks,Aly Parks v Jes Ponchet,30,2022-12-10 08:37:47.615,1.38,2022-12-10 12:00:00,
1.207452343,11233227,Alycia Parks,Aly Parks v Jes Ponchet,40,2022-12-10 09:52:05.487,1.36,2022-12-10 12:00:00,
1.207452343,11233227,Alycia Parks,Aly Parks v Jes Ponchet,50,2022-12-10 10:05:29.386,1.35,2022-12-10 12:00:00,
1.207452343,11233227,Alycia Parks,Aly Parks v Jes Ponchet,60,2022-12-10 11:02:50.045,1.35,2022-12-10 12:00:00,
1.207452343,11233227,Alycia Parks,Aly Parks v Jes Ponchet,70,2022-12-10 11:33:15.303,1.35,2022-12-10 12:00:00,
1.207452343,11233227,Alycia Parks,Aly Parks v Jes Ponchet,80,2022-12-10 11:44:01.566,1.36,2022-12-10 12:00:00,
1.207452343,11233227,Alycia Parks,Aly Parks v Jes Ponchet,90,2022-12-10 11:50:48.489,1.34,2022-12-10 12:00:00,
1.207452343,11233227,Alycia Parks,Aly Parks v Jes Ponchet,100,2022-12-10 12:19:58.916,1.33,2022-12-10 12:20:00,
1.207456209,7593369,Anna-Lena Friedsam,Friedsam v A Kalinina,0,2022-12-09 21:03:16.718,3.9,2022-12-10 10:00:00,
1.207456209,7593369,Anna-Lena Friedsam,Friedsam v A Kalinina,10,2022-12-09 23:31:13.981,4.1,2022-12-10 10:00:00,
1.207456209,7593369,Anna-Lena Friedsam,Friedsam v A Kalinina,20,2022-12-10 04:39:38.356,4.0,2022-12-10 10:00:00,
1.207456209,7593369,Anna-Lena Friedsam,Friedsam v A Kalinina,30,2022-12-10 08:26:27.442,4.2,2022-12-10 10:00:00,
1.207456209,7593369,Anna-Lena Friedsam,Friedsam v A Kalinina,40,2022-12-10 09:17:47.722,3.9,2022-12-10 10:00:00,
1.207456209,7593369,Anna-Lena Friedsam,Friedsam v A Kalinina,50,2022-12-10 09:21:50.933,3.8,2022-12-10 10:00:00,
1.207456209,7593369,Anna-Lena Friedsam,Friedsam v A Kalinina,60,2022-12-10 09:27:19.389,3.95,2022-12-10 10:00:00,
1.207456209,7593369,Anna-Lena Friedsam,Friedsam v A Kalinina,70,2022-12-10 09:41:43.788,3.85,2022-12-10 10:00:00,
1.207456209,7593369,Anna-Lena Friedsam,Friedsam v A Kalinina,80,2022-12-10 09:46:50.795,4.0,2022-12-10 10:00:00,
1.207456209,7593369,Anna-Lena Friedsam,Friedsam v A Kalinina,90,2022-12-10 09:51:50.729,3.85,2022-12-10 10:00:00,
1.207456209,7593369,Anna-Lena Friedsam,Friedsam v A Kalinina,100,2022-12-10 10:04:44.862,3.9,2022-12-10 10:05:00,
1.207456209,8907168,Anhelina Kalinina,Friedsam v A Kalinina,0,2022-12-09 20:35:49.498,1.33,2022-12-10 10:00:00,
1.207456209,8907168,Anhelina Kalinina,Friedsam v A Kalinina,10,2022-12-09 22:43:46.080,1.33,2022-12-10 10:00:00,
1.207456209,8907168,Anhelina Kalinina,Friedsam v A Kalinina,20,2022-12-10 04:16:46.624,1.31,2022-12-10 10:00:00,
1.207456209,8907168,Anhelina Kalinina,Friedsam v A Kalinina,30,2022-12-10 06:10:43.599,1.31,2022-12-10 10:00:00,
1.207456209,8907168,Anhelina Kalinina,Friedsam v A Kalinina,40,2022-12-10 08:47:47.498,1.32,2022-12-10 10:00:00,
1.207456209,8907168,Anhelina Kalinina,Friedsam v A Kalinina,50,2022-12-10 08:55:47.444,1.33,2022-12-10 10:00:00,
1.207456209,8907168,Anhelina Kalinina,Friedsam v A Kalinina,60,2022-12-10 09:24:47.474,1.35,2022-12-10 10:00:00,
1.207456209,8907168,Anhelina Kalinina,Friedsam v A Kalinina,70,2022-12-10 09:43:48.832,1.36,2022-12-10 10:00:00,
1.207456209,8907168,Anhelina Kalinina,Friedsam v A Kalinina,80,2022-12-10 09:47:46.868,1.32,2022-12-10 10:00:00,
1.207456209,8907168,Anhelina Kalinina,Friedsam v A Kalinina,90,2022-12-10 09:51:50.729,1.36,2022-12-10 10:00:00,
1.207456209,8907168,Anhelina Kalinina,Friedsam v A Kalinina,100,2022-12-10 09:59:19.183,1.35,2022-12-10 10:00:00,
1.207462924,10279360,Taylor Fritz,Taylor Fritz v Daniil Medvedev,0,2022-12-09 22:56:34.373,2.34,2022-12-10 17:00:00,
1.207462924,10279360,Taylor Fritz,Taylor Fritz v Daniil Medvedev,10,2022-12-10 09:30:10.954,3.2,2022-12-10 17:00:00,
1.207462924,10279360,Taylor Fritz,Taylor Fritz v Daniil Medvedev,20,2022-12-10 10:40:04.212,3.25,2022-12-10 17:00:00,
1.207462924,10279360,Taylor Fritz,Taylor Fritz v Daniil Medvedev,30,2022-12-10 12:04:52.196,2.94,2022-12-10 17:00:00,
1.207462924,10279360,Taylor Fritz,Taylor Fritz v Daniil Medvedev,40,2022-12-10 14:30:59.562,2.88,2022-12-10 17:00:00,
1.207462924,10279360,Taylor Fritz,Taylor Fritz v Daniil Medvedev,50,2022-12-10 15:58:50.827,2.86,2022-12-10 17:00:00,
1.207462924,10279360,Taylor Fritz,Taylor Fritz v Daniil Medvedev,60,2022-12-10 16:08:05.225,2.92,2022-12-10 17:00:00,
1.207462924,10279360,Taylor Fritz,Taylor Fritz v Daniil Medvedev,70,2022-12-10 16:25:16.924,2.88,2022-12-10 17:00:00,
1.207462924,10279360,Taylor Fritz,Taylor Fritz v Daniil Medvedev,80,2022-12-10 16:50:17.147,2.92,2022-12-10 17:00:00,
1.207462924,10279360,Taylor Fritz,Taylor Fritz v Daniil Medvedev,90,2022-12-10 16:56:18.219,2.64,2022-12-10 17:00:00,
1.207462924,10279360,Taylor Fritz,Taylor Fritz v Daniil Medvedev,100,2022-12-10 16:59:14.516,2.88,2022-12-10 17:00:00,
1.207462924,19924831,Daniil Medvedev,Taylor Fritz v Daniil Medvedev,0,2022-12-10 00:40:01.757,1.44,2022-12-10 17:00:00,
1.207462924,19924831,Daniil Medvedev,Taylor Fritz v Daniil Medvedev,10,2022-12-10 09:45:15.082,1.52,2022-12-10 17:00:00,
1.207462924,19924831,Daniil Medvedev,Taylor Fritz v Daniil Medvedev,20,2022-12-10 12:29:00.225,1.49,2022-12-10 17:00:00,
1.207462924,19924831,Daniil Medvedev,Taylor Fritz v Daniil Medvedev,30,2022-12-10 13:20:03.703,1.49,2022-12-10 17:00:00,
1.207462924,19924831,Daniil Medvedev,Taylor Fritz v Daniil Medvedev,40,2022-12-10 14:00:23.373,1.5,2022-12-10 17:00:00,
1.207462924,19924831,Daniil Medvedev,Taylor Fritz v Daniil Medvedev,50,2022-12-10 14:29:10.563,1.52,2022-12-10 17:00:00,
1.207462924,19924831,Daniil Medvedev,Taylor Fritz v Daniil Medvedev,60,2022-12-10 15:22:15.760,1.51,2022-12-10 17:00:00,
1.207462924,19924831,Daniil Medvedev,Taylor Fritz v Daniil Medvedev,70,2022-12-10 15:39:15.370,1.52,2022-12-10 17:00:00,
1.207462924,19924831,Daniil Medvedev,Taylor Fritz v Daniil Medvedev,80,2022-12-10 16:13:29.888,1.54,2022-12-10 17:00:00,
1.207462924,19924831,Daniil Medvedev,Taylor Fritz v Daniil Medvedev,90,2022-12-10 16:50:17.147,1.52,2022-12-10 17:00:00,
1.207462924,19924831,Daniil Medvedev,Taylor Fritz v Daniil Medvedev,100,2022-12-10 16:59:14.516,1.52,2022-12-10 17:00:00,
1.207464173,50932199,Berrettini/Rublev,Hurkacz/Stricker v Berrettini/Rublev,0,2022-12-10 01:18:08.132,1.54,2022-12-10 13:00:00,
1.207464173,50932199,Berrettini/Rublev,Hurkacz/Stricker v Berrettini/Rublev,10,2022-12-10 10:24:36.626,1.95,2022-12-10 13:00:00,
1.207464173,50932199,Berrettini/Rublev,Hurkacz/Stricker v Berrettini/Rublev,20,2022-12-10 12:22:22.191,1.93,2022-12-10 13:00:00,
1.207464173,50932199,Berrettini/Rublev,Hurkacz/Stricker v Berrettini/Rublev,30,2022-12-10 12:29:09.800,1.68,2022-12-10 13:00:00,
1.207464173,50932199,Berrettini/Rublev,Hurkacz/Stricker v Berrettini/Rublev,40,2022-12-10 12:44:12.818,1.86,2022-12-10 13:00:00,
1.207464173,50932199,Berrettini/Rublev,Hurkacz/Stricker v Berrettini/Rublev,50,2022-12-10 12:51:45.220,1.82,2022-12-10 13:00:00,
1.207464173,50932199,Berrettini/Rublev,D S Stricker / H Hurcakz v M Berrettini / A Rublev,60,2022-12-10 13:27:08.185,1.89,2022-12-10 14:00:00,2022-12-10 13:03:18.788
1.207464173,50932199,Berrettini/Rublev,D S Stricker / H Hurcakz v M Berrettini / A Rublev,70,2022-12-10 13:33:18.975,1.87,2022-12-10 14:00:00,2022-12-10 13:03:18.788
1.207464173,50932199,Berrettini/Rublev,D S Stricker / H Hurcakz v M Berrettini / A Rublev,80,2022-12-10 13:39:08.095,1.85,2022-12-10 14:00:00,2022-12-10 13:03:18.788
1.207464173,50932199,Berrettini/Rublev,D S Stricker / H Hurcakz v M Berrettini / A Rublev,90,2022-12-10 13:49:23.019,1.84,2022-12-10 14:00:00,2022-12-10 13:03:18.788
1.207464173,50932199,Berrettini/Rublev,D S Stricker / H Hurcakz v M Berrettini / A Rublev,100,2022-12-10 13:59:20.532,1.79,2022-12-10 14:00:00,2022-12-10 13:03:18.788
1.207464173,50932204,Hurkacz/Stricker,Hurkacz/Stricker v Berrettini/Rublev,0,2022-12-10 09:20:35.038,2.16,2022-12-10 13:00:00,
1.207464173,50932204,Hurkacz/Stricker,Hurkacz/Stricker v Berrettini/Rublev,10,2022-12-10 10:46:02.854,2.4,2022-12-10 13:00:00,
1.207464173,50932204,Hurkacz/Stricker,Hurkacz/Stricker v Berrettini/Rublev,20,2022-12-10 12:22:22.191,2.02,2022-12-10 13:00:00,
1.207464173,50932204,Hurkacz/Stricker,Hurkacz/Stricker v Berrettini/Rublev,30,2022-12-10 12:51:45.220,2.22,2022-12-10 13:00:00,
1.207464173,50932204,Hurkacz/Stricker,D S Stricker / H Hurcakz v M Berrettini / A Rublev,40,2022-12-10 13:23:22.347,2.2,2022-12-10 14:00:00,2022-12-10 13:03:18.788
1.207464173,50932204,Hurkacz/Stricker,D S Stricker / H Hurcakz v M Berrettini / A Rublev,50,2022-12-10 13:31:14.485,2.12,2022-12-10 14:00:00,2022-12-10 13:03:18.788
1.207464173,50932204,Hurkacz/Stricker,D S Stricker / H Hurcakz v M Berrettini / A Rublev,60,2022-12-10 13:38:22.981,2.28,2022-12-10 14:00:00,2022-12-10 13:03:18.788
1.207464173,50932204,Hurkacz/Stricker,D S Stricker / H Hurcakz v M Berrettini / A Rublev,70,2022-12-10 13:41:21.027,2.18,2022-12-10 14:00:00,2022-12-10 13:03:18.788
1.207464173,50932204,Hurkacz/Stricker,D S Stricker / H Hurcakz v M Berrettini / A Rublev,80,2022-12-10 13:52:19.324,2.22,2022-12-10 14:00:00,2022-12-10 13:03:18.788
1.207464173,50932204,Hurkacz/Stricker,D S Stricker / H Hurcakz v M Berrettini / A Rublev,90,2022-12-10 13:55:13.645,2.28,2022-12-10 14:00:00,2022-12-10 13:03:18.788
1.207464173,50932204,Hurkacz/Stricker,D S Stricker / H Hurcakz v M Berrettini / A Rublev,100,2022-12-10 13:59:20.532,2.28,2022-12-10 14:00:00,2022-12-10 13:03:18.788
1.207488994,9631351,Lucia Bronzetti,L Bronzetti v Burrage,0,2022-12-11 14:56:05.545,2.74,2022-12-12 00:00:00,
1.207488994,9631351,Lucia Bronzetti,L Bronzetti v Burrage,10,2022-12-12 00:38:49.545,2.62,2022-12-12 09:00:00,
1.207488994,9631351,Lucia Bronzetti,L Bronzetti v Burrage,20,2022-12-12 02:48:19.592,2.66,2022-12-12 09:00:00,
1.207488994,9631351,Lucia Bronzetti,L Bronzetti v Burrage,30,2022-12-12 04:25:56.974,2.72,2022-12-12 09:00:00,
1.207488994,9631351,Lucia Bronzetti,L Bronzetti v Burrage,40,2022-12-12 06:26:01.321,2.74,2022-12-12 09:00:00,
1.207488994,9631351,Lucia Bronzetti,L Bronzetti v Burrage,50,2022-12-12 07:09:57.611,2.74,2022-12-12 09:00:00,
1.207488994,9631351,Lucia Bronzetti,L Bronzetti v Burrage,60,2022-12-12 08:04:52.625,2.82,2022-12-12 09:00:00,
1.207488994,9631351,Lucia Bronzetti,L Bronzetti v Burrage,70,2022-12-12 08:25:45.347,3.0,2022-12-12 09:00:00,
1.207488994,9631351,Lucia Bronzetti,L Bronzetti v Burrage,80,2022-12-12 08:40:46.323,3.0,2022-12-12 09:00:00,
1.207488994,9631351,Lucia Bronzetti,L Bronzetti v Burrage,90,2022-12-12 08:52:50.234,2.88,2022-12-12 09:00:00,
1.207488994,9631351,Lucia Bronzetti,L Bronzetti v Burrage,100,2022-12-12 08:59:45.644,2.92,2022-12-12 09:00:00,
1.207488994,9631606,Jodie Burrage,L Bronzetti v Burrage,0,2022-12-11 07:29:13.498,1.61,2022-12-12 00:00:00,
1.207488994,9631606,Jodie Burrage,L Bronzetti v Burrage,10,2022-12-11 22:00:43.942,1.63,2022-12-12 09:00:00,
1.207488994,9631606,Jodie Burrage,L Bronzetti v Burrage,20,2022-12-12 02:16:54.058,1.59,2022-12-12 09:00:00,
1.207488994,9631606,Jodie Burrage,L Bronzetti v Burrage,30,2022-12-12 05:04:25.426,1.6,2022-12-12 09:00:00,
1.207488994,9631606,Jodie Burrage,L Bronzetti v Burrage,40,2022-12-12 06:59:45.666,1.59,2022-12-12 09:00:00,
1.207488994,9631606,Jodie Burrage,L Bronzetti v Burrage,50,2022-12-12 07:45:15.137,1.56,2022-12-12 09:00:00,
1.207488994,9631606,Jodie Burrage,L Bronzetti v Burrage,60,2022-12-12 08:19:45.286,1.56,2022-12-12 09:00:00,
1.207488994,9631606,Jodie Burrage,L Bronzetti v Burrage,70,2022-12-12 08:25:45.347,1.49,2022-12-12 09:00:00,
1.207488994,9631606,Jodie Burrage,L Bronzetti v Burrage,80,2022-12-12 08:40:46.323,1.5,2022-12-12 09:00:00,
1.207488994,9631606,Jodie Burrage,L Bronzetti v Burrage,90,2022-12-12 08:53:54.715,1.53,2022-12-12 09:00:00,
1.207488994,9631606,Jodie Burrage,L Bronzetti v Burrage,100,2022-12-12 08:59:45.644,1.52,2022-12-12 09:00:00,
1.207488997,10351066,Clara Burel,Ne Berberovic v Burel,0,2022-12-11 09:35:11.217,1.13,2022-12-12 00:00:00,
1.207488997,10351066,Clara Burel,Ne Berberovic v Burel,10,2022-12-12 05:56:35.390,1.12,2022-12-12 16:00:00,
1.207488997,10351066,Clara Burel,Ne Berberovic v Burel,20,2022-12-12 06:11:47.626,1.13,2022-12-12 16:00:00,
1.207488997,10351066,Clara Burel,Ne Berberovic v Burel,30,2022-12-12 09:07:38.074,1.12,2022-12-12 16:00:00,
1.207488997,10351066,Clara Burel,Ne Berberovic v Burel,40,2022-12-12 10:50:41.190,1.13,2022-12-12 16:00:00,
1.207488997,10351066,Clara Burel,Ne Berberovic v Burel,50,2022-12-12 14:23:44.214,1.14,2022-12-12 16:00:00,
1.207488997,10351066,Clara Burel,Ne Berberovic v Burel,60,2022-12-12 14:26:25.358,1.13,2022-12-12 16:00:00,
1.207488997,10351066,Clara Burel,Ne Berberovic v Burel,70,2022-12-12 15:32:53.527,1.14,2022-12-12 16:00:00,
1.207488997,10351066,Clara Burel,Ne Berberovic v Burel,80,2022-12-12 15:36:58.126,1.13,2022-12-12 16:00:00,
1.207488997,10351066,Clara Burel,Ne Berberovic v Burel,90,2022-12-12 15:40:45.738,1.14,2022-12-12 16:00:00,
1.207488997,10351066,Clara Burel,Ne Berberovic v Burel,100,2022-12-12 17:02:02.509,1.14,2022-12-12 17:10:00,
1.207489267,10108736,Greet Minnen,Minnen v Mandlik,0,2022-12-11 03:14:59.004,1.44,2022-12-11 18:30:00,
1.207489267,10108736,Greet Minnen,Minnen v Mandlik,10,2022-12-11 10:26:33.133,1.36,2022-12-11 18:30:00,
1.207489267,10108736,Greet Minnen,Minnen v Mandlik,20,2022-12-11 11:50:02.349,1.34,2022-12-11 18:30:00,
1.207489267,10108736,Greet Minnen,Minnen v Mandlik,30,2022-12-11 15:11:17.935,1.36,2022-12-11 18:30:00,
1.207489267,10108736,Greet Minnen,Minnen v Mandlik,40,2022-12-11 16:49:01.977,1.38,2022-12-11 18:30:00,
1.207489267,10108736,Greet Minnen,Minnen v Mandlik,50,2022-12-11 17:02:05.430,1.38,2022-12-11 18:30:00,
1.207489267,10108736,Greet Minnen,Minnen v Mandlik,60,2022-12-11 17:16:28.829,1.38,2022-12-11 18:30:00,
1.207489267,10108736,Greet Minnen,Minnen v Mandlik,70,2022-12-11 17:38:32.668,1.41,2022-12-11 18:30:00,
1.207489267,10108736,Greet Minnen,Minnen v Mandlik,80,2022-12-11 18:04:51.736,1.41,2022-12-11 18:30:00,
1.207489267,10108736,Greet Minnen,Minnen v Mandlik,90,2022-12-11 18:20:53.763,1.45,2022-12-11 18:30:00,
1.207489267,10108736,Greet Minnen,Minnen v Mandlik,100,2022-12-11 19:04:02.612,1.38,2022-12-11 19:05:00,2022-12-11 19:00:02.562
1.207489267,11546652,Elizabeth Mandlik,Minnen v Mandlik,0,2022-12-11 04:53:02.406,2.8,2022-12-11 18:30:00,
1.207489267,11546652,Elizabeth Mandlik,Minnen v Mandlik,10,2022-12-11 11:18:51.728,3.6,2022-12-11 18:30:00,
1.207489267,11546652,Elizabeth Mandlik,Minnen v Mandlik,20,2022-12-11 15:11:17.935,3.8,2022-12-11 18:30:00,
1.207489267,11546652,Elizabeth Mandlik,Minnen v Mandlik,30,2022-12-11 16:32:01.225,3.65,2022-12-11 18:30:00,
1.207489267,11546652,Elizabeth Mandlik,Minnen v Mandlik,40,2022-12-11 16:49:01.977,3.7,2022-12-11 18:30:00,
1.207489267,11546652,Elizabeth Mandlik,Minnen v Mandlik,50,2022-12-11 17:06:46.375,3.65,2022-12-11 18:30:00,
1.207489267,11546652,Elizabeth Mandlik,Minnen v Mandlik,60,2022-12-11 17:16:28.829,3.55,2022-12-11 18:30:00,
1.207489267,11546652,Elizabeth Mandlik,Minnen v Mandlik,70,2022-12-11 17:43:59.931,3.25,2022-12-11 18:30:00,
1.207489267,11546652,Elizabeth Mandlik,Minnen v Mandlik,80,2022-12-11 18:00:51.367,3.35,2022-12-11 18:30:00,
1.207489267,11546652,Elizabeth Mandlik,Minnen v Mandlik,90,2022-12-11 19:00:02.562,3.5,2022-12-11 19:05:00,2022-12-11 19:00:02.562
1.207489267,11546652,Elizabeth Mandlik,Minnen v Mandlik,100,2022-12-11 19:04:02.612,3.5,2022-12-11 19:05:00,2022-12-11 19:00:02.562
1.207489279,8907168,Anhelina Kalinina,Car Monnet v A Kalinina,0,2022-12-10 18:15:17.401,1.2,2022-12-12 00:00:00,
1.207489279,8907168,Anhelina Kalinina,Car Monnet v A Kalinina,10,2022-12-12 03:38:05.512,1.16,2022-12-12 13:00:00,
1.207489279,8907168,Anhelina Kalinina,Car Monnet v A Kalinina,20,2022-12-12 08:42:26.206,1.14,2022-12-12 13:00:00,
1.207489279,8907168,Anhelina Kalinina,Car Monnet v A Kalinina,30,2022-12-12 10:46:57.940,1.14,2022-12-12 13:00:00,
1.207489279,8907168,Anhelina Kalinina,Car Monnet v A Kalinina,40,2022-12-12 12:45:54.940,1.13,2022-12-12 13:00:00,
1.207489279,8907168,Anhelina Kalinina,Car Monnet v A Kalinina,50,2022-12-12 13:14:41.704,1.16,2022-12-12 13:50:00,
1.207489279,8907168,Anhelina Kalinina,Car Monnet v A Kalinina,60,2022-12-12 13:28:47.394,1.19,2022-12-12 13:50:00,
1.207489279,8907168,Anhelina Kalinina,Car Monnet v A Kalinina,70,2022-12-12 13:40:05.815,1.17,2022-12-12 13:50:00,
1.207489279,8907168,Anhelina Kalinina,Car Monnet v A Kalinina,80,2022-12-12 13:46:00.948,1.18,2022-12-12 13:50:00,
1.207489279,8907168,Anhelina Kalinina,Car Monnet v A Kalinina,90,2022-12-12 14:10:53.002,1.17,2022-12-12 14:20:00,
1.207489279,8907168,Anhelina Kalinina,Car Monnet v A Kalinina,100,2022-12-12 14:19:03.803,1.16,2022-12-12 14:20:00,
1.207489279,11204215,Carole Monnet,Car Monnet v A Kalinina,0,2022-12-10 18:15:17.401,6.0,2022-12-12 00:00:00,
1.207489279,11204215,Carole Monnet,Car Monnet v A Kalinina,10,2022-12-12 03:38:05.512,7.4,2022-12-12 13:00:00,
1.207489279,11204215,Carole Monnet,Car Monnet v A Kalinina,20,2022-12-12 10:39:43.293,8.2,2022-12-12 13:00:00,
1.207489279,11204215,Carole Monnet,Car Monnet v A Kalinina,30,2022-12-12 12:53:26.334,7.8,2022-12-12 13:00:00,
1.207489279,11204215,Carole Monnet,Car Monnet v A Kalinina,40,2022-12-12 13:05:00.780,7.2,2022-12-12 13:50:00,
1.207489279,11204215,Carole Monnet,Car Monnet v A Kalinina,50,2022-12-12 13:17:02.679,6.6,2022-12-12 13:50:00,
1.207489279,11204215,Carole Monnet,Car Monnet v A Kalinina,60,2022-12-12 13:33:05.112,6.6,2022-12-12 13:50:00,
1.207489279,11204215,Carole Monnet,Car Monnet v A Kalinina,70,2022-12-12 13:37:57.756,6.2,2022-12-12 13:50:00,
1.207489279,11204215,Carole Monnet,Car Monnet v A Kalinina,80,2022-12-12 14:04:06.805,7.4,2022-12-12 14:20:00,
1.207489279,11204215,Carole Monnet,Car Monnet v A Kalinina,90,2022-12-12 14:10:00.757,7.0,2022-12-12 14:20:00,
1.207489279,11204215,Carole Monnet,Car Monnet v A Kalinina,100,2022-12-12 14:19:03.803,7.2,2022-12-12 14:20:00,
1.207489679,7283310,Aliaksandra Sasnovich,Er Andreeva v A Sasnovich,0,2022-12-10 20:30:22.269,1.44,2022-12-12 00:00:00,
1.207489679,7283310,Aliaksandra Sasnovich,Er Andreeva v A Sasnovich,10,2022-12-11 13:16:49.596,1.41,2022-12-12 00:00:00,
1.207489679,7283310,Aliaksandra Sasnovich,Er Andreeva v A Sasnovich,20,2022-12-11 14:42:03.506,1.34,2022-12-12 00:00:00,
1.207489679,7283310,Aliaksandra Sasnovich,Er Andreeva v A Sasnovich,30,2022-12-11 17:16:58.557,1.47,2022-12-13 00:00:00,
1.207489679,7283310,Aliaksandra Sasnovich,Er Andreeva v A Sasnovich,40,2022-12-11 22:31:10.766,1.46,2022-12-13 00:00:00,
1.207489679,7283310,Aliaksandra Sasnovich,Er Andreeva v A Sasnovich,50,2022-12-12 19:29:23.570,1.33,2022-12-13 15:30:00,
1.207489679,7283310,Aliaksandra Sasnovich,Er Andreeva v A Sasnovich,60,2022-12-12 20:40:01.151,1.39,2022-12-13 15:30:00,
1.207489679,7283310,Aliaksandra Sasnovich,Er Andreeva v A Sasnovich,70,2022-12-13 06:40:01.252,1.39,2022-12-13 15:30:00,
1.207489679,7283310,Aliaksandra Sasnovich,Er Andreeva v A Sasnovich,80,2022-12-13 07:36:53.250,1.42,2022-12-13 15:30:00,
1.207489679,7283310,Aliaksandra Sasnovich,Er Andreeva v A Sasnovich,90,2022-12-13 11:03:26.679,1.4,2022-12-13 15:30:00,
1.207489679,7283310,Aliaksandra Sasnovich,Er Andreeva v A Sasnovich,100,2022-12-13 13:32:31.368,1.39,2022-12-13 15:30:00,
1.207489679,27187697,Erika Andreeva,Er Andreeva v A Sasnovich,0,2022-12-11 22:31:10.766,3.2,2022-12-13 00:00:00,
1.207489679,27187697,Erika Andreeva,Er Andreeva v A Sasnovich,10,2022-12-12 12:20:34.716,3.95,2022-12-13 00:00:00,
1.207489679,27187697,Erika Andreeva,Er Andreeva v A Sasnovich,20,2022-12-12 20:40:01.151,3.6,2022-12-13 15:30:00,
1.207489679,27187697,Erika Andreeva,Er Andreeva v A Sasnovich,30,2022-12-12 23:56:48.535,3.4,2022-12-13 15:30:00,
1.207489679,27187697,Erika Andreeva,Er Andreeva v A Sasnovich,40,2022-12-13 06:29:48.416,3.45,2022-12-13 15:30:00,
1.207489679,27187697,Erika Andreeva,Er Andreeva v A Sasnovich,50,2022-12-13 06:40:01.252,3.6,2022-12-13 15:30:00,
1.207489679,27187697,Erika Andreeva,Er Andreeva v A Sasnovich,60,2022-12-13 07:36:53.250,3.4,2022-12-13 15:30:00,
1.207489679,27187697,Erika Andreeva,Er Andreeva v A Sasnovich,70,2022-12-13 09:57:57.239,3.65,2022-12-13 15:30:00,
1.207489679,27187697,Erika Andreeva,Er Andreeva v A Sasnovich,80,2022-12-13 10:56:07.630,3.5,2022-12-13 15:30:00,
1.207489679,27187697,Erika Andreeva,Er Andreeva v A Sasnovich,90,2022-12-13 12:40:01.613,3.75,2022-12-13 15:30:00,
1.207489679,27187697,Erika Andreeva,Er Andreeva v A Sasnovich,100,2022-12-13 13:32:31.368,3.6,2022-12-13 15:30:00,
1.20748969,3875013,Ana Bogdan,A Bogdan v Stefanini,0,2022-12-10 22:36:09.531,1.15,2022-12-11 14:00:00,
1.20748969,3875013,Ana Bogdan,A Bogdan v Stefanini,10,2022-12-11 00:56:43.628,1.17,2022-12-11 14:00:00,
1.20748969,3875013,Ana Bogdan,A Bogdan v Stefanini,20,2022-12-11 09:34:12.010,1.17,2022-12-11 14:00:00,
1.20748969,3875013,Ana Bogdan,A Bogdan v Stefanini,30,2022-12-11 11:12:46.925,1.18,2022-12-11 14:00:00,
1.20748969,3875013,Ana Bogdan,A Bogdan v Stefanini,40,2022-12-11 12:50:07.183,1.19,2022-12-11 14:00:00,
1.20748969,3875013,Ana Bogdan,A Bogdan v Stefanini,50,2022-12-11 13:26:31.329,1.19,2022-12-11 14:00:00,
1.20748969,3875013,Ana Bogdan,A Bogdan v Stefanini,60,2022-12-11 13:45:11.774,1.19,2022-12-11 14:00:00,
1.20748969,3875013,Ana Bogdan,A Bogdan v Stefanini,70,2022-12-11 13:51:04.891,1.17,2022-12-11 14:00:00,
1.20748969,3875013,Ana Bogdan,A Bogdan v Stefanini,80,2022-12-11 13:53:14.058,1.17,2022-12-11 14:00:00,
1.20748969,3875013,Ana Bogdan,A Bogdan v Stefanini,90,2022-12-11 13:56:54.861,1.17,2022-12-11 14:00:00,
1.20748969,3875013,Ana Bogdan,A Bogdan v Stefanini,100,2022-12-11 14:04:14.863,1.14,2022-12-11 14:05:00,
1.20748969,9633869,Lucrezia Stefanini,A Bogdan v Stefanini,0,2022-12-10 22:36:09.531,8.0,2022-12-11 14:00:00,
1.20748969,9633869,Lucrezia Stefanini,A Bogdan v Stefanini,10,2022-12-10 23:29:12.993,7.6,2022-12-11 14:00:00,
1.20748969,9633869,Lucrezia Stefanini,A Bogdan v Stefanini,20,2022-12-11 00:56:43.628,7.2,2022-12-11 14:00:00,
1.20748969,9633869,Lucrezia Stefanini,A Bogdan v Stefanini,30,2022-12-11 01:04:51.320,6.8,2022-12-11 14:00:00,
1.20748969,9633869,Lucrezia Stefanini,A Bogdan v Stefanini,40,2022-12-11 09:34:12.010,7.0,2022-12-11 14:00:00,
1.20748969,9633869,Lucrezia Stefanini,A Bogdan v Stefanini,50,2022-12-11 10:42:02.664,6.4,2022-12-11 14:00:00,
1.20748969,9633869,Lucrezia Stefanini,A Bogdan v Stefanini,60,2022-12-11 12:46:22.726,6.6,2022-12-11 14:00:00,
1.20748969,9633869,Lucrezia Stefanini,A Bogdan v Stefanini,70,2022-12-11 13:41:14.757,6.6,2022-12-11 14:00:00,
1.20748969,9633869,Lucrezia Stefanini,A Bogdan v Stefanini,80,2022-12-11 13:43:43.769,6.2,2022-12-11 14:00:00,
1.20748969,9633869,Lucrezia Stefanini,A Bogdan v Stefanini,90,2022-12-11 13:56:08.404,7.0,2022-12-11 14:00:00,
1.20748969,9633869,Lucrezia Stefanini,A Bogdan v Stefanini,100,2022-12-11 14:04:14.863,7.2,2022-12-11 14:05:00,
1.207489983,2386498,Shuai Zhang,S Zhang v Jes Ponchet,0,2022-12-10 19:30:22.510,1.55,2022-12-12 00:00:00,
1.207489983,2386498,Shuai Zhang,S Zhang v Jes Ponchet,10,2022-12-11 17:24:11.376,1.58,2022-12-13 00:00:00,
1.207489983,2386498,Shuai Zhang,S Zhang v Jes Ponchet,20,2022-12-12 20:09:26.606,1.7,2022-12-13 09:00:00,
1.207489983,2386498,Shuai Zhang,S Zhang v Jes Ponchet,30,2022-12-13 02:14:27.508,1.66,2022-12-13 09:00:00,
1.207489983,2386498,Shuai Zhang,S Zhang v Jes Ponchet,40,2022-12-13 05:28:22.204,1.65,2022-12-13 09:00:00,
1.207489983,2386498,Shuai Zhang,S Zhang v Jes Ponchet,50,2022-12-13 06:22:21.394,1.71,2022-12-13 09:00:00,
1.207489983,2386498,Shuai Zhang,S Zhang v Jes Ponchet,60,2022-12-13 06:39:12.922,1.74,2022-12-13 09:00:00,
1.207489983,2386498,Shuai Zhang,S Zhang v Jes Ponchet,70,2022-12-13 07:34:13.760,1.73,2022-12-13 09:00:00,
1.207489983,2386498,Shuai Zhang,S Zhang v Jes Ponchet,80,2022-12-13 08:13:20.148,1.73,2022-12-13 09:00:00,
1.207489983,2386498,Shuai Zhang,S Zhang v Jes Ponchet,90,2022-12-13 08:50:09.704,1.72,2022-12-13 09:00:00,
1.207489983,2386498,Shuai Zhang,S Zhang v Jes Ponchet,100,2022-12-13 09:09:22.531,1.84,2022-12-13 09:10:00,2022-12-13 09:08:22.447
1.207489983,9628769,Jessika Ponchet,S Zhang v Jes Ponchet,0,2022-12-10 19:01:01.025,2.8,2022-12-12 00:00:00,
1.207489983,9628769,Jessika Ponchet,S Zhang v Jes Ponchet,10,2022-12-12 16:22:49.354,2.58,2022-12-13 09:00:00,
1.207489983,9628769,Jessika Ponchet,S Zhang v Jes Ponchet,20,2022-12-12 23:33:44.973,2.56,2022-12-13 09:00:00,
1.207489983,9628769,Jessika Ponchet,S Zhang v Jes Ponchet,30,2022-12-13 01:00:04.405,2.46,2022-12-13 09:00:00,
1.207489983,9628769,Jessika Ponchet,S Zhang v Jes Ponchet,40,2022-12-13 05:28:22.204,2.52,2022-12-13 09:00:00,
1.207489983,9628769,Jessika Ponchet,S Zhang v Jes Ponchet,50,2022-12-13 06:19:15.675,2.38,2022-12-13 09:00:00,
1.207489983,9628769,Jessika Ponchet,S Zhang v Jes Ponchet,60,2022-12-13 06:42:13.254,2.34,2022-12-13 09:00:00,
1.207489983,9628769,Jessika Ponchet,S Zhang v Jes Ponchet,70,2022-12-13 07:34:13.760,2.34,2022-12-13 09:00:00,
1.207489983,9628769,Jessika Ponchet,S Zhang v Jes Ponchet,80,2022-12-13 08:39:13.321,2.38,2022-12-13 09:00:00,
1.207489983,9628769,Jessika Ponchet,S Zhang v Jes Ponchet,90,2022-12-13 09:01:20.650,2.36,2022-12-13 09:05:00,
1.207489983,9628769,Jessika Ponchet,S Zhang v Jes Ponchet,100,2022-12-13 09:09:22.531,2.18,2022-12-13 09:10:00,2022-12-13 09:08:22.447
1.207489994,2263692,Alize Cornet,V Gracheva v A. Cornet,0,2022-12-11 09:34:55.318,1.38,2022-12-12 00:00:00,
1.207489994,2263692,Alize Cornet,V Gracheva v A. Cornet,10,2022-12-11 14:02:10.240,1.51,2022-12-12 00:00:00,
1.207489994,2263692,Alize Cornet,V Gracheva v A. Cornet,20,2022-12-11 15:42:15.256,1.48,2022-12-12 00:00:00,
1.207489994,2263692,Alize Cornet,V Gracheva v A. Cornet,30,2022-12-12 22:54:21.287,1.45,2022-12-13 12:30:00,
1.207489994,2263692,Alize Cornet,V Gracheva v A. Cornet,40,2022-12-13 07:49:53.365,1.43,2022-12-13 12:30:00,
1.207489994,2263692,Alize Cornet,V Gracheva v A. Cornet,50,2022-12-13 11:02:14.201,1.49,2022-12-13 12:30:00,
1.207489994,2263692,Alize Cornet,V Gracheva v A. Cornet,60,2022-12-13 11:45:11.852,1.46,2022-12-13 12:30:00,
1.207489994,2263692,Alize Cornet,V Gracheva v A. Cornet,70,2022-12-13 12:06:00.340,1.49,2022-12-13 12:30:00,
1.207489994,2263692,Alize Cornet,V Gracheva v A. Cornet,80,2022-12-13 12:19:20.036,1.5,2022-12-13 12:30:00,
1.207489994,2263692,Alize Cornet,V Gracheva v A. Cornet,90,2022-12-13 12:28:15.471,1.49,2022-12-13 12:30:00,
1.207489994,2263692,Alize Cornet,V Gracheva v A. Cornet,100,2022-12-13 12:59:21.847,1.4,2022-12-13 13:00:00,2022-12-13 12:59:21.847
1.207489994,10942984,Varvara Gracheva,V Gracheva v A. Cornet,0,2022-12-10 22:16:11.427,3.4,2022-12-12 00:00:00,
1.207489994,10942984,Varvara Gracheva,V Gracheva v A. Cornet,10,2022-12-11 09:34:55.318,3.65,2022-12-12 00:00:00,
1.207489994,10942984,Varvara Gracheva,V Gracheva v A. Cornet,20,2022-12-12 12:21:01.889,3.35,2022-12-13 00:00:00,
1.207489994,10942984,Varvara Gracheva,V Gracheva v A. Cornet,30,2022-12-12 23:54:58.642,3.05,2022-12-13 12:30:00,
1.207489994,10942984,Varvara Gracheva,V Gracheva v A. Cornet,40,2022-12-13 06:48:52.662,3.25,2022-12-13 12:30:00,
1.207489994,10942984,Varvara Gracheva,V Gracheva v A. Cornet,50,2022-12-13 07:46:18.048,3.2,2022-12-13 12:30:00,
1.207489994,10942984,Varvara Gracheva,V Gracheva v A. Cornet,60,2022-12-13 11:44:04.248,3.0,2022-12-13 12:30:00,
1.207489994,10942984,Varvara Gracheva,V Gracheva v A. Cornet,70,2022-12-13 11:48:07.015,3.05,2022-12-13 12:30:00,
1.207489994,10942984,Varvara Gracheva,V Gracheva v A. Cornet,80,2022-12-13 12:22:03.769,3.0,2022-12-13 12:30:00,
1.207489994,10942984,Varvara Gracheva,V Gracheva v A. Cornet,90,2022-12-13 12:52:21.391,3.0,2022-12-13 13:00:00,
1.207489994,10942984,Varvara Gracheva,V Gracheva v A. Cornet,100,2022-12-13 12:59:21.847,3.5,2022-12-13 13:00:00,2022-12-13 12:59:21.847
1.207490235,3622052,Kristina Mladenovic,Mladenovic v C Tauson,0,2022-12-11 09:35:13.448,8.8,2022-12-12 00:00:00,
1.207490235,3622052,Kristina Mladenovic,Mladenovic v C Tauson,10,2022-12-12 07:17:57.430,6.2,2022-12-13 00:00:00,
1.207490235,3622052,Kristina Mladenovic,Mladenovic v C Tauson,20,2022-12-12 18:40:21.086,6.2,2022-12-13 10:30:00,
1.207490235,3622052,Kristina Mladenovic,Mladenovic v C Tauson,30,2022-12-12 23:51:27.946,6.0,2022-12-13 10:30:00,
1.207490235,3622052,Kristina Mladenovic,Mladenovic v C Tauson,40,2022-12-13 02:43:17.949,6.0,2022-12-13 10:30:00,
1.207490235,3622052,Kristina Mladenovic,Mladenovic v C Tauson,50,2022-12-13 04:56:01.327,5.9,2022-12-13 10:30:00,
1.207490235,3622052,Kristina Mladenovic,Mladenovic v C Tauson,60,2022-12-13 06:49:39.543,5.8,2022-12-13 10:30:00,
1.207490235,3622052,Kristina Mladenovic,Mladenovic v C Tauson,70,2022-12-13 07:53:13.756,6.0,2022-12-13 10:30:00,
1.207490235,3622052,Kristina Mladenovic,Mladenovic v C Tauson,80,2022-12-13 10:10:02.358,6.0,2022-12-13 10:30:00,
1.207490235,3622052,Kristina Mladenovic,Mladenovic v C Tauson,90,2022-12-13 10:24:24.323,6.6,2022-12-13 10:30:00,
1.207490235,3622052,Kristina Mladenovic,Mladenovic v C Tauson,100,2022-12-13 10:28:25.658,6.8,2022-12-13 10:30:00,
1.207490235,18848679,Clara Tauson,Mladenovic v C Tauson,0,2022-12-11 09:35:13.448,1.13,2022-12-12 00:00:00,
1.207490235,18848679,Clara Tauson,Mladenovic v C Tauson,10,2022-12-11 21:59:26.850,1.2,2022-12-13 00:00:00,
1.207490235,18848679,Clara Tauson,Mladenovic v C Tauson,20,2022-12-12 18:40:21.086,1.19,2022-12-13 10:30:00,
1.207490235,18848679,Clara Tauson,Mladenovic v C Tauson,30,2022-12-12 23:51:27.946,1.2,2022-12-13 10:30:00,
1.207490235,18848679,Clara Tauson,Mladenovic v C Tauson,40,2022-12-13 02:43:17.949,1.2,2022-12-13 10:30:00,
1.207490235,18848679,Clara Tauson,Mladenovic v C Tauson,50,2022-12-13 08:14:56.062,1.18,2022-12-13 10:30:00,
1.207490235,18848679,Clara Tauson,Mladenovic v C Tauson,60,2022-12-13 09:08:59.050,1.2,2022-12-13 10:30:00,
1.207490235,18848679,Clara Tauson,Mladenovic v C Tauson,70,2022-12-13 09:43:26.613,1.19,2022-12-13 10:30:00,
1.207490235,18848679,Clara Tauson,Mladenovic v C Tauson,80,2022-12-13 10:18:21.433,1.19,2022-12-13 10:30:00,
1.207490235,18848679,Clara Tauson,Mladenovic v C Tauson,90,2022-12-13 10:25:15.918,1.17,2022-12-13 10:30:00,
1.207490235,18848679,Clara Tauson,Mladenovic v C Tauson,100,2022-12-13 10:33:04.090,1.18,2022-12-13 10:40:00,
1.207491842,48217106,Fomina-Klotz/Lohoff,Fomina-Klotz/Lohoff v Blinkova/Detiuc,0,2022-12-12 12:20:03.499,2.5,2022-12-12 17:30:00,
1.207491842,48217106,Fomina-Klotz/Lohoff,Fomina-Klotz/Lohoff v Blinkova/Detiuc,10,2022-12-12 13:37:16.675,2.2,2022-12-12 17:30:00,
1.207491842,48217106,Fomina-Klotz/Lohoff,Fomina-Klotz/Lohoff v Blinkova/Detiuc,20,2022-12-12 15:00:26.185,2.62,2022-12-12 17:30:00,
1.207491842,48217106,Fomina-Klotz/Lohoff,Fomina-Klotz/Lohoff v Blinkova/Detiuc,30,2022-12-12 17:06:16.135,2.26,2022-12-12 17:30:00,
1.207491842,48217106,Fomina-Klotz/Lohoff,Fomina-Klotz/Lohoff v Blinkova/Detiuc,40,2022-12-12 18:09:55.018,2.42,2022-12-12 18:10:00,
1.207491842,48217106,Fomina-Klotz/Lohoff,Fomina-Klotz/Lohoff v Blinkova/Detiuc,50,2022-12-12 18:53:55.952,2.46,2022-12-12 18:55:00,
1.207491842,48217106,Fomina-Klotz/Lohoff,Fomina-Klotz/Lohoff v Blinkova/Detiuc,60,2022-12-12 18:54:30.129,2.42,2022-12-12 18:55:00,
1.207491842,48217106,Fomina-Klotz/Lohoff,Fomina-Klotz/Lohoff v Blinkova/Detiuc,70,2022-12-12 19:00:47.509,2.42,2022-12-12 19:05:00,
1.207491842,48217106,Fomina-Klotz/Lohoff,Fomina-Klotz/Lohoff v Blinkova/Detiuc,80,2022-12-12 19:01:55.446,2.4,2022-12-12 19:05:00,2022-12-12 19:01:55.446
1.207491842,48217106,Fomina-Klotz/Lohoff,Fomina-Klotz/Lohoff v Blinkova/Detiuc,90,2022-12-12 19:02:56.419,2.42,2022-12-12 19:05:00,2022-12-12 19:01:55.446
1.207491842,48217106,Fomina-Klotz/Lohoff,Fomina-Klotz/Lohoff v Blinkova/Detiuc,100,2022-12-12 19:04:56.608,2.12,2022-12-12 19:05:00,2022-12-12 19:01:55.446
1.207491842,50963354,Blinkova/Detiuc,Fomina-Klotz/Lohoff v Blinkova/Detiuc,0,2022-12-12 12:20:03.499,1.67,2022-12-12 17:30:00,
1.207491842,50963354,Blinkova/Detiuc,Fomina-Klotz/Lohoff v Blinkova/Detiuc,10,2022-12-12 13:37:16.675,1.84,2022-12-12 17:30:00,
1.207491842,50963354,Blinkova/Detiuc,Fomina-Klotz/Lohoff v Blinkova/Detiuc,20,2022-12-12 14:26:50.139,1.62,2022-12-12 17:30:00,
1.207491842,50963354,Blinkova/Detiuc,Fomina-Klotz/Lohoff v Blinkova/Detiuc,30,2022-12-12 17:06:16.135,1.79,2022-12-12 17:30:00,
1.207491842,50963354,Blinkova/Detiuc,Fomina-Klotz/Lohoff v Blinkova/Detiuc,40,2022-12-12 17:15:30.594,1.58,2022-12-12 17:30:00,
1.207491842,50963354,Blinkova/Detiuc,Fomina-Klotz/Lohoff v Blinkova/Detiuc,50,2022-12-12 17:20:39.024,1.57,2022-12-12 17:30:00,
1.207491842,50963354,Blinkova/Detiuc,Fomina-Klotz/Lohoff v Blinkova/Detiuc,60,2022-12-12 17:27:35.332,1.79,2022-12-12 17:30:00,
1.207491842,50963354,Blinkova/Detiuc,Fomina-Klotz/Lohoff v Blinkova/Detiuc,70,2022-12-12 18:53:55.952,1.63,2022-12-12 18:55:00,
1.207491842,50963354,Blinkova/Detiuc,Fomina-Klotz/Lohoff v Blinkova/Detiuc,80,2022-12-12 19:01:55.446,1.66,2022-12-12 19:05:00,2022-12-12 19:01:55.446
1.207491842,50963354,Blinkova/Detiuc,Fomina-Klotz/Lohoff v Blinkova/Detiuc,90,2022-12-12 19:02:56.419,1.71,2022-12-12 19:05:00,2022-12-12 19:01:55.446
1.207491842,50963354,Blinkova/Detiuc,Fomina-Klotz/Lohoff v Blinkova/Detiuc,100,2022-12-12 19:04:56.608,1.85,2022-12-12 19:05:00,2022-12-12 19:01:55.446
1.207497019,7593369,Anna-Lena Friedsam,Aly Parks v Friedsam,0,2022-12-10 17:40:33.590,2.5,2022-12-11 14:00:00,
1.207497019,7593369,Anna-Lena Friedsam,Aly Parks v Friedsam,10,2022-12-10 21:14:46.307,2.34,2022-12-11 14:00:00,
1.207497019,7593369,Anna-Lena Friedsam,Aly Parks v Friedsam,20,2022-12-10 23:59:51.524,2.56,2022-12-11 14:00:00,
1.207497019,7593369,Anna-Lena Friedsam,Aly Parks v Friedsam,30,2022-12-11 00:57:54.827,2.48,2022-12-11 14:00:00,
1.207497019,7593369,Anna-Lena Friedsam,Aly Parks v Friedsam,40,2022-12-11 03:37:54.000,2.4,2022-12-11 14:00:00,
1.207497019,7593369,Anna-Lena Friedsam,Aly Parks v Friedsam,50,2022-12-11 10:11:37.323,2.38,2022-12-11 14:00:00,
1.207497019,7593369,Anna-Lena Friedsam,Aly Parks v Friedsam,60,2022-12-11 11:32:24.482,2.4,2022-12-11 14:00:00,
1.207497019,7593369,Anna-Lena Friedsam,Aly Parks v Friedsam,70,2022-12-11 12:39:22.069,2.44,2022-12-11 14:00:00,
1.207497019,7593369,Anna-Lena Friedsam,Aly Parks v Friedsam,80,2022-12-11 13:09:52.535,2.36,2022-12-11 14:00:00,
1.207497019,7593369,Anna-Lena Friedsam,Aly Parks v Friedsam,90,2022-12-11 13:49:43.533,2.38,2022-12-11 14:00:00,
1.207497019,7593369,Anna-Lena Friedsam,Aly Parks v Friedsam,100,2022-12-11 14:09:53.776,2.28,2022-12-11 14:10:00,2022-12-11 14:09:53.776
1.207497019,11233227,Alycia Parks,Aly Parks v Friedsam,0,2022-12-10 19:24:15.710,1.6,2022-12-11 14:00:00,
1.207497019,11233227,Alycia Parks,Aly Parks v Friedsam,10,2022-12-10 22:21:59.488,1.69,2022-12-11 14:00:00,
1.207497019,11233227,Alycia Parks,Aly Parks v Friedsam,20,2022-12-11 00:39:43.467,1.64,2022-12-11 14:00:00,
1.207497019,11233227,Alycia Parks,Aly Parks v Friedsam,30,2022-12-11 03:15:27.735,1.68,2022-12-11 14:00:00,
1.207497019,11233227,Alycia Parks,Aly Parks v Friedsam,40,2022-12-11 08:19:43.445,1.69,2022-12-11 14:00:00,
1.207497019,11233227,Alycia Parks,Aly Parks v Friedsam,50,2022-12-11 10:29:08.368,1.7,2022-12-11 14:00:00,
1.207497019,11233227,Alycia Parks,Aly Parks v Friedsam,60,2022-12-11 12:09:21.710,1.71,2022-12-11 14:00:00,
1.207497019,11233227,Alycia Parks,Aly Parks v Friedsam,70,2022-12-11 13:04:51.096,1.72,2022-12-11 14:00:00,
1.207497019,11233227,Alycia Parks,Aly Parks v Friedsam,80,2022-12-11 13:28:36.219,1.71,2022-12-11 14:00:00,
1.207497019,11233227,Alycia Parks,Aly Parks v Friedsam,90,2022-12-11 13:52:54.546,1.7,2022-12-11 14:00:00,
1.207497019,11233227,Alycia Parks,Aly Parks v Friedsam,100,2022-12-11 14:09:53.776,1.78,2022-12-11 14:10:00,2022-12-11 14:09:53.776
1.207500259,9149629,Sofia Kenin,Sof Kenin v Blinkova,0,2022-12-11 00:35:55.117,1.82,2022-12-11 15:30:00,
1.207500259,9149629,Sofia Kenin,Sof Kenin v Blinkova,10,2022-12-11 06:33:35.253,1.87,2022-12-11 15:30:00,
1.207500259,9149629,Sofia Kenin,Sof Kenin v Blinkova,20,2022-12-11 11:49:48.094,2.0,2022-12-11 15:30:00,
1.207500259,9149629,Sofia Kenin,Sof Kenin v Blinkova,30,2022-12-11 12:01:42.869,2.02,2022-12-11 15:30:00,
1.207500259,9149629,Sofia Kenin,Sof Kenin v Blinkova,40,2022-12-11 13:44:46.620,2.0,2022-12-11 15:30:00,
1.207500259,9149629,Sofia Kenin,Sof Kenin v Blinkova,50,2022-12-11 14:53:54.976,1.98,2022-12-11 15:30:00,
1.207500259,9149629,Sofia Kenin,Sof Kenin v Blinkova,60,2022-12-11 15:01:52.123,1.97,2022-12-11 15:30:00,
1.207500259,9149629,Sofia Kenin,Sof Kenin v Blinkova,70,2022-12-11 15:05:47.538,1.97,2022-12-11 15:30:00,
1.207500259,9149629,Sofia Kenin,Sof Kenin v Blinkova,80,2022-12-11 15:12:51.915,1.98,2022-12-11 15:30:00,
1.207500259,9149629,Sofia Kenin,Sof Kenin v Blinkova,90,2022-12-11 15:18:40.825,2.04,2022-12-11 15:30:00,
1.207500259,9149629,Sofia Kenin,Sof Kenin v Blinkova,100,2022-12-11 15:23:54.775,2.02,2022-12-11 15:25:00,
1.207500259,9635244,Anna Blinkova,Sof Kenin v Blinkova,0,2022-12-11 00:35:55.117,2.22,2022-12-11 15:30:00,
1.207500259,9635244,Anna Blinkova,Sof Kenin v Blinkova,10,2022-12-11 02:44:35.536,2.1,2022-12-11 15:30:00,
1.207500259,9635244,Anna Blinkova,Sof Kenin v Blinkova,20,2022-12-11 08:06:50.322,1.96,2022-12-11 15:30:00,
1.207500259,9635244,Anna Blinkova,Sof Kenin v Blinkova,30,2022-12-11 10:48:53.616,1.94,2022-12-11 15:30:00,
1.207500259,9635244,Anna Blinkova,Sof Kenin v Blinkova,40,2022-12-11 11:09:40.557,2.0,2022-12-11 15:30:00,
1.207500259,9635244,Anna Blinkova,Sof Kenin v Blinkova,50,2022-12-11 13:30:55.920,2.0,2022-12-11 15:30:00,
1.207500259,9635244,Anna Blinkova,Sof Kenin v Blinkova,60,2022-12-11 14:00:38.840,2.0,2022-12-11 15:30:00,
1.207500259,9635244,Anna Blinkova,Sof Kenin v Blinkova,70,2022-12-11 14:25:06.549,2.02,2022-12-11 15:30:00,
1.207500259,9635244,Anna Blinkova,Sof Kenin v Blinkova,80,2022-12-11 14:39:39.708,2.02,2022-12-11 15:30:00,
1.207500259,9635244,Anna Blinkova,Sof Kenin v Blinkova,90,2022-12-11 15:12:51.915,2.02,2022-12-11 15:30:00,
1.207500259,9635244,Anna Blinkova,Sof Kenin v Blinkova,100,2022-12-11 15:23:54.775,1.98,2022-12-11 15:25:00,
1.207501853,50893698,Parks/Zhang,Parks/Zhang v Kolodziejov/Vondrousova,0,2022-12-11 11:19:35.999,1.68,2022-12-11 15:30:00,
1.207501853,50893698,Parks/Zhang,Parks/Zhang v Kolodziejov/Vondrousova,10,2022-12-11 11:35:07.352,1.44,2022-12-11 15:30:00,
1.207501853,50893698,Parks/Zhang,Parks/Zhang v Kolodziejov/Vondrousova,20,2022-12-11 12:42:10.851,1.64,2022-12-11 15:30:00,
1.207501853,50893698,Parks/Zhang,Parks/Zhang v Kolodziejov/Vondrousova,30,2022-12-11 15:57:39.525,1.99,2022-12-11 16:10:00,
1.207501853,50893698,Parks/Zhang,Parks/Zhang v Kolodziejov/Vondrousova,40,2022-12-11 15:58:59.748,3.0,2022-12-11 16:10:00,
1.207501853,50893698,Parks/Zhang,Parks/Zhang v Kolodziejov/Vondrousova,50,2022-12-11 17:01:42.564,2.42,2022-12-11 17:05:00,
1.207501853,50893698,Parks/Zhang,Parks/Zhang v Kolodziejov/Vondrousova,60,2022-12-11 17:02:50.828,2.28,2022-12-11 17:05:00,
1.207501853,50893698,Parks/Zhang,Parks/Zhang v Kolodziejov/Vondrousova,70,2022-12-11 17:03:50.321,2.26,2022-12-11 17:05:00,
1.207501853,50893698,Parks/Zhang,Parks/Zhang v Kolodziejov/Vondrousova,80,2022-12-11 17:05:45.965,2.24,2022-12-11 17:10:00,
1.207501853,50893698,Parks/Zhang,Parks/Zhang v Kolodziejov/Vondrousova,90,2022-12-11 17:07:33.605,2.28,2022-12-11 17:10:00,
1.207501853,50893698,Parks/Zhang,Parks/Zhang v Kolodziejov/Vondrousova,100,2022-12-11 17:09:50.899,2.12,2022-12-11 17:10:00,
1.207501853,50893723,Kolodziejov/Vondrousova,Parks/Zhang v Kolodziejov/Vondrousova,0,2022-12-11 11:19:35.999,2.46,2022-12-11 15:30:00,
1.207501853,50893723,Kolodziejov/Vondrousova,Parks/Zhang v Kolodziejov/Vondrousova,10,2022-12-11 15:25:58.837,2.1,2022-12-11 15:30:00,
1.207501853,50893723,Kolodziejov/Vondrousova,Parks/Zhang v Kolodziejov/Vondrousova,20,2022-12-11 15:57:39.525,2.0,2022-12-11 16:10:00,
1.207501853,50893723,Kolodziejov/Vondrousova,Parks/Zhang v Kolodziejov/Vondrousova,30,2022-12-11 15:58:59.748,1.5,2022-12-11 16:10:00,
1.207501853,50893723,Kolodziejov/Vondrousova,Parks/Zhang v Kolodziejov/Vondrousova,40,2022-12-11 16:38:46.635,1.86,2022-12-11 16:40:00,
1.207501853,50893723,Kolodziejov/Vondrousova,Parks/Zhang v Kolodziejov/Vondrousova,50,2022-12-11 16:39:19.770,1.87,2022-12-11 16:40:00,
1.207501853,50893723,Kolodziejov/Vondrousova,Parks/Zhang v Kolodziejov/Vondrousova,60,2022-12-11 17:00:14.754,1.68,2022-12-11 17:05:00,
1.207501853,50893723,Kolodziejov/Vondrousova,Parks/Zhang v Kolodziejov/Vondrousova,70,2022-12-11 17:05:45.965,1.81,2022-12-11 17:10:00,
1.207501853,50893723,Kolodziejov/Vondrousova,Parks/Zhang v Kolodziejov/Vondrousova,80,2022-12-11 17:06:39.218,1.77,2022-12-11 17:10:00,
1.207501853,50893723,Kolodziejov/Vondrousova,Parks/Zhang v Kolodziejov/Vondrousova,90,2022-12-11 17:07:33.605,1.78,2022-12-11 17:10:00,
1.207501853,50893723,Kolodziejov/Vondrousova,Parks/Zhang v Kolodziejov/Vondrousova,100,2022-12-11 17:09:50.899,1.85,2022-12-11 17:10:00,
1.207505487,8948984,Audrey Albie,Dartron v Albie,0,2022-12-11 00:40:46.045,1.54,2022-12-11 11:30:00,
1.207505487,8948984,Audrey Albie,Dartron v Albie,10,2022-12-11 07:43:24.539,1.62,2022-12-11 11:30:00,
1.207505487,8948984,Audrey Albie,Dartron v Albie,20,2022-12-11 10:30:26.503,1.63,2022-12-11 11:30:00,
1.207505487,8948984,Audrey Albie,Dartron v Albie,30,2022-12-11 11:20:51.791,1.63,2022-12-11 11:30:00,
1.207505487,8948984,Audrey Albie,Dartron v Albie,40,2022-12-11 11:23:10.628,1.61,2022-12-11 11:30:00,
1.207505487,8948984,Audrey Albie,Dartron v Albie,50,2022-12-11 12:00:43.487,1.6,2022-12-11 12:20:00,
1.207505487,8948984,Audrey Albie,Dartron v Albie,60,2022-12-11 12:03:55.264,1.61,2022-12-11 12:20:00,
1.207505487,8948984,Audrey Albie,Dartron v Albie,70,2022-12-11 12:07:06.268,1.6,2022-12-11 12:20:00,
1.207505487,8948984,Audrey Albie,Dartron v Albie,80,2022-12-11 12:12:57.967,1.6,2022-12-11 12:20:00,
1.207505487,8948984,Audrey Albie,Dartron v Albie,90,2022-12-11 12:14:57.956,1.58,2022-12-11 12:20:00,
1.207505487,8948984,Audrey Albie,Dartron v Albie,100,2022-12-11 12:19:35.602,1.55,2022-12-11 12:20:00,
1.207505487,9632330,Emeline Dartron,Dartron v Albie,0,2022-12-10 22:49:21.901,2.38,2022-12-11 11:30:00,
1.207505487,9632330,Emeline Dartron,Dartron v Albie,10,2022-12-11 00:40:46.045,2.6,2022-12-11 11:30:00,
1.207505487,9632330,Emeline Dartron,Dartron v Albie,20,2022-12-11 06:00:43.892,2.52,2022-12-11 11:30:00,
1.207505487,9632330,Emeline Dartron,Dartron v Albie,30,2022-12-11 07:42:48.490,2.64,2022-12-11 11:30:00,
1.207505487,9632330,Emeline Dartron,Dartron v Albie,40,2022-12-11 11:12:53.329,2.6,2022-12-11 11:30:00,
1.207505487,9632330,Emeline Dartron,Dartron v Albie,50,2022-12-11 11:15:45.267,2.54,2022-12-11 11:30:00,
1.207505487,9632330,Emeline Dartron,Dartron v Albie,60,2022-12-11 12:00:43.487,2.62,2022-12-11 12:20:00,
1.207505487,9632330,Emeline Dartron,Dartron v Albie,70,2022-12-11 12:02:49.193,2.64,2022-12-11 12:20:00,
1.207505487,9632330,Emeline Dartron,Dartron v Albie,80,2022-12-11 12:14:57.956,2.68,2022-12-11 12:20:00,
1.207505487,9632330,Emeline Dartron,Dartron v Albie,90,2022-12-11 12:16:57.670,2.7,2022-12-11 12:20:00,
1.207505487,9632330,Emeline Dartron,Dartron v Albie,100,2022-12-11 12:19:35.602,2.8,2022-12-11 12:20:00,
1.207505488,11694656,Marta Kostyuk,M Kostyuk v J Garland,0,2022-12-11 09:35:26.253,1.17,2022-12-12 00:00:00,
1.207505488,11694656,Marta Kostyuk,M Kostyuk v J Garland,10,2022-12-12 08:12:36.395,1.21,2022-12-12 14:30:00,
1.207505488,11694656,Marta Kostyuk,M Kostyuk v J Garland,20,2022-12-12 12:20:54.082,1.19,2022-12-12 14:30:00,
1.207505488,11694656,Marta Kostyuk,M Kostyuk v J Garland,30,2022-12-12 13:32:41.838,1.2,2022-12-12 14:30:00,
1.207505488,11694656,Marta Kostyuk,M Kostyuk v J Garland,40,2022-12-12 14:26:53.969,1.2,2022-12-12 15:10:00,
1.207505488,11694656,Marta Kostyuk,M Kostyuk v J Garland,50,2022-12-12 14:49:51.481,1.19,2022-12-12 15:10:00,
1.207505488,11694656,Marta Kostyuk,M Kostyuk v J Garland,60,2022-12-12 14:53:43.397,1.18,2022-12-12 15:10:00,
1.207505488,11694656,Marta Kostyuk,M Kostyuk v J Garland,70,2022-12-12 15:05:38.775,1.17,2022-12-12 15:40:00,
1.207505488,11694656,Marta Kostyuk,M Kostyuk v J Garland,80,2022-12-12 15:18:44.087,1.18,2022-12-12 15:40:00,
1.207505488,11694656,Marta Kostyuk,M Kostyuk v J Garland,90,2022-12-12 15:33:54.113,1.19,2022-12-12 15:40:00,
1.207505488,11694656,Marta Kostyuk,M Kostyuk v J Garland,100,2022-12-12 15:47:38.969,1.18,2022-12-12 15:50:00,
1.207505488,11772894,Joanna Garland,M Kostyuk v J Garland,0,2022-12-11 09:35:26.253,7.0,2022-12-12 00:00:00,
1.207505488,11772894,Joanna Garland,M Kostyuk v J Garland,10,2022-12-11 15:39:02.463,5.5,2022-12-12 00:00:00,
1.207505488,11772894,Joanna Garland,M Kostyuk v J Garland,20,2022-12-12 04:07:29.346,5.1,2022-12-12 14:30:00,
1.207505488,11772894,Joanna Garland,M Kostyuk v J Garland,30,2022-12-12 10:53:43.353,5.7,2022-12-12 14:30:00,
1.207505488,11772894,Joanna Garland,M Kostyuk v J Garland,40,2022-12-12 13:32:41.838,6.0,2022-12-12 14:30:00,
1.207505488,11772894,Joanna Garland,M Kostyuk v J Garland,50,2022-12-12 14:19:51.903,6.4,2022-12-12 15:10:00,
1.207505488,11772894,Joanna Garland,M Kostyuk v J Garland,60,2022-12-12 14:38:50.566,6.2,2022-12-12 15:10:00,
1.207505488,11772894,Joanna Garland,M Kostyuk v J Garland,70,2022-12-12 14:54:41.256,6.4,2022-12-12 15:10:00,
1.207505488,11772894,Joanna Garland,M Kostyuk v J Garland,80,2022-12-12 15:33:54.113,6.4,2022-12-12 15:40:00,
1.207505488,11772894,Joanna Garland,M Kostyuk v J Garland,90,2022-12-12 15:38:52.448,7.0,2022-12-12 15:40:00,
1.207505488,11772894,Joanna Garland,M Kostyuk v J Garland,100,2022-12-12 15:46:53.266,6.4,2022-12-12 15:50:00,
1.207505665,9306686,Marine Partaud,Ekat Reyngold v Partaud,0,2022-12-11 09:35:36.854,3.25,2022-12-12 00:00:00,
1.207505665,9306686,Marine Partaud,Ekat Reyngold v Partaud,10,2022-12-11 22:47:26.695,2.98,2022-12-12 11:30:00,
1.207505665,9306686,Marine Partaud,Ekat Reyngold v Partaud,20,2022-12-12 04:16:59.415,3.9,2022-12-12 11:30:00,
1.207505665,9306686,Marine Partaud,Ekat Reyngold v Partaud,30,2022-12-12 08:32:33.438,3.85,2022-12-12 11:30:00,
1.207505665,9306686,Marine Partaud,Ekat Reyngold v Partaud,40,2022-12-12 10:23:59.393,4.0,2022-12-12 11:30:00,
1.207505665,9306686,Marine Partaud,Ekat Reyngold v Partaud,50,2022-12-12 10:51:59.329,4.1,2022-12-12 11:30:00,
1.207505665,9306686,Marine Partaud,Ekat Reyngold v Partaud,60,2022-12-12 11:14:54.936,4.2,2022-12-12 11:30:00,
1.207505665,9306686,Marine Partaud,Ekat Reyngold v Partaud,70,2022-12-12 11:45:59.632,4.7,2022-12-12 11:50:00,
1.207505665,9306686,Marine Partaud,Ekat Reyngold v Partaud,80,2022-12-12 12:15:59.979,4.6,2022-12-12 12:20:00,
1.207505665,9306686,Marine Partaud,Ekat Reyngold v Partaud,90,2022-12-12 12:35:55.026,4.9,2022-12-12 12:40:00,
1.207505665,9306686,Marine Partaud,Ekat Reyngold v Partaud,100,2022-12-12 13:04:56.266,4.3,2022-12-12 13:05:00,
1.207505665,18848522,Ekaterina Reyngold,Ekat Reyngold v Partaud,0,2022-12-11 03:29:27.304,1.45,2022-12-12 00:00:00,
1.207505665,18848522,Ekaterina Reyngold,Ekat Reyngold v Partaud,10,2022-12-12 00:05:34.996,1.46,2022-12-12 11:30:00,
1.207505665,18848522,Ekaterina Reyngold,Ekat Reyngold v Partaud,20,2022-12-12 01:21:53.281,1.4,2022-12-12 11:30:00,
1.207505665,18848522,Ekaterina Reyngold,Ekat Reyngold v Partaud,30,2022-12-12 06:38:37.500,1.33,2022-12-12 11:30:00,
1.207505665,18848522,Ekaterina Reyngold,Ekat Reyngold v Partaud,40,2022-12-12 09:46:53.511,1.33,2022-12-12 11:30:00,
1.207505665,18848522,Ekaterina Reyngold,Ekat Reyngold v Partaud,50,2022-12-12 10:51:59.329,1.31,2022-12-12 11:30:00,
1.207505665,18848522,Ekaterina Reyngold,Ekat Reyngold v Partaud,60,2022-12-12 11:12:03.695,1.3,2022-12-12 11:30:00,
1.207505665,18848522,Ekaterina Reyngold,Ekat Reyngold v Partaud,70,2022-12-12 11:39:57.177,1.28,2022-12-12 11:50:00,
1.207505665,18848522,Ekaterina Reyngold,Ekat Reyngold v Partaud,80,2022-12-12 11:48:58.068,1.28,2022-12-12 11:50:00,
1.207505665,18848522,Ekaterina Reyngold,Ekat Reyngold v Partaud,90,2022-12-12 12:13:55.403,1.28,2022-12-12 12:20:00,
1.207505665,18848522,Ekaterina Reyngold,Ekat Reyngold v Partaud,100,2022-12-12 13:04:56.266,1.3,2022-12-12 13:05:00,
1.207506009,9087351,Jana Fett,Fett v Jo Zuger,0,2022-12-10 20:25:52.415,1.11,2022-12-11 09:00:00,
1.207506009,9087351,Jana Fett,Fett v Jo Zuger,10,2022-12-11 00:31:49.004,1.73,2022-12-11 09:00:00,
1.207506009,9087351,Jana Fett,Fett v Jo Zuger,20,2022-12-11 04:48:51.340,1.6,2022-12-11 09:00:00,
1.207506009,9087351,Jana Fett,Fett v Jo Zuger,30,2022-12-11 06:58:51.678,1.62,2022-12-11 09:00:00,
1.207506009,9087351,Jana Fett,Fett v Jo Zuger,40,2022-12-11 07:48:25.447,1.65,2022-12-11 09:00:00,
1.207506009,9087351,Jana Fett,Fett v Jo Zuger,50,2022-12-11 08:02:21.914,1.64,2022-12-11 09:00:00,
1.207506009,9087351,Jana Fett,Fett v Jo Zuger,60,2022-12-11 08:40:29.205,1.64,2022-12-11 09:00:00,
1.207506009,9087351,Jana Fett,Fett v Jo Zuger,70,2022-12-11 08:49:45.445,1.65,2022-12-11 09:00:00,
1.207506009,9087351,Jana Fett,Fett v Jo Zuger,80,2022-12-11 08:54:19.669,1.68,2022-12-11 09:00:00,
1.207506009,9087351,Jana Fett,Fett v Jo Zuger,90,2022-12-11 08:56:50.101,1.69,2022-12-11 09:00:00,
1.207506009,9087351,Jana Fett,Fett v Jo Zuger,100,2022-12-11 08:59:50.305,1.68,2022-12-11 09:00:00,
1.207506009,10349578,Joanne Zuger,Fett v Jo Zuger,0,2022-12-10 20:26:49.501,1.11,2022-12-11 09:00:00,
1.207506009,10349578,Joanne Zuger,Fett v Jo Zuger,10,2022-12-11 06:00:32.962,2.4,2022-12-11 09:00:00,
1.207506009,10349578,Joanne Zuger,Fett v Jo Zuger,20,2022-12-11 07:03:16.256,2.58,2022-12-11 09:00:00,
1.207506009,10349578,Joanne Zuger,Fett v Jo Zuger,30,2022-12-11 07:19:53.276,2.54,2022-12-11 09:00:00,
1.207506009,10349578,Joanne Zuger,Fett v Jo Zuger,40,2022-12-11 07:51:16.755,2.56,2022-12-11 09:00:00,
1.207506009,10349578,Joanne Zuger,Fett v Jo Zuger,50,2022-12-11 08:00:25.260,2.56,2022-12-11 09:00:00,
1.207506009,10349578,Joanne Zuger,Fett v Jo Zuger,60,2022-12-11 08:10:51.027,2.56,2022-12-11 09:00:00,
1.207506009,10349578,Joanne Zuger,Fett v Jo Zuger,70,2022-12-11 08:32:52.724,2.5,2022-12-11 09:00:00,
1.207506009,10349578,Joanne Zuger,Fett v Jo Zuger,80,2022-12-11 08:49:45.445,2.5,2022-12-11 09:00:00,
1.207506009,10349578,Joanne Zuger,Fett v Jo Zuger,90,2022-12-11 08:54:19.669,2.44,2022-12-11 09:00:00,
1.207506009,10349578,Joanne Zuger,Fett v Jo Zuger,100,2022-12-11 08:59:50.305,2.46,2022-12-11 09:00:00,
1.207506137,2453959,Ekaterina Makarova,Katr Scott v Ekat Makarova,0,2022-12-10 20:12:44.054,2.0,2022-12-11 10:00:00,
1.207506137,2453959,Ekaterina Makarova,Katr Scott v Ekat Makarova,10,2022-12-10 20:28:12.553,2.1,2022-12-11 10:00:00,
1.207506137,2453959,Ekaterina Makarova,Katr Scott v Ekat Makarova,20,2022-12-10 21:17:36.037,2.24,2022-12-11 10:00:00,
1.207506137,2453959,Ekaterina Makarova,Katr Scott v Ekat Makarova,30,2022-12-10 21:33:15.280,2.2,2022-12-11 10:00:00,
1.207506137,2453959,Ekaterina Makarova,Katr Scott v Ekat Makarova,40,2022-12-10 23:15:42.782,2.42,2022-12-11 10:00:00,
1.207506137,2453959,Ekaterina Makarova,Katr Scott v Ekat Makarova,50,2022-12-11 00:37:49.218,2.46,2022-12-11 10:00:00,
1.207506137,2453959,Ekaterina Makarova,Katr Scott v Ekat Makarova,60,2022-12-11 06:08:34.446,2.56,2022-12-11 10:00:00,
1.207506137,2453959,Ekaterina Makarova,Katr Scott v Ekat Makarova,70,2022-12-11 07:57:50.049,2.74,2022-12-11 10:00:00,
1.207506137,2453959,Ekaterina Makarova,Katr Scott v Ekat Makarova,80,2022-12-11 09:06:03.938,2.82,2022-12-11 10:00:00,
1.207506137,2453959,Ekaterina Makarova,Katr Scott v Ekat Makarova,90,2022-12-11 09:30:05.011,2.74,2022-12-11 10:00:00,
1.207506137,2453959,Ekaterina Makarova,Katr Scott v Ekat Makarova,100,2022-12-11 10:13:40.724,2.7,2022-12-11 10:15:00,
1.207506137,21067354,Katrina Scott,Katr Scott v Ekat Makarova,0,2022-12-10 20:12:44.054,2.0,2022-12-11 10:00:00,
1.207506137,21067354,Katrina Scott,Katr Scott v Ekat Makarova,10,2022-12-10 21:07:36.543,1.97,2022-12-11 10:00:00,
1.207506137,21067354,Katrina Scott,Katr Scott v Ekat Makarova,20,2022-12-10 21:33:15.280,1.83,2022-12-11 10:00:00,
1.207506137,21067354,Katrina Scott,Katr Scott v Ekat Makarova,30,2022-12-10 22:01:03.946,1.7,2022-12-11 10:00:00,
1.207506137,21067354,Katrina Scott,Katr Scott v Ekat Makarova,40,2022-12-10 22:51:52.518,1.71,2022-12-11 10:00:00,
1.207506137,21067354,Katrina Scott,Katr Scott v Ekat Makarova,50,2022-12-11 00:35:01.427,1.66,2022-12-11 10:00:00,
1.207506137,21067354,Katrina Scott,Katr Scott v Ekat Makarova,60,2022-12-11 06:08:34.446,1.63,2022-12-11 10:00:00,
1.207506137,21067354,Katrina Scott,Katr Scott v Ekat Makarova,70,2022-12-11 07:49:36.819,1.57,2022-12-11 10:00:00,
1.207506137,21067354,Katrina Scott,Katr Scott v Ekat Makarova,80,2022-12-11 08:38:49.426,1.55,2022-12-11 10:00:00,
1.207506137,21067354,Katrina Scott,Katr Scott v Ekat Makarova,90,2022-12-11 09:30:05.011,1.58,2022-12-11 10:00:00,
1.207506137,21067354,Katrina Scott,Katr Scott v Ekat Makarova,100,2022-12-11 10:12:04.132,1.57,2022-12-11 10:15:00,
1.207519567,9627618,M Frech,E Jacquemot v M Frech,0,2022-12-11 07:02:32.314,1.46,2022-12-11 09:00:00,
1.207519567,9627618,M Frech,E Jacquemot v M Frech,10,2022-12-11 07:47:16.891,1.36,2022-12-11 09:00:00,
1.207519567,9627618,M Frech,E Jacquemot v M Frech,20,2022-12-11 08:34:47.910,1.37,2022-12-11 09:00:00,
1.207519567,9627618,M Frech,E Jacquemot v M Frech,30,2022-12-11 08:39:46.516,1.4,2022-12-11 09:00:00,
1.207519567,9627618,M Frech,E Jacquemot v M Frech,40,2022-12-11 08:43:53.239,1.35,2022-12-11 09:00:00,
1.207519567,9627618,M Frech,E Jacquemot v M Frech,50,2022-12-11 08:44:50.529,1.36,2022-12-11 09:00:00,
1.207519567,9627618,M Frech,E Jacquemot v M Frech,60,2022-12-11 08:47:48.773,1.35,2022-12-11 09:00:00,
1.207519567,9627618,M Frech,E Jacquemot v M Frech,70,2022-12-11 08:48:34.597,1.36,2022-12-11 09:00:00,
1.207519567,9627618,M Frech,E Jacquemot v M Frech,80,2022-12-11 08:51:49.513,1.39,2022-12-11 09:00:00,
1.207519567,9627618,M Frech,E Jacquemot v M Frech,90,2022-12-11 08:53:29.670,1.35,2022-12-11 09:00:00,
1.207519567,9627618,M Frech,E Jacquemot v M Frech,100,2022-12-11 08:55:47.073,1.39,2022-12-11 09:00:00,
1.207534871,3875013,Ana Bogdan,A Bogdan v Katr Scott,0,2022-12-12 00:15:59.366,1.29,2022-12-13 00:00:00,
1.207534871,3875013,Ana Bogdan,A Bogdan v Katr Scott,10,2022-12-13 03:46:55.593,1.24,2022-12-13 14:00:00,
1.207534871,3875013,Ana Bogdan,A Bogdan v Katr Scott,20,2022-12-13 09:54:52.222,1.27,2022-12-13 14:00:00,
1.207534871,3875013,Ana Bogdan,A Bogdan v Katr Scott,30,2022-12-13 11:12:53.131,1.25,2022-12-13 14:00:00,
1.207534871,3875013,Ana Bogdan,A Bogdan v Katr Scott,40,2022-12-13 12:25:38.681,1.25,2022-12-13 14:00:00,
1.207534871,3875013,Ana Bogdan,A Bogdan v Katr Scott,50,2022-12-13 13:28:11.047,1.25,2022-12-13 14:00:00,
1.207534871,3875013,Ana Bogdan,A Bogdan v Katr Scott,60,2022-12-13 13:56:42.620,1.24,2022-12-13 14:00:00,
1.207534871,3875013,Ana Bogdan,A Bogdan v Katr Scott,70,2022-12-13 14:11:53.384,1.24,2022-12-13 14:15:00,
1.207534871,3875013,Ana Bogdan,A Bogdan v Katr Scott,80,2022-12-13 14:26:49.977,1.23,2022-12-13 14:30:00,
1.207534871,3875013,Ana Bogdan,A Bogdan v Katr Scott,90,2022-12-13 14:43:53.603,1.25,2022-12-13 14:45:00,
1.207534871,3875013,Ana Bogdan,A Bogdan v Katr Scott,100,2022-12-13 15:14:50.355,1.2,2022-12-13 15:15:00,
1.207534871,21067354,Katrina Scott,A Bogdan v Katr Scott,0,2022-12-12 00:15:59.366,4.5,2022-12-13 00:00:00,
1.207534871,21067354,Katrina Scott,A Bogdan v Katr Scott,10,2022-12-12 13:07:01.297,3.85,2022-12-13 00:00:00,
1.207534871,21067354,Katrina Scott,A Bogdan v Katr Scott,20,2022-12-13 04:03:27.117,4.9,2022-12-13 14:00:00,
1.207534871,21067354,Katrina Scott,A Bogdan v Katr Scott,30,2022-12-13 10:32:26.253,5.0,2022-12-13 14:00:00,
1.207534871,21067354,Katrina Scott,A Bogdan v Katr Scott,40,2022-12-13 11:36:52.390,5.1,2022-12-13 14:00:00,
1.207534871,21067354,Katrina Scott,A Bogdan v Katr Scott,50,2022-12-13 13:06:47.816,4.8,2022-12-13 14:00:00,
1.207534871,21067354,Katrina Scott,A Bogdan v Katr Scott,60,2022-12-13 13:40:10.309,4.9,2022-12-13 14:00:00,
1.207534871,21067354,Katrina Scott,A Bogdan v Katr Scott,70,2022-12-13 14:11:53.384,5.2,2022-12-13 14:15:00,
1.207534871,21067354,Katrina Scott,A Bogdan v Katr Scott,80,2022-12-13 14:35:53.049,5.1,2022-12-13 14:45:00,
1.207534871,21067354,Katrina Scott,A Bogdan v Katr Scott,90,2022-12-13 14:44:52.939,5.1,2022-12-13 14:45:00,
1.207534871,21067354,Katrina Scott,A Bogdan v Katr Scott,100,2022-12-13 15:11:49.701,5.5,2022-12-13 15:15:00,
1.207535048,9630465,A Chepelev,D Klok v A Chepelev,0,2022-12-12 10:02:33.737,1.2,2022-12-12 11:30:00,
1.207535048,9630465,A Chepelev,Den Klok v And Chepelev,10,2022-12-12 18:30:10.753,6.4,2022-12-13 08:00:00,2022-12-12 12:43:07.819
1.207535048,9630465,A Chepelev,Den Klok v And Chepelev,20,2022-12-12 21:40:02.147,5.0,2022-12-13 08:00:00,2022-12-12 12:43:07.819
1.207535048,9630465,A Chepelev,Den Klok v And Chepelev,30,2022-12-12 22:57:02.507,5.7,2022-12-13 08:00:00,2022-12-12 12:43:07.819
1.207535048,9630465,A Chepelev,Den Klok v And Chepelev,40,2022-12-13 01:26:42.289,5.5,2022-12-13 08:00:00,2022-12-12 12:43:07.819
1.207535048,9630465,A Chepelev,Den Klok v And Chepelev,50,2022-12-13 07:03:02.528,7.6,2022-12-13 08:00:00,2022-12-12 12:43:07.819
1.207535048,9630465,A Chepelev,Den Klok v And Chepelev,60,2022-12-13 10:02:06.721,7.6,2022-12-13 10:15:00,2022-12-12 12:43:07.819
1.207535048,9630465,A Chepelev,Den Klok v And Chepelev,70,2022-12-13 12:56:08.239,6.2,2022-12-13 13:00:00,2022-12-12 12:43:07.819
1.207535048,9630465,A Chepelev,Den Klok v And Chepelev,80,2022-12-13 18:12:10.182,6.0,2022-12-14 08:00:00,2022-12-12 12:43:07.819
1.207535048,9630465,A Chepelev,Den Klok v And Chepelev,90,2022-12-14 07:27:09.507,5.0,2022-12-14 09:30:00,2022-12-12 12:43:07.819
1.207535048,9630465,A Chepelev,Den Klok v And Chepelev,100,2022-12-14 14:11:10.342,26.0,2022-12-14 14:15:00,2022-12-12 12:43:07.819
1.207535048,10192027,D Klok,Den Klok v And Chepelev,0,2022-12-12 11:52:59.003,4.0,2022-12-12 12:00:00,
1.207535048,10192027,D Klok,Den Klok v And Chepelev,10,2022-12-12 18:00:01.906,1.13,2022-12-13 08:00:00,2022-12-12 12:43:07.819
1.207535048,10192027,D Klok,Den Klok v And Chepelev,20,2022-12-12 21:20:12.113,1.21,2022-12-13 08:00:00,2022-12-12 12:43:07.819
1.207535048,10192027,D Klok,Den Klok v And Chepelev,30,2022-12-12 22:51:11.749,1.2,2022-12-13 08:00:00,2022-12-12 12:43:07.819
1.207535048,10192027,D Klok,Den Klok v And Chepelev,40,2022-12-13 01:41:32.366,1.22,2022-12-13 08:00:00,2022-12-12 12:43:07.819
1.207535048,10192027,D Klok,Den Klok v And Chepelev,50,2022-12-13 06:42:57.684,1.15,2022-12-13 08:00:00,2022-12-12 12:43:07.819
1.207535048,10192027,D Klok,Den Klok v And Chepelev,60,2022-12-13 09:36:32.625,1.16,2022-12-13 09:45:00,2022-12-12 12:43:07.819
1.207535048,10192027,D Klok,Den Klok v And Chepelev,70,2022-12-13 13:28:09.432,1.18,2022-12-13 13:30:00,2022-12-12 12:43:07.819
1.207535048,10192027,D Klok,Den Klok v And Chepelev,80,2022-12-13 19:16:08.302,1.22,2022-12-14 08:00:00,2022-12-12 12:43:07.819
1.207535048,10192027,D Klok,Den Klok v And Chepelev,90,2022-12-14 07:32:03.615,1.25,2022-12-14 09:30:00,2022-12-12 12:43:07.819
1.207535048,10192027,D Klok,Den Klok v And Chepelev,100,2022-12-14 14:11:10.342,1.04,2022-12-14 14:15:00,2022-12-12 12:43:07.819
1.207535069,11600224,R Oumaouche,Ra Oumaouche v Die Fernandez Flores,0,2022-12-12 11:42:49.093,1.9,2022-12-12 11:45:00,
1.207535069,11600224,R Oumaouche,Ra Oumaouche v Die Fernandez Flores,10,2022-12-12 20:07:09.552,1.77,2022-12-13 08:00:00,2022-12-12 13:00:06.105
1.207535069,11600224,R Oumaouche,Ra Oumaouche v Die Fernandez Flores,20,2022-12-12 23:13:29.625,1.75,2022-12-13 08:00:00,2022-12-12 13:00:06.105
1.207535069,11600224,R Oumaouche,Ra Oumaouche v Die Fernandez Flores,30,2022-12-13 05:52:02.822,1.78,2022-12-13 08:00:00,2022-12-12 13:00:06.105
1.207535069,11600224,R Oumaouche,Ra Oumaouche v Die Fernandez Flores,40,2022-12-13 12:41:40.991,1.55,2022-12-13 13:00:00,2022-12-12 13:00:06.105
1.207535069,11600224,R Oumaouche,Ra Oumaouche v Die Fernandez Flores,50,2022-12-13 18:16:10.517,1.96,2022-12-14 08:00:00,2022-12-12 13:00:06.105
1.207535069,11600224,R Oumaouche,Ra Oumaouche v Die Fernandez Flores,60,2022-12-14 14:10:03.353,1.97,2022-12-14 14:15:00,2022-12-12 13:00:06.105
1.207535069,11600224,R Oumaouche,Ra Oumaouche v Die Fernandez Flores,70,2022-12-14 22:10:02.795,1.9,2022-12-15 08:00:00,2022-12-12 13:00:06.105
1.207535069,11600224,R Oumaouche,Ra Oumaouche v Die Fernandez Flores,80,2022-12-15 00:16:03.104,1.75,2022-12-15 08:00:00,2022-12-12 13:00:06.105
1.207535069,11600224,R Oumaouche,Ra Oumaouche v Die Fernandez Flores,90,2022-12-15 06:56:10.606,1.58,2022-12-15 09:30:00,2022-12-12 13:00:06.105
1.207535069,11600224,R Oumaouche,Ra Oumaouche v Die Fernandez Flores,100,2022-12-15 14:05:38.605,1.82,2022-12-15 14:15:00,2022-12-12 13:00:06.105
1.207535069,14627617,D Fernandez Flores,Ra Oumaouche v Die Fernandez Flores,0,2022-12-12 11:42:49.093,2.1,2022-12-12 11:45:00,
1.207535069,14627617,D Fernandez Flores,Ra Oumaouche v Die Fernandez Flores,10,2022-12-12 19:19:09.058,2.26,2022-12-13 08:00:00,2022-12-12 13:00:06.105
1.207535069,14627617,D Fernandez Flores,Ra Oumaouche v Die Fernandez Flores,20,2022-12-12 23:04:49.645,2.2,2022-12-13 08:00:00,2022-12-12 13:00:06.105
1.207535069,14627617,D Fernandez Flores,Ra Oumaouche v Die Fernandez Flores,30,2022-12-13 04:15:51.212,2.2,2022-12-13 08:00:00,2022-12-12 13:00:06.105
1.207535069,14627617,D Fernandez Flores,Ra Oumaouche v Die Fernandez Flores,40,2022-12-13 09:51:10.753,2.5,2022-12-13 10:00:00,2022-12-12 13:00:06.105
1.207535069,14627617,D Fernandez Flores,Ra Oumaouche v Die Fernandez Flores,50,2022-12-13 14:40:51.120,2.0,2022-12-13 14:45:00,2022-12-12 13:00:06.105
1.207535069,14627617,D Fernandez Flores,Ra Oumaouche v Die Fernandez Flores,60,2022-12-13 20:35:07.560,2.0,2022-12-14 08:00:00,2022-12-12 13:00:06.105
1.207535069,14627617,D Fernandez Flores,Ra Oumaouche v Die Fernandez Flores,70,2022-12-14 15:08:10.956,1.25,2022-12-14 15:15:00,2022-12-12 13:00:06.105
1.207535069,14627617,D Fernandez Flores,Ra Oumaouche v Die Fernandez Flores,80,2022-12-14 23:16:46.551,2.34,2022-12-15 08:00:00,2022-12-12 13:00:06.105
1.207535069,14627617,D Fernandez Flores,Ra Oumaouche v Die Fernandez Flores,90,2022-12-15 05:05:41.166,2.28,2022-12-15 08:00:00,2022-12-12 13:00:06.105
1.207535069,14627617,D Fernandez Flores,Ra Oumaouche v Die Fernandez Flores,100,2022-12-15 14:02:08.126,2.04,2022-12-15 14:15:00,2022-12-12 13:00:06.105
1.207539967,9635244,Anna Blinkova,Minnen v Blinkova,0,2022-12-12 12:20:44.910,1.63,2022-12-13 00:00:00,
1.207539967,9635244,Anna Blinkova,Minnen v Blinkova,10,2022-12-12 23:07:26.516,1.7,2022-12-13 16:00:00,
1.207539967,9635244,Anna Blinkova,Minnen v Blinkova,20,2022-12-13 11:03:47.666,1.69,2022-12-13 16:00:00,
1.207539967,9635244,Anna Blinkova,Minnen v Blinkova,30,2022-12-13 12:18:50.145,1.7,2022-12-13 16:00:00,
1.207539967,9635244,Anna Blinkova,Minnen v Blinkova,40,2022-12-13 13:46:05.419,1.66,2022-12-13 16:00:00,
1.207539967,9635244,Anna Blinkova,Minnen v Blinkova,50,2022-12-13 14:45:51.650,1.64,2022-12-13 16:00:00,
1.207539967,9635244,Anna Blinkova,Minnen v Blinkova,60,2022-12-13 15:07:49.466,1.67,2022-12-13 16:00:00,
1.207539967,9635244,Anna Blinkova,Minnen v Blinkova,70,2022-12-13 15:51:44.740,1.68,2022-12-13 16:00:00,
1.207539967,9635244,Anna Blinkova,Minnen v Blinkova,80,2022-12-13 16:35:49.099,1.63,2022-12-13 16:45:00,
1.207539967,9635244,Anna Blinkova,Minnen v Blinkova,90,2022-12-13 17:00:48.082,1.61,2022-12-13 17:10:00,
1.207539967,9635244,Anna Blinkova,Minnen v Blinkova,100,2022-12-13 17:09:53.344,1.78,2022-12-13 17:10:00,2022-12-13 17:09:53.344
1.207539967,10108736,Greet Minnen,Minnen v Blinkova,0,2022-12-12 12:20:44.910,2.6,2022-12-13 00:00:00,
1.207539967,10108736,Greet Minnen,Minnen v Blinkova,10,2022-12-12 23:07:26.516,2.42,2022-12-13 16:00:00,
1.207539967,10108736,Greet Minnen,Minnen v Blinkova,20,2022-12-13 11:21:29.961,2.42,2022-12-13 16:00:00,
1.207539967,10108736,Greet Minnen,Minnen v Blinkova,30,2022-12-13 12:00:53.317,2.4,2022-12-13 16:00:00,
1.207539967,10108736,Greet Minnen,Minnen v Blinkova,40,2022-12-13 14:25:51.305,2.56,2022-12-13 16:00:00,
1.207539967,10108736,Greet Minnen,Minnen v Blinkova,50,2022-12-13 14:51:51.121,2.58,2022-12-13 16:00:00,
1.207539967,10108736,Greet Minnen,Minnen v Blinkova,60,2022-12-13 15:41:46.933,2.48,2022-12-13 16:00:00,
1.207539967,10108736,Greet Minnen,Minnen v Blinkova,70,2022-12-13 16:07:38.984,2.46,2022-12-13 16:15:00,
1.207539967,10108736,Greet Minnen,Minnen v Blinkova,80,2022-12-13 16:42:45.138,2.62,2022-12-13 16:45:00,
1.207539967,10108736,Greet Minnen,Minnen v Blinkova,90,2022-12-13 17:03:50.150,2.56,2022-12-13 17:10:00,
1.207539967,10108736,Greet Minnen,Minnen v Blinkova,100,2022-12-13 17:09:53.344,2.3,2022-12-13 17:10:00,2022-12-13 17:09:53.344
1.207567743,9087351,Jana Fett,L Bronzetti v Fett,0,2022-12-12 15:50:39.581,2.76,2022-12-14 00:00:00,
1.207567743,9087351,Jana Fett,L Bronzetti v Fett,10,2022-12-13 14:40:01.536,2.74,2022-12-14 00:00:00,
1.207567743,9087351,Jana Fett,L Bronzetti v Fett,20,2022-12-13 17:11:09.570,2.52,2022-12-14 16:00:00,
1.207567743,9087351,Jana Fett,L Bronzetti v Fett,30,2022-12-14 08:58:35.228,2.8,2022-12-14 16:00:00,
1.207567743,9087351,Jana Fett,L Bronzetti v Fett,40,2022-12-14 13:10:50.056,2.86,2022-12-14 16:00:00,
1.207567743,9087351,Jana Fett,L Bronzetti v Fett,50,2022-12-14 15:02:45.305,2.76,2022-12-14 16:00:00,
1.207567743,9087351,Jana Fett,L Bronzetti v Fett,60,2022-12-14 15:11:52.601,2.74,2022-12-14 16:00:00,
1.207567743,9087351,Jana Fett,L Bronzetti v Fett,70,2022-12-14 15:33:53.822,3.1,2022-12-14 16:00:00,
1.207567743,9087351,Jana Fett,L Bronzetti v Fett,80,2022-12-14 15:42:22.012,2.92,2022-12-14 16:00:00,
1.207567743,9087351,Jana Fett,L Bronzetti v Fett,90,2022-12-14 15:55:57.190,2.82,2022-12-14 16:00:00,
1.207567743,9087351,Jana Fett,L Bronzetti v Fett,100,2022-12-14 16:03:51.058,2.7,2022-12-14 16:05:00,
1.207567743,9631351,Lucia Bronzetti,L Bronzetti v Fett,0,2022-12-12 15:48:59.312,1.63,2022-12-14 00:00:00,
1.207567743,9631351,Lucia Bronzetti,L Bronzetti v Fett,10,2022-12-13 12:38:19.857,1.6,2022-12-14 00:00:00,
1.207567743,9631351,Lucia Bronzetti,L Bronzetti v Fett,20,2022-12-13 20:44:52.336,1.64,2022-12-14 16:00:00,
1.207567743,9631351,Lucia Bronzetti,L Bronzetti v Fett,30,2022-12-14 09:54:29.762,1.56,2022-12-14 16:00:00,
1.207567743,9631351,Lucia Bronzetti,L Bronzetti v Fett,40,2022-12-14 13:08:57.980,1.53,2022-12-14 16:00:00,
1.207567743,9631351,Lucia Bronzetti,L Bronzetti v Fett,50,2022-12-14 15:02:45.305,1.57,2022-12-14 16:00:00,
1.207567743,9631351,Lucia Bronzetti,L Bronzetti v Fett,60,2022-12-14 15:15:06.955,1.58,2022-12-14 16:00:00,
1.207567743,9631351,Lucia Bronzetti,L Bronzetti v Fett,70,2022-12-14 15:29:58.556,1.52,2022-12-14 16:00:00,
1.207567743,9631351,Lucia Bronzetti,L Bronzetti v Fett,80,2022-12-14 15:41:52.865,1.51,2022-12-14 16:00:00,
1.207567743,9631351,Lucia Bronzetti,L Bronzetti v Fett,90,2022-12-14 15:55:57.190,1.55,2022-12-14 16:00:00,
1.207567743,9631351,Lucia Bronzetti,L Bronzetti v Fett,100,2022-12-14 16:04:59.361,1.6,2022-12-14 16:05:00,
1.207577823,8907168,Anhelina Kalinina,Jenn Lim v A Kalinina,0,2022-12-13 00:44:36.328,1.05,2022-12-13 17:30:00,
1.207577823,8907168,Anhelina Kalinina,Jenn Lim v A Kalinina,10,2022-12-13 10:44:56.662,1.04,2022-12-13 17:30:00,
1.207577823,8907168,Anhelina Kalinina,Jenn Lim v A Kalinina,20,2022-12-13 15:52:54.369,1.03,2022-12-13 17:30:00,
1.207577823,8907168,Anhelina Kalinina,Jenn Lim v A Kalinina,30,2022-12-13 16:23:49.600,1.03,2022-12-13 17:30:00,
1.207577823,8907168,Anhelina Kalinina,Jenn Lim v A Kalinina,40,2022-12-13 16:45:31.012,1.02,2022-12-13 17:30:00,
1.207577823,8907168,Anhelina Kalinina,Jenn Lim v A Kalinina,50,2022-12-13 17:12:01.607,1.03,2022-12-13 17:30:00,
1.207577823,8907168,Anhelina Kalinina,Jenn Lim v A Kalinina,60,2022-12-13 17:17:47.841,1.03,2022-12-13 17:30:00,
1.207577823,8907168,Anhelina Kalinina,Jenn Lim v A Kalinina,70,2022-12-13 17:27:58.189,1.04,2022-12-13 17:30:00,
1.207577823,8907168,Anhelina Kalinina,Jenn Lim v A Kalinina,80,2022-12-13 18:05:01.591,1.04,2022-12-13 18:10:00,
1.207577823,8907168,Anhelina Kalinina,Jenn Lim v A Kalinina,90,2022-12-13 18:53:21.021,1.06,2022-12-13 19:00:00,
1.207577823,8907168,Anhelina Kalinina,Jenn Lim v A Kalinina,100,2022-12-13 19:04:42.248,1.04,2022-12-13 19:10:00,
1.207577823,50809754,Jenny Lim,Jenn Lim v A Kalinina,0,2022-12-13 00:44:36.328,21.0,2022-12-13 17:30:00,
1.207577823,50809754,Jenny Lim,Jenn Lim v A Kalinina,10,2022-12-13 10:44:56.662,27.0,2022-12-13 17:30:00,
1.207577823,50809754,Jenny Lim,Jenn Lim v A Kalinina,20,2022-12-13 15:03:24.079,27.0,2022-12-13 17:30:00,
1.207577823,50809754,Jenny Lim,Jenn Lim v A Kalinina,30,2022-12-13 15:54:56.820,36.0,2022-12-13 17:30:00,
1.207577823,50809754,Jenny Lim,Jenn Lim v A Kalinina,40,2022-12-13 16:33:50.704,26.0,2022-12-13 17:30:00,
1.207577823,50809754,Jenny Lim,Jenn Lim v A Kalinina,50,2022-12-13 16:58:50.594,34.0,2022-12-13 17:30:00,
1.207577823,50809754,Jenny Lim,Jenn Lim v A Kalinina,60,2022-12-13 17:08:01.022,28.0,2022-12-13 17:30:00,
1.207577823,50809754,Jenny Lim,Jenn Lim v A Kalinina,70,2022-12-13 17:18:56.271,27.0,2022-12-13 17:30:00,
1.207577823,50809754,Jenny Lim,Jenn Lim v A Kalinina,80,2022-12-13 18:01:50.995,28.0,2022-12-13 18:10:00,
1.207577823,50809754,Jenny Lim,Jenn Lim v A Kalinina,90,2022-12-13 18:52:02.605,20.0,2022-12-13 19:00:00,
1.207577823,50809754,Jenny Lim,Jenn Lim v A Kalinina,100,2022-12-13 19:04:42.248,26.0,2022-12-13 19:10:00,
1.207578751,41998399,A Teixido-Garcia,Teixido-Garcia v A Giraldi Requena,0,2022-12-14 18:43:35.205,2.5,2022-12-15 08:00:00,2022-12-14 16:32:58.288
1.207578751,41998399,A Teixido-Garcia,Teixido-Garcia v A Giraldi Requena,10,2022-12-14 19:22:35.599,2.34,2022-12-15 08:00:00,2022-12-14 16:32:58.288
1.207578751,41998399,A Teixido-Garcia,Teixido-Garcia v A Giraldi Requena,20,2022-12-14 21:22:35.601,2.36,2022-12-15 08:00:00,2022-12-14 16:32:58.288
1.207578751,41998399,A Teixido-Garcia,Teixido-Garcia v A Giraldi Requena,30,2022-12-14 23:19:35.796,2.46,2022-12-15 08:00:00,2022-12-14 16:32:58.288
1.207578751,41998399,A Teixido-Garcia,Teixido-Garcia v A Giraldi Requena,40,2022-12-14 23:57:15.944,2.72,2022-12-15 08:00:00,2022-12-14 16:32:58.288
1.207578751,41998399,A Teixido-Garcia,Teixido-Garcia v A Giraldi Requena,50,2022-12-15 01:34:16.220,2.6,2022-12-15 08:00:00,2022-12-14 16:32:58.288
1.207578751,41998399,A Teixido-Garcia,Teixido-Garcia v A Giraldi Requena,60,2022-12-15 03:50:36.149,2.6,2022-12-15 08:00:00,2022-12-14 16:32:58.288
1.207578751,41998399,A Teixido-Garcia,Teixido-Garcia v A Giraldi Requena,70,2022-12-15 08:17:16.436,2.72,2022-12-15 09:30:00,2022-12-14 16:32:58.288
1.207578751,41998399,A Teixido-Garcia,Teixido-Garcia v A Giraldi Requena,80,2022-12-15 09:43:16.484,2.66,2022-12-15 10:30:00,2022-12-14 16:32:58.288
1.207578751,41998399,A Teixido-Garcia,Teixido-Garcia v A Giraldi Requena,90,2022-12-15 11:09:31.673,2.6,2022-12-15 11:30:00,2022-12-14 16:32:58.288
1.207578751,41998399,A Teixido-Garcia,Teixido-Garcia v A Giraldi Requena,100,2022-12-15 12:51:36.042,2.66,2022-12-15 13:00:00,2022-12-14 16:32:58.288
1.207578751,46259113,A Giraldi,Teixido-Garcia v A Giraldi Requena,0,2022-12-14 18:42:35.274,1.72,2022-12-15 08:00:00,2022-12-14 16:32:58.288
1.207578751,46259113,A Giraldi,Teixido-Garcia v A Giraldi Requena,10,2022-12-14 19:08:55.535,1.74,2022-12-15 08:00:00,2022-12-14 16:32:58.288
1.207578751,46259113,A Giraldi,Teixido-Garcia v A Giraldi Requena,20,2022-12-14 21:01:05.778,1.7,2022-12-15 08:00:00,2022-12-14 16:32:58.288
1.207578751,46259113,A Giraldi,Teixido-Garcia v A Giraldi Requena,30,2022-12-14 22:01:45.755,1.78,2022-12-15 08:00:00,2022-12-14 16:32:58.288
1.207578751,46259113,A Giraldi,Teixido-Garcia v A Giraldi Requena,40,2022-12-14 23:26:10.523,1.66,2022-12-15 08:00:00,2022-12-14 16:32:58.288
1.207578751,46259113,A Giraldi,Teixido-Garcia v A Giraldi Requena,50,2022-12-15 01:02:25.982,1.65,2022-12-15 08:00:00,2022-12-14 16:32:58.288
1.207578751,46259113,A Giraldi,Teixido-Garcia v A Giraldi Requena,60,2022-12-15 03:23:56.279,1.62,2022-12-15 08:00:00,2022-12-14 16:32:58.288
1.207578751,46259113,A Giraldi,Teixido-Garcia v A Giraldi Requena,70,2022-12-15 06:40:36.474,1.6,2022-12-15 09:30:00,2022-12-14 16:32:58.288
1.207578751,46259113,A Giraldi,Teixido-Garcia v A Giraldi Requena,80,2022-12-15 09:25:03.082,1.58,2022-12-15 10:30:00,2022-12-14 16:32:58.288
1.207578751,46259113,A Giraldi,Teixido-Garcia v A Giraldi Requena,90,2022-12-15 10:36:26.555,1.62,2022-12-15 11:30:00,2022-12-14 16:32:58.288
1.207578751,46259113,A Giraldi,Teixido-Garcia v A Giraldi Requena,100,2022-12-15 12:51:36.042,1.6,2022-12-15 13:00:00,2022-12-14 16:32:58.288
1.207578753,11270569,L Svatikova,L Svatikova v E Visnevscaia,0,2022-12-12 20:49:10.881,1.68,2022-12-13 10:00:00,
1.207578753,11270569,L Svatikova,L Svatikova v E Visnevscaia,10,2022-12-12 20:56:35.866,1.57,2022-12-13 10:00:00,
1.207578753,11270569,L Svatikova,L Svatikova v E Visnevscaia,20,2022-12-12 21:14:11.928,1.6,2022-12-13 10:00:00,
1.207578753,11270569,L Svatikova,Svatikova v Visnevscaia,30,2022-12-13 09:12:24.457,1.2,2022-12-13 09:22:00,
1.207578753,11270569,L Svatikova,Svatikova v Visnevscaia,40,2022-12-13 10:43:32.743,1.53,2022-12-13 10:52:00,
1.207578753,11270569,L Svatikova,Svatikova v Visnevscaia,50,2022-12-13 11:15:35.837,1.55,2022-12-13 11:22:00,
1.207578753,11270569,L Svatikova,Svatikova v Visnevscaia,60,2022-12-13 11:20:31.828,1.35,2022-12-13 11:22:00,
1.207578753,11270569,L Svatikova,Svatikova v Visnevscaia,70,2022-12-13 13:03:00.186,1.58,2022-12-13 13:07:00,
1.207578753,11270569,L Svatikova,Svatikova v Visnevscaia,80,2022-12-13 14:35:08.229,1.7,2022-12-14 10:00:00,
1.207578753,11270569,L Svatikova,Svatikova v Visnevscaia,90,2022-12-13 15:24:02.149,1.55,2022-12-14 10:00:00,
1.207578753,11270569,L Svatikova,Svatikova v Visnevscaia,100,2022-12-14 14:16:08.296,1.47,2022-12-14 14:28:00,
1.207581466,49230441,Kalashnikova/Kostyuk,Kalashnikova/Kostyuk v Blinkova/Detiuc,0,2022-12-12 22:41:20.394,2.02,2022-12-15 00:00:00,
1.207581466,49230441,Kalashnikova/Kostyuk,Kalashnikova/Kostyuk v Blinkova/Detiuc,10,2022-12-13 19:14:45.761,1.87,2022-12-15 00:00:00,
1.207581466,49230441,Kalashnikova/Kostyuk,Kalashnikova/Kostyuk v Blinkova/Detiuc,20,2022-12-13 23:02:35.272,1.63,2022-12-15 00:00:00,
1.207581466,49230441,Kalashnikova/Kostyuk,Kalashnikova/Kostyuk v Blinkova/Detiuc,30,2022-12-14 00:46:06.883,1.61,2022-12-15 00:00:00,
1.207581466,49230441,Kalashnikova/Kostyuk,Kalashnikova/Kostyuk v Blinkova/Detiuc,40,2022-12-14 12:12:42.718,1.58,2022-12-15 00:00:00,
1.207581466,49230441,Kalashnikova/Kostyuk,Kalashnikova/Kostyuk v Blinkova/Detiuc,50,2022-12-15 06:25:30.121,1.83,2022-12-15 17:00:00,
1.207581466,49230441,Kalashnikova/Kostyuk,Kalashnikova/Kostyuk v Blinkova/Detiuc,60,2022-12-15 10:40:05.529,1.57,2022-12-15 17:00:00,
1.207581466,49230441,Kalashnikova/Kostyuk,Kalashnikova/Kostyuk v Blinkova/Detiuc,70,2022-12-15 14:18:00.524,1.71,2022-12-15 17:00:00,
1.207581466,49230441,Kalashnikova/Kostyuk,Kalashnikova/Kostyuk v Blinkova/Detiuc,80,2022-12-15 16:58:33.812,1.79,2022-12-15 17:00:00,
1.207581466,49230441,Kalashnikova/Kostyuk,Kalashnikova/Kostyuk v Blinkova/Detiuc,90,2022-12-15 18:46:18.502,1.6,2022-12-15 19:00:00,
1.207581466,49230441,Kalashnikova/Kostyuk,Kalashnikova/Kostyuk v Blinkova/Detiuc,100,2022-12-15 18:57:42.849,1.62,2022-12-15 19:00:00,
1.207581466,50963354,Blinkova/Detiuc,Kalashnikova/Kostyuk v Blinkova/Detiuc,0,2022-12-12 23:11:42.078,1.39,2022-12-15 00:00:00,
1.207581466,50963354,Blinkova/Detiuc,Kalashnikova/Kostyuk v Blinkova/Detiuc,10,2022-12-13 22:02:34.551,2.58,2022-12-15 00:00:00,
1.207581466,50963354,Blinkova/Detiuc,Kalashnikova/Kostyuk v Blinkova/Detiuc,20,2022-12-14 00:40:41.110,2.98,2022-12-15 00:00:00,
1.207581466,50963354,Blinkova/Detiuc,Kalashnikova/Kostyuk v Blinkova/Detiuc,30,2022-12-14 04:33:08.594,2.64,2022-12-15 00:00:00,
1.207581466,50963354,Blinkova/Detiuc,Kalashnikova/Kostyuk v Blinkova/Detiuc,40,2022-12-14 12:07:40.901,2.36,2022-12-15 00:00:00,
1.207581466,50963354,Blinkova/Detiuc,Kalashnikova/Kostyuk v Blinkova/Detiuc,50,2022-12-14 15:43:10.919,2.68,2022-12-15 00:00:00,
1.207581466,50963354,Blinkova/Detiuc,Kalashnikova/Kostyuk v Blinkova/Detiuc,60,2022-12-15 06:28:02.514,2.72,2022-12-15 17:00:00,
1.207581466,50963354,Blinkova/Detiuc,Kalashnikova/Kostyuk v Blinkova/Detiuc,70,2022-12-15 16:43:44.365,2.28,2022-12-15 17:00:00,
1.207581466,50963354,Blinkova/Detiuc,Kalashnikova/Kostyuk v Blinkova/Detiuc,80,2022-12-15 18:43:29.966,2.34,2022-12-15 19:00:00,
1.207581466,50963354,Blinkova/Detiuc,Kalashnikova/Kostyuk v Blinkova/Detiuc,90,2022-12-15 18:53:15.650,2.6,2022-12-15 19:00:00,
1.207581466,50963354,Blinkova/Detiuc,Kalashnikova/Kostyuk v Blinkova/Detiuc,100,2022-12-15 18:58:29.994,2.54,2022-12-15 19:00:00,
1.207581866,43138952,Barnett/Nicholls,Ponchet/Voracova v Barnett/Nicholls,0,2022-12-12 22:59:43.679,1.2,2022-12-15 00:00:00,
1.207581866,43138952,Barnett/Nicholls,Ponchet/Voracova v Barnett/Nicholls,10,2022-12-13 08:30:56.860,3.3,2022-12-15 00:00:00,
1.207581866,43138952,Barnett/Nicholls,Ponchet/Voracova v Barnett/Nicholls,20,2022-12-13 13:45:31.067,1.6,2022-12-15 00:00:00,
1.207581866,43138952,Barnett/Nicholls,Ponchet/Voracova v Barnett/Nicholls,30,2022-12-14 01:18:37.515,1.9,2022-12-15 00:00:00,
1.207581866,43138952,Barnett/Nicholls,Ponchet/Voracova v Barnett/Nicholls,40,2022-12-14 12:58:39.159,1.87,2022-12-15 00:00:00,
1.207581866,43138952,Barnett/Nicholls,Ponchet/Voracova v Barnett/Nicholls,50,2022-12-14 17:09:47.010,1.6,2022-12-15 10:00:00,
1.207581866,43138952,Barnett/Nicholls,Ponchet/Voracova v Barnett/Nicholls,60,2022-12-15 06:39:08.409,1.65,2022-12-15 10:00:00,
1.207581866,43138952,Barnett/Nicholls,Ponchet/Voracova v Barnett/Nicholls,70,2022-12-15 08:53:47.530,1.59,2022-12-15 10:00:00,
1.207581866,43138952,Barnett/Nicholls,Ponchet/Voracova v Barnett/Nicholls,80,2022-12-15 09:53:40.941,1.63,2022-12-15 10:00:00,
1.207581866,43138952,Barnett/Nicholls,Ponchet/Voracova v Barnett/Nicholls,90,2022-12-15 10:01:48.123,1.64,2022-12-15 10:05:00,
1.207581866,43138952,Barnett/Nicholls,Ponchet/Voracova v Barnett/Nicholls,100,2022-12-15 10:09:48.082,2.04,2022-12-15 10:10:00,2022-12-15 10:07:45.644
1.207581866,49445598,Ponchet/Voracova,Ponchet/Voracova v Barnett/Nicholls,0,2022-12-12 22:44:45.989,1.1,2022-12-15 00:00:00,
1.207581866,49445598,Ponchet/Voracova,Ponchet/Voracova v Barnett/Nicholls,10,2022-12-12 22:55:47.125,1.2,2022-12-15 00:00:00,
1.207581866,49445598,Ponchet/Voracova,Ponchet/Voracova v Barnett/Nicholls,20,2022-12-13 08:30:56.860,1.43,2022-12-15 00:00:00,
1.207581866,49445598,Ponchet/Voracova,Ponchet/Voracova v Barnett/Nicholls,30,2022-12-13 12:47:47.522,1.79,2022-12-15 00:00:00,
1.207581866,49445598,Ponchet/Voracova,Ponchet/Voracova v Barnett/Nicholls,40,2022-12-14 17:08:01.176,2.18,2022-12-15 10:00:00,
1.207581866,49445598,Ponchet/Voracova,Ponchet/Voracova v Barnett/Nicholls,50,2022-12-14 20:16:24.074,2.64,2022-12-15 10:00:00,
1.207581866,49445598,Ponchet/Voracova,Ponchet/Voracova v Barnett/Nicholls,60,2022-12-15 06:43:29.418,2.58,2022-12-15 10:00:00,
1.207581866,49445598,Ponchet/Voracova,Ponchet/Voracova v Barnett/Nicholls,70,2022-12-15 06:49:35.148,2.62,2022-12-15 10:00:00,
1.207581866,49445598,Ponchet/Voracova,Ponchet/Voracova v Barnett/Nicholls,80,2022-12-15 09:49:37.395,2.56,2022-12-15 10:00:00,
1.207581866,49445598,Ponchet/Voracova,Ponchet/Voracova v Barnett/Nicholls,90,2022-12-15 10:02:38.582,2.5,2022-12-15 10:05:00,
1.207581866,49445598,Ponchet/Voracova,Ponchet/Voracova v Barnett/Nicholls,100,2022-12-15 10:09:48.082,1.98,2022-12-15 10:10:00,2022-12-15 10:07:45.644
1.207593292,40277830,J Nettles,Ji Nettles v S Gray,0,2022-12-13 20:58:51.932,2.54,2022-12-13 22:16:00,
1.207593292,40277830,J Nettles,Ji Nettles v S Gray,10,2022-12-14 01:38:11.742,3.2,2022-12-14 14:30:00,2022-12-13 22:27:11.457
1.207593292,40277830,J Nettles,Ji Nettles v S Gray,20,2022-12-14 02:36:11.052,34.0,2022-12-14 14:30:00,2022-12-13 22:27:11.457
1.207593292,40277830,J Nettles,Ji Nettles v S Gray,30,2022-12-14 04:05:06.806,3.5,2022-12-14 14:30:00,2022-12-13 22:27:11.457
1.207593292,40277830,J Nettles,Ji Nettles v S Gray,40,2022-12-14 07:39:31.662,3.2,2022-12-14 14:30:00,2022-12-13 22:27:11.457
1.207593292,40277830,J Nettles,Ji Nettles v S Gray,50,2022-12-14 09:53:01.747,3.1,2022-12-14 14:30:00,2022-12-13 22:27:11.457
1.207593292,40277830,J Nettles,Ji Nettles v S Gray,60,2022-12-14 13:12:01.859,3.15,2022-12-14 14:30:00,2022-12-13 22:27:11.457
1.207593292,40277830,J Nettles,Ji Nettles v S Gray,70,2022-12-14 14:11:10.088,2.96,2022-12-14 14:30:00,2022-12-13 22:27:11.457
1.207593292,40277830,J Nettles,Ji Nettles v S Gray,80,2022-12-14 15:13:08.739,2.42,2022-12-14 16:30:00,2022-12-13 22:27:11.457
1.207593292,40277830,J Nettles,Ji Nettles v S Gray,90,2022-12-14 16:15:12.035,2.84,2022-12-14 17:30:00,2022-12-13 22:27:11.457
1.207593292,40277830,J Nettles,Ji Nettles v S Gray,100,2022-12-14 17:32:12.047,2.78,2022-12-14 17:45:00,2022-12-13 22:27:11.457
1.207593292,45584734,S Gray,Ji Nettles v S Gray,0,2022-12-13 20:58:51.932,1.65,2022-12-13 22:16:00,
1.207593292,45584734,S Gray,Ji Nettles v S Gray,10,2022-12-14 01:53:14.051,1.45,2022-12-14 14:30:00,2022-12-13 22:27:11.457
1.207593292,45584734,S Gray,Ji Nettles v S Gray,20,2022-12-14 02:32:11.038,1.42,2022-12-14 14:30:00,2022-12-13 22:27:11.457
1.207593292,45584734,S Gray,Ji Nettles v S Gray,30,2022-12-14 02:56:51.044,1.42,2022-12-14 14:30:00,2022-12-13 22:27:11.457
1.207593292,45584734,S Gray,Ji Nettles v S Gray,40,2022-12-14 05:52:09.053,1.43,2022-12-14 14:30:00,2022-12-13 22:27:11.457
1.207593292,45584734,S Gray,Ji Nettles v S Gray,50,2022-12-14 07:58:31.680,1.45,2022-12-14 14:30:00,2022-12-13 22:27:11.457
1.207593292,45584734,S Gray,Ji Nettles v S Gray,60,2022-12-14 11:13:01.773,1.45,2022-12-14 14:30:00,2022-12-13 22:27:11.457
1.207593292,45584734,S Gray,Ji Nettles v S Gray,70,2022-12-14 13:29:08.673,1.46,2022-12-14 14:30:00,2022-12-13 22:27:11.457
1.207593292,45584734,S Gray,Ji Nettles v S Gray,80,2022-12-14 15:10:31.983,1.53,2022-12-14 16:30:00,2022-12-13 22:27:11.457
1.207593292,45584734,S Gray,Ji Nettles v S Gray,90,2022-12-14 16:18:12.058,1.58,2022-12-14 17:30:00,2022-12-13 22:27:11.457
1.207593292,45584734,S Gray,Ji Nettles v S Gray,100,2022-12-14 17:33:12.140,1.56,2022-12-14 17:45:00,2022-12-13 22:27:11.457
1.207593295,8713716,A Mendoza,Ale Mendoza v Yatsuk,0,2022-12-13 22:36:41.555,5.1,2022-12-13 22:45:00,
1.207593295,8713716,A Mendoza,Ale Mendoza v Yatsuk,10,2022-12-14 01:27:12.923,1.05,2022-12-14 14:30:00,2022-12-13 23:16:48.899
1.207593295,8713716,A Mendoza,Ale Mendoza v Yatsuk,20,2022-12-14 04:13:49.587,1.06,2022-12-14 14:30:00,2022-12-13 23:16:48.899
1.207593295,8713716,A Mendoza,Ale Mendoza v Yatsuk,30,2022-12-14 07:04:01.653,1.04,2022-12-14 14:30:00,2022-12-13 23:16:48.899
1.207593295,8713716,A Mendoza,Ale Mendoza v Yatsuk,40,2022-12-14 09:07:46.316,1.07,2022-12-14 14:30:00,2022-12-13 23:16:48.899
1.207593295,8713716,A Mendoza,Ale Mendoza v Yatsuk,50,2022-12-14 11:33:12.067,1.05,2022-12-14 14:30:00,2022-12-13 23:16:48.899
1.207593295,8713716,A Mendoza,Ale Mendoza v Yatsuk,60,2022-12-14 13:04:57.562,1.04,2022-12-14 14:30:00,2022-12-13 23:16:48.899
1.207593295,8713716,A Mendoza,Ale Mendoza v Yatsuk,70,2022-12-14 13:30:07.428,1.06,2022-12-14 14:30:00,2022-12-13 23:16:48.899
1.207593295,8713716,A Mendoza,Ale Mendoza v Yatsuk,80,2022-12-14 14:59:00.376,1.08,2022-12-14 16:30:00,2022-12-13 23:16:48.899
1.207593295,8713716,A Mendoza,Ale Mendoza v Yatsuk,90,2022-12-14 15:49:49.694,1.05,2022-12-14 17:30:00,2022-12-13 23:16:48.899
1.207593295,8713716,A Mendoza,Ale Mendoza v Yatsuk,100,2022-12-14 17:09:45.976,1.07,2022-12-14 17:30:00,2022-12-13 23:16:48.899
1.207593295,12941067,I Yatsuk,A Mendoza v I Yatsuk,0,2022-12-13 20:55:58.636,1.22,2022-12-13 22:00:00,
1.207593295,12941067,I Yatsuk,Ale Mendoza v Yatsuk,10,2022-12-13 22:05:18.076,1.08,2022-12-13 22:15:00,
1.207593295,12941067,I Yatsuk,Ale Mendoza v Yatsuk,20,2022-12-14 00:48:51.296,15.0,2022-12-14 14:30:00,2022-12-13 23:16:48.899
1.207593295,12941067,I Yatsuk,Ale Mendoza v Yatsuk,30,2022-12-14 01:15:48.159,7.6,2022-12-14 14:30:00,2022-12-13 23:16:48.899
1.207593295,12941067,I Yatsuk,Ale Mendoza v Yatsuk,40,2022-12-14 03:48:12.701,9.2,2022-12-14 14:30:00,2022-12-13 23:16:48.899
1.207593295,12941067,I Yatsuk,Ale Mendoza v Yatsuk,50,2022-12-14 07:07:11.147,13.5,2022-12-14 14:30:00,2022-12-13 23:16:48.899
1.207593295,12941067,I Yatsuk,Ale Mendoza v Yatsuk,60,2022-12-14 11:33:12.067,21.0,2022-12-14 14:30:00,2022-12-13 23:16:48.899
1.207593295,12941067,I Yatsuk,Ale Mendoza v Yatsuk,70,2022-12-14 12:51:13.138,34.0,2022-12-14 14:30:00,2022-12-13 23:16:48.899
1.207593295,12941067,I Yatsuk,Ale Mendoza v Yatsuk,80,2022-12-14 13:12:14.250,7.2,2022-12-14 14:30:00,2022-12-13 23:16:48.899
1.207593295,12941067,I Yatsuk,Ale Mendoza v Yatsuk,90,2022-12-14 15:01:46.174,11.0,2022-12-14 16:30:00,2022-12-13 23:16:48.899
1.207593295,12941067,I Yatsuk,Ale Mendoza v Yatsuk,100,2022-12-14 16:29:24.999,15.0,2022-12-14 17:30:00,2022-12-13 23:16:48.899
1.207593299,13426913,M Thomson,Ma Thomson v T Stice,0,2022-12-14 00:47:56.337,1.68,2022-12-14 14:30:00,2022-12-13 23:32:13.830
1.207593299,13426913,M Thomson,Ma Thomson v T Stice,10,2022-12-14 01:23:46.335,1.7,2022-12-14 14:30:00,2022-12-13 23:32:13.830
1.207593299,13426913,M Thomson,Ma Thomson v T Stice,20,2022-12-14 04:40:56.427,1.64,2022-12-14 14:30:00,2022-12-13 23:32:13.830
1.207593299,13426913,M Thomson,Ma Thomson v T Stice,30,2022-12-14 06:01:46.549,1.66,2022-12-14 14:30:00,2022-12-13 23:32:13.830
1.207593299,13426913,M Thomson,Ma Thomson v T Stice,40,2022-12-14 06:10:58.078,1.98,2022-12-14 14:30:00,2022-12-13 23:32:13.830
1.207593299,13426913,M Thomson,Ma Thomson v T Stice,50,2022-12-14 06:28:15.078,1.66,2022-12-14 14:30:00,2022-12-13 23:32:13.830
1.207593299,13426913,M Thomson,Ma Thomson v T Stice,60,2022-12-14 06:42:11.746,1.68,2022-12-14 14:30:00,2022-12-13 23:32:13.830
1.207593299,13426913,M Thomson,Ma Thomson v T Stice,70,2022-12-14 08:30:11.729,1.66,2022-12-14 14:30:00,2022-12-13 23:32:13.830
1.207593299,13426913,M Thomson,Ma Thomson v T Stice,80,2022-12-14 13:09:14.151,1.6,2022-12-14 14:30:00,2022-12-13 23:32:13.830
1.207593299,13426913,M Thomson,Ma Thomson v T Stice,90,2022-12-14 14:18:36.918,1.64,2022-12-14 14:30:00,2022-12-13 23:32:13.830
1.207593299,13426913,M Thomson,Ma Thomson v T Stice,100,2022-12-14 17:14:07.051,1.62,2022-12-14 17:30:00,2022-12-13 23:32:13.830
1.207593299,41768099,T Stice,Ma Thomson v T Stice,0,2022-12-13 22:09:51.808,1.32,2022-12-13 22:15:00,
1.207593299,41768099,T Stice,Ma Thomson v T Stice,10,2022-12-14 01:10:06.359,2.46,2022-12-14 14:30:00,2022-12-13 23:32:13.830
1.207593299,41768099,T Stice,Ma Thomson v T Stice,20,2022-12-14 03:23:56.426,2.46,2022-12-14 14:30:00,2022-12-13 23:32:13.830
1.207593299,41768099,T Stice,Ma Thomson v T Stice,30,2022-12-14 04:44:13.353,2.5,2022-12-14 14:30:00,2022-12-13 23:32:13.830
1.207593299,41768099,T Stice,Ma Thomson v T Stice,40,2022-12-14 06:07:56.542,2.5,2022-12-14 14:30:00,2022-12-13 23:32:13.830
1.207593299,41768099,T Stice,Ma Thomson v T Stice,50,2022-12-14 06:29:46.864,2.56,2022-12-14 14:30:00,2022-12-13 23:32:13.830
1.207593299,41768099,T Stice,Ma Thomson v T Stice,60,2022-12-14 07:00:40.647,2.4,2022-12-14 14:30:00,2022-12-13 23:32:13.830
1.207593299,41768099,T Stice,Ma Thomson v T Stice,70,2022-12-14 09:20:06.753,2.5,2022-12-14 14:30:00,2022-12-13 23:32:13.830
1.207593299,41768099,T Stice,Ma Thomson v T Stice,80,2022-12-14 13:09:14.151,2.64,2022-12-14 14:30:00,2022-12-13 23:32:13.830
1.207593299,41768099,T Stice,Ma Thomson v T Stice,90,2022-12-14 14:18:36.918,2.56,2022-12-14 14:30:00,2022-12-13 23:32:13.830
1.207593299,41768099,T Stice,Ma Thomson v T Stice,100,2022-12-14 16:55:07.014,2.6,2022-12-14 17:30:00,2022-12-13 23:32:13.830
1.2075933,25386857,A Diaz Jalil,A Diaz Jalil v A Bancila,0,2022-12-13 11:08:49.128,2.5,2022-12-13 19:00:00,
1.2075933,25386857,A Diaz Jalil,A Diaz Jalil v A Bancila,10,2022-12-13 11:11:14.542,2.0,2022-12-13 19:00:00,
1.2075933,25386857,A Diaz Jalil,A Diaz Jalil v A Bancila,20,2022-12-13 11:15:01.955,1.66,2022-12-13 19:00:00,
1.2075933,25386857,A Diaz Jalil,A Diaz Jalil v A Bancila,30,2022-12-13 11:16:59.159,1.66,2022-12-13 19:00:00,
1.2075933,25386857,A Diaz Jalil,A Diaz Jalil v A Bancila,40,2022-12-13 11:21:14.504,1.77,2022-12-13 19:00:00,
1.2075933,25386857,A Diaz Jalil,A Diaz Jalil v A Bancila,50,2022-12-13 11:29:08.826,1.51,2022-12-13 19:00:00,
1.2075933,25386857,A Diaz Jalil,A Diaz Jalil v A Bancila,60,2022-12-13 11:50:15.232,1.67,2022-12-13 19:00:00,
1.2075933,25386857,A Diaz Jalil,A Diaz Jalil v A Bancila,70,2022-12-13 11:54:29.556,1.75,2022-12-13 19:00:00,
1.2075933,25386857,A Diaz Jalil,A Diaz Jalil v A Bancila,80,2022-12-13 15:20:00.481,1.59,2022-12-13 19:00:00,
1.2075933,25386857,A Diaz Jalil,Diaz Jalil v Al Bancila,90,2022-12-13 19:14:55.349,1.49,2022-12-13 19:15:00,
1.2075933,25386857,A Diaz Jalil,Diaz Jalil v Al Bancila,100,2022-12-13 20:14:05.201,1.71,2022-12-13 20:15:00,
1.2075933,41998525,A Bancila,A Diaz Jalil v A Bancila,0,2022-12-13 11:10:11.318,2.1,2022-12-13 19:00:00,
1.2075933,41998525,A Bancila,A Diaz Jalil v A Bancila,10,2022-12-13 11:11:14.542,2.0,2022-12-13 19:00:00,
1.2075933,41998525,A Bancila,A Diaz Jalil v A Bancila,20,2022-12-13 11:12:48.238,1.9,2022-12-13 19:00:00,
1.2075933,41998525,A Bancila,A Diaz Jalil v A Bancila,30,2022-12-13 11:16:59.159,2.52,2022-12-13 19:00:00,
1.2075933,41998525,A Bancila,A Diaz Jalil v A Bancila,40,2022-12-13 11:21:14.504,2.3,2022-12-13 19:00:00,
1.2075933,41998525,A Bancila,A Diaz Jalil v A Bancila,50,2022-12-13 11:24:53.734,2.1,2022-12-13 19:00:00,
1.2075933,41998525,A Bancila,A Diaz Jalil v A Bancila,60,2022-12-13 11:29:08.826,2.96,2022-12-13 19:00:00,
1.2075933,41998525,A Bancila,A Diaz Jalil v A Bancila,70,2022-12-13 11:31:13.717,2.28,2022-12-13 19:00:00,
1.2075933,41998525,A Bancila,A Diaz Jalil v A Bancila,80,2022-12-13 11:52:00.439,2.54,2022-12-13 19:00:00,
1.2075933,41998525,A Bancila,A Diaz Jalil v A Bancila,90,2022-12-13 13:44:10.740,2.66,2022-12-13 19:00:00,
1.2075933,41998525,A Bancila,Diaz Jalil v Al Bancila,100,2022-12-13 19:20:50.732,3.05,2022-12-13 19:30:00,
1.207600661,10351066,Clara Burel,Burel v Er Andreeva,0,2022-12-13 16:10:20.620,1.87,2022-12-14 13:30:00,
1.207600661,10351066,Clara Burel,Burel v Er Andreeva,10,2022-12-14 06:51:46.849,1.84,2022-12-14 13:30:00,
1.207600661,10351066,Clara Burel,Burel v Er Andreeva,20,2022-12-14 10:01:57.383,1.92,2022-12-14 13:30:00,
1.207600661,10351066,Clara Burel,Burel v Er Andreeva,30,2022-12-14 12:16:06.341,1.81,2022-12-14 13:30:00,
1.207600661,10351066,Clara Burel,Burel v Er Andreeva,40,2022-12-14 12:33:24.836,1.83,2022-12-14 13:30:00,
1.207600661,10351066,Clara Burel,Burel v Er Andreeva,50,2022-12-14 12:45:52.849,1.88,2022-12-14 13:30:00,
1.207600661,10351066,Clara Burel,Burel v Er Andreeva,60,2022-12-14 12:54:36.225,1.86,2022-12-14 13:30:00,
1.207600661,10351066,Clara Burel,Burel v Er Andreeva,70,2022-12-14 13:14:44.804,1.85,2022-12-14 13:30:00,
1.207600661,10351066,Clara Burel,Burel v Er Andreeva,80,2022-12-14 13:19:53.720,1.81,2022-12-14 13:30:00,
1.207600661,10351066,Clara Burel,Burel v Er Andreeva,90,2022-12-14 13:24:39.673,1.87,2022-12-14 13:30:00,
1.207600661,10351066,Clara Burel,Burel v Er Andreeva,100,2022-12-14 13:29:53.388,1.77,2022-12-14 13:30:00,
1.207600661,27187697,Erika Andreeva,Burel v Er Andreeva,0,2022-12-13 21:36:12.253,2.28,2022-12-14 13:30:00,
1.207600661,27187697,Erika Andreeva,Burel v Er Andreeva,10,2022-12-14 02:33:45.274,2.26,2022-12-14 13:30:00,
1.207600661,27187697,Erika Andreeva,Burel v Er Andreeva,20,2022-12-14 06:40:14.401,2.14,2022-12-14 13:30:00,
1.207600661,27187697,Erika Andreeva,Burel v Er Andreeva,30,2022-12-14 08:43:33.012,2.14,2022-12-14 13:30:00,
1.207600661,27187697,Erika Andreeva,Burel v Er Andreeva,40,2022-12-14 10:01:57.383,2.08,2022-12-14 13:30:00,
1.207600661,27187697,Erika Andreeva,Burel v Er Andreeva,50,2022-12-14 12:31:23.361,2.2,2022-12-14 13:30:00,
1.207600661,27187697,Erika Andreeva,Burel v Er Andreeva,60,2022-12-14 12:45:52.849,2.16,2022-12-14 13:30:00,
1.207600661,27187697,Erika Andreeva,Burel v Er Andreeva,70,2022-12-14 13:07:17.329,2.14,2022-12-14 13:30:00,
1.207600661,27187697,Erika Andreeva,Burel v Er Andreeva,80,2022-12-14 13:17:54.994,2.2,2022-12-14 13:30:00,
1.207600661,27187697,Erika Andreeva,Burel v Er Andreeva,90,2022-12-14 13:22:51.610,2.2,2022-12-14 13:30:00,
1.207600661,27187697,Erika Andreeva,Burel v Er Andreeva,100,2022-12-14 13:29:53.388,2.3,2022-12-14 13:30:00,
1.207606499,2386498,Shuai Zhang,S Zhang v Ekat Reyngold,0,2022-12-13 18:39:46.633,1.21,2022-12-14 09:00:00,
1.207606499,2386498,Shuai Zhang,S Zhang v Ekat Reyngold,10,2022-12-13 19:53:39.517,1.21,2022-12-14 09:00:00,
1.207606499,2386498,Shuai Zhang,S Zhang v Ekat Reyngold,20,2022-12-13 22:07:45.588,1.21,2022-12-14 09:00:00,
1.207606499,2386498,Shuai Zhang,S Zhang v Ekat Reyngold,30,2022-12-14 05:52:43.544,1.22,2022-12-14 09:00:00,
1.207606499,2386498,Shuai Zhang,S Zhang v Ekat Reyngold,40,2022-12-14 06:05:17.375,1.21,2022-12-14 09:00:00,
1.207606499,2386498,Shuai Zhang,S Zhang v Ekat Reyngold,50,2022-12-14 06:13:17.449,1.21,2022-12-14 09:00:00,
1.207606499,2386498,Shuai Zhang,S Zhang v Ekat Reyngold,60,2022-12-14 08:25:26.731,1.2,2022-12-14 09:00:00,
1.207606499,2386498,Shuai Zhang,S Zhang v Ekat Reyngold,70,2022-12-14 08:28:49.373,1.2,2022-12-14 09:00:00,
1.207606499,2386498,Shuai Zhang,S Zhang v Ekat Reyngold,80,2022-12-14 08:43:30.586,1.19,2022-12-14 09:00:00,
1.207606499,2386498,Shuai Zhang,S Zhang v Ekat Reyngold,90,2022-12-14 08:47:54.022,1.19,2022-12-14 09:00:00,
1.207606499,2386498,Shuai Zhang,S Zhang v Ekat Reyngold,100,2022-12-14 08:59:49.683,1.2,2022-12-14 09:00:00,
1.207606499,18848522,Ekaterina Reyngold,S Zhang v Ekat Reyngold,0,2022-12-13 19:03:52.904,4.7,2022-12-14 09:00:00,
1.207606499,18848522,Ekaterina Reyngold,S Zhang v Ekat Reyngold,10,2022-12-13 19:53:39.517,5.8,2022-12-14 09:00:00,
1.207606499,18848522,Ekaterina Reyngold,S Zhang v Ekat Reyngold,20,2022-12-13 21:29:49.674,5.7,2022-12-14 09:00:00,
1.207606499,18848522,Ekaterina Reyngold,S Zhang v Ekat Reyngold,30,2022-12-13 21:37:33.966,5.5,2022-12-14 09:00:00,
1.207606499,18848522,Ekaterina Reyngold,S Zhang v Ekat Reyngold,40,2022-12-14 05:43:27.683,5.5,2022-12-14 09:00:00,
1.207606499,18848522,Ekaterina Reyngold,S Zhang v Ekat Reyngold,50,2022-12-14 06:58:21.072,5.6,2022-12-14 09:00:00,
1.207606499,18848522,Ekaterina Reyngold,S Zhang v Ekat Reyngold,60,2022-12-14 07:29:52.829,5.9,2022-12-14 09:00:00,
1.207606499,18848522,Ekaterina Reyngold,S Zhang v Ekat Reyngold,70,2022-12-14 08:32:49.942,6.2,2022-12-14 09:00:00,
1.207606499,18848522,Ekaterina Reyngold,S Zhang v Ekat Reyngold,80,2022-12-14 08:36:37.710,6.2,2022-12-14 09:00:00,
1.207606499,18848522,Ekaterina Reyngold,S Zhang v Ekat Reyngold,90,2022-12-14 08:52:43.197,6.2,2022-12-14 09:00:00,
1.207606499,18848522,Ekaterina Reyngold,S Zhang v Ekat Reyngold,100,2022-12-14 08:57:42.439,6.0,2022-12-14 09:00:00,
1.207608474,11694656,Marta Kostyuk,M Kostyuk v C Tauson,0,2022-12-13 18:41:34.568,2.32,2022-12-14 10:30:00,
1.207608474,11694656,Marta Kostyuk,M Kostyuk v C Tauson,10,2022-12-13 22:08:20.247,2.3,2022-12-14 10:30:00,
1.207608474,11694656,Marta Kostyuk,M Kostyuk v C Tauson,20,2022-12-14 00:19:19.312,2.32,2022-12-14 10:30:00,
1.207608474,11694656,Marta Kostyuk,M Kostyuk v C Tauson,30,2022-12-14 06:03:04.372,2.3,2022-12-14 10:30:00,
1.207608474,11694656,Marta Kostyuk,M Kostyuk v C Tauson,40,2022-12-14 08:15:40.449,2.22,2022-12-14 10:30:00,
1.207608474,11694656,Marta Kostyuk,M Kostyuk v C Tauson,50,2022-12-14 08:57:29.874,2.1,2022-12-14 10:30:00,
1.207608474,11694656,Marta Kostyuk,M Kostyuk v C Tauson,60,2022-12-14 09:26:45.412,2.18,2022-12-14 10:30:00,
1.207608474,11694656,Marta Kostyuk,M Kostyuk v C Tauson,70,2022-12-14 09:53:22.797,2.2,2022-12-14 10:30:00,
1.207608474,11694656,Marta Kostyuk,M Kostyuk v C Tauson,80,2022-12-14 10:12:51.788,2.3,2022-12-14 10:30:00,
1.207608474,11694656,Marta Kostyuk,M Kostyuk v C Tauson,90,2022-12-14 10:23:52.690,2.28,2022-12-14 10:30:00,
1.207608474,11694656,Marta Kostyuk,M Kostyuk v C Tauson,100,2022-12-14 10:29:53.294,2.66,2022-12-14 10:30:00,2022-12-14 10:25:52.934
1.207608474,18848679,Clara Tauson,M Kostyuk v C Tauson,0,2022-12-13 18:41:34.568,1.75,2022-12-14 10:30:00,
1.207608474,18848679,Clara Tauson,M Kostyuk v C Tauson,10,2022-12-14 00:24:47.891,1.75,2022-12-14 10:30:00,
1.207608474,18848679,Clara Tauson,M Kostyuk v C Tauson,20,2022-12-14 04:52:42.768,1.77,2022-12-14 10:30:00,
1.207608474,18848679,Clara Tauson,M Kostyuk v C Tauson,30,2022-12-14 07:19:49.629,1.76,2022-12-14 10:30:00,
1.207608474,18848679,Clara Tauson,M Kostyuk v C Tauson,40,2022-12-14 08:33:44.798,1.84,2022-12-14 10:30:00,
1.207608474,18848679,Clara Tauson,M Kostyuk v C Tauson,50,2022-12-14 09:02:57.627,1.86,2022-12-14 10:30:00,
1.207608474,18848679,Clara Tauson,M Kostyuk v C Tauson,60,2022-12-14 09:38:51.002,1.81,2022-12-14 10:30:00,
1.207608474,18848679,Clara Tauson,M Kostyuk v C Tauson,70,2022-12-14 09:56:48.909,1.8,2022-12-14 10:30:00,
1.207608474,18848679,Clara Tauson,M Kostyuk v C Tauson,80,2022-12-14 10:10:52.639,1.79,2022-12-14 10:30:00,
1.207608474,18848679,Clara Tauson,M Kostyuk v C Tauson,90,2022-12-14 10:20:53.121,1.79,2022-12-14 10:30:00,
1.207608474,18848679,Clara Tauson,M Kostyuk v C Tauson,100,2022-12-14 10:29:53.294,1.6,2022-12-14 10:30:00,2022-12-14 10:25:52.934
1.207619644,8948984,Audrey Albie,Albie v V Gracheva,0,2022-12-13 21:37:17.434,3.8,2022-12-14 12:00:00,
1.207619644,8948984,Audrey Albie,Albie v V Gracheva,10,2022-12-14 02:08:44.812,3.85,2022-12-14 12:00:00,
1.207619644,8948984,Audrey Albie,Albie v V Gracheva,20,2022-12-14 10:15:53.368,4.0,2022-12-14 12:00:00,
1.207619644,8948984,Audrey Albie,Albie v V Gracheva,30,2022-12-14 11:07:54.060,4.4,2022-12-14 12:00:00,
1.207619644,8948984,Audrey Albie,Albie v V Gracheva,40,2022-12-14 11:13:52.867,4.2,2022-12-14 12:00:00,
1.207619644,8948984,Audrey Albie,Albie v V Gracheva,50,2022-12-14 11:26:38.072,4.3,2022-12-14 12:00:00,
1.207619644,8948984,Audrey Albie,Albie v V Gracheva,60,2022-12-14 11:46:51.050,4.2,2022-12-14 12:00:00,
1.207619644,8948984,Audrey Albie,Albie v V Gracheva,70,2022-12-14 11:55:44.392,4.3,2022-12-14 12:00:00,
1.207619644,8948984,Audrey Albie,Albie v V Gracheva,80,2022-12-14 12:04:48.352,4.2,2022-12-14 12:10:00,
1.207619644,8948984,Audrey Albie,Albie v V Gracheva,90,2022-12-14 12:12:56.548,4.7,2022-12-14 12:15:00,2022-12-14 12:12:56.548
1.207619644,8948984,Audrey Albie,Albie v V Gracheva,100,2022-12-14 12:14:56.463,6.0,2022-12-14 12:15:00,2022-12-14 12:12:56.548
1.207619644,10942984,Varvara Gracheva,Albie v V Gracheva,0,2022-12-13 22:08:23.736,1.33,2022-12-14 12:00:00,
1.207619644,10942984,Varvara Gracheva,Albie v V Gracheva,10,2022-12-14 06:39:52.319,1.33,2022-12-14 12:00:00,
1.207619644,10942984,Varvara Gracheva,Albie v V Gracheva,20,2022-12-14 09:51:49.748,1.33,2022-12-14 12:00:00,
1.207619644,10942984,Varvara Gracheva,Albie v V Gracheva,30,2022-12-14 10:15:53.368,1.33,2022-12-14 12:00:00,
1.207619644,10942984,Varvara Gracheva,Albie v V Gracheva,40,2022-12-14 10:52:50.327,1.3,2022-12-14 12:00:00,
1.207619644,10942984,Varvara Gracheva,Albie v V Gracheva,50,2022-12-14 11:13:52.867,1.31,2022-12-14 12:00:00,
1.207619644,10942984,Varvara Gracheva,Albie v V Gracheva,60,2022-12-14 11:44:41.794,1.32,2022-12-14 12:00:00,
1.207619644,10942984,Varvara Gracheva,Albie v V Gracheva,70,2022-12-14 12:06:30.825,1.3,2022-12-14 12:10:00,
1.207619644,10942984,Varvara Gracheva,Albie v V Gracheva,80,2022-12-14 12:09:42.187,1.29,2022-12-14 12:15:00,
1.207619644,10942984,Varvara Gracheva,Albie v V Gracheva,90,2022-12-14 12:11:53.056,1.3,2022-12-14 12:15:00,
1.207619644,10942984,Varvara Gracheva,Albie v V Gracheva,100,2022-12-14 12:14:56.463,1.2,2022-12-14 12:15:00,2022-12-14 12:12:56.548
1.207620449,9623990,M Hamou,Çekirge v Hamou,0,2022-12-15 15:18:08.209,1.73,2022-12-15 18:30:00,
1.207620449,9623990,M Hamou,Çekirge v Hamou,10,2022-12-15 16:14:30.602,1.73,2022-12-15 18:30:00,
1.207620449,9623990,M Hamou,Çekirge v Hamou,20,2022-12-15 22:30:11.314,1.2,2022-12-16 09:30:00,2022-12-15 21:14:16.147
1.207620449,9623990,M Hamou,Çekirge v Hamou,30,2022-12-15 22:59:13.996,1.52,2022-12-16 09:30:00,2022-12-15 21:14:16.147
1.207620449,9623990,M Hamou,Çekirge v Hamou,40,2022-12-16 00:24:14.178,1.54,2022-12-16 09:30:00,2022-12-15 21:14:16.147
1.207620449,9623990,M Hamou,Çekirge v Hamou,50,2022-12-16 02:15:04.626,1.54,2022-12-16 09:30:00,2022-12-15 21:14:16.147
1.207620449,9623990,M Hamou,Çekirge v Hamou,60,2022-12-16 05:47:11.072,1.51,2022-12-16 09:30:00,2022-12-15 21:14:16.147
1.207620449,9623990,M Hamou,Çekirge v Hamou,70,2022-12-16 06:03:14.180,1.51,2022-12-16 09:30:00,2022-12-15 21:14:16.147
1.207620449,9623990,M Hamou,Çekirge v Hamou,80,2022-12-16 06:22:44.105,1.5,2022-12-16 09:30:00,2022-12-15 21:14:16.147
1.207620449,9623990,M Hamou,Çekirge v Hamou,90,2022-12-16 07:13:55.332,1.52,2022-12-16 09:30:00,2022-12-15 21:14:16.147
1.207620449,9623990,M Hamou,Çekirge v Hamou,100,2022-12-16 07:42:14.128,1.54,2022-12-16 09:30:00,2022-12-15 21:14:16.147
1.207620449,13483542,K Cekirge,Çekirge v Hamou,0,2022-12-14 15:50:09.516,2.0,2022-12-14 18:00:00,
1.207620449,13483542,K Cekirge,Çekirge v Hamou,10,2022-12-15 16:14:30.602,2.38,2022-12-15 18:30:00,
1.207620449,13483542,K Cekirge,Çekirge v Hamou,20,2022-12-15 22:39:04.438,3.1,2022-12-16 09:30:00,2022-12-15 21:14:16.147
1.207620449,13483542,K Cekirge,Çekirge v Hamou,30,2022-12-16 00:01:04.703,3.05,2022-12-16 09:30:00,2022-12-15 21:14:16.147
1.207620449,13483542,K Cekirge,Çekirge v Hamou,40,2022-12-16 00:25:04.354,2.84,2022-12-16 09:30:00,2022-12-15 21:14:16.147
1.207620449,13483542,K Cekirge,Çekirge v Hamou,50,2022-12-16 01:55:44.312,2.92,2022-12-16 09:30:00,2022-12-15 21:14:16.147
1.207620449,13483542,K Cekirge,Çekirge v Hamou,60,2022-12-16 05:46:17.846,2.84,2022-12-16 09:30:00,2022-12-15 21:14:16.147
1.207620449,13483542,K Cekirge,Çekirge v Hamou,70,2022-12-16 05:56:04.061,3.05,2022-12-16 09:30:00,2022-12-15 21:14:16.147
1.207620449,13483542,K Cekirge,Çekirge v Hamou,80,2022-12-16 06:40:04.091,2.96,2022-12-16 09:30:00,2022-12-15 21:14:16.147
1.207620449,13483542,K Cekirge,Çekirge v Hamou,90,2022-12-16 07:14:24.194,2.88,2022-12-16 09:30:00,2022-12-15 21:14:16.147
1.207620449,13483542,K Cekirge,Çekirge v Hamou,100,2022-12-16 09:13:18.192,2.84,2022-12-16 09:30:00,2022-12-15 21:14:16.147
1.207623813,3875013,Ana Bogdan,A Bogdan v Blinkova,0,2022-12-14 00:06:21.608,4.6,2022-12-15 00:00:00,
1.207623813,3875013,Ana Bogdan,A Bogdan v Blinkova,10,2022-12-14 21:40:35.126,1.71,2022-12-15 13:00:00,
1.207623813,3875013,Ana Bogdan,A Bogdan v Blinkova,20,2022-12-15 06:32:51.586,1.69,2022-12-15 13:00:00,
1.207623813,3875013,Ana Bogdan,A Bogdan v Blinkova,30,2022-12-15 09:17:32.198,1.64,2022-12-15 13:00:00,
1.207623813,3875013,Ana Bogdan,A Bogdan v Blinkova,40,2022-12-15 10:39:51.903,1.61,2022-12-15 13:00:00,
1.207623813,3875013,Ana Bogdan,A Bogdan v Blinkova,50,2022-12-15 11:07:27.649,1.6,2022-12-15 13:00:00,
1.207623813,3875013,Ana Bogdan,A Bogdan v Blinkova,60,2022-12-15 12:04:43.376,1.55,2022-12-15 13:00:00,
1.207623813,3875013,Ana Bogdan,A Bogdan v Blinkova,70,2022-12-15 12:38:13.114,1.56,2022-12-15 13:00:00,
1.207623813,3875013,Ana Bogdan,A Bogdan v Blinkova,80,2022-12-15 12:52:48.367,1.54,2022-12-15 13:00:00,
1.207623813,3875013,Ana Bogdan,A Bogdan v Blinkova,90,2022-12-15 13:06:50.638,1.57,2022-12-15 13:20:00,
1.207623813,3875013,Ana Bogdan,A Bogdan v Blinkova,100,2022-12-15 13:19:54.901,1.54,2022-12-15 13:20:00,2022-12-15 13:19:54.901
1.207623813,9635244,Anna Blinkova,A Bogdan v Blinkova,0,2022-12-14 00:06:21.608,1.28,2022-12-15 00:00:00,
1.207623813,9635244,Anna Blinkova,A Bogdan v Blinkova,10,2022-12-14 18:40:02.050,2.44,2022-12-15 13:00:00,
1.207623813,9635244,Anna Blinkova,A Bogdan v Blinkova,20,2022-12-14 21:44:35.251,2.42,2022-12-15 13:00:00,
1.207623813,9635244,Anna Blinkova,A Bogdan v Blinkova,30,2022-12-15 05:14:34.699,2.36,2022-12-15 13:00:00,
1.207623813,9635244,Anna Blinkova,A Bogdan v Blinkova,40,2022-12-15 10:00:30.711,2.54,2022-12-15 13:00:00,
1.207623813,9635244,Anna Blinkova,A Bogdan v Blinkova,50,2022-12-15 11:56:30.363,2.82,2022-12-15 13:00:00,
1.207623813,9635244,Anna Blinkova,A Bogdan v Blinkova,60,2022-12-15 12:19:51.911,2.8,2022-12-15 13:00:00,
1.207623813,9635244,Anna Blinkova,A Bogdan v Blinkova,70,2022-12-15 12:50:53.036,2.84,2022-12-15 13:00:00,
1.207623813,9635244,Anna Blinkova,A Bogdan v Blinkova,80,2022-12-15 13:07:52.352,2.74,2022-12-15 13:20:00,
1.207623813,9635244,Anna Blinkova,A Bogdan v Blinkova,90,2022-12-15 13:12:45.879,2.88,2022-12-15 13:20:00,
1.207623813,9635244,Anna Blinkova,A Bogdan v Blinkova,100,2022-12-15 13:19:54.901,2.88,2022-12-15 13:20:00,2022-12-15 13:19:54.901
1.207640094,2386498,Shuai Zhang,S Zhang v A Kalinina,0,2022-12-14 20:16:51.979,2.76,2022-12-15 11:30:00,
1.207640094,2386498,Shuai Zhang,S Zhang v A Kalinina,10,2022-12-15 05:23:54.886,2.58,2022-12-15 11:30:00,
1.207640094,2386498,Shuai Zhang,S Zhang v A Kalinina,20,2022-12-15 07:14:41.792,2.54,2022-12-15 11:30:00,
1.207640094,2386498,Shuai Zhang,S Zhang v A Kalinina,30,2022-12-15 09:21:29.258,2.52,2022-12-15 11:30:00,
1.207640094,2386498,Shuai Zhang,S Zhang v A Kalinina,40,2022-12-15 10:12:54.830,2.46,2022-12-15 11:30:00,
1.207640094,2386498,Shuai Zhang,S Zhang v A Kalinina,50,2022-12-15 10:58:30.591,2.5,2022-12-15 11:30:00,
1.207640094,2386498,Shuai Zhang,S Zhang v A Kalinina,60,2022-12-15 11:21:53.583,2.42,2022-12-15 11:30:00,
1.207640094,2386498,Shuai Zhang,S Zhang v A Kalinina,70,2022-12-15 11:31:52.969,2.72,2022-12-15 11:45:00,
1.207640094,2386498,Shuai Zhang,S Zhang v A Kalinina,80,2022-12-15 11:38:51.822,2.6,2022-12-15 11:45:00,
1.207640094,2386498,Shuai Zhang,S Zhang v A Kalinina,90,2022-12-15 11:52:52.814,2.68,2022-12-15 12:00:00,
1.207640094,2386498,Shuai Zhang,S Zhang v A Kalinina,100,2022-12-15 12:04:55.005,3.3,2022-12-15 12:05:00,2022-12-15 12:00:55.108
1.207640094,8907168,Anhelina Kalinina,S Zhang v A Kalinina,0,2022-12-14 20:16:51.979,1.57,2022-12-15 11:30:00,
1.207640094,8907168,Anhelina Kalinina,S Zhang v A Kalinina,10,2022-12-15 06:41:27.139,1.67,2022-12-15 11:30:00,
1.207640094,8907168,Anhelina Kalinina,S Zhang v A Kalinina,20,2022-12-15 07:44:29.355,1.62,2022-12-15 11:30:00,
1.207640094,8907168,Anhelina Kalinina,S Zhang v A Kalinina,30,2022-12-15 09:50:14.361,1.67,2022-12-15 11:30:00,
1.207640094,8907168,Anhelina Kalinina,S Zhang v A Kalinina,40,2022-12-15 10:36:50.421,1.69,2022-12-15 11:30:00,
1.207640094,8907168,Anhelina Kalinina,S Zhang v A Kalinina,50,2022-12-15 10:58:30.591,1.66,2022-12-15 11:30:00,
1.207640094,8907168,Anhelina Kalinina,S Zhang v A Kalinina,60,2022-12-15 11:23:49.728,1.67,2022-12-15 11:30:00,
1.207640094,8907168,Anhelina Kalinina,S Zhang v A Kalinina,70,2022-12-15 11:32:51.903,1.56,2022-12-15 11:45:00,
1.207640094,8907168,Anhelina Kalinina,S Zhang v A Kalinina,80,2022-12-15 11:41:54.793,1.61,2022-12-15 11:45:00,
1.207640094,8907168,Anhelina Kalinina,S Zhang v A Kalinina,90,2022-12-15 11:56:54.807,1.58,2022-12-15 12:00:00,
1.207640094,8907168,Anhelina Kalinina,S Zhang v A Kalinina,100,2022-12-15 12:04:55.005,1.42,2022-12-15 12:05:00,2022-12-15 12:00:55.108
1.207645495,10942984,Varvara Gracheva,C Tauson v V Gracheva,0,2022-12-14 20:17:52.339,3.5,2022-12-15 14:30:00,
1.207645495,10942984,Varvara Gracheva,C Tauson v V Gracheva,10,2022-12-14 21:44:34.842,3.0,2022-12-15 14:30:00,
1.207645495,10942984,Varvara Gracheva,C Tauson v V Gracheva,20,2022-12-15 00:10:28.415,3.4,2022-12-15 14:30:00,
1.207645495,10942984,Varvara Gracheva,C Tauson v V Gracheva,30,2022-12-15 06:49:54.651,3.8,2022-12-15 14:30:00,
1.207645495,10942984,Varvara Gracheva,C Tauson v V Gracheva,40,2022-12-15 10:07:25.701,3.7,2022-12-15 14:30:00,
1.207645495,10942984,Varvara Gracheva,C Tauson v V Gracheva,50,2022-12-15 11:39:51.561,3.85,2022-12-15 14:30:00,
1.207645495,10942984,Varvara Gracheva,C Tauson v V Gracheva,60,2022-12-15 12:42:26.443,4.0,2022-12-15 14:30:00,
1.207645495,10942984,Varvara Gracheva,C Tauson v V Gracheva,70,2022-12-15 13:34:30.341,3.95,2022-12-15 14:30:00,
1.207645495,10942984,Varvara Gracheva,C Tauson v V Gracheva,80,2022-12-15 14:05:37.482,3.9,2022-12-15 14:30:00,
1.207645495,10942984,Varvara Gracheva,C Tauson v V Gracheva,90,2022-12-15 14:17:35.176,3.85,2022-12-15 14:30:00,
1.207645495,10942984,Varvara Gracheva,C Tauson v V Gracheva,100,2022-12-15 14:29:54.943,3.85,2022-12-15 14:30:00,
1.207645495,18848679,Clara Tauson,C Tauson v V Gracheva,0,2022-12-14 16:10:53.927,1.48,2022-12-15 14:30:00,
1.207645495,18848679,Clara Tauson,C Tauson v V Gracheva,10,2022-12-14 21:40:22.655,1.46,2022-12-15 14:30:00,
1.207645495,18848679,Clara Tauson,C Tauson v V Gracheva,20,2022-12-15 02:12:14.375,1.4,2022-12-15 14:30:00,
1.207645495,18848679,Clara Tauson,C Tauson v V Gracheva,30,2022-12-15 06:49:54.651,1.36,2022-12-15 14:30:00,
1.207645495,18848679,Clara Tauson,C Tauson v V Gracheva,40,2022-12-15 10:23:48.612,1.37,2022-12-15 14:30:00,
1.207645495,18848679,Clara Tauson,C Tauson v V Gracheva,50,2022-12-15 11:36:50.784,1.35,2022-12-15 14:30:00,
1.207645495,18848679,Clara Tauson,C Tauson v V Gracheva,60,2022-12-15 11:53:09.218,1.33,2022-12-15 14:30:00,
1.207645495,18848679,Clara Tauson,C Tauson v V Gracheva,70,2022-12-15 13:10:33.065,1.32,2022-12-15 14:30:00,
1.207645495,18848679,Clara Tauson,C Tauson v V Gracheva,80,2022-12-15 13:46:30.290,1.33,2022-12-15 14:30:00,
1.207645495,18848679,Clara Tauson,C Tauson v V Gracheva,90,2022-12-15 14:04:20.230,1.35,2022-12-15 14:30:00,
1.207645495,18848679,Clara Tauson,C Tauson v V Gracheva,100,2022-12-15 14:28:52.107,1.35,2022-12-15 14:30:00,
1.207657709,9631351,Lucia Bronzetti,L Bronzetti v Burel,0,2022-12-14 21:40:37.481,2.06,2022-12-15 15:30:00,
1.207657709,9631351,Lucia Bronzetti,L Bronzetti v Burel,10,2022-12-15 02:27:14.883,2.38,2022-12-15 15:30:00,
1.207657709,9631351,Lucia Bronzetti,L Bronzetti v Burel,20,2022-12-15 07:06:49.504,2.28,2022-12-15 15:30:00,
1.207657709,9631351,Lucia Bronzetti,L Bronzetti v Burel,30,2022-12-15 08:36:02.177,2.18,2022-12-15 15:30:00,
1.207657709,9631351,Lucia Bronzetti,L Bronzetti v Burel,40,2022-12-15 12:21:39.244,2.16,2022-12-15 15:30:00,
1.207657709,9631351,Lucia Bronzetti,L Bronzetti v Burel,50,2022-12-15 13:56:49.237,2.18,2022-12-15 15:30:00,
1.207657709,9631351,Lucia Bronzetti,L Bronzetti v Burel,60,2022-12-15 15:08:30.914,2.18,2022-12-15 15:30:00,
1.207657709,9631351,Lucia Bronzetti,L Bronzetti v Burel,70,2022-12-15 15:28:31.364,2.14,2022-12-15 15:30:00,
1.207657709,9631351,Lucia Bronzetti,L Bronzetti v Burel,80,2022-12-15 16:02:42.689,2.14,2022-12-15 16:20:00,
1.207657709,9631351,Lucia Bronzetti,L Bronzetti v Burel,90,2022-12-15 16:44:49.139,2.08,2022-12-15 16:50:00,
1.207657709,9631351,Lucia Bronzetti,L Bronzetti v Burel,100,2022-12-15 16:59:53.243,2.04,2022-12-15 17:00:00,2022-12-15 16:57:52.919
1.207657709,10351066,Clara Burel,L Bronzetti v Burel,0,2022-12-14 19:42:38.712,1.91,2022-12-15 15:30:00,
1.207657709,10351066,Clara Burel,L Bronzetti v Burel,10,2022-12-15 00:48:43.498,1.86,2022-12-15 15:30:00,
1.207657709,10351066,Clara Burel,L Bronzetti v Burel,20,2022-12-15 02:20:26.064,1.71,2022-12-15 15:30:00,
1.207657709,10351066,Clara Burel,L Bronzetti v Burel,30,2022-12-15 07:35:02.658,1.79,2022-12-15 15:30:00,
1.207657709,10351066,Clara Burel,L Bronzetti v Burel,40,2022-12-15 10:41:32.703,1.83,2022-12-15 15:30:00,
1.207657709,10351066,Clara Burel,L Bronzetti v Burel,50,2022-12-15 13:10:42.550,1.87,2022-12-15 15:30:00,
1.207657709,10351066,Clara Burel,L Bronzetti v Burel,60,2022-12-15 14:36:32.528,1.84,2022-12-15 15:30:00,
1.207657709,10351066,Clara Burel,L Bronzetti v Burel,70,2022-12-15 15:07:30.964,1.84,2022-12-15 15:30:00,
1.207657709,10351066,Clara Burel,L Bronzetti v Burel,80,2022-12-15 16:05:40.019,1.87,2022-12-15 16:20:00,
1.207657709,10351066,Clara Burel,L Bronzetti v Burel,90,2022-12-15 16:41:53.206,1.9,2022-12-15 16:50:00,
1.207657709,10351066,Clara Burel,L Bronzetti v Burel,100,2022-12-15 16:59:53.243,1.98,2022-12-15 17:00:00,2022-12-15 16:57:52.919
1.207680659,8907168,Anhelina Kalinina,A Kalinina v Blinkova,0,2022-12-15 15:31:41.816,1.1,2022-12-16 00:00:00,
1.207680659,8907168,Anhelina Kalinina,A Kalinina v Blinkova,10,2022-12-15 17:36:26.890,1.86,2022-12-16 15:15:00,
1.207680659,8907168,Anhelina Kalinina,A Kalinina v Blinkova,20,2022-12-15 22:25:48.541,1.79,2022-12-16 15:15:00,
1.207680659,8907168,Anhelina Kalinina,A Kalinina v Blinkova,30,2022-12-16 04:26:22.399,1.76,2022-12-16 15:15:00,
1.207680659,8907168,Anhelina Kalinina,A Kalinina v Blinkova,40,2022-12-16 09:52:06.938,1.9,2022-12-16 15:15:00,
1.207680659,8907168,Anhelina Kalinina,A Kalinina v Blinkova,50,2022-12-16 12:23:42.072,1.93,2022-12-16 15:15:00,
1.207680659,8907168,Anhelina Kalinina,A Kalinina v Blinkova,60,2022-12-16 12:59:55.700,1.97,2022-12-16 15:15:00,
1.207680659,8907168,Anhelina Kalinina,A Kalinina v Blinkova,70,2022-12-16 13:50:53.872,1.88,2022-12-16 15:15:00,
1.207680659,8907168,Anhelina Kalinina,A Kalinina v Blinkova,80,2022-12-16 14:21:55.729,1.8,2022-12-16 15:15:00,
1.207680659,8907168,Anhelina Kalinina,A Kalinina v Blinkova,90,2022-12-16 14:54:52.745,1.82,2022-12-16 15:15:00,
1.207680659,8907168,Anhelina Kalinina,A Kalinina v Blinkova,100,2022-12-16 15:13:52.095,1.76,2022-12-16 15:15:00,
1.207680659,9635244,Anna Blinkova,A Kalinina v Blinkova,0,2022-12-15 15:30:41.896,1.1,2022-12-16 00:00:00,
1.207680659,9635244,Anna Blinkova,A Kalinina v Blinkova,10,2022-12-15 16:05:53.590,1.87,2022-12-16 15:15:00,
1.207680659,9635244,Anna Blinkova,A Kalinina v Blinkova,20,2022-12-15 22:25:48.541,2.26,2022-12-16 15:15:00,
1.207680659,9635244,Anna Blinkova,A Kalinina v Blinkova,30,2022-12-16 08:46:27.427,2.2,2022-12-16 15:15:00,
1.207680659,9635244,Anna Blinkova,A Kalinina v Blinkova,40,2022-12-16 10:14:43.974,2.1,2022-12-16 15:15:00,
1.207680659,9635244,Anna Blinkova,A Kalinina v Blinkova,50,2022-12-16 11:55:48.688,2.12,2022-12-16 15:15:00,
1.207680659,9635244,Anna Blinkova,A Kalinina v Blinkova,60,2022-12-16 12:40:53.937,2.1,2022-12-16 15:15:00,
1.207680659,9635244,Anna Blinkova,A Kalinina v Blinkova,70,2022-12-16 13:10:48.939,2.04,2022-12-16 15:15:00,
1.207680659,9635244,Anna Blinkova,A Kalinina v Blinkova,80,2022-12-16 14:06:41.139,2.18,2022-12-16 15:15:00,
1.207680659,9635244,Anna Blinkova,A Kalinina v Blinkova,90,2022-12-16 14:48:42.762,2.22,2022-12-16 15:15:00,
1.207680659,9635244,Anna Blinkova,A Kalinina v Blinkova,100,2022-12-16 15:14:53.070,2.34,2022-12-16 15:15:00,
1.207688887,9631351,Lucia Bronzetti,C Tauson v L Bronzetti,0,2022-12-15 20:40:02.622,3.45,2022-12-16 17:30:00,
1.207688887,9631351,Lucia Bronzetti,C Tauson v L Bronzetti,10,2022-12-16 08:06:28.812,3.75,2022-12-16 17:30:00,
1.207688887,9631351,Lucia Bronzetti,C Tauson v L Bronzetti,20,2022-12-16 10:26:07.953,3.6,2022-12-16 17:30:00,
1.207688887,9631351,Lucia Bronzetti,C Tauson v L Bronzetti,30,2022-12-16 11:09:10.188,3.8,2022-12-16 17:30:00,
1.207688887,9631351,Lucia Bronzetti,C Tauson v L Bronzetti,40,2022-12-16 12:08:50.292,3.65,2022-12-16 17:30:00,
1.207688887,9631351,Lucia Bronzetti,C Tauson v L Bronzetti,50,2022-12-16 13:43:54.297,4.1,2022-12-16 17:30:00,
1.207688887,9631351,Lucia Bronzetti,C Tauson v L Bronzetti,60,2022-12-16 16:12:04.733,4.0,2022-12-16 17:30:00,
1.207688887,9631351,Lucia Bronzetti,C Tauson v L Bronzetti,70,2022-12-16 16:39:07.332,4.0,2022-12-16 17:30:00,
1.207688887,9631351,Lucia Bronzetti,C Tauson v L Bronzetti,80,2022-12-16 17:01:14.231,3.85,2022-12-16 17:30:00,
1.207688887,9631351,Lucia Bronzetti,C Tauson v L Bronzetti,90,2022-12-16 17:18:13.761,4.1,2022-12-16 17:30:00,
1.207688887,9631351,Lucia Bronzetti,C Tauson v L Bronzetti,100,2022-12-16 17:25:08.418,4.2,2022-12-16 17:30:00,
1.207688887,18848679,Clara Tauson,C Tauson v L Bronzetti,0,2022-12-15 20:40:02.622,1.41,2022-12-16 17:30:00,
1.207688887,18848679,Clara Tauson,C Tauson v L Bronzetti,10,2022-12-16 08:20:03.782,1.35,2022-12-16 17:30:00,
1.207688887,18848679,Clara Tauson,C Tauson v L Bronzetti,20,2022-12-16 10:18:36.692,1.35,2022-12-16 17:30:00,
1.207688887,18848679,Clara Tauson,C Tauson v L Bronzetti,30,2022-12-16 11:07:51.825,1.36,2022-12-16 17:30:00,
1.207688887,18848679,Clara Tauson,C Tauson v L Bronzetti,40,2022-12-16 12:51:08.789,1.35,2022-12-16 17:30:00,
1.207688887,18848679,Clara Tauson,C Tauson v L Bronzetti,50,2022-12-16 13:53:24.567,1.34,2022-12-16 17:30:00,
1.207688887,18848679,Clara Tauson,C Tauson v L Bronzetti,60,2022-12-16 15:14:00.433,1.31,2022-12-16 17:30:00,
1.207688887,18848679,Clara Tauson,C Tauson v L Bronzetti,70,2022-12-16 16:17:51.511,1.33,2022-12-16 17:30:00,
1.207688887,18848679,Clara Tauson,C Tauson v L Bronzetti,80,2022-12-16 16:41:34.410,1.34,2022-12-16 17:30:00,
1.207688887,18848679,Clara Tauson,C Tauson v L Bronzetti,90,2022-12-16 17:07:59.704,1.34,2022-12-16 17:30:00,
1.207688887,18848679,Clara Tauson,C Tauson v L Bronzetti,100,2022-12-16 17:29:13.311,1.32,2022-12-16 17:30:00,
1.207689061,49230441,Kalashnikova/Kostyuk,Kalashnikova/Kostyuk v Barnett/Nicholls,0,2022-12-16 23:23:28.600,1.73,2022-12-17 16:15:00,
1.207689061,49230441,Kalashnikova/Kostyuk,Kalashnikova/Kostyuk v Barnett/Nicholls,10,2022-12-17 09:23:39.487,1.81,2022-12-17 16:15:00,
1.207689061,49230441,Kalashnikova/Kostyuk,Kalashnikova/Kostyuk v Barnett/Nicholls,20,2022-12-17 10:45:39.748,1.73,2022-12-17 16:15:00,
1.207689061,49230441,Kalashnikova/Kostyuk,Kalashnikova/Kostyuk v Barnett/Nicholls,30,2022-12-17 13:09:20.161,1.83,2022-12-17 16:15:00,
1.207689061,49230441,Kalashnikova/Kostyuk,Kalashnikova/Kostyuk v Barnett/Nicholls,40,2022-12-17 14:38:24.711,1.83,2022-12-17 16:15:00,
1.207689061,49230441,Kalashnikova/Kostyuk,Kalashnikova/Kostyuk v Barnett/Nicholls,50,2022-12-17 15:12:00.912,1.8,2022-12-17 16:15:00,
1.207689061,49230441,Kalashnikova/Kostyuk,Kalashnikova/Kostyuk v Barnett/Nicholls,60,2022-12-17 15:35:40.195,1.74,2022-12-17 16:15:00,
1.207689061,49230441,Kalashnikova/Kostyuk,Kalashnikova/Kostyuk v Barnett/Nicholls,70,2022-12-17 15:36:35.599,1.99,2022-12-17 16:15:00,
1.207689061,49230441,Kalashnikova/Kostyuk,Kalashnikova/Kostyuk v Barnett/Nicholls,80,2022-12-17 15:51:29.428,1.73,2022-12-17 16:15:00,
1.207689061,49230441,Kalashnikova/Kostyuk,Kalashnikova/Kostyuk v Barnett/Nicholls,90,2022-12-17 16:04:29.580,1.88,2022-12-17 16:15:00,
1.207689061,49230441,Kalashnikova/Kostyuk,Kalashnikova/Kostyuk v Barnett/Nicholls,100,2022-12-17 16:11:11.642,1.67,2022-12-17 16:15:00,
1.20769932,9625963,Q Robert,Q Robert v A Lopez San Martin,0,2022-12-16 08:25:40.943,4.5,2022-12-16 14:30:00,
1.20769932,9625963,Q Robert,Q Robert v A Lopez San Martin,10,2022-12-16 08:48:29.167,3.5,2022-12-16 14:30:00,
1.20769932,9625963,Q Robert,Q Robert v A Lopez San Martin,20,2022-12-16 09:07:13.956,2.8,2022-12-16 14:30:00,
1.20769932,9625963,Q Robert,Q Robert v A Lopez San Martin,30,2022-12-16 09:19:08.306,2.7,2022-12-16 14:30:00,
1.20769932,9625963,Q Robert,Q Robert v A Lopez San Martin,40,2022-12-16 09:25:32.262,2.0,2022-12-16 14:30:00,
1.20769932,9625963,Q Robert,Q Robert v A Lopez San Martin,50,2022-12-16 09:33:28.795,2.1,2022-12-16 14:30:00,
1.20769932,9625963,Q Robert,Q Robert v A Lopez San Martin,60,2022-12-16 09:37:07.558,2.1,2022-12-16 14:30:00,
1.20769932,9625963,Q Robert,Q Robert v A Lopez San Martin,70,2022-12-16 09:54:31.375,2.54,2022-12-16 14:30:00,
1.20769932,9625963,Q Robert,Q Robert v A Lopez San Martin,80,2022-12-16 10:01:13.570,2.12,2022-12-16 14:30:00,
1.20769932,9625963,Q Robert,Q Robert v A Lopez San Martin,90,2022-12-16 10:34:34.526,3.0,2022-12-16 14:30:00,
1.20769932,9625963,Q Robert,Q Robert v A Lopez San Martin,100,2022-12-16 11:21:46.574,3.0,2022-12-16 14:30:00,
1.20769932,9637946,A Lopez San Martin,Q Robert v A Lopez San Martin,0,2022-12-16 08:48:29.167,1.4,2022-12-16 14:30:00,
1.20769932,9637946,A Lopez San Martin,Q Robert v A Lopez San Martin,10,2022-12-16 09:08:07.258,1.56,2022-12-16 14:30:00,
1.20769932,9637946,A Lopez San Martin,Q Robert v A Lopez San Martin,20,2022-12-16 09:23:59.116,1.88,2022-12-16 14:30:00,
1.20769932,9637946,A Lopez San Martin,Q Robert v A Lopez San Martin,30,2022-12-16 09:29:37.002,2.0,2022-12-16 14:30:00,
1.20769932,9637946,A Lopez San Martin,Q Robert v A Lopez San Martin,40,2022-12-16 09:35:25.318,1.92,2022-12-16 14:30:00,
1.20769932,9637946,A Lopez San Martin,Q Robert v A Lopez San Martin,50,2022-12-16 09:41:21.565,1.85,2022-12-16 14:30:00,
1.20769932,9637946,A Lopez San Martin,Q Robert v A Lopez San Martin,60,2022-12-16 09:42:34.069,1.72,2022-12-16 14:30:00,
1.20769932,9637946,A Lopez San Martin,Q Robert v A Lopez San Martin,70,2022-12-16 09:54:31.375,1.65,2022-12-16 14:30:00,
1.20769932,9637946,A Lopez San Martin,Q Robert v A Lopez San Martin,80,2022-12-16 09:57:25.364,1.83,2022-12-16 14:30:00,
1.20769932,9637946,A Lopez San Martin,Q Robert v A Lopez San Martin,90,2022-12-16 10:33:12.481,1.5,2022-12-16 14:30:00,
1.20769932,9637946,A Lopez San Martin,Q Robert v A Lopez San Martin,100,2022-12-16 11:21:46.574,1.5,2022-12-16 14:30:00,
1.207712934,9193006,Stefanos Tsitsipas,Stefanos Tsitsipas v Cameron Norrie,0,2022-12-16 10:37:44.853,1.56,2022-12-16 12:00:00,
1.207712934,9193006,Stefanos Tsitsipas,Stefanos Tsitsipas v Cameron Norrie,10,2022-12-16 10:38:31.210,1.84,2022-12-16 12:00:00,
1.207712934,9193006,Stefanos Tsitsipas,Stefanos Tsitsipas v Cameron Norrie,20,2022-12-16 10:47:02.734,1.53,2022-12-16 12:00:00,
1.207712934,9193006,Stefanos Tsitsipas,Stefanos Tsitsipas v Cameron Norrie,30,2022-12-16 11:05:26.923,1.56,2022-12-16 12:00:00,
1.207712934,9193006,Stefanos Tsitsipas,Stefanos Tsitsipas v Cameron Norrie,40,2022-12-16 11:21:49.283,1.56,2022-12-16 12:00:00,
1.207712934,9193006,Stefanos Tsitsipas,Stefanos Tsitsipas v Cameron Norrie,50,2022-12-16 11:34:52.963,1.57,2022-12-16 12:00:00,
1.207712934,9193006,Stefanos Tsitsipas,Stefanos Tsitsipas v Cameron Norrie,60,2022-12-16 11:50:46.014,1.57,2022-12-16 12:00:00,
1.207712934,9193006,Stefanos Tsitsipas,Stefanos Tsitsipas v Cameron Norrie,70,2022-12-16 11:54:32.658,1.63,2022-12-16 12:00:00,
1.207712934,9193006,Stefanos Tsitsipas,Stefanos Tsitsipas v Cameron Norrie,80,2022-12-16 11:56:50.124,1.59,2022-12-16 12:00:00,
1.207712934,9193006,Stefanos Tsitsipas,Stefanos Tsitsipas v Cameron Norrie,90,2022-12-16 11:58:06.835,1.57,2022-12-16 12:00:00,
1.207712934,9193006,Stefanos Tsitsipas,S Tsitsipas v C Norrie,100,2022-12-16 12:10:52.293,1.5,2022-12-16 12:30:00,2022-12-16 12:06:47.477
1.207712934,42669524,Cameron Norrie,Stefanos Tsitsipas v Cameron Norrie,0,2022-12-16 10:47:02.734,2.78,2022-12-16 12:00:00,
1.207712934,42669524,Cameron Norrie,Stefanos Tsitsipas v Cameron Norrie,10,2022-12-16 11:21:49.283,2.66,2022-12-16 12:00:00,
1.207712934,42669524,Cameron Norrie,Stefanos Tsitsipas v Cameron Norrie,20,2022-12-16 11:22:51.147,2.8,2022-12-16 12:00:00,
1.207712934,42669524,Cameron Norrie,Stefanos Tsitsipas v Cameron Norrie,30,2022-12-16 11:34:52.963,2.74,2022-12-16 12:00:00,
1.207712934,42669524,Cameron Norrie,Stefanos Tsitsipas v Cameron Norrie,40,2022-12-16 11:41:51.834,2.78,2022-12-16 12:00:00,
1.207712934,42669524,Cameron Norrie,Stefanos Tsitsipas v Cameron Norrie,50,2022-12-16 11:42:51.916,2.76,2022-12-16 12:00:00,
1.207712934,42669524,Cameron Norrie,Stefanos Tsitsipas v Cameron Norrie,60,2022-12-16 11:46:13.810,2.6,2022-12-16 12:00:00,
1.207712934,42669524,Cameron Norrie,Stefanos Tsitsipas v Cameron Norrie,70,2022-12-16 11:50:46.014,2.62,2022-12-16 12:00:00,
1.207712934,42669524,Cameron Norrie,Stefanos Tsitsipas v Cameron Norrie,80,2022-12-16 11:53:04.184,2.6,2022-12-16 12:00:00,
1.207712934,42669524,Cameron Norrie,Stefanos Tsitsipas v Cameron Norrie,90,2022-12-16 11:55:34.268,2.62,2022-12-16 12:00:00,
1.207712934,42669524,Cameron Norrie,S Tsitsipas v C Norrie,100,2022-12-16 12:10:52.293,3.0,2022-12-16 12:30:00,2022-12-16 12:06:47.477
1.207713388,7446579,Borna Coric,Andrey Rublev v Borna Coric,0,2022-12-16 10:04:21.302,2.98,2022-12-16 14:00:00,
1.207713388,7446579,Borna Coric,A Rublev v B Coric,10,2022-12-16 13:29:09.405,3.25,2022-12-16 14:30:00,
1.207713388,7446579,Borna Coric,A Rublev v B Coric,20,2022-12-16 13:37:33.662,3.05,2022-12-16 14:30:00,
1.207713388,7446579,Borna Coric,A Rublev v B Coric,30,2022-12-16 13:42:31.364,3.0,2022-12-16 14:00:00,
1.207713388,7446579,Borna Coric,A Rublev v B Coric,40,2022-12-16 13:43:00.306,2.8,2022-12-16 14:00:00,
1.207713388,7446579,Borna Coric,A Rublev v B Coric,50,2022-12-16 13:45:25.914,3.0,2022-12-16 14:00:00,
1.207713388,7446579,Borna Coric,A Rublev v B Coric,60,2022-12-16 13:48:17.556,2.9,2022-12-16 14:00:00,
1.207713388,7446579,Borna Coric,A Rublev v B Coric,70,2022-12-16 13:49:20.346,2.8,2022-12-16 14:00:00,
1.207713388,7446579,Borna Coric,A Rublev v B Coric,80,2022-12-16 13:51:34.774,3.25,2022-12-16 14:00:00,
1.207713388,7446579,Borna Coric,A Rublev v B Coric,90,2022-12-16 13:52:34.688,2.84,2022-12-16 14:00:00,
1.207713388,7446579,Borna Coric,A Rublev v B Coric,100,2022-12-16 13:59:28.901,3.0,2022-12-16 14:00:00,
1.207713388,7797771,Andrey Rublev,Andrey Rublev v Borna Coric,0,2022-12-16 10:04:21.302,1.5,2022-12-16 14:00:00,
1.207713388,7797771,Andrey Rublev,A Rublev v B Coric,10,2022-12-16 12:35:09.884,1.49,2022-12-16 14:30:00,
1.207713388,7797771,Andrey Rublev,A Rublev v B Coric,20,2022-12-16 12:44:28.742,1.5,2022-12-16 14:30:00,
1.207713388,7797771,Andrey Rublev,A Rublev v B Coric,30,2022-12-16 13:37:33.662,1.49,2022-12-16 14:30:00,
1.207713388,7797771,Andrey Rublev,A Rublev v B Coric,40,2022-12-16 13:39:34.175,1.57,2022-12-16 14:00:00,
1.207713388,7797771,Andrey Rublev,A Rublev v B Coric,50,2022-12-16 13:44:01.650,1.55,2022-12-16 14:00:00,
1.207713388,7797771,Andrey Rublev,A Rublev v B Coric,60,2022-12-16 13:48:17.556,1.52,2022-12-16 14:00:00,
1.207713388,7797771,Andrey Rublev,A Rublev v B Coric,70,2022-12-16 13:49:20.346,1.55,2022-12-16 14:00:00,
1.207713388,7797771,Andrey Rublev,A Rublev v B Coric,80,2022-12-16 13:52:34.688,1.47,2022-12-16 14:00:00,
1.207713388,7797771,Andrey Rublev,A Rublev v B Coric,90,2022-12-16 13:54:24.574,1.47,2022-12-16 14:00:00,
1.207713388,7797771,Andrey Rublev,A Rublev v B Coric,100,2022-12-16 13:56:30.961,1.47,2022-12-16 14:00:00,
1.207718841,6161111,Ons Jabeur,Ons Jabeur v Emma Raducanu,0,2022-12-16 14:03:51.219,1.36,2022-12-16 16:00:00,
1.207718841,6161111,Ons Jabeur,Ons Jabeur v Emma Raducanu,10,2022-12-16 14:03:58.642,1.8,2022-12-16 16:00:00,
1.207718841,6161111,Ons Jabeur,Ons Jabeur v Emma Raducanu,20,2022-12-16 14:07:19.961,1.36,2022-12-16 16:00:00,
1.207718841,6161111,Ons Jabeur,Ons Jabeur v Emma Raducanu,30,2022-12-16 14:22:53.369,1.65,2022-12-16 16:00:00,
1.207718841,6161111,Ons Jabeur,Ons Jabeur v Emma Raducanu,40,2022-12-16 14:36:34.832,1.56,2022-12-16 16:00:00,
1.207718841,6161111,Ons Jabeur,Ons Jabeur v Emma Raducanu,50,2022-12-16 15:04:38.686,1.43,2022-12-16 16:00:00,
1.207718841,6161111,Ons Jabeur,Ons Jabeur v Emma Raducanu,60,2022-12-16 15:06:45.488,1.51,2022-12-16 16:00:00,
1.207718841,6161111,Ons Jabeur,Ons Jabeur v Emma Raducanu,70,2022-12-16 15:10:48.441,1.42,2022-12-16 16:00:00,
1.207718841,6161111,Ons Jabeur,Ons Jabeur v Emma Raducanu,80,2022-12-16 15:18:50.963,1.43,2022-12-16 16:00:00,
1.207718841,6161111,Ons Jabeur,Ons Jabeur v Emma Raducanu,90,2022-12-16 15:28:37.546,1.5,2022-12-16 16:00:00,
1.207718841,6161111,Ons Jabeur,O Jabeur v E Raducanu,100,2022-12-16 15:54:52.419,1.47,2022-12-16 15:55:00,
1.207737656,8907168,Anhelina Kalinina,A Kalinina v C Tauson,0,2022-12-16 19:52:51.785,2.0,2022-12-17 20:15:00,
1.207737656,8907168,Anhelina Kalinina,A Kalinina v C Tauson,10,2022-12-17 09:52:10.085,1.97,2022-12-17 18:15:00,
1.207737656,8907168,Anhelina Kalinina,A Kalinina v C Tauson,20,2022-12-17 11:28:24.635,1.85,2022-12-17 18:15:00,
1.207737656,8907168,Anhelina Kalinina,A Kalinina v C Tauson,30,2022-12-17 13:08:44.352,1.93,2022-12-17 18:15:00,
1.207737656,8907168,Anhelina Kalinina,A Kalinina v C Tauson,40,2022-12-17 13:53:40.458,2.02,2022-12-17 18:15:00,
1.207737656,8907168,Anhelina Kalinina,A Kalinina v C Tauson,50,2022-12-17 15:32:49.262,2.0,2022-12-17 18:15:00,
1.207737656,8907168,Anhelina Kalinina,A Kalinina v C Tauson,60,2022-12-17 16:13:52.286,1.97,2022-12-17 18:15:00,
1.207737656,8907168,Anhelina Kalinina,A Kalinina v C Tauson,70,2022-12-17 16:50:40.793,1.99,2022-12-17 18:15:00,
1.207737656,8907168,Anhelina Kalinina,A Kalinina v C Tauson,80,2022-12-17 17:33:50.393,2.02,2022-12-17 18:15:00,
1.207737656,8907168,Anhelina Kalinina,A Kalinina v C Tauson,90,2022-12-17 17:48:50.020,1.97,2022-12-17 18:15:00,
1.207737656,8907168,Anhelina Kalinina,A Kalinina v C Tauson,100,2022-12-17 18:24:55.174,1.99,2022-12-17 18:25:00,2022-12-17 18:23:55.168
1.207737656,18848679,Clara Tauson,A Kalinina v C Tauson,0,2022-12-16 19:52:51.785,2.0,2022-12-17 20:15:00,
1.207737656,18848679,Clara Tauson,A Kalinina v C Tauson,10,2022-12-17 08:10:31.897,2.14,2022-12-17 18:15:00,
1.207737656,18848679,Clara Tauson,A Kalinina v C Tauson,20,2022-12-17 10:40:29.021,2.14,2022-12-17 18:15:00,
1.207737656,18848679,Clara Tauson,A Kalinina v C Tauson,30,2022-12-17 12:34:34.533,2.02,2022-12-17 18:15:00,
1.207737656,18848679,Clara Tauson,A Kalinina v C Tauson,40,2022-12-17 13:52:52.059,1.94,2022-12-17 18:15:00,
1.207737656,18848679,Clara Tauson,A Kalinina v C Tauson,50,2022-12-17 15:49:46.709,1.98,2022-12-17 18:15:00,
1.207737656,18848679,Clara Tauson,A Kalinina v C Tauson,60,2022-12-17 17:11:40.717,2.0,2022-12-17 18:15:00,
1.207737656,18848679,Clara Tauson,A Kalinina v C Tauson,70,2022-12-17 17:31:41.152,1.97,2022-12-17 18:15:00,
1.207737656,18848679,Clara Tauson,A Kalinina v C Tauson,80,2022-12-17 17:46:44.590,2.02,2022-12-17 18:15:00,
1.207737656,18848679,Clara Tauson,A Kalinina v C Tauson,90,2022-12-17 18:01:49.395,1.98,2022-12-17 18:15:00,
1.207737656,18848679,Clara Tauson,A Kalinina v C Tauson,100,2022-12-17 18:24:55.174,2.02,2022-12-17 18:25:00,2022-12-17 18:23:55.168
1.207763483,7446579,Borna Coric,Cameron Norrie v Borna Coric,0,2022-12-17 09:21:56.227,1.85,2022-12-17 11:00:00,
1.207763483,7446579,Borna Coric,Cameron Norrie v Borna Coric,10,2022-12-17 09:28:46.724,1.7,2022-12-17 11:00:00,
1.207763483,7446579,Borna Coric,Cameron Norrie v Borna Coric,20,2022-12-17 09:40:37.533,1.7,2022-12-17 11:00:00,
1.207763483,7446579,Borna Coric,Cameron Norrie v Borna Coric,30,2022-12-17 10:03:52.279,1.84,2022-12-17 11:00:00,
1.207763483,7446579,Borna Coric,Cameron Norrie v Borna Coric,40,2022-12-17 10:05:40.719,1.7,2022-12-17 11:00:00,
1.207763483,7446579,Borna Coric,Cameron Norrie v Borna Coric,50,2022-12-17 10:28:42.797,1.73,2022-12-17 11:00:00,
1.207763483,7446579,Borna Coric,Cameron Norrie v Borna Coric,60,2022-12-17 10:31:51.637,1.82,2022-12-17 11:00:00,
1.207763483,7446579,Borna Coric,Cameron Norrie v Borna Coric,70,2022-12-17 10:34:47.583,1.78,2022-12-17 11:00:00,
1.207763483,7446579,Borna Coric,Cameron Norrie v Borna Coric,80,2022-12-17 10:39:50.346,2.36,2022-12-17 11:00:00,
1.207763483,7446579,Borna Coric,Cameron Norrie v Borna Coric,90,2022-12-17 10:43:23.403,1.91,2022-12-17 11:00:00,
1.207763483,7446579,Borna Coric,Cameron Norrie v Borna Coric,100,2022-12-17 10:59:52.478,1.88,2022-12-17 11:00:00,
1.207763487,9629711,Casper Ruud,Casper Ruud v Stefanos Tsitsipas,0,2022-12-17 08:40:00.718,2.34,2022-12-17 13:00:00,
1.207763487,9629711,Casper Ruud,Casper Ruud v Stefanos Tsitsipas,10,2022-12-17 10:32:48.084,3.0,2022-12-17 13:00:00,
1.207763487,9629711,Casper Ruud,Casper Ruud v Stefanos Tsitsipas,20,2022-12-17 10:40:52.928,2.34,2022-12-17 13:00:00,
1.207763487,9629711,Casper Ruud,Casper Ruud v Stefanos Tsitsipas,30,2022-12-17 12:05:26.082,2.44,2022-12-17 13:00:00,
1.207763487,9629711,Casper Ruud,Casper Ruud v Stefanos Tsitsipas,40,2022-12-17 12:11:27.217,2.4,2022-12-17 13:00:00,
1.207763487,9629711,Casper Ruud,Casper Ruud v Stefanos Tsitsipas,50,2022-12-17 12:20:52.854,2.38,2022-12-17 13:00:00,
1.207763487,9629711,Casper Ruud,Casper Ruud v Stefanos Tsitsipas,60,2022-12-17 12:25:55.998,2.56,2022-12-17 13:00:00,
1.207763487,9629711,Casper Ruud,Casper Ruud v Stefanos Tsitsipas,70,2022-12-17 12:33:43.050,2.42,2022-12-17 13:00:00,
1.207763487,9629711,Casper Ruud,Casper Ruud v Stefanos Tsitsipas,80,2022-12-17 12:47:55.806,2.52,2022-12-17 13:00:00,
1.207763487,9629711,Casper Ruud,Casper Ruud v Stefanos Tsitsipas,90,2022-12-17 12:50:56.921,2.46,2022-12-17 13:00:00,
1.207763487,9629711,Casper Ruud,Casper Ruud v Stefanos Tsitsipas,100,2022-12-17 12:54:57.330,2.48,2022-12-17 13:00:00,
1.207763487,42652245,Stefanos Tsitsipas,Casper Ruud v Stefanos Tsitsipas,0,2022-12-17 08:40:00.718,1.74,2022-12-17 13:00:00,
1.207763487,42652245,Stefanos Tsitsipas,Casper Ruud v Stefanos Tsitsipas,10,2022-12-17 09:51:20.538,1.68,2022-12-17 13:00:00,
1.207763487,42652245,Stefanos Tsitsipas,Casper Ruud v Stefanos Tsitsipas,20,2022-12-17 10:43:27.777,1.65,2022-12-17 13:00:00,
1.207763487,42652245,Stefanos Tsitsipas,Casper Ruud v Stefanos Tsitsipas,30,2022-12-17 11:16:44.237,1.71,2022-12-17 13:00:00,
1.207763487,42652245,Stefanos Tsitsipas,Casper Ruud v Stefanos Tsitsipas,40,2022-12-17 12:05:26.082,1.69,2022-12-17 13:00:00,
1.207763487,42652245,Stefanos Tsitsipas,Casper Ruud v Stefanos Tsitsipas,50,2022-12-17 12:12:42.653,1.68,2022-12-17 13:00:00,
1.207763487,42652245,Stefanos Tsitsipas,Casper Ruud v Stefanos Tsitsipas,60,2022-12-17 12:20:52.854,1.72,2022-12-17 13:00:00,
1.207763487,42652245,Stefanos Tsitsipas,Casper Ruud v Stefanos Tsitsipas,70,2022-12-17 12:41:34.668,1.7,2022-12-17 13:00:00,
1.207763487,42652245,Stefanos Tsitsipas,Casper Ruud v Stefanos Tsitsipas,80,2022-12-17 12:48:56.511,1.69,2022-12-17 13:00:00,
1.207763487,42652245,Stefanos Tsitsipas,Casper Ruud v Stefanos Tsitsipas,90,2022-12-17 12:53:53.734,1.64,2022-12-17 13:00:00,
1.207763487,42652245,Stefanos Tsitsipas,Casper Ruud v Stefanos Tsitsipas,100,2022-12-17 12:59:57.060,1.53,2022-12-17 13:00:00,2022-12-17 12:59:57.060
1.207763586,7797771,Andrey Rublev,Carlos Alcaraz v Andrey Rublev,0,2022-12-17 09:53:28.193,1.7,2022-12-17 15:00:00,
1.207763586,7797771,Andrey Rublev,Carlos Alcaraz v Andrey Rublev,10,2022-12-17 11:11:07.956,1.85,2022-12-17 15:00:00,
1.207763586,7797771,Andrey Rublev,Carlos Alcaraz v Andrey Rublev,20,2022-12-17 13:30:40.438,1.84,2022-12-17 15:00:00,
1.207763586,7797771,Andrey Rublev,Carlos Alcaraz v Andrey Rublev,30,2022-12-17 13:44:47.225,1.85,2022-12-17 15:00:00,
1.207763586,7797771,Andrey Rublev,Carlos Alcaraz v Andrey Rublev,40,2022-12-17 13:54:08.886,1.86,2022-12-17 15:00:00,
1.207763586,7797771,Andrey Rublev,Carlos Alcaraz v Andrey Rublev,50,2022-12-17 14:06:21.188,1.88,2022-12-17 15:00:00,
1.207763586,7797771,Andrey Rublev,Carlos Alcaraz v Andrey Rublev,60,2022-12-17 14:17:46.298,1.96,2022-12-17 15:00:00,
1.207763586,7797771,Andrey Rublev,Carlos Alcaraz v Andrey Rublev,70,2022-12-17 14:22:34.524,1.92,2022-12-17 15:00:00,
1.207763586,7797771,Andrey Rublev,Carlos Alcaraz v Andrey Rublev,80,2022-12-17 14:32:45.247,1.88,2022-12-17 15:00:00,
1.207763586,7797771,Andrey Rublev,Carlos Alcaraz v Andrey Rublev,90,2022-12-17 14:51:22.947,1.84,2022-12-17 15:00:00,
1.207763586,7797771,Andrey Rublev,Carlos Alcaraz v Andrey Rublev,100,2022-12-17 14:59:43.525,1.87,2022-12-17 15:00:00,
1.207763586,25215583,Carlos Alcaraz,Carlos Alcaraz v Andrey Rublev,0,2022-12-17 09:22:01.150,2.16,2022-12-17 15:00:00,
1.207763586,25215583,Carlos Alcaraz,Carlos Alcaraz v Andrey Rublev,10,2022-12-17 09:58:14.336,2.12,2022-12-17 15:00:00,
1.207763586,25215583,Carlos Alcaraz,Carlos Alcaraz v Andrey Rublev,20,2022-12-17 11:11:07.956,2.16,2022-12-17 15:00:00,
1.207763586,25215583,Carlos Alcaraz,Carlos Alcaraz v Andrey Rublev,30,2022-12-17 13:24:35.029,2.16,2022-12-17 15:00:00,
1.207763586,25215583,Carlos Alcaraz,Carlos Alcaraz v Andrey Rublev,40,2022-12-17 13:31:40.026,2.16,2022-12-17 15:00:00,
1.207763586,25215583,Carlos Alcaraz,Carlos Alcaraz v Andrey Rublev,50,2022-12-17 14:00:46.610,2.14,2022-12-17 15:00:00,
1.207763586,25215583,Carlos Alcaraz,Carlos Alcaraz v Andrey Rublev,60,2022-12-17 14:06:21.188,2.12,2022-12-17 15:00:00,
1.207763586,25215583,Carlos Alcaraz,Carlos Alcaraz v Andrey Rublev,70,2022-12-17 14:13:48.462,2.0,2022-12-17 15:00:00,
1.207763586,25215583,Carlos Alcaraz,Carlos Alcaraz v Andrey Rublev,80,2022-12-17 14:26:45.373,2.1,2022-12-17 15:00:00,
1.207763586,25215583,Carlos Alcaraz,Carlos Alcaraz v Andrey Rublev,90,2022-12-17 14:31:47.429,2.1,2022-12-17 15:00:00,
1.207763586,25215583,Carlos Alcaraz,Carlos Alcaraz v Andrey Rublev,100,2022-12-17 14:53:49.019,2.12,2022-12-17 15:00:00,
1.207794176,11496557,R Molleker,Y Milev v R Molleker,0,2022-12-18 02:14:10.838,1.15,2022-12-18 07:30:00,
1.207794176,11496557,R Molleker,Y Milev v R Molleker,10,2022-12-18 02:17:02.903,1.15,2022-12-18 07:30:00,
1.207794176,11496557,R Molleker,Y Milev v R Molleker,20,2022-12-18 02:27:00.109,1.15,2022-12-18 07:30:00,
1.207794176,11496557,R Molleker,Y Milev v R Molleker,30,2022-12-18 02:32:00.392,1.15,2022-12-18 07:30:00,
1.207794176,11496557,R Molleker,Y Milev v R Molleker,40,2022-12-18 02:36:02.740,1.15,2022-12-18 07:30:00,
1.207794176,11496557,R Molleker,Y Milev v R Molleker,50,2022-12-18 02:43:57.652,1.19,2022-12-18 07:30:00,
1.207794176,11496557,R Molleker,Y Milev v R Molleker,60,2022-12-18 02:49:51.457,1.18,2022-12-18 07:30:00,
1.207794176,11496557,R Molleker,Y Milev v R Molleker,70,2022-12-18 02:54:02.702,1.18,2022-12-18 07:30:00,
1.207794176,11496557,R Molleker,Y Milev v R Molleker,80,2022-12-18 03:02:47.578,1.17,2022-12-18 07:30:00,
1.207794176,11496557,R Molleker,Y Milev v R Molleker,90,2022-12-18 03:29:48.799,1.18,2022-12-18 07:30:00,
1.207794176,11496557,R Molleker,Y Milev v R Molleker,100,2022-12-18 06:36:05.698,1.16,2022-12-18 07:30:00,
1.207795034,42367924,C Alcaraz,C Alcaraz v C Ruud,0,2022-12-18 06:06:43.038,2.1,2022-12-18 09:00:00,
1.207795034,42367924,C Alcaraz,C Alcaraz v C Ruud,10,2022-12-18 06:45:02.991,1.79,2022-12-18 09:00:00,
1.207795034,42367924,C Alcaraz,C Alcaraz v C Ruud,20,2022-12-18 07:00:27.911,1.91,2022-12-18 09:00:00,
1.207795034,42367924,C Alcaraz,C Alcaraz v C Ruud,30,2022-12-18 07:01:09.753,1.99,2022-12-18 09:00:00,
1.207795034,42367924,C Alcaraz,C Alcaraz v C Ruud,40,2022-12-18 07:05:43.323,1.82,2022-12-18 09:00:00,
1.207795034,42367924,C Alcaraz,C Alcaraz v C Ruud,50,2022-12-18 08:10:26.270,1.9,2022-12-18 09:00:00,
1.207795034,42367924,C Alcaraz,C Alcaraz v C Ruud,60,2022-12-18 08:16:15.459,1.91,2022-12-18 09:00:00,
1.207795034,42367924,C Alcaraz,C Alcaraz v C Ruud,70,2022-12-18 08:34:29.452,1.94,2022-12-18 09:00:00,
1.207795034,42367924,Carlos  Alcaraz,C Alcaraz v C Ruud,80,2022-12-18 08:53:46.830,1.91,2022-12-18 09:00:00,
1.207795034,42367924,Carlos  Alcaraz,Carlos Alcaraz v Casper Ruud,90,2022-12-18 08:57:47.161,1.99,2022-12-18 09:00:00,2022-12-18 08:55:46.829
1.207795034,42367924,Carlos  Alcaraz,Carlos Alcaraz v Casper Ruud,100,2022-12-18 08:59:52.749,1.84,2022-12-18 09:00:00,2022-12-18 08:55:46.829
1.207795062,9629537,A Rublev,S Tsitsipas v A Rublev,0,2022-12-18 08:46:28.022,2.9,2022-12-18 11:00:00,
1.207795062,9629537,Andrey  Rublev,Stefanos Tsitsipas v Andrey Rublev,10,2022-12-18 09:01:12.569,2.3,2022-12-18 11:00:00,
1.207795062,9629537,Andrey  Rublev,Stefanos Tsitsipas v Andrey Rublev,20,2022-12-18 09:41:50.099,2.36,2022-12-18 11:00:00,
1.207795062,9629537,Andrey  Rublev,Stefanos Tsitsipas v Andrey Rublev,30,2022-12-18 10:25:31.465,2.58,2022-12-18 11:00:00,
1.207795062,9629537,Andrey  Rublev,Stefanos Tsitsipas v Andrey Rublev,40,2022-12-18 10:26:52.489,2.42,2022-12-18 11:00:00,
1.207795062,9629537,Andrey  Rublev,Stefanos Tsitsipas v Andrey Rublev,50,2022-12-18 10:38:50.970,2.5,2022-12-18 11:00:00,
1.207795062,9629537,Andrey  Rublev,Stefanos Tsitsipas v Andrey Rublev,60,2022-12-18 10:43:42.660,2.4,2022-12-18 11:00:00,
1.207795062,9629537,Andrey  Rublev,Stefanos Tsitsipas v Andrey Rublev,70,2022-12-18 10:48:48.925,2.52,2022-12-18 11:00:00,
1.207795062,9629537,Andrey  Rublev,Stefanos Tsitsipas v Andrey Rublev,80,2022-12-18 10:53:53.025,2.6,2022-12-18 11:00:00,
1.207795062,9629537,Andrey  Rublev,Stefanos Tsitsipas v Andrey Rublev,90,2022-12-18 10:55:52.136,2.76,2022-12-18 11:00:00,
1.207795062,9629537,Andrey  Rublev,Stefanos Tsitsipas v Andrey Rublev,100,2022-12-18 10:58:46.467,2.78,2022-12-18 11:00:00,2022-12-18 10:57:53.093
1.207795062,9630944,S Tsitsipas,S Tsitsipas v A Rublev,0,2022-12-18 08:46:28.022,1.53,2022-12-18 11:00:00,
1.207795062,9630944,Stefanos  Tsitsipas,Stefanos Tsitsipas v Andrey Rublev,10,2022-12-18 09:20:20.486,1.76,2022-12-18 11:00:00,
1.207795062,9630944,Stefanos  Tsitsipas,Stefanos Tsitsipas v Andrey Rublev,20,2022-12-18 09:37:54.944,1.64,2022-12-18 11:00:00,
1.207795062,9630944,Stefanos  Tsitsipas,Stefanos Tsitsipas v Andrey Rublev,30,2022-12-18 10:02:31.699,1.67,2022-12-18 11:00:00,
1.207795062,9630944,Stefanos  Tsitsipas,Stefanos Tsitsipas v Andrey Rublev,40,2022-12-18 10:23:13.460,1.67,2022-12-18 11:00:00,
1.207795062,9630944,Stefanos  Tsitsipas,Stefanos Tsitsipas v Andrey Rublev,50,2022-12-18 10:31:33.770,1.72,2022-12-18 11:00:00,
1.207795062,9630944,Stefanos  Tsitsipas,Stefanos Tsitsipas v Andrey Rublev,60,2022-12-18 10:34:42.748,1.71,2022-12-18 11:00:00,
1.207795062,9630944,Stefanos  Tsitsipas,Stefanos Tsitsipas v Andrey Rublev,70,2022-12-18 10:43:42.660,1.65,2022-12-18 11:00:00,
1.207795062,9630944,Stefanos  Tsitsipas,Stefanos Tsitsipas v Andrey Rublev,80,2022-12-18 10:49:49.332,1.64,2022-12-18 11:00:00,
1.207795062,9630944,Stefanos  Tsitsipas,Stefanos Tsitsipas v Andrey Rublev,90,2022-12-18 10:54:53.138,1.59,2022-12-18 11:00:00,
1.207795062,9630944,Stefanos  Tsitsipas,Stefanos Tsitsipas v Andrey Rublev,100,2022-12-18 10:59:50.835,1.57,2022-12-18 11:00:00,2022-12-18 10:57:53.093
1.207799623,7299658,Nick Kyrgios,Felix Auger-Aliassime v Nick Kyrgios,0,2022-12-18 15:23:05.229,2.36,2022-12-19 14:00:00,
1.207799623,7299658,Nick Kyrgios,Felix Auger-Aliassime v Nick Kyrgios,10,2022-12-19 07:30:49.749,2.4,2022-12-19 14:00:00,
1.207799623,7299658,Nick Kyrgios,F Auger Aliassime v N Kyrgios,20,2022-12-19 09:19:38.862,2.44,2022-12-19 16:40:00,
1.207799623,7299658,Nick Kyrgios,F Auger Aliassime v N Kyrgios,30,2022-12-19 10:46:47.552,2.32,2022-12-19 16:40:00,
1.207799623,7299658,Nick Kyrgios,F Auger Aliassime v N Kyrgios,40,2022-12-19 12:13:48.265,2.46,2022-12-19 16:35:00,
1.207799623,7299658,Nick Kyrgios,F Auger Aliassime v N Kyrgios,50,2022-12-19 13:08:40.808,2.54,2022-12-19 16:35:00,
1.207799623,7299658,Nick Kyrgios,F Auger Aliassime v N Kyrgios,60,2022-12-19 14:09:53.569,2.78,2022-12-19 16:35:00,
1.207799623,7299658,Nick Kyrgios,F Auger Aliassime v N Kyrgios,70,2022-12-19 14:19:53.999,2.8,2022-12-19 16:35:00,
1.207799623,7299658,Nick Kyrgios,F Auger Aliassime v N Kyrgios,80,2022-12-19 15:37:44.243,2.6,2022-12-19 16:35:00,
1.207799623,7299658,Nick Kyrgios,F Auger Aliassime v N Kyrgios,90,2022-12-19 16:19:53.655,2.58,2022-12-19 16:35:00,
1.207799623,7299658,Nick Kyrgios,F Auger Aliassime v N Kyrgios,100,2022-12-19 16:34:53.646,2.6,2022-12-19 16:35:00,2022-12-19 16:34:53.646
1.207799623,12210252,Felix Auger-Aliassime,Felix Auger-Aliassime v Nick Kyrgios,0,2022-12-18 14:10:05.372,1.6,2022-12-19 14:00:00,
1.207799623,12210252,Felix Auger-Aliassime,Felix Auger-Aliassime v Nick Kyrgios,10,2022-12-19 05:46:12.315,1.78,2022-12-19 14:00:00,
1.207799623,12210252,Felix Auger-Aliassime,F Auger Aliassime v N Kyrgios,20,2022-12-19 10:15:40.378,1.69,2022-12-19 16:40:00,
1.207799623,12210252,Felix Auger-Aliassime,F Auger Aliassime v N Kyrgios,30,2022-12-19 11:28:47.847,1.7,2022-12-19 16:40:00,
1.207799623,12210252,Felix Auger-Aliassime,F Auger Aliassime v N Kyrgios,40,2022-12-19 12:28:44.171,1.62,2022-12-19 16:35:00,
1.207799623,12210252,Felix Auger-Aliassime,F Auger Aliassime v N Kyrgios,50,2022-12-19 13:48:33.000,1.63,2022-12-19 16:35:00,
1.207799623,12210252,Felix Auger-Aliassime,F Auger Aliassime v N Kyrgios,60,2022-12-19 14:07:42.162,1.62,2022-12-19 16:35:00,
1.207799623,12210252,Felix Auger-Aliassime,F Auger Aliassime v N Kyrgios,70,2022-12-19 14:38:10.408,1.6,2022-12-19 16:35:00,
1.207799623,12210252,Felix Auger-Aliassime,F Auger Aliassime v N Kyrgios,80,2022-12-19 15:46:17.255,1.62,2022-12-19 16:35:00,
1.207799623,12210252,Felix Auger-Aliassime,F Auger Aliassime v N Kyrgios,90,2022-12-19 16:16:28.054,1.63,2022-12-19 16:35:00,
1.207799623,12210252,Felix Auger-Aliassime,F Auger Aliassime v N Kyrgios,100,2022-12-19 16:34:53.646,1.62,2022-12-19 16:35:00,2022-12-19 16:34:53.646
1.207799627,5248977,Caroline Garcia,Iga Swiatek v Caroline Garcia,0,2022-12-18 15:23:11.710,3.5,2022-12-19 15:30:00,
1.207799627,5248977,Caroline Garcia,Iga Swiatek v Caroline Garcia,10,2022-12-19 10:03:55.776,3.4,2022-12-19 15:30:00,
1.207799627,5248977,Caroline Garcia,Iga Swiatek v Caroline Garcia,20,2022-12-19 11:13:12.307,3.75,2022-12-19 15:30:00,
1.207799627,5248977,Caroline Garcia,Iga Swiatek v Caroline Garcia,30,2022-12-19 11:45:49.716,3.75,2022-12-19 15:30:00,
1.207799627,5248977,Caroline Garcia,Iga Swiatek v Caroline Garcia,40,2022-12-19 12:29:24.823,3.65,2022-12-19 15:30:00,
1.207799627,5248977,Caroline Garcia,Iga Swiatek v Caroline Garcia,50,2022-12-19 13:34:40.923,4.0,2022-12-19 15:30:00,
1.207799627,5248977,Caroline Garcia,Iga Swiatek v Caroline Garcia,60,2022-12-19 14:13:33.081,3.9,2022-12-19 15:30:00,
1.207799627,5248977,Caroline Garcia,Iga Swiatek v Caroline Garcia,70,2022-12-19 14:38:47.792,3.9,2022-12-19 15:30:00,
1.207799627,5248977,Caroline Garcia,Iga Swiatek v Caroline Garcia,80,2022-12-19 15:07:27.981,3.85,2022-12-19 15:30:00,
1.207799627,5248977,Caroline Garcia,Iga Swiatek v Caroline Garcia,90,2022-12-19 15:12:00.533,3.85,2022-12-19 15:30:00,
1.207799627,5248977,Caroline Garcia,Iga Swiatek v Caroline Garcia,100,2022-12-19 15:17:52.698,3.75,2022-12-19 15:30:00,
1.207799627,12085633,Iga Swiatek,Iga Swiatek v Caroline Garcia,0,2022-12-18 09:58:47.652,1.33,2022-12-19 15:30:00,
1.207799627,12085633,Iga Swiatek,Iga Swiatek v Caroline Garcia,10,2022-12-19 04:43:56.774,1.32,2022-12-19 15:30:00,
1.207799627,12085633,Iga Swiatek,Iga Swiatek v Caroline Garcia,20,2022-12-19 09:01:21.329,1.37,2022-12-19 15:30:00,
1.207799627,12085633,Iga Swiatek,Iga Swiatek v Caroline Garcia,30,2022-12-19 11:38:28.028,1.37,2022-12-19 15:30:00,
1.207799627,12085633,Iga Swiatek,Iga Swiatek v Caroline Garcia,40,2022-12-19 12:01:48.895,1.31,2022-12-19 15:30:00,
1.207799627,12085633,Iga Swiatek,Iga Swiatek v Caroline Garcia,50,2022-12-19 12:56:43.815,1.36,2022-12-19 15:30:00,
1.207799627,12085633,Iga Swiatek,Iga Swiatek v Caroline Garcia,60,2022-12-19 13:46:34.748,1.33,2022-12-19 15:30:00,
1.207799627,12085633,Iga Swiatek,Iga Swiatek v Caroline Garcia,70,2022-12-19 14:19:16.869,1.33,2022-12-19 15:30:00,
1.207799627,12085633,Iga Swiatek,Iga Swiatek v Caroline Garcia,80,2022-12-19 14:38:47.792,1.34,2022-12-19 15:30:00,
1.207799627,12085633,Iga Swiatek,Iga Swiatek v Caroline Garcia,90,2022-12-19 15:07:27.981,1.33,2022-12-19 15:30:00,
1.207799627,12085633,Iga Swiatek,Iga Swiatek v Caroline Garcia,100,2022-12-19 15:17:52.698,1.34,2022-12-19 15:30:00,
1.207839496,51137909,D Thiem / A Kontaveit,G Dimitrov / P Badosa v D Thiem / A Kontaveit,0,2022-12-20 10:23:19.687,2.34,2022-12-20 14:00:00,
1.207839496,51137909,D Thiem / A Kontaveit,G Dimitrov / P Badosa v D Thiem / A Kontaveit,10,2022-12-20 10:25:47.339,2.64,2022-12-20 14:00:00,
1.207839496,51137909,D Thiem / A Kontaveit,G Dimitrov / P Badosa v D Thiem / A Kontaveit,20,2022-12-20 10:54:01.653,2.6,2022-12-20 14:00:00,
1.207839496,51137909,D Thiem / A Kontaveit,G Dimitrov / P Badosa v D Thiem / A Kontaveit,30,2022-12-20 11:24:54.415,2.46,2022-12-20 14:00:00,
1.207839496,51137909,D Thiem / A Kontaveit,G Dimitrov / P Badosa v D Thiem / A Kontaveit,40,2022-12-20 11:54:59.603,2.6,2022-12-20 14:00:00,
1.207839496,51137909,D Thiem / A Kontaveit,G Dimitrov / P Badosa v D Thiem / A Kontaveit,50,2022-12-20 13:02:40.890,2.36,2022-12-20 14:00:00,
1.207839496,51137909,D Thiem / A Kontaveit,G Dimitrov / P Badosa v D Thiem / A Kontaveit,60,2022-12-20 13:20:36.205,2.42,2022-12-20 14:00:00,
1.207839496,51137909,D Thiem / A Kontaveit,G Dimitrov / P Badosa v D Thiem / A Kontaveit,70,2022-12-20 13:24:56.575,2.44,2022-12-20 14:00:00,
1.207839496,51137909,D Thiem / A Kontaveit,G Dimitrov / P Badosa v D Thiem / A Kontaveit,80,2022-12-20 13:26:47.839,2.48,2022-12-20 14:00:00,
1.207839496,51137909,D Thiem / A Kontaveit,G Dimitrov / P Badosa v D Thiem / A Kontaveit,90,2022-12-20 13:47:30.808,2.5,2022-12-20 14:00:00,
1.207839496,51137909,D Thiem / A Kontaveit,G Dimitrov / P Badosa v D Thiem / A Kontaveit,100,2022-12-20 13:58:05.168,2.56,2022-12-20 14:00:00,
1.207839496,51137910,G Dimitrov / P Badosa,G Dimitrov / P Badosa v D Thiem / A Kontaveit,0,2022-12-19 20:55:04.525,1.63,2022-12-20 14:00:00,
1.207839496,51137910,G Dimitrov / P Badosa,G Dimitrov / P Badosa v D Thiem / A Kontaveit,10,2022-12-20 08:40:01.556,1.62,2022-12-20 14:00:00,
1.207839496,51137910,G Dimitrov / P Badosa,G Dimitrov / P Badosa v D Thiem / A Kontaveit,20,2022-12-20 10:25:47.339,1.61,2022-12-20 14:00:00,
1.207839496,51137910,G Dimitrov / P Badosa,G Dimitrov / P Badosa v D Thiem / A Kontaveit,30,2022-12-20 10:50:41.022,1.6,2022-12-20 14:00:00,
1.207839496,51137910,G Dimitrov / P Badosa,G Dimitrov / P Badosa v D Thiem / A Kontaveit,40,2022-12-20 12:40:01.922,1.74,2022-12-20 14:00:00,
1.207839496,51137910,G Dimitrov / P Badosa,G Dimitrov / P Badosa v D Thiem / A Kontaveit,50,2022-12-20 13:20:36.205,1.7,2022-12-20 14:00:00,
1.207839496,51137910,G Dimitrov / P Badosa,G Dimitrov / P Badosa v D Thiem / A Kontaveit,60,2022-12-20 13:26:47.839,1.67,2022-12-20 14:00:00,
1.207839496,51137910,G Dimitrov / P Badosa,G Dimitrov / P Badosa v D Thiem / A Kontaveit,70,2022-12-20 13:38:33.040,1.64,2022-12-20 14:00:00,
1.207839496,51137910,G Dimitrov / P Badosa,G Dimitrov / P Badosa v D Thiem / A Kontaveit,80,2022-12-20 13:45:18.748,1.66,2022-12-20 14:00:00,
1.207839496,51137910,G Dimitrov / P Badosa,G Dimitrov / P Badosa v D Thiem / A Kontaveit,90,2022-12-20 13:53:44.915,1.62,2022-12-20 14:00:00,
1.207839496,51137910,G Dimitrov / P Badosa,G Dimitrov / P Badosa v D Thiem / A Kontaveit,100,2022-12-20 13:59:04.517,1.62,2022-12-20 14:00:00,
1.207839506,2249229,Novak Djokovic,Novak Djokovic v Alexander Zverev,0,2022-12-19 13:34:39.627,1.26,2022-12-20 14:00:00,
1.207839506,2249229,Novak Djokovic,Novak Djokovic v Alexander Zverev,10,2022-12-19 19:41:52.028,1.21,2022-12-20 14:00:00,
1.207839506,2249229,Novak Djokovic,N Djokovic v A Zverev,20,2022-12-20 01:56:55.410,1.24,2022-12-20 16:35:00,
1.207839506,2249229,Novak Djokovic,N Djokovic v A Zverev,30,2022-12-20 04:56:53.884,1.24,2022-12-20 16:35:00,
1.207839506,2249229,Novak Djokovic,Novak Djokovic v Alexander Zverev,40,2022-12-20 10:03:16.874,1.2,2022-12-20 16:35:00,
1.207839506,2249229,Novak Djokovic,Novak Djokovic v Alexander Zverev,50,2022-12-20 12:21:18.770,1.21,2022-12-20 16:35:00,
1.207839506,2249229,Novak Djokovic,Novak Djokovic v Alexander Zverev,60,2022-12-20 13:39:13.093,1.22,2022-12-20 16:35:00,
1.207839506,2249229,Novak Djokovic,Novak Djokovic v Alexander Zverev,70,2022-12-20 14:40:27.769,1.22,2022-12-20 16:35:00,
1.207839506,2249229,Novak Djokovic,N Djokovic v A Zverev,80,2022-12-20 15:49:26.731,1.22,2022-12-20 17:10:00,
1.207839506,2249229,Novak Djokovic,N Djokovic v A Zverev,90,2022-12-20 16:36:00.317,1.22,2022-12-20 17:10:00,
1.207839506,2249229,Novak Djokovic,N Djokovic v A Zverev,100,2022-12-20 16:56:27.566,1.23,2022-12-20 17:10:00,
1.207839506,19924823,Alexander Zverev,Novak Djokovic v Alexander Zverev,0,2022-12-19 13:34:39.627,4.9,2022-12-20 14:00:00,
1.207839506,19924823,Alexander Zverev,N Djokovic v A Zverev,10,2022-12-20 00:40:01.923,5.8,2022-12-20 16:35:00,
1.207839506,19924823,Alexander Zverev,N Djokovic v A Zverev,20,2022-12-20 05:02:25.921,5.0,2022-12-20 16:35:00,
1.207839506,19924823,Alexander Zverev,Novak Djokovic v Alexander Zverev,30,2022-12-20 11:13:24.897,5.9,2022-12-20 16:35:00,
1.207839506,19924823,Alexander Zverev,Novak Djokovic v Alexander Zverev,40,2022-12-20 11:51:15.046,5.9,2022-12-20 16:35:00,
1.207839506,19924823,Alexander Zverev,Novak Djokovic v Alexander Zverev,50,2022-12-20 13:40:05.460,5.3,2022-12-20 16:35:00,
1.207839506,19924823,Alexander Zverev,Novak Djokovic v Alexander Zverev,60,2022-12-20 14:46:09.695,5.6,2022-12-20 16:35:00,
1.207839506,19924823,Alexander Zverev,N Djokovic v A Zverev,70,2022-12-20 16:30:22.760,5.7,2022-12-20 17:10:00,
1.207839506,19924823,Alexander Zverev,N Djokovic v A Zverev,80,2022-12-20 16:41:16.614,5.9,2022-12-20 17:10:00,
1.207839506,19924823,Alexander Zverev,N Djokovic v A Zverev,90,2022-12-20 16:53:26.905,5.7,2022-12-20 17:10:00,
1.207839506,19924823,Alexander Zverev,N Djokovic v A Zverev,100,2022-12-20 16:58:27.642,5.3,2022-12-20 17:00:00,
1.20783951,9628840,Aryna Sabalenka,Aryna Sabalenka v Elena Rybakina,0,2022-12-19 17:21:38.581,1.76,2022-12-20 15:20:00,
1.20783951,9628840,Aryna Sabalenka,Aryna Sabalenka v Elena Rybakina,10,2022-12-20 07:55:21.945,1.58,2022-12-20 15:20:00,
1.20783951,9628840,Aryna Sabalenka,Aryna Sabalenka v Elena Rybakina,20,2022-12-20 10:07:02.748,1.6,2022-12-20 15:20:00,
1.20783951,9628840,Aryna Sabalenka,Aryna Sabalenka v Elena Rybakina,30,2022-12-20 11:31:21.266,1.6,2022-12-20 15:20:00,
1.20783951,9628840,Aryna Sabalenka,Aryna Sabalenka v Elena Rybakina,40,2022-12-20 12:50:07.085,1.6,2022-12-20 15:20:00,
1.20783951,9628840,Aryna Sabalenka,Aryna Sabalenka v Elena Rybakina,50,2022-12-20 13:31:57.681,1.64,2022-12-20 15:20:00,
1.20783951,9628840,Aryna Sabalenka,Aryna Sabalenka v Elena Rybakina,60,2022-12-20 15:03:21.454,1.65,2022-12-20 15:20:00,
1.20783951,9628840,Aryna Sabalenka,A Sabalenka v E Rybakina,70,2022-12-20 15:23:25.435,1.6,2022-12-20 15:45:00,
1.20783951,9628840,Aryna Sabalenka,A Sabalenka v E Rybakina,80,2022-12-20 15:30:26.824,1.61,2022-12-20 15:45:00,
1.20783951,9628840,Aryna Sabalenka,A Sabalenka v E Rybakina,90,2022-12-20 15:41:26.221,1.59,2022-12-20 15:50:00,
1.20783951,9628840,Aryna Sabalenka,A Sabalenka v E Rybakina,100,2022-12-20 15:54:26.347,1.59,2022-12-20 15:55:00,
1.20783951,10349398,Elena Rybakina,Aryna Sabalenka v Elena Rybakina,0,2022-12-19 17:21:38.581,2.32,2022-12-20 15:20:00,
1.20783951,10349398,Elena Rybakina,Aryna Sabalenka v Elena Rybakina,10,2022-12-20 09:48:22.622,2.6,2022-12-20 15:20:00,
1.20783951,10349398,Elena Rybakina,Aryna Sabalenka v Elena Rybakina,20,2022-12-20 12:55:04.132,2.56,2022-12-20 15:20:00,
1.20783951,10349398,Elena Rybakina,Aryna Sabalenka v Elena Rybakina,30,2022-12-20 14:22:59.667,2.6,2022-12-20 15:20:00,
1.20783951,10349398,Elena Rybakina,Aryna Sabalenka v Elena Rybakina,40,2022-12-20 15:05:25.911,2.52,2022-12-20 15:20:00,
1.20783951,10349398,Elena Rybakina,A Sabalenka v E Rybakina,50,2022-12-20 15:19:25.947,2.56,2022-12-20 15:35:00,
1.20783951,10349398,Elena Rybakina,A Sabalenka v E Rybakina,60,2022-12-20 15:24:26.443,2.56,2022-12-20 15:45:00,
1.20783951,10349398,Elena Rybakina,A Sabalenka v E Rybakina,70,2022-12-20 15:30:26.824,2.78,2022-12-20 15:45:00,
1.20783951,10349398,Elena Rybakina,A Sabalenka v E Rybakina,80,2022-12-20 15:39:14.787,2.6,2022-12-20 15:50:00,
1.20783951,10349398,Elena Rybakina,A Sabalenka v E Rybakina,90,2022-12-20 15:44:26.644,2.74,2022-12-20 15:50:00,
1.20783951,10349398,Elena Rybakina,A Sabalenka v E Rybakina,100,2022-12-20 15:50:27.616,2.68,2022-12-20 15:55:00,
1.207857358,10141706,K Laskutova,K Laskutova v A Nitture,0,2022-12-20 01:21:45.063,1.1,2022-12-20 10:00:00,
1.207857358,10141706,K Laskutova,K Laskutova v A Nitture,10,2022-12-20 04:17:56.820,1.07,2022-12-20 10:00:00,
1.207857358,10141706,K Laskutova,K Laskutova v A Nitture,20,2022-12-20 04:21:51.331,1.08,2022-12-20 10:00:00,
1.207857358,10141706,K Laskutova,K Laskutova v A Nitture,30,2022-12-20 04:37:24.000,1.06,2022-12-20 10:00:00,
1.207857358,10141706,K Laskutova,K Laskutova v A Nitture,40,2022-12-20 04:51:49.916,100.0,2022-12-20 10:00:00,
1.207857358,10141706,K Laskutova,K Laskutova v A Nitture,50,2022-12-20 04:56:55.221,1.11,2022-12-20 10:00:00,
1.207857358,10141706,K Laskutova,K Laskutova v A Nitture,60,2022-12-20 05:10:44.516,1.13,2022-12-20 10:00:00,
1.207857358,10141706,K Laskutova,K Laskutova v A Nitture,70,2022-12-20 05:18:53.841,1.04,2022-12-20 10:00:00,
1.207857358,10141706,K Laskutova,K Laskutova v A Nitture,80,2022-12-20 05:26:32.686,1.14,2022-12-20 10:00:00,
1.207857358,10141706,K Laskutova,K Laskutova v A Nitture,90,2022-12-20 05:38:45.810,1.04,2022-12-20 10:00:00,
1.207857358,10141706,K Laskutova,K Laskutova v A Nitture,100,2022-12-20 10:21:47.051,1.11,2022-12-20 10:30:00,
1.207864661,17491535,J Charlton,J Charlton @ J Brumm,0,2022-12-20 16:56:27.878,1.56,2022-12-20 19:00:00,
1.207864661,17491535,J Charlton,J Charlton @ J Brumm,10,2022-12-20 16:59:48.837,1.57,2022-12-20 19:00:00,
1.207864661,17491535,J Charlton,Jos Charlton v Brumm,20,2022-12-20 17:03:35.708,1.66,2022-12-20 19:01:00,
1.207864661,17491535,J Charlton,Jos Charlton v Brumm,30,2022-12-20 17:04:33.857,1.6,2022-12-20 19:01:00,
1.207864661,17491535,J Charlton,Jos Charlton v Brumm,40,2022-12-20 17:06:49.611,1.65,2022-12-20 19:01:00,
1.207864661,17491535,J Charlton,Jos Charlton v Brumm,50,2022-12-20 17:22:26.840,1.45,2022-12-20 19:01:00,
1.207864661,17491535,J Charlton,Jos Charlton v Brumm,60,2022-12-20 17:56:19.927,1.55,2022-12-20 19:01:00,
1.207864661,17491535,J Charlton,Jos Charlton v Brumm,70,2022-12-20 18:02:35.646,1.57,2022-12-20 19:01:00,
1.207864661,17491535,J Charlton,Jos Charlton v Brumm,80,2022-12-20 18:14:20.683,1.48,2022-12-20 19:01:00,
1.207864661,17491535,J Charlton,Jos Charlton v Brumm,90,2022-12-20 18:59:06.248,1.38,2022-12-20 19:01:00,
1.207864661,17491535,J Charlton,Jos Charlton v Brumm,100,2022-12-20 19:25:33.694,1.5,2022-12-20 19:32:00,
1.207902919,3103121,Daniel Evans,Daniel Evans v Aidan McHugh,0,2022-12-21 11:53:48.684,1.05,2022-12-21 18:00:00,
1.207902919,3103121,Daniel Evans,Daniel Evans v Aidan McHugh,10,2022-12-21 11:58:47.887,1.35,2022-12-21 18:00:00,
1.207902919,3103121,Daniel Evans,Daniel Evans v Aidan McHugh,20,2022-12-21 12:02:26.657,1.38,2022-12-21 18:00:00,
1.207902919,3103121,Daniel Evans,Daniel Evans v Aidan McHugh,30,2022-12-21 12:06:49.619,1.36,2022-12-21 18:00:00,
1.207902919,3103121,Daniel Evans,Daniel Evans v Aidan McHugh,40,2022-12-21 15:43:13.820,1.25,2022-12-21 18:00:00,
1.207902919,3103121,Daniel Evans,Daniel Evans v Aidan McHugh,50,2022-12-21 16:33:17.420,1.24,2022-12-21 18:00:00,
1.207902919,3103121,Daniel Evans,Daniel Evans v Aidan McHugh,60,2022-12-21 17:00:42.390,1.15,2022-12-21 18:00:00,
1.207902919,3103121,Daniel Evans,Daniel Evans v Aidan McHugh,70,2022-12-21 17:05:43.848,1.2,2022-12-21 18:00:00,
1.207902919,3103121,Daniel Evans,Daniel Evans v Aidan McHugh,80,2022-12-21 17:20:34.404,1.18,2022-12-21 18:00:00,
1.207902919,3103121,Daniel Evans,Daniel Evans v Aidan McHugh,90,2022-12-21 17:38:50.874,1.21,2022-12-21 18:00:00,
1.207902919,3103121,Daniel Evans,Daniel Evans v Aidan McHugh,100,2022-12-21 17:57:16.564,1.18,2022-12-21 18:00:00,
1.207902924,2256509,Andy Murray,Jack Draper v Andy Murray,0,2022-12-21 18:19:40.057,3.15,2022-12-21 20:00:00,
1.207902924,2256509,Andy Murray,Jack Draper v Andy Murray,10,2022-12-21 18:57:42.446,2.7,2022-12-21 20:00:00,
1.207902924,2256509,Andy Murray,Jack Draper v Andy Murray,20,2022-12-21 19:10:52.077,2.66,2022-12-21 20:00:00,
1.207902924,2256509,Andy Murray,Jack Draper v Andy Murray,30,2022-12-21 19:25:50.777,3.15,2022-12-21 20:00:00,
1.207902924,2256509,Andy Murray,Jack Draper v Andy Murray,40,2022-12-21 19:27:42.756,2.68,2022-12-21 20:00:00,
1.207902924,2256509,Andy Murray,Jack Draper v Andy Murray,50,2022-12-21 19:33:54.035,2.84,2022-12-21 20:00:00,
1.207902924,2256509,Andy Murray,Jack Draper v Andy Murray,60,2022-12-21 19:42:08.503,2.92,2022-12-21 20:00:00,
1.207902924,2256509,Andy Murray,Jack Draper v Andy Murray,70,2022-12-21 19:44:35.164,3.0,2022-12-21 20:00:00,
1.207902924,2256509,Andy Murray,Jack Draper v Andy Murray,80,2022-12-21 19:45:51.653,2.92,2022-12-21 20:00:00,
1.207902924,2256509,Andy Murray,Jack Draper v Andy Murray,90,2022-12-21 19:51:35.925,2.86,2022-12-21 20:00:00,
1.207902924,2256509,Andy Murray,Jack Draper v Andy Murray,100,2022-12-21 19:58:38.338,2.96,2022-12-21 20:00:00,
1.207902924,15313804,Jack Draper,Jack Draper v Andy Murray,0,2022-12-21 16:17:32.405,1.45,2022-12-21 20:00:00,
1.207902924,15313804,Jack Draper,Jack Draper v Andy Murray,10,2022-12-21 18:01:53.153,1.46,2022-12-21 20:00:00,
1.207902924,15313804,Jack Draper,Jack Draper v Andy Murray,20,2022-12-21 18:34:50.056,1.54,2022-12-21 20:00:00,
1.207902924,15313804,Jack Draper,Jack Draper v Andy Murray,30,2022-12-21 18:57:42.446,1.59,2022-12-21 20:00:00,
1.207902924,15313804,Jack Draper,Jack Draper v Andy Murray,40,2022-12-21 19:25:50.777,1.47,2022-12-21 20:00:00,
1.207902924,15313804,Jack Draper,Jack Draper v Andy Murray,50,2022-12-21 19:30:22.050,1.46,2022-12-21 20:00:00,
1.207902924,15313804,Jack Draper,Jack Draper v Andy Murray,60,2022-12-21 19:33:54.035,1.45,2022-12-21 20:00:00,
1.207902924,15313804,Jack Draper,Jack Draper v Andy Murray,70,2022-12-21 19:42:08.503,1.52,2022-12-21 20:00:00,
1.207902924,15313804,Jack Draper,Jack Draper v Andy Murray,80,2022-12-21 19:45:51.653,1.52,2022-12-21 20:00:00,
1.207902924,15313804,Jack Draper,Jack Draper v Andy Murray,90,2022-12-21 19:54:38.103,1.52,2022-12-21 20:00:00,
1.207902924,15313804,Jack Draper,Jack Draper v Andy Murray,100,2022-12-21 19:57:35.770,1.51,2022-12-21 20:00:00,
1.207902928,3103121,Daniel Evans,Daniel Evans v Andy Murray,0,2022-12-21 13:23:28.060,1.7,2022-12-22 14:30:00,
1.207902928,3103121,Daniel Evans,Daniel Evans v Andy Murray,10,2022-12-21 22:08:38.965,1.7,2022-12-22 14:30:00,
1.207902928,3103121,Daniel Evans,Daniel Evans v Andy Murray,20,2022-12-22 06:39:52.400,2.0,2022-12-22 14:30:00,
1.207902928,3103121,Daniel Evans,Daniel Evans v Andy Murray,30,2022-12-22 12:32:24.987,1.77,2022-12-22 14:30:00,
1.207902928,3103121,Daniel Evans,Daniel Evans v Andy Murray,40,2022-12-22 13:26:35.006,2.0,2022-12-22 14:30:00,
1.207902928,3103121,Daniel Evans,Daniel Evans v Andy Murray,50,2022-12-22 13:29:22.920,1.94,2022-12-22 14:30:00,
1.207902928,3103121,Daniel Evans,Daniel Evans v Andy Murray,60,2022-12-22 13:30:51.848,1.92,2022-12-22 14:30:00,
1.207902928,3103121,Daniel Evans,Daniel Evans v Andy Murray,70,2022-12-22 13:31:31.384,1.91,2022-12-22 14:30:00,
1.207902928,3103121,Daniel Evans,Daniel Evans v Andy Murray,80,2022-12-22 13:56:53.302,1.91,2022-12-22 14:30:00,
1.207902928,3103121,Daniel Evans,Daniel Evans v Andy Murray,90,2022-12-22 14:11:30.463,1.85,2022-12-22 14:30:00,
1.207902928,3103121,Daniel Evans,Daniel Evans v Andy Murray,100,2022-12-22 14:24:51.646,1.79,2022-12-22 14:30:00,
1.207902932,12085604,Paul Jubb,Paul Jubb v Aidan McHugh,0,2022-12-22 16:05:59.013,1.55,2022-12-22 18:30:00,
1.207902932,12085604,Paul Jubb,Paul Jubb v Aidan McHugh,10,2022-12-22 17:02:43.798,1.77,2022-12-22 18:30:00,
1.207902932,12085604,Paul Jubb,Paul Jubb v Aidan McHugh,20,2022-12-22 17:06:37.805,1.87,2022-12-22 18:30:00,
1.207902932,12085604,Paul Jubb,Paul Jubb v Aidan McHugh,30,2022-12-22 17:12:43.155,1.94,2022-12-22 18:30:00,
1.207902932,12085604,Paul Jubb,Paul Jubb v Aidan McHugh,40,2022-12-22 17:31:22.646,1.96,2022-12-22 18:30:00,
1.207902932,12085604,Paul Jubb,Paul Jubb v Aidan McHugh,50,2022-12-22 17:42:40.857,2.04,2022-12-22 18:30:00,
1.207902932,12085604,Paul Jubb,Paul Jubb v Aidan McHugh,60,2022-12-22 17:56:32.625,2.04,2022-12-22 18:30:00,
1.207902932,12085604,Paul Jubb,Paul Jubb v Aidan McHugh,70,2022-12-22 18:06:40.306,2.0,2022-12-22 18:30:00,
1.207902932,12085604,Paul Jubb,Paul Jubb v Aidan McHugh,80,2022-12-22 18:20:38.413,2.0,2022-12-22 18:30:00,
1.207902932,12085604,Paul Jubb,Paul Jubb v Aidan McHugh,90,2022-12-22 18:22:18.484,2.0,2022-12-22 18:30:00,
1.207902932,12085604,Paul Jubb,Paul Jubb v Aidan McHugh,100,2022-12-22 18:28:43.881,2.18,2022-12-22 18:30:00,
1.207902932,51188773,Aidan Mchugh,Paul Jubb v Aidan McHugh,0,2022-12-22 16:05:59.013,2.8,2022-12-22 18:30:00,
1.207902932,51188773,Aidan Mchugh,Paul Jubb v Aidan McHugh,10,2022-12-22 17:03:32.733,2.24,2022-12-22 18:30:00,
1.207902932,51188773,Aidan Mchugh,Paul Jubb v Aidan McHugh,20,2022-12-22 17:10:34.397,2.1,2022-12-22 18:30:00,
1.207902932,51188773,Aidan Mchugh,Paul Jubb v Aidan McHugh,30,2022-12-22 17:14:40.070,2.16,2022-12-22 18:30:00,
1.207902932,51188773,Aidan Mchugh,Paul Jubb v Aidan McHugh,40,2022-12-22 17:20:33.148,2.06,2022-12-22 18:30:00,
1.207902932,51188773,Aidan Mchugh,Paul Jubb v Aidan McHugh,50,2022-12-22 17:26:06.691,2.0,2022-12-22 18:30:00,
1.207902932,51188773,Aidan Mchugh,Paul Jubb v Aidan McHugh,60,2022-12-22 17:33:41.535,1.99,2022-12-22 18:30:00,
1.207902932,51188773,Aidan Mchugh,Paul Jubb v Aidan McHugh,70,2022-12-22 17:49:19.065,1.95,2022-12-22 18:30:00,
1.207902932,51188773,Aidan Mchugh,Paul Jubb v Aidan McHugh,80,2022-12-22 17:57:33.282,2.0,2022-12-22 18:30:00,
1.207902932,51188773,Aidan Mchugh,Paul Jubb v Aidan McHugh,90,2022-12-22 18:10:41.752,2.0,2022-12-22 18:30:00,
1.207902932,51188773,Aidan Mchugh,Paul Jubb v Aidan McHugh,100,2022-12-22 18:29:20.831,1.87,2022-12-22 18:30:00,
1.207903069,2249229,Novak Djokovic,Novak Djokovic v Nick Kyrgios,0,2022-12-21 11:38:00.019,1.4,2022-12-21 16:35:00,
1.207903069,2249229,Novak Djokovic,Novak Djokovic v Nick Kyrgios,10,2022-12-21 12:40:00.911,1.46,2022-12-21 16:35:00,
1.207903069,2249229,Novak Djokovic,Novak Djokovic v Nick Kyrgios,20,2022-12-21 14:16:57.102,1.43,2022-12-21 16:35:00,
1.207903069,2249229,Novak Djokovic,Novak Djokovic v Nick Kyrgios,30,2022-12-21 14:52:51.271,1.43,2022-12-21 16:35:00,
1.207903069,2249229,Novak Djokovic,Novak Djokovic v Nick Kyrgios,40,2022-12-21 15:26:36.625,1.44,2022-12-21 16:35:00,
1.207903069,2249229,Novak Djokovic,Novak Djokovic v Nick Kyrgios,50,2022-12-21 15:45:09.856,1.49,2022-12-21 16:35:00,
1.207903069,2249229,Novak Djokovic,N Djokovic v N Kyrgios,60,2022-12-21 16:11:12.477,1.47,2022-12-21 17:00:00,
1.207903069,2249229,Novak Djokovic,N Djokovic v N Kyrgios,70,2022-12-21 16:30:05.083,1.45,2022-12-21 17:00:00,
1.207903069,2249229,Novak Djokovic,N Djokovic v N Kyrgios,80,2022-12-21 16:41:56.705,1.44,2022-12-21 17:00:00,
1.207903069,2249229,Novak Djokovic,N Djokovic v N Kyrgios,90,2022-12-21 16:52:10.191,1.43,2022-12-21 17:10:00,
1.207903069,2249229,Novak Djokovic,N Djokovic v N Kyrgios,100,2022-12-21 17:04:12.226,1.43,2022-12-21 17:10:00,
1.207903069,7299658,Nick Kyrgios,Novak Djokovic v Nick Kyrgios,0,2022-12-21 12:20:11.401,3.1,2022-12-21 16:35:00,
1.207903069,7299658,Nick Kyrgios,Novak Djokovic v Nick Kyrgios,10,2022-12-21 13:40:46.578,3.3,2022-12-21 16:35:00,
1.207903069,7299658,Nick Kyrgios,Novak Djokovic v Nick Kyrgios,20,2022-12-21 14:45:06.399,3.25,2022-12-21 16:35:00,
1.207903069,7299658,Nick Kyrgios,Novak Djokovic v Nick Kyrgios,30,2022-12-21 14:55:36.366,3.35,2022-12-21 16:35:00,
1.207903069,7299658,Nick Kyrgios,Novak Djokovic v Nick Kyrgios,40,2022-12-21 15:40:07.736,3.15,2022-12-21 16:35:00,
1.207903069,7299658,Nick Kyrgios,Novak Djokovic v Nick Kyrgios,50,2022-12-21 15:53:54.631,3.05,2022-12-21 16:35:00,
1.207903069,7299658,Nick Kyrgios,N Djokovic v N Kyrgios,60,2022-12-21 16:06:03.609,3.0,2022-12-21 17:00:00,
1.207903069,7299658,Nick Kyrgios,N Djokovic v N Kyrgios,70,2022-12-21 16:30:05.083,3.15,2022-12-21 17:00:00,
1.207903069,7299658,Nick Kyrgios,N Djokovic v N Kyrgios,80,2022-12-21 16:54:09.635,3.3,2022-12-21 17:10:00,
1.207903069,7299658,Nick Kyrgios,N Djokovic v N Kyrgios,90,2022-12-21 16:57:10.055,3.15,2022-12-21 17:10:00,
1.207903069,7299658,Nick Kyrgios,N Djokovic v N Kyrgios,100,2022-12-21 17:04:12.226,3.35,2022-12-21 17:10:00,
1.207903073,5248977,Caroline Garcia,Paula Badosa v Caroline Garcia,0,2022-12-21 11:39:02.340,1.44,2022-12-21 15:20:00,
1.207903073,5248977,Caroline Garcia,Paula Badosa v Caroline Garcia,10,2022-12-21 12:33:06.645,1.59,2022-12-21 15:20:00,
1.207903073,5248977,Caroline Garcia,Paula Badosa v Caroline Garcia,20,2022-12-21 13:57:11.870,1.47,2022-12-21 15:20:00,
1.207903073,5248977,Caroline Garcia,Paula Badosa v Caroline Garcia,30,2022-12-21 14:39:46.839,1.46,2022-12-21 15:20:00,
1.207903073,5248977,Caroline Garcia,Paula Badosa v Caroline Garcia,40,2022-12-21 15:00:42.622,1.47,2022-12-21 15:20:00,
1.207903073,5248977,Caroline Garcia,Paula Badosa v Caroline Garcia,50,2022-12-21 15:15:05.202,1.48,2022-12-21 15:20:00,
1.207903073,5248977,Caroline Garcia,P Badosa v C Garcia,60,2022-12-21 15:21:01.899,1.5,2022-12-21 15:30:00,
1.207903073,5248977,Caroline Garcia,P Badosa v C Garcia,70,2022-12-21 15:28:12.310,1.52,2022-12-21 15:35:00,
1.207903073,5248977,Caroline Garcia,P Badosa v C Garcia,80,2022-12-21 15:34:11.782,1.5,2022-12-21 15:40:00,
1.207903073,5248977,Caroline Garcia,P Badosa v C Garcia,90,2022-12-21 15:42:07.064,1.5,2022-12-21 15:50:00,
1.207903073,5248977,Caroline Garcia,P Badosa v C Garcia,100,2022-12-21 15:52:12.536,1.47,2022-12-21 15:55:00,
1.207903073,7412588,Paula Badosa,Paula Badosa v Caroline Garcia,0,2022-12-21 11:39:02.340,3.3,2022-12-21 15:20:00,
1.207903073,7412588,Paula Badosa,Paula Badosa v Caroline Garcia,10,2022-12-21 12:19:49.170,2.74,2022-12-21 15:20:00,
1.207903073,7412588,Paula Badosa,Paula Badosa v Caroline Garcia,20,2022-12-21 12:33:06.645,2.72,2022-12-21 15:20:00,
1.207903073,7412588,Paula Badosa,Paula Badosa v Caroline Garcia,30,2022-12-21 12:46:09.277,2.7,2022-12-21 15:20:00,
1.207903073,7412588,Paula Badosa,Paula Badosa v Caroline Garcia,40,2022-12-21 13:28:33.726,3.1,2022-12-21 15:20:00,
1.207903073,7412588,Paula Badosa,Paula Badosa v Caroline Garcia,50,2022-12-21 14:34:00.096,3.2,2022-12-21 15:20:00,
1.207903073,7412588,Paula Badosa,Paula Badosa v Caroline Garcia,60,2022-12-21 15:02:59.738,3.15,2022-12-21 15:20:00,
1.207903073,7412588,Paula Badosa,P Badosa v C Garcia,70,2022-12-21 15:19:47.658,3.15,2022-12-21 15:30:00,
1.207903073,7412588,Paula Badosa,P Badosa v C Garcia,80,2022-12-21 15:28:12.310,2.94,2022-12-21 15:35:00,
1.207903073,7412588,Paula Badosa,P Badosa v C Garcia,90,2022-12-21 15:39:05.329,2.96,2022-12-21 15:50:00,
1.207903073,7412588,Paula Badosa,P Badosa v C Garcia,100,2022-12-21 15:52:12.536,3.05,2022-12-21 15:55:00,
1.207915794,9084836,A Raina,A Raina v H Ogata,0,2022-12-22 01:20:50.461,1.16,2022-12-22 02:30:00,
1.207915794,9084836,A Raina,A Raina v H Ogata,10,2022-12-22 01:24:22.985,1.04,2022-12-22 02:30:00,
1.207915794,9084836,A Raina,A Raina v H Ogata,20,2022-12-22 01:27:07.795,1.04,2022-12-22 02:30:00,
1.207915794,9084836,A Raina,A Raina v H Ogata,30,2022-12-22 01:31:21.477,1.04,2022-12-22 02:30:00,
1.207915794,9084836,A Raina,A Raina v H Ogata,40,2022-12-22 01:36:23.274,1.04,2022-12-22 02:30:00,
1.207915794,9084836,A Raina,A Raina v H Ogata,50,2022-12-22 01:43:14.509,1.08,2022-12-22 02:30:00,
1.207915794,9084836,A Raina,A Raina v H Ogata,60,2022-12-22 01:52:17.618,1.06,2022-12-22 02:30:00,
1.207915794,9084836,A Raina,A Raina v H Ogata,70,2022-12-22 01:55:21.847,1.15,2022-12-22 02:30:00,
1.207915794,9084836,A Raina,A Raina v H Ogata,80,2022-12-22 01:59:16.451,1.15,2022-12-22 02:30:00,
1.207915794,9084836,A Raina,A Raina v H Ogata,90,2022-12-22 02:06:23.028,1.05,2022-12-22 02:30:00,
1.207915794,9084836,A Raina,A Raina v H Ogata,100,2022-12-22 02:25:53.263,1.04,2022-12-22 02:30:00,
1.20793016,9305633,A Pavlyuchenkova,A Pavlyuchenkova v I Swiatek,0,2022-12-22 11:43:29.682,12.5,2022-12-22 15:20:00,
1.20793016,9305633,A Pavlyuchenkova,A Pavlyuchenkova v I Swiatek,10,2022-12-22 11:51:00.160,10.0,2022-12-22 15:20:00,
1.20793016,9305633,A Pavlyuchenkova,A Pavlyuchenkova v I Swiatek,20,2022-12-22 13:53:46.812,8.6,2022-12-22 15:20:00,
1.20793016,9305633,A Pavlyuchenkova,A Pavlyuchenkova v I Swiatek,30,2022-12-22 14:21:11.427,8.8,2022-12-22 15:20:00,
1.20793016,9305633,A Pavlyuchenkova,A Pavlyuchenkova v I Swiatek,40,2022-12-22 14:54:34.655,8.6,2022-12-22 15:35:00,
1.20793016,9305633,A Pavlyuchenkova,A Pavlyuchenkova v I Swiatek,50,2022-12-22 15:03:44.506,8.2,2022-12-22 15:35:00,
1.20793016,9305633,A Pavlyuchenkova,A Pavlyuchenkova v I Swiatek,60,2022-12-22 15:11:25.646,8.4,2022-12-22 15:45:00,
1.20793016,9305633,A Pavlyuchenkova,A Pavlyuchenkova v I Swiatek,70,2022-12-22 15:25:07.114,9.8,2022-12-22 15:45:00,
1.20793016,9305633,A Pavlyuchenkova,A Pavlyuchenkova v I Swiatek,80,2022-12-22 15:27:14.821,8.6,2022-12-22 15:45:00,
1.20793016,9305633,A Pavlyuchenkova,A Pavlyuchenkova v I Swiatek,90,2022-12-22 15:33:52.143,10.5,2022-12-22 15:45:00,
1.20793016,9305633,A Pavlyuchenkova,A Pavlyuchenkova v I Swiatek,100,2022-12-22 15:40:33.387,8.2,2022-12-22 15:45:00,
1.20793016,12008268,I Swiatek,A Pavlyuchenkova v I Swiatek,0,2022-12-22 11:24:46.706,1.1,2022-12-22 15:20:00,
1.20793016,12008268,I Swiatek,A Pavlyuchenkova v I Swiatek,10,2022-12-22 11:51:00.160,1.11,2022-12-22 15:20:00,
1.20793016,12008268,I Swiatek,A Pavlyuchenkova v I Swiatek,20,2022-12-22 13:27:36.049,1.11,2022-12-22 15:20:00,
1.20793016,12008268,I Swiatek,A Pavlyuchenkova v I Swiatek,30,2022-12-22 14:06:23.267,1.15,2022-12-22 15:20:00,
1.20793016,12008268,I Swiatek,A Pavlyuchenkova v I Swiatek,40,2022-12-22 14:24:04.761,1.13,2022-12-22 15:20:00,
1.20793016,12008268,I Swiatek,A Pavlyuchenkova v I Swiatek,50,2022-12-22 14:44:26.805,1.13,2022-12-22 15:20:00,
1.20793016,12008268,I Swiatek,A Pavlyuchenkova v I Swiatek,60,2022-12-22 14:57:27.643,1.13,2022-12-22 15:35:00,
1.20793016,12008268,I Swiatek,A Pavlyuchenkova v I Swiatek,70,2022-12-22 15:10:27.793,1.14,2022-12-22 15:45:00,
1.20793016,12008268,I Swiatek,A Pavlyuchenkova v I Swiatek,80,2022-12-22 15:31:36.723,1.14,2022-12-22 15:45:00,
1.20793016,12008268,I Swiatek,A Pavlyuchenkova v I Swiatek,90,2022-12-22 15:40:33.387,1.15,2022-12-22 15:45:00,
1.20793016,12008268,I Swiatek,A Pavlyuchenkova v I Swiatek,100,2022-12-22 15:44:34.088,1.14,2022-12-22 15:45:00,
1.207930165,18100081,H Rune,D Thiem v H Rune,0,2022-12-22 11:38:46.092,1.52,2022-12-22 16:35:00,
1.207930165,18100081,H Rune,D Thiem v H Rune,10,2022-12-22 11:39:31.267,1.51,2022-12-22 16:35:00,
1.207930165,18100081,H Rune,D Thiem v H Rune,20,2022-12-22 12:11:01.225,1.58,2022-12-22 16:35:00,
1.207930165,18100081,H Rune,D Thiem v H Rune,30,2022-12-22 12:23:29.630,1.6,2022-12-22 16:35:00,
1.207930165,18100081,H Rune,D Thiem v H Rune,40,2022-12-22 12:37:51.749,1.58,2022-12-22 16:35:00,
1.207930165,18100081,H Rune,D Thiem v H Rune,50,2022-12-22 12:52:16.547,1.5,2022-12-22 16:35:00,
1.207930165,18100081,H Rune,D Thiem v H Rune,60,2022-12-22 13:29:05.701,1.51,2022-12-22 16:35:00,
1.207930165,18100081,H Rune,D Thiem v H Rune,70,2022-12-22 13:45:18.662,1.55,2022-12-22 16:35:00,
1.207930165,18100081,H Rune,D Thiem v H Rune,80,2022-12-22 13:46:11.894,1.56,2022-12-22 16:35:00,
1.207930165,18100081,H Rune,D Thiem v H Rune,90,2022-12-22 13:50:26.710,1.61,2022-12-22 16:35:00,
1.207930165,18100081,H Rune,D Thiem v H Rune,100,2022-12-22 13:50:42.744,1.56,2022-12-22 16:35:00,
1.20793472,9419567,D Thiem,D Thiem v F Auger Aliassime,0,2022-12-22 15:53:23.153,3.25,2022-12-22 17:00:00,
1.20793472,9419567,D Thiem,D Thiem v F Auger Aliassime,10,2022-12-22 16:07:36.196,2.9,2022-12-22 17:00:00,
1.20793472,9419567,D Thiem,D Thiem v F Auger Aliassime,20,2022-12-22 16:31:44.529,2.8,2022-12-22 17:00:00,
1.20793472,9419567,D Thiem,D Thiem v F Auger Aliassime,30,2022-12-22 16:36:31.916,3.2,2022-12-22 17:00:00,
1.20793472,9419567,D Thiem,D Thiem v F Auger Aliassime,40,2022-12-22 16:46:44.060,3.0,2022-12-22 17:10:00,
1.20793472,9419567,D Thiem,D Thiem v F Auger Aliassime,50,2022-12-22 17:02:36.303,2.68,2022-12-22 17:15:00,
1.20793472,9419567,D Thiem,D Thiem v F Auger Aliassime,60,2022-12-22 17:08:30.433,2.66,2022-12-22 17:15:00,
1.20793472,9419567,D Thiem,D Thiem v F Auger Aliassime,70,2022-12-22 17:09:43.151,3.1,2022-12-22 17:15:00,
1.20793472,9419567,D Thiem,D Thiem v F Auger Aliassime,80,2022-12-22 17:11:35.490,2.9,2022-12-22 17:15:00,
1.20793472,9419567,D Thiem,D Thiem v F Auger Aliassime,90,2022-12-22 17:12:39.326,3.15,2022-12-22 17:15:00,
1.20793472,9419567,D Thiem,D Thiem v F Auger Aliassime,100,2022-12-22 17:14:43.787,3.15,2022-12-22 17:15:00,
1.20793472,9634386,F Auger Aliassime,D Thiem v F Auger Aliassime,0,2022-12-22 15:53:23.153,1.44,2022-12-22 17:00:00,
1.20793472,9634386,F Auger Aliassime,D Thiem v F Auger Aliassime,10,2022-12-22 16:08:35.855,1.45,2022-12-22 17:00:00,
1.20793472,9634386,F Auger Aliassime,D Thiem v F Auger Aliassime,20,2022-12-22 16:15:40.481,1.49,2022-12-22 17:00:00,
1.20793472,9634386,F Auger Aliassime,D Thiem v F Auger Aliassime,30,2022-12-22 16:23:38.767,1.47,2022-12-22 17:00:00,
1.20793472,9634386,F Auger Aliassime,D Thiem v F Auger Aliassime,40,2022-12-22 16:33:27.717,1.48,2022-12-22 17:00:00,
1.20793472,9634386,F Auger Aliassime,D Thiem v F Auger Aliassime,50,2022-12-22 16:40:01.231,1.48,2022-12-22 17:00:00,
1.20793472,9634386,F Auger Aliassime,D Thiem v F Auger Aliassime,60,2022-12-22 16:48:34.440,1.58,2022-12-22 17:10:00,
1.20793472,9634386,F Auger Aliassime,D Thiem v F Auger Aliassime,70,2022-12-22 17:02:36.303,1.6,2022-12-22 17:15:00,
1.20793472,9634386,F Auger Aliassime,D Thiem v F Auger Aliassime,80,2022-12-22 17:08:30.433,1.56,2022-12-22 17:15:00,
1.20793472,9634386,F Auger Aliassime,D Thiem v F Auger Aliassime,90,2022-12-22 17:11:35.490,1.5,2022-12-22 17:15:00,
1.20793472,9634386,F Auger Aliassime,D Thiem v F Auger Aliassime,100,2022-12-22 17:14:43.787,1.47,2022-12-22 17:15:00,
1.207946918,40351906,A Michelsen,Al Michelsen v Yu Kikuchi,0,2022-12-23 17:06:28.409,1.34,2022-12-23 18:12:00,
1.207946918,40351906,A Michelsen,Al Michelsen v Yu Kikuchi,10,2022-12-23 17:07:03.071,1.82,2022-12-23 18:12:00,
1.207946918,40351906,A Michelsen,Al Michelsen v Yu Kikuchi,20,2022-12-23 17:14:33.937,1.78,2022-12-23 18:12:00,
1.207946918,40351906,A Michelsen,Al Michelsen v Yu Kikuchi,30,2022-12-23 17:18:45.447,1.82,2022-12-23 18:12:00,
1.207946918,40351906,A Michelsen,Al Michelsen v Yu Kikuchi,40,2022-12-23 17:22:33.416,1.84,2022-12-23 18:12:00,
1.207946918,40351906,A Michelsen,Al Michelsen v Yu Kikuchi,50,2022-12-23 17:32:10.100,1.35,2022-12-23 18:12:00,
1.207946918,40351906,A Michelsen,Al Michelsen v Yu Kikuchi,60,2022-12-23 17:38:30.949,1.5,2022-12-23 18:12:00,
1.207946918,40351906,A Michelsen,Al Michelsen v Yu Kikuchi,70,2022-12-23 17:38:41.575,1.46,2022-12-23 18:12:00,
1.207946918,40351906,A Michelsen,Al Michelsen v Yu Kikuchi,80,2022-12-23 17:41:32.661,1.44,2022-12-23 18:12:00,
1.207946918,40351906,A Michelsen,Al Michelsen v Yu Kikuchi,90,2022-12-23 17:45:05.187,1.46,2022-12-23 18:12:00,
1.207946918,40351906,A Michelsen,Al Michelsen v Yu Kikuchi,100,2022-12-23 18:47:38.697,1.33,2022-12-23 18:58:00,
1.207955593,9628841,A Sabalenka,A Sabalenka v I Swiatek,0,2022-12-23 11:40:55.004,4.8,2022-12-23 15:45:00,
1.207955593,9628841,A Sabalenka,A Sabalenka v I Swiatek,10,2022-12-23 12:55:14.708,4.1,2022-12-23 15:45:00,
1.207955593,9628841,A Sabalenka,A Sabalenka v I Swiatek,20,2022-12-23 13:43:34.377,3.5,2022-12-23 15:45:00,
1.207955593,9628841,A Sabalenka,A Sabalenka v I Swiatek,30,2022-12-23 14:06:53.185,3.55,2022-12-23 15:45:00,
1.207955593,9628841,Aryna   Sabalenka,Aryna Sabalenka v Iga Swiatek,40,2022-12-23 14:15:47.060,3.8,2022-12-23 15:45:00,
1.207955593,9628841,Aryna   Sabalenka,Aryna Sabalenka v Iga Swiatek,50,2022-12-23 14:25:50.636,3.5,2022-12-23 15:45:00,
1.207955593,9628841,Aryna   Sabalenka,Aryna Sabalenka v Iga Swiatek,60,2022-12-23 14:39:59.522,3.6,2022-12-23 15:45:00,
1.207955593,9628841,Aryna   Sabalenka,Aryna Sabalenka v Iga Swiatek,70,2022-12-23 14:59:45.712,3.7,2022-12-23 15:45:00,
1.207955593,9628841,Aryna   Sabalenka,Aryna Sabalenka v Iga Swiatek,80,2022-12-23 15:24:52.551,3.6,2022-12-23 15:45:00,
1.207955593,9628841,Aryna   Sabalenka,A Sabalenka v I Swiatek,90,2022-12-23 15:40:53.850,3.7,2022-12-23 15:50:00,
1.207955593,9628841,Aryna   Sabalenka,A Sabalenka v I Swiatek,100,2022-12-23 15:48:55.755,3.7,2022-12-23 15:50:00,
1.207955593,12008268,I Swiatek,A Sabalenka v I Swiatek,0,2022-12-23 11:40:55.004,1.27,2022-12-23 15:45:00,
1.207955593,12008268,I Swiatek,A Sabalenka v I Swiatek,10,2022-12-23 12:45:34.815,1.26,2022-12-23 15:45:00,
1.207955593,12008268,I Swiatek,A Sabalenka v I Swiatek,20,2022-12-23 13:41:06.126,1.35,2022-12-23 15:45:00,
1.207955593,12008268,I Swiatek,A Sabalenka v I Swiatek,30,2022-12-23 13:59:51.907,1.4,2022-12-23 15:45:00,
1.207955593,12008268,Iga  Swiatek,Aryna Sabalenka v Iga Swiatek,40,2022-12-23 14:15:47.060,1.36,2022-12-23 15:45:00,
1.207955593,12008268,Iga  Swiatek,Aryna Sabalenka v Iga Swiatek,50,2022-12-23 14:29:51.411,1.4,2022-12-23 15:45:00,
1.207955593,12008268,Iga  Swiatek,Aryna Sabalenka v Iga Swiatek,60,2022-12-23 14:57:34.414,1.37,2022-12-23 15:45:00,
1.207955593,12008268,Iga  Swiatek,Aryna Sabalenka v Iga Swiatek,70,2022-12-23 15:23:41.439,1.36,2022-12-23 15:45:00,
1.207955593,12008268,Iga  Swiatek,Aryna Sabalenka v Iga Swiatek,80,2022-12-23 15:36:51.790,1.37,2022-12-23 15:45:00,
1.207955593,12008268,Iga  Swiatek,A Sabalenka v I Swiatek,90,2022-12-23 15:43:55.139,1.36,2022-12-23 15:50:00,
1.207955593,12008268,Iga  Swiatek,A Sabalenka v I Swiatek,100,2022-12-23 15:48:55.755,1.37,2022-12-23 15:50:00,
1.207955639,19924823,Alexander Zverev,N Kyrgios v A Zverev,0,2022-12-23 11:13:55.114,1.1,2022-12-23 12:45:00,
1.207955639,19924823,Alexander Zverev,N Kyrgios v A Zverev,10,2022-12-23 11:19:53.180,1.67,2022-12-23 12:50:00,
1.207955639,19924823,Alexander Zverev,N Kyrgios v A Zverev,20,2022-12-23 11:32:28.710,1.75,2022-12-23 13:00:00,
1.207955639,19924823,Alexander Zverev,N Kyrgios v A Zverev,30,2022-12-23 11:46:50.706,1.66,2022-12-23 13:00:00,
1.207955639,19924823,Alexander Zverev,N Kyrgios v A Zverev,40,2022-12-23 11:51:45.127,1.76,2022-12-23 13:00:00,
1.207955639,19924823,Alexander Zverev,N Kyrgios v A Zverev,50,2022-12-23 12:09:39.467,1.67,2022-12-23 13:00:00,
1.207955639,19924823,Alexander Zverev,N Kyrgios v A Zverev,60,2022-12-23 12:13:50.839,1.7,2022-12-23 13:00:00,
1.207955639,19924823,Alexander Zverev,N Kyrgios v A Zverev,70,2022-12-23 12:22:50.631,1.71,2022-12-23 13:00:00,
1.207955639,19924823,Alexander Zverev,N Kyrgios v A Zverev,80,2022-12-23 12:25:47.613,1.7,2022-12-23 13:00:00,
1.207955639,19924823,Alexander Zverev,N Kyrgios v A Zverev,90,2022-12-23 12:30:50.244,1.7,2022-12-23 13:00:00,
1.207955639,19924823,Alexander Zverev,N Kyrgios v A Zverev,100,2022-12-23 12:36:40.962,1.71,2022-12-23 13:00:00,
1.207955643,2249229,Novak Djokovic,N Djokovic v F Auger Aliassime,0,2022-12-23 11:19:55.066,1.4,2022-12-23 16:35:00,
1.207955643,2249229,Novak Djokovic,N Djokovic v F Auger Aliassime,10,2022-12-23 11:51:27.153,1.58,2022-12-23 16:35:00,
1.207955643,2249229,Novak Djokovic,N Djokovic v F Auger Aliassime,20,2022-12-23 12:51:53.759,1.41,2022-12-23 16:35:00,
1.207955643,2249229,Novak Djokovic,N Djokovic v F Auger Aliassime,30,2022-12-23 12:59:55.968,1.4,2022-12-23 16:35:00,
1.207955643,2249229,Novak Djokovic,N Djokovic v F Auger Aliassime,40,2022-12-23 13:05:23.911,1.43,2022-12-23 16:35:00,
1.207955643,2249229,Novak Djokovic,N Djokovic v F Auger Aliassime,50,2022-12-23 13:16:11.610,1.46,2022-12-23 16:35:00,
1.207955643,2249229,Novak Djokovic,N Djokovic v F Auger Aliassime,60,2022-12-23 13:33:39.666,1.48,2022-12-23 16:35:00,
1.207955643,2249229,Novak Djokovic,N Djokovic v F Auger Aliassime,70,2022-12-23 13:35:55.245,1.53,2022-12-23 16:35:00,
1.207955643,2249229,Novak Djokovic,Novak Djokovic v Felix Auger Aliassime,80,2022-12-23 14:09:50.423,1.44,2022-12-23 16:35:00,
1.207955643,2249229,Novak Djokovic,Novak Djokovic v Felix Auger Aliassime,90,2022-12-23 14:18:20.186,1.44,2022-12-23 16:35:00,
1.207955643,2249229,Novak Djokovic,Novak Djokovic v Felix Auger Aliassime,100,2022-12-23 14:38:43.426,1.51,2022-12-23 16:35:00,
1.207955781,51137910,G Dimitrov / P Badosa,G Dimitrov / P Badosa v H Rune / E Bouchard,0,2022-12-23 12:06:03.952,1.44,2022-12-23 14:00:00,
1.207955781,51137910,G Dimitrov / P Badosa,G Dimitrov / P Badosa v H Rune / E Bouchard,10,2022-12-23 12:20:36.090,1.69,2022-12-23 14:00:00,
1.207955781,51137910,G Dimitrov / P Badosa,G Dimitrov / P Badosa v H Rune / E Bouchard,20,2022-12-23 12:45:37.770,1.53,2022-12-23 14:00:00,
1.207955781,51137910,G Dimitrov / P Badosa,G Dimitrov / P Badosa v H Rune / E Bouchard,30,2022-12-23 12:53:32.154,1.62,2022-12-23 14:00:00,
1.207955781,51137910,G Dimitrov / P Badosa,G Dimitrov / P Badosa v H Rune / E Bouchard,40,2022-12-23 13:10:37.848,1.76,2022-12-23 14:00:00,
1.207955781,51137910,G Dimitrov / P Badosa,G Dimitrov / P Badosa v H Rune / E Bouchard,50,2022-12-23 13:26:02.598,1.66,2022-12-23 14:00:00,
1.207955781,51137910,G Dimitrov / P Badosa,G Dimitrov / P Badosa v H Rune / E Bouchard,60,2022-12-23 13:32:21.663,1.67,2022-12-23 14:00:00,
1.207955781,51137910,G Dimitrov / P Badosa,G Dimitrov / P Badosa v H Rune / E Bouchard,70,2022-12-23 13:45:33.632,1.66,2022-12-23 14:00:00,
1.207955781,51137910,G Dimitrov / P Badosa,G Dimitrov / P Badosa v H Rune / E Bouchard,80,2022-12-23 13:49:43.742,1.58,2022-12-23 14:00:00,
1.207955781,51137910,G Dimitrov / P Badosa,G Dimitrov / P Badosa v H Rune / E Bouchard,90,2022-12-23 13:54:15.552,1.6,2022-12-23 14:00:00,
1.207955781,51137910,G Dimitrov / P Badosa,G Dimitrov / P Badosa v H Rune / E Bouchard,100,2022-12-23 13:59:32.249,1.6,2022-12-23 14:00:00,
1.207965706,9627304,M Kato,M Kato v C Zhao,0,2022-12-23 23:20:24.896,1.67,2022-12-24 01:30:00,
1.207965706,9627304,M Kato,M Kato v C Zhao,10,2022-12-23 23:32:31.211,1.74,2022-12-24 01:30:00,
1.207965706,9627304,M Kato,M Kato v C Zhao,20,2022-12-23 23:33:13.663,1.68,2022-12-24 01:30:00,
1.207965706,9627304,M Kato,M Kato v C Zhao,30,2022-12-23 23:51:16.551,1.91,2022-12-24 01:30:00,
1.207965706,9627304,M Kato,M Kato v C Zhao,40,2022-12-24 00:16:19.732,1.71,2022-12-24 01:30:00,
1.207965706,9627304,M Kato,M Kato v C Zhao,50,2022-12-24 00:31:32.970,1.68,2022-12-24 01:30:00,
1.207965706,9627304,M Kato,M Kato v C Zhao,60,2022-12-24 00:33:06.640,1.75,2022-12-24 01:30:00,
1.207965706,9627304,M Kato,M Kato v C Zhao,70,2022-12-24 00:36:30.137,1.78,2022-12-24 01:30:00,
1.207965706,9627304,M Kato,M Kato v C Zhao,80,2022-12-24 00:40:43.138,1.82,2022-12-24 01:30:00,
1.207965706,9627304,M Kato,M Kato v C Zhao,90,2022-12-24 01:08:33.465,1.63,2022-12-24 01:30:00,
1.207965706,9627304,M Kato,M Kato v C Zhao,100,2022-12-24 01:20:47.762,1.58,2022-12-24 01:30:00,
1.207973107,12210252,Felix Auger-Aliassime,Felix Auger-Aliassime v Alexander Zverev,0,2022-12-24 11:41:31.920,1.9,2022-12-24 15:15:00,
1.207973107,12210252,Felix Auger-Aliassime,Felix Auger-Aliassime v Alexander Zverev,10,2022-12-24 12:21:52.452,1.6,2022-12-24 15:15:00,
1.207973107,12210252,Felix Auger-Aliassime,Felix Auger-Aliassime v Alexander Zverev,20,2022-12-24 13:03:36.723,1.81,2022-12-24 15:15:00,
1.207973107,12210252,Felix Auger-Aliassime,Felix Auger-Aliassime v Alexander Zverev,30,2022-12-24 13:29:36.980,1.72,2022-12-24 15:15:00,
1.207973107,12210252,Felix Auger-Aliassime,Felix Auger-Aliassime v Alexander Zverev,40,2022-12-24 13:48:36.696,1.72,2022-12-24 15:15:00,
1.207973107,12210252,Felix Auger-Aliassime,Felix Auger-Aliassime v Alexander Zverev,50,2022-12-24 14:00:16.106,1.75,2022-12-24 15:15:00,
1.207973107,12210252,Felix Auger-Aliassime,Felix Auger-Aliassime v Alexander Zverev,60,2022-12-24 14:15:31.208,1.73,2022-12-24 15:15:00,
1.207973107,12210252,Felix Auger-Aliassime,Felix Auger-Aliassime v Alexander Zverev,70,2022-12-24 14:38:59.562,1.73,2022-12-24 15:15:00,
1.207973107,12210252,Felix Auger-Aliassime,Felix Auger-Aliassime v Alexander Zverev,80,2022-12-24 14:55:17.309,1.74,2022-12-24 15:15:00,
1.207973107,12210252,Felix Auger-Aliassime,Felix Auger-Aliassime v Alexander Zverev,90,2022-12-24 15:05:38.922,1.67,2022-12-24 15:15:00,
1.207973107,12210252,Felix Auger-Aliassime,Felix Auger-Aliassime v Alexander Zverev,100,2022-12-24 15:11:36.448,1.6,2022-12-24 15:15:00,
1.207973107,19924823,Alexander Zverev,Felix Auger-Aliassime v Alexander Zverev,0,2022-12-24 11:41:31.920,2.1,2022-12-24 15:15:00,
1.207973107,19924823,Alexander Zverev,Felix Auger-Aliassime v Alexander Zverev,10,2022-12-24 13:08:39.031,2.1,2022-12-24 15:15:00,
1.207973107,19924823,Alexander Zverev,Felix Auger-Aliassime v Alexander Zverev,20,2022-12-24 13:29:36.980,2.36,2022-12-24 15:15:00,
1.207973107,19924823,Alexander Zverev,Felix Auger-Aliassime v Alexander Zverev,30,2022-12-24 14:06:38.907,2.38,2022-12-24 15:15:00,
1.207973107,19924823,Alexander Zverev,Felix Auger-Aliassime v Alexander Zverev,40,2022-12-24 14:28:37.447,2.54,2022-12-24 15:15:00,
1.207973107,19924823,Alexander Zverev,Felix Auger-Aliassime v Alexander Zverev,50,2022-12-24 14:41:26.020,2.36,2022-12-24 15:15:00,
1.207973107,19924823,Alexander Zverev,Felix Auger-Aliassime v Alexander Zverev,60,2022-12-24 14:46:37.686,2.28,2022-12-24 15:15:00,
1.207973107,19924823,Alexander Zverev,Felix Auger-Aliassime v Alexander Zverev,70,2022-12-24 14:53:38.589,2.26,2022-12-24 15:15:00,
1.207973107,19924823,Alexander Zverev,Felix Auger-Aliassime v Alexander Zverev,80,2022-12-24 14:59:31.356,2.38,2022-12-24 15:15:00,
1.207973107,19924823,Alexander Zverev,Felix Auger-Aliassime v Alexander Zverev,90,2022-12-24 15:07:21.360,2.42,2022-12-24 15:15:00,
1.207973107,19924823,Alexander Zverev,Felix Auger-Aliassime v Alexander Zverev,100,2022-12-24 15:12:37.411,2.66,2022-12-24 15:15:00,
1.207973111,10349398,Elena Rybakina,Iga Swiatek v Elena Rybakina,0,2022-12-24 11:36:36.626,3.75,2022-12-24 14:00:00,
1.207973111,10349398,Elena Rybakina,Iga Swiatek v Elena Rybakina,10,2022-12-24 11:37:33.225,3.6,2022-12-24 14:00:00,
1.207973111,10349398,Elena Rybakina,Iga Swiatek v Elena Rybakina,20,2022-12-24 12:01:15.543,4.0,2022-12-24 14:00:00,
1.207973111,10349398,Elena Rybakina,Iga Swiatek v Elena Rybakina,30,2022-12-24 12:19:13.342,4.5,2022-12-24 14:00:00,
1.207973111,10349398,Elena Rybakina,Iga Swiatek v Elena Rybakina,40,2022-12-24 12:26:23.662,4.8,2022-12-24 14:00:00,
1.207973111,10349398,Elena Rybakina,Iga Swiatek v Elena Rybakina,50,2022-12-24 13:02:25.792,4.2,2022-12-24 14:00:00,
1.207973111,10349398,Elena Rybakina,Iga Swiatek v Elena Rybakina,60,2022-12-24 13:07:38.900,4.5,2022-12-24 14:00:00,
1.207973111,10349398,Elena Rybakina,Iga Swiatek v Elena Rybakina,70,2022-12-24 13:23:35.624,4.5,2022-12-24 14:00:00,
1.207973111,10349398,Elena Rybakina,Iga Swiatek v Elena Rybakina,80,2022-12-24 13:41:36.360,4.5,2022-12-24 14:00:00,
1.207973111,10349398,Elena Rybakina,Iga Swiatek v Elena Rybakina,90,2022-12-24 13:53:20.164,4.5,2022-12-24 14:00:00,
1.207973111,10349398,Elena Rybakina,Iga Swiatek v Elena Rybakina,100,2022-12-24 13:59:33.796,4.7,2022-12-24 14:00:00,
1.207973111,12085633,Iga Swiatek,Iga Swiatek v Elena Rybakina,0,2022-12-24 11:27:22.501,1.02,2022-12-24 14:00:00,
1.207973111,12085633,Iga Swiatek,Iga Swiatek v Elena Rybakina,10,2022-12-24 11:40:24.811,1.36,2022-12-24 14:00:00,
1.207973111,12085633,Iga Swiatek,Iga Swiatek v Elena Rybakina,20,2022-12-24 12:08:55.157,1.32,2022-12-24 14:00:00,
1.207973111,12085633,Iga Swiatek,Iga Swiatek v Elena Rybakina,30,2022-12-24 12:21:16.158,1.29,2022-12-24 14:00:00,
1.207973111,12085633,Iga Swiatek,Iga Swiatek v Elena Rybakina,40,2022-12-24 12:36:21.879,1.26,2022-12-24 14:00:00,
1.207973111,12085633,Iga Swiatek,Iga Swiatek v Elena Rybakina,50,2022-12-24 12:52:25.797,1.29,2022-12-24 14:00:00,
1.207973111,12085633,Iga Swiatek,Iga Swiatek v Elena Rybakina,60,2022-12-24 13:02:25.792,1.32,2022-12-24 14:00:00,
1.207973111,12085633,Iga Swiatek,Iga Swiatek v Elena Rybakina,70,2022-12-24 13:14:22.896,1.29,2022-12-24 14:00:00,
1.207973111,12085633,Iga Swiatek,Iga Swiatek v Elena Rybakina,80,2022-12-24 13:28:31.719,1.27,2022-12-24 14:00:00,
1.207973111,12085633,Iga Swiatek,Iga Swiatek v Elena Rybakina,90,2022-12-24 13:51:23.471,1.28,2022-12-24 14:00:00,
1.207973111,12085633,Iga Swiatek,Iga Swiatek v Elena Rybakina,100,2022-12-24 13:59:33.796,1.27,2022-12-24 14:00:00,
1.207973115,51103723,H Rune / S Mirza,H Rune / S Mirza v D Thiem / A Pavlyuchenkova,0,2022-12-24 12:22:10.450,1.6,2022-12-24 16:35:00,
1.207973115,51103723,H Rune / S Mirza,H Rune / S Mirza v D Thiem / A Pavlyuchenkova,10,2022-12-24 13:03:48.470,1.7,2022-12-24 16:35:00,
1.207973115,51103723,H Rune / S Mirza,H Rune / S Mirza v D Thiem / A Pavlyuchenkova,20,2022-12-24 14:24:10.017,1.6,2022-12-24 16:35:00,
1.207973115,51103723,H Rune / S Mirza,H Rune / S Mirza v D Thiem / A Pavlyuchenkova,30,2022-12-24 16:08:28.648,1.62,2022-12-24 16:35:00,
1.207973115,51103723,H Rune / S Mirza,H Rune / S Mirza v D Thiem / A Pavlyuchenkova,40,2022-12-24 16:16:28.177,1.8,2022-12-24 16:35:00,
1.207973115,51103723,H Rune / S Mirza,H Rune / S Mirza v D Thiem / A Pavlyuchenkova,50,2022-12-24 16:23:00.652,1.61,2022-12-24 16:35:00,
1.207973115,51103723,H Rune / S Mirza,H Rune / S Mirza v D Thiem / A Pavlyuchenkova,60,2022-12-24 16:25:01.224,1.64,2022-12-24 16:35:00,
1.207973115,51103723,H Rune / S Mirza,H Rune / S Mirza v D Thiem / A Pavlyuchenkova,70,2022-12-24 16:30:05.125,1.6,2022-12-24 16:35:00,
1.207973115,51103723,H Rune / S Mirza,H Rune / S Mirza v D Thiem / A Pavlyuchenkova,80,2022-12-24 16:34:57.843,1.62,2022-12-24 16:45:00,
1.207973115,51103723,H Rune / S Mirza,H Rune / S Mirza v D Thiem / A Pavlyuchenkova,90,2022-12-24 16:38:04.678,1.74,2022-12-24 16:45:00,
1.207973115,51103723,H Rune / S Mirza,H Rune / S Mirza v D Thiem / A Pavlyuchenkova,100,2022-12-24 16:51:58.741,1.6,2022-12-24 16:55:00,
1.20799153,19636208,P Nugroho,V Savinykh v P Nugroho,0,2022-12-25 07:42:20.909,2.0,2022-12-25 10:00:00,2022-12-25 05:07:53.225
1.20799153,19636208,P Nugroho,V Savinykh v P Nugroho,10,2022-12-25 08:31:03.038,1.31,2022-12-25 10:00:00,2022-12-25 05:07:53.225
1.20799153,19636208,P Nugroho,V Savinykh v P Nugroho,20,2022-12-25 09:02:20.003,1.48,2022-12-25 10:00:00,2022-12-25 05:07:53.225
1.20799153,19636208,P Nugroho,V Savinykh v P Nugroho,30,2022-12-25 09:05:22.757,1.4,2022-12-25 10:00:00,2022-12-25 05:07:53.225
1.20799153,19636208,P Nugroho,V Savinykh v P Nugroho,40,2022-12-25 09:07:02.334,1.39,2022-12-25 10:00:00,2022-12-25 05:07:53.225
1.20799153,19636208,P Nugroho,V Savinykh v P Nugroho,50,2022-12-25 09:10:22.072,1.34,2022-12-25 10:00:00,2022-12-25 05:07:53.225
1.20799153,19636208,P Nugroho,V Savinykh v P Nugroho,60,2022-12-25 09:13:11.663,1.33,2022-12-25 10:00:00,2022-12-25 05:07:53.225
1.20799153,19636208,P Nugroho,V Savinykh v P Nugroho,70,2022-12-25 09:16:43.385,1.32,2022-12-25 10:00:00,2022-12-25 05:07:53.225
1.20799153,19636208,P Nugroho,V Savinykh v P Nugroho,80,2022-12-25 09:20:12.718,1.35,2022-12-25 10:00:00,2022-12-25 05:07:53.225
1.20799153,19636208,P Nugroho,V Savinykh v P Nugroho,90,2022-12-25 09:23:23.056,1.32,2022-12-25 10:00:00,2022-12-25 05:07:53.225
1.20799153,19636208,P Nugroho,V Savinykh v P Nugroho,100,2022-12-25 09:33:19.862,1.59,2022-12-25 10:00:00,2022-12-25 05:07:53.225
1.208055008,21300757,V Chaudhari,M Yadav v V Chaudhari,0,2022-12-28 00:06:51.606,1.08,2022-12-28 04:30:00,
1.208055008,21300757,V Chaudhari,M Yadav v V Chaudhari,10,2022-12-28 00:12:34.348,1.12,2022-12-28 04:30:00,
1.208055008,21300757,V Chaudhari,M Yadav v V Chaudhari,20,2022-12-28 00:31:38.615,1.14,2022-12-28 04:30:00,
1.208055008,21300757,V Chaudhari,M Yadav v V Chaudhari,30,2022-12-28 00:39:49.181,1.03,2022-12-28 04:30:00,
1.208055008,21300757,V Chaudhari,M Yadav v V Chaudhari,40,2022-12-28 01:34:47.829,1.12,2022-12-28 04:30:00,
1.208055008,21300757,V Chaudhari,M Yadav v V Chaudhari,50,2022-12-28 01:37:30.058,1.13,2022-12-28 04:30:00,
1.208055008,21300757,V Chaudhari,M Yadav v V Chaudhari,60,2022-12-28 01:46:42.875,1.09,2022-12-28 04:30:00,
1.208055008,21300757,V Chaudhari,M Yadav v V Chaudhari,70,2022-12-28 02:16:29.983,1.11,2022-12-28 04:30:00,
1.208055008,21300757,V Chaudhari,M Yadav v V Chaudhari,80,2022-12-28 03:27:03.618,1.08,2022-12-28 04:30:00,
1.208055008,21300757,V Chaudhari,M Yadav v V Chaudhari,90,2022-12-28 04:03:52.195,1.11,2022-12-28 04:30:00,
1.208055008,21300757,V Chaudhari,M Yadav v V Chaudhari,100,2022-12-28 04:14:46.492,1.05,2022-12-28 04:30:00,
1.208055055,11633150,S Sadiq,P Paathak v S Sadiq,0,2022-12-28 02:52:04.694,1.2,2022-12-28 04:30:00,
1.208055055,11633150,S Sadiq,P Paathak v S Sadiq,10,2022-12-28 02:59:49.512,1.1,2022-12-28 04:30:00,
1.208055055,11633150,S Sadiq,P Paathak v S Sadiq,20,2022-12-28 03:03:38.674,1.09,2022-12-28 04:30:00,
1.208055055,11633150,S Sadiq,P Paathak v S Sadiq,30,2022-12-28 03:12:22.536,1.1,2022-12-28 04:30:00,
1.208055055,11633150,S Sadiq,P Paathak v S Sadiq,40,2022-12-28 03:24:20.650,1.07,2022-12-28 04:30:00,
1.208055055,11633150,S Sadiq,P Paathak v S Sadiq,50,2022-12-28 03:29:55.634,1.07,2022-12-28 04:30:00,
1.208055055,11633150,S Sadiq,P Paathak v S Sadiq,60,2022-12-28 03:49:23.512,1.41,2022-12-28 04:30:00,
1.208055055,11633150,S Sadiq,P Paathak v S Sadiq,70,2022-12-28 04:02:41.650,1.05,2022-12-28 04:30:00,
1.208055055,11633150,S Sadiq,P Paathak v S Sadiq,80,2022-12-28 04:09:45.675,1.3,2022-12-28 04:30:00,
1.208055055,11633150,S Sadiq,P Paathak v S Sadiq,90,2022-12-28 04:13:43.797,1.27,2022-12-28 04:30:00,
1.208055055,11633150,S Sadiq,P Paathak v S Sadiq,100,2022-12-28 04:24:20.604,1.2,2022-12-28 04:25:00,
1.208055675,10279360,Taylor Fritz,Taylor Fritz v Jiri Lehecka,0,2022-12-28 05:21:21.608,1.17,2022-12-29 01:00:00,
1.208055675,10279360,Taylor Fritz,Taylor Fritz v Jiri Lehecka,10,2022-12-28 10:20:37.653,1.16,2022-12-29 01:00:00,
1.208055675,10279360,Taylor Fritz,Taylor Fritz v Jiri Lehecka,20,2022-12-28 13:24:49.033,1.16,2022-12-29 01:00:00,
1.208055675,10279360,Taylor Fritz,Taylor Fritz v Jiri Lehecka,30,2022-12-28 16:57:34.588,1.17,2022-12-29 01:00:00,
1.208055675,10279360,Taylor Fritz,Taylor Fritz v Jiri Lehecka,40,2022-12-28 20:36:44.926,1.17,2022-12-29 01:00:00,
1.208055675,10279360,Taylor Fritz,Taylor Fritz v Jiri Lehecka,50,2022-12-28 22:08:25.546,1.16,2022-12-29 01:00:00,
1.208055675,10279360,Taylor Fritz,Taylor Fritz v Jiri Lehecka,60,2022-12-28 22:47:28.425,1.16,2022-12-29 01:00:00,
1.208055675,10279360,Taylor Fritz,Taylor Fritz v Jiri Lehecka,70,2022-12-28 23:17:29.752,1.16,2022-12-29 01:00:00,
1.208055675,10279360,Taylor Fritz,Taylor Fritz v Jiri Lehecka,80,2022-12-28 23:59:24.384,1.17,2022-12-29 01:00:00,
1.208055675,10279360,Taylor Fritz,Taylor Fritz v Jiri Lehecka,90,2022-12-29 00:39:18.203,1.17,2022-12-29 01:00:00,
1.208055675,10279360,Taylor Fritz,Taylor Fritz v Jiri Lehecka,100,2022-12-29 01:08:45.731,1.16,2022-12-29 01:13:10,2022-12-29 01:08:45.731
1.208055675,13203243,Jiri Lehecka,Taylor Fritz v Jiri Lehecka,0,2022-12-28 06:25:53.798,7.0,2022-12-29 01:00:00,
1.208055675,13203243,Jiri Lehecka,Taylor Fritz v Jiri Lehecka,10,2022-12-28 12:11:39.831,7.8,2022-12-29 01:00:00,
1.208055675,13203243,Jiri Lehecka,Taylor Fritz v Jiri Lehecka,20,2022-12-28 21:59:43.200,7.0,2022-12-29 01:00:00,
1.208055675,13203243,Jiri Lehecka,Taylor Fritz v Jiri Lehecka,30,2022-12-28 22:06:29.829,7.0,2022-12-29 01:00:00,
1.208055675,13203243,Jiri Lehecka,Taylor Fritz v Jiri Lehecka,40,2022-12-28 22:08:25.546,7.2,2022-12-29 01:00:00,
1.208055675,13203243,Jiri Lehecka,Taylor Fritz v Jiri Lehecka,50,2022-12-28 22:34:13.526,7.2,2022-12-29 01:00:00,
1.208055675,13203243,Jiri Lehecka,Taylor Fritz v Jiri Lehecka,60,2022-12-28 23:39:11.674,6.8,2022-12-29 01:00:00,
1.208055675,13203243,Jiri Lehecka,Taylor Fritz v Jiri Lehecka,70,2022-12-29 00:18:46.579,7.0,2022-12-29 01:00:00,
1.208055675,13203243,Jiri Lehecka,Taylor Fritz v Jiri Lehecka,80,2022-12-29 00:34:46.325,7.0,2022-12-29 01:00:00,
1.208055675,13203243,Jiri Lehecka,Taylor Fritz v Jiri Lehecka,90,2022-12-29 01:00:45.646,7.0,2022-12-29 01:12:59,
1.208055675,13203243,Jiri Lehecka,Taylor Fritz v Jiri Lehecka,100,2022-12-29 01:08:45.731,7.0,2022-12-29 01:13:10,2022-12-29 01:08:45.731
1.208055827,3120169,Grigor Dimitrov,Stefanos Tsitsipas v Grigor Dimitrov,0,2022-12-28 14:27:32.825,3.8,2022-12-29 06:00:00,
1.208055827,3120169,Grigor Dimitrov,Stefanos Tsitsipas v Grigor Dimitrov,10,2022-12-28 17:46:33.300,3.9,2022-12-29 06:00:00,
1.208055827,3120169,Grigor Dimitrov,Stefanos Tsitsipas v Grigor Dimitrov,20,2022-12-28 22:07:20.566,3.95,2022-12-29 06:00:00,
1.208055827,3120169,Grigor Dimitrov,Stefanos Tsitsipas v Grigor Dimitrov,30,2022-12-29 01:17:59.089,4.2,2022-12-29 06:00:00,
1.208055827,3120169,Grigor Dimitrov,Stefanos Tsitsipas v Grigor Dimitrov,40,2022-12-29 04:21:44.667,4.3,2022-12-29 05:51:00,
1.208055827,3120169,Grigor Dimitrov,Stefanos Tsitsipas v Grigor Dimitrov,50,2022-12-29 05:25:36.050,4.2,2022-12-29 05:51:00,
1.208055827,3120169,Grigor Dimitrov,Stefanos Tsitsipas v Grigor Dimitrov,60,2022-12-29 05:42:36.023,4.1,2022-12-29 05:51:00,
1.208055827,3120169,Grigor Dimitrov,Stefanos Tsitsipas v Grigor Dimitrov,70,2022-12-29 06:17:24.252,4.0,2022-12-29 06:21:00,
1.208055827,3120169,Grigor Dimitrov,Stefanos Tsitsipas v Grigor Dimitrov,80,2022-12-29 06:34:24.677,4.1,2022-12-29 06:57:59,
1.208055827,3120169,Grigor Dimitrov,Stefanos Tsitsipas v Grigor Dimitrov,90,2022-12-29 06:45:33.415,4.2,2022-12-29 06:57:59,
1.208055827,3120169,Grigor Dimitrov,Stefanos Tsitsipas v Grigor Dimitrov,100,2022-12-29 06:52:35.809,4.1,2022-12-29 06:56:40,
1.208055827,42652245,Stefanos Tsitsipas,Stefanos Tsitsipas v Grigor Dimitrov,0,2022-12-28 05:13:05.588,1.27,2022-12-29 01:00:00,
1.208055827,42652245,Stefanos Tsitsipas,Stefanos Tsitsipas v Grigor Dimitrov,10,2022-12-28 14:37:21.416,1.36,2022-12-29 06:00:00,
1.208055827,42652245,Stefanos Tsitsipas,Stefanos Tsitsipas v Grigor Dimitrov,20,2022-12-28 22:04:11.121,1.35,2022-12-29 06:00:00,
1.208055827,42652245,Stefanos Tsitsipas,Stefanos Tsitsipas v Grigor Dimitrov,30,2022-12-29 02:36:00.626,1.33,2022-12-29 06:00:00,
1.208055827,42652245,Stefanos Tsitsipas,Stefanos Tsitsipas v Grigor Dimitrov,40,2022-12-29 03:54:24.473,1.33,2022-12-29 05:51:00,
1.208055827,42652245,Stefanos Tsitsipas,Stefanos Tsitsipas v Grigor Dimitrov,50,2022-12-29 04:53:19.764,1.33,2022-12-29 05:51:00,
1.208055827,42652245,Stefanos Tsitsipas,Stefanos Tsitsipas v Grigor Dimitrov,60,2022-12-29 05:25:36.050,1.31,2022-12-29 05:51:00,
1.208055827,42652245,Stefanos Tsitsipas,Stefanos Tsitsipas v Grigor Dimitrov,70,2022-12-29 06:08:34.121,1.31,2022-12-29 06:21:00,
1.208055827,42652245,Stefanos Tsitsipas,Stefanos Tsitsipas v Grigor Dimitrov,80,2022-12-29 06:22:02.355,1.32,2022-12-29 06:36:00,
1.208055827,42652245,Stefanos Tsitsipas,Stefanos Tsitsipas v Grigor Dimitrov,90,2022-12-29 06:37:30.659,1.31,2022-12-29 06:57:59,
1.208055827,42652245,Stefanos Tsitsipas,Stefanos Tsitsipas v Grigor Dimitrov,100,2022-12-29 06:52:35.809,1.32,2022-12-29 06:56:40,
1.208056041,9631939,Marc-Andrea Huesler,Marc-Andrea Huesler v Timofey Skatov,0,2022-12-28 12:32:36.075,1.25,2022-12-29 10:30:00,
1.208056041,9631939,Marc-Andrea Huesler,Marc-Andrea Huesler v Timofey Skatov,10,2022-12-28 14:47:06.121,1.32,2022-12-29 11:00:00,
1.208056041,9631939,Marc-Andrea Huesler,Marc-Andrea Huesler v Timofey Skatov,20,2022-12-28 16:02:27.268,1.34,2022-12-29 11:00:00,
1.208056041,9631939,Marc-Andrea Huesler,Marc-Andrea Huesler v Timofey Skatov,30,2022-12-28 16:11:24.924,1.33,2022-12-29 11:00:00,
1.208056041,9631939,Marc-Andrea Huesler,Marc-Andrea Huesler v Timofey Skatov,40,2022-12-29 09:13:03.811,1.33,2022-12-29 10:46:00,
1.208056041,9631939,Marc-Andrea Huesler,Marc-Andrea Huesler v Timofey Skatov,50,2022-12-29 10:10:28.020,1.32,2022-12-29 10:46:00,
1.208056041,9631939,Marc-Andrea Huesler,Marc-Andrea Huesler v Timofey Skatov,60,2022-12-29 10:28:26.410,1.3,2022-12-29 10:46:00,
1.208056041,9631939,Marc-Andrea Huesler,Marc-Andrea Huesler v Timofey Skatov,70,2022-12-29 10:55:58.169,1.3,2022-12-29 11:01:00,
1.208056041,9631939,Marc-Andrea Huesler,Marc-Andrea Huesler v Timofey Skatov,80,2022-12-29 11:05:26.924,1.29,2022-12-29 11:08:00,
1.208056041,9631939,Marc-Andrea Huesler,Marc-Andrea Huesler v Timofey Skatov,90,2022-12-29 11:10:27.713,1.3,2022-12-29 11:35:19,
1.208056041,9631939,Marc-Andrea Huesler,Marc-Andrea Huesler v Timofey Skatov,100,2022-12-29 11:24:29.783,1.17,2022-12-29 11:28:53,2022-12-29 11:24:29.783
1.208056041,14534269,Timofey Skatov,Marc-Andrea Huesler v Timofey Skatov,0,2022-12-28 15:26:49.099,4.1,2022-12-29 11:00:00,
1.208056041,14534269,Timofey Skatov,Marc-Andrea Huesler v Timofey Skatov,10,2022-12-28 16:03:21.808,3.95,2022-12-29 11:00:00,
1.208056041,14534269,Timofey Skatov,Marc-Andrea Huesler v Timofey Skatov,20,2022-12-28 16:10:28.509,3.95,2022-12-29 11:00:00,
1.208056041,14534269,Timofey Skatov,Marc-Andrea Huesler v Timofey Skatov,30,2022-12-29 06:01:21.592,4.1,2022-12-29 11:00:00,
1.208056041,14534269,Timofey Skatov,Marc-Andrea Huesler v Timofey Skatov,40,2022-12-29 08:28:52.027,4.1,2022-12-29 11:00:00,
1.208056041,14534269,Timofey Skatov,Marc-Andrea Huesler v Timofey Skatov,50,2022-12-29 09:20:09.659,4.1,2022-12-29 10:46:00,
1.208056041,14534269,Timofey Skatov,Marc-Andrea Huesler v Timofey Skatov,60,2022-12-29 10:11:00.874,4.1,2022-12-29 10:46:00,
1.208056041,14534269,Timofey Skatov,Marc-Andrea Huesler v Timofey Skatov,70,2022-12-29 10:32:44.999,4.3,2022-12-29 10:46:00,
1.208056041,14534269,Timofey Skatov,Marc-Andrea Huesler v Timofey Skatov,80,2022-12-29 10:46:10.602,4.3,2022-12-29 11:01:00,
1.208056041,14534269,Timofey Skatov,Marc-Andrea Huesler v Timofey Skatov,90,2022-12-29 11:05:26.924,4.5,2022-12-29 11:08:00,
1.208056041,14534269,Timofey Skatov,Marc-Andrea Huesler v Timofey Skatov,100,2022-12-29 11:13:14.733,4.4,2022-12-29 11:35:19,
1.208056103,9953233,Arthur Rinderknech,Arthur Rinderknech v Francisco Cerundolo,0,2022-12-28 10:52:21.670,1.68,2022-12-29 11:30:00,
1.208056103,9953233,Arthur Rinderknech,Arthur Rinderknech v Francisco Cerundolo,10,2022-12-28 14:56:55.687,1.77,2022-12-29 12:00:00,
1.208056103,9953233,Arthur Rinderknech,Arthur Rinderknech v Francisco Cerundolo,20,2022-12-28 21:49:18.019,1.75,2022-12-29 12:00:00,
1.208056103,9953233,Arthur Rinderknech,Arthur Rinderknech v Francisco Cerundolo,30,2022-12-29 07:48:03.974,1.75,2022-12-29 12:00:00,
1.208056103,9953233,Arthur Rinderknech,Arthur Rinderknech v Francisco Cerundolo,40,2022-12-29 09:06:22.164,1.75,2022-12-29 12:00:00,
1.208056103,9953233,Arthur Rinderknech,Arthur Rinderknech v Francisco Cerundolo,50,2022-12-29 09:59:19.652,1.73,2022-12-29 11:48:00,
1.208056103,9953233,Arthur Rinderknech,Arthur Rinderknech v Francisco Cerundolo,60,2022-12-29 10:29:25.505,1.73,2022-12-29 11:48:00,
1.208056103,9953233,Arthur Rinderknech,Arthur Rinderknech v Francisco Cerundolo,70,2022-12-29 10:53:15.681,1.72,2022-12-29 11:48:00,
1.208056103,9953233,Arthur Rinderknech,Arthur Rinderknech v Francisco Cerundolo,80,2022-12-29 11:25:25.572,1.7,2022-12-29 11:48:00,
1.208056103,9953233,Arthur Rinderknech,Arthur Rinderknech v Francisco Cerundolo,90,2022-12-29 11:31:23.127,1.72,2022-12-29 11:45:00,
1.208056103,9953233,Arthur Rinderknech,Arthur Rinderknech v Francisco Cerundolo,100,2022-12-29 11:48:07.948,1.77,2022-12-29 11:52:18,2022-12-29 11:48:07.948
1.208056103,11204210,Francisco Cerundolo,Arthur Rinderknech v Francisco Cerundolo,0,2022-12-28 14:32:14.483,2.3,2022-12-29 12:00:00,
1.208056103,11204210,Francisco Cerundolo,Arthur Rinderknech v Francisco Cerundolo,10,2022-12-28 22:00:10.613,2.32,2022-12-29 12:00:00,
1.208056103,11204210,Francisco Cerundolo,Arthur Rinderknech v Francisco Cerundolo,20,2022-12-29 09:58:15.161,2.38,2022-12-29 11:48:00,
1.208056103,11204210,Francisco Cerundolo,Arthur Rinderknech v Francisco Cerundolo,30,2022-12-29 10:29:25.505,2.36,2022-12-29 11:48:00,
1.208056103,11204210,Francisco Cerundolo,Arthur Rinderknech v Francisco Cerundolo,40,2022-12-29 10:41:03.728,2.42,2022-12-29 11:48:00,
1.208056103,11204210,Francisco Cerundolo,Arthur Rinderknech v Francisco Cerundolo,50,2022-12-29 11:16:20.845,2.36,2022-12-29 11:48:00,
1.208056103,11204210,Francisco Cerundolo,Arthur Rinderknech v Francisco Cerundolo,60,2022-12-29 11:20:24.651,2.4,2022-12-29 11:48:00,
1.208056103,11204210,Francisco Cerundolo,Arthur Rinderknech v Francisco Cerundolo,70,2022-12-29 11:37:24.402,2.34,2022-12-29 11:56:59,
1.208056103,11204210,Francisco Cerundolo,Arthur Rinderknech v Francisco Cerundolo,80,2022-12-29 11:40:01.641,2.38,2022-12-29 11:56:59,
1.208056103,11204210,Francisco Cerundolo,Arthur Rinderknech v Francisco Cerundolo,90,2022-12-29 11:43:22.703,2.34,2022-12-29 11:56:47,
1.208056103,11204210,Francisco Cerundolo,Arthur Rinderknech v Francisco Cerundolo,100,2022-12-29 11:46:08.510,2.34,2022-12-29 11:52:18,
1.208056165,7083752,Beatriz Haddad Maia,Martina Trevisan v Beatriz Haddad Maia,0,2022-12-28 07:39:01.247,1.35,2022-12-29 03:00:00,
1.208056165,7083752,Beatriz Haddad Maia,Martina Trevisan v Beatriz Haddad Maia,10,2022-12-28 14:18:58.081,1.35,2022-12-29 03:00:00,
1.208056165,7083752,Beatriz Haddad Maia,Martina Trevisan v Beatriz Haddad Maia,20,2022-12-28 14:27:22.177,1.35,2022-12-29 03:00:00,
1.208056165,7083752,Beatriz Haddad Maia,Martina Trevisan v Beatriz Haddad Maia,30,2022-12-28 20:01:58.365,1.34,2022-12-29 03:00:00,
1.208056165,7083752,Beatriz Haddad Maia,Martina Trevisan v Beatriz Haddad Maia,40,2022-12-28 22:00:22.140,1.35,2022-12-29 03:00:00,
1.208056165,7083752,Beatriz Haddad Maia,Martina Trevisan v Beatriz Haddad Maia,50,2022-12-28 23:16:34.586,1.34,2022-12-29 03:00:00,
1.208056165,7083752,Beatriz Haddad Maia,Martina Trevisan v Beatriz Haddad Maia,60,2022-12-29 01:06:55.127,1.34,2022-12-29 03:00:00,
1.208056165,7083752,Beatriz Haddad Maia,Martina Trevisan v Beatriz Haddad Maia,70,2022-12-29 02:29:52.759,1.33,2022-12-29 03:00:00,
1.208056165,7083752,Beatriz Haddad Maia,Martina Trevisan v Beatriz Haddad Maia,80,2022-12-29 02:46:54.286,1.33,2022-12-29 03:04:29,
1.208056165,7083752,Beatriz Haddad Maia,Martina Trevisan v Beatriz Haddad Maia,90,2022-12-29 02:59:41.517,1.32,2022-12-29 03:04:29,
1.208056165,7083752,Beatriz Haddad Maia,Martina Trevisan v Beatriz Haddad Maia,100,2022-12-29 03:07:59.128,1.32,2022-12-29 03:11:50,
1.208056165,9345630,Martina Trevisan,Martina Trevisan v Beatriz Haddad Maia,0,2022-12-28 14:18:58.081,3.85,2022-12-29 03:00:00,
1.208056165,9345630,Martina Trevisan,Martina Trevisan v Beatriz Haddad Maia,10,2022-12-28 22:27:00.134,3.95,2022-12-29 03:00:00,
1.208056165,9345630,Martina Trevisan,Martina Trevisan v Beatriz Haddad Maia,20,2022-12-28 22:46:01.088,4.0,2022-12-29 03:00:00,
1.208056165,9345630,Martina Trevisan,Martina Trevisan v Beatriz Haddad Maia,30,2022-12-28 23:16:34.586,3.9,2022-12-29 03:00:00,
1.208056165,9345630,Martina Trevisan,Martina Trevisan v Beatriz Haddad Maia,40,2022-12-28 23:42:53.953,3.95,2022-12-29 03:00:00,
1.208056165,9345630,Martina Trevisan,Martina Trevisan v Beatriz Haddad Maia,50,2022-12-29 02:18:59.676,3.95,2022-12-29 03:00:00,
1.208056165,9345630,Martina Trevisan,Martina Trevisan v Beatriz Haddad Maia,60,2022-12-29 02:37:59.991,3.9,2022-12-29 03:00:00,
1.208056165,9345630,Martina Trevisan,Martina Trevisan v Beatriz Haddad Maia,70,2022-12-29 02:39:00.595,4.0,2022-12-29 03:00:00,
1.208056165,9345630,Martina Trevisan,Martina Trevisan v Beatriz Haddad Maia,80,2022-12-29 02:56:49.117,4.0,2022-12-29 03:04:29,
1.208056165,9345630,Martina Trevisan,Martina Trevisan v Beatriz Haddad Maia,90,2022-12-29 03:03:59.900,4.2,2022-12-29 03:11:50,
1.208056165,9345630,Martina Trevisan,Martina Trevisan v Beatriz Haddad Maia,100,2022-12-29 03:06:59.788,4.2,2022-12-29 03:11:50,
1.208056227,8442764,Marie Bouzkova,Madison Keys v Marie Bouzkova,0,2022-12-28 12:36:04.185,2.16,2022-12-29 02:30:00,
1.208056227,8442764,Marie Bouzkova,Madison Keys v Marie Bouzkova,10,2022-12-28 15:01:44.350,2.12,2022-12-29 03:00:00,
1.208056227,8442764,Marie Bouzkova,Madison Keys v Marie Bouzkova,20,2022-12-28 15:27:38.695,2.04,2022-12-29 03:00:00,
1.208056227,8442764,Marie Bouzkova,Madison Keys v Marie Bouzkova,30,2022-12-28 21:17:08.655,2.06,2022-12-29 03:00:00,
1.208056227,8442764,Marie Bouzkova,Madison Keys v Marie Bouzkova,40,2022-12-28 22:36:42.645,2.08,2022-12-29 03:00:00,
1.208056227,8442764,Marie Bouzkova,Madison Keys v Marie Bouzkova,50,2022-12-28 22:48:56.401,2.08,2022-12-29 03:00:00,
1.208056227,8442764,Marie Bouzkova,Madison Keys v Marie Bouzkova,60,2022-12-28 23:23:42.104,2.04,2022-12-29 03:00:00,
1.208056227,8442764,Marie Bouzkova,Madison Keys v Marie Bouzkova,70,2022-12-29 01:59:34.767,2.04,2022-12-29 02:47:00,
1.208056227,8442764,Marie Bouzkova,Madison Keys v Marie Bouzkova,80,2022-12-29 02:20:44.031,2.04,2022-12-29 02:47:00,
1.208056227,8442764,Marie Bouzkova,Madison Keys v Marie Bouzkova,90,2022-12-29 02:41:44.569,2.0,2022-12-29 02:53:09,
1.208056227,8442764,Marie Bouzkova,Madison Keys v Marie Bouzkova,100,2022-12-29 02:47:44.639,2.0,2022-12-29 02:52:36,
1.208056227,19795366,Madison Keys,Madison Keys v Marie Bouzkova,0,2022-12-28 10:23:16.630,1.74,2022-12-29 02:30:00,
1.208056227,19795366,Madison Keys,Madison Keys v Marie Bouzkova,10,2022-12-28 14:33:32.487,1.85,2022-12-29 03:00:00,
1.208056227,19795366,Madison Keys,Madison Keys v Marie Bouzkova,20,2022-12-28 15:01:44.350,1.9,2022-12-29 03:00:00,
1.208056227,19795366,Madison Keys,Madison Keys v Marie Bouzkova,30,2022-12-28 15:15:11.574,1.97,2022-12-29 03:00:00,
1.208056227,19795366,Madison Keys,Madison Keys v Marie Bouzkova,40,2022-12-28 17:06:42.013,1.94,2022-12-29 03:00:00,
1.208056227,19795366,Madison Keys,Madison Keys v Marie Bouzkova,50,2022-12-28 23:28:21.324,1.94,2022-12-29 03:00:00,
1.208056227,19795366,Madison Keys,Madison Keys v Marie Bouzkova,60,2022-12-29 00:32:43.347,1.98,2022-12-29 03:00:00,
1.208056227,19795366,Madison Keys,Madison Keys v Marie Bouzkova,70,2022-12-29 02:06:37.038,1.97,2022-12-29 02:47:00,
1.208056227,19795366,Madison Keys,Madison Keys v Marie Bouzkova,80,2022-12-29 02:27:39.607,1.96,2022-12-29 02:44:00,
1.208056227,19795366,Madison Keys,Madison Keys v Marie Bouzkova,90,2022-12-29 02:37:45.264,1.95,2022-12-29 02:53:09,
1.208056227,19795366,Madison Keys,Madison Keys v Marie Bouzkova,100,2022-12-29 02:48:44.452,1.98,2022-12-29 02:52:36,
1.208056289,7795590,Despina Papamichail,Despina Papamichail v Isabella Shinikova,0,2022-12-28 12:05:07.306,1.67,2022-12-29 04:00:00,
1.208056289,7795590,Despina Papamichail,Despina Papamichail v Isabella Shinikova,10,2022-12-28 14:23:09.019,1.62,2022-12-29 04:00:00,
1.208056289,7795590,Despina Papamichail,Despina Papamichail v Isabella Shinikova,20,2022-12-28 16:04:21.271,1.67,2022-12-29 04:00:00,
1.208056289,7795590,Despina Papamichail,Despina Papamichail v Isabella Shinikova,30,2022-12-28 16:29:21.976,1.66,2022-12-29 04:00:00,
1.208056289,7795590,Despina Papamichail,Despina Papamichail v Isabella Shinikova,40,2022-12-28 16:42:34.414,1.69,2022-12-29 04:00:00,
1.208056289,7795590,Despina Papamichail,Despina Papamichail v Isabella Shinikova,50,2022-12-28 22:37:28.475,1.66,2022-12-29 04:00:00,
1.208056289,7795590,Despina Papamichail,Despina Papamichail v Isabella Shinikova,60,2022-12-29 01:52:49.304,1.67,2022-12-29 04:00:00,
1.208056289,7795590,Despina Papamichail,Despina Papamichail v Isabella Shinikova,70,2022-12-29 03:50:21.157,1.66,2022-12-29 04:00:00,
1.208056289,7795590,Despina Papamichail,Despina Papamichail v Isabella Shinikova,80,2022-12-29 04:00:37.527,1.66,2022-12-29 04:16:29,
1.208056289,7795590,Despina Papamichail,Despina Papamichail v Isabella Shinikova,90,2022-12-29 04:05:37.557,1.65,2022-12-29 04:12:44,
1.208056289,7795590,Despina Papamichail,Despina Papamichail v Isabella Shinikova,100,2022-12-29 04:09:33.584,2.0,2022-12-29 04:24:25,2022-12-29 04:09:33.584
1.208056289,11261697,Isabella Shinikova,Despina Papamichail v Isabella Shinikova,0,2022-12-28 09:26:28.796,2.52,2022-12-29 04:00:00,
1.208056289,11261697,Isabella Shinikova,Despina Papamichail v Isabella Shinikova,10,2022-12-28 13:03:36.141,2.76,2022-12-29 04:00:00,
1.208056289,11261697,Isabella Shinikova,Despina Papamichail v Isabella Shinikova,20,2022-12-28 14:27:28.985,2.62,2022-12-29 04:00:00,
1.208056289,11261697,Isabella Shinikova,Despina Papamichail v Isabella Shinikova,30,2022-12-28 16:04:21.271,2.5,2022-12-29 04:00:00,
1.208056289,11261697,Isabella Shinikova,Despina Papamichail v Isabella Shinikova,40,2022-12-28 16:41:30.018,2.44,2022-12-29 04:00:00,
1.208056289,11261697,Isabella Shinikova,Despina Papamichail v Isabella Shinikova,50,2022-12-28 17:55:05.098,2.5,2022-12-29 04:00:00,
1.208056289,11261697,Isabella Shinikova,Despina Papamichail v Isabella Shinikova,60,2022-12-28 21:26:34.165,2.5,2022-12-29 04:00:00,
1.208056289,11261697,Isabella Shinikova,Despina Papamichail v Isabella Shinikova,70,2022-12-28 23:28:30.231,2.52,2022-12-29 04:00:00,
1.208056289,11261697,Isabella Shinikova,Despina Papamichail v Isabella Shinikova,80,2022-12-29 04:00:37.527,2.52,2022-12-29 04:16:29,
1.208056289,11261697,Isabella Shinikova,Despina Papamichail v Isabella Shinikova,90,2022-12-29 04:05:37.557,2.5,2022-12-29 04:12:44,
1.208056289,11261697,Isabella Shinikova,Despina Papamichail v Isabella Shinikova,100,2022-12-29 04:09:33.584,2.0,2022-12-29 04:24:25,2022-12-29 04:09:33.584
1.208056351,19924962,Belinda Bencic,Belinda Bencic v Yulia Putintseva,0,2022-12-28 12:37:03.483,1.34,2022-12-29 09:00:00,
1.208056351,19924962,Belinda Bencic,Belinda Bencic v Yulia Putintseva,10,2022-12-28 19:46:21.293,1.33,2022-12-29 09:00:00,
1.208056351,19924962,Belinda Bencic,Belinda Bencic v Yulia Putintseva,20,2022-12-28 20:07:26.684,1.32,2022-12-29 09:00:00,
1.208056351,19924962,Belinda Bencic,Belinda Bencic v Yulia Putintseva,30,2022-12-28 22:43:28.707,1.31,2022-12-29 09:00:00,
1.208056351,19924962,Belinda Bencic,Belinda Bencic v Yulia Putintseva,40,2022-12-29 03:43:41.749,1.31,2022-12-29 09:00:00,
1.208056351,19924962,Belinda Bencic,Belinda Bencic v Yulia Putintseva,50,2022-12-29 04:42:25.692,1.33,2022-12-29 09:00:00,
1.208056351,19924962,Belinda Bencic,Belinda Bencic v Yulia Putintseva,60,2022-12-29 07:40:30.623,1.32,2022-12-29 09:00:00,
1.208056351,19924962,Belinda Bencic,Belinda Bencic v Yulia Putintseva,70,2022-12-29 08:40:20.808,1.32,2022-12-29 09:00:00,
1.208056351,19924962,Belinda Bencic,Belinda Bencic v Yulia Putintseva,80,2022-12-29 08:48:54.745,1.33,2022-12-29 09:11:09,
1.208056351,19924962,Belinda Bencic,Belinda Bencic v Yulia Putintseva,90,2022-12-29 09:02:20.752,1.32,2022-12-29 09:17:12,
1.208056351,19924962,Belinda Bencic,Belinda Bencic v Yulia Putintseva,100,2022-12-29 09:09:15.667,1.39,2022-12-29 09:12:38,2022-12-29 09:09:15.667
1.208056413,19924940,Katie Swan,Zoe Hives v Katie Swan,0,2022-12-28 12:37:28.465,1.1,2022-12-29 09:30:00,
1.208056413,19924940,Katie Swan,Zoe Hives v Katie Swan,10,2022-12-28 20:38:36.118,1.13,2022-12-29 10:00:00,
1.208056413,19924940,Katie Swan,Zoe Hives v Katie Swan,20,2022-12-28 23:21:40.124,1.13,2022-12-29 10:00:00,
1.208056413,19924940,Katie Swan,Zoe Hives v Katie Swan,30,2022-12-29 07:37:47.377,1.12,2022-12-29 10:00:00,
1.208056413,19924940,Katie Swan,Zoe Hives v Katie Swan,40,2022-12-29 07:40:47.133,1.12,2022-12-29 10:00:00,
1.208056413,19924940,Katie Swan,Zoe Hives v Katie Swan,50,2022-12-29 08:26:41.291,1.14,2022-12-29 09:46:00,
1.208056413,19924940,Katie Swan,Zoe Hives v Katie Swan,60,2022-12-29 09:04:54.250,1.13,2022-12-29 09:46:00,
1.208056413,19924940,Katie Swan,Zoe Hives v Katie Swan,70,2022-12-29 09:12:51.793,1.13,2022-12-29 09:46:00,
1.208056413,19924940,Katie Swan,Zoe Hives v Katie Swan,80,2022-12-29 09:43:08.544,1.14,2022-12-29 09:45:00,
1.208056413,19924940,Katie Swan,Zoe Hives v Katie Swan,90,2022-12-29 09:51:50.490,1.14,2022-12-29 10:10:09,
1.208056413,19924940,Katie Swan,Zoe Hives v Katie Swan,100,2022-12-29 10:01:54.426,1.13,2022-12-29 10:06:32,
1.208056962,8326656,Thiago Monteiro,Matteo Berrettini v Thiago Monteiro,0,2022-12-29 11:59:07.065,5.1,2022-12-30 00:00:00,
1.208056962,8326656,Thiago Monteiro,Matteo Berrettini v Thiago Monteiro,10,2022-12-29 20:59:04.884,5.5,2022-12-30 00:00:00,
1.208056962,8326656,Thiago Monteiro,Matteo Berrettini v Thiago Monteiro,20,2022-12-29 21:17:03.730,5.8,2022-12-30 00:00:00,
1.208056962,8326656,Thiago Monteiro,Matteo Berrettini v Thiago Monteiro,30,2022-12-29 22:05:11.176,5.7,2022-12-30 00:00:00,
1.208056962,8326656,Thiago Monteiro,Matteo Berrettini v Thiago Monteiro,40,2022-12-29 22:13:58.952,6.0,2022-12-30 00:00:00,
1.208056962,8326656,Thiago Monteiro,Matteo Berrettini v Thiago Monteiro,50,2022-12-29 22:43:51.058,6.0,2022-12-30 00:00:00,
1.208056962,8326656,Thiago Monteiro,Matteo Berrettini v Thiago Monteiro,60,2022-12-29 22:50:57.715,5.8,2022-12-30 00:00:00,
1.208056962,8326656,Thiago Monteiro,Matteo Berrettini v Thiago Monteiro,70,2022-12-29 23:02:10.715,5.7,2022-12-30 00:00:00,
1.208056962,8326656,Thiago Monteiro,Matteo Berrettini v Thiago Monteiro,80,2022-12-29 23:43:10.491,6.2,2022-12-30 00:00:00,
1.208056962,8326656,Thiago Monteiro,Matteo Berrettini v Thiago Monteiro,90,2022-12-29 23:53:57.826,6.0,2022-12-30 00:11:59,
1.208056962,8326656,Thiago Monteiro,Matteo Berrettini v Thiago Monteiro,100,2022-12-30 00:05:53.939,6.2,2022-12-30 00:12:17,
1.208056962,8962036,Matteo Berrettini,Matteo Berrettini v Thiago Monteiro,0,2022-12-29 09:35:08.237,1.22,2022-12-30 00:00:00,
1.208056962,8962036,Matteo Berrettini,Matteo Berrettini v Thiago Monteiro,10,2022-12-29 16:25:45.738,1.21,2022-12-30 00:00:00,
1.208056962,8962036,Matteo Berrettini,Matteo Berrettini v Thiago Monteiro,20,2022-12-29 18:14:53.900,1.21,2022-12-30 00:00:00,
1.208056962,8962036,Matteo Berrettini,Matteo Berrettini v Thiago Monteiro,30,2022-12-29 21:51:07.732,1.22,2022-12-30 00:00:00,
1.208056962,8962036,Matteo Berrettini,Matteo Berrettini v Thiago Monteiro,40,2022-12-29 22:11:05.175,1.2,2022-12-30 00:00:00,
1.208056962,8962036,Matteo Berrettini,Matteo Berrettini v Thiago Monteiro,50,2022-12-29 22:17:53.225,1.21,2022-12-30 00:00:00,
1.208056962,8962036,Matteo Berrettini,Matteo Berrettini v Thiago Monteiro,60,2022-12-29 22:27:55.907,1.2,2022-12-30 00:00:00,
1.208056962,8962036,Matteo Berrettini,Matteo Berrettini v Thiago Monteiro,70,2022-12-29 22:42:50.753,1.2,2022-12-30 00:00:00,
1.208056962,8962036,Matteo Berrettini,Matteo Berrettini v Thiago Monteiro,80,2022-12-29 23:34:11.296,1.19,2022-12-30 00:00:00,
1.208056962,8962036,Matteo Berrettini,Matteo Berrettini v Thiago Monteiro,90,2022-12-29 23:53:57.826,1.2,2022-12-30 00:11:59,
1.208056962,8962036,Matteo Berrettini,Matteo Berrettini v Thiago Monteiro,100,2022-12-30 00:08:06.834,1.19,2022-12-30 00:12:17,
1.208057024,16149495,Tomas Machac,Frances Tiafoe v Tomas Machac,0,2022-12-28 13:34:22.286,4.5,2022-12-30 01:00:00,
1.208057024,16149495,Tomas Machac,Frances Tiafoe v Tomas Machac,10,2022-12-29 14:47:53.265,4.6,2022-12-30 01:00:00,
1.208057024,16149495,Tomas Machac,Frances Tiafoe v Tomas Machac,20,2022-12-29 18:55:52.092,4.1,2022-12-30 01:00:00,
1.208057024,16149495,Tomas Machac,Frances Tiafoe v Tomas Machac,30,2022-12-29 20:41:21.851,3.6,2022-12-30 01:00:00,
1.208057024,16149495,Tomas Machac,Frances Tiafoe v Tomas Machac,40,2022-12-29 20:56:07.463,3.6,2022-12-30 01:00:00,
1.208057024,16149495,Tomas Machac,Frances Tiafoe v Tomas Machac,50,2022-12-29 22:46:58.505,3.6,2022-12-30 00:45:00,
1.208057024,16149495,Tomas Machac,Frances Tiafoe v Tomas Machac,60,2022-12-29 23:16:03.630,3.65,2022-12-30 00:45:00,
1.208057024,16149495,Tomas Machac,Frances Tiafoe v Tomas Machac,70,2022-12-30 00:45:18.286,3.8,2022-12-30 01:00:00,
1.208057024,16149495,Tomas Machac,Frances Tiafoe v Tomas Machac,80,2022-12-30 00:56:21.949,3.7,2022-12-30 01:00:00,
1.208057024,16149495,Tomas Machac,Frances Tiafoe v Tomas Machac,90,2022-12-30 01:15:16.216,3.95,2022-12-30 01:37:49,
1.208057024,16149495,Tomas Machac,Frances Tiafoe v Tomas Machac,100,2022-12-30 01:32:15.885,3.9,2022-12-30 01:36:15,
1.208057024,19924839,Frances Tiafoe,Frances Tiafoe v Tomas Machac,0,2022-12-29 08:02:46.150,1.24,2022-12-30 01:00:00,
1.208057024,19924839,Frances Tiafoe,Frances Tiafoe v Tomas Machac,10,2022-12-29 15:21:53.924,1.29,2022-12-30 01:00:00,
1.208057024,19924839,Frances Tiafoe,Frances Tiafoe v Tomas Machac,20,2022-12-29 17:21:51.091,1.32,2022-12-30 01:00:00,
1.208057024,19924839,Frances Tiafoe,Frances Tiafoe v Tomas Machac,30,2022-12-29 20:42:23.727,1.38,2022-12-30 01:00:00,
1.208057024,19924839,Frances Tiafoe,Frances Tiafoe v Tomas Machac,40,2022-12-29 22:48:11.509,1.39,2022-12-30 00:45:00,
1.208057024,19924839,Frances Tiafoe,Frances Tiafoe v Tomas Machac,50,2022-12-29 23:35:10.118,1.38,2022-12-30 00:45:00,
1.208057024,19924839,Frances Tiafoe,Frances Tiafoe v Tomas Machac,60,2022-12-30 00:25:16.186,1.37,2022-12-30 00:45:00,
1.208057024,19924839,Frances Tiafoe,Frances Tiafoe v Tomas Machac,70,2022-12-30 00:40:20.334,1.35,2022-12-30 00:45:00,
1.208057024,19924839,Frances Tiafoe,Frances Tiafoe v Tomas Machac,80,2022-12-30 01:06:57.123,1.36,2022-12-30 01:15:00,
1.208057024,19924839,Frances Tiafoe,Frances Tiafoe v Tomas Machac,90,2022-12-30 01:17:12.102,1.35,2022-12-30 01:37:49,
1.208057024,19924839,Frances Tiafoe,Frances Tiafoe v Tomas Machac,100,2022-12-30 01:32:15.885,1.34,2022-12-30 01:36:15,
1.208057086,8443097,Dimitar Kuzmanov,Michail Pervolarakis v Dimitar Kuzmanov,0,2022-12-29 20:10:21.136,1.22,2022-12-30 04:00:00,
1.208057086,8443097,Dimitar Kuzmanov,Michail Pervolarakis v Dimitar Kuzmanov,10,2022-12-29 20:12:09.574,1.24,2022-12-30 04:00:00,
1.208057086,8443097,Dimitar Kuzmanov,Michail Pervolarakis v Dimitar Kuzmanov,20,2022-12-29 20:22:15.706,1.22,2022-12-30 04:00:00,
1.208057086,8443097,Dimitar Kuzmanov,Michail Pervolarakis v Dimitar Kuzmanov,30,2022-12-29 22:34:21.063,1.22,2022-12-30 04:00:00,
1.208057086,8443097,Dimitar Kuzmanov,Michail Pervolarakis v Dimitar Kuzmanov,40,2022-12-30 00:14:06.654,1.21,2022-12-30 04:00:00,
1.208057086,8443097,Dimitar Kuzmanov,Michail Pervolarakis v Dimitar Kuzmanov,50,2022-12-30 02:49:15.060,1.2,2022-12-30 03:50:00,
1.208057086,8443097,Dimitar Kuzmanov,Michail Pervolarakis v Dimitar Kuzmanov,60,2022-12-30 03:18:14.394,1.2,2022-12-30 03:50:00,
1.208057086,8443097,Dimitar Kuzmanov,Michail Pervolarakis v Dimitar Kuzmanov,70,2022-12-30 03:35:28.537,1.2,2022-12-30 03:50:00,
1.208057086,8443097,Dimitar Kuzmanov,Michail Pervolarakis v Dimitar Kuzmanov,80,2022-12-30 03:42:27.768,1.2,2022-12-30 03:56:00,
1.208057086,8443097,Dimitar Kuzmanov,Michail Pervolarakis v Dimitar Kuzmanov,90,2022-12-30 03:47:10.185,1.2,2022-12-30 04:11:09,
1.208057086,8443097,Dimitar Kuzmanov,Michail Pervolarakis v Dimitar Kuzmanov,100,2022-12-30 03:55:25.245,1.19,2022-12-30 04:01:25,
1.20805721,3066621,Adrian Mannarino,Adrian Mannarino v Federico Coria,0,2022-12-28 13:38:04.475,1.36,2022-12-30 11:00:00,
1.20805721,3066621,Adrian Mannarino,Adrian Mannarino v Federico Coria,10,2022-12-29 19:42:50.256,1.36,2022-12-30 11:00:00,
1.20805721,3066621,Adrian Mannarino,Adrian Mannarino v Federico Coria,20,2022-12-29 22:38:29.072,1.28,2022-12-30 11:00:00,
1.20805721,3066621,Adrian Mannarino,Adrian Mannarino v Federico Coria,30,2022-12-30 01:35:45.107,1.32,2022-12-30 11:00:00,
1.20805721,3066621,Adrian Mannarino,Adrian Mannarino v Federico Coria,40,2022-12-30 05:37:56.937,1.31,2022-12-30 11:00:00,
1.20805721,3066621,Adrian Mannarino,Adrian Mannarino v Federico Coria,50,2022-12-30 08:04:21.852,1.25,2022-12-30 11:00:00,
1.20805721,3066621,Adrian Mannarino,Adrian Mannarino v Federico Coria,60,2022-12-30 09:57:49.711,1.24,2022-12-30 11:00:00,
1.20805721,3066621,Adrian Mannarino,Adrian Mannarino v Federico Coria,70,2022-12-30 10:26:19.132,1.25,2022-12-30 11:00:00,
1.20805721,3066621,Adrian Mannarino,Adrian Mannarino v Federico Coria,80,2022-12-30 10:45:21.474,1.24,2022-12-30 11:00:00,
1.20805721,3066621,Adrian Mannarino,Adrian Mannarino v Federico Coria,90,2022-12-30 10:57:23.019,1.26,2022-12-30 11:22:19,
1.20805721,3066621,Adrian Mannarino,Adrian Mannarino v Federico Coria,100,2022-12-30 11:08:28.157,1.25,2022-12-30 11:11:33,2022-12-30 11:07:26.245
1.20805721,8326752,Federico Coria,Adrian Mannarino v Federico Coria,0,2022-12-29 19:39:08.511,3.95,2022-12-30 11:00:00,
1.20805721,8326752,Federico Coria,Adrian Mannarino v Federico Coria,10,2022-12-29 20:41:06.179,4.0,2022-12-30 11:00:00,
1.20805721,8326752,Federico Coria,Adrian Mannarino v Federico Coria,20,2022-12-29 22:33:08.547,4.3,2022-12-30 11:00:00,
1.20805721,8326752,Federico Coria,Adrian Mannarino v Federico Coria,30,2022-12-30 04:05:24.191,4.1,2022-12-30 11:00:00,
1.20805721,8326752,Federico Coria,Adrian Mannarino v Federico Coria,40,2022-12-30 07:46:25.324,4.8,2022-12-30 11:00:00,
1.20805721,8326752,Federico Coria,Adrian Mannarino v Federico Coria,50,2022-12-30 09:56:08.737,5.0,2022-12-30 11:00:00,
1.20805721,8326752,Federico Coria,Adrian Mannarino v Federico Coria,60,2022-12-30 10:27:27.545,5.0,2022-12-30 11:00:00,
1.20805721,8326752,Federico Coria,Adrian Mannarino v Federico Coria,70,2022-12-30 10:40:04.021,4.9,2022-12-30 11:00:00,
1.20805721,8326752,Federico Coria,Adrian Mannarino v Federico Coria,80,2022-12-30 10:47:28.740,4.9,2022-12-30 11:00:00,
1.20805721,8326752,Federico Coria,Adrian Mannarino v Federico Coria,90,2022-12-30 11:02:25.771,4.7,2022-12-30 11:16:30,
1.20805721,8326752,Federico Coria,Adrian Mannarino v Federico Coria,100,2022-12-30 11:07:26.245,5.0,2022-12-30 11:11:33,2022-12-30 11:07:26.245
1.208057272,2497008,Petra Kvitova,Jessica Pegula v Petra Kvitova,0,2022-12-29 13:24:17.765,2.52,2022-12-29 23:00:00,
1.208057272,2497008,Petra Kvitova,Jessica Pegula v Petra Kvitova,10,2022-12-29 16:20:20.035,2.66,2022-12-29 23:00:00,
1.208057272,2497008,Petra Kvitova,Jessica Pegula v Petra Kvitova,20,2022-12-29 17:05:20.405,2.64,2022-12-29 23:00:00,
1.208057272,2497008,Petra Kvitova,Jessica Pegula v Petra Kvitova,30,2022-12-29 21:01:05.374,2.68,2022-12-29 23:00:00,
1.208057272,2497008,Petra Kvitova,Jessica Pegula v Petra Kvitova,40,2022-12-29 22:12:37.596,2.62,2022-12-29 23:00:00,
1.208057272,2497008,Petra Kvitova,Jessica Pegula v Petra Kvitova,50,2022-12-29 22:27:20.869,2.6,2022-12-29 23:00:00,
1.208057272,2497008,Petra Kvitova,Jessica Pegula v Petra Kvitova,60,2022-12-29 22:30:18.262,2.66,2022-12-29 23:00:00,
1.208057272,2497008,Petra Kvitova,Jessica Pegula v Petra Kvitova,70,2022-12-29 22:35:20.759,2.66,2022-12-29 23:00:00,
1.208057272,2497008,Petra Kvitova,Jessica Pegula v Petra Kvitova,80,2022-12-29 22:52:19.480,2.72,2022-12-29 23:10:39,
1.208057272,2497008,Petra Kvitova,Jessica Pegula v Petra Kvitova,90,2022-12-29 22:59:19.365,2.72,2022-12-29 23:10:39,
1.208057272,2497008,Petra Kvitova,Jessica Pegula v Petra Kvitova,100,2022-12-29 23:07:20.680,2.66,2022-12-29 23:11:06,
1.208057272,6215852,Jessica Pegula,Jessica Pegula v Petra Kvitova,0,2022-12-28 23:14:26.686,1.62,2022-12-29 23:00:00,
1.208057272,6215852,Jessica Pegula,Jessica Pegula v Petra Kvitova,10,2022-12-29 14:06:58.564,1.66,2022-12-29 23:00:00,
1.208057272,6215852,Jessica Pegula,Jessica Pegula v Petra Kvitova,20,2022-12-29 15:07:00.761,1.61,2022-12-29 23:00:00,
1.208057272,6215852,Jessica Pegula,Jessica Pegula v Petra Kvitova,30,2022-12-29 16:12:20.336,1.58,2022-12-29 23:00:00,
1.208057272,6215852,Jessica Pegula,Jessica Pegula v Petra Kvitova,40,2022-12-29 18:47:52.947,1.61,2022-12-29 23:00:00,
1.208057272,6215852,Jessica Pegula,Jessica Pegula v Petra Kvitova,50,2022-12-29 21:28:57.093,1.61,2022-12-29 23:00:00,
1.208057272,6215852,Jessica Pegula,Jessica Pegula v Petra Kvitova,60,2022-12-29 22:00:22.737,1.61,2022-12-29 23:00:00,
1.208057272,6215852,Jessica Pegula,Jessica Pegula v Petra Kvitova,70,2022-12-29 22:27:20.869,1.61,2022-12-29 23:00:00,
1.208057272,6215852,Jessica Pegula,Jessica Pegula v Petra Kvitova,80,2022-12-29 22:35:53.182,1.59,2022-12-29 23:00:00,
1.208057272,6215852,Jessica Pegula,Jessica Pegula v Petra Kvitova,90,2022-12-29 22:55:23.655,1.58,2022-12-29 23:10:39,
1.208057272,6215852,Jessica Pegula,Jessica Pegula v Petra Kvitova,100,2022-12-29 23:07:20.680,1.6,2022-12-29 23:11:06,
1.208057334,7083093,Laura Pigossi,Lucia Bronzetti v Laura Pigossi,0,2022-12-29 15:30:06.848,4.1,2022-12-30 02:00:00,
1.208057334,7083093,Laura Pigossi,Lucia Bronzetti v Laura Pigossi,10,2022-12-29 16:40:57.721,3.9,2022-12-30 02:00:00,
1.208057334,7083093,Laura Pigossi,Lucia Bronzetti v Laura Pigossi,20,2022-12-29 19:25:04.983,3.6,2022-12-30 02:00:00,
1.208057334,7083093,Laura Pigossi,Lucia Bronzetti v Laura Pigossi,30,2022-12-29 20:21:43.936,3.55,2022-12-30 02:00:00,
1.208057334,7083093,Laura Pigossi,Lucia Bronzetti v Laura Pigossi,40,2022-12-29 22:45:10.061,3.75,2022-12-30 02:00:00,
1.208057334,7083093,Laura Pigossi,Lucia Bronzetti v Laura Pigossi,50,2022-12-30 01:16:00.677,3.7,2022-12-30 01:46:00,
1.208057334,7083093,Laura Pigossi,Lucia Bronzetti v Laura Pigossi,60,2022-12-30 01:25:57.334,3.7,2022-12-30 01:46:00,
1.208057334,7083093,Laura Pigossi,Lucia Bronzetti v Laura Pigossi,70,2022-12-30 01:41:41.759,3.7,2022-12-30 01:46:00,
1.208057334,7083093,Laura Pigossi,Lucia Bronzetti v Laura Pigossi,80,2022-12-30 02:07:50.645,3.7,2022-12-30 02:23:00,
1.208057334,7083093,Laura Pigossi,Lucia Bronzetti v Laura Pigossi,90,2022-12-30 02:13:09.333,3.55,2022-12-30 02:33:39,
1.208057334,7083093,Laura Pigossi,Lucia Bronzetti v Laura Pigossi,100,2022-12-30 02:23:05.552,3.6,2022-12-30 02:29:17,
1.208057334,9631351,Lucia Bronzetti,Lucia Bronzetti v Laura Pigossi,0,2022-12-29 15:30:06.848,1.32,2022-12-30 02:00:00,
1.208057334,9631351,Lucia Bronzetti,Lucia Bronzetti v Laura Pigossi,10,2022-12-29 16:22:06.141,1.35,2022-12-30 02:00:00,
1.208057334,9631351,Lucia Bronzetti,Lucia Bronzetti v Laura Pigossi,20,2022-12-29 16:45:10.633,1.39,2022-12-30 02:00:00,
1.208057334,9631351,Lucia Bronzetti,Lucia Bronzetti v Laura Pigossi,30,2022-12-29 22:35:17.743,1.38,2022-12-30 02:00:00,
1.208057334,9631351,Lucia Bronzetti,Lucia Bronzetti v Laura Pigossi,40,2022-12-30 00:21:09.978,1.38,2022-12-30 01:46:00,
1.208057334,9631351,Lucia Bronzetti,Lucia Bronzetti v Laura Pigossi,50,2022-12-30 01:17:09.283,1.36,2022-12-30 01:46:00,
1.208057334,9631351,Lucia Bronzetti,Lucia Bronzetti v Laura Pigossi,60,2022-12-30 01:36:08.319,1.37,2022-12-30 01:46:00,
1.208057334,9631351,Lucia Bronzetti,Lucia Bronzetti v Laura Pigossi,70,2022-12-30 01:52:17.284,1.37,2022-12-30 02:01:00,
1.208057334,9631351,Lucia Bronzetti,Lucia Bronzetti v Laura Pigossi,80,2022-12-30 02:01:53.094,1.36,2022-12-30 02:16:00,
1.208057334,9631351,Lucia Bronzetti,Lucia Bronzetti v Laura Pigossi,90,2022-12-30 02:13:09.333,1.39,2022-12-30 02:33:39,
1.208057334,9631351,Lucia Bronzetti,Lucia Bronzetti v Laura Pigossi,100,2022-12-30 02:25:10.168,1.37,2022-12-30 02:29:17,
1.208057396,4597116,Viktoriya Tomova,Maria Sakkari v Viktoriya Tomova,0,2022-12-29 10:10:07.879,6.4,2022-12-30 02:00:00,
1.208057396,4597116,Viktoriya Tomova,Maria Sakkari v Viktoriya Tomova,10,2022-12-29 15:17:57.598,6.6,2022-12-30 02:00:00,
1.208057396,4597116,Viktoriya Tomova,Maria Sakkari v Viktoriya Tomova,20,2022-12-29 16:53:35.600,6.8,2022-12-30 02:00:00,
1.208057396,4597116,Viktoriya Tomova,Maria Sakkari v Viktoriya Tomova,30,2022-12-29 21:18:28.064,7.0,2022-12-30 02:00:00,
1.208057396,4597116,Viktoriya Tomova,Maria Sakkari v Viktoriya Tomova,40,2022-12-29 23:38:07.880,6.6,2022-12-30 02:00:00,
1.208057396,4597116,Viktoriya Tomova,Maria Sakkari v Viktoriya Tomova,50,2022-12-30 01:10:22.797,7.4,2022-12-30 02:00:00,
1.208057396,4597116,Viktoriya Tomova,Maria Sakkari v Viktoriya Tomova,60,2022-12-30 01:26:24.008,6.8,2022-12-30 02:00:00,
1.208057396,4597116,Viktoriya Tomova,Maria Sakkari v Viktoriya Tomova,70,2022-12-30 01:31:27.609,7.4,2022-12-30 02:00:00,
1.208057396,4597116,Viktoriya Tomova,Maria Sakkari v Viktoriya Tomova,80,2022-12-30 01:41:41.553,7.2,2022-12-30 02:00:00,
1.208057396,4597116,Viktoriya Tomova,Maria Sakkari v Viktoriya Tomova,90,2022-12-30 02:04:25.690,6.8,2022-12-30 02:11:39,
1.208057396,4597116,Viktoriya Tomova,Maria Sakkari v Viktoriya Tomova,100,2022-12-30 02:05:25.958,7.2,2022-12-30 02:11:39,
1.208057396,9002331,Maria Sakkari,Maria Sakkari v Viktoriya Tomova,0,2022-12-29 11:33:38.142,1.15,2022-12-30 02:00:00,
1.208057396,9002331,Maria Sakkari,Maria Sakkari v Viktoriya Tomova,10,2022-12-29 20:49:56.068,1.18,2022-12-30 02:00:00,
1.208057396,9002331,Maria Sakkari,Maria Sakkari v Viktoriya Tomova,20,2022-12-29 21:25:25.729,1.18,2022-12-30 02:00:00,
1.208057396,9002331,Maria Sakkari,Maria Sakkari v Viktoriya Tomova,30,2022-12-29 22:26:26.705,1.18,2022-12-30 02:00:00,
1.208057396,9002331,Maria Sakkari,Maria Sakkari v Viktoriya Tomova,40,2022-12-30 00:00:32.055,1.18,2022-12-30 02:00:00,
1.208057396,9002331,Maria Sakkari,Maria Sakkari v Viktoriya Tomova,50,2022-12-30 00:21:16.533,1.18,2022-12-30 02:00:00,
1.208057396,9002331,Maria Sakkari,Maria Sakkari v Viktoriya Tomova,60,2022-12-30 00:58:18.990,1.16,2022-12-30 02:00:00,
1.208057396,9002331,Maria Sakkari,Maria Sakkari v Viktoriya Tomova,70,2022-12-30 01:18:28.927,1.16,2022-12-30 02:00:00,
1.208057396,9002331,Maria Sakkari,Maria Sakkari v Viktoriya Tomova,80,2022-12-30 01:30:23.130,1.16,2022-12-30 02:00:00,
1.208057396,9002331,Maria Sakkari,Maria Sakkari v Viktoriya Tomova,90,2022-12-30 01:56:23.153,1.16,2022-12-30 02:15:49,
1.208057396,9002331,Maria Sakkari,Maria Sakkari v Viktoriya Tomova,100,2022-12-30 02:08:26.073,1.17,2022-12-30 02:11:39,2022-12-30 02:08:26.073
1.208057458,3740233,Ajla Tomljanovic,Ajla Tomljanovic v Harriet Dart,0,2022-12-29 05:48:08.688,1.5,2022-12-30 06:30:00,
1.208057458,3740233,Ajla Tomljanovic,Ajla Tomljanovic v Harriet Dart,10,2022-12-29 14:00:23.978,1.53,2022-12-30 06:30:00,
1.208057458,3740233,Ajla Tomljanovic,Ajla Tomljanovic v Harriet Dart,20,2022-12-29 18:54:15.360,1.54,2022-12-30 06:30:00,
1.208057458,3740233,Ajla Tomljanovic,Ajla Tomljanovic v Harriet Dart,30,2022-12-29 20:21:50.676,1.53,2022-12-30 06:30:00,
1.208057458,3740233,Ajla Tomljanovic,Ajla Tomljanovic v Harriet Dart,40,2022-12-29 21:00:40.145,1.5,2022-12-30 06:30:00,
1.208057458,3740233,Ajla Tomljanovic,Ajla Tomljanovic v Harriet Dart,50,2022-12-29 21:46:22.765,1.5,2022-12-30 06:30:00,
1.208057458,3740233,Ajla Tomljanovic,Ajla Tomljanovic v Harriet Dart,60,2022-12-29 22:32:20.682,1.5,2022-12-30 06:30:00,
1.208057458,3740233,Ajla Tomljanovic,Ajla Tomljanovic v Harriet Dart,70,2022-12-29 22:35:12.620,1.47,2022-12-30 06:30:00,
1.208057458,3740233,Ajla Tomljanovic,Ajla Tomljanovic v Harriet Dart,80,2022-12-29 22:43:36.039,1.48,2022-12-30 06:30:00,
1.208057458,3740233,Ajla Tomljanovic,Ajla Tomljanovic v Harriet Dart,90,2022-12-29 22:53:06.138,1.48,2022-12-30 06:30:00,
1.208057458,3740233,Ajla Tomljanovic,Ajla Tomljanovic v Harriet Dart,100,2022-12-30 01:05:58.330,1.42,2022-12-30 06:30:00,
1.20805752,9247812,Jil Teichmann,Jil Teichmann v Zhibek Kulambayeva,0,2022-12-29 12:14:44.703,1.07,2022-12-30 09:00:00,
1.20805752,9247812,Jil Teichmann,Jil Teichmann v Zhibek Kulambayeva,10,2022-12-29 21:47:10.147,1.08,2022-12-30 09:00:00,
1.20805752,9247812,Jil Teichmann,Jil Teichmann v Zhibek Kulambayeva,20,2022-12-30 01:17:06.879,1.07,2022-12-30 09:00:00,
1.20805752,9247812,Jil Teichmann,Jil Teichmann v Zhibek Kulambayeva,30,2022-12-30 04:31:22.704,1.07,2022-12-30 09:00:00,
1.20805752,9247812,Jil Teichmann,Jil Teichmann v Zhibek Kulambayeva,40,2022-12-30 05:43:52.661,1.06,2022-12-30 09:00:00,
1.20805752,9247812,Jil Teichmann,Jil Teichmann v Zhibek Kulambayeva,50,2022-12-30 06:55:56.980,1.07,2022-12-30 09:00:00,
1.20805752,9247812,Jil Teichmann,Jil Teichmann v Zhibek Kulambayeva,60,2022-12-30 07:58:36.206,1.07,2022-12-30 09:00:00,
1.20805752,9247812,Jil Teichmann,Jil Teichmann v Zhibek Kulambayeva,70,2022-12-30 08:16:13.489,1.06,2022-12-30 09:00:00,
1.20805752,9247812,Jil Teichmann,Jil Teichmann v Zhibek Kulambayeva,80,2022-12-30 08:38:57.784,1.06,2022-12-30 09:00:00,
1.20805752,9247812,Jil Teichmann,Jil Teichmann v Zhibek Kulambayeva,90,2022-12-30 08:58:10.800,1.07,2022-12-30 09:00:00,
1.20805752,9247812,Jil Teichmann,Jil Teichmann v Zhibek Kulambayeva,100,2022-12-30 09:31:08.042,1.06,2022-12-30 09:35:36,
1.20805752,9634334,Zhibek Kulambayeva,Jil Teichmann v Zhibek Kulambayeva,0,2022-12-29 14:55:28.085,9.2,2022-12-30 09:00:00,
1.20805752,9634334,Zhibek Kulambayeva,Jil Teichmann v Zhibek Kulambayeva,10,2022-12-29 15:29:17.448,11.0,2022-12-30 09:00:00,
1.20805752,9634334,Zhibek Kulambayeva,Jil Teichmann v Zhibek Kulambayeva,20,2022-12-30 01:15:09.486,14.0,2022-12-30 09:00:00,
1.20805752,9634334,Zhibek Kulambayeva,Jil Teichmann v Zhibek Kulambayeva,30,2022-12-30 01:26:24.212,13.5,2022-12-30 09:00:00,
1.20805752,9634334,Zhibek Kulambayeva,Jil Teichmann v Zhibek Kulambayeva,40,2022-12-30 05:43:52.661,18.0,2022-12-30 09:00:00,
1.20805752,9634334,Zhibek Kulambayeva,Jil Teichmann v Zhibek Kulambayeva,50,2022-12-30 06:52:01.718,15.0,2022-12-30 09:00:00,
1.20805752,9634334,Zhibek Kulambayeva,Jil Teichmann v Zhibek Kulambayeva,60,2022-12-30 08:06:03.685,15.5,2022-12-30 09:00:00,
1.20805752,9634334,Zhibek Kulambayeva,Jil Teichmann v Zhibek Kulambayeva,70,2022-12-30 09:00:03.466,16.0,2022-12-30 09:15:00,
1.20805752,9634334,Zhibek Kulambayeva,Jil Teichmann v Zhibek Kulambayeva,80,2022-12-30 09:02:59.541,15.5,2022-12-30 09:15:00,
1.20805752,9634334,Zhibek Kulambayeva,Jil Teichmann v Zhibek Kulambayeva,90,2022-12-30 09:22:23.267,17.5,2022-12-30 09:37:19,
1.20805752,9634334,Zhibek Kulambayeva,Jil Teichmann v Zhibek Kulambayeva,100,2022-12-30 09:29:07.197,18.0,2022-12-30 09:35:36,
1.208057582,5248977,Caroline Garcia,Caroline Garcia v Nadia Podoroska,0,2022-12-29 15:10:27.653,1.13,2022-12-30 09:30:00,
1.208057582,5248977,Caroline Garcia,Caroline Garcia v Nadia Podoroska,10,2022-12-29 15:26:23.518,1.16,2022-12-30 09:30:00,
1.208057582,5248977,Caroline Garcia,Caroline Garcia v Nadia Podoroska,20,2022-12-29 18:12:21.120,1.17,2022-12-30 09:30:00,
1.208057582,5248977,Caroline Garcia,Caroline Garcia v Nadia Podoroska,30,2022-12-30 02:27:19.325,1.17,2022-12-30 09:30:00,
1.208057582,5248977,Caroline Garcia,Caroline Garcia v Nadia Podoroska,40,2022-12-30 04:12:21.983,1.16,2022-12-30 09:30:00,
1.208057582,5248977,Caroline Garcia,Caroline Garcia v Nadia Podoroska,50,2022-12-30 05:56:01.313,1.18,2022-12-30 09:30:00,
1.208057582,5248977,Caroline Garcia,Caroline Garcia v Nadia Podoroska,60,2022-12-30 06:10:11.047,1.18,2022-12-30 09:30:00,
1.208057582,5248977,Caroline Garcia,Caroline Garcia v Nadia Podoroska,70,2022-12-30 07:31:31.094,1.17,2022-12-30 09:30:00,
1.208057582,5248977,Caroline Garcia,Caroline Garcia v Nadia Podoroska,80,2022-12-30 08:40:38.451,1.15,2022-12-30 09:30:00,
1.208057582,5248977,Caroline Garcia,Caroline Garcia v Nadia Podoroska,90,2022-12-30 09:29:28.301,1.15,2022-12-30 09:47:29,
1.208057582,5248977,Caroline Garcia,Caroline Garcia v Nadia Podoroska,100,2022-12-30 09:37:21.317,1.15,2022-12-30 09:43:25,
1.208057582,9042349,Nadia Podoroska,Caroline Garcia v Nadia Podoroska,0,2022-12-28 13:38:44.828,10.0,2022-12-30 09:30:00,
1.208057582,9042349,Nadia Podoroska,Caroline Garcia v Nadia Podoroska,10,2022-12-29 15:17:26.931,8.4,2022-12-30 09:30:00,
1.208057582,9042349,Nadia Podoroska,Caroline Garcia v Nadia Podoroska,20,2022-12-29 18:33:08.933,7.0,2022-12-30 09:30:00,
1.208057582,9042349,Nadia Podoroska,Caroline Garcia v Nadia Podoroska,30,2022-12-29 21:23:28.268,6.8,2022-12-30 09:30:00,
1.208057582,9042349,Nadia Podoroska,Caroline Garcia v Nadia Podoroska,40,2022-12-30 03:39:11.845,7.2,2022-12-30 09:30:00,
1.208057582,9042349,Nadia Podoroska,Caroline Garcia v Nadia Podoroska,50,2022-12-30 04:08:26.286,6.8,2022-12-30 09:30:00,
1.208057582,9042349,Nadia Podoroska,Caroline Garcia v Nadia Podoroska,60,2022-12-30 04:16:31.215,6.8,2022-12-30 09:30:00,
1.208057582,9042349,Nadia Podoroska,Caroline Garcia v Nadia Podoroska,70,2022-12-30 05:02:36.127,7.2,2022-12-30 09:30:00,
1.208057582,9042349,Nadia Podoroska,Caroline Garcia v Nadia Podoroska,80,2022-12-30 07:28:12.724,7.2,2022-12-30 09:30:00,
1.208057582,9042349,Nadia Podoroska,Caroline Garcia v Nadia Podoroska,90,2022-12-30 09:08:25.260,7.6,2022-12-30 09:30:00,
1.208057582,9042349,Nadia Podoroska,Caroline Garcia v Nadia Podoroska,100,2022-12-30 09:28:28.636,7.6,2022-12-30 09:47:29,
1.208060244,10350853,L Schmidt,L Schmidt v A Iordache,0,2022-12-28 05:49:07.034,1.5,2022-12-28 08:30:00,
1.208060244,10350853,L Schmidt,L Schmidt v A Iordache,10,2022-12-28 05:49:42.139,1.42,2022-12-28 08:30:00,
1.208060244,10350853,L Schmidt,L Schmidt v A Iordache,20,2022-12-28 08:07:21.745,1.42,2022-12-28 08:30:00,
1.208060244,10350853,L Schmidt,L Schmidt v A Iordache,30,2022-12-28 08:30:30.722,1.66,2022-12-28 09:00:00,
1.208060244,10350853,L Schmidt,L Schmidt v A Iordache,40,2022-12-28 08:41:24.629,1.65,2022-12-28 09:00:00,
1.208060244,10350853,L Schmidt,L Schmidt v A Iordache,50,2022-12-28 08:49:07.672,1.5,2022-12-28 09:00:00,
1.208060244,10350853,L Schmidt,L Schmidt v A Iordache,60,2022-12-28 09:10:15.757,1.4,2022-12-28 09:30:00,2022-12-28 09:01:24.860
1.208060244,10350853,L Schmidt,L Schmidt v A Iordache,70,2022-12-28 09:11:24.541,1.45,2022-12-28 09:30:00,2022-12-28 09:01:24.860
1.208060244,10350853,L Schmidt,L Schmidt v A Iordache,80,2022-12-28 09:18:38.338,1.72,2022-12-28 09:30:00,2022-12-28 09:01:24.860
1.208060244,10350853,L Schmidt,L Schmidt v A Iordache,90,2022-12-28 09:40:25.385,1.6,2022-12-28 10:00:00,2022-12-28 09:01:24.860
1.208060244,10350853,L Schmidt,L Schmidt v A Iordache,100,2022-12-28 10:12:20.479,1.6,2022-12-28 10:30:00,2022-12-28 09:01:24.860
1.208060261,11135439,E Vanlangendonck,M Adaloglou v E Vanlangendonck,0,2022-12-28 05:56:53.253,1.17,2022-12-28 08:30:00,
1.208060261,11135439,E Vanlangendonck,M Adaloglou v E Vanlangendonck,10,2022-12-28 07:06:39.777,1.18,2022-12-28 08:30:00,
1.208060261,11135439,E Vanlangendonck,M Adaloglou v E Vanlangendonck,20,2022-12-28 08:40:21.322,1.43,2022-12-28 09:00:00,
1.208060261,11135439,E Vanlangendonck,M Adaloglou v E Vanlangendonck,30,2022-12-28 09:06:52.095,1.7,2022-12-28 09:30:00,2022-12-28 09:01:26.504
1.208060261,11135439,E Vanlangendonck,M Adaloglou v E Vanlangendonck,40,2022-12-28 09:12:22.192,1.11,2022-12-28 09:30:00,2022-12-28 09:01:26.504
1.208060261,11135439,E Vanlangendonck,M Adaloglou v E Vanlangendonck,50,2022-12-28 09:18:16.737,1.45,2022-12-28 09:30:00,2022-12-28 09:01:26.504
1.208060261,11135439,E Vanlangendonck,M Adaloglou v E Vanlangendonck,60,2022-12-28 09:24:27.447,1.25,2022-12-28 09:30:00,2022-12-28 09:01:26.504
1.208060261,11135439,E Vanlangendonck,M Adaloglou v E Vanlangendonck,70,2022-12-28 09:37:38.594,1.29,2022-12-28 10:00:00,2022-12-28 09:01:26.504
1.208060261,11135439,E Vanlangendonck,M Adaloglou v E Vanlangendonck,80,2022-12-28 10:06:58.235,1.25,2022-12-28 10:30:00,2022-12-28 09:01:26.504
1.208060261,11135439,E Vanlangendonck,M Adaloglou v E Vanlangendonck,90,2022-12-28 10:27:10.653,1.17,2022-12-28 10:30:00,2022-12-28 09:01:26.504
1.208060261,11135439,E Vanlangendonck,M Adaloglou v E Vanlangendonck,100,2022-12-28 11:05:18.927,1.4,2022-12-28 11:15:00,2022-12-28 09:01:26.504
1.208061474,9636366,C Bechri,C Bechri v J Chiripal,0,2022-12-28 05:29:09.181,1.05,2022-12-28 10:00:00,
1.208061474,9636366,C Bechri,C Bechri v J Chiripal,10,2022-12-28 08:06:42.136,1.05,2022-12-28 10:00:00,
1.208061474,9636366,C Bechri,C Bechri v J Chiripal,20,2022-12-28 08:41:03.603,1.03,2022-12-28 10:30:00,
1.208061474,9636366,C Bechri,C Bechri v J Chiripal,30,2022-12-28 09:18:52.877,1.05,2022-12-28 11:00:00,
1.208061474,9636366,C Bechri,C Bechri v J Chiripal,40,2022-12-28 09:21:50.307,1.03,2022-12-28 11:00:00,
1.208061474,9636366,C Bechri,C Bechri v J Chiripal,50,2022-12-28 09:29:10.389,1.06,2022-12-28 11:00:00,
1.208061474,9636366,C Bechri,C Bechri v J Chiripal,60,2022-12-28 09:32:03.334,1.06,2022-12-28 11:00:00,
1.208061474,9636366,C Bechri,C Bechri v J Chiripal,70,2022-12-28 09:38:10.726,1.06,2022-12-28 11:30:00,
1.208061474,9636366,C Bechri,C Bechri v J Chiripal,80,2022-12-28 09:59:34.124,1.02,2022-12-28 11:30:00,
1.208061474,9636366,C Bechri,C Bechri v J Chiripal,90,2022-12-28 10:36:01.685,1.03,2022-12-28 12:00:00,
1.208061474,9636366,C Bechri,C Bechri v J Chiripal,100,2022-12-28 12:59:05.687,1.04,2022-12-28 13:00:00,2022-12-28 12:51:37.691
1.208065658,13834991,Lorenzo Musetti,Lorenzo Musetti v Felipe Meligeni Alves,0,2022-12-28 12:31:55.926,1.09,2022-12-29 05:00:00,
1.208065658,13834991,Lorenzo Musetti,Lorenzo Musetti v Felipe Meligeni Alves,10,2022-12-28 22:23:57.621,1.12,2022-12-29 05:00:00,
1.208065658,13834991,Lorenzo Musetti,Lorenzo Musetti v Felipe Meligeni Alves,20,2022-12-29 01:14:44.172,1.11,2022-12-29 05:00:00,
1.208065658,13834991,Lorenzo Musetti,Lorenzo Musetti v Felipe Meligeni Alves,30,2022-12-29 02:26:41.087,1.11,2022-12-29 05:00:00,
1.208065658,13834991,Lorenzo Musetti,Lorenzo Musetti v Felipe Meligeni Alves,40,2022-12-29 04:31:53.830,1.12,2022-12-29 05:00:00,
1.208065658,13834991,Lorenzo Musetti,Lorenzo Musetti v Felipe Meligeni Alves,50,2022-12-29 04:37:05.124,1.12,2022-12-29 05:00:00,
1.208065658,13834991,Lorenzo Musetti,Lorenzo Musetti v Felipe Meligeni Alves,60,2022-12-29 04:42:01.536,1.11,2022-12-29 05:00:00,
1.208065658,13834991,Lorenzo Musetti,Lorenzo Musetti v Felipe Meligeni Alves,70,2022-12-29 04:45:07.052,1.11,2022-12-29 05:00:00,
1.208065658,13834991,Lorenzo Musetti,Lorenzo Musetti v Felipe Meligeni Alves,80,2022-12-29 04:54:02.908,1.1,2022-12-29 05:00:00,2022-12-29 04:51:08.352
1.208065658,13834991,Lorenzo Musetti,Lorenzo Musetti v Felipe Meligeni Alves,90,2022-12-29 04:56:07.880,1.12,2022-12-29 05:00:00,2022-12-29 04:51:08.352
1.208065658,13834991,Lorenzo Musetti,Lorenzo Musetti v Felipe Meligeni Alves,100,2022-12-29 04:58:59.324,1.12,2022-12-29 05:00:00,2022-12-29 04:51:08.352
1.208065658,42830226,Felipe Meligeni Alves,Lorenzo Musetti v Felipe Meligeni Alves,0,2022-12-28 19:23:22.254,9.8,2022-12-29 05:00:00,
1.208065658,42830226,Felipe Meligeni Alves,Lorenzo Musetti v Felipe Meligeni Alves,10,2022-12-28 22:05:58.359,10.0,2022-12-29 05:00:00,
1.208065658,42830226,Felipe Meligeni Alves,Lorenzo Musetti v Felipe Meligeni Alves,20,2022-12-29 02:26:41.087,10.5,2022-12-29 05:00:00,
1.208065658,42830226,Felipe Meligeni Alves,Lorenzo Musetti v Felipe Meligeni Alves,30,2022-12-29 04:16:27.969,10.0,2022-12-29 05:00:00,
1.208065658,42830226,Felipe Meligeni Alves,Lorenzo Musetti v Felipe Meligeni Alves,40,2022-12-29 04:37:41.978,10.0,2022-12-29 05:00:00,
1.208065658,42830226,Felipe Meligeni Alves,Lorenzo Musetti v Felipe Meligeni Alves,50,2022-12-29 04:38:32.134,9.4,2022-12-29 05:00:00,
1.208065658,42830226,Felipe Meligeni Alves,Lorenzo Musetti v Felipe Meligeni Alves,60,2022-12-29 04:40:05.366,9.6,2022-12-29 05:00:00,
1.208065658,42830226,Felipe Meligeni Alves,Lorenzo Musetti v Felipe Meligeni Alves,70,2022-12-29 04:52:06.239,9.2,2022-12-29 05:00:00,2022-12-29 04:51:08.352
1.208065658,42830226,Felipe Meligeni Alves,Lorenzo Musetti v Felipe Meligeni Alves,80,2022-12-29 04:53:06.594,10.0,2022-12-29 05:00:00,2022-12-29 04:51:08.352
1.208065658,42830226,Felipe Meligeni Alves,Lorenzo Musetti v Felipe Meligeni Alves,90,2022-12-29 04:55:08.299,8.8,2022-12-29 05:00:00,2022-12-29 04:51:08.352
1.208065658,42830226,Felipe Meligeni Alves,Lorenzo Musetti v Felipe Meligeni Alves,100,2022-12-29 04:57:08.588,8.6,2022-12-29 05:00:00,2022-12-29 04:51:08.352
1.20806572,8907933,Alexander Bublik,Stan Wawrinka v Alexander Bublik,0,2022-12-29 15:01:36.502,1.86,2022-12-30 07:30:00,
1.20806572,8907933,Alexander Bublik,Stan Wawrinka v Alexander Bublik,10,2022-12-29 18:09:47.056,1.8,2022-12-30 07:30:00,
1.20806572,8907933,Alexander Bublik,Stan Wawrinka v Alexander Bublik,20,2022-12-29 21:44:38.066,1.84,2022-12-30 07:30:00,
1.20806572,8907933,Alexander Bublik,Stan Wawrinka v Alexander Bublik,30,2022-12-30 00:24:19.005,1.87,2022-12-30 07:30:00,
1.20806572,8907933,Alexander Bublik,Stan Wawrinka v Alexander Bublik,40,2022-12-30 02:02:37.420,2.0,2022-12-30 07:30:00,
1.20806572,8907933,Alexander Bublik,Stan Wawrinka v Alexander Bublik,50,2022-12-30 03:13:34.416,1.92,2022-12-30 07:30:00,
1.20806572,8907933,Alexander Bublik,Stan Wawrinka v Alexander Bublik,60,2022-12-30 04:02:27.696,1.92,2022-12-30 07:30:00,
1.20806572,8907933,Alexander Bublik,Stan Wawrinka v Alexander Bublik,70,2022-12-30 05:10:38.964,1.92,2022-12-30 07:30:00,
1.20806572,8907933,Alexander Bublik,Stan Wawrinka v Alexander Bublik,80,2022-12-30 07:00:43.650,1.94,2022-12-30 07:30:00,
1.20806572,8907933,Alexander Bublik,Stan Wawrinka v Alexander Bublik,90,2022-12-30 07:13:42.899,1.99,2022-12-30 07:30:00,
1.20806572,8907933,Alexander Bublik,Stan Wawrinka v Alexander Bublik,100,2022-12-30 07:36:41.108,2.04,2022-12-30 07:40:21,
1.20806572,19924832,Stan Wawrinka,Stan Wawrinka v Alexander Bublik,0,2022-12-28 14:37:57.505,2.0,2022-12-30 07:30:00,
1.20806572,19924832,Stan Wawrinka,Stan Wawrinka v Alexander Bublik,10,2022-12-29 18:19:29.860,2.28,2022-12-30 07:30:00,
1.20806572,19924832,Stan Wawrinka,Stan Wawrinka v Alexander Bublik,20,2022-12-29 21:17:37.383,2.22,2022-12-30 07:30:00,
1.20806572,19924832,Stan Wawrinka,Stan Wawrinka v Alexander Bublik,30,2022-12-30 01:06:11.530,2.12,2022-12-30 07:30:00,
1.20806572,19924832,Stan Wawrinka,Stan Wawrinka v Alexander Bublik,40,2022-12-30 01:59:18.479,2.0,2022-12-30 07:30:00,
1.20806572,19924832,Stan Wawrinka,Stan Wawrinka v Alexander Bublik,50,2022-12-30 04:03:40.387,2.08,2022-12-30 07:30:00,
1.20806572,19924832,Stan Wawrinka,Stan Wawrinka v Alexander Bublik,60,2022-12-30 06:08:19.685,2.06,2022-12-30 07:30:00,
1.20806572,19924832,Stan Wawrinka,Stan Wawrinka v Alexander Bublik,70,2022-12-30 06:57:34.397,2.08,2022-12-30 07:30:00,
1.20806572,19924832,Stan Wawrinka,Stan Wawrinka v Alexander Bublik,80,2022-12-30 07:24:44.535,2.0,2022-12-30 07:42:49,
1.20806572,19924832,Stan Wawrinka,Stan Wawrinka v Alexander Bublik,90,2022-12-30 07:29:44.512,1.99,2022-12-30 07:42:49,
1.20806572,19924832,Stan Wawrinka,Stan Wawrinka v Alexander Bublik,100,2022-12-30 07:35:42.941,1.94,2022-12-30 07:40:21,
1.208070457,10109527,Alex De Minaur,Alex De Minaur v Cameron Norrie,0,2022-12-28 12:03:01.379,1.73,2022-12-29 08:00:00,
1.208070457,10109527,Alex De Minaur,Alex De Minaur v Cameron Norrie,10,2022-12-28 12:46:28.490,1.58,2022-12-29 08:00:00,
1.208070457,10109527,Alex De Minaur,Alex De Minaur v Cameron Norrie,20,2022-12-28 14:21:06.399,1.63,2022-12-29 08:00:00,
1.208070457,10109527,Alex De Minaur,Alex De Minaur v Cameron Norrie,30,2022-12-28 17:11:54.371,1.66,2022-12-29 08:00:00,
1.208070457,10109527,Alex De Minaur,Alex De Minaur v Cameron Norrie,40,2022-12-28 21:58:59.610,1.68,2022-12-29 08:00:00,
1.208070457,10109527,Alex De Minaur,Alex De Minaur v Cameron Norrie,50,2022-12-28 23:26:41.872,1.68,2022-12-29 08:00:00,
1.208070457,10109527,Alex De Minaur,Alex De Minaur v Cameron Norrie,60,2022-12-29 03:56:57.533,1.72,2022-12-29 08:00:00,
1.208070457,10109527,Alex De Minaur,Alex De Minaur v Cameron Norrie,70,2022-12-29 05:58:37.905,1.74,2022-12-29 08:00:00,
1.208070457,10109527,Alex De Minaur,Alex De Minaur v Cameron Norrie,80,2022-12-29 06:36:43.591,1.71,2022-12-29 08:00:00,
1.208070457,10109527,Alex De Minaur,Alex De Minaur v Cameron Norrie,90,2022-12-29 07:36:04.709,1.73,2022-12-29 08:00:00,
1.208070457,10109527,Alex De Minaur,Alex De Minaur v Cameron Norrie,100,2022-12-29 08:08:07.425,1.74,2022-12-29 08:12:10,
1.208070457,42669524,Cameron Norrie,Alex De Minaur v Cameron Norrie,0,2022-12-28 12:03:01.379,2.38,2022-12-29 08:00:00,
1.208070457,42669524,Cameron Norrie,Alex De Minaur v Cameron Norrie,10,2022-12-28 13:06:03.621,2.74,2022-12-29 08:00:00,
1.208070457,42669524,Cameron Norrie,Alex De Minaur v Cameron Norrie,20,2022-12-28 16:34:05.511,2.54,2022-12-29 08:00:00,
1.208070457,42669524,Cameron Norrie,Alex De Minaur v Cameron Norrie,30,2022-12-28 20:49:25.914,2.52,2022-12-29 08:00:00,
1.208070457,42669524,Cameron Norrie,Alex De Minaur v Cameron Norrie,40,2022-12-28 22:05:05.317,2.46,2022-12-29 08:00:00,
1.208070457,42669524,Cameron Norrie,Alex De Minaur v Cameron Norrie,50,2022-12-29 00:08:02.582,2.42,2022-12-29 08:00:00,
1.208070457,42669524,Cameron Norrie,Alex De Minaur v Cameron Norrie,60,2022-12-29 04:17:06.593,2.4,2022-12-29 08:00:00,
1.208070457,42669524,Cameron Norrie,Alex De Minaur v Cameron Norrie,70,2022-12-29 06:32:00.490,2.36,2022-12-29 08:00:00,
1.208070457,42669524,Cameron Norrie,Alex De Minaur v Cameron Norrie,80,2022-12-29 07:06:04.650,2.38,2022-12-29 08:00:00,
1.208070457,42669524,Cameron Norrie,Alex De Minaur v Cameron Norrie,90,2022-12-29 07:48:04.739,2.42,2022-12-29 08:11:39,
1.208070457,42669524,Cameron Norrie,Alex De Minaur v Cameron Norrie,100,2022-12-29 08:06:00.551,2.38,2022-12-29 08:12:10,
1.208070519,2263692,Alize Cornet,Alize Cornet v Maria Carle,0,2022-12-28 18:19:12.141,1.2,2022-12-29 10:00:00,
1.208070519,2263692,Alize Cornet,Alize Cornet v Maria Carle,10,2022-12-28 20:36:50.570,1.21,2022-12-29 10:00:00,
1.208070519,2263692,Alize Cornet,Alize Cornet v Maria Carle,20,2022-12-29 04:02:37.004,1.21,2022-12-29 10:00:00,
1.208070519,2263692,Alize Cornet,Alize Cornet v Maria Carle,30,2022-12-29 06:25:05.952,1.2,2022-12-29 10:00:00,
1.208070519,2263692,Alize Cornet,Alize Cornet v Maria Carle,40,2022-12-29 07:13:41.245,1.2,2022-12-29 10:00:00,
1.208070519,2263692,Alize Cornet,Alize Cornet v Maria Carle,50,2022-12-29 07:26:36.859,1.21,2022-12-29 10:00:00,
1.208070519,2263692,Alize Cornet,Alize Cornet v Maria Carle,60,2022-12-29 08:21:15.815,1.21,2022-12-29 10:00:00,
1.208070519,2263692,Alize Cornet,Alize Cornet v Maria Carle,70,2022-12-29 08:23:45.094,1.2,2022-12-29 10:00:00,
1.208070519,2263692,Alize Cornet,Alize Cornet v Maria Carle,80,2022-12-29 09:47:19.010,1.21,2022-12-29 10:00:00,
1.208070519,2263692,Alize Cornet,Alize Cornet v Maria Carle,90,2022-12-29 09:50:30.367,1.2,2022-12-29 10:13:49,
1.208070519,2263692,Alize Cornet,Alize Cornet v Maria Carle,100,2022-12-29 09:58:10.855,1.2,2022-12-29 10:13:49,
1.208070583,3103121,Daniel Evans,Jason Kubler v Daniel Evans,0,2022-12-29 06:47:04.624,1.52,2022-12-30 08:00:00,
1.208070583,3103121,Daniel Evans,Jason Kubler v Daniel Evans,10,2022-12-29 15:03:11.116,1.47,2022-12-30 08:00:00,
1.208070583,3103121,Daniel Evans,Jason Kubler v Daniel Evans,20,2022-12-29 19:14:29.710,1.44,2022-12-30 08:00:00,
1.208070583,3103121,Daniel Evans,Jason Kubler v Daniel Evans,30,2022-12-29 22:17:20.057,1.42,2022-12-30 08:00:00,
1.208070583,3103121,Daniel Evans,Jason Kubler v Daniel Evans,40,2022-12-30 00:28:06.457,1.4,2022-12-30 08:00:00,
1.208070583,3103121,Daniel Evans,Jason Kubler v Daniel Evans,50,2022-12-30 04:53:11.786,1.38,2022-12-30 08:00:00,
1.208070583,3103121,Daniel Evans,Jason Kubler v Daniel Evans,60,2022-12-30 06:44:36.936,1.38,2022-12-30 08:00:00,
1.208070583,3103121,Daniel Evans,Jason Kubler v Daniel Evans,70,2022-12-30 07:31:21.877,1.35,2022-12-30 08:00:00,
1.208070583,3103121,Daniel Evans,Jason Kubler v Daniel Evans,80,2022-12-30 07:49:14.580,1.31,2022-12-30 08:00:00,
1.208070583,3103121,Daniel Evans,Jason Kubler v Daniel Evans,90,2022-12-30 08:11:10.754,1.33,2022-12-30 08:15:00,
1.208070583,3103121,Daniel Evans,Jason Kubler v Daniel Evans,100,2022-12-30 08:31:21.569,1.28,2022-12-30 08:34:46,2022-12-30 08:30:18.371
1.208070583,4448756,Jason Kubler,Jason Kubler v Daniel Evans,0,2022-12-29 15:05:17.672,3.1,2022-12-30 08:00:00,
1.208070583,4448756,Jason Kubler,Jason Kubler v Daniel Evans,10,2022-12-29 22:24:02.449,3.35,2022-12-30 08:00:00,
1.208070583,4448756,Jason Kubler,Jason Kubler v Daniel Evans,20,2022-12-30 04:01:24.488,3.5,2022-12-30 08:00:00,
1.208070583,4448756,Jason Kubler,Jason Kubler v Daniel Evans,30,2022-12-30 06:43:13.973,3.8,2022-12-30 08:00:00,
1.208070583,4448756,Jason Kubler,Jason Kubler v Daniel Evans,40,2022-12-30 07:27:20.365,3.85,2022-12-30 08:00:00,
1.208070583,4448756,Jason Kubler,Jason Kubler v Daniel Evans,50,2022-12-30 07:41:16.738,3.95,2022-12-30 08:00:00,
1.208070583,4448756,Jason Kubler,Jason Kubler v Daniel Evans,60,2022-12-30 07:47:21.681,3.9,2022-12-30 08:00:00,
1.208070583,4448756,Jason Kubler,Jason Kubler v Daniel Evans,70,2022-12-30 07:56:05.493,4.2,2022-12-30 08:00:00,
1.208070583,4448756,Jason Kubler,Jason Kubler v Daniel Evans,80,2022-12-30 08:06:19.343,4.3,2022-12-30 08:15:00,
1.208070583,4448756,Jason Kubler,Jason Kubler v Daniel Evans,90,2022-12-30 08:25:20.926,4.3,2022-12-30 08:39:35,
1.208070583,4448756,Jason Kubler,Jason Kubler v Daniel Evans,100,2022-12-30 08:31:21.569,4.5,2022-12-30 08:34:46,2022-12-30 08:30:18.371
1.2080854,36582970,W Baszak,K Bhatia v W Baszak,0,2022-12-29 00:42:42.707,1.05,2022-12-29 06:00:00,
1.2080854,36582970,W Baszak,K Bhatia v W Baszak,10,2022-12-29 01:27:30.509,1.13,2022-12-29 06:00:00,
1.2080854,36582970,W Baszak,K Bhatia v W Baszak,20,2022-12-29 01:32:29.651,1.13,2022-12-29 06:00:00,
1.2080854,36582970,W Baszak,K Bhatia v W Baszak,30,2022-12-29 01:37:28.000,1.13,2022-12-29 06:00:00,
1.2080854,36582970,W Baszak,K Bhatia v W Baszak,40,2022-12-29 01:45:30.456,1.13,2022-12-29 06:00:00,
1.2080854,36582970,W Baszak,K Bhatia v W Baszak,50,2022-12-29 02:18:42.571,1.05,2022-12-29 06:00:00,
1.2080854,36582970,W Baszak,K Bhatia v W Baszak,60,2022-12-29 02:59:26.325,1.06,2022-12-29 06:00:00,
1.2080854,36582970,W Baszak,K Bhatia v W Baszak,70,2022-12-29 03:06:30.729,1.06,2022-12-29 06:00:00,
1.2080854,36582970,W Baszak,K Bhatia v W Baszak,80,2022-12-29 03:12:21.451,1.06,2022-12-29 06:00:00,
1.2080854,36582970,W Baszak,K Bhatia v W Baszak,90,2022-12-29 03:25:30.401,1.06,2022-12-29 06:00:00,
1.2080854,36582970,W Baszak,K Bhatia v W Baszak,100,2022-12-29 05:24:50.751,1.08,2022-12-29 06:05:00,
1.208107351,21300757,V Chaudhari,S Balu v V Chaudhari,0,2022-12-29 23:43:21.199,1.14,2022-12-30 04:30:00,
1.208107351,21300757,V Chaudhari,S Balu v V Chaudhari,10,2022-12-29 23:47:21.492,1.09,2022-12-30 04:30:00,
1.208107351,21300757,V Chaudhari,S Balu v V Chaudhari,20,2022-12-29 23:50:24.164,1.14,2022-12-30 04:30:00,
1.208107351,21300757,V Chaudhari,S Balu v V Chaudhari,30,2022-12-30 02:40:20.891,1.15,2022-12-30 04:30:00,
1.208107351,21300757,V Chaudhari,S Balu v V Chaudhari,40,2022-12-30 03:27:20.507,1.07,2022-12-30 04:30:00,
1.208107351,21300757,V Chaudhari,S Balu v V Chaudhari,50,2022-12-30 03:31:15.353,1.09,2022-12-30 04:30:00,
1.208107351,21300757,V Chaudhari,S Balu v V Chaudhari,60,2022-12-30 03:32:06.312,1.15,2022-12-30 04:30:00,
1.208107351,21300757,V Chaudhari,S Balu v V Chaudhari,70,2022-12-30 03:33:20.778,1.13,2022-12-30 04:30:00,
1.208107351,21300757,V Chaudhari,S Balu v V Chaudhari,80,2022-12-30 03:43:15.754,1.08,2022-12-30 04:30:00,
1.208107351,21300757,V Chaudhari,S Balu v V Chaudhari,90,2022-12-30 03:45:19.381,1.07,2022-12-30 04:30:00,
1.208107351,21300757,V Chaudhari,S Balu v V Chaudhari,100,2022-12-30 03:49:21.513,1.07,2022-12-30 04:30:00,
1.208107352,10141706,K Laskutova,K Laskutova v S Chilakalapudi,0,2022-12-29 23:41:35.735,1.14,2022-12-30 04:30:00,
1.208107352,10141706,K Laskutova,K Laskutova v S Chilakalapudi,10,2022-12-29 23:56:30.299,1.07,2022-12-30 04:30:00,
1.208107352,10141706,K Laskutova,K Laskutova v S Chilakalapudi,20,2022-12-29 23:58:49.316,1.07,2022-12-30 04:30:00,
1.208107352,10141706,K Laskutova,K Laskutova v S Chilakalapudi,30,2022-12-30 00:02:48.501,1.07,2022-12-30 04:30:00,
1.208107352,10141706,K Laskutova,K Laskutova v S Chilakalapudi,40,2022-12-30 00:04:50.030,1.14,2022-12-30 04:30:00,
1.208107352,10141706,K Laskutova,K Laskutova v S Chilakalapudi,50,2022-12-30 00:08:49.866,1.14,2022-12-30 04:30:00,
1.208107352,10141706,K Laskutova,K Laskutova v S Chilakalapudi,60,2022-12-30 00:10:51.120,1.14,2022-12-30 04:30:00,
1.208107352,10141706,K Laskutova,K Laskutova v S Chilakalapudi,70,2022-12-30 00:11:51.771,1.07,2022-12-30 04:30:00,
1.208107352,10141706,K Laskutova,K Laskutova v S Chilakalapudi,80,2022-12-30 00:15:40.452,1.07,2022-12-30 04:30:00,
1.208107352,10141706,K Laskutova,K Laskutova v S Chilakalapudi,90,2022-12-30 03:44:56.681,1.07,2022-12-30 04:30:00,
1.208107352,10141706,K Laskutova,K Laskutova v S Chilakalapudi,100,2022-12-30 04:27:26.883,1.1,2022-12-30 04:30:00,
1.208113942,8196374,Maddison Inglis,Maddison Inglis v Harriet Dart,0,2022-12-30 04:44:43.163,3.45,2022-12-30 06:30:00,
1.208113942,8196374,Maddison Inglis,Maddison Inglis v Harriet Dart,10,2022-12-30 05:08:06.902,3.7,2022-12-30 06:30:00,
1.208113942,8196374,Maddison Inglis,Maddison Inglis v Harriet Dart,20,2022-12-30 05:36:51.142,4.2,2022-12-30 06:30:00,
1.208113942,8196374,Maddison Inglis,Maddison Inglis v Harriet Dart,30,2022-12-30 05:47:56.928,3.65,2022-12-30 06:30:00,
1.208113942,8196374,Maddison Inglis,Maddison Inglis v Harriet Dart,40,2022-12-30 05:50:08.499,3.75,2022-12-30 06:30:00,
1.208113942,8196374,Maddison Inglis,Maddison Inglis v Harriet Dart,50,2022-12-30 05:56:03.081,3.85,2022-12-30 06:30:00,
1.208113942,8196374,Maddison Inglis,Maddison Inglis v Harriet Dart,60,2022-12-30 06:00:04.581,4.8,2022-12-30 06:30:00,
1.208113942,8196374,Maddison Inglis,Maddison Inglis v Harriet Dart,70,2022-12-30 06:01:09.075,5.0,2022-12-30 06:30:00,
1.208113942,8196374,Maddison Inglis,Maddison Inglis v Harriet Dart,80,2022-12-30 06:13:06.854,5.6,2022-12-30 06:30:00,
1.208113942,8196374,Maddison Inglis,Maddison Inglis v Harriet Dart,90,2022-12-30 06:16:05.753,5.4,2022-12-30 06:30:00,
1.208113942,8196374,Maddison Inglis,Maddison Inglis v Harriet Dart,100,2022-12-30 06:27:36.199,5.3,2022-12-30 06:30:00,
1.208113942,8595916,Harriet Dart,Maddison Inglis v Harriet Dart,0,2022-12-30 04:28:53.818,1.11,2022-12-30 06:30:00,
1.208113942,8595916,Harriet Dart,Maddison Inglis v Harriet Dart,10,2022-12-30 05:19:45.775,1.3,2022-12-30 06:30:00,
1.208113942,8595916,Harriet Dart,Maddison Inglis v Harriet Dart,20,2022-12-30 05:32:01.979,1.29,2022-12-30 06:30:00,
1.208113942,8595916,Harriet Dart,Maddison Inglis v Harriet Dart,30,2022-12-30 05:44:05.534,1.33,2022-12-30 06:30:00,
1.208113942,8595916,Harriet Dart,Maddison Inglis v Harriet Dart,40,2022-12-30 05:51:35.701,1.37,2022-12-30 06:30:00,
1.208113942,8595916,Harriet Dart,Maddison Inglis v Harriet Dart,50,2022-12-30 05:58:56.196,1.26,2022-12-30 06:30:00,
1.208113942,8595916,Harriet Dart,Maddison Inglis v Harriet Dart,60,2022-12-30 06:08:01.733,1.23,2022-12-30 06:30:00,
1.208113942,8595916,Harriet Dart,Maddison Inglis v Harriet Dart,70,2022-12-30 06:13:06.854,1.21,2022-12-30 06:30:00,
1.208113942,8595916,Harriet Dart,Maddison Inglis v Harriet Dart,80,2022-12-30 06:16:05.753,1.22,2022-12-30 06:30:00,
1.208113942,8595916,Harriet Dart,Maddison Inglis v Harriet Dart,90,2022-12-30 06:21:00.674,1.23,2022-12-30 06:30:00,
1.208113942,8595916,Harriet Dart,Maddison Inglis v Harriet Dart,100,2022-12-30 06:29:00.631,1.22,2022-12-30 06:30:00,
1.208118677,5720747,Dominic Thiem,S Kwon v Thiem,0,2022-12-30 22:36:19.500,1.67,2022-12-31 00:00:00,
1.208118677,5720747,Dominic Thiem,S Kwon v Thiem,10,2022-12-30 22:45:00.915,1.6,2022-12-31 00:00:00,
1.208118677,5720747,Dominic Thiem,S Kwon v Thiem,20,2022-12-30 23:07:36.033,1.64,2022-12-31 00:00:00,
1.208118677,5720747,Dominic Thiem,S Kwon v Thiem,30,2022-12-31 01:18:42.775,1.64,2022-12-31 07:30:00,
1.208118677,5720747,Dominic Thiem,S Kwon v Thiem,40,2022-12-31 01:19:02.998,1.63,2022-12-31 07:30:00,
1.208118677,5720747,Dominic Thiem,S Kwon v Thiem,50,2022-12-31 02:31:14.784,1.63,2022-12-31 08:30:00,
1.208118677,5720747,Dominic Thiem,S Kwon v Thiem,60,2022-12-31 03:01:41.346,1.65,2022-12-31 04:42:00,
1.208118677,5720747,Dominic Thiem,S Kwon v Thiem,70,2022-12-31 03:02:39.083,1.63,2022-12-31 04:42:00,
1.208118677,5720747,Dominic Thiem,S Kwon v Thiem,80,2022-12-31 03:21:04.062,1.62,2022-12-31 04:42:00,
1.208118677,5720747,Dominic Thiem,S Kwon v Thiem,90,2022-12-31 04:24:42.391,1.61,2022-12-31 04:42:00,
1.208118677,5720747,Dominic Thiem,S Kwon v Thiem,100,2022-12-31 04:26:13.405,1.6,2022-12-31 04:42:00,
1.208118679,9633253,Ugo Humbert,Humbert v Y Wu,0,2022-12-30 22:19:16.268,1.01,2022-12-30 23:30:00,
1.208118679,9633253,Ugo Humbert,Humbert v Y Wu,10,2022-12-30 22:26:14.832,1.95,2022-12-30 23:30:00,
1.208118679,9633253,Ugo Humbert,Humbert v Y Wu,20,2022-12-30 22:36:18.569,1.93,2022-12-30 23:30:00,
1.208118679,9633253,Ugo Humbert,Humbert v Y Wu,30,2022-12-30 22:43:15.225,1.92,2022-12-30 23:30:00,
1.208118679,9633253,Ugo Humbert,Humbert v Y Wu,40,2022-12-30 23:04:05.942,1.94,2022-12-30 23:30:00,
1.208118679,9633253,Ugo Humbert,Humbert v Y Wu,50,2022-12-30 23:05:41.601,1.96,2022-12-30 23:30:00,
1.208118679,9633253,Ugo Humbert,Humbert v Y Wu,60,2022-12-30 23:18:40.986,2.0,2022-12-30 23:30:00,
1.208118679,9633253,Ugo Humbert,Humbert v Y Wu,70,2022-12-30 23:19:28.163,1.99,2022-12-30 23:30:00,
1.208118679,9633253,Ugo Humbert,Humbert v Y Wu,80,2022-12-30 23:24:42.733,1.98,2022-12-30 23:30:00,
1.208118679,9633253,Ugo Humbert,Humbert v Y Wu,90,2022-12-30 23:25:39.610,1.97,2022-12-30 23:30:00,
1.208118679,9633253,Ugo Humbert,Humbert v Y Wu,100,2022-12-30 23:29:30.692,1.93,2022-12-30 23:30:00,
1.208118679,9633377,Yibing Wu,Humbert v Y Wu,0,2022-12-30 22:20:03.836,1.01,2022-12-30 23:30:00,
1.208118679,9633377,Yibing Wu,Humbert v Y Wu,10,2022-12-30 22:26:14.832,1.98,2022-12-30 23:30:00,
1.208118679,9633377,Yibing Wu,Humbert v Y Wu,20,2022-12-30 22:36:53.705,2.02,2022-12-30 23:30:00,
1.208118679,9633377,Yibing Wu,Humbert v Y Wu,30,2022-12-30 22:43:15.225,2.08,2022-12-30 23:30:00,
1.208118679,9633377,Yibing Wu,Humbert v Y Wu,40,2022-12-30 23:03:33.905,2.06,2022-12-30 23:30:00,
1.208118679,9633377,Yibing Wu,Humbert v Y Wu,50,2022-12-30 23:04:05.942,2.02,2022-12-30 23:30:00,
1.208118679,9633377,Yibing Wu,Humbert v Y Wu,60,2022-12-30 23:15:27.909,1.99,2022-12-30 23:30:00,
1.208118679,9633377,Yibing Wu,Humbert v Y Wu,70,2022-12-30 23:17:20.159,2.0,2022-12-30 23:30:00,
1.208118679,9633377,Yibing Wu,Humbert v Y Wu,80,2022-12-30 23:18:40.986,1.96,2022-12-30 23:30:00,
1.208118679,9633377,Yibing Wu,Humbert v Y Wu,90,2022-12-30 23:21:42.139,2.0,2022-12-30 23:30:00,
1.208118679,9633377,Yibing Wu,Humbert v Y Wu,100,2022-12-30 23:29:30.692,2.04,2022-12-30 23:30:00,
1.208118683,8173434,Taro Daniel,E Winter v Daniel,0,2022-12-30 22:26:10.657,1.12,2022-12-31 00:00:00,
1.208118683,8173434,Taro Daniel,E Winter v Daniel,10,2022-12-30 23:03:36.277,1.1,2022-12-31 00:00:00,
1.208118683,8173434,Taro Daniel,E Winter v Daniel,20,2022-12-30 23:25:38.633,1.12,2022-12-31 00:00:00,
1.208118683,8173434,Taro Daniel,E Winter v Daniel,30,2022-12-31 01:12:11.472,1.14,2022-12-31 05:05:00,
1.208118683,8173434,Taro Daniel,E Winter v Daniel,40,2022-12-31 03:07:21.948,1.14,2022-12-31 04:27:00,
1.208118683,8173434,Taro Daniel,E Winter v Daniel,50,2022-12-31 03:23:32.783,1.12,2022-12-31 04:27:00,
1.208118683,8173434,Taro Daniel,E Winter v Daniel,60,2022-12-31 03:59:39.690,1.1,2022-12-31 04:27:00,
1.208118683,8173434,Taro Daniel,E Winter v Daniel,70,2022-12-31 04:36:41.261,1.12,2022-12-31 04:42:00,
1.208118683,8173434,Taro Daniel,E Winter v Daniel,80,2022-12-31 04:49:28.963,1.12,2022-12-31 04:57:00,
1.208118683,8173434,Taro Daniel,E Winter v Daniel,90,2022-12-31 04:57:21.202,1.11,2022-12-31 05:12:00,
1.208118683,8173434,Taro Daniel,E Winter v Daniel,100,2022-12-31 05:16:29.333,1.11,2022-12-31 05:27:00,
1.208118683,27487975,Edward Winter,E Winter v Daniel,0,2022-12-30 22:36:19.552,10.5,2022-12-31 00:00:00,
1.208118683,27487975,Edward Winter,E Winter v Daniel,10,2022-12-30 23:07:42.761,9.6,2022-12-31 00:00:00,
1.208118683,27487975,Edward Winter,E Winter v Daniel,20,2022-12-30 23:25:38.633,9.2,2022-12-31 00:00:00,
1.208118683,27487975,Edward Winter,E Winter v Daniel,30,2022-12-30 23:51:35.170,9.0,2022-12-31 00:00:00,
1.208118683,27487975,Edward Winter,E Winter v Daniel,40,2022-12-31 01:46:13.446,8.4,2022-12-31 05:05:00,
1.208118683,27487975,Edward Winter,E Winter v Daniel,50,2022-12-31 03:07:21.948,8.2,2022-12-31 04:27:00,
1.208118683,27487975,Edward Winter,E Winter v Daniel,60,2022-12-31 03:34:25.229,9.2,2022-12-31 04:27:00,
1.208118683,27487975,Edward Winter,E Winter v Daniel,70,2022-12-31 04:07:38.308,11.0,2022-12-31 04:27:00,
1.208118683,27487975,Edward Winter,E Winter v Daniel,80,2022-12-31 04:09:09.923,10.5,2022-12-31 04:27:00,
1.208118683,27487975,Edward Winter,E Winter v Daniel,90,2022-12-31 04:47:21.606,9.6,2022-12-31 04:57:00,
1.208118683,27487975,Edward Winter,E Winter v Daniel,100,2022-12-31 04:53:48.224,9.2,2022-12-31 04:57:00,
1.208118853,9125686,Roman Safiullin,Safiullin v Hanfmann,0,2022-12-30 22:36:19.244,1.67,2022-12-31 03:30:00,
1.208118853,9125686,Roman Safiullin,Safiullin v Hanfmann,10,2022-12-30 22:44:35.741,1.6,2022-12-31 03:30:00,
1.208118853,9125686,Roman Safiullin,Safiullin v Hanfmann,20,2022-12-30 22:46:20.297,1.65,2022-12-31 03:30:00,
1.208118853,9125686,Roman Safiullin,Safiullin v Hanfmann,30,2022-12-30 23:00:47.526,1.64,2022-12-31 03:30:00,
1.208118853,9125686,Roman Safiullin,Safiullin v Hanfmann,40,2022-12-30 23:01:53.317,1.63,2022-12-31 03:30:00,
1.208118853,9125686,Roman Safiullin,Safiullin v Hanfmann,50,2022-12-30 23:03:09.355,1.62,2022-12-31 03:30:00,
1.208118853,9125686,Roman Safiullin,Safiullin v Hanfmann,60,2022-12-30 23:33:05.007,1.64,2022-12-31 03:30:00,
1.208118853,9125686,Roman Safiullin,Safiullin v Hanfmann,70,2022-12-31 00:05:01.956,1.63,2022-12-31 03:30:00,
1.208118853,9125686,Roman Safiullin,Safiullin v Hanfmann,80,2022-12-31 00:49:15.360,1.58,2022-12-31 03:30:00,
1.208118853,9125686,Roman Safiullin,Safiullin v Hanfmann,90,2022-12-31 01:59:34.249,1.62,2022-12-31 03:05:00,
1.208118853,9125686,Roman Safiullin,Safiullin v Hanfmann,100,2022-12-31 02:18:54.719,1.64,2022-12-31 03:05:00,
1.208118941,39460566,Ben Shelton,Duckworth v Be Shelton,0,2022-12-30 22:30:32.749,1.72,2022-12-31 07:30:00,
1.208118941,39460566,Ben Shelton,Duckworth v Be Shelton,10,2022-12-30 22:36:18.520,1.69,2022-12-31 07:30:00,
1.208118941,39460566,Ben Shelton,Duckworth v Be Shelton,20,2022-12-30 23:03:34.778,1.71,2022-12-31 07:30:00,
1.208118941,39460566,Ben Shelton,Duckworth v Be Shelton,30,2022-12-30 23:14:36.135,1.7,2022-12-31 07:30:00,
1.208118941,39460566,Ben Shelton,Duckworth v Be Shelton,40,2022-12-30 23:21:27.158,1.66,2022-12-31 07:30:00,
1.208118941,39460566,Ben Shelton,Duckworth v Be Shelton,50,2022-12-31 01:12:40.211,1.62,2022-12-31 09:15:00,
1.208118941,39460566,Ben Shelton,Duckworth v Be Shelton,60,2022-12-31 01:54:36.750,1.65,2022-12-31 10:00:00,
1.208118941,39460566,Ben Shelton,Duckworth v Be Shelton,70,2022-12-31 02:39:32.002,1.64,2022-12-31 10:45:00,
1.208118941,39460566,Ben Shelton,Duckworth v Be Shelton,80,2022-12-31 03:45:27.463,1.65,2022-12-31 06:42:00,
1.208118941,39460566,Ben Shelton,Duckworth v Be Shelton,90,2022-12-31 04:10:37.459,1.64,2022-12-31 06:42:00,
1.208118941,39460566,Ben Shelton,Duckworth v Be Shelton,100,2022-12-31 05:28:42.142,1.64,2022-12-31 06:26:00,
1.208118985,8842295,Gregoire Barrere,Barrere v Ri Hijikata,0,2022-12-30 22:36:19.243,1.78,2022-12-31 07:30:00,
1.208118985,8842295,Gregoire Barrere,Barrere v Ri Hijikata,10,2022-12-31 01:30:43.011,1.79,2022-12-31 07:05:00,
1.208118985,8842295,Gregoire Barrere,Barrere v Ri Hijikata,20,2022-12-31 01:32:16.591,1.78,2022-12-31 07:05:00,
1.208118985,8842295,Gregoire Barrere,Barrere v Ri Hijikata,30,2022-12-31 01:32:53.870,1.77,2022-12-31 07:05:00,
1.208118985,8842295,Gregoire Barrere,Barrere v Ri Hijikata,40,2022-12-31 02:00:05.408,1.76,2022-12-31 07:05:00,
1.208118985,8842295,Gregoire Barrere,Barrere v Ri Hijikata,50,2022-12-31 02:35:15.396,1.75,2022-12-31 06:27:00,
1.208118985,8842295,Gregoire Barrere,Barrere v Ri Hijikata,60,2022-12-31 04:10:22.568,1.77,2022-12-31 06:27:00,
1.208118985,8842295,Gregoire Barrere,Barrere v Ri Hijikata,70,2022-12-31 05:52:26.653,1.78,2022-12-31 07:18:00,
1.208118985,8842295,Gregoire Barrere,Barrere v Ri Hijikata,80,2022-12-31 06:02:09.794,1.79,2022-12-31 07:18:00,
1.208118985,8842295,Gregoire Barrere,Barrere v Ri Hijikata,90,2022-12-31 06:07:34.144,1.77,2022-12-31 07:18:00,
1.208118985,8842295,Gregoire Barrere,Barrere v Ri Hijikata,100,2022-12-31 06:28:39.544,1.7,2022-12-31 07:18:00,
1.208119834,13203243,Jiri Lehecka,Alexander Zverev v Jiri Lehecka,0,2022-12-30 11:58:53.934,6.0,2022-12-30 23:00:00,
1.208119834,13203243,Jiri Lehecka,Alexander Zverev v Jiri Lehecka,10,2022-12-30 13:25:58.259,6.4,2022-12-30 23:00:00,
1.208119834,13203243,Jiri Lehecka,Alexander Zverev v Jiri Lehecka,20,2022-12-30 15:58:07.736,6.0,2022-12-30 23:00:00,
1.208119834,13203243,Jiri Lehecka,Alexander Zverev v Jiri Lehecka,30,2022-12-30 17:19:14.264,6.0,2022-12-30 23:00:00,
1.208119834,13203243,Jiri Lehecka,Alexander Zverev v Jiri Lehecka,40,2022-12-30 20:42:31.559,6.6,2022-12-30 23:00:00,
1.208119834,13203243,Jiri Lehecka,Alexander Zverev v Jiri Lehecka,50,2022-12-30 21:07:44.946,6.2,2022-12-30 23:00:00,
1.208119834,13203243,Jiri Lehecka,Alexander Zverev v Jiri Lehecka,60,2022-12-30 21:46:02.959,6.6,2022-12-30 23:00:00,
1.208119834,13203243,Jiri Lehecka,Alexander Zverev v Jiri Lehecka,70,2022-12-30 22:48:09.775,7.0,2022-12-30 23:00:00,
1.208119834,13203243,Jiri Lehecka,Alexander Zverev v Jiri Lehecka,80,2022-12-30 23:02:07.893,6.6,2022-12-30 23:15:32,
1.208119834,13203243,Jiri Lehecka,Alexander Zverev v Jiri Lehecka,90,2022-12-30 23:05:03.156,6.6,2022-12-30 23:12:01,
1.208119834,13203243,Jiri Lehecka,Alexander Zverev v Jiri Lehecka,100,2022-12-30 23:08:12.817,6.0,2022-12-30 23:12:01,
1.208119834,19924823,Alexander Zverev,Alexander Zverev v Jiri Lehecka,0,2022-12-30 12:10:50.283,1.14,2022-12-30 23:00:00,
1.208119834,19924823,Alexander Zverev,Alexander Zverev v Jiri Lehecka,10,2022-12-30 15:58:07.736,1.2,2022-12-30 23:00:00,
1.208119834,19924823,Alexander Zverev,Alexander Zverev v Jiri Lehecka,20,2022-12-30 16:59:55.237,1.22,2022-12-30 23:00:00,
1.208119834,19924823,Alexander Zverev,Alexander Zverev v Jiri Lehecka,30,2022-12-30 17:19:14.264,1.2,2022-12-30 23:00:00,
1.208119834,19924823,Alexander Zverev,Alexander Zverev v Jiri Lehecka,40,2022-12-30 19:48:53.941,1.2,2022-12-30 23:00:00,
1.208119834,19924823,Alexander Zverev,Alexander Zverev v Jiri Lehecka,50,2022-12-30 20:31:06.369,1.18,2022-12-30 23:00:00,
1.208119834,19924823,Alexander Zverev,Alexander Zverev v Jiri Lehecka,60,2022-12-30 22:02:06.213,1.18,2022-12-30 23:00:00,
1.208119834,19924823,Alexander Zverev,Alexander Zverev v Jiri Lehecka,70,2022-12-30 22:26:59.160,1.18,2022-12-30 23:00:00,
1.208119834,19924823,Alexander Zverev,Alexander Zverev v Jiri Lehecka,80,2022-12-30 22:49:07.006,1.18,2022-12-30 23:00:00,
1.208119834,19924823,Alexander Zverev,Alexander Zverev v Jiri Lehecka,90,2022-12-30 22:55:08.332,1.18,2022-12-30 23:15:29,
1.208119834,19924823,Alexander Zverev,Alexander Zverev v Jiri Lehecka,100,2022-12-30 23:06:13.356,1.19,2022-12-30 23:12:01,
1.208119896,8442764,Marie Bouzkova,Jule Niemeier v Marie Bouzkova,0,2022-12-30 14:41:58.658,1.45,2022-12-31 01:00:00,
1.208119896,8442764,Marie Bouzkova,Jule Niemeier v Marie Bouzkova,10,2022-12-30 18:18:59.039,1.52,2022-12-31 01:00:00,
1.208119896,8442764,Marie Bouzkova,Jule Niemeier v Marie Bouzkova,20,2022-12-30 21:59:07.542,1.52,2022-12-31 01:00:00,
1.208119896,8442764,Marie Bouzkova,Jule Niemeier v Marie Bouzkova,30,2022-12-30 22:33:46.161,1.5,2022-12-31 01:00:00,
1.208119896,8442764,Marie Bouzkova,Jule Niemeier v Marie Bouzkova,40,2022-12-30 23:02:02.144,1.52,2022-12-31 00:50:00,
1.208119896,8442764,Marie Bouzkova,Jule Niemeier v Marie Bouzkova,50,2022-12-31 00:22:03.366,1.52,2022-12-31 00:50:00,
1.208119896,8442764,Marie Bouzkova,Jule Niemeier v Marie Bouzkova,60,2022-12-31 00:32:03.691,1.51,2022-12-31 00:50:00,
1.208119896,8442764,Marie Bouzkova,Jule Niemeier v Marie Bouzkova,70,2022-12-31 00:43:41.190,1.5,2022-12-31 00:45:00,
1.208119896,8442764,Marie Bouzkova,Jule Niemeier v Marie Bouzkova,80,2022-12-31 00:49:25.869,1.51,2022-12-31 01:11:19,
1.208119896,8442764,Marie Bouzkova,Jule Niemeier v Marie Bouzkova,90,2022-12-31 00:59:04.458,1.5,2022-12-31 01:06:00,
1.208119896,8442764,Marie Bouzkova,Jule Niemeier v Marie Bouzkova,100,2022-12-31 01:01:59.079,1.51,2022-12-31 01:06:00,
1.208119958,2251410,Rafael Nadal,Rafael Nadal v Cameron Norrie,0,2022-12-30 12:25:17.162,1.47,2022-12-31 04:30:00,
1.208119958,2251410,Rafael Nadal,Rafael Nadal v Cameron Norrie,10,2022-12-30 18:40:43.404,1.53,2022-12-31 04:30:00,
1.208119958,2251410,Rafael Nadal,Rafael Nadal v Cameron Norrie,20,2022-12-30 19:23:39.557,1.54,2022-12-31 04:30:00,
1.208119958,2251410,Rafael Nadal,Rafael Nadal v Cameron Norrie,30,2022-12-30 20:06:15.160,1.55,2022-12-31 04:30:00,
1.208119958,2251410,Rafael Nadal,Rafael Nadal v Cameron Norrie,40,2022-12-30 21:59:03.869,1.57,2022-12-31 04:30:00,
1.208119958,2251410,Rafael Nadal,Rafael Nadal v Cameron Norrie,50,2022-12-30 23:51:37.800,1.59,2022-12-31 04:30:00,
1.208119958,2251410,Rafael Nadal,Rafael Nadal v Cameron Norrie,60,2022-12-31 00:46:30.168,1.59,2022-12-31 04:30:00,
1.208119958,2251410,Rafael Nadal,Rafael Nadal v Cameron Norrie,70,2022-12-31 02:30:52.364,1.59,2022-12-31 04:30:00,
1.208119958,2251410,Rafael Nadal,Rafael Nadal v Cameron Norrie,80,2022-12-31 03:44:40.090,1.58,2022-12-31 04:30:00,
1.208119958,2251410,Rafael Nadal,Rafael Nadal v Cameron Norrie,90,2022-12-31 04:21:41.598,1.57,2022-12-31 04:30:00,
1.208119958,2251410,Rafael Nadal,Rafael Nadal v Cameron Norrie,100,2022-12-31 04:38:41.590,1.57,2022-12-31 04:41:33,
1.208119958,42669524,Cameron Norrie,Rafael Nadal v Cameron Norrie,0,2022-12-30 11:54:21.565,2.88,2022-12-31 04:30:00,
1.208119958,42669524,Cameron Norrie,Rafael Nadal v Cameron Norrie,10,2022-12-30 18:50:42.747,2.82,2022-12-31 04:30:00,
1.208119958,42669524,Cameron Norrie,Rafael Nadal v Cameron Norrie,20,2022-12-30 20:54:53.721,2.82,2022-12-31 04:30:00,
1.208119958,42669524,Cameron Norrie,Rafael Nadal v Cameron Norrie,30,2022-12-30 21:37:57.827,2.74,2022-12-31 04:30:00,
1.208119958,42669524,Cameron Norrie,Rafael Nadal v Cameron Norrie,40,2022-12-30 22:05:54.916,2.74,2022-12-31 04:30:00,
1.208119958,42669524,Cameron Norrie,Rafael Nadal v Cameron Norrie,50,2022-12-30 23:05:57.120,2.76,2022-12-31 04:30:00,
1.208119958,42669524,Cameron Norrie,Rafael Nadal v Cameron Norrie,60,2022-12-30 23:51:37.800,2.68,2022-12-31 04:30:00,
1.208119958,42669524,Cameron Norrie,Rafael Nadal v Cameron Norrie,70,2022-12-31 00:58:21.361,2.7,2022-12-31 04:30:00,
1.208119958,42669524,Cameron Norrie,Rafael Nadal v Cameron Norrie,80,2022-12-31 02:06:44.755,2.74,2022-12-31 04:30:00,
1.208119958,42669524,Cameron Norrie,Rafael Nadal v Cameron Norrie,90,2022-12-31 04:21:41.598,2.76,2022-12-31 04:30:00,
1.208119958,42669524,Cameron Norrie,Rafael Nadal v Cameron Norrie,100,2022-12-31 04:37:43.142,2.74,2022-12-31 04:41:33,
1.20812002,9364864,Nuria Parrizas Diaz,Nuria Parrizas Diaz v Katie Swan,0,2022-12-30 12:00:07.754,2.1,2022-12-31 06:30:00,
1.20812002,9364864,Nuria Parrizas Diaz,Nuria Parrizas Diaz v Katie Swan,10,2022-12-30 12:41:55.415,2.06,2022-12-31 06:30:00,
1.20812002,9364864,Nuria Parrizas Diaz,Nuria Parrizas Diaz v Katie Swan,20,2022-12-30 18:21:25.860,2.04,2022-12-31 06:30:00,
1.20812002,9364864,Nuria Parrizas Diaz,Nuria Parrizas Diaz v Katie Swan,30,2022-12-30 22:32:19.485,2.08,2022-12-31 06:30:00,
1.20812002,9364864,Nuria Parrizas Diaz,Nuria Parrizas Diaz v Katie Swan,40,2022-12-30 22:58:50.448,2.06,2022-12-31 06:30:00,
1.20812002,9364864,Nuria Parrizas Diaz,Nuria Parrizas Diaz v Katie Swan,50,2022-12-30 23:45:19.789,2.08,2022-12-31 06:30:00,
1.20812002,9364864,Nuria Parrizas Diaz,Nuria Parrizas Diaz v Katie Swan,60,2022-12-31 01:10:30.543,2.18,2022-12-31 06:30:00,
1.20812002,9364864,Nuria Parrizas Diaz,Nuria Parrizas Diaz v Katie Swan,70,2022-12-31 02:25:21.220,2.26,2022-12-31 06:30:00,
1.20812002,9364864,Nuria Parrizas Diaz,Nuria Parrizas Diaz v Katie Swan,80,2022-12-31 03:02:29.671,2.22,2022-12-31 06:30:00,
1.20812002,9364864,Nuria Parrizas Diaz,Nuria Parrizas Diaz v Katie Swan,90,2022-12-31 06:12:04.389,2.2,2022-12-31 06:22:00,
1.20812002,9364864,Nuria Parrizas Diaz,Nuria Parrizas Diaz v Katie Swan,100,2022-12-31 07:46:31.450,2.12,2022-12-31 07:51:04,2022-12-31 07:45:26.342
1.20812002,19924940,Katie Swan,Nuria Parrizas Diaz v Katie Swan,0,2022-12-30 13:23:53.170,1.94,2022-12-31 06:30:00,
1.20812002,19924940,Katie Swan,Nuria Parrizas Diaz v Katie Swan,10,2022-12-30 14:59:11.091,1.93,2022-12-31 06:30:00,
1.20812002,19924940,Katie Swan,Nuria Parrizas Diaz v Katie Swan,20,2022-12-30 21:23:22.667,1.96,2022-12-31 06:30:00,
1.20812002,19924940,Katie Swan,Nuria Parrizas Diaz v Katie Swan,30,2022-12-30 23:35:24.797,1.94,2022-12-31 06:30:00,
1.20812002,19924940,Katie Swan,Nuria Parrizas Diaz v Katie Swan,40,2022-12-30 23:58:32.532,1.84,2022-12-31 06:30:00,
1.20812002,19924940,Katie Swan,Nuria Parrizas Diaz v Katie Swan,50,2022-12-31 02:23:31.357,1.82,2022-12-31 06:30:00,
1.20812002,19924940,Katie Swan,Nuria Parrizas Diaz v Katie Swan,60,2022-12-31 06:02:23.525,1.82,2022-12-31 06:22:00,
1.20812002,19924940,Katie Swan,Nuria Parrizas Diaz v Katie Swan,70,2022-12-31 06:17:21.215,1.82,2022-12-31 06:22:00,
1.20812002,19924940,Katie Swan,Nuria Parrizas Diaz v Katie Swan,80,2022-12-31 06:48:29.798,1.81,2022-12-31 06:52:00,
1.20812002,19924940,Katie Swan,Nuria Parrizas Diaz v Katie Swan,90,2022-12-31 07:26:33.967,1.82,2022-12-31 07:43:00,
1.20812002,19924940,Katie Swan,Nuria Parrizas Diaz v Katie Swan,100,2022-12-31 07:46:31.450,1.88,2022-12-31 07:51:04,2022-12-31 07:45:26.342
1.208120082,5548385,Alison Van Uytvanck,Alison Van Uytvanck v Isabella Shinikova,0,2022-12-30 13:23:12.406,1.1,2022-12-31 02:00:00,
1.208120082,5548385,Alison Van Uytvanck,Alison Van Uytvanck v Isabella Shinikova,10,2022-12-30 17:09:10.197,1.09,2022-12-31 02:00:00,
1.208120082,5548385,Alison Van Uytvanck,Alison Van Uytvanck v Isabella Shinikova,20,2022-12-30 20:24:11.215,1.1,2022-12-31 02:00:00,
1.208120082,5548385,Alison Van Uytvanck,Alison Van Uytvanck v Isabella Shinikova,30,2022-12-30 22:45:02.938,1.09,2022-12-31 02:00:00,
1.208120082,5548385,Alison Van Uytvanck,Alison Van Uytvanck v Isabella Shinikova,40,2022-12-30 23:03:18.480,1.1,2022-12-31 02:00:00,
1.208120082,5548385,Alison Van Uytvanck,Alison Van Uytvanck v Isabella Shinikova,50,2022-12-31 00:02:13.846,1.09,2022-12-31 02:00:00,
1.208120082,5548385,Alison Van Uytvanck,Alison Van Uytvanck v Isabella Shinikova,60,2022-12-31 00:06:29.883,1.1,2022-12-31 02:00:00,
1.208120082,5548385,Alison Van Uytvanck,Alison Van Uytvanck v Isabella Shinikova,70,2022-12-31 01:25:30.764,1.09,2022-12-31 02:00:00,
1.208120082,5548385,Alison Van Uytvanck,Alison Van Uytvanck v Isabella Shinikova,80,2022-12-31 01:31:26.298,1.1,2022-12-31 02:00:00,
1.208120082,5548385,Alison Van Uytvanck,Alison Van Uytvanck v Isabella Shinikova,90,2022-12-31 01:55:15.971,1.09,2022-12-31 02:15:09,
1.208120082,5548385,Alison Van Uytvanck,Alison Van Uytvanck v Isabella Shinikova,100,2022-12-31 02:05:18.310,1.11,2022-12-31 02:11:06,
1.208120144,3120169,Grigor Dimitrov,David Goffin v Grigor Dimitrov,0,2022-12-30 13:16:44.905,1.55,2022-12-31 04:00:00,
1.208120144,3120169,Grigor Dimitrov,David Goffin v Grigor Dimitrov,10,2022-12-30 17:01:47.883,1.47,2022-12-31 04:00:00,
1.208120144,3120169,Grigor Dimitrov,David Goffin v Grigor Dimitrov,20,2022-12-30 17:05:00.637,1.45,2022-12-31 04:00:00,
1.208120144,3120169,Grigor Dimitrov,David Goffin v Grigor Dimitrov,30,2022-12-30 17:30:09.612,1.45,2022-12-31 04:00:00,
1.208120144,3120169,Grigor Dimitrov,David Goffin v Grigor Dimitrov,40,2022-12-30 22:33:17.062,1.46,2022-12-31 04:00:00,
1.208120144,3120169,Grigor Dimitrov,David Goffin v Grigor Dimitrov,50,2022-12-31 00:46:47.986,1.47,2022-12-31 04:00:00,
1.208120144,3120169,Grigor Dimitrov,David Goffin v Grigor Dimitrov,60,2022-12-31 01:57:29.494,1.45,2022-12-31 03:49:00,
1.208120144,3120169,Grigor Dimitrov,David Goffin v Grigor Dimitrov,70,2022-12-31 02:34:48.813,1.43,2022-12-31 03:49:00,
1.208120144,3120169,Grigor Dimitrov,David Goffin v Grigor Dimitrov,80,2022-12-31 03:13:36.513,1.43,2022-12-31 03:49:00,
1.208120144,3120169,Grigor Dimitrov,David Goffin v Grigor Dimitrov,90,2022-12-31 03:27:31.071,1.41,2022-12-31 03:49:00,
1.208120144,3120169,Grigor Dimitrov,David Goffin v Grigor Dimitrov,100,2022-12-31 04:08:46.888,1.41,2022-12-31 04:22:29,
1.208120144,19924835,David Goffin,David Goffin v Grigor Dimitrov,0,2022-12-30 13:16:44.905,2.8,2022-12-31 04:00:00,
1.208120144,19924835,David Goffin,David Goffin v Grigor Dimitrov,10,2022-12-30 16:34:55.486,2.92,2022-12-31 04:00:00,
1.208120144,19924835,David Goffin,David Goffin v Grigor Dimitrov,20,2022-12-30 17:08:36.731,3.15,2022-12-31 04:00:00,
1.208120144,19924835,David Goffin,David Goffin v Grigor Dimitrov,30,2022-12-30 23:19:17.808,3.25,2022-12-31 04:00:00,
1.208120144,19924835,David Goffin,David Goffin v Grigor Dimitrov,40,2022-12-30 23:20:51.826,3.15,2022-12-31 04:00:00,
1.208120144,19924835,David Goffin,David Goffin v Grigor Dimitrov,50,2022-12-31 01:52:29.077,3.2,2022-12-31 03:49:00,
1.208120144,19924835,David Goffin,David Goffin v Grigor Dimitrov,60,2022-12-31 02:46:44.879,3.3,2022-12-31 03:49:00,
1.208120144,19924835,David Goffin,David Goffin v Grigor Dimitrov,70,2022-12-31 03:36:35.185,3.35,2022-12-31 03:49:00,
1.208120144,19924835,David Goffin,David Goffin v Grigor Dimitrov,80,2022-12-31 03:44:23.656,3.25,2022-12-31 03:49:00,
1.208120144,19924835,David Goffin,David Goffin v Grigor Dimitrov,90,2022-12-31 03:54:35.132,3.35,2022-12-31 04:10:00,
1.208120144,19924835,David Goffin,David Goffin v Grigor Dimitrov,100,2022-12-31 04:13:44.814,3.4,2022-12-31 04:22:29,
1.208120206,19924953,Donna Vekic,Donna Vekic v Maria Carle,0,2022-12-30 13:22:10.677,1.15,2022-12-31 07:30:00,
1.208120206,19924953,Donna Vekic,Donna Vekic v Maria Carle,10,2022-12-30 13:45:29.998,1.16,2022-12-31 07:30:00,
1.208120206,19924953,Donna Vekic,Donna Vekic v Maria Carle,20,2022-12-30 14:42:51.394,1.15,2022-12-31 07:30:00,
1.208120206,19924953,Donna Vekic,Donna Vekic v Maria Carle,30,2022-12-30 14:48:06.480,1.16,2022-12-31 07:30:00,
1.208120206,19924953,Donna Vekic,Donna Vekic v Maria Carle,40,2022-12-30 22:23:28.089,1.17,2022-12-31 07:30:00,
1.208120206,19924953,Donna Vekic,Donna Vekic v Maria Carle,50,2022-12-31 02:57:56.433,1.16,2022-12-31 07:30:00,
1.208120206,19924953,Donna Vekic,Donna Vekic v Maria Carle,60,2022-12-31 04:17:17.008,1.15,2022-12-31 07:30:00,
1.208120206,19924953,Donna Vekic,Donna Vekic v Maria Carle,70,2022-12-31 05:44:30.986,1.16,2022-12-31 07:30:00,
1.208120206,19924953,Donna Vekic,Donna Vekic v Maria Carle,80,2022-12-31 05:53:42.716,1.15,2022-12-31 07:30:00,
1.208120206,19924953,Donna Vekic,Donna Vekic v Maria Carle,90,2022-12-31 06:09:07.803,1.16,2022-12-31 07:30:00,
1.208120206,19924953,Donna Vekic,Donna Vekic v Maria Carle,100,2022-12-31 06:38:58.102,1.14,2022-12-31 07:30:00,
1.208120268,7446579,Borna Coric,Borna Coric v Francisco Cerundolo,0,2022-12-30 14:40:32.541,1.3,2022-12-31 09:30:00,
1.208120268,7446579,Borna Coric,Borna Coric v Francisco Cerundolo,10,2022-12-30 17:41:58.318,1.33,2022-12-31 09:30:00,
1.208120268,7446579,Borna Coric,Borna Coric v Francisco Cerundolo,20,2022-12-30 18:53:38.463,1.31,2022-12-31 09:30:00,
1.208120268,7446579,Borna Coric,Borna Coric v Francisco Cerundolo,30,2022-12-30 21:44:55.035,1.31,2022-12-31 09:30:00,
1.208120268,7446579,Borna Coric,Borna Coric v Francisco Cerundolo,40,2022-12-30 23:57:56.408,1.33,2022-12-31 09:30:00,
1.208120268,7446579,Borna Coric,Borna Coric v Francisco Cerundolo,50,2022-12-31 03:33:52.152,1.32,2022-12-31 09:30:00,
1.208120268,7446579,Borna Coric,Borna Coric v Francisco Cerundolo,60,2022-12-31 05:38:50.122,1.31,2022-12-31 09:30:00,
1.208120268,7446579,Borna Coric,Borna Coric v Francisco Cerundolo,70,2022-12-31 07:50:55.102,1.29,2022-12-31 09:20:00,
1.208120268,7446579,Borna Coric,Borna Coric v Francisco Cerundolo,80,2022-12-31 08:52:49.153,1.29,2022-12-31 09:07:00,
1.208120268,7446579,Borna Coric,Borna Coric v Francisco Cerundolo,90,2022-12-31 09:03:38.641,1.29,2022-12-31 09:18:00,
1.208120268,7446579,Borna Coric,Borna Coric v Francisco Cerundolo,100,2022-12-31 09:09:30.139,1.29,2022-12-31 09:13:21,
1.20812033,7083752,Beatriz Haddad Maia,Beatriz Haddad Maia v Malene Helgo,0,2022-12-30 12:35:18.118,1.06,2022-12-31 00:00:00,
1.20812033,7083752,Beatriz Haddad Maia,Beatriz Haddad Maia v Malene Helgo,10,2022-12-30 14:15:33.193,1.09,2022-12-31 00:00:00,
1.20812033,7083752,Beatriz Haddad Maia,Beatriz Haddad Maia v Malene Helgo,20,2022-12-30 14:48:30.687,1.08,2022-12-31 00:00:00,
1.20812033,7083752,Beatriz Haddad Maia,Beatriz Haddad Maia v Malene Helgo,30,2022-12-30 16:03:07.732,1.08,2022-12-31 00:00:00,
1.20812033,7083752,Beatriz Haddad Maia,Beatriz Haddad Maia v Malene Helgo,40,2022-12-30 21:07:33.988,1.09,2022-12-31 00:00:00,
1.20812033,7083752,Beatriz Haddad Maia,Beatriz Haddad Maia v Malene Helgo,50,2022-12-30 22:04:06.241,1.09,2022-12-31 00:00:00,
1.20812033,7083752,Beatriz Haddad Maia,Beatriz Haddad Maia v Malene Helgo,60,2022-12-30 22:26:00.934,1.07,2022-12-31 00:00:00,
1.20812033,7083752,Beatriz Haddad Maia,Beatriz Haddad Maia v Malene Helgo,70,2022-12-30 23:03:11.464,1.08,2022-12-31 00:00:00,
1.20812033,7083752,Beatriz Haddad Maia,Beatriz Haddad Maia v Malene Helgo,80,2022-12-30 23:22:25.253,1.08,2022-12-31 00:00:00,
1.20812033,7083752,Beatriz Haddad Maia,Beatriz Haddad Maia v Malene Helgo,90,2022-12-30 23:43:29.390,1.07,2022-12-31 00:00:00,
1.20812033,7083752,Beatriz Haddad Maia,Beatriz Haddad Maia v Malene Helgo,100,2022-12-31 00:05:31.619,1.06,2022-12-31 00:11:46,
1.20812033,9632349,Malene Helgo,Beatriz Haddad Maia v Malene Helgo,0,2022-12-30 14:16:17.454,13.5,2022-12-31 00:00:00,
1.20812033,9632349,Malene Helgo,Beatriz Haddad Maia v Malene Helgo,10,2022-12-30 17:16:26.139,13.0,2022-12-31 00:00:00,
1.20812033,9632349,Malene Helgo,Beatriz Haddad Maia v Malene Helgo,20,2022-12-30 17:19:22.326,13.5,2022-12-31 00:00:00,
1.20812033,9632349,Malene Helgo,Beatriz Haddad Maia v Malene Helgo,30,2022-12-30 21:47:46.695,12.5,2022-12-31 00:00:00,
1.20812033,9632349,Malene Helgo,Beatriz Haddad Maia v Malene Helgo,40,2022-12-30 22:15:30.774,13.5,2022-12-31 00:00:00,
1.20812033,9632349,Malene Helgo,Beatriz Haddad Maia v Malene Helgo,50,2022-12-30 22:53:30.681,15.5,2022-12-31 00:00:00,
1.20812033,9632349,Malene Helgo,Beatriz Haddad Maia v Malene Helgo,60,2022-12-30 23:03:11.464,13.5,2022-12-31 00:00:00,
1.20812033,9632349,Malene Helgo,Beatriz Haddad Maia v Malene Helgo,70,2022-12-30 23:59:15.934,14.5,2022-12-31 00:12:29,
1.20812033,9632349,Malene Helgo,Beatriz Haddad Maia v Malene Helgo,80,2022-12-31 00:00:33.174,15.5,2022-12-31 00:12:29,
1.20812033,9632349,Malene Helgo,Beatriz Haddad Maia v Malene Helgo,90,2022-12-31 00:06:30.700,15.0,2022-12-31 00:11:46,
1.20812033,9632349,Malene Helgo,Beatriz Haddad Maia v Malene Helgo,100,2022-12-31 00:07:28.377,16.5,2022-12-31 00:11:46,
1.208120392,9631478,Viktor Durasovic,Felipe Meligeni Alves v Viktor Durasovic,0,2022-12-30 13:18:10.972,2.36,2022-12-31 02:00:00,
1.208120392,9631478,Viktor Durasovic,Felipe Meligeni Alves v Viktor Durasovic,10,2022-12-30 14:40:57.592,2.3,2022-12-31 02:00:00,
1.208120392,9631478,Viktor Durasovic,Felipe Meligeni Alves v Viktor Durasovic,20,2022-12-30 19:38:26.219,2.28,2022-12-31 02:00:00,
1.208120392,9631478,Viktor Durasovic,Felipe Meligeni Alves v Viktor Durasovic,30,2022-12-30 21:28:49.031,2.32,2022-12-31 02:00:00,
1.208120392,9631478,Viktor Durasovic,Felipe Meligeni Alves v Viktor Durasovic,40,2022-12-30 22:32:27.284,2.28,2022-12-31 02:00:00,
1.208120392,9631478,Viktor Durasovic,Felipe Meligeni Alves v Viktor Durasovic,50,2022-12-30 22:43:30.298,2.22,2022-12-31 02:00:00,
1.208120392,9631478,Viktor Durasovic,Felipe Meligeni Alves v Viktor Durasovic,60,2022-12-30 23:09:25.636,2.16,2022-12-31 02:00:00,
1.208120392,9631478,Viktor Durasovic,Felipe Meligeni Alves v Viktor Durasovic,70,2022-12-30 23:18:10.209,2.22,2022-12-31 02:00:00,
1.208120392,9631478,Viktor Durasovic,Felipe Meligeni Alves v Viktor Durasovic,80,2022-12-30 23:36:21.800,2.18,2022-12-31 02:00:00,
1.208120392,9631478,Viktor Durasovic,Felipe Meligeni Alves v Viktor Durasovic,90,2022-12-30 23:42:18.957,2.2,2022-12-31 02:00:00,
1.208120392,9631478,Viktor Durasovic,Felipe Meligeni Alves v Viktor Durasovic,100,2022-12-31 01:44:27.073,2.18,2022-12-31 01:59:00,
1.208120392,42830226,Felipe Meligeni Alves,Felipe Meligeni Alves v Viktor Durasovic,0,2022-12-30 13:15:57.526,1.72,2022-12-31 02:00:00,
1.208120392,42830226,Felipe Meligeni Alves,Felipe Meligeni Alves v Viktor Durasovic,10,2022-12-30 14:40:57.592,1.76,2022-12-31 02:00:00,
1.208120392,42830226,Felipe Meligeni Alves,Felipe Meligeni Alves v Viktor Durasovic,20,2022-12-30 17:22:51.693,1.76,2022-12-31 02:00:00,
1.208120392,42830226,Felipe Meligeni Alves,Felipe Meligeni Alves v Viktor Durasovic,30,2022-12-30 21:28:49.031,1.76,2022-12-31 02:00:00,
1.208120392,42830226,Felipe Meligeni Alves,Felipe Meligeni Alves v Viktor Durasovic,40,2022-12-30 22:39:29.454,1.76,2022-12-31 02:00:00,
1.208120392,42830226,Felipe Meligeni Alves,Felipe Meligeni Alves v Viktor Durasovic,50,2022-12-30 23:18:10.209,1.82,2022-12-31 02:00:00,
1.208120392,42830226,Felipe Meligeni Alves,Felipe Meligeni Alves v Viktor Durasovic,60,2022-12-30 23:42:18.957,1.84,2022-12-31 02:00:00,
1.208120392,42830226,Felipe Meligeni Alves,Felipe Meligeni Alves v Viktor Durasovic,70,2022-12-31 00:30:17.230,1.85,2022-12-31 01:47:00,
1.208120392,42830226,Felipe Meligeni Alves,Felipe Meligeni Alves v Viktor Durasovic,80,2022-12-31 01:43:29.361,1.83,2022-12-31 01:59:00,
1.208120392,42830226,Felipe Meligeni Alves,Felipe Meligeni Alves v Viktor Durasovic,90,2022-12-31 01:46:28.052,1.84,2022-12-31 02:09:59,
1.208120392,42830226,Felipe Meligeni Alves,Felipe Meligeni Alves v Viktor Durasovic,100,2022-12-31 01:58:26.981,1.84,2022-12-31 02:06:22,
1.208120457,4259580,Yulia Putintseva,Iga Swiatek v Yulia Putintseva,0,2022-12-30 19:11:54.863,13.5,2022-12-31 05:30:00,
1.208120457,4259580,Yulia Putintseva,Iga Swiatek v Yulia Putintseva,10,2022-12-30 21:24:59.393,14.0,2022-12-31 05:30:00,
1.208120457,4259580,Yulia Putintseva,Iga Swiatek v Yulia Putintseva,20,2022-12-30 23:10:44.788,14.5,2022-12-31 05:30:00,
1.208120457,4259580,Yulia Putintseva,Iga Swiatek v Yulia Putintseva,30,2022-12-31 02:06:50.407,15.5,2022-12-31 05:30:00,
1.208120457,4259580,Yulia Putintseva,Iga Swiatek v Yulia Putintseva,40,2022-12-31 02:24:56.814,16.5,2022-12-31 05:30:00,
1.208120457,4259580,Yulia Putintseva,Iga Swiatek v Yulia Putintseva,50,2022-12-31 02:33:41.272,16.0,2022-12-31 05:30:00,
1.208120457,4259580,Yulia Putintseva,Iga Swiatek v Yulia Putintseva,60,2022-12-31 02:34:46.041,15.5,2022-12-31 05:30:00,
1.208120457,4259580,Yulia Putintseva,Iga Swiatek v Yulia Putintseva,70,2022-12-31 04:16:10.162,16.0,2022-12-31 05:30:00,
1.208120457,4259580,Yulia Putintseva,Iga Swiatek v Yulia Putintseva,80,2022-12-31 05:22:03.000,14.5,2022-12-31 05:43:09,
1.208120457,4259580,Yulia Putintseva,Iga Swiatek v Yulia Putintseva,90,2022-12-31 05:33:09.520,15.0,2022-12-31 05:48:03,
1.208120457,4259580,Yulia Putintseva,Iga Swiatek v Yulia Putintseva,100,2022-12-31 05:36:53.750,14.5,2022-12-31 05:41:21,
1.208120457,12085633,Iga Swiatek,Iga Swiatek v Yulia Putintseva,0,2022-12-30 13:17:38.749,1.07,2022-12-31 05:30:00,
1.208120457,12085633,Iga Swiatek,Iga Swiatek v Yulia Putintseva,10,2022-12-30 18:33:53.370,1.07,2022-12-31 05:30:00,
1.208120457,12085633,Iga Swiatek,Iga Swiatek v Yulia Putintseva,20,2022-12-30 19:37:00.114,1.08,2022-12-31 05:30:00,
1.208120457,12085633,Iga Swiatek,Iga Swiatek v Yulia Putintseva,30,2022-12-30 22:00:06.021,1.07,2022-12-31 05:30:00,
1.208120457,12085633,Iga Swiatek,Iga Swiatek v Yulia Putintseva,40,2022-12-30 23:10:02.823,1.08,2022-12-31 05:30:00,
1.208120457,12085633,Iga Swiatek,Iga Swiatek v Yulia Putintseva,50,2022-12-31 01:45:31.088,1.07,2022-12-31 05:30:00,
1.208120457,12085633,Iga Swiatek,Iga Swiatek v Yulia Putintseva,60,2022-12-31 02:06:50.407,1.07,2022-12-31 05:30:00,
1.208120457,12085633,Iga Swiatek,Iga Swiatek v Yulia Putintseva,70,2022-12-31 02:56:56.080,1.08,2022-12-31 05:30:00,
1.208120457,12085633,Iga Swiatek,Iga Swiatek v Yulia Putintseva,80,2022-12-31 03:32:21.442,1.07,2022-12-31 05:30:00,
1.208120457,12085633,Iga Swiatek,Iga Swiatek v Yulia Putintseva,90,2022-12-31 04:30:05.235,1.06,2022-12-31 05:30:00,
1.208120457,12085633,Iga Swiatek,Iga Swiatek v Yulia Putintseva,100,2022-12-31 04:58:53.585,1.07,2022-12-31 05:30:00,
1.208120736,14534269,Timofey Skatov,Daniel Michalski v Timofey Skatov,0,2022-12-30 14:40:07.194,1.18,2022-12-31 07:30:00,
1.208120736,14534269,Timofey Skatov,Daniel Michalski v Timofey Skatov,10,2022-12-30 23:02:06.050,1.36,2022-12-31 07:30:00,
1.208120736,14534269,Timofey Skatov,Daniel Michalski v Timofey Skatov,20,2022-12-31 00:52:16.849,1.35,2022-12-31 07:30:00,
1.208120736,14534269,Timofey Skatov,Daniel Michalski v Timofey Skatov,30,2022-12-31 00:57:14.645,1.32,2022-12-31 07:30:00,
1.208120736,14534269,Timofey Skatov,Daniel Michalski v Timofey Skatov,40,2022-12-31 01:00:08.675,1.31,2022-12-31 07:30:00,
1.208120736,14534269,Timofey Skatov,Daniel Michalski v Timofey Skatov,50,2022-12-31 01:08:57.437,1.31,2022-12-31 07:30:00,
1.208120736,14534269,Timofey Skatov,Daniel Michalski v Timofey Skatov,60,2022-12-31 02:46:33.408,1.32,2022-12-31 07:30:00,
1.208120736,14534269,Timofey Skatov,Daniel Michalski v Timofey Skatov,70,2022-12-31 03:49:07.731,1.33,2022-12-31 07:30:00,
1.208120736,14534269,Timofey Skatov,Daniel Michalski v Timofey Skatov,80,2022-12-31 06:12:46.313,1.32,2022-12-31 07:18:00,
1.208120736,14534269,Timofey Skatov,Daniel Michalski v Timofey Skatov,90,2022-12-31 06:21:15.242,1.33,2022-12-31 07:18:00,
1.208120736,14534269,Timofey Skatov,Daniel Michalski v Timofey Skatov,100,2022-12-31 06:55:09.524,1.32,2022-12-31 07:12:39,
1.208121478,6390243,Ysaline Bonaventure,Bonaventure v Els Jacquemot,0,2022-12-30 15:11:40.750,1.69,2022-12-30 22:00:00,
1.208121478,6390243,Ysaline Bonaventure,Bonaventure v Els Jacquemot,10,2022-12-30 15:35:55.722,1.83,2022-12-30 22:00:00,
1.208121478,6390243,Ysaline Bonaventure,Bonaventure v Els Jacquemot,20,2022-12-30 15:46:57.409,1.8,2022-12-30 22:00:00,
1.208121478,6390243,Ysaline Bonaventure,Bonaventure v Els Jacquemot,30,2022-12-30 18:59:33.280,1.68,2022-12-30 22:00:00,
1.208121478,6390243,Ysaline Bonaventure,Bonaventure v Els Jacquemot,40,2022-12-30 19:02:57.585,1.78,2022-12-30 22:00:00,
1.208121478,6390243,Ysaline Bonaventure,Bonaventure v Els Jacquemot,50,2022-12-30 19:07:54.601,1.77,2022-12-30 22:00:00,
1.208121478,6390243,Ysaline Bonaventure,Bonaventure v Els Jacquemot,60,2022-12-30 20:45:50.262,1.75,2022-12-30 22:00:00,
1.208121478,6390243,Ysaline Bonaventure,Bonaventure v Els Jacquemot,70,2022-12-30 21:29:29.919,1.87,2022-12-30 22:00:00,
1.208121478,6390243,Ysaline Bonaventure,Bonaventure v Els Jacquemot,80,2022-12-30 21:54:12.191,1.86,2022-12-30 22:00:00,
1.208121478,6390243,Ysaline Bonaventure,Bonaventure v Els Jacquemot,90,2022-12-30 21:58:54.702,1.91,2022-12-30 22:00:00,
1.208121478,6390243,Ysaline Bonaventure,Bonaventure v Els Jacquemot,100,2022-12-30 22:09:57.444,1.72,2022-12-30 22:10:00,2022-12-30 22:08:54.670
1.208121478,18848406,Elsa Jacquemot,Bonaventure v Els Jacquemot,0,2022-12-30 15:11:40.750,2.44,2022-12-30 22:00:00,
1.208121478,18848406,Elsa Jacquemot,Bonaventure v Els Jacquemot,10,2022-12-30 15:33:40.377,2.3,2022-12-30 22:00:00,
1.208121478,18848406,Elsa Jacquemot,Bonaventure v Els Jacquemot,20,2022-12-30 15:43:41.210,1.5,2022-12-30 22:00:00,
1.208121478,18848406,Elsa Jacquemot,Bonaventure v Els Jacquemot,30,2022-12-30 19:07:54.601,2.28,2022-12-30 22:00:00,
1.208121478,18848406,Elsa Jacquemot,Bonaventure v Els Jacquemot,40,2022-12-30 21:01:57.196,2.12,2022-12-30 22:00:00,
1.208121478,18848406,Elsa Jacquemot,Bonaventure v Els Jacquemot,50,2022-12-30 21:23:27.065,2.2,2022-12-30 22:00:00,
1.208121478,18848406,Elsa Jacquemot,Bonaventure v Els Jacquemot,60,2022-12-30 21:27:29.879,2.18,2022-12-30 22:00:00,
1.208121478,18848406,Elsa Jacquemot,Bonaventure v Els Jacquemot,70,2022-12-30 21:29:29.919,2.16,2022-12-30 22:00:00,
1.208121478,18848406,Elsa Jacquemot,Bonaventure v Els Jacquemot,80,2022-12-30 21:31:29.930,2.14,2022-12-30 22:00:00,
1.208121478,18848406,Elsa Jacquemot,Bonaventure v Els Jacquemot,90,2022-12-30 21:58:54.702,2.06,2022-12-30 22:00:00,
1.208121478,18848406,Elsa Jacquemot,Bonaventure v Els Jacquemot,100,2022-12-30 22:09:57.444,2.38,2022-12-30 22:10:00,2022-12-30 22:08:54.670
1.208121628,9342449,Viktoria Kuzmova,Kuzmova v Mandlik,0,2022-12-30 18:33:05.850,1.57,2022-12-30 23:30:00,
1.208121628,9342449,Viktoria Kuzmova,Kuzmova v Mandlik,10,2022-12-30 21:14:37.859,1.65,2022-12-30 23:30:00,
1.208121628,9342449,Viktoria Kuzmova,Kuzmova v Mandlik,20,2022-12-30 21:58:34.420,1.66,2022-12-30 23:30:00,
1.208121628,9342449,Viktoria Kuzmova,Kuzmova v Mandlik,30,2022-12-30 23:06:49.607,1.65,2022-12-30 23:30:00,
1.208121628,9342449,Viktoria Kuzmova,Kuzmova v Mandlik,40,2022-12-30 23:18:40.164,1.66,2022-12-30 23:30:00,
1.208121628,9342449,Viktoria Kuzmova,Kuzmova v Mandlik,50,2022-12-30 23:47:52.445,1.59,2022-12-30 23:50:00,
1.208121628,9342449,Viktoria Kuzmova,Kuzmova v Mandlik,60,2022-12-30 23:48:53.237,1.64,2022-12-30 23:50:00,
1.208121628,9342449,Viktoria Kuzmova,Kuzmova v Mandlik,70,2022-12-30 23:52:56.904,1.71,2022-12-31 00:00:00,2022-12-30 23:52:56.904
1.208121628,9342449,Viktoria Kuzmova,Kuzmova v Mandlik,80,2022-12-30 23:54:50.995,1.92,2022-12-31 00:00:00,2022-12-30 23:52:56.904
1.208121628,9342449,Viktoria Kuzmova,Kuzmova v Mandlik,90,2022-12-30 23:56:54.864,1.86,2022-12-31 00:00:00,2022-12-30 23:52:56.904
1.208121628,9342449,Viktoria Kuzmova,Kuzmova v Mandlik,100,2022-12-30 23:58:55.647,1.74,2022-12-31 00:00:00,2022-12-30 23:52:56.904
1.208121628,11546652,Elizabeth Mandlik,Kuzmova v Mandlik,0,2022-12-30 19:53:50.859,2.24,2022-12-30 23:30:00,
1.208121628,11546652,Elizabeth Mandlik,Kuzmova v Mandlik,10,2022-12-30 21:58:34.420,2.52,2022-12-30 23:30:00,
1.208121628,11546652,Elizabeth Mandlik,Kuzmova v Mandlik,20,2022-12-30 22:00:52.069,2.48,2022-12-30 23:30:00,
1.208121628,11546652,Elizabeth Mandlik,Kuzmova v Mandlik,30,2022-12-30 23:07:53.892,2.52,2022-12-30 23:30:00,
1.208121628,11546652,Elizabeth Mandlik,Kuzmova v Mandlik,40,2022-12-30 23:18:40.164,2.48,2022-12-30 23:30:00,
1.208121628,11546652,Elizabeth Mandlik,Kuzmova v Mandlik,50,2022-12-30 23:47:52.445,3.15,2022-12-30 23:50:00,
1.208121628,11546652,Elizabeth Mandlik,Kuzmova v Mandlik,60,2022-12-30 23:52:56.904,2.46,2022-12-31 00:00:00,2022-12-30 23:52:56.904
1.208121628,11546652,Elizabeth Mandlik,Kuzmova v Mandlik,70,2022-12-30 23:53:50.511,2.24,2022-12-31 00:00:00,2022-12-30 23:52:56.904
1.208121628,11546652,Elizabeth Mandlik,Kuzmova v Mandlik,80,2022-12-30 23:54:50.995,2.08,2022-12-31 00:00:00,2022-12-30 23:52:56.904
1.208121628,11546652,Elizabeth Mandlik,Kuzmova v Mandlik,90,2022-12-30 23:56:54.864,2.16,2022-12-31 00:00:00,2022-12-30 23:52:56.904
1.208121628,11546652,Elizabeth Mandlik,Kuzmova v Mandlik,100,2022-12-30 23:57:55.076,2.42,2022-12-31 00:00:00,2022-12-30 23:52:56.904
1.208121629,9627961,Jaqueline Cristian,Di Shnaider v J Cristian,0,2022-12-30 15:03:03.481,2.62,2022-12-31 01:00:00,
1.208121629,9627961,Jaqueline Cristian,Di Shnaider v J Cristian,10,2022-12-30 20:00:04.138,2.58,2022-12-31 01:00:00,
1.208121629,9627961,Jaqueline Cristian,Di Shnaider v J Cristian,20,2022-12-30 21:54:29.001,2.42,2022-12-31 01:00:00,
1.208121629,9627961,Jaqueline Cristian,Di Shnaider v J Cristian,30,2022-12-30 22:09:48.241,2.56,2022-12-31 01:00:00,
1.208121629,9627961,Jaqueline Cristian,Di Shnaider v J Cristian,40,2022-12-30 23:38:56.125,2.54,2022-12-31 01:00:00,
1.208121629,9627961,Jaqueline Cristian,Di Shnaider v J Cristian,50,2022-12-31 00:06:29.116,2.54,2022-12-31 01:00:00,
1.208121629,9627961,Jaqueline Cristian,Di Shnaider v J Cristian,60,2022-12-31 01:30:38.792,2.52,2022-12-31 01:45:00,
1.208121629,9627961,Jaqueline Cristian,Di Shnaider v J Cristian,70,2022-12-31 01:36:52.569,2.56,2022-12-31 01:45:00,
1.208121629,9627961,Jaqueline Cristian,Di Shnaider v J Cristian,80,2022-12-31 01:58:51.479,2.6,2022-12-31 02:00:00,
1.208121629,9627961,Jaqueline Cristian,Di Shnaider v J Cristian,90,2022-12-31 02:08:29.859,2.74,2022-12-31 02:10:00,
1.208121629,9627961,Jaqueline Cristian,Di Shnaider v J Cristian,100,2022-12-31 02:23:25.118,2.9,2022-12-31 02:25:00,
1.208121629,41341015,Diana Shnaider,Di Shnaider v J Cristian,0,2022-12-30 20:11:07.701,1.63,2022-12-31 01:00:00,
1.208121629,41341015,Diana Shnaider,Di Shnaider v J Cristian,10,2022-12-30 21:54:29.001,1.71,2022-12-31 01:00:00,
1.208121629,41341015,Diana Shnaider,Di Shnaider v J Cristian,20,2022-12-30 23:07:24.773,1.64,2022-12-31 01:00:00,
1.208121629,41341015,Diana Shnaider,Di Shnaider v J Cristian,30,2022-12-31 00:06:29.116,1.65,2022-12-31 01:00:00,
1.208121629,41341015,Diana Shnaider,Di Shnaider v J Cristian,40,2022-12-31 01:30:38.792,1.66,2022-12-31 01:45:00,
1.208121629,41341015,Diana Shnaider,Di Shnaider v J Cristian,50,2022-12-31 01:55:48.765,1.66,2022-12-31 02:00:00,
1.208121629,41341015,Diana Shnaider,Di Shnaider v J Cristian,60,2022-12-31 01:58:51.479,1.63,2022-12-31 02:00:00,
1.208121629,41341015,Diana Shnaider,Di Shnaider v J Cristian,70,2022-12-31 01:59:50.344,1.62,2022-12-31 02:00:00,
1.208121629,41341015,Diana Shnaider,Di Shnaider v J Cristian,80,2022-12-31 02:08:29.859,1.63,2022-12-31 02:10:00,
1.208121629,41341015,Diana Shnaider,Di Shnaider v J Cristian,90,2022-12-31 02:19:23.042,1.56,2022-12-31 02:25:00,
1.208121629,41341015,Diana Shnaider,Di Shnaider v J Cristian,100,2022-12-31 02:23:25.118,1.49,2022-12-31 02:25:00,
1.208121893,8944356,Jasmine Paolini,A Bondar v J Paolini,0,2022-12-31 00:47:22.833,1.49,2022-12-31 05:30:00,
1.208121893,8944356,Jasmine Paolini,A Bondar v J Paolini,10,2022-12-31 01:29:11.200,1.48,2022-12-31 05:30:00,
1.208121893,8944356,Jasmine Paolini,A Bondar v J Paolini,20,2022-12-31 01:30:09.174,1.47,2022-12-31 05:30:00,
1.208121893,8944356,Jasmine Paolini,A Bondar v J Paolini,30,2022-12-31 02:57:24.096,1.49,2022-12-31 05:30:00,
1.208121893,8944356,Jasmine Paolini,A Bondar v J Paolini,40,2022-12-31 03:08:23.118,1.5,2022-12-31 05:30:00,
1.208121893,8944356,Jasmine Paolini,A Bondar v J Paolini,50,2022-12-31 04:48:17.999,1.52,2022-12-31 05:30:00,
1.208121893,8944356,Jasmine Paolini,A Bondar v J Paolini,60,2022-12-31 04:48:39.512,1.48,2022-12-31 05:30:00,
1.208121893,8944356,Jasmine Paolini,A Bondar v J Paolini,70,2022-12-31 05:29:45.007,1.48,2022-12-31 05:30:00,
1.208121893,8944356,Jasmine Paolini,A Bondar v J Paolini,80,2022-12-31 06:06:01.595,1.5,2022-12-31 06:20:00,
1.208121893,8944356,Jasmine Paolini,A Bondar v J Paolini,90,2022-12-31 06:17:16.638,1.48,2022-12-31 06:20:00,
1.208121893,8944356,Jasmine Paolini,A Bondar v J Paolini,100,2022-12-31 07:20:09.351,1.51,2022-12-31 07:25:00,
1.208121895,9166525,Tamara Korpatsch,S Hunter v Tama Korpatsch,0,2022-12-30 14:46:18.935,3.05,2022-12-30 23:30:00,
1.208121895,9166525,Tamara Korpatsch,S Hunter v Tama Korpatsch,10,2022-12-30 14:49:39.933,2.74,2022-12-30 23:30:00,
1.208121895,9166525,Tamara Korpatsch,S Hunter v Tama Korpatsch,20,2022-12-30 14:53:16.184,2.8,2022-12-30 23:30:00,
1.208121895,9166525,Tamara Korpatsch,S Hunter v Tama Korpatsch,30,2022-12-30 18:22:00.600,2.7,2022-12-30 23:30:00,
1.208121895,9166525,Tamara Korpatsch,S Hunter v Tama Korpatsch,40,2022-12-30 21:40:58.145,2.4,2022-12-30 23:30:00,
1.208121895,9166525,Tamara Korpatsch,S Hunter v Tama Korpatsch,50,2022-12-30 21:41:34.454,2.38,2022-12-30 23:30:00,
1.208121895,9166525,Tamara Korpatsch,S Hunter v Tama Korpatsch,60,2022-12-30 21:59:07.430,2.44,2022-12-30 23:30:00,
1.208121895,9166525,Tamara Korpatsch,S Hunter v Tama Korpatsch,70,2022-12-30 22:34:10.857,2.58,2022-12-30 23:30:00,
1.208121895,9166525,Tamara Korpatsch,S Hunter v Tama Korpatsch,80,2022-12-30 23:12:09.007,2.6,2022-12-30 23:30:00,
1.208121895,9166525,Tamara Korpatsch,S Hunter v Tama Korpatsch,90,2022-12-30 23:17:39.619,2.58,2022-12-30 23:30:00,
1.208121895,9166525,Tamara Korpatsch,S Hunter v Tama Korpatsch,100,2022-12-30 23:29:16.951,2.56,2022-12-30 23:30:00,
1.208121895,50836638,Storm Hunter,S Hunter v Tama Korpatsch,0,2022-12-30 14:44:48.436,1.57,2022-12-30 23:30:00,
1.208121895,50836638,Storm Hunter,S Hunter v Tama Korpatsch,10,2022-12-30 14:49:39.933,1.57,2022-12-30 23:30:00,
1.208121895,50836638,Storm Hunter,S Hunter v Tama Korpatsch,20,2022-12-30 18:22:00.600,1.58,2022-12-30 23:30:00,
1.208121895,50836638,Storm Hunter,S Hunter v Tama Korpatsch,30,2022-12-30 21:59:07.430,1.7,2022-12-30 23:30:00,
1.208121895,50836638,Storm Hunter,S Hunter v Tama Korpatsch,40,2022-12-30 22:14:16.819,1.63,2022-12-30 23:30:00,
1.208121895,50836638,Storm Hunter,S Hunter v Tama Korpatsch,50,2022-12-30 22:26:02.430,1.61,2022-12-30 23:30:00,
1.208121895,50836638,Storm Hunter,S Hunter v Tama Korpatsch,60,2022-12-30 22:31:46.679,1.61,2022-12-30 23:30:00,
1.208121895,50836638,Storm Hunter,S Hunter v Tama Korpatsch,70,2022-12-30 22:40:09.709,1.65,2022-12-30 23:30:00,
1.208121895,50836638,Storm Hunter,S Hunter v Tama Korpatsch,80,2022-12-30 23:08:36.325,1.62,2022-12-30 23:30:00,
1.208121895,50836638,Storm Hunter,S Hunter v Tama Korpatsch,90,2022-12-30 23:25:01.074,1.63,2022-12-30 23:30:00,
1.208121895,50836638,Storm Hunter,S Hunter v Tama Korpatsch,100,2022-12-30 23:28:12.621,1.62,2022-12-30 23:30:00,
1.208121896,8907168,Anhelina Kalinina,A Kalinina v D Yastremska,0,2022-12-30 14:48:04.718,1.3,2022-12-31 05:30:00,
1.208121896,8907168,Anhelina Kalinina,A Kalinina v D Yastremska,10,2022-12-30 17:17:11.671,1.33,2022-12-31 05:30:00,
1.208121896,8907168,Anhelina Kalinina,A Kalinina v D Yastremska,20,2022-12-30 19:05:58.532,1.38,2022-12-31 05:30:00,
1.208121896,8907168,Anhelina Kalinina,A Kalinina v D Yastremska,30,2022-12-30 19:49:27.411,1.35,2022-12-31 05:30:00,
1.208121896,8907168,Anhelina Kalinina,A Kalinina v D Yastremska,40,2022-12-30 23:23:20.618,1.35,2022-12-31 05:30:00,
1.208121896,8907168,Anhelina Kalinina,A Kalinina v D Yastremska,50,2022-12-31 02:56:20.335,1.38,2022-12-31 05:30:00,
1.208121896,8907168,Anhelina Kalinina,A Kalinina v D Yastremska,60,2022-12-31 04:24:57.395,1.39,2022-12-31 05:30:00,
1.208121896,8907168,Anhelina Kalinina,A Kalinina v D Yastremska,70,2022-12-31 05:29:14.326,1.29,2022-12-31 05:30:00,
1.208121896,8907168,Anhelina Kalinina,A Kalinina v D Yastremska,80,2022-12-31 07:40:13.617,1.36,2022-12-31 07:50:00,
1.208121896,8907168,Anhelina Kalinina,A Kalinina v D Yastremska,90,2022-12-31 08:19:58.263,1.29,2022-12-31 08:25:00,2022-12-31 08:15:12.824
1.208121896,8907168,Anhelina Kalinina,A Kalinina v D Yastremska,100,2022-12-31 08:22:22.198,1.4,2022-12-31 08:25:00,2022-12-31 08:15:12.824
1.208122,46252652,Alison Riske-Amritraj,Riske-Amritraj v Golubic,0,2022-12-30 22:16:58.186,1.91,2022-12-30 23:30:00,
1.208122,46252652,Alison Riske-Amritraj,Riske-Amritraj v Golubic,10,2022-12-30 22:20:10.039,1.89,2022-12-30 23:30:00,
1.208122,46252652,Alison Riske-Amritraj,Riske-Amritraj v Golubic,20,2022-12-30 22:28:58.521,1.91,2022-12-30 23:30:00,
1.208122,46252652,Alison Riske-Amritraj,Riske-Amritraj v Golubic,30,2022-12-30 22:36:32.745,1.89,2022-12-30 23:30:00,
1.208122,46252652,Alison Riske-Amritraj,Riske-Amritraj v Golubic,40,2022-12-30 22:46:48.986,1.91,2022-12-30 23:30:00,
1.208122,46252652,Alison Riske-Amritraj,Riske-Amritraj v Golubic,50,2022-12-30 22:56:27.253,1.9,2022-12-30 23:30:00,
1.208122,46252652,Alison Riske-Amritraj,Riske-Amritraj v Golubic,60,2022-12-30 23:07:15.771,1.91,2022-12-30 23:30:00,
1.208122,46252652,Alison Riske-Amritraj,Riske-Amritraj v Golubic,70,2022-12-30 23:24:14.650,1.89,2022-12-30 23:30:00,
1.208122,46252652,Alison Riske-Amritraj,Riske-Amritraj v Golubic,80,2022-12-30 23:25:16.622,1.91,2022-12-30 23:30:00,
1.208122,46252652,Alison Riske-Amritraj,Riske-Amritraj v Golubic,90,2022-12-30 23:26:19.482,1.94,2022-12-30 23:30:00,
1.208122,46252652,Alison Riske-Amritraj,Riske-Amritraj v Golubic,100,2022-12-30 23:29:08.288,1.92,2022-12-30 23:30:00,
1.208122011,3875013,Ana Bogdan,Birrell v A Bogdan,0,2022-12-30 14:45:12.084,1.48,2022-12-31 01:00:00,
1.208122011,3875013,Ana Bogdan,Birrell v A Bogdan,10,2022-12-30 15:02:48.887,1.46,2022-12-31 01:00:00,
1.208122011,3875013,Ana Bogdan,Birrell v A Bogdan,20,2022-12-30 20:58:48.442,1.36,2022-12-31 01:00:00,
1.208122011,3875013,Ana Bogdan,Birrell v A Bogdan,30,2022-12-30 22:05:25.102,1.41,2022-12-31 01:00:00,
1.208122011,3875013,Ana Bogdan,Birrell v A Bogdan,40,2022-12-30 23:02:48.525,1.4,2022-12-31 01:00:00,
1.208122011,3875013,Ana Bogdan,Birrell v A Bogdan,50,2022-12-31 00:02:18.430,1.35,2022-12-31 01:00:00,
1.208122011,3875013,Ana Bogdan,Birrell v A Bogdan,60,2022-12-31 00:18:18.718,1.38,2022-12-31 01:00:00,
1.208122011,3875013,Ana Bogdan,Birrell v A Bogdan,70,2022-12-31 00:26:34.243,1.36,2022-12-31 01:00:00,
1.208122011,3875013,Ana Bogdan,Birrell v A Bogdan,80,2022-12-31 00:37:10.018,1.38,2022-12-31 01:00:00,
1.208122011,3875013,Ana Bogdan,Birrell v A Bogdan,90,2022-12-31 00:49:58.262,1.37,2022-12-31 01:00:00,
1.208122011,3875013,Ana Bogdan,Birrell v A Bogdan,100,2022-12-31 00:52:09.712,1.35,2022-12-31 01:00:00,
1.208122158,7066166,Taylor Townsend,A Potapova v Taylo Townsend,0,2022-12-30 15:02:38.349,2.24,2022-12-31 01:00:00,
1.208122158,7066166,Taylor Townsend,A Potapova v Taylo Townsend,10,2022-12-30 20:03:05.933,2.14,2022-12-31 01:00:00,
1.208122158,7066166,Taylor Townsend,A Potapova v Taylo Townsend,20,2022-12-30 22:20:45.188,2.22,2022-12-31 01:00:00,
1.208122158,7066166,Taylor Townsend,A Potapova v Taylo Townsend,30,2022-12-31 00:45:23.864,2.22,2022-12-31 01:00:00,
1.208122158,7066166,Taylor Townsend,A Potapova v Taylo Townsend,40,2022-12-31 00:48:20.767,2.2,2022-12-31 01:00:00,
1.208122158,7066166,Taylor Townsend,A Potapova v Taylo Townsend,50,2022-12-31 00:50:23.256,2.18,2022-12-31 01:00:00,
1.208122158,7066166,Taylor Townsend,A Potapova v Taylo Townsend,60,2022-12-31 00:51:18.331,2.16,2022-12-31 01:00:00,
1.208122158,7066166,Taylor Townsend,A Potapova v Taylo Townsend,70,2022-12-31 00:54:23.475,2.26,2022-12-31 01:00:00,
1.208122158,7066166,Taylor Townsend,A Potapova v Taylo Townsend,80,2022-12-31 00:57:24.425,2.28,2022-12-31 01:00:00,
1.208122158,7066166,Taylor Townsend,A Potapova v Taylo Townsend,90,2022-12-31 00:59:23.179,2.28,2022-12-31 01:00:00,
1.208122158,7066166,Taylor Townsend,A Potapova v Taylo Townsend,100,2022-12-31 01:26:24.382,2.68,2022-12-31 01:30:00,2022-12-31 01:24:24.044
1.208122158,10554735,Anastasia Potapova,A Potapova v Taylo Townsend,0,2022-12-30 19:25:31.050,1.8,2022-12-31 01:00:00,
1.208122158,10554735,Anastasia Potapova,A Potapova v Taylo Townsend,10,2022-12-30 23:11:52.439,1.81,2022-12-31 01:00:00,
1.208122158,10554735,Anastasia Potapova,A Potapova v Taylo Townsend,20,2022-12-31 00:44:21.856,1.84,2022-12-31 01:00:00,
1.208122158,10554735,Anastasia Potapova,A Potapova v Taylo Townsend,30,2022-12-31 00:48:20.767,1.84,2022-12-31 01:00:00,
1.208122158,10554735,Anastasia Potapova,A Potapova v Taylo Townsend,40,2022-12-31 00:50:23.256,1.85,2022-12-31 01:00:00,
1.208122158,10554735,Anastasia Potapova,A Potapova v Taylo Townsend,50,2022-12-31 00:52:23.899,1.85,2022-12-31 01:00:00,
1.208122158,10554735,Anastasia Potapova,A Potapova v Taylo Townsend,60,2022-12-31 00:54:23.475,1.8,2022-12-31 01:00:00,
1.208122158,10554735,Anastasia Potapova,A Potapova v Taylo Townsend,70,2022-12-31 00:57:24.425,1.79,2022-12-31 01:00:00,
1.208122158,10554735,Anastasia Potapova,A Potapova v Taylo Townsend,80,2022-12-31 00:59:23.179,1.78,2022-12-31 01:00:00,
1.208122158,10554735,Anastasia Potapova,A Potapova v Taylo Townsend,90,2022-12-31 01:26:24.382,1.53,2022-12-31 01:30:00,2022-12-31 01:24:24.044
1.208122158,10554735,Anastasia Potapova,A Potapova v Taylo Townsend,100,2022-12-31 01:29:23.435,1.65,2022-12-31 01:30:00,2022-12-31 01:24:24.044
1.208122163,9028621,Mayar Sherif,M Sherif v Cabrera,0,2022-12-30 14:47:14.591,1.3,2022-12-31 04:00:00,
1.208122163,9028621,Mayar Sherif,M Sherif v Cabrera,10,2022-12-30 21:45:20.157,1.44,2022-12-31 04:00:00,
1.208122163,9028621,Mayar Sherif,M Sherif v Cabrera,20,2022-12-30 21:50:14.089,1.42,2022-12-31 04:00:00,
1.208122163,9028621,Mayar Sherif,M Sherif v Cabrera,30,2022-12-30 23:32:11.811,1.41,2022-12-31 04:00:00,
1.208122163,9028621,Mayar Sherif,M Sherif v Cabrera,40,2022-12-31 03:06:50.073,1.44,2022-12-31 04:00:00,
1.208122163,9028621,Mayar Sherif,M Sherif v Cabrera,50,2022-12-31 03:27:23.446,1.45,2022-12-31 04:00:00,
1.208122163,9028621,Mayar Sherif,M Sherif v Cabrera,60,2022-12-31 03:31:02.032,1.42,2022-12-31 04:00:00,
1.208122163,9028621,Mayar Sherif,M Sherif v Cabrera,70,2022-12-31 06:29:24.581,1.48,2022-12-31 06:30:00,2022-12-31 06:28:18.878
1.208122163,9028621,Mayar Sherif,M Sherif v Cabrera,80,2022-12-31 06:35:25.444,1.25,2022-12-31 06:40:00,2022-12-31 06:28:18.878
1.208122163,9028621,Mayar Sherif,M Sherif v Cabrera,90,2022-12-31 06:36:24.255,1.69,2022-12-31 06:40:00,2022-12-31 06:28:18.878
1.208122163,9028621,Mayar Sherif,M Sherif v Cabrera,100,2022-12-31 06:38:24.823,1.29,2022-12-31 06:40:00,2022-12-31 06:28:18.878
1.208122333,8907174,Anna Kalinskaya,L Noskova v A Kalinskaya,0,2022-12-30 14:43:30.978,1.66,2022-12-30 23:30:00,
1.208122333,8907174,Anna Kalinskaya,L Noskova v A Kalinskaya,10,2022-12-30 15:27:10.136,1.62,2022-12-30 23:30:00,
1.208122333,8907174,Anna Kalinskaya,L Noskova v A Kalinskaya,20,2022-12-30 17:59:22.556,1.67,2022-12-30 23:30:00,
1.208122333,8907174,Anna Kalinskaya,L Noskova v A Kalinskaya,30,2022-12-30 22:03:12.964,1.69,2022-12-30 23:30:00,
1.208122333,8907174,Anna Kalinskaya,L Noskova v A Kalinskaya,40,2022-12-30 22:14:56.682,1.65,2022-12-30 23:30:00,
1.208122333,8907174,Anna Kalinskaya,L Noskova v A Kalinskaya,50,2022-12-30 22:31:39.828,1.64,2022-12-30 23:30:00,
1.208122333,8907174,Anna Kalinskaya,L Noskova v A Kalinskaya,60,2022-12-30 23:11:04.719,1.68,2022-12-30 23:30:00,
1.208122333,8907174,Anna Kalinskaya,L Noskova v A Kalinskaya,70,2022-12-30 23:11:42.266,1.7,2022-12-30 23:30:00,
1.208122333,8907174,Anna Kalinskaya,L Noskova v A Kalinskaya,80,2022-12-30 23:19:09.839,1.66,2022-12-30 23:30:00,
1.208122333,8907174,Anna Kalinskaya,L Noskova v A Kalinskaya,90,2022-12-30 23:25:59.335,1.67,2022-12-30 23:30:00,
1.208122333,8907174,Anna Kalinskaya,L Noskova v A Kalinskaya,100,2022-12-30 23:29:23.904,1.63,2022-12-30 23:30:00,
1.208122333,22088831,Linda Noskova,L Noskova v A Kalinskaya,0,2022-12-30 14:43:30.978,2.5,2022-12-30 23:30:00,
1.208122333,22088831,Linda Noskova,L Noskova v A Kalinskaya,10,2022-12-30 14:53:06.025,2.34,2022-12-30 23:30:00,
1.208122333,22088831,Linda Noskova,L Noskova v A Kalinskaya,20,2022-12-30 17:59:22.556,2.48,2022-12-30 23:30:00,
1.208122333,22088831,Linda Noskova,L Noskova v A Kalinskaya,30,2022-12-30 18:03:24.744,2.38,2022-12-30 23:30:00,
1.208122333,22088831,Linda Noskova,L Noskova v A Kalinskaya,40,2022-12-30 22:14:56.682,2.52,2022-12-30 23:30:00,
1.208122333,22088831,Linda Noskova,L Noskova v A Kalinskaya,50,2022-12-30 22:43:09.883,2.52,2022-12-30 23:30:00,
1.208122333,22088831,Linda Noskova,L Noskova v A Kalinskaya,60,2022-12-30 22:50:09.881,2.48,2022-12-30 23:30:00,
1.208122333,22088831,Linda Noskova,L Noskova v A Kalinskaya,70,2022-12-30 23:07:16.911,2.44,2022-12-30 23:30:00,
1.208122333,22088831,Linda Noskova,L Noskova v A Kalinskaya,80,2022-12-30 23:08:16.522,2.42,2022-12-30 23:30:00,
1.208122333,22088831,Linda Noskova,L Noskova v A Kalinskaya,90,2022-12-30 23:24:09.864,2.48,2022-12-30 23:30:00,
1.208122333,22088831,Linda Noskova,L Noskova v A Kalinskaya,100,2022-12-30 23:28:24.550,2.5,2022-12-30 23:30:00,
1.208122377,9629258,Cristina Bucsa,Bucsa v M Kostyuk,0,2022-12-30 16:21:15.961,3.5,2022-12-31 04:00:00,
1.208122377,9629258,Cristina Bucsa,Bucsa v M Kostyuk,10,2022-12-31 00:34:09.307,3.6,2022-12-31 04:00:00,
1.208122377,9629258,Cristina Bucsa,Bucsa v M Kostyuk,20,2022-12-31 02:40:56.789,3.45,2022-12-31 04:00:00,
1.208122377,9629258,Cristina Bucsa,Bucsa v M Kostyuk,30,2022-12-31 02:50:00.452,3.4,2022-12-31 04:00:00,
1.208122377,9629258,Cristina Bucsa,Bucsa v M Kostyuk,40,2022-12-31 03:04:00.398,3.6,2022-12-31 04:00:00,
1.208122377,9629258,Cristina Bucsa,Bucsa v M Kostyuk,50,2022-12-31 05:01:59.195,3.75,2022-12-31 05:15:00,
1.208122377,9629258,Cristina Bucsa,Bucsa v M Kostyuk,60,2022-12-31 05:31:17.154,3.5,2022-12-31 05:40:00,
1.208122377,9629258,Cristina Bucsa,Bucsa v M Kostyuk,70,2022-12-31 05:40:10.731,3.45,2022-12-31 05:50:00,
1.208122377,9629258,Cristina Bucsa,Bucsa v M Kostyuk,80,2022-12-31 05:47:17.310,3.85,2022-12-31 05:50:00,
1.208122377,9629258,Cristina Bucsa,Bucsa v M Kostyuk,90,2022-12-31 05:49:08.542,3.8,2022-12-31 05:50:00,
1.208122377,9629258,Cristina Bucsa,Bucsa v M Kostyuk,100,2022-12-31 05:59:23.117,3.65,2022-12-31 06:00:00,
1.208122377,11694656,Marta Kostyuk,Bucsa v M Kostyuk,0,2022-12-30 14:46:54.448,1.4,2022-12-31 04:00:00,
1.208122377,11694656,Marta Kostyuk,Bucsa v M Kostyuk,10,2022-12-31 00:34:09.307,1.39,2022-12-31 04:00:00,
1.208122377,11694656,Marta Kostyuk,Bucsa v M Kostyuk,20,2022-12-31 02:40:56.789,1.4,2022-12-31 04:00:00,
1.208122377,11694656,Marta Kostyuk,Bucsa v M Kostyuk,30,2022-12-31 03:02:21.951,1.39,2022-12-31 04:00:00,
1.208122377,11694656,Marta Kostyuk,Bucsa v M Kostyuk,40,2022-12-31 03:07:02.372,1.38,2022-12-31 04:00:00,
1.208122377,11694656,Marta Kostyuk,Bucsa v M Kostyuk,50,2022-12-31 03:57:00.741,1.38,2022-12-31 04:00:00,
1.208122377,11694656,Marta Kostyuk,Bucsa v M Kostyuk,60,2022-12-31 03:57:58.946,1.37,2022-12-31 04:00:00,
1.208122377,11694656,Marta Kostyuk,Bucsa v M Kostyuk,70,2022-12-31 05:01:59.195,1.37,2022-12-31 05:15:00,
1.208122377,11694656,Marta Kostyuk,Bucsa v M Kostyuk,80,2022-12-31 05:47:17.310,1.35,2022-12-31 05:50:00,
1.208122377,11694656,Marta Kostyuk,Bucsa v M Kostyuk,90,2022-12-31 05:49:08.542,1.36,2022-12-31 05:50:00,
1.208122377,11694656,Marta Kostyuk,Bucsa v M Kostyuk,100,2022-12-31 05:59:23.117,1.38,2022-12-31 06:00:00,
