market_id,selection_id,runner_name,event_name,interval_pct,timestamp,ltp,market_time,inplay_start
1.221908305,10372237,August Holmgren,Holmgren v Cha Wong,0,2023-11-29 13:48:14.824,1.59,2023-11-30 01:00:00,
1.221908305,10372237,August Holmgren,Holmgren v Cha Wong,10,2023-11-29 23:00:06.090,1.58,2023-11-30 01:00:00,
1.221908305,10372237,August Holmgren,Holmgren v Cha Wong,20,2023-11-30 21:30:30.382,1.52,2023-12-01 05:30:00,
1.221908305,10372237,August Holmgren,Holmgren v Cha Wong,30,2023-11-30 22:00:18.644,1.54,2023-12-01 05:30:00,
1.221908305,10372237,August Holmgren,Holmgren v Cha Wong,40,2023-11-30 22:05:56.812,1.56,2023-12-01 05:30:00,
1.221908305,10372237,August Holmgren,Holmgren v Cha Wong,50,2023-11-30 23:39:14.760,1.62,2023-12-01 05:30:00,
1.221908305,10372237,August Holmgren,Holmgren v Cha Wong,60,2023-12-01 02:38:34.068,1.58,2023-12-01 05:18:00,
1.221908305,10372237,August Holmgren,Holmgren v Cha Wong,70,2023-12-01 04:00:46.832,1.62,2023-12-01 04:43:00,
1.221908305,10372237,August Holmgren,Holmgren v Cha Wong,80,2023-12-01 04:19:45.025,1.58,2023-12-01 04:43:00,
1.221908305,10372237,August Holmgren,Holmgren v Cha Wong,90,2023-12-01 04:27:45.004,1.6,2023-12-01 04:43:00,
1.221908305,10372237,August Holmgren,Holmgren v Cha Wong,100,2023-12-01 04:52:45.013,1.6,2023-12-01 04:58:00,
1.221908305,22360627,Chak Lam Coleman Wong,Holmgren v Cha Wong,0,2023-11-29 23:00:06.090,2.7,2023-11-30 01:00:00,
1.221908305,22360627,Chak Lam Coleman Wong,Holmgren v Cha Wong,10,2023-11-30 17:13:20.151,2.8,2023-12-01 05:30:00,
1.221908305,22360627,Chak Lam Coleman Wong,Holmgren v Cha Wong,20,2023-11-30 22:05:56.812,2.78,2023-12-01 05:30:00,
1.221908305,22360627,Chak Lam Coleman Wong,Holmgren v Cha Wong,30,2023-11-30 22:47:14.532,2.7,2023-12-01 05:30:00,
1.221908305,22360627,Chak Lam Coleman Wong,Holmgren v Cha Wong,40,2023-12-01 00:42:05.321,2.62,2023-12-01 05:30:00,
1.221908305,22360627,Chak Lam Coleman Wong,Holmgren v Cha Wong,50,2023-12-01 02:51:35.959,2.62,2023-12-01 04:43:00,
1.221908305,22360627,Chak Lam Coleman Wong,Holmgren v Cha Wong,60,2023-12-01 04:00:46.832,2.62,2023-12-01 04:43:00,
1.221908305,22360627,Chak Lam Coleman Wong,Holmgren v Cha Wong,70,2023-12-01 04:24:46.555,2.6,2023-12-01 04:43:00,
1.221908305,22360627,Chak Lam Coleman Wong,Holmgren v Cha Wong,80,2023-12-01 04:30:44.887,2.64,2023-12-01 04:43:00,
1.221908305,22360627,Chak Lam Coleman Wong,Holmgren v Cha Wong,90,2023-12-01 04:53:45.024,2.64,2023-12-01 04:58:00,
1.221908305,22360627,Chak Lam Coleman Wong,Holmgren v Cha Wong,100,2023-12-01 05:02:44.982,2.62,2023-12-01 05:03:00,
1.221929847,25989805,Filip Misolic,Misolic v Adrian Andreev,0,2023-11-30 12:24:21.802,1.54,2023-12-01 10:00:00,
1.221929847,25989805,Filip Misolic,Misolic v Adrian Andreev,10,2023-11-30 12:51:58.883,1.53,2023-12-01 10:00:00,
1.221929847,25989805,Filip Misolic,Misolic v Adrian Andreev,20,2023-11-30 21:52:09.477,1.54,2023-12-01 14:00:00,
1.221929847,25989805,Filip Misolic,Misolic v Adrian Andreev,30,2023-12-01 08:55:46.105,1.55,2023-12-01 14:00:00,
1.221929847,25989805,Filip Misolic,Misolic v Adrian Andreev,40,2023-12-01 09:03:42.352,1.53,2023-12-01 14:00:00,
1.221929847,25989805,Filip Misolic,Misolic v Adrian Andreev,50,2023-12-01 11:55:47.174,1.55,2023-12-01 15:00:00,
1.221929847,25989805,Filip Misolic,Misolic v Adrian Andreev,60,2023-12-01 12:28:46.796,1.56,2023-12-01 15:00:00,
1.221929847,25989805,Filip Misolic,Misolic v Adrian Andreev,70,2023-12-01 12:48:38.857,1.54,2023-12-01 15:00:00,
1.221929847,25989805,Filip Misolic,Misolic v Adrian Andreev,80,2023-12-01 13:30:47.640,1.53,2023-12-01 15:05:00,
1.221929847,25989805,Filip Misolic,Misolic v Adrian Andreev,90,2023-12-01 13:53:48.290,1.52,2023-12-01 15:05:00,
1.221929847,25989805,Filip Misolic,Misolic v Adrian Andreev,100,2023-12-01 14:12:47.989,1.55,2023-12-01 15:05:00,
1.221931778,15926417,Jonas Forejtek,Da Rincon v Forejtek,0,2023-11-30 05:55:42.465,2.82,2023-12-01 10:00:00,
1.221931778,15926417,Jonas Forejtek,Da Rincon v Forejtek,10,2023-12-01 07:28:39.050,2.9,2023-12-01 10:00:00,
1.221931778,15926417,Jonas Forejtek,Da Rincon v Forejtek,20,2023-12-01 08:19:14.737,3.1,2023-12-01 10:00:00,
1.221931778,15926417,Jonas Forejtek,Da Rincon v Forejtek,30,2023-12-01 08:56:00.980,3.1,2023-12-01 10:00:00,
1.221931778,15926417,Jonas Forejtek,Da Rincon v Forejtek,40,2023-12-01 09:52:38.759,2.96,2023-12-01 12:00:00,
1.221931778,15926417,Jonas Forejtek,Da Rincon v Forejtek,50,2023-12-01 10:05:16.745,3.05,2023-12-01 12:00:00,
1.221931778,15926417,Jonas Forejtek,Da Rincon v Forejtek,60,2023-12-01 10:18:31.746,2.92,2023-12-01 12:00:00,
1.221931778,15926417,Jonas Forejtek,Da Rincon v Forejtek,70,2023-12-01 12:02:42.711,2.94,2023-12-01 13:00:00,
1.221931778,15926417,Jonas Forejtek,Da Rincon v Forejtek,80,2023-12-01 12:07:31.883,2.96,2023-12-01 13:00:00,
1.221931778,15926417,Jonas Forejtek,Da Rincon v Forejtek,90,2023-12-01 12:21:22.444,2.94,2023-12-01 13:00:00,
1.221931778,15926417,Jonas Forejtek,Da Rincon v Forejtek,100,2023-12-01 12:59:32.869,2.94,2023-12-01 13:00:00,
1.221931778,27592752,Daniel Rincon,Da Rincon v Forejtek,0,2023-11-30 12:40:01.007,1.49,2023-12-01 10:00:00,
1.221931778,27592752,Daniel Rincon,Da Rincon v Forejtek,10,2023-12-01 03:51:16.261,1.53,2023-12-01 10:00:00,
1.221931778,27592752,Daniel Rincon,Da Rincon v Forejtek,20,2023-12-01 05:45:36.801,1.49,2023-12-01 10:00:00,
1.221931778,27592752,Daniel Rincon,Da Rincon v Forejtek,30,2023-12-01 08:30:31.979,1.48,2023-12-01 10:00:00,
1.221931778,27592752,Daniel Rincon,Da Rincon v Forejtek,40,2023-12-01 09:48:27.154,1.48,2023-12-01 12:00:00,
1.221931778,27592752,Daniel Rincon,Da Rincon v Forejtek,50,2023-12-01 09:52:38.759,1.51,2023-12-01 12:00:00,
1.221931778,27592752,Daniel Rincon,Da Rincon v Forejtek,60,2023-12-01 10:04:12.457,1.49,2023-12-01 12:00:00,
1.221931778,27592752,Daniel Rincon,Da Rincon v Forejtek,70,2023-12-01 11:11:13.097,1.52,2023-12-01 12:00:00,
1.221931778,27592752,Daniel Rincon,Da Rincon v Forejtek,80,2023-12-01 11:53:41.602,1.49,2023-12-01 13:00:00,
1.221931778,27592752,Daniel Rincon,Da Rincon v Forejtek,90,2023-12-01 12:28:39.172,1.52,2023-12-01 13:00:00,
1.221931778,27592752,Daniel Rincon,Da Rincon v Forejtek,100,2023-12-01 13:27:37.374,1.51,2023-12-01 13:30:00,
1.22193812,10825456,Nedunchezhiya/Prashanth,Chepelev/Gakhov v Nedunchezhiya/Prashanth,0,2023-11-29 22:38:03.719,1.23,2023-11-30 15:30:00,
1.22193812,10825456,Nedunchezhiya/Prashanth,Chepelev/Gakhov v Nedunchezhiya/Prashanth,10,2023-11-30 18:50:20.139,1.13,2023-12-01 12:00:00,2023-11-30 16:25:37.233
1.22193812,10825456,Nedunchezhiya/Prashanth,Chepelev/Gakhov v Nedunchezhiya/Prashanth,20,2023-11-30 22:03:40.241,1.13,2023-12-01 12:00:00,2023-11-30 16:25:37.233
1.22193812,10825456,Nedunchezhiya/Prashanth,Chepelev/Gakhov v Nedunchezhiya/Prashanth,30,2023-11-30 23:12:26.782,1.12,2023-12-01 12:00:00,2023-11-30 16:25:37.233
1.22193812,10825456,Nedunchezhiya/Prashanth,Chepelev/Gakhov v Nedunchezhiya/Prashanth,40,2023-12-01 01:35:50.602,1.15,2023-12-01 12:00:00,2023-11-30 16:25:37.233
1.22193812,10825456,Nedunchezhiya/Prashanth,Chepelev/Gakhov v Nedunchezhiya/Prashanth,50,2023-12-01 04:27:32.430,1.18,2023-12-01 12:00:00,2023-11-30 16:25:37.233
1.22193812,10825456,Nedunchezhiya/Prashanth,Chepelev/Gakhov v Nedunchezhiya/Prashanth,60,2023-12-01 05:40:36.058,1.14,2023-12-01 12:00:00,2023-11-30 16:25:37.233
1.22193812,10825456,Nedunchezhiya/Prashanth,Chepelev/Gakhov v Nedunchezhiya/Prashanth,70,2023-12-01 07:35:22.953,1.18,2023-12-01 12:00:00,2023-11-30 16:25:37.233
1.22193812,10825456,Nedunchezhiya/Prashanth,Chepelev/Gakhov v Nedunchezhiya/Prashanth,80,2023-12-01 08:42:59.799,1.19,2023-12-01 12:00:00,2023-11-30 16:25:37.233
1.22193812,10825456,Nedunchezhiya/Prashanth,Chepelev/Gakhov v Nedunchezhiya/Prashanth,90,2023-12-01 10:35:34.591,1.2,2023-12-01 14:00:00,2023-11-30 16:25:37.233
1.22193812,10825456,Nedunchezhiya/Prashanth,Chepelev/Gakhov v Nedunchezhiya/Prashanth,100,2023-12-01 13:38:15.949,1.23,2023-12-01 13:45:00,2023-11-30 16:25:37.233
1.22193812,47958177,Chepelev/Gakhov,Chepelev/Gakhov v Nedunchezhiya/Prashanth,0,2023-11-30 18:21:25.278,8.0,2023-12-01 12:00:00,2023-11-30 16:25:37.233
1.22193812,47958177,Chepelev/Gakhov,Chepelev/Gakhov v Nedunchezhiya/Prashanth,10,2023-11-30 21:46:37.540,8.0,2023-12-01 12:00:00,2023-11-30 16:25:37.233
1.22193812,47958177,Chepelev/Gakhov,Chepelev/Gakhov v Nedunchezhiya/Prashanth,20,2023-12-01 00:05:36.492,8.6,2023-12-01 12:00:00,2023-11-30 16:25:37.233
1.22193812,47958177,Chepelev/Gakhov,Chepelev/Gakhov v Nedunchezhiya/Prashanth,30,2023-12-01 04:26:28.363,7.0,2023-12-01 12:00:00,2023-11-30 16:25:37.233
1.22193812,47958177,Chepelev/Gakhov,Chepelev/Gakhov v Nedunchezhiya/Prashanth,40,2023-12-01 05:34:20.612,7.0,2023-12-01 12:00:00,2023-11-30 16:25:37.233
1.22193812,47958177,Chepelev/Gakhov,Chepelev/Gakhov v Nedunchezhiya/Prashanth,50,2023-12-01 06:28:12.296,8.2,2023-12-01 12:00:00,2023-11-30 16:25:37.233
1.22193812,47958177,Chepelev/Gakhov,Chepelev/Gakhov v Nedunchezhiya/Prashanth,60,2023-12-01 08:24:35.587,6.4,2023-12-01 12:00:00,2023-11-30 16:25:37.233
1.22193812,47958177,Chepelev/Gakhov,Chepelev/Gakhov v Nedunchezhiya/Prashanth,70,2023-12-01 09:03:12.514,5.5,2023-12-01 12:00:00,2023-11-30 16:25:37.233
1.22193812,47958177,Chepelev/Gakhov,Chepelev/Gakhov v Nedunchezhiya/Prashanth,80,2023-12-01 10:26:37.437,6.0,2023-12-01 14:00:00,2023-11-30 16:25:37.233
1.22193812,47958177,Chepelev/Gakhov,Chepelev/Gakhov v Nedunchezhiya/Prashanth,90,2023-12-01 11:12:05.277,6.2,2023-12-01 14:00:00,2023-11-30 16:25:37.233
1.22193812,47958177,Chepelev/Gakhov,Chepelev/Gakhov v Nedunchezhiya/Prashanth,100,2023-12-01 12:54:20.489,5.4,2023-12-01 13:30:00,2023-11-30 16:25:37.233
1.221941507,11439844,Aleksandar Kovacevic,Sant Rodriguez Taverna v Al Kovacevic,0,2023-11-30 22:16:50.773,1.47,2023-12-01 16:00:00,
1.221941507,11439844,Aleksandar Kovacevic,Sant Rodriguez Taverna v Al Kovacevic,10,2023-12-01 22:00:50.163,1.2,2023-12-02 13:00:00,2023-12-01 16:24:48.933
1.221941507,11439844,Aleksandar Kovacevic,Sant Rodriguez Taverna v Al Kovacevic,20,2023-12-01 23:01:49.024,1.17,2023-12-02 13:00:00,2023-12-01 16:24:48.933
1.221941507,11439844,Aleksandar Kovacevic,Sant Rodriguez Taverna v Al Kovacevic,30,2023-12-02 01:00:34.155,1.18,2023-12-02 13:00:00,2023-12-01 16:24:48.933
1.221941507,11439844,Aleksandar Kovacevic,Sant Rodriguez Taverna v Al Kovacevic,40,2023-12-02 02:55:07.507,1.18,2023-12-02 13:00:00,2023-12-01 16:24:48.933
1.221941507,11439844,Aleksandar Kovacevic,Sant Rodriguez Taverna v Al Kovacevic,50,2023-12-02 05:24:36.657,1.19,2023-12-02 13:00:00,2023-12-01 16:24:48.933
1.221941507,11439844,Aleksandar Kovacevic,Sant Rodriguez Taverna v Al Kovacevic,60,2023-12-02 08:05:38.056,1.19,2023-12-02 13:00:00,2023-12-01 16:24:48.933
1.221941507,11439844,Aleksandar Kovacevic,Sant Rodriguez Taverna v Al Kovacevic,70,2023-12-02 09:50:19.237,1.19,2023-12-02 13:00:00,2023-12-01 16:24:48.933
1.221941507,11439844,Aleksandar Kovacevic,Sant Rodriguez Taverna v Al Kovacevic,80,2023-12-02 11:42:58.636,1.17,2023-12-02 13:00:00,2023-12-01 16:24:48.933
1.221941507,11439844,Aleksandar Kovacevic,Sant Rodriguez Taverna v Al Kovacevic,90,2023-12-02 13:15:50.836,1.15,2023-12-02 13:30:00,2023-12-01 16:24:48.933
1.221941507,11439844,Aleksandar Kovacevic,Sant Rodriguez Taverna v Al Kovacevic,100,2023-12-02 13:33:50.927,1.15,2023-12-02 13:45:00,2023-12-01 16:24:48.933
1.221941507,45377348,Santiago Rodriguez Tave,Sant Rodriguez Taverna v Al Kovacevic,0,2023-12-01 00:44:24.031,3.1,2023-12-01 16:00:00,
1.221941507,45377348,Santiago Rodriguez Tave,Sant Rodriguez Taverna v Al Kovacevic,10,2023-12-01 15:24:50.647,3.3,2023-12-01 15:52:00,
1.221941507,45377348,Santiago Rodriguez Tave,Sant Rodriguez Taverna v Al Kovacevic,20,2023-12-01 22:20:50.760,6.4,2023-12-02 13:00:00,2023-12-01 16:24:48.933
1.221941507,45377348,Santiago Rodriguez Tave,Sant Rodriguez Taverna v Al Kovacevic,30,2023-12-02 00:14:35.103,6.8,2023-12-02 13:00:00,2023-12-01 16:24:48.933
1.221941507,45377348,Santiago Rodriguez Tave,Sant Rodriguez Taverna v Al Kovacevic,40,2023-12-02 03:23:36.329,6.2,2023-12-02 13:00:00,2023-12-01 16:24:48.933
1.221941507,45377348,Santiago Rodriguez Tave,Sant Rodriguez Taverna v Al Kovacevic,50,2023-12-02 11:14:52.787,6.8,2023-12-02 13:00:00,2023-12-01 16:24:48.933
1.221941507,45377348,Santiago Rodriguez Tave,Sant Rodriguez Taverna v Al Kovacevic,60,2023-12-02 13:09:48.328,7.2,2023-12-02 13:15:00,2023-12-01 16:24:48.933
1.221941507,45377348,Santiago Rodriguez Tave,Sant Rodriguez Taverna v Al Kovacevic,70,2023-12-02 13:16:51.099,7.0,2023-12-02 13:30:00,2023-12-01 16:24:48.933
1.221941507,45377348,Santiago Rodriguez Tave,Sant Rodriguez Taverna v Al Kovacevic,80,2023-12-02 13:23:49.941,7.6,2023-12-02 13:30:00,2023-12-01 16:24:48.933
1.221941507,45377348,Santiago Rodriguez Tave,Sant Rodriguez Taverna v Al Kovacevic,90,2023-12-02 13:28:50.804,7.2,2023-12-02 13:30:00,2023-12-01 16:24:48.933
1.221941507,45377348,Santiago Rodriguez Tave,Sant Rodriguez Taverna v Al Kovacevic,100,2023-12-02 13:34:51.082,7.8,2023-12-02 13:45:00,2023-12-01 16:24:48.933
1.221943754,24339657,Gilbert Klier Junior,Klier v Sakamoto,0,2023-12-01 06:21:17.607,1.86,2023-12-01 14:00:00,
1.221943754,24339657,Gilbert Klier Junior,Klier v Sakamoto,10,2023-12-01 07:48:19.875,1.85,2023-12-01 14:00:00,
1.221943754,24339657,Gilbert Klier Junior,Klier v Sakamoto,20,2023-12-01 10:52:45.227,1.86,2023-12-01 14:00:00,
1.221943754,24339657,Gilbert Klier Junior,Klier v Sakamoto,30,2023-12-01 11:03:06.121,1.82,2023-12-01 14:00:00,
1.221943754,24339657,Gilbert Klier Junior,Klier v Sakamoto,40,2023-12-01 11:17:50.605,1.8,2023-12-01 14:00:00,
1.221943754,24339657,Gilbert Klier Junior,Klier v Sakamoto,50,2023-12-01 11:34:22.427,1.79,2023-12-01 14:00:00,
1.221943754,24339657,Gilbert Klier Junior,Klier v Sakamoto,60,2023-12-01 12:29:01.382,1.78,2023-12-01 14:00:00,
1.221943754,24339657,Gilbert Klier Junior,Klier v Sakamoto,70,2023-12-01 12:42:01.530,1.79,2023-12-01 14:00:00,
1.221943754,24339657,Gilbert Klier Junior,Klier v Sakamoto,80,2023-12-01 12:44:18.894,1.77,2023-12-01 14:00:00,
1.221943754,24339657,Gilbert Klier Junior,Klier v Sakamoto,90,2023-12-01 12:54:21.424,1.73,2023-12-01 14:00:00,
1.221943754,24339657,Gilbert Klier Junior,Klier v Sakamoto,100,2023-12-01 13:47:16.382,1.75,2023-12-01 14:00:00,
1.221956876,8798905,Michael Mmoh,Li Tu v Mmoh,0,2023-11-30 15:21:38.996,1.7,2023-12-01 05:30:00,
1.221956876,8798905,Michael Mmoh,Li Tu v Mmoh,10,2023-11-30 21:30:40.182,1.42,2023-12-01 05:30:00,
1.221956876,8798905,Michael Mmoh,Li Tu v Mmoh,20,2023-11-30 21:57:28.618,1.44,2023-12-01 05:30:00,
1.221956876,8798905,Michael Mmoh,Li Tu v Mmoh,30,2023-11-30 23:39:13.144,1.46,2023-12-01 05:30:00,
1.221956876,8798905,Michael Mmoh,Li Tu v Mmoh,40,2023-12-01 01:12:40.308,1.42,2023-12-01 05:30:00,
1.221956876,8798905,Michael Mmoh,Li Tu v Mmoh,50,2023-12-01 01:56:51.108,1.42,2023-12-01 05:16:00,
1.221956876,8798905,Michael Mmoh,Li Tu v Mmoh,60,2023-12-01 02:52:48.998,1.41,2023-12-01 04:39:00,
1.221956876,8798905,Michael Mmoh,Li Tu v Mmoh,70,2023-12-01 03:18:39.862,1.42,2023-12-01 04:39:00,
1.221956876,8798905,Michael Mmoh,Li Tu v Mmoh,80,2023-12-01 03:54:43.915,1.46,2023-12-01 04:39:00,
1.221956876,8798905,Michael Mmoh,Li Tu v Mmoh,90,2023-12-01 04:00:19.126,1.44,2023-12-01 04:39:00,
1.221956876,8798905,Michael Mmoh,Li Tu v Mmoh,100,2023-12-01 04:20:36.703,1.4,2023-12-01 04:39:00,
1.221956876,9626104,Li Tu,Li Tu v Mmoh,0,2023-11-30 21:30:40.182,3.35,2023-12-01 05:30:00,
1.221956876,9626104,Li Tu,Li Tu v Mmoh,10,2023-11-30 21:57:28.618,3.2,2023-12-01 05:30:00,
1.221956876,9626104,Li Tu,Li Tu v Mmoh,20,2023-11-30 22:33:01.146,3.35,2023-12-01 05:30:00,
1.221956876,9626104,Li Tu,Li Tu v Mmoh,30,2023-11-30 23:39:13.144,3.2,2023-12-01 05:30:00,
1.221956876,9626104,Li Tu,Li Tu v Mmoh,40,2023-12-01 01:04:47.700,3.3,2023-12-01 05:30:00,
1.221956876,9626104,Li Tu,Li Tu v Mmoh,50,2023-12-01 01:32:50.608,3.2,2023-12-01 05:16:00,
1.221956876,9626104,Li Tu,Li Tu v Mmoh,60,2023-12-01 02:09:32.678,3.35,2023-12-01 05:16:00,
1.221956876,9626104,Li Tu,Li Tu v Mmoh,70,2023-12-01 02:16:12.399,3.2,2023-12-01 05:16:00,
1.221956876,9626104,Li Tu,Li Tu v Mmoh,80,2023-12-01 02:27:50.713,3.35,2023-12-01 05:16:00,
1.221956876,9626104,Li Tu,Li Tu v Mmoh,90,2023-12-01 02:54:32.311,3.2,2023-12-01 04:39:00,
1.221956876,9626104,Li Tu,Li Tu v Mmoh,100,2023-12-01 04:20:36.703,3.4,2023-12-01 04:39:00,
1.221959202,8194278,Marc Polmans,Gi Fonio v Polmans,0,2023-11-30 17:09:36.928,1.65,2023-12-01 03:30:00,
1.221959202,8194278,Marc Polmans,Gi Fonio v Polmans,10,2023-11-30 21:29:50.018,1.61,2023-12-01 03:30:00,
1.221959202,8194278,Marc Polmans,Gi Fonio v Polmans,20,2023-11-30 21:57:39.415,1.62,2023-12-01 03:30:00,
1.221959202,8194278,Marc Polmans,Gi Fonio v Polmans,30,2023-11-30 23:38:53.258,1.65,2023-12-01 03:30:00,
1.221959202,8194278,Marc Polmans,Gi Fonio v Polmans,40,2023-12-01 00:07:48.979,1.62,2023-12-01 03:30:00,
1.221959202,8194278,Marc Polmans,Gi Fonio v Polmans,50,2023-12-01 00:42:22.450,1.64,2023-12-01 03:30:00,
1.221959202,8194278,Marc Polmans,Gi Fonio v Polmans,60,2023-12-01 00:45:39.874,1.62,2023-12-01 03:30:00,
1.221959202,8194278,Marc Polmans,Gi Fonio v Polmans,70,2023-12-01 01:37:16.739,1.65,2023-12-01 03:18:00,
1.221959202,8194278,Marc Polmans,Gi Fonio v Polmans,80,2023-12-01 02:05:41.212,1.62,2023-12-01 03:18:00,
1.221959202,8194278,Marc Polmans,Gi Fonio v Polmans,90,2023-12-01 02:14:39.780,1.65,2023-12-01 03:18:00,
1.221959202,8194278,Marc Polmans,Gi Fonio v Polmans,100,2023-12-01 02:27:28.159,1.62,2023-12-01 03:18:00,
1.22196353,11403481,S Lamens,A Falei v S Lamens,0,2023-11-30 23:40:46.738,11.0,2023-12-01 02:30:00,2023-11-30 23:10:57.721
1.22196353,11403481,S Lamens,A Falei v S Lamens,10,2023-11-30 23:41:30.583,1.1,2023-12-01 02:30:00,2023-11-30 23:10:57.721
1.22196353,11403481,S Lamens,A Falei v S Lamens,20,2023-11-30 23:44:59.127,1.03,2023-12-01 02:30:00,2023-11-30 23:10:57.721
1.22196353,11403481,S Lamens,A Falei v S Lamens,30,2023-11-30 23:59:27.871,10.0,2023-12-01 02:30:00,2023-11-30 23:10:57.721
1.22196353,11403481,S Lamens,A Falei v S Lamens,40,2023-12-01 00:07:00.365,1.54,2023-12-01 02:30:00,2023-11-30 23:10:57.721
1.22196353,11403481,S Lamens,A Falei v S Lamens,50,2023-12-01 00:11:03.441,1.39,2023-12-01 02:30:00,2023-11-30 23:10:57.721
1.22196353,11403481,S Lamens,A Falei v S Lamens,60,2023-12-01 00:12:04.253,1.35,2023-12-01 02:30:00,2023-11-30 23:10:57.721
1.22196353,11403481,S Lamens,A Falei v S Lamens,70,2023-12-01 00:18:03.739,1.5,2023-12-01 02:30:00,2023-11-30 23:10:57.721
1.22196353,11403481,S Lamens,A Falei v S Lamens,80,2023-12-01 00:18:56.152,1.51,2023-12-01 02:30:00,2023-11-30 23:10:57.721
1.22196353,11403481,S Lamens,A Falei v S Lamens,90,2023-12-01 00:19:33.112,1.49,2023-12-01 02:30:00,2023-11-30 23:10:57.721
1.22196353,11403481,S Lamens,A Falei v S Lamens,100,2023-12-01 00:21:59.717,1.24,2023-12-01 02:30:00,2023-11-30 23:10:57.721
1.22196353,21528442,A Falei,A Falei v S Lamens,0,2023-11-30 23:40:46.738,1.1,2023-12-01 02:30:00,2023-11-30 23:10:57.721
1.22196353,21528442,A Falei,A Falei v S Lamens,10,2023-11-30 23:41:30.583,11.0,2023-12-01 02:30:00,2023-11-30 23:10:57.721
1.22196353,21528442,A Falei,A Falei v S Lamens,20,2023-11-30 23:44:59.127,1.03,2023-12-01 02:30:00,2023-11-30 23:10:57.721
1.22196353,21528442,A Falei,A Falei v S Lamens,30,2023-12-01 00:01:11.525,10.5,2023-12-01 02:30:00,2023-11-30 23:10:57.721
1.22196353,21528442,A Falei,A Falei v S Lamens,40,2023-12-01 00:07:00.365,2.86,2023-12-01 02:30:00,2023-11-30 23:10:57.721
1.22196353,21528442,A Falei,A Falei v S Lamens,50,2023-12-01 00:08:02.785,1.36,2023-12-01 02:30:00,2023-11-30 23:10:57.721
1.22196353,21528442,A Falei,A Falei v S Lamens,60,2023-12-01 00:09:00.488,1.33,2023-12-01 02:30:00,2023-11-30 23:10:57.721
1.22196353,21528442,A Falei,A Falei v S Lamens,70,2023-12-01 00:14:52.198,1.52,2023-12-01 02:30:00,2023-11-30 23:10:57.721
1.22196353,21528442,A Falei,A Falei v S Lamens,80,2023-12-01 00:15:31.166,1.51,2023-12-01 02:30:00,2023-11-30 23:10:57.721
1.22196353,21528442,A Falei,A Falei v S Lamens,90,2023-12-01 00:17:04.737,1.52,2023-12-01 02:30:00,2023-11-30 23:10:57.721
1.22196353,21528442,A Falei,A Falei v S Lamens,100,2023-12-01 00:22:57.841,1.3,2023-12-01 02:30:00,2023-11-30 23:10:57.721
1.22197142,27187697,Erika Andreeva,Er Andreeva v El Seidel,0,2023-11-30 22:15:18.378,1.53,2023-12-01 13:30:00,
1.22197142,27187697,Erika Andreeva,Er Andreeva v El Seidel,10,2023-12-01 06:42:58.227,1.56,2023-12-01 13:30:00,
1.22197142,27187697,Erika Andreeva,Er Andreeva v El Seidel,20,2023-12-01 09:43:21.975,1.63,2023-12-01 13:30:00,
1.22197142,27187697,Erika Andreeva,Er Andreeva v El Seidel,30,2023-12-01 10:51:21.977,1.68,2023-12-01 13:30:00,
1.22197142,27187697,Erika Andreeva,Er Andreeva v El Seidel,40,2023-12-01 10:59:15.879,1.68,2023-12-01 13:30:00,
1.22197142,27187697,Erika Andreeva,Er Andreeva v El Seidel,50,2023-12-01 12:29:11.818,1.66,2023-12-01 13:00:00,
1.22197142,27187697,Erika Andreeva,Er Andreeva v El Seidel,60,2023-12-01 12:36:22.828,1.64,2023-12-01 13:00:00,
1.22197142,27187697,Erika Andreeva,Er Andreeva v El Seidel,70,2023-12-01 12:43:22.908,1.64,2023-12-01 13:00:00,
1.22197142,27187697,Erika Andreeva,Er Andreeva v El Seidel,80,2023-12-01 12:58:22.858,1.64,2023-12-01 13:00:00,
1.22197142,27187697,Erika Andreeva,Er Andreeva v El Seidel,90,2023-12-01 13:06:22.889,1.64,2023-12-01 13:10:00,
1.22197142,27187697,Erika Andreeva,Er Andreeva v El Seidel,100,2023-12-01 13:09:20.942,1.74,2023-12-01 13:10:00,2023-12-01 13:08:21.694
1.22197142,44932193,Ella Seidel,Er Andreeva v El Seidel,0,2023-11-30 22:20:38.966,2.56,2023-12-01 13:30:00,
1.22197142,44932193,Ella Seidel,Er Andreeva v El Seidel,10,2023-12-01 06:46:22.547,2.52,2023-12-01 13:30:00,
1.22197142,44932193,Ella Seidel,Er Andreeva v El Seidel,20,2023-12-01 08:38:23.543,2.56,2023-12-01 13:30:00,
1.22197142,44932193,Ella Seidel,Er Andreeva v El Seidel,30,2023-12-01 09:47:21.741,2.54,2023-12-01 13:30:00,
1.22197142,44932193,Ella Seidel,Er Andreeva v El Seidel,40,2023-12-01 11:17:17.957,2.52,2023-12-01 13:30:00,
1.22197142,44932193,Ella Seidel,Er Andreeva v El Seidel,50,2023-12-01 11:45:07.821,2.54,2023-12-01 13:30:00,
1.22197142,44932193,Ella Seidel,Er Andreeva v El Seidel,60,2023-12-01 11:57:22.792,2.52,2023-12-01 13:30:00,
1.22197142,44932193,Ella Seidel,Er Andreeva v El Seidel,70,2023-12-01 12:29:11.818,2.52,2023-12-01 13:00:00,
1.22197142,44932193,Ella Seidel,Er Andreeva v El Seidel,80,2023-12-01 13:06:22.889,2.54,2023-12-01 13:10:00,
1.22197142,44932193,Ella Seidel,Er Andreeva v El Seidel,90,2023-12-01 13:06:53.233,2.56,2023-12-01 13:10:00,
1.22197142,44932193,Ella Seidel,Er Andreeva v El Seidel,100,2023-12-01 13:09:20.942,2.34,2023-12-01 13:10:00,2023-12-01 13:08:21.694
1.221973573,3911345,Benoit Paire,E Ymer v Paire,0,2023-11-30 22:01:05.138,2.36,2023-12-01 10:30:00,
1.221973573,3911345,Benoit Paire,E Ymer v Paire,10,2023-11-30 22:48:52.375,2.26,2023-12-01 10:30:00,
1.221973573,3911345,Benoit Paire,E Ymer v Paire,20,2023-12-01 04:07:12.039,2.3,2023-12-01 10:30:00,
1.221973573,3911345,Benoit Paire,E Ymer v Paire,30,2023-12-01 08:26:33.305,2.4,2023-12-01 10:30:00,
1.221973573,3911345,Benoit Paire,E Ymer v Paire,40,2023-12-01 09:00:40.704,2.42,2023-12-01 10:30:00,
1.221973573,3911345,Benoit Paire,E Ymer v Paire,50,2023-12-01 10:01:38.943,2.56,2023-12-01 10:30:00,
1.221973573,3911345,Benoit Paire,E Ymer v Paire,60,2023-12-01 10:03:43.474,2.58,2023-12-01 10:30:00,
1.221973573,3911345,Benoit Paire,E Ymer v Paire,70,2023-12-01 10:04:32.504,2.6,2023-12-01 10:30:00,
1.221973573,3911345,Benoit Paire,E Ymer v Paire,80,2023-12-01 10:11:44.118,2.52,2023-12-01 10:30:00,
1.221973573,3911345,Benoit Paire,E Ymer v Paire,90,2023-12-01 10:14:38.541,2.6,2023-12-01 10:30:00,
1.221973573,3911345,Benoit Paire,E Ymer v Paire,100,2023-12-01 10:18:37.591,2.52,2023-12-01 10:30:00,
1.221973573,7414305,Elias Ymer,E Ymer v Paire,0,2023-11-30 16:39:40.504,1.6,2023-12-01 09:00:00,
1.221973573,7414305,Elias Ymer,E Ymer v Paire,10,2023-11-30 22:01:05.138,1.73,2023-12-01 10:30:00,
1.221973573,7414305,Elias Ymer,E Ymer v Paire,20,2023-12-01 04:14:41.465,1.67,2023-12-01 10:30:00,
1.221973573,7414305,Elias Ymer,E Ymer v Paire,30,2023-12-01 07:17:40.918,1.66,2023-12-01 10:30:00,
1.221973573,7414305,Elias Ymer,E Ymer v Paire,40,2023-12-01 08:26:33.305,1.71,2023-12-01 10:30:00,
1.221973573,7414305,Elias Ymer,E Ymer v Paire,50,2023-12-01 09:07:29.798,1.68,2023-12-01 10:30:00,
1.221973573,7414305,Elias Ymer,E Ymer v Paire,60,2023-12-01 09:47:45.132,1.63,2023-12-01 10:30:00,
1.221973573,7414305,Elias Ymer,E Ymer v Paire,70,2023-12-01 09:58:41.444,1.63,2023-12-01 10:30:00,
1.221973573,7414305,Elias Ymer,E Ymer v Paire,80,2023-12-01 10:04:32.504,1.61,2023-12-01 10:30:00,
1.221973573,7414305,Elias Ymer,E Ymer v Paire,90,2023-12-01 10:11:44.118,1.66,2023-12-01 10:30:00,
1.221973573,7414305,Elias Ymer,E Ymer v Paire,100,2023-12-01 10:18:37.591,1.66,2023-12-01 10:30:00,
1.221973636,9414510,Andrea Vavassori,Borges v Vavassori,0,2023-11-30 23:57:06.471,2.38,2023-12-01 13:00:00,
1.221973636,9414510,Andrea Vavassori,Borges v Vavassori,10,2023-12-01 09:36:36.847,2.52,2023-12-01 13:00:00,
1.221973636,9414510,Andrea Vavassori,Borges v Vavassori,20,2023-12-01 11:11:49.230,2.52,2023-12-01 13:00:00,
1.221973636,9414510,Andrea Vavassori,Borges v Vavassori,30,2023-12-01 11:25:46.432,2.54,2023-12-01 13:00:00,
1.221973636,9414510,Andrea Vavassori,Borges v Vavassori,40,2023-12-01 12:17:40.968,2.62,2023-12-01 13:00:00,
1.221973636,9414510,Andrea Vavassori,Borges v Vavassori,50,2023-12-01 12:24:51.580,2.66,2023-12-01 13:00:00,
1.221973636,9414510,Andrea Vavassori,Borges v Vavassori,60,2023-12-01 12:35:46.168,2.62,2023-12-01 13:00:00,
1.221973636,9414510,Andrea Vavassori,Borges v Vavassori,70,2023-12-01 12:45:51.572,2.72,2023-12-01 13:00:00,
1.221973636,9414510,Andrea Vavassori,Borges v Vavassori,80,2023-12-01 12:49:51.816,2.62,2023-12-01 13:00:00,
1.221973636,9414510,Andrea Vavassori,Borges v Vavassori,90,2023-12-01 12:56:37.914,2.72,2023-12-01 13:00:00,
1.221973636,9414510,Andrea Vavassori,Borges v Vavassori,100,2023-12-01 12:58:39.586,2.76,2023-12-01 13:00:00,
1.221973636,9633043,Nuno Borges,Borges v Vavassori,0,2023-11-30 16:40:24.382,1.7,2023-12-01 09:00:00,
1.221973636,9633043,Nuno Borges,Borges v Vavassori,10,2023-11-30 23:57:06.471,1.72,2023-12-01 13:00:00,
1.221973636,9633043,Nuno Borges,Borges v Vavassori,20,2023-12-01 07:30:49.805,1.7,2023-12-01 13:00:00,
1.221973636,9633043,Nuno Borges,Borges v Vavassori,30,2023-12-01 09:52:12.262,1.66,2023-12-01 13:00:00,
1.221973636,9633043,Nuno Borges,Borges v Vavassori,40,2023-12-01 10:34:51.930,1.63,2023-12-01 13:00:00,
1.221973636,9633043,Nuno Borges,Borges v Vavassori,50,2023-12-01 12:00:49.956,1.63,2023-12-01 13:00:00,
1.221973636,9633043,Nuno Borges,Borges v Vavassori,60,2023-12-01 12:21:48.855,1.65,2023-12-01 13:00:00,
1.221973636,9633043,Nuno Borges,Borges v Vavassori,70,2023-12-01 12:34:46.818,1.57,2023-12-01 13:00:00,
1.221973636,9633043,Nuno Borges,Borges v Vavassori,80,2023-12-01 12:42:51.667,1.58,2023-12-01 13:00:00,
1.221973636,9633043,Nuno Borges,Borges v Vavassori,90,2023-12-01 12:52:48.318,1.6,2023-12-01 13:00:00,
1.221973636,9633043,Nuno Borges,Borges v Vavassori,100,2023-12-01 12:55:50.576,1.57,2023-12-01 13:00:00,
1.221974395,13181195,Pedro Martinez,Martinez v Sv Gulin,0,2023-11-30 21:30:36.793,1.2,2023-12-01 12:00:00,
1.221974395,13181195,Pedro Martinez,Martinez v Sv Gulin,10,2023-12-01 03:48:28.871,1.2,2023-12-01 12:00:00,
1.221974395,13181195,Pedro Martinez,Martinez v Sv Gulin,20,2023-12-01 04:42:41.060,1.2,2023-12-01 12:00:00,
1.221974395,13181195,Pedro Martinez,Martinez v Sv Gulin,30,2023-12-01 08:41:43.654,1.19,2023-12-01 12:00:00,
1.221974395,13181195,Pedro Martinez,Martinez v Sv Gulin,40,2023-12-01 11:53:37.815,1.21,2023-12-01 15:00:00,
1.221974395,13181195,Pedro Martinez,Martinez v Sv Gulin,50,2023-12-01 12:48:29.952,1.2,2023-12-01 15:00:00,
1.221974395,13181195,Pedro Martinez,Martinez v Sv Gulin,60,2023-12-01 14:15:42.974,1.2,2023-12-01 15:28:00,
1.221974395,13181195,Pedro Martinez,Martinez v Sv Gulin,70,2023-12-01 14:37:31.596,1.2,2023-12-01 15:28:00,
1.221974395,13181195,Pedro Martinez,Martinez v Sv Gulin,80,2023-12-01 14:49:42.244,1.2,2023-12-01 15:28:00,
1.221974395,13181195,Pedro Martinez,Martinez v Sv Gulin,90,2023-12-01 15:10:31.563,1.2,2023-12-01 15:28:00,
1.221974395,13181195,Pedro Martinez,Martinez v Sv Gulin,100,2023-12-01 15:38:40.148,1.19,2023-12-01 15:39:00,
1.221974395,42554047,Svyatoslav Gulin,Martinez v Sv Gulin,0,2023-12-01 01:22:41.713,5.7,2023-12-01 12:00:00,
1.221974395,42554047,Svyatoslav Gulin,Martinez v Sv Gulin,10,2023-12-01 03:48:28.871,6.0,2023-12-01 12:00:00,
1.221974395,42554047,Svyatoslav Gulin,Martinez v Sv Gulin,20,2023-12-01 08:13:28.863,6.2,2023-12-01 12:00:00,
1.221974395,42554047,Svyatoslav Gulin,Martinez v Sv Gulin,30,2023-12-01 09:53:42.147,5.9,2023-12-01 14:00:00,
1.221974395,42554047,Svyatoslav Gulin,Martinez v Sv Gulin,40,2023-12-01 11:53:37.815,6.2,2023-12-01 15:00:00,
1.221974395,42554047,Svyatoslav Gulin,Martinez v Sv Gulin,50,2023-12-01 12:16:42.331,5.9,2023-12-01 15:00:00,
1.221974395,42554047,Svyatoslav Gulin,Martinez v Sv Gulin,60,2023-12-01 12:17:41.505,6.0,2023-12-01 15:00:00,
1.221974395,42554047,Svyatoslav Gulin,Martinez v Sv Gulin,70,2023-12-01 12:20:35.241,6.4,2023-12-01 15:00:00,
1.221974395,42554047,Svyatoslav Gulin,Martinez v Sv Gulin,80,2023-12-01 12:42:05.560,5.9,2023-12-01 15:00:00,
1.221974395,42554047,Svyatoslav Gulin,Martinez v Sv Gulin,90,2023-12-01 15:09:41.992,6.0,2023-12-01 15:28:00,
1.221974395,42554047,Svyatoslav Gulin,Martinez v Sv Gulin,100,2023-12-01 15:22:38.453,6.4,2023-12-01 15:28:00,
1.221974848,11583934,Imanol Lopez Morillo,Feldbausch v Lopez Morillo,0,2023-11-30 18:04:28.031,3.05,2023-12-01 10:00:00,
1.221974848,11583934,Imanol Lopez Morillo,Feldbausch v Lopez Morillo,10,2023-11-30 21:48:34.041,3.0,2023-12-01 10:00:00,
1.221974848,11583934,Imanol Lopez Morillo,Feldbausch v Lopez Morillo,20,2023-11-30 22:31:44.337,2.84,2023-12-01 10:00:00,
1.221974848,11583934,Imanol Lopez Morillo,Feldbausch v Lopez Morillo,30,2023-12-01 01:17:44.026,2.86,2023-12-01 10:00:00,
1.221974848,11583934,Imanol Lopez Morillo,Feldbausch v Lopez Morillo,40,2023-12-01 06:31:28.521,2.96,2023-12-01 10:00:00,
1.221974848,11583934,Imanol Lopez Morillo,Feldbausch v Lopez Morillo,50,2023-12-01 09:01:18.136,2.88,2023-12-01 10:00:00,
1.221974848,11583934,Imanol Lopez Morillo,Feldbausch v Lopez Morillo,60,2023-12-01 09:52:43.756,2.92,2023-12-01 12:00:00,
1.221974848,11583934,Imanol Lopez Morillo,Feldbausch v Lopez Morillo,70,2023-12-01 10:38:39.509,2.92,2023-12-01 12:00:00,
1.221974848,11583934,Imanol Lopez Morillo,Feldbausch v Lopez Morillo,80,2023-12-01 10:52:43.874,2.96,2023-12-01 12:00:00,
1.221974848,11583934,Imanol Lopez Morillo,Feldbausch v Lopez Morillo,90,2023-12-01 11:04:41.564,2.98,2023-12-01 12:00:00,
1.221974848,11583934,Imanol Lopez Morillo,Feldbausch v Lopez Morillo,100,2023-12-01 12:21:23.072,2.86,2023-12-01 13:00:00,
1.221974848,39132613,Kilian Feldbausch,Feldbausch v Lopez Morillo,0,2023-11-30 18:04:28.031,1.48,2023-12-01 10:00:00,
1.221974848,39132613,Kilian Feldbausch,Feldbausch v Lopez Morillo,10,2023-11-30 21:51:36.614,1.51,2023-12-01 10:00:00,
1.221974848,39132613,Kilian Feldbausch,Feldbausch v Lopez Morillo,20,2023-12-01 07:46:24.711,1.55,2023-12-01 10:00:00,
1.221974848,39132613,Kilian Feldbausch,Feldbausch v Lopez Morillo,30,2023-12-01 09:25:37.364,1.55,2023-12-01 10:00:00,
1.221974848,39132613,Kilian Feldbausch,Feldbausch v Lopez Morillo,40,2023-12-01 09:43:43.636,1.5,2023-12-01 12:00:00,
1.221974848,39132613,Kilian Feldbausch,Feldbausch v Lopez Morillo,50,2023-12-01 10:38:39.509,1.52,2023-12-01 12:00:00,
1.221974848,39132613,Kilian Feldbausch,Feldbausch v Lopez Morillo,60,2023-12-01 10:51:40.104,1.5,2023-12-01 12:00:00,
1.221974848,39132613,Kilian Feldbausch,Feldbausch v Lopez Morillo,70,2023-12-01 10:56:44.316,1.5,2023-12-01 12:00:00,
1.221974848,39132613,Kilian Feldbausch,Feldbausch v Lopez Morillo,80,2023-12-01 11:04:41.564,1.51,2023-12-01 12:00:00,
1.221974848,39132613,Kilian Feldbausch,Feldbausch v Lopez Morillo,90,2023-12-01 11:14:37.734,1.52,2023-12-01 12:00:00,
1.221974848,39132613,Kilian Feldbausch,Feldbausch v Lopez Morillo,100,2023-12-01 13:03:40.248,1.52,2023-12-01 13:15:00,
1.221974985,4174997,Heather    Watson,Watson v Jes Ponchet,0,2023-11-30 21:59:50.228,2.04,2023-12-01 12:00:00,
1.221974985,4174997,Heather    Watson,Watson v Jes Ponchet,10,2023-11-30 22:14:34.273,2.0,2023-12-01 12:00:00,
1.221974985,4174997,Heather    Watson,Watson v Jes Ponchet,20,2023-11-30 23:48:42.477,1.99,2023-12-01 12:00:00,
1.221974985,4174997,Heather    Watson,Watson v Jes Ponchet,30,2023-12-01 01:18:19.070,1.94,2023-12-01 12:00:00,
1.221974985,4174997,Heather    Watson,Watson v Jes Ponchet,40,2023-12-01 05:41:05.501,1.9,2023-12-01 12:00:00,
1.221974985,4174997,Heather    Watson,Watson v Jes Ponchet,50,2023-12-01 10:54:16.912,1.89,2023-12-01 12:00:00,
1.221974985,4174997,Heather    Watson,Watson v Jes Ponchet,60,2023-12-01 11:03:04.508,1.9,2023-12-01 12:00:00,
1.221974985,4174997,Heather    Watson,Watson v Jes Ponchet,70,2023-12-01 11:33:18.398,1.87,2023-12-01 12:00:00,
1.221974985,4174997,Heather    Watson,Watson v Jes Ponchet,80,2023-12-01 11:43:12.024,1.87,2023-12-01 12:00:00,
1.221974985,4174997,Heather    Watson,Watson v Jes Ponchet,90,2023-12-01 11:55:17.759,1.88,2023-12-01 12:00:00,
1.221974985,4174997,Heather    Watson,Watson v Jes Ponchet,100,2023-12-01 12:08:17.875,1.91,2023-12-01 12:10:00,
1.221974985,9628769,Jessika Ponchet,Watson v Jes Ponchet,0,2023-11-30 21:25:22.439,1.92,2023-12-01 12:00:00,
1.221974985,9628769,Jessika Ponchet,Watson v Jes Ponchet,10,2023-11-30 23:23:10.483,2.0,2023-12-01 12:00:00,
1.221974985,9628769,Jessika Ponchet,Watson v Jes Ponchet,20,2023-12-01 07:26:18.221,2.08,2023-12-01 12:00:00,
1.221974985,9628769,Jessika Ponchet,Watson v Jes Ponchet,30,2023-12-01 09:08:57.375,2.1,2023-12-01 12:00:00,
1.221974985,9628769,Jessika Ponchet,Watson v Jes Ponchet,40,2023-12-01 11:15:16.948,2.1,2023-12-01 12:00:00,
1.221974985,9628769,Jessika Ponchet,Watson v Jes Ponchet,50,2023-12-01 11:33:18.398,2.14,2023-12-01 12:00:00,
1.221974985,9628769,Jessika Ponchet,Watson v Jes Ponchet,60,2023-12-01 11:43:12.024,2.16,2023-12-01 12:00:00,
1.221974985,9628769,Jessika Ponchet,Watson v Jes Ponchet,70,2023-12-01 11:50:18.555,2.16,2023-12-01 12:00:00,
1.221974985,9628769,Jessika Ponchet,Watson v Jes Ponchet,80,2023-12-01 11:58:12.095,2.12,2023-12-01 12:00:00,
1.221974985,9628769,Jessika Ponchet,Watson v Jes Ponchet,90,2023-12-01 12:07:19.421,2.12,2023-12-01 12:10:00,
1.221974985,9628769,Jessika Ponchet,Watson v Jes Ponchet,100,2023-12-01 12:09:14.279,2.06,2023-12-01 12:10:00,
1.221975403,9712888,Matteo Martineau,Martineau v Matusevich,0,2023-11-30 22:02:48.407,1.58,2023-12-01 12:00:00,
1.221975403,9712888,Matteo Martineau,Martineau v Matusevich,10,2023-11-30 23:49:31.108,1.59,2023-12-01 12:00:00,
1.221975403,9712888,Matteo Martineau,Martineau v Matusevich,20,2023-12-01 02:59:02.121,1.58,2023-12-01 12:00:00,
1.221975403,9712888,Matteo Martineau,Martineau v Matusevich,30,2023-12-01 08:35:30.710,1.54,2023-12-01 12:00:00,
1.221975403,9712888,Matteo Martineau,Martineau v Matusevich,40,2023-12-01 10:45:14.072,1.58,2023-12-01 12:00:00,
1.221975403,9712888,Matteo Martineau,Martineau v Matusevich,50,2023-12-01 10:59:40.687,1.59,2023-12-01 12:00:00,
1.221975403,9712888,Matteo Martineau,Martineau v Matusevich,60,2023-12-01 11:29:51.255,1.6,2023-12-01 12:00:00,
1.221975403,9712888,Matteo Martineau,Martineau v Matusevich,70,2023-12-01 11:42:43.771,1.59,2023-12-01 12:00:00,
1.221975403,9712888,Matteo Martineau,Martineau v Matusevich,80,2023-12-01 11:43:35.214,1.6,2023-12-01 12:00:00,
1.221975403,9712888,Matteo Martineau,Martineau v Matusevich,90,2023-12-01 11:44:46.200,1.59,2023-12-01 12:00:00,
1.221975403,9712888,Matteo Martineau,Martineau v Matusevich,100,2023-12-01 11:54:47.421,1.61,2023-12-01 12:00:00,
1.221975403,15388388,Anton Matusevich,Martineau v Matusevich,0,2023-11-30 22:02:48.407,2.7,2023-12-01 12:00:00,
1.221975403,15388388,Anton Matusevich,Martineau v Matusevich,10,2023-12-01 02:59:02.121,2.72,2023-12-01 12:00:00,
1.221975403,15388388,Anton Matusevich,Martineau v Matusevich,20,2023-12-01 06:49:46.832,2.72,2023-12-01 12:00:00,
1.221975403,15388388,Anton Matusevich,Martineau v Matusevich,30,2023-12-01 08:21:30.931,2.7,2023-12-01 12:00:00,
1.221975403,15388388,Anton Matusevich,Martineau v Matusevich,40,2023-12-01 08:35:30.710,2.84,2023-12-01 12:00:00,
1.221975403,15388388,Anton Matusevich,Martineau v Matusevich,50,2023-12-01 10:43:46.593,2.62,2023-12-01 12:00:00,
1.221975403,15388388,Anton Matusevich,Martineau v Matusevich,60,2023-12-01 10:54:50.865,2.64,2023-12-01 12:00:00,
1.221975403,15388388,Anton Matusevich,Martineau v Matusevich,70,2023-12-01 11:01:28.747,2.68,2023-12-01 12:00:00,
1.221975403,15388388,Anton Matusevich,Martineau v Matusevich,80,2023-12-01 11:16:51.200,2.68,2023-12-01 12:00:00,
1.221975403,15388388,Anton Matusevich,Martineau v Matusevich,90,2023-12-01 11:40:51.186,2.74,2023-12-01 12:00:00,
1.221975403,15388388,Anton Matusevich,Martineau v Matusevich,100,2023-12-01 11:46:08.872,2.7,2023-12-01 12:00:00,
1.221976375,9042343,Renata Zarazua,Zarazua v Mandlik,0,2023-11-30 17:59:49.888,1.73,2023-12-01 00:00:00,
1.221976375,9042343,Renata Zarazua,Zarazua v Mandlik,10,2023-12-01 10:20:17.413,2.1,2023-12-01 16:00:00,
1.221976375,9042343,Renata Zarazua,Zarazua v Mandlik,20,2023-12-01 14:24:01.228,2.08,2023-12-01 16:00:00,
1.221976375,9042343,Renata Zarazua,Zarazua v Mandlik,30,2023-12-01 14:54:04.642,2.02,2023-12-01 16:00:00,
1.221976375,9042343,Renata Zarazua,Zarazua v Mandlik,40,2023-12-01 15:21:07.791,2.12,2023-12-01 16:00:00,
1.221976375,9042343,Renata Zarazua,Zarazua v Mandlik,50,2023-12-01 16:07:13.463,2.0,2023-12-01 16:30:00,
1.221976375,9042343,Renata Zarazua,Zarazua v Mandlik,60,2023-12-01 17:40:13.803,2.04,2023-12-01 18:30:00,
1.221976375,9042343,Renata Zarazua,Zarazua v Mandlik,70,2023-12-02 09:34:19.274,2.0,2023-12-02 14:30:00,
1.221976375,9042343,Renata Zarazua,Zarazua v Mandlik,80,2023-12-02 12:16:45.667,2.02,2023-12-02 14:30:00,
1.221976375,9042343,Renata Zarazua,Zarazua v Mandlik,90,2023-12-02 14:39:17.277,2.04,2023-12-02 14:45:00,
1.221976375,9042343,Renata Zarazua,Zarazua v Mandlik,100,2023-12-02 14:44:16.006,2.0,2023-12-02 14:50:00,
1.221976375,11546652,Elizabeth Mandlik,Zarazua v Mandlik,0,2023-11-30 18:00:27.922,1.86,2023-12-01 00:00:00,
1.221976375,11546652,Elizabeth Mandlik,Zarazua v Mandlik,10,2023-12-01 07:51:18.296,1.95,2023-12-01 16:00:00,
1.221976375,11546652,Elizabeth Mandlik,Zarazua v Mandlik,20,2023-12-01 10:51:18.310,1.9,2023-12-01 16:00:00,
1.221976375,11546652,Elizabeth Mandlik,Zarazua v Mandlik,30,2023-12-01 12:29:43.265,1.94,2023-12-01 16:00:00,
1.221976375,11546652,Elizabeth Mandlik,Zarazua v Mandlik,40,2023-12-01 14:51:04.288,1.97,2023-12-01 16:00:00,
1.221976375,11546652,Elizabeth Mandlik,Zarazua v Mandlik,50,2023-12-01 16:07:13.463,1.99,2023-12-01 16:30:00,
1.221976375,11546652,Elizabeth Mandlik,Zarazua v Mandlik,60,2023-12-01 17:17:10.545,1.96,2023-12-01 17:30:00,
1.221976375,11546652,Elizabeth Mandlik,Zarazua v Mandlik,70,2023-12-01 19:20:20.024,1.97,2023-12-01 21:00:00,
1.221976375,11546652,Elizabeth Mandlik,Zarazua v Mandlik,80,2023-12-02 10:30:03.034,1.98,2023-12-02 14:30:00,
1.221976375,11546652,Elizabeth Mandlik,Zarazua v Mandlik,90,2023-12-02 14:07:02.185,1.96,2023-12-02 14:30:00,
1.221976375,11546652,Elizabeth Mandlik,Zarazua v Mandlik,100,2023-12-02 14:44:16.006,2.0,2023-12-02 14:50:00,
1.221977634,60624217,Martos Gornes/Verbeek,Arribage/Doumbia v Martos Gornes/Verbeek,0,2023-12-01 11:28:33.700,2.5,2023-12-01 16:00:00,
1.221977634,60624217,Martos Gornes/Verbeek,Arribage/Doumbia v Martos Gornes/Verbeek,10,2023-12-01 19:48:35.562,4.3,2023-12-02 12:00:00,2023-12-01 15:03:36.246
1.221977634,60624217,Martos Gornes/Verbeek,Arribage/Doumbia v Martos Gornes/Verbeek,20,2023-12-01 20:26:23.643,4.5,2023-12-02 12:00:00,2023-12-01 15:03:36.246
1.221977634,60624217,Martos Gornes/Verbeek,Arribage/Doumbia v Martos Gornes/Verbeek,30,2023-12-01 22:41:34.939,5.3,2023-12-02 12:00:00,2023-12-01 15:03:36.246
1.221977634,60624217,Martos Gornes/Verbeek,Arribage/Doumbia v Martos Gornes/Verbeek,40,2023-12-02 00:31:11.346,4.5,2023-12-02 12:00:00,2023-12-01 15:03:36.246
1.221977634,60624217,Martos Gornes/Verbeek,Arribage/Doumbia v Martos Gornes/Verbeek,50,2023-12-02 03:39:37.393,5.3,2023-12-02 12:00:00,2023-12-01 15:03:36.246
1.221977634,60624217,Martos Gornes/Verbeek,Arribage/Doumbia v Martos Gornes/Verbeek,60,2023-12-02 05:13:29.644,5.7,2023-12-02 12:00:00,2023-12-01 15:03:36.246
1.221977634,60624217,Martos Gornes/Verbeek,Arribage/Doumbia v Martos Gornes/Verbeek,70,2023-12-02 07:54:56.994,5.7,2023-12-02 12:00:00,2023-12-01 15:03:36.246
1.221977634,60624217,Martos Gornes/Verbeek,Arribage/Doumbia v Martos Gornes/Verbeek,80,2023-12-02 09:49:05.152,5.7,2023-12-02 12:00:00,2023-12-01 15:03:36.246
1.221977634,60624217,Martos Gornes/Verbeek,Arribage/Doumbia v Martos Gornes/Verbeek,90,2023-12-02 11:11:16.470,6.0,2023-12-02 11:53:00,2023-12-01 15:03:36.246
1.221977634,60624217,Martos Gornes/Verbeek,Arribage/Doumbia v Martos Gornes/Verbeek,100,2023-12-02 12:28:25.430,6.2,2023-12-02 12:38:00,2023-12-01 15:03:36.246
1.221977634,63226565,Arribage/Doumbia,Arribage/Doumbia v Martos Gornes/Verbeek,0,2023-12-01 11:28:33.700,1.67,2023-12-01 16:00:00,
1.221977634,63226565,Arribage/Doumbia,Arribage/Doumbia v Martos Gornes/Verbeek,10,2023-12-01 20:26:23.643,1.28,2023-12-02 12:00:00,2023-12-01 15:03:36.246
1.221977634,63226565,Arribage/Doumbia,Arribage/Doumbia v Martos Gornes/Verbeek,20,2023-12-01 22:51:14.053,1.26,2023-12-02 12:00:00,2023-12-01 15:03:36.246
1.221977634,63226565,Arribage/Doumbia,Arribage/Doumbia v Martos Gornes/Verbeek,30,2023-12-02 00:37:20.431,1.23,2023-12-02 12:00:00,2023-12-01 15:03:36.246
1.221977634,63226565,Arribage/Doumbia,Arribage/Doumbia v Martos Gornes/Verbeek,40,2023-12-02 02:42:13.545,1.21,2023-12-02 12:00:00,2023-12-01 15:03:36.246
1.221977634,63226565,Arribage/Doumbia,Arribage/Doumbia v Martos Gornes/Verbeek,50,2023-12-02 04:10:26.572,1.22,2023-12-02 12:00:00,2023-12-01 15:03:36.246
1.221977634,63226565,Arribage/Doumbia,Arribage/Doumbia v Martos Gornes/Verbeek,60,2023-12-02 05:57:26.899,1.19,2023-12-02 12:00:00,2023-12-01 15:03:36.246
1.221977634,63226565,Arribage/Doumbia,Arribage/Doumbia v Martos Gornes/Verbeek,70,2023-12-02 07:17:40.619,1.21,2023-12-02 12:00:00,2023-12-01 15:03:36.246
1.221977634,63226565,Arribage/Doumbia,Arribage/Doumbia v Martos Gornes/Verbeek,80,2023-12-02 09:36:53.163,1.2,2023-12-02 12:00:00,2023-12-01 15:03:36.246
1.221977634,63226565,Arribage/Doumbia,Arribage/Doumbia v Martos Gornes/Verbeek,90,2023-12-02 11:00:27.235,1.15,2023-12-02 11:53:00,2023-12-01 15:03:36.246
1.221977634,63226565,Arribage/Doumbia,Arribage/Doumbia v Martos Gornes/Verbeek,100,2023-12-02 12:25:29.628,1.19,2023-12-02 12:38:00,2023-12-01 15:03:36.246
1.221978825,7083093,Laura Pigossi,Pigossi v So Sierra,0,2023-11-30 18:04:29.463,1.83,2023-12-01 00:00:00,
1.221978825,7083093,Laura Pigossi,Pigossi v So Sierra,10,2023-11-30 22:13:55.245,1.96,2023-12-01 19:00:00,
1.221978825,7083093,Laura Pigossi,Pigossi v So Sierra,20,2023-12-01 10:35:05.841,2.04,2023-12-01 19:00:00,
1.221978825,7083093,Laura Pigossi,Pigossi v So Sierra,30,2023-12-01 14:22:25.703,2.12,2023-12-01 19:00:00,
1.221978825,7083093,Laura Pigossi,Pigossi v So Sierra,40,2023-12-01 19:58:23.932,2.2,2023-12-02 16:00:00,
1.221978825,7083093,Laura Pigossi,Pigossi v So Sierra,50,2023-12-01 21:16:26.788,2.18,2023-12-02 16:00:00,
1.221978825,7083093,Laura Pigossi,Pigossi v So Sierra,60,2023-12-02 07:42:27.199,2.14,2023-12-02 16:00:00,
1.221978825,7083093,Laura Pigossi,Pigossi v So Sierra,70,2023-12-02 13:29:04.814,2.16,2023-12-02 16:00:00,
1.221978825,7083093,Laura Pigossi,Pigossi v So Sierra,80,2023-12-02 14:22:20.005,2.18,2023-12-02 16:00:00,
1.221978825,7083093,Laura Pigossi,Pigossi v So Sierra,90,2023-12-02 15:37:44.651,2.22,2023-12-02 16:00:00,
1.221978825,7083093,Laura Pigossi,Pigossi v So Sierra,100,2023-12-02 15:55:12.863,2.24,2023-12-02 16:00:00,
1.221978825,20954981,Solana Sierra,Pigossi v So Sierra,0,2023-11-30 18:04:29.463,2.2,2023-12-01 00:00:00,
1.221978825,20954981,Solana Sierra,Pigossi v So Sierra,10,2023-12-01 01:09:59.786,2.04,2023-12-01 19:00:00,
1.221978825,20954981,Solana Sierra,Pigossi v So Sierra,20,2023-12-01 11:31:18.795,1.95,2023-12-01 19:00:00,
1.221978825,20954981,Solana Sierra,Pigossi v So Sierra,30,2023-12-01 15:22:58.787,1.9,2023-12-01 19:00:00,
1.221978825,20954981,Solana Sierra,Pigossi v So Sierra,40,2023-12-01 18:47:38.856,1.88,2023-12-01 20:45:00,
1.221978825,20954981,Solana Sierra,Pigossi v So Sierra,50,2023-12-01 20:30:27.128,1.85,2023-12-02 16:00:00,
1.221978825,20954981,Solana Sierra,Pigossi v So Sierra,60,2023-12-01 21:41:27.727,1.85,2023-12-02 16:00:00,
1.221978825,20954981,Solana Sierra,Pigossi v So Sierra,70,2023-12-02 12:04:23.407,1.83,2023-12-02 16:00:00,
1.221978825,20954981,Solana Sierra,Pigossi v So Sierra,80,2023-12-02 14:57:26.913,1.83,2023-12-02 16:00:00,
1.221978825,20954981,Solana Sierra,Pigossi v So Sierra,90,2023-12-02 15:54:26.436,1.84,2023-12-02 16:00:00,
1.221978825,20954981,Solana Sierra,Pigossi v So Sierra,100,2023-12-02 16:05:12.335,1.79,2023-12-02 16:10:00,
1.221979228,8257852,Maxime Janvier,Janvier v Ramos-Vinolas,0,2023-12-01 09:38:52.418,4.4,2023-12-01 15:00:00,
1.221979228,8257852,Maxime Janvier,Janvier v Ramos-Vinolas,10,2023-12-01 10:54:43.775,4.6,2023-12-01 15:00:00,
1.221979228,8257852,Maxime Janvier,Janvier v Ramos-Vinolas,20,2023-12-01 10:57:21.057,4.4,2023-12-01 15:00:00,
1.221979228,8257852,Maxime Janvier,Janvier v Ramos-Vinolas,30,2023-12-01 12:41:53.184,4.2,2023-12-01 15:00:00,
1.221979228,8257852,Maxime Janvier,Janvier v Ramos-Vinolas,40,2023-12-01 14:25:35.557,4.3,2023-12-01 14:56:00,
1.221979228,8257852,Maxime Janvier,Janvier v Ramos-Vinolas,50,2023-12-01 14:36:50.444,4.4,2023-12-01 14:56:00,
1.221979228,8257852,Maxime Janvier,Janvier v Ramos-Vinolas,60,2023-12-01 15:17:39.894,4.6,2023-12-01 15:26:00,
1.221979228,8257852,Maxime Janvier,Janvier v Ramos-Vinolas,70,2023-12-01 15:32:44.912,4.5,2023-12-01 15:45:00,
1.221979228,8257852,Maxime Janvier,Janvier v Ramos-Vinolas,80,2023-12-01 15:33:46.005,4.8,2023-12-01 15:45:00,
1.221979228,8257852,Maxime Janvier,Janvier v Ramos-Vinolas,90,2023-12-01 15:35:48.382,4.5,2023-12-01 15:45:00,
1.221979228,8257852,Maxime Janvier,Janvier v Ramos-Vinolas,100,2023-12-01 15:37:50.759,4.7,2023-12-01 15:45:00,
1.221979228,8621877,Albert Ramos-Vinolas,Janvier v Ramos-Vinolas,0,2023-12-01 09:38:52.418,1.29,2023-12-01 15:00:00,
1.221979228,8621877,Albert Ramos-Vinolas,Janvier v Ramos-Vinolas,10,2023-12-01 11:01:41.258,1.29,2023-12-01 15:00:00,
1.221979228,8621877,Albert Ramos-Vinolas,Janvier v Ramos-Vinolas,20,2023-12-01 12:22:40.952,1.31,2023-12-01 15:00:00,
1.221979228,8621877,Albert Ramos-Vinolas,Janvier v Ramos-Vinolas,30,2023-12-01 12:47:42.778,1.31,2023-12-01 15:00:00,
1.221979228,8621877,Albert Ramos-Vinolas,Janvier v Ramos-Vinolas,40,2023-12-01 14:07:52.872,1.31,2023-12-01 14:56:00,
1.221979228,8621877,Albert Ramos-Vinolas,Janvier v Ramos-Vinolas,50,2023-12-01 14:35:53.591,1.3,2023-12-01 14:56:00,
1.221979228,8621877,Albert Ramos-Vinolas,Janvier v Ramos-Vinolas,60,2023-12-01 14:52:39.939,1.3,2023-12-01 14:56:00,
1.221979228,8621877,Albert Ramos-Vinolas,Janvier v Ramos-Vinolas,70,2023-12-01 15:15:40.428,1.27,2023-12-01 15:26:00,
1.221979228,8621877,Albert Ramos-Vinolas,Janvier v Ramos-Vinolas,80,2023-12-01 15:31:52.317,1.27,2023-12-01 15:45:00,
1.221979228,8621877,Albert Ramos-Vinolas,Janvier v Ramos-Vinolas,90,2023-12-01 15:33:46.005,1.27,2023-12-01 15:45:00,
1.221979228,8621877,Albert Ramos-Vinolas,Janvier v Ramos-Vinolas,100,2023-12-01 15:39:52.793,1.26,2023-12-01 15:45:00,
1.221981378,2422070,Anastasija Sevastova,Bassols Ribera v Sevastova,0,2023-11-30 20:27:19.094,1.71,2023-12-01 17:30:00,
1.221981378,2422070,Anastasija Sevastova,Bassols Ribera v Sevastova,10,2023-12-01 05:24:44.051,1.74,2023-12-01 17:30:00,
1.221981378,2422070,Anastasija Sevastova,Bassols Ribera v Sevastova,20,2023-12-01 07:48:21.626,1.68,2023-12-01 17:30:00,
1.221981378,2422070,Anastasija Sevastova,Bassols Ribera v Sevastova,30,2023-12-01 08:51:51.610,1.68,2023-12-01 17:30:00,
1.221981378,2422070,Anastasija Sevastova,Bassols Ribera v Sevastova,40,2023-12-01 11:02:17.495,1.61,2023-12-01 17:30:00,
1.221981378,2422070,Anastasija Sevastova,Bassols Ribera v Sevastova,50,2023-12-01 12:15:20.024,1.57,2023-12-01 17:30:00,
1.221981378,2422070,Anastasija Sevastova,Bassols Ribera v Sevastova,60,2023-12-01 14:58:20.304,1.63,2023-12-01 17:30:00,
1.221981378,2422070,Anastasija Sevastova,Bassols Ribera v Sevastova,70,2023-12-01 15:21:20.973,1.67,2023-12-01 17:30:00,
1.221981378,2422070,Anastasija Sevastova,Bassols Ribera v Sevastova,80,2023-12-01 17:02:00.685,1.66,2023-12-01 17:30:00,
1.221981378,2422070,Anastasija Sevastova,Bassols Ribera v Sevastova,90,2023-12-01 17:16:15.490,1.65,2023-12-01 17:30:00,
1.221981378,2422070,Anastasija Sevastova,Bassols Ribera v Sevastova,100,2023-12-01 17:39:21.556,1.64,2023-12-01 17:40:00,
1.221981378,10166446,Marina Bassols Ribera,Bassols Ribera v Sevastova,0,2023-11-30 22:17:13.647,2.2,2023-12-01 17:30:00,
1.221981378,10166446,Marina Bassols Ribera,Bassols Ribera v Sevastova,10,2023-12-01 05:26:21.713,2.38,2023-12-01 17:30:00,
1.221981378,10166446,Marina Bassols Ribera,Bassols Ribera v Sevastova,20,2023-12-01 07:52:56.858,2.5,2023-12-01 17:30:00,
1.221981378,10166446,Marina Bassols Ribera,Bassols Ribera v Sevastova,30,2023-12-01 09:59:13.888,2.5,2023-12-01 17:30:00,
1.221981378,10166446,Marina Bassols Ribera,Bassols Ribera v Sevastova,40,2023-12-01 10:14:07.234,2.54,2023-12-01 17:30:00,
1.221981378,10166446,Marina Bassols Ribera,Bassols Ribera v Sevastova,50,2023-12-01 13:20:05.697,2.8,2023-12-01 17:30:00,
1.221981378,10166446,Marina Bassols Ribera,Bassols Ribera v Sevastova,60,2023-12-01 14:41:18.748,2.7,2023-12-01 17:30:00,
1.221981378,10166446,Marina Bassols Ribera,Bassols Ribera v Sevastova,70,2023-12-01 14:45:11.172,2.58,2023-12-01 17:30:00,
1.221981378,10166446,Marina Bassols Ribera,Bassols Ribera v Sevastova,80,2023-12-01 15:00:15.845,2.52,2023-12-01 17:30:00,
1.221981378,10166446,Marina Bassols Ribera,Bassols Ribera v Sevastova,90,2023-12-01 15:55:52.054,2.48,2023-12-01 17:30:00,
1.221981378,10166446,Marina Bassols Ribera,Bassols Ribera v Sevastova,100,2023-12-01 17:38:21.536,2.52,2023-12-01 17:40:00,
1.221982866,9631219,Valentin Vacherot,Vacherot v O Ayeni,0,2023-12-01 05:50:51.410,1.1,2023-12-01 18:00:00,
1.221982866,9631219,Valentin Vacherot,Vacherot v O Ayeni,10,2023-12-01 18:30:30.169,1.4,2023-12-01 18:39:00,
1.221982866,9631219,Valentin Vacherot,Vacherot v O Ayeni,20,2023-12-01 22:57:03.649,1.44,2023-12-02 13:00:00,2023-12-01 20:28:09.546
1.221982866,9631219,Valentin Vacherot,Vacherot v O Ayeni,30,2023-12-02 02:34:08.924,1.46,2023-12-02 13:00:00,2023-12-01 20:28:09.546
1.221982866,9631219,Valentin Vacherot,Vacherot v O Ayeni,40,2023-12-02 04:29:10.003,1.39,2023-12-02 13:00:00,2023-12-01 20:28:09.546
1.221982866,9631219,Valentin Vacherot,Vacherot v O Ayeni,50,2023-12-02 05:23:51.675,1.44,2023-12-02 13:00:00,2023-12-01 20:28:09.546
1.221982866,9631219,Valentin Vacherot,Vacherot v O Ayeni,60,2023-12-02 09:10:53.190,1.46,2023-12-02 13:00:00,2023-12-01 20:28:09.546
1.221982866,9631219,Valentin Vacherot,Vacherot v O Ayeni,70,2023-12-02 11:22:00.105,1.34,2023-12-02 13:00:00,2023-12-01 20:28:09.546
1.221982866,9631219,Valentin Vacherot,Vacherot v O Ayeni,80,2023-12-02 12:10:07.805,1.39,2023-12-02 13:00:00,2023-12-01 20:28:09.546
1.221982866,9631219,Valentin Vacherot,Vacherot v O Ayeni,90,2023-12-02 13:08:09.365,1.43,2023-12-02 13:15:00,2023-12-01 20:28:09.546
1.221982866,9631219,Valentin Vacherot,Vacherot v O Ayeni,100,2023-12-02 13:34:10.040,1.09,2023-12-02 13:45:00,2023-12-01 20:28:09.546
1.221982866,13181138,Alafia Ayeni,Vacherot v O Ayeni,0,2023-12-01 05:50:51.410,2.3,2023-12-01 18:00:00,
1.221982866,13181138,Alafia Ayeni,Vacherot v O Ayeni,10,2023-12-01 19:03:04.321,3.45,2023-12-01 19:09:00,
1.221982866,13181138,Alafia Ayeni,Vacherot v O Ayeni,20,2023-12-01 22:57:03.649,3.3,2023-12-02 13:00:00,2023-12-01 20:28:09.546
1.221982866,13181138,Alafia Ayeni,Vacherot v O Ayeni,30,2023-12-02 03:32:57.874,3.1,2023-12-02 13:00:00,2023-12-01 20:28:09.546
1.221982866,13181138,Alafia Ayeni,Vacherot v O Ayeni,40,2023-12-02 04:22:55.375,3.1,2023-12-02 13:00:00,2023-12-01 20:28:09.546
1.221982866,13181138,Alafia Ayeni,Vacherot v O Ayeni,50,2023-12-02 09:10:53.190,3.15,2023-12-02 13:00:00,2023-12-01 20:28:09.546
1.221982866,13181138,Alafia Ayeni,Vacherot v O Ayeni,60,2023-12-02 11:25:09.484,4.0,2023-12-02 13:00:00,2023-12-01 20:28:09.546
1.221982866,13181138,Alafia Ayeni,Vacherot v O Ayeni,70,2023-12-02 12:00:03.252,3.6,2023-12-02 13:00:00,2023-12-01 20:28:09.546
1.221982866,13181138,Alafia Ayeni,Vacherot v O Ayeni,80,2023-12-02 12:18:08.594,2.94,2023-12-02 13:00:00,2023-12-01 20:28:09.546
1.221982866,13181138,Alafia Ayeni,Vacherot v O Ayeni,90,2023-12-02 13:09:09.790,3.95,2023-12-02 13:15:00,2023-12-01 20:28:09.546
1.221982866,13181138,Alafia Ayeni,Vacherot v O Ayeni,100,2023-12-02 13:34:10.040,12.0,2023-12-02 13:45:00,2023-12-01 20:28:09.546
1.221982917,63290538,Parry/Strakhova,Parry/Strakhova v Carle/Papamichail,0,2023-12-02 01:01:13.398,1.42,2023-12-02 18:30:00,
1.221982917,63290538,Parry/Strakhova,Parry/Strakhova v Carle/Papamichail,10,2023-12-02 19:50:01.401,1.7,2023-12-02 20:00:00,
1.221982917,63290538,Parry/Strakhova,Parry/Strakhova v Carle/Papamichail,20,2023-12-02 19:50:56.345,1.6,2023-12-02 20:00:00,
1.221982917,63290538,Parry/Strakhova,Parry/Strakhova v Carle/Papamichail,30,2023-12-02 22:40:00.476,1.7,2023-12-03 18:00:00,
1.221982917,63290538,Parry/Strakhova,Parry/Strakhova v Carle/Papamichail,40,2023-12-03 12:26:02.866,1.59,2023-12-03 18:00:00,
1.221982917,63290538,Parry/Strakhova,Parry/Strakhova v Carle/Papamichail,50,2023-12-03 15:56:57.072,1.58,2023-12-03 18:00:00,
1.221982917,63290538,Parry/Strakhova,Parry/Strakhova v Carle/Papamichail,60,2023-12-03 17:40:18.500,1.74,2023-12-03 18:00:00,
1.221982917,63290538,Parry/Strakhova,Parry/Strakhova v Carle/Papamichail,70,2023-12-03 17:57:45.860,1.6,2023-12-03 18:00:00,
1.221982917,63290538,Parry/Strakhova,Parry/Strakhova v Carle/Papamichail,80,2023-12-03 18:24:06.216,1.74,2023-12-03 18:25:00,
1.221982917,63290538,Parry/Strakhova,Parry/Strakhova v Carle/Papamichail,90,2023-12-03 19:07:31.169,1.59,2023-12-03 19:15:00,
1.221982917,63290538,Parry/Strakhova,Parry/Strakhova v Carle/Papamichail,100,2023-12-03 19:25:50.796,1.48,2023-12-03 19:30:00,
1.221984552,12737413,Diane Parry,D Parry v Mar Carle,0,2023-11-30 22:13:06.353,1.55,2023-12-01 15:00:00,
1.221984552,12737413,Diane Parry,D Parry v Mar Carle,10,2023-12-01 14:34:13.420,1.63,2023-12-01 15:00:00,
1.221984552,12737413,Diane Parry,D Parry v Mar Carle,20,2023-12-01 15:43:07.027,1.6,2023-12-01 16:30:00,
1.221984552,12737413,Diane Parry,D Parry v Mar Carle,30,2023-12-01 17:42:14.328,1.6,2023-12-01 18:30:00,
1.221984552,12737413,Diane Parry,D Parry v Mar Carle,40,2023-12-01 18:30:09.344,1.6,2023-12-01 19:15:00,
1.221984552,12737413,Diane Parry,D Parry v Mar Carle,50,2023-12-01 19:49:16.440,1.66,2023-12-01 20:00:00,
1.221984552,12737413,Diane Parry,D Parry v Mar Carle,60,2023-12-01 20:41:08.477,1.59,2023-12-02 13:00:00,
1.221984552,12737413,Diane Parry,D Parry v Mar Carle,70,2023-12-02 05:48:05.758,1.58,2023-12-02 13:00:00,
1.221984552,12737413,Diane Parry,D Parry v Mar Carle,80,2023-12-02 09:31:02.964,1.58,2023-12-02 13:00:00,
1.221984552,12737413,Diane Parry,D Parry v Mar Carle,90,2023-12-02 11:38:13.037,1.56,2023-12-02 13:00:00,
1.221984552,12737413,Diane Parry,D Parry v Mar Carle,100,2023-12-02 13:09:06.496,1.66,2023-12-02 13:10:00,2023-12-02 13:09:06.496
1.221984552,40136010,Maria Lourdes Carle,D Parry v Mar Carle,0,2023-12-01 09:26:13.859,2.5,2023-12-01 15:00:00,
1.221984552,40136010,Maria Lourdes Carle,D Parry v Mar Carle,10,2023-12-01 14:47:08.072,2.64,2023-12-01 16:00:00,
1.221984552,40136010,Maria Lourdes Carle,D Parry v Mar Carle,20,2023-12-01 17:17:16.461,2.64,2023-12-01 17:30:00,
1.221984552,40136010,Maria Lourdes Carle,D Parry v Mar Carle,30,2023-12-01 18:05:15.439,2.62,2023-12-01 18:30:00,
1.221984552,40136010,Maria Lourdes Carle,D Parry v Mar Carle,40,2023-12-01 19:12:13.281,2.58,2023-12-01 19:15:00,
1.221984552,40136010,Maria Lourdes Carle,D Parry v Mar Carle,50,2023-12-01 20:02:13.771,2.56,2023-12-02 13:00:00,
1.221984552,40136010,Maria Lourdes Carle,D Parry v Mar Carle,60,2023-12-01 21:32:10.653,2.6,2023-12-02 13:00:00,
1.221984552,40136010,Maria Lourdes Carle,D Parry v Mar Carle,70,2023-12-02 07:04:11.551,2.66,2023-12-02 13:00:00,
1.221984552,40136010,Maria Lourdes Carle,D Parry v Mar Carle,80,2023-12-02 10:37:59.053,2.74,2023-12-02 13:00:00,
1.221984552,40136010,Maria Lourdes Carle,D Parry v Mar Carle,90,2023-12-02 12:40:04.736,2.8,2023-12-02 13:00:00,
1.221984552,40136010,Maria Lourdes Carle,D Parry v Mar Carle,100,2023-12-02 13:09:06.496,2.5,2023-12-02 13:10:00,2023-12-02 13:09:06.496
1.221986237,2263692,Alize Cornet,A. Cornet v C Tauson,0,2023-12-01 02:28:44.402,3.0,2023-12-01 16:00:00,
1.221986237,2263692,Alize Cornet,A. Cornet v C Tauson,10,2023-12-01 07:46:14.299,3.35,2023-12-01 16:00:00,
1.221986237,2263692,Alize Cornet,A. Cornet v C Tauson,20,2023-12-01 11:17:17.240,3.8,2023-12-01 16:00:00,
1.221986237,2263692,Alize Cornet,A. Cornet v C Tauson,30,2023-12-01 12:23:15.679,3.9,2023-12-01 16:00:00,
1.221986237,2263692,Alize Cornet,A. Cornet v C Tauson,40,2023-12-01 13:09:17.036,3.85,2023-12-01 16:00:00,
1.221986237,2263692,Alize Cornet,A. Cornet v C Tauson,50,2023-12-01 14:57:05.655,3.8,2023-12-01 16:00:00,
1.221986237,2263692,Alize Cornet,A. Cornet v C Tauson,60,2023-12-01 15:01:19.330,3.85,2023-12-01 16:00:00,
1.221986237,2263692,Alize Cornet,A. Cornet v C Tauson,70,2023-12-01 15:06:05.661,3.75,2023-12-01 16:00:00,
1.221986237,2263692,Alize Cornet,A. Cornet v C Tauson,80,2023-12-01 15:25:20.645,3.85,2023-12-01 16:00:00,
1.221986237,2263692,Alize Cornet,A. Cornet v C Tauson,90,2023-12-01 15:54:12.620,3.95,2023-12-01 16:00:00,
1.221986237,2263692,Alize Cornet,A. Cornet v C Tauson,100,2023-12-01 15:59:20.632,3.85,2023-12-01 16:00:00,
1.221986237,18848679,Clara Tauson,A. Cornet v C Tauson,0,2023-11-30 22:05:01.399,1.46,2023-12-01 16:00:00,
1.221986237,18848679,Clara Tauson,A. Cornet v C Tauson,10,2023-11-30 23:24:49.865,1.45,2023-12-01 16:00:00,
1.221986237,18848679,Clara Tauson,A. Cornet v C Tauson,20,2023-12-01 08:21:17.164,1.37,2023-12-01 16:00:00,
1.221986237,18848679,Clara Tauson,A. Cornet v C Tauson,30,2023-12-01 10:33:16.953,1.34,2023-12-01 16:00:00,
1.221986237,18848679,Clara Tauson,A. Cornet v C Tauson,40,2023-12-01 11:53:20.368,1.34,2023-12-01 16:00:00,
1.221986237,18848679,Clara Tauson,A. Cornet v C Tauson,50,2023-12-01 12:24:48.698,1.33,2023-12-01 16:00:00,
1.221986237,18848679,Clara Tauson,A. Cornet v C Tauson,60,2023-12-01 12:29:36.099,1.35,2023-12-01 16:00:00,
1.221986237,18848679,Clara Tauson,A. Cornet v C Tauson,70,2023-12-01 14:49:08.152,1.34,2023-12-01 16:00:00,
1.221986237,18848679,Clara Tauson,A. Cornet v C Tauson,80,2023-12-01 15:44:06.080,1.34,2023-12-01 16:00:00,
1.221986237,18848679,Clara Tauson,A. Cornet v C Tauson,90,2023-12-01 15:54:12.620,1.34,2023-12-01 16:00:00,
1.221986237,18848679,Clara Tauson,A. Cornet v C Tauson,100,2023-12-01 15:59:20.632,1.34,2023-12-01 16:00:00,
1.221986637,2548781,Polona Hercog,Hercog v J Riera,0,2023-12-01 06:15:15.284,2.18,2023-12-01 16:30:00,
1.221986637,2548781,Polona Hercog,Hercog v J Riera,10,2023-12-01 08:48:30.183,2.06,2023-12-01 16:30:00,
1.221986637,2548781,Polona Hercog,Hercog v J Riera,20,2023-12-01 14:49:28.695,2.04,2023-12-01 17:30:00,
1.221986637,2548781,Polona Hercog,Hercog v J Riera,30,2023-12-01 18:34:23.146,2.02,2023-12-01 19:30:00,
1.221986637,2548781,Polona Hercog,Hercog v J Riera,40,2023-12-01 19:09:10.862,2.06,2023-12-01 19:30:00,
1.221986637,2548781,Polona Hercog,Hercog v J Riera,50,2023-12-01 19:49:07.925,2.12,2023-12-01 20:00:00,
1.221986637,2548781,Polona Hercog,Hercog v J Riera,60,2023-12-01 19:59:17.154,2.08,2023-12-02 13:00:00,
1.221986637,2548781,Polona Hercog,Hercog v J Riera,70,2023-12-01 20:47:29.176,2.1,2023-12-02 13:00:00,
1.221986637,2548781,Polona Hercog,Hercog v J Riera,80,2023-12-01 21:24:20.709,2.04,2023-12-02 13:00:00,
1.221986637,2548781,Polona Hercog,Hercog v J Riera,90,2023-12-02 11:26:57.115,2.06,2023-12-02 13:00:00,
1.221986637,2548781,Polona Hercog,Hercog v J Riera,100,2023-12-02 12:57:24.644,2.1,2023-12-02 13:00:00,
1.221986637,13268651,Julia Riera,Hercog v J Riera,0,2023-12-01 06:15:15.284,1.84,2023-12-01 16:30:00,
1.221986637,13268651,Julia Riera,Hercog v J Riera,10,2023-12-01 14:58:19.929,1.94,2023-12-01 17:30:00,
1.221986637,13268651,Julia Riera,Hercog v J Riera,20,2023-12-01 17:29:30.178,1.96,2023-12-01 19:00:00,
1.221986637,13268651,Julia Riera,Hercog v J Riera,30,2023-12-01 19:07:24.555,1.96,2023-12-01 19:30:00,
1.221986637,13268651,Julia Riera,Hercog v J Riera,40,2023-12-01 19:32:14.415,1.88,2023-12-01 20:00:00,
1.221986637,13268651,Julia Riera,Hercog v J Riera,50,2023-12-01 19:59:17.154,1.99,2023-12-02 13:00:00,
1.221986637,13268651,Julia Riera,Hercog v J Riera,60,2023-12-01 20:31:11.182,1.88,2023-12-02 13:00:00,
1.221986637,13268651,Julia Riera,Hercog v J Riera,70,2023-12-01 22:04:20.475,1.92,2023-12-02 13:00:00,
1.221986637,13268651,Julia Riera,Hercog v J Riera,80,2023-12-02 11:26:57.115,1.95,2023-12-02 13:00:00,
1.221986637,13268651,Julia Riera,Hercog v J Riera,90,2023-12-02 12:37:16.710,1.87,2023-12-02 13:00:00,
1.221986637,13268651,Julia Riera,Hercog v J Riera,100,2023-12-02 13:09:30.069,1.89,2023-12-02 13:10:00,2023-12-02 13:09:30.069
1.22198821,63234591,Klier Junio/Reis Da Sil,Klier Junio/Reis Da Sil v Kovacevic/Smith,0,2023-12-01 20:00:39.194,1.73,2023-12-01 20:14:00,
1.22198821,63234591,Klier Junio/Reis Da Sil,Klier Junio/Reis Da Sil v Kovacevic/Smith,10,2023-12-01 20:02:27.265,1.55,2023-12-01 20:14:00,
1.22198821,63234591,Klier Junio/Reis Da Sil,Klier Junio/Reis Da Sil v Kovacevic/Smith,20,2023-12-01 20:10:41.570,1.76,2023-12-01 20:14:00,
1.22198821,63234591,Klier Junio/Reis Da Sil,Klier Junio/Reis Da Sil v Kovacevic/Smith,30,2023-12-01 20:15:35.831,1.78,2023-12-01 20:29:00,
1.22198821,63234591,Klier Junio/Reis Da Sil,Klier Junio/Reis Da Sil v Kovacevic/Smith,40,2023-12-01 20:20:38.619,1.66,2023-12-01 20:29:00,
1.22198821,63234591,Klier Junio/Reis Da Sil,Klier Junio/Reis Da Sil v Kovacevic/Smith,50,2023-12-01 21:00:23.695,1.94,2023-12-01 21:14:00,
1.22198821,63234591,Klier Junio/Reis Da Sil,Klier Junio/Reis Da Sil v Kovacevic/Smith,60,2023-12-01 21:01:58.577,2.3,2023-12-01 21:14:00,
1.22198821,63234591,Klier Junio/Reis Da Sil,Klier Junio/Reis Da Sil v Kovacevic/Smith,70,2023-12-01 21:16:14.346,2.26,2023-12-01 21:29:00,
1.22198821,63234591,Klier Junio/Reis Da Sil,Klier Junio/Reis Da Sil v Kovacevic/Smith,80,2023-12-02 00:40:02.147,2.42,2023-12-02 19:00:00,
1.22198821,63234591,Klier Junio/Reis Da Sil,Klier Junio/Reis Da Sil v Kovacevic/Smith,90,2023-12-02 18:53:17.353,1.99,2023-12-02 19:30:00,
1.22198821,63234591,Klier Junio/Reis Da Sil,Klier Junio/Reis Da Sil v Kovacevic/Smith,100,2023-12-02 19:16:30.531,1.99,2023-12-02 19:30:00,
1.22198892,27752969,Luca Van Assche,Fils v Van Assche,0,2023-12-01 09:33:49.680,3.9,2023-12-01 16:00:00,
1.22198892,27752969,Luca Van Assche,Fils v Van Assche,10,2023-12-01 10:41:28.404,4.2,2023-12-01 16:00:00,
1.22198892,27752969,Luca Van Assche,Fils v Van Assche,20,2023-12-01 11:22:03.260,3.85,2023-12-01 16:00:00,
1.22198892,27752969,Luca Van Assche,Fils v Van Assche,30,2023-12-01 11:49:22.058,3.8,2023-12-01 16:00:00,
1.22198892,27752969,Luca Van Assche,Fils v Van Assche,40,2023-12-01 13:13:33.823,3.8,2023-12-01 16:00:00,
1.22198892,27752969,Luca Van Assche,Fils v Van Assche,50,2023-12-01 13:53:57.882,3.85,2023-12-01 16:00:00,
1.22198892,27752969,Luca Van Assche,Fils v Van Assche,60,2023-12-01 14:53:18.997,3.95,2023-12-01 16:00:00,
1.22198892,27752969,Luca Van Assche,Fils v Van Assche,70,2023-12-01 15:34:51.384,3.85,2023-12-01 16:00:00,
1.22198892,27752969,Luca Van Assche,Fils v Van Assche,80,2023-12-01 15:56:26.204,3.9,2023-12-01 16:00:00,
1.22198892,27752969,Luca Van Assche,Fils v Van Assche,90,2023-12-01 16:00:47.544,4.0,2023-12-01 16:15:00,
1.22198892,27752969,Luca Van Assche,Fils v Van Assche,100,2023-12-01 16:09:52.115,4.1,2023-12-01 16:15:00,2023-12-01 16:07:52.456
1.22198892,38374961,Arthur Fils,Fils v Van Assche,0,2023-12-01 05:37:43.122,1.35,2023-12-01 16:00:00,
1.22198892,38374961,Arthur Fils,Fils v Van Assche,10,2023-12-01 09:14:31.267,1.34,2023-12-01 16:00:00,
1.22198892,38374961,Arthur Fils,Fils v Van Assche,20,2023-12-01 11:08:19.182,1.33,2023-12-01 16:00:00,
1.22198892,38374961,Arthur Fils,Fils v Van Assche,30,2023-12-01 11:52:50.114,1.33,2023-12-01 16:00:00,
1.22198892,38374961,Arthur Fils,Fils v Van Assche,40,2023-12-01 12:29:18.362,1.36,2023-12-01 16:00:00,
1.22198892,38374961,Arthur Fils,Fils v Van Assche,50,2023-12-01 13:22:43.499,1.36,2023-12-01 16:00:00,
1.22198892,38374961,Arthur Fils,Fils v Van Assche,60,2023-12-01 14:38:59.959,1.35,2023-12-01 16:00:00,
1.22198892,38374961,Arthur Fils,Fils v Van Assche,70,2023-12-01 15:23:51.784,1.34,2023-12-01 16:00:00,
1.22198892,38374961,Arthur Fils,Fils v Van Assche,80,2023-12-01 15:42:33.476,1.34,2023-12-01 16:00:00,
1.22198892,38374961,Arthur Fils,Fils v Van Assche,90,2023-12-01 15:58:51.914,1.27,2023-12-01 16:00:00,
1.22198892,38374961,Arthur Fils,Fils v Van Assche,100,2023-12-01 16:09:52.115,1.3,2023-12-01 16:15:00,2023-12-01 16:07:52.456
1.221989009,25085114,Hamad Medjedovic,Ha Medjedovic v Dom Stricker,0,2023-12-01 02:56:39.647,1.9,2023-12-01 18:00:00,
1.221989009,25085114,Hamad Medjedovic,Ha Medjedovic v Dom Stricker,10,2023-12-01 07:46:06.372,1.68,2023-12-01 18:00:00,
1.221989009,25085114,Hamad Medjedovic,Ha Medjedovic v Dom Stricker,20,2023-12-01 09:47:42.252,1.66,2023-12-01 18:00:00,
1.221989009,25085114,Hamad Medjedovic,Ha Medjedovic v Dom Stricker,30,2023-12-01 11:08:43.716,1.72,2023-12-01 18:00:00,
1.221989009,25085114,Hamad Medjedovic,Ha Medjedovic v Dom Stricker,40,2023-12-01 11:46:55.559,1.8,2023-12-01 18:00:00,
1.221989009,25085114,Hamad Medjedovic,Ha Medjedovic v Dom Stricker,50,2023-12-01 12:38:47.652,1.81,2023-12-01 18:00:00,
1.221989009,25085114,Hamad Medjedovic,Ha Medjedovic v Dom Stricker,60,2023-12-01 13:14:03.471,1.8,2023-12-01 18:00:00,
1.221989009,25085114,Hamad Medjedovic,Ha Medjedovic v Dom Stricker,70,2023-12-01 15:14:35.336,1.81,2023-12-01 18:00:00,
1.221989009,25085114,Hamad Medjedovic,Ha Medjedovic v Dom Stricker,80,2023-12-01 16:15:58.073,1.74,2023-12-01 18:00:00,
1.221989009,25085114,Hamad Medjedovic,Ha Medjedovic v Dom Stricker,90,2023-12-01 17:39:10.665,1.81,2023-12-01 18:00:00,
1.221989009,25085114,Hamad Medjedovic,Ha Medjedovic v Dom Stricker,100,2023-12-01 17:49:57.856,1.79,2023-12-01 18:00:00,
1.221989009,40400880,Dominic Stricker,Ha Medjedovic v Dom Stricker,0,2023-12-01 02:56:39.647,2.1,2023-12-01 18:00:00,
1.221989009,40400880,Dominic Stricker,Ha Medjedovic v Dom Stricker,10,2023-12-01 10:52:42.636,2.58,2023-12-01 18:00:00,
1.221989009,40400880,Dominic Stricker,Ha Medjedovic v Dom Stricker,20,2023-12-01 11:18:56.963,2.26,2023-12-01 18:00:00,
1.221989009,40400880,Dominic Stricker,Ha Medjedovic v Dom Stricker,30,2023-12-01 11:46:55.559,2.24,2023-12-01 18:00:00,
1.221989009,40400880,Dominic Stricker,Ha Medjedovic v Dom Stricker,40,2023-12-01 12:38:47.652,2.24,2023-12-01 18:00:00,
1.221989009,40400880,Dominic Stricker,Ha Medjedovic v Dom Stricker,50,2023-12-01 13:51:42.248,2.24,2023-12-01 18:00:00,
1.221989009,40400880,Dominic Stricker,Ha Medjedovic v Dom Stricker,60,2023-12-01 15:03:52.978,2.26,2023-12-01 18:00:00,
1.221989009,40400880,Dominic Stricker,Ha Medjedovic v Dom Stricker,70,2023-12-01 15:55:40.519,2.22,2023-12-01 18:00:00,
1.221989009,40400880,Dominic Stricker,Ha Medjedovic v Dom Stricker,80,2023-12-01 17:13:44.370,2.28,2023-12-01 18:00:00,
1.221989009,40400880,Dominic Stricker,Ha Medjedovic v Dom Stricker,90,2023-12-01 17:41:39.335,2.22,2023-12-01 18:00:00,
1.221989009,40400880,Dominic Stricker,Ha Medjedovic v Dom Stricker,100,2023-12-01 17:49:57.856,2.26,2023-12-01 18:00:00,
1.222001659,8194278,Marc Polmans,Polmans v Ziz Bergs,0,2023-12-01 20:40:00.997,2.5,2023-12-02 03:30:00,
1.222001659,8194278,Marc Polmans,Polmans v Ziz Bergs,10,2023-12-01 22:02:49.474,2.58,2023-12-02 03:30:00,
1.222001659,8194278,Marc Polmans,Polmans v Ziz Bergs,20,2023-12-01 22:16:47.367,2.54,2023-12-02 03:30:00,
1.222001659,8194278,Marc Polmans,Polmans v Ziz Bergs,30,2023-12-01 23:52:33.460,2.62,2023-12-02 03:30:00,
1.222001659,8194278,Marc Polmans,Polmans v Ziz Bergs,40,2023-12-02 02:28:45.177,2.58,2023-12-02 03:24:00,
1.222001659,8194278,Marc Polmans,Polmans v Ziz Bergs,50,2023-12-02 02:36:26.579,2.46,2023-12-02 03:24:00,
1.222001659,8194278,Marc Polmans,Polmans v Ziz Bergs,60,2023-12-02 02:57:36.098,2.38,2023-12-02 02:59:00,
1.222001659,8194278,Marc Polmans,Polmans v Ziz Bergs,70,2023-12-02 03:01:48.909,2.5,2023-12-02 03:14:00,
1.222001659,8194278,Marc Polmans,Polmans v Ziz Bergs,80,2023-12-02 03:06:44.437,2.58,2023-12-02 03:14:00,
1.222001659,8194278,Marc Polmans,Polmans v Ziz Bergs,90,2023-12-02 03:09:39.221,2.52,2023-12-02 03:14:00,
1.222001659,8194278,Marc Polmans,Polmans v Ziz Bergs,100,2023-12-02 03:13:44.655,2.44,2023-12-02 03:14:00,
1.222001659,9634024,Zizou Bergs,Polmans v Ziz Bergs,0,2023-12-01 17:08:29.063,1.66,2023-12-02 03:30:00,
1.222001659,9634024,Zizou Bergs,Polmans v Ziz Bergs,10,2023-12-01 21:41:10.210,1.63,2023-12-02 03:30:00,
1.222001659,9634024,Zizou Bergs,Polmans v Ziz Bergs,20,2023-12-01 22:12:46.449,1.63,2023-12-02 03:30:00,
1.222001659,9634024,Zizou Bergs,Polmans v Ziz Bergs,30,2023-12-01 22:36:25.190,1.64,2023-12-02 03:30:00,
1.222001659,9634024,Zizou Bergs,Polmans v Ziz Bergs,40,2023-12-01 23:02:47.818,1.63,2023-12-02 03:30:00,
1.222001659,9634024,Zizou Bergs,Polmans v Ziz Bergs,50,2023-12-01 23:52:33.460,1.59,2023-12-02 03:30:00,
1.222001659,9634024,Zizou Bergs,Polmans v Ziz Bergs,60,2023-12-02 01:15:07.529,1.64,2023-12-02 03:30:00,
1.222001659,9634024,Zizou Bergs,Polmans v Ziz Bergs,70,2023-12-02 02:29:13.382,1.61,2023-12-02 03:24:00,
1.222001659,9634024,Zizou Bergs,Polmans v Ziz Bergs,80,2023-12-02 03:00:48.818,1.64,2023-12-02 03:14:00,
1.222001659,9634024,Zizou Bergs,Polmans v Ziz Bergs,90,2023-12-02 03:08:38.239,1.65,2023-12-02 03:14:00,
1.222001659,9634024,Zizou Bergs,Polmans v Ziz Bergs,100,2023-12-02 03:16:46.303,1.7,2023-12-02 03:29:00,
1.222002815,8798905,Michael Mmoh,Mmoh v Cha Wong,0,2023-12-01 18:40:47.089,1.31,2023-12-02 01:00:00,
1.222002815,8798905,Michael Mmoh,Mmoh v Cha Wong,10,2023-12-01 20:22:15.443,1.35,2023-12-02 01:00:00,
1.222002815,8798905,Michael Mmoh,Mmoh v Cha Wong,20,2023-12-01 22:12:28.239,1.33,2023-12-02 01:00:00,
1.222002815,8798905,Michael Mmoh,Mmoh v Cha Wong,30,2023-12-01 23:31:49.096,1.34,2023-12-02 01:00:00,
1.222002815,8798905,Michael Mmoh,Mmoh v Cha Wong,40,2023-12-02 00:56:15.131,1.32,2023-12-02 01:00:00,
1.222002815,8798905,Michael Mmoh,Mmoh v Cha Wong,50,2023-12-02 03:12:55.196,1.31,2023-12-02 05:14:00,
1.222002815,8798905,Michael Mmoh,Mmoh v Cha Wong,60,2023-12-02 03:35:54.576,1.32,2023-12-02 05:15:00,
1.222002815,8798905,Michael Mmoh,Mmoh v Cha Wong,70,2023-12-02 04:30:23.246,1.31,2023-12-02 05:15:00,
1.222002815,8798905,Michael Mmoh,Mmoh v Cha Wong,80,2023-12-02 04:51:42.071,1.32,2023-12-02 05:15:00,
1.222002815,8798905,Michael Mmoh,Mmoh v Cha Wong,90,2023-12-02 05:02:49.570,1.32,2023-12-02 05:15:00,
1.222002815,8798905,Michael Mmoh,Mmoh v Cha Wong,100,2023-12-02 05:13:48.390,1.3,2023-12-02 05:14:00,
1.222002815,22360627,Chak Lam Coleman Wong,Mmoh v Cha Wong,0,2023-12-01 18:40:47.089,4.2,2023-12-02 01:00:00,
1.222002815,22360627,Chak Lam Coleman Wong,Mmoh v Cha Wong,10,2023-12-01 20:22:15.443,3.9,2023-12-02 01:00:00,
1.222002815,22360627,Chak Lam Coleman Wong,Mmoh v Cha Wong,20,2023-12-01 22:01:33.582,4.2,2023-12-02 01:00:00,
1.222002815,22360627,Chak Lam Coleman Wong,Mmoh v Cha Wong,30,2023-12-02 00:57:22.072,3.95,2023-12-02 01:00:00,
1.222002815,22360627,Chak Lam Coleman Wong,Mmoh v Cha Wong,40,2023-12-02 02:32:54.015,4.4,2023-12-02 05:24:00,
1.222002815,22360627,Chak Lam Coleman Wong,Mmoh v Cha Wong,50,2023-12-02 03:37:49.978,4.4,2023-12-02 05:15:00,
1.222002815,22360627,Chak Lam Coleman Wong,Mmoh v Cha Wong,60,2023-12-02 04:30:23.246,4.2,2023-12-02 05:15:00,
1.222002815,22360627,Chak Lam Coleman Wong,Mmoh v Cha Wong,70,2023-12-02 04:39:27.278,4.3,2023-12-02 05:15:00,
1.222002815,22360627,Chak Lam Coleman Wong,Mmoh v Cha Wong,80,2023-12-02 04:54:56.051,4.1,2023-12-02 05:15:00,
1.222002815,22360627,Chak Lam Coleman Wong,Mmoh v Cha Wong,90,2023-12-02 04:58:42.062,4.1,2023-12-02 05:15:00,
1.222002815,22360627,Chak Lam Coleman Wong,Mmoh v Cha Wong,100,2023-12-02 05:12:51.007,4.3,2023-12-02 05:14:00,
1.222013104,4174997,Heather    Watson,Er Andreeva v Watson,0,2023-12-01 22:27:06.431,3.0,2023-12-02 15:00:00,
1.222013104,4174997,Heather    Watson,Er Andreeva v Watson,10,2023-12-02 10:48:09.692,3.1,2023-12-02 15:00:00,
1.222013104,4174997,Heather    Watson,Er Andreeva v Watson,20,2023-12-02 10:57:11.412,3.0,2023-12-02 15:00:00,
1.222013104,4174997,Heather    Watson,Er Andreeva v Watson,30,2023-12-02 11:05:12.921,2.94,2023-12-02 15:00:00,
1.222013104,4174997,Heather    Watson,Er Andreeva v Watson,40,2023-12-02 11:28:54.621,2.94,2023-12-02 15:00:00,
1.222013104,4174997,Heather    Watson,Er Andreeva v Watson,50,2023-12-02 13:12:53.365,2.96,2023-12-02 15:00:00,
1.222013104,4174997,Heather    Watson,Er Andreeva v Watson,60,2023-12-02 14:18:08.824,3.0,2023-12-02 15:00:00,
1.222013104,4174997,Heather    Watson,Er Andreeva v Watson,70,2023-12-02 14:50:45.204,3.0,2023-12-02 15:00:00,
1.222013104,4174997,Heather    Watson,Er Andreeva v Watson,80,2023-12-02 14:56:03.421,3.05,2023-12-02 15:00:00,
1.222013104,4174997,Heather    Watson,Er Andreeva v Watson,90,2023-12-02 15:02:07.686,3.2,2023-12-02 15:10:00,
1.222013104,4174997,Heather    Watson,Er Andreeva v Watson,100,2023-12-02 15:08:08.879,3.2,2023-12-02 15:10:00,
1.222013104,27187697,Erika Andreeva,Er Andreeva v Watson,0,2023-12-01 18:49:56.235,1.49,2023-12-02 15:00:00,
1.222013104,27187697,Erika Andreeva,Er Andreeva v Watson,10,2023-12-02 07:37:09.603,1.46,2023-12-02 15:00:00,
1.222013104,27187697,Erika Andreeva,Er Andreeva v Watson,20,2023-12-02 10:32:09.140,1.46,2023-12-02 15:00:00,
1.222013104,27187697,Erika Andreeva,Er Andreeva v Watson,30,2023-12-02 11:19:11.040,1.5,2023-12-02 15:00:00,
1.222013104,27187697,Erika Andreeva,Er Andreeva v Watson,40,2023-12-02 11:56:11.589,1.52,2023-12-02 15:00:00,
1.222013104,27187697,Erika Andreeva,Er Andreeva v Watson,50,2023-12-02 12:17:37.681,1.52,2023-12-02 15:00:00,
1.222013104,27187697,Erika Andreeva,Er Andreeva v Watson,60,2023-12-02 13:12:53.365,1.5,2023-12-02 15:00:00,
1.222013104,27187697,Erika Andreeva,Er Andreeva v Watson,70,2023-12-02 14:03:12.675,1.49,2023-12-02 15:00:00,
1.222013104,27187697,Erika Andreeva,Er Andreeva v Watson,80,2023-12-02 14:53:03.941,1.48,2023-12-02 15:00:00,
1.222013104,27187697,Erika Andreeva,Er Andreeva v Watson,90,2023-12-02 14:55:01.567,1.46,2023-12-02 15:00:00,
1.222013104,27187697,Erika Andreeva,Er Andreeva v Watson,100,2023-12-02 15:08:08.879,1.45,2023-12-02 15:10:00,
1.222014937,27592752,Daniel Rincon,Da Rincon v Feldbausch,0,2023-12-01 22:26:38.879,1.8,2023-12-02 10:00:00,
1.222014937,27592752,Daniel Rincon,Da Rincon v Feldbausch,10,2023-12-02 04:15:36.366,1.73,2023-12-02 10:00:00,
1.222014937,27592752,Daniel Rincon,Da Rincon v Feldbausch,20,2023-12-02 06:50:32.290,1.8,2023-12-02 10:00:00,
1.222014937,27592752,Daniel Rincon,Da Rincon v Feldbausch,30,2023-12-02 07:24:43.545,1.74,2023-12-02 10:00:00,
1.222014937,27592752,Daniel Rincon,Da Rincon v Feldbausch,40,2023-12-02 07:52:45.030,1.76,2023-12-02 10:00:00,
1.222014937,27592752,Daniel Rincon,Da Rincon v Feldbausch,50,2023-12-02 08:51:27.695,1.76,2023-12-02 10:00:00,
1.222014937,27592752,Daniel Rincon,Da Rincon v Feldbausch,60,2023-12-02 09:08:28.625,1.8,2023-12-02 10:00:00,
1.222014937,27592752,Daniel Rincon,Da Rincon v Feldbausch,70,2023-12-02 09:37:32.980,1.77,2023-12-02 10:00:00,
1.222014937,27592752,Daniel Rincon,Da Rincon v Feldbausch,80,2023-12-02 09:50:46.336,1.8,2023-12-02 10:00:00,
1.222014937,27592752,Daniel Rincon,Da Rincon v Feldbausch,90,2023-12-02 09:54:34.826,1.79,2023-12-02 10:00:00,
1.222014937,27592752,Daniel Rincon,Da Rincon v Feldbausch,100,2023-12-02 09:59:42.473,1.86,2023-12-02 10:00:00,
1.22201495,9633043,Nuno Borges,Borges v Martineau,0,2023-12-01 16:40:50.710,1.97,2023-12-02 13:00:00,
1.22201495,9633043,Nuno Borges,Borges v Martineau,10,2023-12-02 05:00:45.524,1.47,2023-12-02 13:00:00,
1.22201495,9633043,Nuno Borges,Borges v Martineau,20,2023-12-02 09:01:42.080,1.43,2023-12-02 13:00:00,
1.22201495,9633043,Nuno Borges,Borges v Martineau,30,2023-12-02 09:26:34.977,1.45,2023-12-02 13:00:00,
1.22201495,9633043,Nuno Borges,Borges v Martineau,40,2023-12-02 09:43:32.054,1.45,2023-12-02 13:00:00,
1.22201495,9633043,Nuno Borges,Borges v Martineau,50,2023-12-02 10:06:40.324,1.45,2023-12-02 13:00:00,
1.22201495,9633043,Nuno Borges,Borges v Martineau,60,2023-12-02 11:28:18.639,1.42,2023-12-02 12:54:00,
1.22201495,9633043,Nuno Borges,Borges v Martineau,70,2023-12-02 11:49:51.775,1.39,2023-12-02 12:54:00,
1.22201495,9633043,Nuno Borges,Borges v Martineau,80,2023-12-02 12:06:52.962,1.4,2023-12-02 12:54:00,
1.22201495,9633043,Nuno Borges,Borges v Martineau,90,2023-12-02 12:34:46.797,1.41,2023-12-02 12:54:00,
1.22201495,9633043,Nuno Borges,Borges v Martineau,100,2023-12-02 12:42:51.028,1.41,2023-12-02 12:43:00,
1.22201495,9712888,Matteo Martineau,Borges v Martineau,0,2023-12-01 16:40:50.710,2.04,2023-12-02 13:00:00,
1.22201495,9712888,Matteo Martineau,Borges v Martineau,10,2023-12-02 09:10:47.307,3.25,2023-12-02 13:00:00,
1.22201495,9712888,Matteo Martineau,Borges v Martineau,20,2023-12-02 09:46:53.297,3.3,2023-12-02 13:00:00,
1.22201495,9712888,Matteo Martineau,Borges v Martineau,30,2023-12-02 09:55:28.032,3.25,2023-12-02 13:00:00,
1.22201495,9712888,Matteo Martineau,Borges v Martineau,40,2023-12-02 10:10:52.523,3.3,2023-12-02 13:00:00,
1.22201495,9712888,Matteo Martineau,Borges v Martineau,50,2023-12-02 10:35:22.788,3.25,2023-12-02 13:00:00,
1.22201495,9712888,Matteo Martineau,Borges v Martineau,60,2023-12-02 11:16:25.060,3.35,2023-12-02 12:54:00,
1.22201495,9712888,Matteo Martineau,Borges v Martineau,70,2023-12-02 11:48:53.558,3.45,2023-12-02 12:54:00,
1.22201495,9712888,Matteo Martineau,Borges v Martineau,80,2023-12-02 11:49:51.775,3.6,2023-12-02 12:54:00,
1.22201495,9712888,Matteo Martineau,Borges v Martineau,90,2023-12-02 11:51:44.075,3.45,2023-12-02 12:54:00,
1.22201495,9712888,Matteo Martineau,Borges v Martineau,100,2023-12-02 12:32:45.380,3.35,2023-12-02 12:54:00,
1.222016642,3911345,Benoit Paire,Paire v Janvier,0,2023-12-01 22:23:26.435,1.58,2023-12-02 11:00:00,
1.222016642,3911345,Benoit Paire,Paire v Janvier,10,2023-12-02 00:19:40.612,1.59,2023-12-02 11:00:00,
1.222016642,3911345,Benoit Paire,Paire v Janvier,20,2023-12-02 02:11:55.683,1.6,2023-12-02 11:00:00,
1.222016642,3911345,Benoit Paire,Paire v Janvier,30,2023-12-02 02:56:27.994,1.68,2023-12-02 11:00:00,
1.222016642,3911345,Benoit Paire,Paire v Janvier,40,2023-12-02 07:14:35.436,1.58,2023-12-02 11:00:00,
1.222016642,3911345,Benoit Paire,Paire v Janvier,50,2023-12-02 09:18:00.293,1.63,2023-12-02 11:00:00,
1.222016642,3911345,Benoit Paire,Paire v Janvier,60,2023-12-02 09:29:58.894,1.65,2023-12-02 11:00:00,
1.222016642,3911345,Benoit Paire,Paire v Janvier,70,2023-12-02 10:00:25.837,1.65,2023-12-02 11:00:00,
1.222016642,3911345,Benoit Paire,Paire v Janvier,80,2023-12-02 10:22:41.389,1.62,2023-12-02 11:00:00,
1.222016642,3911345,Benoit Paire,Paire v Janvier,90,2023-12-02 10:40:36.556,1.64,2023-12-02 11:00:00,
1.222016642,3911345,Benoit Paire,Paire v Janvier,100,2023-12-02 10:49:40.480,1.65,2023-12-02 11:00:00,
1.222016642,8257852,Maxime Janvier,Paire v Janvier,0,2023-12-02 00:55:40.407,2.52,2023-12-02 11:00:00,
1.222016642,8257852,Maxime Janvier,Paire v Janvier,10,2023-12-02 02:11:55.683,2.68,2023-12-02 11:00:00,
1.222016642,8257852,Maxime Janvier,Paire v Janvier,20,2023-12-02 02:56:27.994,2.46,2023-12-02 11:00:00,
1.222016642,8257852,Maxime Janvier,Paire v Janvier,30,2023-12-02 03:41:51.314,2.42,2023-12-02 11:00:00,
1.222016642,8257852,Maxime Janvier,Paire v Janvier,40,2023-12-02 09:29:58.894,2.56,2023-12-02 11:00:00,
1.222016642,8257852,Maxime Janvier,Paire v Janvier,50,2023-12-02 09:58:35.626,2.6,2023-12-02 11:00:00,
1.222016642,8257852,Maxime Janvier,Paire v Janvier,60,2023-12-02 10:00:25.837,2.56,2023-12-02 11:00:00,
1.222016642,8257852,Maxime Janvier,Paire v Janvier,70,2023-12-02 10:38:35.999,2.54,2023-12-02 11:00:00,
1.222016642,8257852,Maxime Janvier,Paire v Janvier,80,2023-12-02 10:39:25.968,2.56,2023-12-02 11:00:00,
1.222016642,8257852,Maxime Janvier,Paire v Janvier,90,2023-12-02 10:49:40.480,2.54,2023-12-02 11:00:00,
1.222016642,8257852,Maxime Janvier,Paire v Janvier,100,2023-12-02 10:54:39.068,2.52,2023-12-02 11:00:00,
1.222016695,12195035,Y Hatouka,Y Hatouka v A Rodionova,0,2023-12-01 18:09:19.930,2.02,2023-12-02 08:00:00,
1.222016695,12195035,Y Hatouka,Y Hatouka v A Rodionova,10,2023-12-01 21:20:11.033,2.06,2023-12-02 08:00:00,
1.222016695,12195035,Y Hatouka,Y Hatouka v A Rodionova,20,2023-12-02 00:29:13.579,2.02,2023-12-02 08:00:00,
1.222016695,12195035,Y Hatouka,Y Hatouka v A Rodionova,30,2023-12-02 00:54:22.367,2.0,2023-12-02 08:00:00,
1.222016695,12195035,Y Hatouka,Y Hatouka v A Rodionova,40,2023-12-02 01:00:47.270,1.91,2023-12-02 08:00:00,
1.222016695,12195035,Y Hatouka,Y Hatouka v A Rodionova,50,2023-12-02 01:21:47.403,2.0,2023-12-02 08:00:00,
1.222016695,12195035,Y Hatouka,Y Hatouka v A Rodionova,60,2023-12-02 02:40:36.960,1.99,2023-12-02 08:00:00,
1.222016695,12195035,Y Hatouka,Y Hatouka v A Rodionova,70,2023-12-02 02:46:58.976,1.92,2023-12-02 08:00:00,
1.222016695,12195035,Y Hatouka,Y Hatouka v A Rodionova,80,2023-12-02 03:15:14.712,1.89,2023-12-02 08:00:00,
1.222016695,12195035,Y Hatouka,Y Hatouka v A Rodionova,90,2023-12-02 07:23:25.678,1.8,2023-12-02 08:00:00,
1.222016695,12195035,Y Hatouka,Y Hatouka v A Rodionova,100,2023-12-02 07:24:39.657,1.99,2023-12-02 08:00:00,
1.222018547,25085114,Hamad Medjedovic,Arthur Fils v Hamad Medjedovic,0,2023-12-02 01:10:29.248,2.4,2023-12-02 17:00:00,
1.222018547,25085114,Hamad Medjedovic,Arthur Fils v Hamad Medjedovic,10,2023-12-02 06:13:37.195,2.98,2023-12-02 17:00:00,
1.222018547,25085114,Hamad Medjedovic,Arthur Fils v Hamad Medjedovic,20,2023-12-02 08:54:41.401,2.46,2023-12-02 17:00:00,
1.222018547,25085114,Hamad Medjedovic,Arthur Fils v Hamad Medjedovic,30,2023-12-02 11:41:25.128,2.42,2023-12-02 17:00:00,
1.222018547,25085114,Hamad Medjedovic,Arthur Fils v Hamad Medjedovic,40,2023-12-02 12:13:17.499,2.46,2023-12-02 17:00:00,
1.222018547,25085114,Hamad Medjedovic,Arthur Fils v Hamad Medjedovic,50,2023-12-02 12:44:40.920,2.58,2023-12-02 17:00:00,
1.222018547,25085114,Hamad Medjedovic,Arthur Fils v Hamad Medjedovic,60,2023-12-02 13:58:40.283,2.5,2023-12-02 17:00:00,
1.222018547,25085114,Hamad Medjedovic,Arthur Fils v Hamad Medjedovic,70,2023-12-02 15:26:36.745,2.5,2023-12-02 17:00:00,
1.222018547,25085114,Hamad Medjedovic,Arthur Fils v Hamad Medjedovic,80,2023-12-02 16:16:18.597,2.66,2023-12-02 17:00:00,
1.222018547,25085114,Hamad Medjedovic,Arthur Fils v Hamad Medjedovic,90,2023-12-02 16:34:26.305,2.66,2023-12-02 17:00:00,
1.222018547,25085114,Hamad Medjedovic,Arthur Fils v Hamad Medjedovic,100,2023-12-02 16:41:33.120,2.7,2023-12-02 17:00:00,
1.222018547,38374961,Arthur Fils,Arthur Fils v Hamad Medjedovic,0,2023-12-01 21:34:06.641,1.58,2023-12-02 17:00:00,
1.222018547,38374961,Arthur Fils,Arthur Fils v Hamad Medjedovic,10,2023-12-02 05:48:00.120,1.67,2023-12-02 17:00:00,
1.222018547,38374961,Arthur Fils,Arthur Fils v Hamad Medjedovic,20,2023-12-02 07:27:10.698,1.79,2023-12-02 17:00:00,
1.222018547,38374961,Arthur Fils,Arthur Fils v Hamad Medjedovic,30,2023-12-02 09:02:03.287,1.59,2023-12-02 17:00:00,
1.222018547,38374961,Arthur Fils,Arthur Fils v Hamad Medjedovic,40,2023-12-02 10:20:20.353,1.64,2023-12-02 17:00:00,
1.222018547,38374961,Arthur Fils,Arthur Fils v Hamad Medjedovic,50,2023-12-02 12:08:30.282,1.69,2023-12-02 17:00:00,
1.222018547,38374961,Arthur Fils,Arthur Fils v Hamad Medjedovic,60,2023-12-02 12:40:29.563,1.68,2023-12-02 17:00:00,
1.222018547,38374961,Arthur Fils,Arthur Fils v Hamad Medjedovic,70,2023-12-02 14:16:43.071,1.63,2023-12-02 17:00:00,
1.222018547,38374961,Arthur Fils,Arthur Fils v Hamad Medjedovic,80,2023-12-02 15:12:18.503,1.65,2023-12-02 17:00:00,
1.222018547,38374961,Arthur Fils,Arthur Fils v Hamad Medjedovic,90,2023-12-02 16:16:18.597,1.6,2023-12-02 17:00:00,
1.222018547,38374961,Arthur Fils,Arthur Fils v Hamad Medjedovic,100,2023-12-02 16:43:35.577,1.58,2023-12-02 17:00:00,
1.222018699,13181195,Pedro Martinez,Martinez v Misolic,0,2023-12-02 02:43:34.789,1.96,2023-12-02 11:30:00,
1.222018699,13181195,Pedro Martinez,Martinez v Misolic,10,2023-12-02 07:23:28.506,1.92,2023-12-02 11:30:00,
1.222018699,13181195,Pedro Martinez,Martinez v Misolic,20,2023-12-02 08:53:03.597,1.93,2023-12-02 11:30:00,
1.222018699,13181195,Pedro Martinez,Martinez v Misolic,30,2023-12-02 09:07:33.869,1.91,2023-12-02 11:30:00,
1.222018699,13181195,Pedro Martinez,Martinez v Misolic,40,2023-12-02 09:44:35.130,1.88,2023-12-02 11:30:00,
1.222018699,13181195,Pedro Martinez,Martinez v Misolic,50,2023-12-02 10:37:09.850,1.83,2023-12-02 11:30:00,
1.222018699,13181195,Pedro Martinez,Martinez v Misolic,60,2023-12-02 10:40:27.373,1.84,2023-12-02 11:30:00,
1.222018699,13181195,Pedro Martinez,Martinez v Misolic,70,2023-12-02 10:45:26.155,1.83,2023-12-02 11:30:00,
1.222018699,13181195,Pedro Martinez,Martinez v Misolic,80,2023-12-02 10:47:32.451,1.86,2023-12-02 11:30:00,
1.222018699,13181195,Pedro Martinez,Martinez v Misolic,90,2023-12-02 11:15:35.425,1.83,2023-12-02 11:30:00,
1.222018699,13181195,Pedro Martinez,Martinez v Misolic,100,2023-12-02 11:23:28.194,1.82,2023-12-02 11:30:00,
1.222018796,2263692,Alize Cornet,Bassols Ribera v A. Cornet,0,2023-12-01 22:28:19.110,1.54,2023-12-02 17:00:00,
1.222018796,2263692,Alize Cornet,Bassols Ribera v A. Cornet,10,2023-12-02 04:00:12.628,1.65,2023-12-02 17:00:00,
1.222018796,2263692,Alize Cornet,Bassols Ribera v A. Cornet,20,2023-12-02 07:42:34.628,1.55,2023-12-02 17:00:00,
1.222018796,2263692,Alize Cornet,Bassols Ribera v A. Cornet,30,2023-12-02 12:48:07.848,1.57,2023-12-02 17:00:00,
1.222018796,2263692,Alize Cornet,Bassols Ribera v A. Cornet,40,2023-12-02 12:49:06.379,1.54,2023-12-02 17:00:00,
1.222018796,2263692,Alize Cornet,Bassols Ribera v A. Cornet,50,2023-12-02 16:04:13.252,1.55,2023-12-02 17:00:00,
1.222018796,2263692,Alize Cornet,Bassols Ribera v A. Cornet,60,2023-12-02 16:17:03.406,1.56,2023-12-02 17:00:00,
1.222018796,2263692,Alize Cornet,Bassols Ribera v A. Cornet,70,2023-12-02 16:39:57.106,1.54,2023-12-02 17:00:00,
1.222018796,2263692,Alize Cornet,Bassols Ribera v A. Cornet,80,2023-12-02 16:51:07.249,1.56,2023-12-02 17:00:00,
1.222018796,2263692,Alize Cornet,Bassols Ribera v A. Cornet,90,2023-12-02 17:24:51.612,1.51,2023-12-02 17:25:00,
1.222018796,2263692,Alize Cornet,Bassols Ribera v A. Cornet,100,2023-12-02 17:37:06.797,1.54,2023-12-02 17:40:00,
1.22203366,8798905,Michael Mmoh,Ziz Bergs v Mmoh,0,2023-12-02 16:29:18.647,1.7,2023-12-03 02:00:00,
1.22203366,8798905,Michael Mmoh,Ziz Bergs v Mmoh,10,2023-12-02 19:58:25.877,1.7,2023-12-03 02:00:00,
1.22203366,8798905,Michael Mmoh,Ziz Bergs v Mmoh,20,2023-12-02 20:38:35.007,1.64,2023-12-03 02:00:00,
1.22203366,8798905,Michael Mmoh,Ziz Bergs v Mmoh,30,2023-12-02 22:03:05.140,1.67,2023-12-03 02:00:00,
1.22203366,8798905,Michael Mmoh,Ziz Bergs v Mmoh,40,2023-12-02 23:13:35.406,1.65,2023-12-03 02:00:00,
1.22203366,8798905,Michael Mmoh,Ziz Bergs v Mmoh,50,2023-12-03 00:03:35.908,1.68,2023-12-03 02:00:00,
1.22203366,8798905,Michael Mmoh,Ziz Bergs v Mmoh,60,2023-12-03 00:08:34.351,1.64,2023-12-03 02:00:00,
1.22203366,8798905,Michael Mmoh,Ziz Bergs v Mmoh,70,2023-12-03 00:12:15.856,1.59,2023-12-03 02:00:00,
1.22203366,8798905,Michael Mmoh,Ziz Bergs v Mmoh,80,2023-12-03 00:38:46.268,1.6,2023-12-03 02:00:00,
1.22203366,8798905,Michael Mmoh,Ziz Bergs v Mmoh,90,2023-12-03 01:30:29.052,1.61,2023-12-03 02:00:00,
1.22203366,8798905,Michael Mmoh,Ziz Bergs v Mmoh,100,2023-12-03 01:46:32.877,1.59,2023-12-03 02:00:00,
1.22203366,9634024,Zizou Bergs,Ziz Bergs v Mmoh,0,2023-12-02 16:29:18.647,2.42,2023-12-03 02:00:00,
1.22203366,9634024,Zizou Bergs,Ziz Bergs v Mmoh,10,2023-12-02 16:39:41.986,2.4,2023-12-03 02:00:00,
1.22203366,9634024,Zizou Bergs,Ziz Bergs v Mmoh,20,2023-12-02 21:06:51.683,2.52,2023-12-03 02:00:00,
1.22203366,9634024,Zizou Bergs,Ziz Bergs v Mmoh,30,2023-12-02 21:49:32.570,2.48,2023-12-03 02:00:00,
1.22203366,9634024,Zizou Bergs,Ziz Bergs v Mmoh,40,2023-12-02 23:04:12.974,2.52,2023-12-03 02:00:00,
1.22203366,9634024,Zizou Bergs,Ziz Bergs v Mmoh,50,2023-12-02 23:55:15.977,2.52,2023-12-03 02:00:00,
1.22203366,9634024,Zizou Bergs,Ziz Bergs v Mmoh,60,2023-12-03 00:03:35.908,2.44,2023-12-03 02:00:00,
1.22203366,9634024,Zizou Bergs,Ziz Bergs v Mmoh,70,2023-12-03 00:10:34.970,2.66,2023-12-03 02:00:00,
1.22203366,9634024,Zizou Bergs,Ziz Bergs v Mmoh,80,2023-12-03 00:40:11.573,2.68,2023-12-03 02:00:00,
1.22203366,9634024,Zizou Bergs,Ziz Bergs v Mmoh,90,2023-12-03 01:16:33.803,2.64,2023-12-03 02:00:00,
1.22203366,9634024,Zizou Bergs,Ziz Bergs v Mmoh,100,2023-12-03 01:48:32.726,2.68,2023-12-03 02:00:00,
1.22204313,13181195,Pedro Martinez,Martinez v Feldbausch,0,2023-12-02 20:51:46.526,1.7,2023-12-03 11:00:00,
1.22204313,13181195,Pedro Martinez,Martinez v Feldbausch,10,2023-12-02 23:17:35.940,1.6,2023-12-03 11:00:00,
1.22204313,13181195,Pedro Martinez,Martinez v Feldbausch,20,2023-12-03 02:31:23.074,1.53,2023-12-03 11:00:00,
1.22204313,13181195,Pedro Martinez,Martinez v Feldbausch,30,2023-12-03 07:37:27.557,1.55,2023-12-03 11:00:00,
1.22204313,13181195,Pedro Martinez,Martinez v Feldbausch,40,2023-12-03 07:59:52.158,1.56,2023-12-03 11:00:00,
1.22204313,13181195,Pedro Martinez,Martinez v Feldbausch,50,2023-12-03 08:41:44.405,1.59,2023-12-03 11:00:00,
1.22204313,13181195,Pedro Martinez,Martinez v Feldbausch,60,2023-12-03 09:00:40.118,1.57,2023-12-03 11:00:00,
1.22204313,13181195,Pedro Martinez,Martinez v Feldbausch,70,2023-12-03 09:40:43.629,1.55,2023-12-03 11:00:00,
1.22204313,13181195,Pedro Martinez,Martinez v Feldbausch,80,2023-12-03 10:16:52.907,1.56,2023-12-03 11:00:00,
1.22204313,13181195,Pedro Martinez,Martinez v Feldbausch,90,2023-12-03 10:42:51.526,1.57,2023-12-03 11:00:00,
1.22204313,13181195,Pedro Martinez,Martinez v Feldbausch,100,2023-12-03 10:53:35.286,1.55,2023-12-03 11:00:00,
1.22204313,39132613,Kilian Feldbausch,Martinez v Feldbausch,0,2023-12-02 20:51:46.526,2.42,2023-12-03 11:00:00,
1.22204313,39132613,Kilian Feldbausch,Martinez v Feldbausch,10,2023-12-03 01:37:08.612,2.7,2023-12-03 11:00:00,
1.22204313,39132613,Kilian Feldbausch,Martinez v Feldbausch,20,2023-12-03 02:07:14.737,2.92,2023-12-03 11:00:00,
1.22204313,39132613,Kilian Feldbausch,Martinez v Feldbausch,30,2023-12-03 04:59:07.434,2.98,2023-12-03 11:00:00,
1.22204313,39132613,Kilian Feldbausch,Martinez v Feldbausch,40,2023-12-03 07:49:51.618,2.8,2023-12-03 11:00:00,
1.22204313,39132613,Kilian Feldbausch,Martinez v Feldbausch,50,2023-12-03 08:26:47.504,2.74,2023-12-03 11:00:00,
1.22204313,39132613,Kilian Feldbausch,Martinez v Feldbausch,60,2023-12-03 08:59:23.626,2.72,2023-12-03 11:00:00,
1.22204313,39132613,Kilian Feldbausch,Martinez v Feldbausch,70,2023-12-03 10:07:39.814,2.76,2023-12-03 11:00:00,
1.22204313,39132613,Kilian Feldbausch,Martinez v Feldbausch,80,2023-12-03 10:35:51.079,2.76,2023-12-03 11:00:00,
1.22204313,39132613,Kilian Feldbausch,Martinez v Feldbausch,90,2023-12-03 10:47:51.896,2.82,2023-12-03 11:00:00,
1.22204313,39132613,Kilian Feldbausch,Martinez v Feldbausch,100,2023-12-03 10:52:52.012,2.78,2023-12-03 11:00:00,
1.222043873,3911345,Benoit Paire,Borges v Paire,0,2023-12-02 21:50:46.680,2.98,2023-12-03 11:00:00,
1.222043873,3911345,Benoit Paire,Borges v Paire,10,2023-12-02 23:12:27.604,3.0,2023-12-03 11:00:00,
1.222043873,3911345,Benoit Paire,Borges v Paire,20,2023-12-03 00:56:55.464,2.88,2023-12-03 11:00:00,
1.222043873,3911345,Benoit Paire,Borges v Paire,30,2023-12-03 05:05:57.957,2.86,2023-12-03 11:00:00,
1.222043873,3911345,Benoit Paire,Borges v Paire,40,2023-12-03 08:26:39.496,3.1,2023-12-03 11:00:00,
1.222043873,3911345,Benoit Paire,Borges v Paire,50,2023-12-03 08:27:45.587,2.92,2023-12-03 11:00:00,
1.222043873,3911345,Benoit Paire,Borges v Paire,60,2023-12-03 09:33:48.823,3.0,2023-12-03 11:00:00,
1.222043873,3911345,Benoit Paire,Borges v Paire,70,2023-12-03 09:53:45.519,2.96,2023-12-03 11:00:00,
1.222043873,3911345,Benoit Paire,Borges v Paire,80,2023-12-03 10:26:26.933,2.96,2023-12-03 11:00:00,
1.222043873,3911345,Benoit Paire,Borges v Paire,90,2023-12-03 10:27:44.890,3.0,2023-12-03 11:00:00,
1.222043873,3911345,Benoit Paire,Borges v Paire,100,2023-12-03 10:48:50.399,3.2,2023-12-03 11:00:00,
1.222043873,9633043,Nuno Borges,Borges v Paire,0,2023-12-02 22:38:29.424,1.56,2023-12-03 11:00:00,
1.222043873,9633043,Nuno Borges,Borges v Paire,10,2023-12-03 00:56:45.682,1.52,2023-12-03 11:00:00,
1.222043873,9633043,Nuno Borges,Borges v Paire,20,2023-12-03 03:22:34.264,1.53,2023-12-03 11:00:00,
1.222043873,9633043,Nuno Borges,Borges v Paire,30,2023-12-03 06:04:48.196,1.46,2023-12-03 11:00:00,
1.222043873,9633043,Nuno Borges,Borges v Paire,40,2023-12-03 08:35:49.970,1.5,2023-12-03 11:00:00,
1.222043873,9633043,Nuno Borges,Borges v Paire,50,2023-12-03 08:53:06.546,1.47,2023-12-03 11:00:00,
1.222043873,9633043,Nuno Borges,Borges v Paire,60,2023-12-03 10:10:16.459,1.52,2023-12-03 11:00:00,
1.222043873,9633043,Nuno Borges,Borges v Paire,70,2023-12-03 10:36:30.716,1.52,2023-12-03 11:00:00,
1.222043873,9633043,Nuno Borges,Borges v Paire,80,2023-12-03 10:43:24.453,1.5,2023-12-03 11:00:00,
1.222043873,9633043,Nuno Borges,Borges v Paire,90,2023-12-03 10:47:50.329,1.46,2023-12-03 11:00:00,
1.222043873,9633043,Nuno Borges,Borges v Paire,100,2023-12-03 10:54:47.964,1.47,2023-12-03 11:00:00,
1.222044524,26122648,Anastasiya Soboleva,Soboleva v Dartron,0,2023-12-02 19:50:50.615,1.45,2023-12-03 12:00:00,
1.222044524,26122648,Anastasiya Soboleva,Soboleva v Dartron,10,2023-12-03 08:11:36.216,1.84,2023-12-03 12:00:00,
1.222044524,26122648,Anastasiya Soboleva,Soboleva v Dartron,20,2023-12-03 09:53:02.282,1.82,2023-12-03 12:00:00,
1.222044524,26122648,Anastasiya Soboleva,Soboleva v Dartron,30,2023-12-03 11:20:52.514,1.9,2023-12-03 12:00:00,
1.222044524,26122648,Anastasiya Soboleva,Soboleva v Dartron,40,2023-12-03 11:47:48.696,1.88,2023-12-03 12:00:00,
1.222044524,26122648,Anastasiya Soboleva,Soboleva v Dartron,50,2023-12-03 11:53:06.926,1.88,2023-12-03 12:00:00,
1.222044524,26122648,Anastasiya Soboleva,Soboleva v Dartron,60,2023-12-03 11:55:04.174,1.93,2023-12-03 12:00:00,
1.222044524,26122648,Anastasiya Soboleva,Soboleva v Dartron,70,2023-12-03 11:56:04.090,1.87,2023-12-03 12:00:00,
1.222044524,26122648,Anastasiya Soboleva,Soboleva v Dartron,80,2023-12-03 12:09:09.055,1.87,2023-12-03 12:15:00,
1.222044524,26122648,Anastasiya Soboleva,Soboleva v Dartron,90,2023-12-03 12:15:04.209,1.93,2023-12-03 12:25:00,
1.222044524,26122648,Anastasiya Soboleva,Soboleva v Dartron,100,2023-12-03 12:29:04.287,1.99,2023-12-03 12:30:00,
1.222044531,2263610,Aravane Rezai,Barthel v Ara Rezai,0,2023-12-03 10:29:04.685,6.0,2023-12-03 13:30:00,
1.222044531,2263610,Aravane Rezai,Barthel v Ara Rezai,10,2023-12-03 12:30:54.279,6.2,2023-12-03 13:30:00,
1.222044531,2263610,Aravane Rezai,Barthel v Ara Rezai,20,2023-12-03 13:03:10.767,6.6,2023-12-03 13:30:00,
1.222044531,2263610,Aravane Rezai,Barthel v Rezai,30,2023-12-03 13:31:59.540,7.0,2023-12-03 14:00:00,
1.222044531,2263610,Aravane Rezai,Barthel v Rezai,40,2023-12-03 13:39:11.196,7.2,2023-12-03 14:00:00,
1.222044531,2263610,Aravane Rezai,Barthel v Rezai,50,2023-12-03 13:52:00.332,7.2,2023-12-03 14:00:00,
1.222044531,2263610,Aravane Rezai,Barthel v Rezai,60,2023-12-03 13:54:09.323,7.8,2023-12-03 14:00:00,
1.222044531,2263610,Aravane Rezai,Barthel v Rezai,70,2023-12-03 13:58:07.255,7.4,2023-12-03 14:00:00,
1.222044531,2263610,Aravane Rezai,Barthel v Rezai,80,2023-12-03 13:59:06.575,7.2,2023-12-03 14:05:00,
1.222044531,2263610,Aravane Rezai,Barthel v Rezai,90,2023-12-03 14:03:11.024,7.2,2023-12-03 14:05:00,
1.222044531,2263610,Aravane Rezai,Barthel v Rezai,100,2023-12-03 14:04:44.528,7.2,2023-12-03 14:05:00,
1.222044531,5056975,Mona Barthel,Barthel v Ara Rezai,0,2023-12-03 01:08:44.964,1.24,2023-12-03 13:30:00,
1.222044531,5056975,Mona Barthel,Barthel v Ara Rezai,10,2023-12-03 10:35:52.677,1.17,2023-12-03 13:30:00,
1.222044531,5056975,Mona Barthel,Barthel v Ara Rezai,20,2023-12-03 11:49:37.254,1.2,2023-12-03 13:30:00,
1.222044531,5056975,Mona Barthel,Barthel v Ara Rezai,30,2023-12-03 13:01:08.612,1.18,2023-12-03 13:30:00,
1.222044531,5056975,Mona Barthel,Barthel v Ara Rezai,40,2023-12-03 13:03:10.767,1.16,2023-12-03 13:30:00,
1.222044531,5056975,Mona Barthel,Barthel v Rezai,50,2023-12-03 13:31:59.540,1.17,2023-12-03 14:00:00,
1.222044531,5056975,Mona Barthel,Barthel v Rezai,60,2023-12-03 13:36:44.775,1.16,2023-12-03 14:00:00,
1.222044531,5056975,Mona Barthel,Barthel v Rezai,70,2023-12-03 13:52:00.332,1.16,2023-12-03 14:00:00,
1.222044531,5056975,Mona Barthel,Barthel v Rezai,80,2023-12-03 13:55:11.517,1.16,2023-12-03 14:00:00,
1.222044531,5056975,Mona Barthel,Barthel v Rezai,90,2023-12-03 13:58:07.255,1.14,2023-12-03 14:00:00,
1.222044531,5056975,Mona Barthel,Barthel v Rezai,100,2023-12-03 14:04:05.841,1.16,2023-12-03 14:05:00,
1.222044612,7289592,Andreea Mitu,Mitu v Boisson,0,2023-12-02 22:40:45.992,1.87,2023-12-03 09:00:00,
1.222044612,7289592,Andreea Mitu,Mitu v Boisson,10,2023-12-03 06:47:12.706,1.85,2023-12-03 09:00:00,
1.222044612,7289592,Andreea Mitu,Mitu v Boisson,20,2023-12-03 07:26:09.057,1.73,2023-12-03 09:00:00,
1.222044612,7289592,Andreea Mitu,Mitu v Boisson,30,2023-12-03 07:47:04.831,1.77,2023-12-03 09:00:00,
1.222044612,7289592,Andreea Mitu,Mitu v Boisson,40,2023-12-03 08:47:11.990,1.76,2023-12-03 09:00:00,
1.222044612,7289592,Andreea Mitu,Mitu v Boisson,50,2023-12-03 08:57:16.298,1.77,2023-12-03 09:00:00,
1.222044612,7289592,Andreea Mitu,Mitu v Boisson,60,2023-12-03 08:59:15.172,1.81,2023-12-03 09:10:00,
1.222044612,7289592,Andreea Mitu,Mitu v Boisson,70,2023-12-03 09:01:59.360,1.91,2023-12-03 09:10:00,
1.222044612,7289592,Andreea Mitu,Mitu v Boisson,80,2023-12-03 09:05:16.714,1.88,2023-12-03 09:10:00,
1.222044612,7289592,Andreea Mitu,Mitu v Boisson,90,2023-12-03 09:07:11.185,1.87,2023-12-03 09:10:00,
1.222044612,7289592,Andreea Mitu,Mitu v Boisson,100,2023-12-03 09:09:08.488,1.94,2023-12-03 09:10:00,2023-12-03 09:08:16.229
1.222044612,20136611,Lois Boisson,Mitu v Boisson,0,2023-12-03 06:00:47.907,1.99,2023-12-03 09:00:00,
1.222044612,20136611,Lois Boisson,Mitu v Boisson,10,2023-12-03 08:36:44.121,2.2,2023-12-03 09:00:00,
1.222044612,20136611,Lois Boisson,Mitu v Boisson,20,2023-12-03 08:44:05.689,2.3,2023-12-03 09:00:00,
1.222044612,20136611,Lois Boisson,Mitu v Boisson,30,2023-12-03 08:45:04.853,2.2,2023-12-03 09:00:00,
1.222044612,20136611,Lois Boisson,Mitu v Boisson,40,2023-12-03 08:55:10.293,2.28,2023-12-03 09:00:00,
1.222044612,20136611,Lois Boisson,Mitu v Boisson,50,2023-12-03 08:56:14.069,2.22,2023-12-03 09:00:00,
1.222044612,20136611,Lois Boisson,Mitu v Boisson,60,2023-12-03 08:57:16.298,2.2,2023-12-03 09:00:00,
1.222044612,20136611,Lois Boisson,Mitu v Boisson,70,2023-12-03 09:01:59.360,2.1,2023-12-03 09:10:00,
1.222044612,20136611,Lois Boisson,Mitu v Boisson,80,2023-12-03 09:04:15.377,2.16,2023-12-03 09:10:00,
1.222044612,20136611,Lois Boisson,Mitu v Boisson,90,2023-12-03 09:05:16.714,2.1,2023-12-03 09:10:00,
1.222044612,20136611,Lois Boisson,Mitu v Boisson,100,2023-12-03 09:09:08.488,2.06,2023-12-03 09:10:00,2023-12-03 09:08:16.229
1.222049103,9042343,Renata Zarazua,Zarazua v Pigossi,0,2023-12-02 18:56:16.008,1.1,2023-12-02 20:30:00,
1.222049103,9042343,Renata Zarazua,Zarazua v Pigossi,10,2023-12-02 19:32:03.796,1.6,2023-12-02 20:30:00,
1.222049103,9042343,Renata Zarazua,Zarazua v Pigossi,20,2023-12-02 19:42:09.545,1.57,2023-12-02 20:30:00,
1.222049103,9042343,Renata Zarazua,Zarazua v Pigossi,30,2023-12-02 19:44:09.848,1.51,2023-12-02 20:30:00,
1.222049103,9042343,Renata Zarazua,Zarazua v Pigossi,40,2023-12-02 19:52:00.856,1.57,2023-12-02 20:30:00,
1.222049103,9042343,Renata Zarazua,Zarazua v Pigossi,50,2023-12-02 20:15:08.150,1.55,2023-12-02 20:30:00,
1.222049103,9042343,Renata Zarazua,Zarazua v Pigossi,60,2023-12-02 20:21:31.598,1.6,2023-12-02 20:30:00,
1.222049103,9042343,Renata Zarazua,Zarazua v Pigossi,70,2023-12-02 20:27:10.785,1.56,2023-12-02 20:30:00,
1.222049103,9042343,Renata Zarazua,Zarazua v Pigossi,80,2023-12-02 20:44:52.164,1.5,2023-12-02 20:45:00,
1.222049103,9042343,Renata Zarazua,Zarazua v Pigossi,90,2023-12-02 20:56:40.580,1.58,2023-12-02 21:00:00,
1.222049103,9042343,Renata Zarazua,Zarazua v Pigossi,100,2023-12-02 21:04:58.008,1.51,2023-12-02 21:05:00,
1.222049265,11439844,Aleksandar Kovacevic,Klier v Al Kovacevic,0,2023-12-02 21:39:47.490,1.5,2023-12-03 15:00:00,
1.222049265,11439844,Aleksandar Kovacevic,Klier v Al Kovacevic,10,2023-12-03 01:01:18.011,1.62,2023-12-03 15:00:00,
1.222049265,11439844,Aleksandar Kovacevic,Klier v Al Kovacevic,20,2023-12-03 10:35:59.768,1.22,2023-12-03 15:00:00,
1.222049265,11439844,Aleksandar Kovacevic,Klier v Al Kovacevic,30,2023-12-03 11:08:43.186,1.38,2023-12-03 15:00:00,
1.222049265,11439844,Aleksandar Kovacevic,Klier v Al Kovacevic,40,2023-12-03 13:30:35.211,1.38,2023-12-03 15:00:00,
1.222049265,11439844,Aleksandar Kovacevic,Klier v Al Kovacevic,50,2023-12-03 13:49:47.182,1.38,2023-12-03 15:00:00,
1.222049265,11439844,Aleksandar Kovacevic,Klier v Al Kovacevic,60,2023-12-03 14:00:10.021,1.38,2023-12-03 15:00:00,
1.222049265,11439844,Aleksandar Kovacevic,Klier v Al Kovacevic,70,2023-12-03 14:21:39.229,1.36,2023-12-03 15:00:00,
1.222049265,11439844,Aleksandar Kovacevic,Klier v Al Kovacevic,80,2023-12-03 14:33:56.366,1.39,2023-12-03 15:00:00,
1.222049265,11439844,Aleksandar Kovacevic,Klier v Al Kovacevic,90,2023-12-03 14:44:50.043,1.39,2023-12-03 15:00:00,
1.222049265,11439844,Aleksandar Kovacevic,Klier v Al Kovacevic,100,2023-12-03 14:49:50.064,1.39,2023-12-03 15:00:00,
1.222049265,24339657,Gilbert Klier Junior,Klier v Al Kovacevic,0,2023-12-02 21:39:47.490,3.0,2023-12-03 15:00:00,
1.222049265,24339657,Gilbert Klier Junior,Klier v Al Kovacevic,10,2023-12-03 00:53:19.675,3.15,2023-12-03 15:00:00,
1.222049265,24339657,Gilbert Klier Junior,Klier v Al Kovacevic,20,2023-12-03 04:12:17.726,3.15,2023-12-03 15:00:00,
1.222049265,24339657,Gilbert Klier Junior,Klier v Al Kovacevic,30,2023-12-03 11:03:55.141,3.45,2023-12-03 15:00:00,
1.222049265,24339657,Gilbert Klier Junior,Klier v Al Kovacevic,40,2023-12-03 11:25:35.298,3.6,2023-12-03 15:00:00,
1.222049265,24339657,Gilbert Klier Junior,Klier v Al Kovacevic,50,2023-12-03 13:49:47.182,3.6,2023-12-03 15:00:00,
1.222049265,24339657,Gilbert Klier Junior,Klier v Al Kovacevic,60,2023-12-03 13:57:39.635,3.35,2023-12-03 15:00:00,
1.222049265,24339657,Gilbert Klier Junior,Klier v Al Kovacevic,70,2023-12-03 14:15:12.381,3.4,2023-12-03 15:00:00,
1.222049265,24339657,Gilbert Klier Junior,Klier v Al Kovacevic,80,2023-12-03 14:33:56.366,3.45,2023-12-03 15:00:00,
1.222049265,24339657,Gilbert Klier Junior,Klier v Al Kovacevic,90,2023-12-03 14:39:48.570,3.4,2023-12-03 15:00:00,
1.222049265,24339657,Gilbert Klier Junior,Klier v Al Kovacevic,100,2023-12-03 14:51:52.981,3.5,2023-12-03 15:00:00,
1.22204931,2263692,Alize Cornet,Ga Knutson v A. Cornet,0,2023-12-03 20:19:02.672,1.53,2023-12-05 00:00:00,
1.22204931,2263692,Alize Cornet,Ga Knutson v A. Cornet,10,2023-12-05 13:40:43.267,1.55,2023-12-06 00:00:00,
1.22204931,2263692,Alize Cornet,Ga Knutson v A. Cornet,20,2023-12-06 05:20:12.473,1.61,2023-12-06 14:00:00,
1.22204931,2263692,Alize Cornet,Ga Knutson v A. Cornet,30,2023-12-06 11:17:05.602,1.54,2023-12-06 14:00:00,
1.22204931,2263692,Alize Cornet,Ga Knutson v A. Cornet,40,2023-12-06 12:52:11.050,1.5,2023-12-06 14:00:00,
1.22204931,2263692,Alize Cornet,Ga Knutson v A. Cornet,50,2023-12-06 13:55:09.558,1.53,2023-12-06 14:00:00,
1.22204931,2263692,Alize Cornet,Ga Knutson v A. Cornet,60,2023-12-06 14:24:13.024,1.48,2023-12-06 14:45:00,
1.22204931,2263692,Alize Cornet,Ga Knutson v A. Cornet,70,2023-12-06 14:38:55.762,1.45,2023-12-06 14:45:00,
1.22204931,2263692,Alize Cornet,Ga Knutson v A. Cornet,80,2023-12-06 14:56:09.828,1.5,2023-12-06 15:10:00,
1.22204931,2263692,Alize Cornet,Ga Knutson v A. Cornet,90,2023-12-06 15:06:13.001,1.46,2023-12-06 15:10:00,
1.22204931,2263692,Alize Cornet,Ga Knutson v A. Cornet,100,2023-12-06 15:23:11.479,1.46,2023-12-06 15:25:00,
1.22204931,10347151,Gabriela Knutson,Ga Knutson v A. Cornet,0,2023-12-03 07:20:58.541,2.66,2023-12-04 00:00:00,
1.22204931,10347151,Gabriela Knutson,Ga Knutson v A. Cornet,10,2023-12-05 13:42:12.200,2.86,2023-12-06 00:00:00,
1.22204931,10347151,Gabriela Knutson,Ga Knutson v A. Cornet,20,2023-12-05 23:40:11.275,2.76,2023-12-06 14:00:00,
1.22204931,10347151,Gabriela Knutson,Ga Knutson v A. Cornet,30,2023-12-06 10:30:08.617,2.68,2023-12-06 14:00:00,
1.22204931,10347151,Gabriela Knutson,Ga Knutson v A. Cornet,40,2023-12-06 11:31:00.148,2.82,2023-12-06 14:00:00,
1.22204931,10347151,Gabriela Knutson,Ga Knutson v A. Cornet,50,2023-12-06 13:50:38.899,2.94,2023-12-06 14:00:00,
1.22204931,10347151,Gabriela Knutson,Ga Knutson v A. Cornet,60,2023-12-06 14:24:13.024,3.0,2023-12-06 14:45:00,
1.22204931,10347151,Gabriela Knutson,Ga Knutson v A. Cornet,70,2023-12-06 14:41:12.969,3.05,2023-12-06 14:45:00,
1.22204931,10347151,Gabriela Knutson,Ga Knutson v A. Cornet,80,2023-12-06 15:04:12.501,3.3,2023-12-06 15:10:00,
1.22204931,10347151,Gabriela Knutson,Ga Knutson v A. Cornet,90,2023-12-06 15:17:09.530,3.05,2023-12-06 15:25:00,
1.22204931,10347151,Gabriela Knutson,Ga Knutson v A. Cornet,100,2023-12-06 15:24:06.540,3.1,2023-12-06 15:25:00,
1.222049312,9629022,Susan Bandecchi,El Cocciaretto v Bandecchi,0,2023-12-03 19:51:01.419,3.15,2023-12-05 00:00:00,
1.222049312,9629022,Susan Bandecchi,El Cocciaretto v Bandecchi,10,2023-12-04 17:36:05.101,3.1,2023-12-05 09:00:00,
1.222049312,9629022,Susan Bandecchi,El Cocciaretto v Bandecchi,20,2023-12-04 23:25:17.926,2.96,2023-12-05 09:00:00,
1.222049312,9629022,Susan Bandecchi,El Cocciaretto v Bandecchi,30,2023-12-05 00:19:01.251,2.88,2023-12-05 09:00:00,
1.222049312,9629022,Susan Bandecchi,El Cocciaretto v Bandecchi,40,2023-12-05 02:18:18.967,3.3,2023-12-05 09:00:00,
1.222049312,9629022,Susan Bandecchi,El Cocciaretto v Bandecchi,50,2023-12-05 05:20:16.302,3.55,2023-12-05 09:00:00,
1.222049312,9629022,Susan Bandecchi,El Cocciaretto v Bandecchi,60,2023-12-05 06:08:16.936,3.65,2023-12-05 09:00:00,
1.222049312,9629022,Susan Bandecchi,El Cocciaretto v Bandecchi,70,2023-12-05 08:13:19.077,3.8,2023-12-05 09:00:00,
1.222049312,9629022,Susan Bandecchi,El Cocciaretto v Bandecchi,80,2023-12-05 08:34:51.519,3.95,2023-12-05 09:00:00,
1.222049312,9629022,Susan Bandecchi,El Cocciaretto v Bandecchi,90,2023-12-05 08:52:14.936,3.95,2023-12-05 09:10:00,
1.222049312,9629022,Susan Bandecchi,El Cocciaretto v Bandecchi,100,2023-12-05 09:09:19.014,4.4,2023-12-05 09:10:00,2023-12-05 09:08:17.831
1.222049312,18848114,Elisabetta Cocciaretto,El Cocciaretto v Bandecchi,0,2023-12-03 18:19:35.930,1.39,2023-12-05 00:00:00,
1.222049312,18848114,Elisabetta Cocciaretto,El Cocciaretto v Bandecchi,10,2023-12-04 16:31:15.739,1.47,2023-12-05 09:00:00,
1.222049312,18848114,Elisabetta Cocciaretto,El Cocciaretto v Bandecchi,20,2023-12-05 00:19:01.251,1.51,2023-12-05 09:00:00,
1.222049312,18848114,Elisabetta Cocciaretto,El Cocciaretto v Bandecchi,30,2023-12-05 02:52:58.689,1.43,2023-12-05 09:00:00,
1.222049312,18848114,Elisabetta Cocciaretto,El Cocciaretto v Bandecchi,40,2023-12-05 04:38:17.234,1.43,2023-12-05 09:00:00,
1.222049312,18848114,Elisabetta Cocciaretto,El Cocciaretto v Bandecchi,50,2023-12-05 05:16:03.590,1.41,2023-12-05 09:00:00,
1.222049312,18848114,Elisabetta Cocciaretto,El Cocciaretto v Bandecchi,60,2023-12-05 07:17:15.986,1.38,2023-12-05 09:00:00,
1.222049312,18848114,Elisabetta Cocciaretto,El Cocciaretto v Bandecchi,70,2023-12-05 08:07:01.140,1.34,2023-12-05 09:00:00,
1.222049312,18848114,Elisabetta Cocciaretto,El Cocciaretto v Bandecchi,80,2023-12-05 08:29:15.411,1.35,2023-12-05 09:00:00,
1.222049312,18848114,Elisabetta Cocciaretto,El Cocciaretto v Bandecchi,90,2023-12-05 08:50:10.915,1.33,2023-12-05 09:10:00,
1.222049312,18848114,Elisabetta Cocciaretto,El Cocciaretto v Bandecchi,100,2023-12-05 09:09:19.014,1.23,2023-12-05 09:10:00,2023-12-05 09:08:17.831
1.222049313,2250864,Kaia Kanepi,K Kanepi v Paquet,0,2023-12-03 04:39:07.766,1.52,2023-12-04 00:00:00,
1.222049313,2250864,Kaia Kanepi,K Kanepi v Paquet,10,2023-12-04 12:43:17.936,1.64,2023-12-05 00:00:00,
1.222049313,2250864,Kaia Kanepi,K Kanepi v Paquet,20,2023-12-04 13:13:17.850,1.6,2023-12-05 00:00:00,
1.222049313,2250864,Kaia Kanepi,K Kanepi v Paquet,30,2023-12-04 13:38:12.958,1.42,2023-12-05 00:00:00,
1.222049313,2250864,Kaia Kanepi,K Kanepi v Paquet,40,2023-12-04 14:14:09.422,1.86,2023-12-05 00:00:00,
1.222049313,2250864,Kaia Kanepi,K Kanepi v Paquet,50,2023-12-04 14:39:17.078,1.71,2023-12-05 00:00:00,
1.222049313,2250864,Kaia Kanepi,K Kanepi v Paquet,60,2023-12-04 15:34:14.658,1.83,2023-12-05 00:00:00,
1.222049313,2250864,Kaia Kanepi,K Kanepi v Paquet,70,2023-12-04 18:08:19.121,1.74,2023-12-05 18:30:00,
1.222049313,2250864,Kaia Kanepi,K Kanepi v Paquet,80,2023-12-05 11:15:57.922,1.65,2023-12-05 18:30:00,
1.222049313,2250864,Kaia Kanepi,K Kanepi v Paquet,90,2023-12-05 16:25:56.002,1.64,2023-12-05 18:30:00,
1.222049313,2250864,Kaia Kanepi,K Kanepi v Paquet,100,2023-12-05 19:44:17.826,1.59,2023-12-05 19:45:00,
1.222049313,7216239,Chloe Paquet,K Kanepi v Paquet,0,2023-12-03 08:40:04.603,2.66,2023-12-04 00:00:00,
1.222049313,7216239,Chloe Paquet,K Kanepi v Paquet,10,2023-12-04 12:40:08.207,2.58,2023-12-05 00:00:00,
1.222049313,7216239,Chloe Paquet,K Kanepi v Paquet,20,2023-12-04 13:11:18.303,2.98,2023-12-05 00:00:00,
1.222049313,7216239,Chloe Paquet,K Kanepi v Paquet,30,2023-12-04 13:33:18.061,2.32,2023-12-05 00:00:00,
1.222049313,7216239,Chloe Paquet,K Kanepi v Paquet,40,2023-12-04 13:54:08.953,2.5,2023-12-05 00:00:00,
1.222049313,7216239,Chloe Paquet,K Kanepi v Paquet,50,2023-12-04 14:27:16.597,2.28,2023-12-05 00:00:00,
1.222049313,7216239,Chloe Paquet,K Kanepi v Paquet,60,2023-12-04 14:50:17.775,2.24,2023-12-05 00:00:00,
1.222049313,7216239,Chloe Paquet,K Kanepi v Paquet,70,2023-12-04 18:00:14.937,2.46,2023-12-05 18:30:00,
1.222049313,7216239,Chloe Paquet,K Kanepi v Paquet,80,2023-12-05 02:40:05.300,2.38,2023-12-05 18:30:00,
1.222049313,7216239,Chloe Paquet,K Kanepi v Paquet,90,2023-12-05 17:00:58.361,2.6,2023-12-05 18:30:00,
1.222049313,7216239,Chloe Paquet,K Kanepi v Paquet,100,2023-12-05 19:40:09.014,2.56,2023-12-05 19:45:00,
1.222050682,7289620,Amandine Hesse,Jes Ponchet v Hesse,0,2023-12-04 23:50:09.787,3.25,2023-12-05 10:30:00,
1.222050682,7289620,Amandine Hesse,Jes Ponchet v Hesse,10,2023-12-05 09:29:12.840,3.35,2023-12-05 10:30:00,
1.222050682,7289620,Amandine Hesse,Jes Ponchet v Hesse,20,2023-12-05 09:39:08.230,3.65,2023-12-05 10:30:00,
1.222050682,7289620,Amandine Hesse,Jes Ponchet v Hesse,30,2023-12-05 09:45:12.545,3.9,2023-12-05 10:30:00,
1.222050682,7289620,Amandine Hesse,Jes Ponchet v Hesse,40,2023-12-05 10:21:03.078,3.8,2023-12-05 10:30:00,
1.222050682,7289620,Amandine Hesse,Jes Ponchet v Hesse,50,2023-12-05 10:31:03.073,3.9,2023-12-05 10:50:00,
1.222050682,7289620,Amandine Hesse,Jes Ponchet v Hesse,60,2023-12-05 10:34:12.954,3.65,2023-12-05 10:50:00,
1.222050682,7289620,Amandine Hesse,Jes Ponchet v Hesse,70,2023-12-05 10:42:11.000,3.85,2023-12-05 10:50:00,
1.222050682,7289620,Amandine Hesse,Jes Ponchet v Hesse,80,2023-12-05 10:48:11.753,4.0,2023-12-05 10:50:00,
1.222050682,7289620,Amandine Hesse,Jes Ponchet v Hesse,90,2023-12-05 11:01:12.919,4.2,2023-12-05 11:10:00,
1.222050682,7289620,Amandine Hesse,Jes Ponchet v Hesse,100,2023-12-05 11:14:12.599,4.5,2023-12-05 11:15:00,2023-12-05 11:14:12.599
1.222050682,9628769,Jessika Ponchet,Jes Ponchet v Hesse,0,2023-12-04 00:23:12.692,1.52,2023-12-05 00:00:00,
1.222050682,9628769,Jessika Ponchet,Jes Ponchet v Hesse,10,2023-12-05 03:53:27.124,1.47,2023-12-05 10:30:00,
1.222050682,9628769,Jessika Ponchet,Jes Ponchet v Hesse,20,2023-12-05 08:13:13.058,1.42,2023-12-05 10:30:00,
1.222050682,9628769,Jessika Ponchet,Jes Ponchet v Hesse,30,2023-12-05 09:39:08.230,1.38,2023-12-05 10:30:00,
1.222050682,9628769,Jessika Ponchet,Jes Ponchet v Hesse,40,2023-12-05 09:46:51.171,1.35,2023-12-05 10:30:00,
1.222050682,9628769,Jessika Ponchet,Jes Ponchet v Hesse,50,2023-12-05 10:29:12.027,1.36,2023-12-05 10:50:00,
1.222050682,9628769,Jessika Ponchet,Jes Ponchet v Hesse,60,2023-12-05 10:36:12.405,1.37,2023-12-05 10:50:00,
1.222050682,9628769,Jessika Ponchet,Jes Ponchet v Hesse,70,2023-12-05 10:48:11.753,1.33,2023-12-05 10:50:00,
1.222050682,9628769,Jessika Ponchet,Jes Ponchet v Hesse,80,2023-12-05 10:59:12.889,1.31,2023-12-05 11:10:00,
1.222050682,9628769,Jessika Ponchet,Jes Ponchet v Hesse,90,2023-12-05 11:04:12.889,1.32,2023-12-05 11:10:00,
1.222050682,9628769,Jessika Ponchet,Jes Ponchet v Hesse,100,2023-12-05 11:14:12.599,1.29,2023-12-05 11:15:00,2023-12-05 11:14:12.599
1.222050684,9629258,Cristina Bucsa,Bucsa v Ali Robbe,0,2023-12-03 15:18:49.102,1.24,2023-12-04 00:00:00,
1.222050684,9629258,Cristina Bucsa,Bucsa v Ali Robbe,10,2023-12-03 19:39:58.422,1.27,2023-12-04 18:30:00,
1.222050684,9629258,Cristina Bucsa,Bucsa v Ali Robbe,20,2023-12-03 22:11:01.331,1.27,2023-12-04 18:30:00,
1.222050684,9629258,Cristina Bucsa,Bucsa v Ali Robbe,30,2023-12-04 09:32:08.572,1.28,2023-12-04 18:30:00,
1.222050684,9629258,Cristina Bucsa,Bucsa v Ali Robbe,40,2023-12-04 13:14:53.727,1.29,2023-12-04 18:30:00,
1.222050684,9629258,Cristina Bucsa,Bucsa v Ali Robbe,50,2023-12-04 17:21:16.387,1.25,2023-12-04 18:30:00,
1.222050684,9629258,Cristina Bucsa,Bucsa v Ali Robbe,60,2023-12-04 18:02:16.536,1.27,2023-12-04 18:30:00,
1.222050684,9629258,Cristina Bucsa,Bucsa v Ali Robbe,70,2023-12-04 18:40:07.978,1.26,2023-12-04 18:45:00,
1.222050684,9629258,Cristina Bucsa,Bucsa v Ali Robbe,80,2023-12-04 18:54:08.610,1.25,2023-12-04 19:00:00,
1.222050684,9629258,Cristina Bucsa,Bucsa v Ali Robbe,90,2023-12-04 19:23:17.086,1.3,2023-12-04 19:25:00,
1.222050684,9629258,Cristina Bucsa,Bucsa v Ali Robbe,100,2023-12-04 19:34:17.056,1.25,2023-12-04 19:35:00,2023-12-04 19:34:17.056
1.222050684,10349163,Alice Robbe,Bucsa v Ali Robbe,0,2023-12-03 17:01:47.533,4.7,2023-12-04 18:30:00,
1.222050684,10349163,Alice Robbe,Bucsa v Ali Robbe,10,2023-12-03 20:40:16.800,5.0,2023-12-04 18:30:00,
1.222050684,10349163,Alice Robbe,Bucsa v Ali Robbe,20,2023-12-03 22:04:16.436,5.0,2023-12-04 18:30:00,
1.222050684,10349163,Alice Robbe,Bucsa v Ali Robbe,30,2023-12-04 09:42:45.632,4.8,2023-12-04 18:30:00,
1.222050684,10349163,Alice Robbe,Bucsa v Ali Robbe,40,2023-12-04 17:21:16.387,5.0,2023-12-04 18:30:00,
1.222050684,10349163,Alice Robbe,Bucsa v Ali Robbe,50,2023-12-04 17:35:14.555,5.0,2023-12-04 18:30:00,
1.222050684,10349163,Alice Robbe,Bucsa v Ali Robbe,60,2023-12-04 18:02:16.536,4.8,2023-12-04 18:30:00,
1.222050684,10349163,Alice Robbe,Bucsa v Ali Robbe,70,2023-12-04 18:25:08.348,4.8,2023-12-04 18:30:00,
1.222050684,10349163,Alice Robbe,Bucsa v Ali Robbe,80,2023-12-04 18:57:06.077,4.9,2023-12-04 19:00:00,
1.222050684,10349163,Alice Robbe,Bucsa v Ali Robbe,90,2023-12-04 19:24:14.739,4.3,2023-12-04 19:30:00,
1.222050684,10349163,Alice Robbe,Bucsa v Ali Robbe,100,2023-12-04 19:34:17.056,4.5,2023-12-04 19:35:00,2023-12-04 19:34:17.056
1.222050866,8959808,Harmony Tan,H Tan v Boskovic,0,2023-12-03 11:59:53.777,1.74,2023-12-04 00:00:00,
1.222050866,8959808,Harmony Tan,H Tan v Boskovic,10,2023-12-03 21:08:47.817,1.76,2023-12-04 17:00:00,
1.222050866,8959808,Harmony Tan,H Tan v Boskovic,20,2023-12-04 10:13:20.733,1.81,2023-12-04 17:00:00,
1.222050866,8959808,Harmony Tan,H Tan v Boskovic,30,2023-12-04 15:44:51.946,1.8,2023-12-04 17:00:00,
1.222050866,8959808,Harmony Tan,H Tan v Boskovic,40,2023-12-04 16:07:37.819,1.76,2023-12-04 17:00:00,
1.222050866,8959808,Harmony Tan,H Tan v Boskovic,50,2023-12-04 16:34:22.536,1.75,2023-12-04 17:00:00,
1.222050866,8959808,Harmony Tan,H Tan v Boskovic,60,2023-12-04 16:41:24.811,1.75,2023-12-04 17:00:00,
1.222050866,8959808,Harmony Tan,H Tan v Boskovic,70,2023-12-04 16:51:24.068,1.9,2023-12-04 17:00:00,
1.222050866,8959808,Harmony Tan,H Tan v Boskovic,80,2023-12-04 16:56:22.288,1.95,2023-12-04 17:00:00,
1.222050866,8959808,Harmony Tan,H Tan v Boskovic,90,2023-12-04 17:04:24.049,1.97,2023-12-04 17:10:00,
1.222050866,8959808,Harmony Tan,H Tan v Boskovic,100,2023-12-04 17:09:24.023,1.93,2023-12-04 17:10:00,
1.222050866,9635142,Lea Boskovic,H Tan v Boskovic,0,2023-12-03 11:22:12.094,2.16,2023-12-04 00:00:00,
1.222050866,9635142,Lea Boskovic,H Tan v Boskovic,10,2023-12-03 14:47:21.034,2.2,2023-12-04 00:00:00,
1.222050866,9635142,Lea Boskovic,H Tan v Boskovic,20,2023-12-04 07:26:15.312,2.32,2023-12-04 17:00:00,
1.222050866,9635142,Lea Boskovic,H Tan v Boskovic,30,2023-12-04 10:13:20.733,2.24,2023-12-04 17:00:00,
1.222050866,9635142,Lea Boskovic,H Tan v Boskovic,40,2023-12-04 14:32:10.960,2.26,2023-12-04 17:00:00,
1.222050866,9635142,Lea Boskovic,H Tan v Boskovic,50,2023-12-04 16:14:20.749,2.32,2023-12-04 17:00:00,
1.222050866,9635142,Lea Boskovic,H Tan v Boskovic,60,2023-12-04 16:45:24.078,2.16,2023-12-04 17:00:00,
1.222050866,9635142,Lea Boskovic,H Tan v Boskovic,70,2023-12-04 16:48:24.097,2.06,2023-12-04 17:00:00,
1.222050866,9635142,Lea Boskovic,H Tan v Boskovic,80,2023-12-04 16:53:23.977,2.06,2023-12-04 17:00:00,
1.222050866,9635142,Lea Boskovic,H Tan v Boskovic,90,2023-12-04 16:59:21.909,2.1,2023-12-04 17:00:00,
1.222050866,9635142,Lea Boskovic,H Tan v Boskovic,100,2023-12-04 17:09:24.023,2.08,2023-12-04 17:10:00,
1.222051212,11942064,Mccartney Kessler,Mccar Kessler v C Tauson,0,2023-12-03 21:29:30.258,4.3,2023-12-04 09:00:00,
1.222051212,11942064,Mccartney Kessler,Mccar Kessler v C Tauson,10,2023-12-04 05:02:02.241,5.3,2023-12-04 09:00:00,
1.222051212,11942064,Mccartney Kessler,Mccar Kessler v C Tauson,20,2023-12-04 05:29:12.422,5.4,2023-12-04 09:00:00,
1.222051212,11942064,Mccartney Kessler,Mccar Kessler v C Tauson,30,2023-12-04 06:03:10.720,5.7,2023-12-04 09:00:00,
1.222051212,11942064,Mccartney Kessler,Mccar Kessler v C Tauson,40,2023-12-04 07:28:05.573,5.7,2023-12-04 09:00:00,
1.222051212,11942064,Mccartney Kessler,Mccar Kessler v C Tauson,50,2023-12-04 07:36:07.564,5.7,2023-12-04 09:00:00,
1.222051212,11942064,Mccartney Kessler,Mccar Kessler v C Tauson,60,2023-12-04 08:12:11.392,6.0,2023-12-04 09:00:00,
1.222051212,11942064,Mccartney Kessler,Mccar Kessler v C Tauson,70,2023-12-04 08:36:05.477,6.0,2023-12-04 09:00:00,
1.222051212,11942064,Mccartney Kessler,Mccar Kessler v C Tauson,80,2023-12-04 08:54:12.941,5.9,2023-12-04 09:00:00,
1.222051212,11942064,Mccartney Kessler,Mccar Kessler v C Tauson,90,2023-12-04 09:03:12.406,6.2,2023-12-04 09:10:00,
1.222051212,11942064,Mccartney Kessler,Mccar Kessler v C Tauson,100,2023-12-04 09:09:12.413,5.5,2023-12-04 09:10:00,2023-12-04 09:09:12.413
1.222051212,18848679,Clara Tauson,Mccar Kessler v C Tauson,0,2023-12-03 20:41:14.772,1.25,2023-12-04 09:00:00,
1.222051212,18848679,Clara Tauson,Mccar Kessler v C Tauson,10,2023-12-04 00:50:06.693,1.25,2023-12-04 09:00:00,
1.222051212,18848679,Clara Tauson,Mccar Kessler v C Tauson,20,2023-12-04 03:02:41.068,1.26,2023-12-04 09:00:00,
1.222051212,18848679,Clara Tauson,Mccar Kessler v C Tauson,30,2023-12-04 05:55:12.863,1.2,2023-12-04 09:00:00,
1.222051212,18848679,Clara Tauson,Mccar Kessler v C Tauson,40,2023-12-04 06:25:04.478,1.21,2023-12-04 09:00:00,
1.222051212,18848679,Clara Tauson,Mccar Kessler v C Tauson,50,2023-12-04 07:38:07.537,1.2,2023-12-04 09:00:00,
1.222051212,18848679,Clara Tauson,Mccar Kessler v C Tauson,60,2023-12-04 07:54:09.460,1.19,2023-12-04 09:00:00,
1.222051212,18848679,Clara Tauson,Mccar Kessler v C Tauson,70,2023-12-04 08:36:05.477,1.2,2023-12-04 09:00:00,
1.222051212,18848679,Clara Tauson,Mccar Kessler v C Tauson,80,2023-12-04 08:56:07.724,1.21,2023-12-04 09:00:00,
1.222051212,18848679,Clara Tauson,Mccar Kessler v C Tauson,90,2023-12-04 09:04:08.022,1.2,2023-12-04 09:10:00,
1.222051212,18848679,Clara Tauson,Mccar Kessler v C Tauson,100,2023-12-04 09:09:12.413,1.23,2023-12-04 09:10:00,2023-12-04 09:09:12.413
1.222051214,9364864,Nuria Parrizas Diaz,Parrizas Diaz v Er Andreeva,0,2023-12-03 12:36:07.875,2.8,2023-12-04 00:00:00,
1.222051214,9364864,Nuria Parrizas Diaz,Parrizas Diaz v Er Andreeva,10,2023-12-06 03:32:55.923,3.1,2023-12-06 09:00:00,
1.222051214,9364864,Nuria Parrizas Diaz,Parrizas Diaz v Er Andreeva,20,2023-12-06 04:17:16.935,2.64,2023-12-06 09:00:00,
1.222051214,9364864,Nuria Parrizas Diaz,Parrizas Diaz v Er Andreeva,30,2023-12-06 05:49:02.890,2.64,2023-12-06 09:00:00,
1.222051214,9364864,Nuria Parrizas Diaz,Parrizas Diaz v Er Andreeva,40,2023-12-06 07:17:16.995,2.72,2023-12-06 09:00:00,
1.222051214,9364864,Nuria Parrizas Diaz,Parrizas Diaz v Er Andreeva,50,2023-12-06 07:44:10.040,2.72,2023-12-06 09:00:00,
1.222051214,9364864,Nuria Parrizas Diaz,Parrizas Diaz v Er Andreeva,60,2023-12-06 08:08:04.946,2.7,2023-12-06 09:00:00,
1.222051214,9364864,Nuria Parrizas Diaz,Parrizas Diaz v Er Andreeva,70,2023-12-06 08:35:13.860,2.76,2023-12-06 09:00:00,
1.222051214,9364864,Nuria Parrizas Diaz,Parrizas Diaz v Er Andreeva,80,2023-12-06 08:53:13.096,2.78,2023-12-06 09:00:00,
1.222051214,9364864,Nuria Parrizas Diaz,Parrizas Diaz v Er Andreeva,90,2023-12-06 08:58:17.028,2.76,2023-12-06 09:00:00,
1.222051214,9364864,Nuria Parrizas Diaz,Parrizas Diaz v Er Andreeva,100,2023-12-06 09:09:16.529,2.7,2023-12-06 09:10:00,
1.222051214,27187697,Erika Andreeva,Parrizas Diaz v Er Andreeva,0,2023-12-03 03:28:12.377,1.66,2023-12-04 00:00:00,
1.222051214,27187697,Erika Andreeva,Parrizas Diaz v Er Andreeva,10,2023-12-04 11:19:14.641,1.56,2023-12-05 00:00:00,
1.222051214,27187697,Erika Andreeva,Parrizas Diaz v Er Andreeva,20,2023-12-05 22:48:09.225,1.5,2023-12-06 09:00:00,
1.222051214,27187697,Erika Andreeva,Parrizas Diaz v Er Andreeva,30,2023-12-06 04:16:15.254,1.6,2023-12-06 09:00:00,
1.222051214,27187697,Erika Andreeva,Parrizas Diaz v Er Andreeva,40,2023-12-06 06:03:37.634,1.58,2023-12-06 09:00:00,
1.222051214,27187697,Erika Andreeva,Parrizas Diaz v Er Andreeva,50,2023-12-06 07:41:13.064,1.58,2023-12-06 09:00:00,
1.222051214,27187697,Erika Andreeva,Parrizas Diaz v Er Andreeva,60,2023-12-06 07:54:02.589,1.56,2023-12-06 09:00:00,
1.222051214,27187697,Erika Andreeva,Parrizas Diaz v Er Andreeva,70,2023-12-06 08:23:15.550,1.57,2023-12-06 09:00:00,
1.222051214,27187697,Erika Andreeva,Parrizas Diaz v Er Andreeva,80,2023-12-06 08:43:15.068,1.56,2023-12-06 09:00:00,
1.222051214,27187697,Erika Andreeva,Parrizas Diaz v Er Andreeva,90,2023-12-06 08:57:11.089,1.58,2023-12-06 09:00:00,
1.222051214,27187697,Erika Andreeva,Parrizas Diaz v Er Andreeva,100,2023-12-06 09:09:16.529,1.58,2023-12-06 09:10:00,
1.222051217,9634670,Dayana Yastremska,D Yastremska v Tiph Lemaitre,0,2023-12-04 21:53:10.709,1.13,2023-12-05 13:30:00,
1.222051217,9634670,Dayana Yastremska,D Yastremska v Tiph Lemaitre,10,2023-12-05 05:05:51.556,1.1,2023-12-05 13:30:00,
1.222051217,9634670,Dayana Yastremska,D Yastremska v Tiph Lemaitre,20,2023-12-05 06:44:12.584,1.07,2023-12-05 13:30:00,
1.222051217,9634670,Dayana Yastremska,D Yastremska v Tiph Lemaitre,30,2023-12-05 10:46:33.261,1.11,2023-12-05 13:30:00,
1.222051217,9634670,Dayana Yastremska,D Yastremska v Tiph Lemaitre,40,2023-12-05 12:05:52.216,1.09,2023-12-05 13:30:00,
1.222051217,9634670,Dayana Yastremska,D Yastremska v Tiph Lemaitre,50,2023-12-05 13:20:03.101,1.09,2023-12-05 13:30:00,
1.222051217,9634670,Dayana Yastremska,D Yastremska v Tiph Lemaitre,60,2023-12-05 14:25:15.397,1.1,2023-12-05 14:45:00,
1.222051217,9634670,Dayana Yastremska,D Yastremska v Tiph Lemaitre,70,2023-12-05 14:49:11.504,1.09,2023-12-05 15:15:00,
1.222051217,9634670,Dayana Yastremska,D Yastremska v Tiph Lemaitre,80,2023-12-05 15:03:17.919,1.1,2023-12-05 15:15:00,
1.222051217,9634670,Dayana Yastremska,D Yastremska v Tiph Lemaitre,90,2023-12-05 15:24:14.020,1.12,2023-12-05 15:35:00,
1.222051217,9634670,Dayana Yastremska,D Yastremska v Tiph Lemaitre,100,2023-12-05 15:34:05.428,1.1,2023-12-05 15:35:00,
1.222051217,61464615,Tiphanie Lemaitre,D Yastremska v Tiph Lemaitre,0,2023-12-05 03:56:31.675,4.3,2023-12-05 13:30:00,
1.222051217,61464615,Tiphanie Lemaitre,D Yastremska v Tiph Lemaitre,10,2023-12-05 06:22:56.526,13.5,2023-12-05 13:30:00,
1.222051217,61464615,Tiphanie Lemaitre,D Yastremska v Tiph Lemaitre,20,2023-12-05 09:05:01.294,11.0,2023-12-05 13:30:00,
1.222051217,61464615,Tiphanie Lemaitre,D Yastremska v Tiph Lemaitre,30,2023-12-05 13:01:56.307,10.0,2023-12-05 13:30:00,
1.222051217,61464615,Tiphanie Lemaitre,D Yastremska v Tiph Lemaitre,40,2023-12-05 13:20:03.101,12.0,2023-12-05 13:30:00,
1.222051217,61464615,Tiphanie Lemaitre,D Yastremska v Tiph Lemaitre,50,2023-12-05 14:18:16.197,11.0,2023-12-05 14:20:00,
1.222051217,61464615,Tiphanie Lemaitre,D Yastremska v Tiph Lemaitre,60,2023-12-05 15:20:17.490,10.0,2023-12-05 15:25:00,
1.222051217,61464615,Tiphanie Lemaitre,D Yastremska v Tiph Lemaitre,70,2023-12-05 15:21:17.963,11.0,2023-12-05 15:25:00,
1.222051217,61464615,Tiphanie Lemaitre,D Yastremska v Tiph Lemaitre,80,2023-12-05 15:27:15.725,9.2,2023-12-05 15:35:00,
1.222051217,61464615,Tiphanie Lemaitre,D Yastremska v Tiph Lemaitre,90,2023-12-05 15:32:17.766,11.0,2023-12-05 15:35:00,
1.222051217,61464615,Tiphanie Lemaitre,D Yastremska v Tiph Lemaitre,100,2023-12-05 15:34:05.428,11.0,2023-12-05 15:35:00,
1.222051479,10879478,Manon Leonard,Serban v M Leonard,0,2023-12-03 21:25:09.963,2.3,2023-12-04 13:30:00,
1.222051479,10879478,Manon Leonard,Serban v M Leonard,10,2023-12-03 22:35:00.275,2.12,2023-12-04 13:30:00,
1.222051479,10879478,Manon Leonard,Serban v M Leonard,20,2023-12-04 11:06:17.803,2.08,2023-12-04 13:30:00,
1.222051479,10879478,Manon Leonard,Serban v M Leonard,30,2023-12-04 13:04:23.339,2.18,2023-12-04 13:30:00,
1.222051479,10879478,Manon Leonard,Serban v M Leonard,40,2023-12-04 13:15:23.375,2.18,2023-12-04 13:30:00,
1.222051479,10879478,Manon Leonard,Serban v M Leonard,50,2023-12-04 14:09:23.439,2.08,2023-12-04 14:30:00,
1.222051479,10879478,Manon Leonard,Serban v M Leonard,60,2023-12-04 14:23:10.820,2.1,2023-12-04 14:30:00,
1.222051479,10879478,Manon Leonard,Serban v M Leonard,70,2023-12-04 14:38:28.235,2.18,2023-12-04 14:45:00,
1.222051479,10879478,Manon Leonard,Serban v M Leonard,80,2023-12-04 15:14:27.440,2.08,2023-12-04 15:20:00,
1.222051479,10879478,Manon Leonard,Serban v M Leonard,90,2023-12-04 15:36:29.690,2.1,2023-12-04 15:50:00,
1.222051479,10879478,Manon Leonard,Serban v M Leonard,100,2023-12-04 15:44:25.653,2.06,2023-12-04 15:45:00,
1.222051479,21914316,Raluka Serban,Serban v M Leonard,0,2023-12-03 21:23:18.195,1.75,2023-12-04 13:30:00,
1.222051479,21914316,Raluka Serban,Serban v M Leonard,10,2023-12-03 22:40:09.807,1.84,2023-12-04 13:30:00,
1.222051479,21914316,Raluka Serban,Serban v M Leonard,20,2023-12-04 06:21:29.884,1.85,2023-12-04 13:30:00,
1.222051479,21914316,Raluka Serban,Serban v M Leonard,30,2023-12-04 11:06:17.803,1.9,2023-12-04 13:30:00,
1.222051479,21914316,Raluka Serban,Serban v M Leonard,40,2023-12-04 12:18:08.427,1.85,2023-12-04 13:30:00,
1.222051479,21914316,Raluka Serban,Serban v M Leonard,50,2023-12-04 13:07:23.657,1.82,2023-12-04 13:30:00,
1.222051479,21914316,Raluka Serban,Serban v M Leonard,60,2023-12-04 13:39:08.376,1.86,2023-12-04 14:15:00,
1.222051479,21914316,Raluka Serban,Serban v M Leonard,70,2023-12-04 14:14:28.866,1.89,2023-12-04 14:30:00,
1.222051479,21914316,Raluka Serban,Serban v M Leonard,80,2023-12-04 14:38:28.235,1.86,2023-12-04 14:45:00,
1.222051479,21914316,Raluka Serban,Serban v M Leonard,90,2023-12-04 15:22:52.619,1.98,2023-12-04 15:25:00,
1.222051479,21914316,Raluka Serban,Serban v M Leonard,100,2023-12-04 15:44:25.653,1.93,2023-12-04 15:45:00,
1.222051487,7289631,Oceane Dodin,Albie v O Dodin,0,2023-12-03 18:36:14.344,1.19,2023-12-05 00:00:00,
1.222051487,7289631,Oceane Dodin,Albie v O Dodin,10,2023-12-05 05:20:21.945,1.25,2023-12-05 12:00:00,
1.222051487,7289631,Oceane Dodin,Albie v O Dodin,20,2023-12-05 09:52:57.964,1.21,2023-12-05 12:00:00,
1.222051487,7289631,Oceane Dodin,Albie v O Dodin,30,2023-12-05 11:12:05.552,1.19,2023-12-05 12:00:00,
1.222051487,7289631,Oceane Dodin,Albie v O Dodin,40,2023-12-05 12:01:06.536,1.17,2023-12-05 12:20:00,
1.222051487,7289631,Oceane Dodin,Albie v O Dodin,50,2023-12-05 12:24:21.715,1.16,2023-12-05 12:40:00,
1.222051487,7289631,Oceane Dodin,Albie v O Dodin,60,2023-12-05 12:52:21.787,1.16,2023-12-05 13:00:00,
1.222051487,7289631,Oceane Dodin,Albie v O Dodin,70,2023-12-05 13:09:21.904,1.18,2023-12-05 13:30:00,
1.222051487,7289631,Oceane Dodin,Albie v O Dodin,80,2023-12-05 13:18:17.904,1.21,2023-12-05 13:30:00,
1.222051487,7289631,Oceane Dodin,Albie v O Dodin,90,2023-12-05 13:25:20.408,1.2,2023-12-05 13:30:00,
1.222051487,7289631,Oceane Dodin,Albie v O Dodin,100,2023-12-05 13:58:21.571,1.22,2023-12-05 14:00:00,2023-12-05 13:58:21.571
1.222051487,8948984,Audrey Albie,Albie v O Dodin,0,2023-12-03 19:44:16.711,5.3,2023-12-05 00:00:00,
1.222051487,8948984,Audrey Albie,Albie v O Dodin,10,2023-12-05 03:48:13.441,5.1,2023-12-05 12:00:00,
1.222051487,8948984,Audrey Albie,Albie v O Dodin,20,2023-12-05 05:20:21.945,5.0,2023-12-05 12:00:00,
1.222051487,8948984,Audrey Albie,Albie v O Dodin,30,2023-12-05 10:53:50.037,5.8,2023-12-05 12:00:00,
1.222051487,8948984,Audrey Albie,Albie v O Dodin,40,2023-12-05 12:02:21.622,6.8,2023-12-05 12:20:00,
1.222051487,8948984,Audrey Albie,Albie v O Dodin,50,2023-12-05 12:55:21.738,7.6,2023-12-05 13:00:00,
1.222051487,8948984,Audrey Albie,Albie v O Dodin,60,2023-12-05 13:09:21.904,6.8,2023-12-05 13:30:00,
1.222051487,8948984,Audrey Albie,Albie v O Dodin,70,2023-12-05 13:18:17.904,5.5,2023-12-05 13:30:00,
1.222051487,8948984,Audrey Albie,Albie v O Dodin,80,2023-12-05 13:25:20.408,6.0,2023-12-05 13:30:00,
1.222051487,8948984,Audrey Albie,Albie v O Dodin,90,2023-12-05 13:53:21.756,5.9,2023-12-05 14:00:00,
1.222051487,8948984,Audrey Albie,Albie v O Dodin,100,2023-12-05 13:59:21.920,5.5,2023-12-05 14:00:00,2023-12-05 13:58:21.571
1.222051916,10351066,Clara Burel,Els Jacquemot v Burel,0,2023-12-03 20:34:08.535,1.79,2023-12-05 00:00:00,
1.222051916,10351066,Clara Burel,Els Jacquemot v Burel,10,2023-12-04 18:36:05.568,1.76,2023-12-05 17:00:00,
1.222051916,10351066,Clara Burel,Els Jacquemot v Burel,20,2023-12-05 00:15:36.684,1.74,2023-12-05 17:00:00,
1.222051916,10351066,Clara Burel,Els Jacquemot v Burel,30,2023-12-05 08:24:10.258,1.73,2023-12-05 17:00:00,
1.222051916,10351066,Clara Burel,Els Jacquemot v Burel,40,2023-12-05 09:45:03.897,1.69,2023-12-05 17:00:00,
1.222051916,10351066,Clara Burel,Els Jacquemot v Burel,50,2023-12-05 11:31:05.459,1.68,2023-12-05 17:00:00,
1.222051916,10351066,Clara Burel,Els Jacquemot v Burel,60,2023-12-05 14:05:51.142,1.64,2023-12-05 17:00:00,
1.222051916,10351066,Clara Burel,Els Jacquemot v Burel,70,2023-12-05 14:45:11.220,1.64,2023-12-05 17:00:00,
1.222051916,10351066,Clara Burel,Els Jacquemot v Burel,80,2023-12-05 15:44:12.481,1.6,2023-12-05 17:00:00,
1.222051916,10351066,Clara Burel,Els Jacquemot v Burel,90,2023-12-05 16:50:11.494,1.59,2023-12-05 17:00:00,
1.222051916,10351066,Clara Burel,Els Jacquemot v Burel,100,2023-12-05 17:27:43.960,1.55,2023-12-05 17:30:00,
1.222051916,18848406,Elsa Jacquemot,Els Jacquemot v Burel,0,2023-12-03 19:58:02.227,2.04,2023-12-05 00:00:00,
1.222051916,18848406,Elsa Jacquemot,Els Jacquemot v Burel,10,2023-12-03 22:43:40.666,2.28,2023-12-05 00:00:00,
1.222051916,18848406,Elsa Jacquemot,Els Jacquemot v Burel,20,2023-12-04 16:40:25.353,2.12,2023-12-05 17:00:00,
1.222051916,18848406,Elsa Jacquemot,Els Jacquemot v Burel,30,2023-12-04 21:22:08.052,2.28,2023-12-05 17:00:00,
1.222051916,18848406,Elsa Jacquemot,Els Jacquemot v Burel,40,2023-12-05 06:06:07.554,2.4,2023-12-05 17:00:00,
1.222051916,18848406,Elsa Jacquemot,Els Jacquemot v Burel,50,2023-12-05 10:56:55.813,2.42,2023-12-05 17:00:00,
1.222051916,18848406,Elsa Jacquemot,Els Jacquemot v Burel,60,2023-12-05 13:39:05.881,2.58,2023-12-05 17:00:00,
1.222051916,18848406,Elsa Jacquemot,Els Jacquemot v Burel,70,2023-12-05 15:37:03.352,2.6,2023-12-05 17:00:00,
1.222051916,18848406,Elsa Jacquemot,Els Jacquemot v Burel,80,2023-12-05 16:13:08.977,2.64,2023-12-05 17:00:00,
1.222051916,18848406,Elsa Jacquemot,Els Jacquemot v Burel,90,2023-12-05 16:54:11.974,2.74,2023-12-05 17:00:00,
1.222051916,18848406,Elsa Jacquemot,Els Jacquemot v Burel,100,2023-12-05 17:27:43.960,2.8,2023-12-05 17:30:00,
1.222054121,10166446,Marina Bassols Ribera,Er Andreeva v Bassols Ribera,0,2023-12-02 23:06:10.422,3.1,2023-12-03 17:00:00,
1.222054121,10166446,Marina Bassols Ribera,Er Andreeva v Bassols Ribera,10,2023-12-02 23:37:02.307,3.05,2023-12-03 17:00:00,
1.222054121,10166446,Marina Bassols Ribera,Er Andreeva v Bassols Ribera,20,2023-12-03 08:08:15.511,3.3,2023-12-03 17:00:00,
1.222054121,10166446,Marina Bassols Ribera,Er Andreeva v Bassols Ribera,30,2023-12-03 11:29:09.904,3.4,2023-12-03 17:00:00,
1.222054121,10166446,Marina Bassols Ribera,Er Andreeva v Bassols Ribera,40,2023-12-03 13:31:11.605,3.6,2023-12-03 17:00:00,
1.222054121,10166446,Marina Bassols Ribera,Er Andreeva v Bassols Ribera,50,2023-12-03 14:15:33.047,3.55,2023-12-03 17:00:00,
1.222054121,10166446,Marina Bassols Ribera,Er Andreeva v Bassols Ribera,60,2023-12-03 16:11:12.511,3.45,2023-12-03 17:00:00,
1.222054121,10166446,Marina Bassols Ribera,Er Andreeva v Bassols Ribera,70,2023-12-03 16:49:14.233,3.45,2023-12-03 17:00:00,
1.222054121,10166446,Marina Bassols Ribera,Er Andreeva v Bassols Ribera,80,2023-12-03 16:50:00.667,3.4,2023-12-03 17:00:00,
1.222054121,10166446,Marina Bassols Ribera,Er Andreeva v Bassols Ribera,90,2023-12-03 16:53:56.650,3.35,2023-12-03 17:00:00,
1.222054121,10166446,Marina Bassols Ribera,Er Andreeva v Bassols Ribera,100,2023-12-03 16:59:07.044,3.35,2023-12-03 17:00:00,
1.222054121,27187697,Erika Andreeva,Er Andreeva v Bassols Ribera,0,2023-12-02 22:39:08.371,1.47,2023-12-03 17:00:00,
1.222054121,27187697,Erika Andreeva,Er Andreeva v Bassols Ribera,10,2023-12-02 22:50:15.319,1.51,2023-12-03 17:00:00,
1.222054121,27187697,Erika Andreeva,Er Andreeva v Bassols Ribera,20,2023-12-02 23:34:54.029,1.48,2023-12-03 17:00:00,
1.222054121,27187697,Erika Andreeva,Er Andreeva v Bassols Ribera,30,2023-12-03 04:47:06.660,1.47,2023-12-03 17:00:00,
1.222054121,27187697,Erika Andreeva,Er Andreeva v Bassols Ribera,40,2023-12-03 08:53:22.960,1.41,2023-12-03 17:00:00,
1.222054121,27187697,Erika Andreeva,Er Andreeva v Bassols Ribera,50,2023-12-03 13:39:03.785,1.4,2023-12-03 17:00:00,
1.222054121,27187697,Erika Andreeva,Er Andreeva v Bassols Ribera,60,2023-12-03 14:36:32.836,1.39,2023-12-03 17:00:00,
1.222054121,27187697,Erika Andreeva,Er Andreeva v Bassols Ribera,70,2023-12-03 16:13:09.547,1.42,2023-12-03 17:00:00,
1.222054121,27187697,Erika Andreeva,Er Andreeva v Bassols Ribera,80,2023-12-03 16:36:14.039,1.41,2023-12-03 17:00:00,
1.222054121,27187697,Erika Andreeva,Er Andreeva v Bassols Ribera,90,2023-12-03 16:48:12.898,1.4,2023-12-03 17:00:00,
1.222054121,27187697,Erika Andreeva,Er Andreeva v Bassols Ribera,100,2023-12-03 16:58:13.508,1.42,2023-12-03 17:00:00,
1.222056921,63234594,Alves/Soto,Kovacevic/Smith v Alves/Soto,0,2023-12-02 20:48:41.663,1.33,2023-12-02 21:00:00,
1.222056921,63234594,Alves/Soto,Kovacevic/Smith v Alves/Soto,10,2023-12-02 20:54:12.990,1.11,2023-12-03 17:00:00,
1.222056921,63234594,Alves/Soto,Kovacevic/Smith v Alves/Soto,20,2023-12-02 20:57:59.789,1.18,2023-12-03 17:00:00,
1.222056921,63234594,Alves/Soto,Kovacevic/Smith v Alves/Soto,30,2023-12-02 21:00:25.322,1.33,2023-12-03 17:00:00,
1.222056921,63234594,Alves/Soto,Kovacevic/Smith v Alves/Soto,40,2023-12-03 01:50:13.865,5.7,2023-12-03 17:00:00,
1.222056921,63234594,Alves/Soto,Kovacevic/Smith v Alves/Soto,50,2023-12-03 01:51:19.172,1.58,2023-12-03 17:00:00,
1.222056921,63234594,Alves/Soto,Kovacevic/Smith v Alves/Soto,60,2023-12-03 02:40:16.132,1.57,2023-12-03 17:00:00,
1.222056921,63234594,Alves/Soto,Kovacevic/Smith v Alves/Soto,70,2023-12-03 05:08:24.924,1.62,2023-12-03 17:00:00,
1.222056921,63234594,Alves/Soto,Kovacevic/Smith v Alves/Soto,80,2023-12-03 11:21:12.151,1.79,2023-12-03 17:00:00,
1.222056921,63234594,Alves/Soto,Kovacevic/Smith v Alves/Soto,90,2023-12-03 12:40:22.985,2.14,2023-12-03 17:00:00,
1.222056921,63234594,Alves/Soto,Kovacevic/Smith v Alves/Soto,100,2023-12-03 17:00:52.449,1.84,2023-12-03 17:13:00,
1.222070167,7083093,Laura Pigossi,Mar Carle v Pigossi,0,2023-12-03 10:43:13.893,2.8,2023-12-03 16:30:00,
1.222070167,7083093,Laura Pigossi,Mar Carle v Pigossi,10,2023-12-03 11:20:13.835,2.8,2023-12-03 16:30:00,
1.222070167,7083093,Laura Pigossi,Mar Carle v Pigossi,20,2023-12-03 12:27:59.857,2.66,2023-12-03 16:30:00,
1.222070167,7083093,Laura Pigossi,Mar Carle v Pigossi,30,2023-12-03 13:20:18.003,2.82,2023-12-03 16:30:00,
1.222070167,7083093,Laura Pigossi,Mar Carle v Pigossi,40,2023-12-03 13:23:05.654,2.78,2023-12-03 16:30:00,
1.222070167,7083093,Laura Pigossi,Mar Carle v Pigossi,50,2023-12-03 14:42:17.855,2.76,2023-12-03 16:30:00,
1.222070167,7083093,Laura Pigossi,Mar Carle v Pigossi,60,2023-12-03 15:19:46.246,2.8,2023-12-03 16:30:00,
1.222070167,7083093,Laura Pigossi,Mar Carle v Pigossi,70,2023-12-03 16:11:04.566,2.74,2023-12-03 16:30:00,
1.222070167,7083093,Laura Pigossi,Mar Carle v Pigossi,80,2023-12-03 16:22:13.951,2.72,2023-12-03 16:30:00,
1.222070167,7083093,Laura Pigossi,Mar Carle v Pigossi,90,2023-12-03 16:27:04.209,2.64,2023-12-03 16:30:00,
1.222070167,7083093,Laura Pigossi,Mar Carle v Pigossi,100,2023-12-03 16:44:18.919,2.58,2023-12-03 16:45:00,2023-12-03 16:44:18.919
1.222070167,40136010,Maria Lourdes Carle,Mar Carle v Pigossi,0,2023-12-03 10:43:13.893,1.55,2023-12-03 16:30:00,
1.222070167,40136010,Maria Lourdes Carle,Mar Carle v Pigossi,10,2023-12-03 11:20:13.835,1.51,2023-12-03 16:30:00,
1.222070167,40136010,Maria Lourdes Carle,Mar Carle v Pigossi,20,2023-12-03 12:27:59.857,1.6,2023-12-03 16:30:00,
1.222070167,40136010,Maria Lourdes Carle,Mar Carle v Pigossi,30,2023-12-03 13:21:01.840,1.56,2023-12-03 16:30:00,
1.222070167,40136010,Maria Lourdes Carle,Mar Carle v Pigossi,40,2023-12-03 14:01:05.151,1.53,2023-12-03 16:30:00,
1.222070167,40136010,Maria Lourdes Carle,Mar Carle v Pigossi,50,2023-12-03 14:28:31.349,1.55,2023-12-03 16:30:00,
1.222070167,40136010,Maria Lourdes Carle,Mar Carle v Pigossi,60,2023-12-03 15:31:05.036,1.57,2023-12-03 16:30:00,
1.222070167,40136010,Maria Lourdes Carle,Mar Carle v Pigossi,70,2023-12-03 15:39:17.505,1.57,2023-12-03 16:30:00,
1.222070167,40136010,Maria Lourdes Carle,Mar Carle v Pigossi,80,2023-12-03 16:15:43.285,1.6,2023-12-03 16:30:00,
1.222070167,40136010,Maria Lourdes Carle,Mar Carle v Pigossi,90,2023-12-03 16:26:13.087,1.56,2023-12-03 16:30:00,
1.222070167,40136010,Maria Lourdes Carle,Mar Carle v Pigossi,100,2023-12-03 16:44:18.919,1.59,2023-12-03 16:45:00,2023-12-03 16:44:18.919
1.222087029,57819161,L Ya Hsin,L Chu v Ya-Hsi Lee,0,2023-12-04 02:15:47.008,1.43,2023-12-04 02:30:00,
1.222087029,57819161,L Ya Hsin,L Chu v Ya-Hsi Lee,10,2023-12-04 02:52:33.200,1.4,2023-12-04 03:00:00,
1.222087029,57819161,L Ya Hsin,L Chu v Ya-Hsi Lee,20,2023-12-04 03:11:59.359,1.06,2023-12-04 03:15:00,
1.222087029,57819161,L Ya Hsin,L Chu v Ya-Hsi Lee,30,2023-12-04 03:24:35.458,1.4,2023-12-04 03:30:00,
1.222087029,57819161,L Ya Hsin,L Chu v Ya-Hsi Lee,40,2023-12-04 03:42:38.629,1.43,2023-12-04 03:45:00,
1.222087029,57819161,L Ya Hsin,L Chu v Ya-Hsi Lee,50,2023-12-04 03:54:54.471,1.05,2023-12-04 04:00:00,
1.222087029,57819161,L Ya Hsin,L Chu v Ya-Hsi Lee,60,2023-12-04 05:26:33.929,1.16,2023-12-04 05:30:00,
1.222087029,57819161,L Ya Hsin,L Chu v Ya-Hsi Lee,70,2023-12-05 01:17:15.685,1.15,2023-12-05 01:30:00,
1.222087029,57819161,L Ya Hsin,L Chu v Ya-Hsi Lee,80,2023-12-05 01:26:11.039,1.2,2023-12-05 01:30:00,
1.222087029,57819161,L Ya Hsin,L Chu v Ya-Hsi Lee,90,2023-12-05 01:32:43.055,1.26,2023-12-05 01:45:00,
1.222087029,57819161,L Ya Hsin,L Chu v Ya-Hsi Lee,100,2023-12-05 01:35:05.616,1.37,2023-12-05 01:45:00,
1.22208703,10349606,Y Chen,P Kuo v Y Chen,0,2023-12-04 02:43:56.126,1.03,2023-12-04 03:30:00,
1.22208703,10349606,Y Chen,P Kuo v Yuyun Chen,10,2023-12-04 09:16:06.681,5.0,2023-12-04 09:30:00,
1.22208703,10349606,Y Chen,P Kuo v Yuyun Chen,20,2023-12-04 09:18:07.499,4.0,2023-12-04 09:30:00,
1.22208703,10349606,Y Chen,P Kuo v Yuyun Chen,30,2023-12-04 10:25:06.519,1.08,2023-12-04 10:30:00,
1.22208703,10349606,Y Chen,P Kuo v Yuyun Chen,40,2023-12-04 15:28:22.126,5.0,2023-12-05 02:00:00,
1.22208703,10349606,Y Chen,P Kuo v Yuyun Chen,50,2023-12-04 15:58:04.604,1.25,2023-12-05 02:00:00,
1.22208703,10349606,Y Chen,P Kuo v Yuyun Chen,60,2023-12-04 16:04:07.373,5.0,2023-12-05 02:00:00,
1.22208703,10349606,Y Chen,P Kuo v Yuyun Chen,70,2023-12-04 16:09:53.826,5.0,2023-12-05 02:00:00,
1.22208703,10349606,Y Chen,P Kuo v Yuyun Chen,80,2023-12-04 16:11:27.995,1.25,2023-12-05 02:00:00,
1.22208703,10349606,Y Chen,P Kuo v Yuyun Chen,90,2023-12-04 18:37:10.606,2.0,2023-12-05 02:00:00,
1.22208703,10349606,Y Chen,P Kuo v Yuyun Chen,100,2023-12-05 03:34:50.583,1.08,2023-12-05 03:45:00,
1.22208703,63031647,P Kuo,P Kuo v Y Chen,0,2023-12-04 02:42:02.673,1.03,2023-12-04 03:30:00,
1.22208703,63031647,P Kuo,P Kuo v Yuyun Chen,10,2023-12-04 09:18:07.499,4.0,2023-12-04 09:30:00,
1.22208703,63031647,P Kuo,P Kuo v Yuyun Chen,20,2023-12-04 10:25:06.519,1.08,2023-12-04 10:30:00,
1.22208703,63031647,P Kuo,P Kuo v Yuyun Chen,30,2023-12-04 15:27:09.298,5.0,2023-12-05 02:00:00,
1.22208703,63031647,P Kuo,P Kuo v Yuyun Chen,40,2023-12-04 15:28:22.126,1.25,2023-12-05 02:00:00,
1.22208703,63031647,P Kuo,P Kuo v Yuyun Chen,50,2023-12-04 15:58:04.604,5.0,2023-12-05 02:00:00,
1.22208703,63031647,P Kuo,P Kuo v Yuyun Chen,60,2023-12-04 16:04:07.373,1.25,2023-12-05 02:00:00,
1.22208703,63031647,P Kuo,P Kuo v Yuyun Chen,70,2023-12-04 16:07:57.795,5.0,2023-12-05 02:00:00,
1.22208703,63031647,P Kuo,P Kuo v Yuyun Chen,80,2023-12-04 16:09:53.826,1.25,2023-12-05 02:00:00,
1.22208703,63031647,P Kuo,P Kuo v Yuyun Chen,90,2023-12-04 16:11:27.995,5.0,2023-12-05 02:00:00,
1.22208703,63031647,P Kuo,P Kuo v Yuyun Chen,100,2023-12-04 18:37:10.606,2.0,2023-12-05 02:00:00,
1.222105376,5056975,Mona Barthel,Barthel v Kat von Deichmann,0,2023-12-03 20:42:01.822,1.36,2023-12-04 12:00:00,
1.222105376,5056975,Mona Barthel,Barthel v Kat von Deichmann,10,2023-12-04 07:17:11.753,1.6,2023-12-04 12:00:00,
1.222105376,5056975,Mona Barthel,Barthel v Kat von Deichmann,20,2023-12-04 10:15:10.978,1.56,2023-12-04 12:00:00,
1.222105376,5056975,Mona Barthel,Barthel v Kat von Deichmann,30,2023-12-04 11:05:17.060,1.55,2023-12-04 12:00:00,
1.222105376,5056975,Mona Barthel,Barthel v Kat von Deichmann,40,2023-12-04 11:48:19.295,1.63,2023-12-04 12:00:00,
1.222105376,5056975,Mona Barthel,Barthel v Kat von Deichmann,50,2023-12-04 11:54:18.206,1.67,2023-12-04 12:00:00,
1.222105376,5056975,Mona Barthel,Barthel v Kat von Deichmann,60,2023-12-04 12:16:19.108,1.63,2023-12-04 12:30:00,
1.222105376,5056975,Mona Barthel,Barthel v Kat von Deichmann,70,2023-12-04 12:40:15.702,1.61,2023-12-04 12:45:00,
1.222105376,5056975,Mona Barthel,Barthel v Kat von Deichmann,80,2023-12-04 13:05:52.855,1.65,2023-12-04 13:15:00,
1.222105376,5056975,Mona Barthel,Barthel v Kat von Deichmann,90,2023-12-04 13:23:11.812,1.62,2023-12-04 13:30:00,
1.222105376,5056975,Mona Barthel,Barthel v Kat von Deichmann,100,2023-12-04 13:39:18.965,1.61,2023-12-04 13:40:00,
1.222105376,10623016,Kathinka Von Deichmann,Barthel v Kat von Deichmann,0,2023-12-04 08:20:07.009,2.9,2023-12-04 12:00:00,
1.222105376,10623016,Kathinka Von Deichmann,Barthel v Kat von Deichmann,10,2023-12-04 09:47:07.005,2.86,2023-12-04 12:00:00,
1.222105376,10623016,Kathinka Von Deichmann,Barthel v Kat von Deichmann,20,2023-12-04 10:20:09.368,2.84,2023-12-04 12:00:00,
1.222105376,10623016,Kathinka Von Deichmann,Barthel v Kat von Deichmann,30,2023-12-04 11:14:13.952,2.82,2023-12-04 12:00:00,
1.222105376,10623016,Kathinka Von Deichmann,Barthel v Kat von Deichmann,40,2023-12-04 11:46:11.131,2.84,2023-12-04 12:00:00,
1.222105376,10623016,Kathinka Von Deichmann,Barthel v Kat von Deichmann,50,2023-12-04 11:51:16.496,2.56,2023-12-04 12:00:00,
1.222105376,10623016,Kathinka Von Deichmann,Barthel v Kat von Deichmann,60,2023-12-04 11:59:16.198,2.56,2023-12-04 12:00:00,
1.222105376,10623016,Kathinka Von Deichmann,Barthel v Kat von Deichmann,70,2023-12-04 12:25:17.273,2.6,2023-12-04 12:30:00,
1.222105376,10623016,Kathinka Von Deichmann,Barthel v Kat von Deichmann,80,2023-12-04 13:13:18.945,2.56,2023-12-04 13:15:00,
1.222105376,10623016,Kathinka Von Deichmann,Barthel v Kat von Deichmann,90,2023-12-04 13:27:16.170,2.56,2023-12-04 13:30:00,
1.222105376,10623016,Kathinka Von Deichmann,Barthel v Kat von Deichmann,100,2023-12-04 13:39:18.965,2.62,2023-12-04 13:40:00,
1.222105379,9632330,Emeline Dartron,Ce Naef v Dartron,0,2023-12-03 21:29:57.531,5.8,2023-12-05 00:00:00,
1.222105379,9632330,Emeline Dartron,Ce Naef v Dartron,10,2023-12-05 03:59:17.643,4.9,2023-12-05 20:00:00,
1.222105379,9632330,Emeline Dartron,Ce Naef v Dartron,20,2023-12-05 08:49:36.176,4.3,2023-12-05 20:00:00,
1.222105379,9632330,Emeline Dartron,Ce Naef v Dartron,30,2023-12-05 09:24:04.931,4.4,2023-12-05 20:00:00,
1.222105379,9632330,Emeline Dartron,Ce Naef v Dartron,40,2023-12-05 12:30:13.844,4.6,2023-12-05 20:00:00,
1.222105379,9632330,Emeline Dartron,Ce Naef v Dartron,50,2023-12-05 18:21:22.634,4.8,2023-12-05 20:00:00,
1.222105379,9632330,Emeline Dartron,Ce Naef v Dartron,60,2023-12-05 19:04:20.784,5.1,2023-12-05 20:00:00,
1.222105379,9632330,Emeline Dartron,Ce Naef v Dartron,70,2023-12-05 19:49:23.667,5.0,2023-12-05 20:00:00,
1.222105379,9632330,Emeline Dartron,Ce Naef v Dartron,80,2023-12-05 20:05:24.083,5.3,2023-12-05 20:30:00,
1.222105379,9632330,Emeline Dartron,Ce Naef v Dartron,90,2023-12-05 20:19:24.214,5.2,2023-12-05 20:30:00,
1.222105379,9632330,Emeline Dartron,Ce Naef v Dartron,100,2023-12-05 21:09:22.659,5.7,2023-12-05 21:10:00,
1.222105379,55928813,Celine Naef,Ce Naef v Dartron,0,2023-12-03 21:29:57.531,1.2,2023-12-05 00:00:00,
1.222105379,55928813,Celine Naef,Ce Naef v Dartron,10,2023-12-04 21:31:11.582,1.27,2023-12-05 20:00:00,
1.222105379,55928813,Celine Naef,Ce Naef v Dartron,20,2023-12-05 08:49:19.181,1.3,2023-12-05 20:00:00,
1.222105379,55928813,Celine Naef,Ce Naef v Dartron,30,2023-12-05 09:11:18.054,1.3,2023-12-05 20:00:00,
1.222105379,55928813,Celine Naef,Ce Naef v Dartron,40,2023-12-05 12:32:22.366,1.26,2023-12-05 20:00:00,
1.222105379,55928813,Celine Naef,Ce Naef v Dartron,50,2023-12-05 14:58:10.956,1.27,2023-12-05 20:00:00,
1.222105379,55928813,Celine Naef,Ce Naef v Dartron,60,2023-12-05 17:45:21.568,1.27,2023-12-05 20:00:00,
1.222105379,55928813,Celine Naef,Ce Naef v Dartron,70,2023-12-05 19:47:23.751,1.25,2023-12-05 20:00:00,
1.222105379,55928813,Celine Naef,Ce Naef v Dartron,80,2023-12-05 19:55:11.407,1.25,2023-12-05 20:00:00,
1.222105379,55928813,Celine Naef,Ce Naef v Dartron,90,2023-12-05 20:46:23.647,1.19,2023-12-05 20:50:00,
1.222105379,55928813,Celine Naef,Ce Naef v Dartron,100,2023-12-05 21:05:24.273,1.21,2023-12-05 21:10:00,
1.222105557,8679189,Patricia Maria Tig,Maria Tig v Fra Curmi,0,2023-12-04 03:03:54.853,2.3,2023-12-04 10:30:00,
1.222105557,8679189,Patricia Maria Tig,Maria Tig v Fra Curmi,10,2023-12-04 08:49:23.737,2.42,2023-12-04 10:30:00,
1.222105557,8679189,Patricia Maria Tig,Maria Tig v Fra Curmi,20,2023-12-04 09:28:18.589,2.5,2023-12-04 10:30:00,
1.222105557,8679189,Patricia Maria Tig,Maria Tig v Fra Curmi,30,2023-12-04 09:38:07.565,2.5,2023-12-04 10:30:00,
1.222105557,8679189,Patricia Maria Tig,Maria Tig v Fra Curmi,40,2023-12-04 09:42:15.032,2.48,2023-12-04 10:30:00,
1.222105557,8679189,Patricia Maria Tig,Maria Tig v Fra Curmi,50,2023-12-04 10:07:11.581,2.48,2023-12-04 10:30:00,
1.222105557,8679189,Patricia Maria Tig,Maria Tig v Fra Curmi,60,2023-12-04 10:29:23.760,2.48,2023-12-04 10:30:00,
1.222105557,8679189,Patricia Maria Tig,Maria Tig v Fra Curmi,70,2023-12-04 10:34:00.740,2.5,2023-12-04 10:50:00,
1.222105557,8679189,Patricia Maria Tig,Maria Tig v Fra Curmi,80,2023-12-04 10:39:22.486,2.5,2023-12-04 10:50:00,
1.222105557,8679189,Patricia Maria Tig,Maria Tig v Fra Curmi,90,2023-12-04 10:42:22.560,2.5,2023-12-04 10:50:00,
1.222105557,8679189,Patricia Maria Tig,Maria Tig v Fra Curmi,100,2023-12-04 10:49:22.505,2.54,2023-12-04 10:50:00,
1.222105557,18849074,Francesca Curmi,Maria Tig v Fra Curmi,0,2023-12-04 03:03:54.853,1.77,2023-12-04 10:30:00,
1.222105557,18849074,Francesca Curmi,Maria Tig v Fra Curmi,10,2023-12-04 04:00:24.151,1.66,2023-12-04 10:30:00,
1.222105557,18849074,Francesca Curmi,Maria Tig v Fra Curmi,20,2023-12-04 08:52:53.971,1.68,2023-12-04 10:30:00,
1.222105557,18849074,Francesca Curmi,Maria Tig v Fra Curmi,30,2023-12-04 09:28:18.589,1.66,2023-12-04 10:30:00,
1.222105557,18849074,Francesca Curmi,Maria Tig v Fra Curmi,40,2023-12-04 10:01:26.978,1.67,2023-12-04 10:30:00,
1.222105557,18849074,Francesca Curmi,Maria Tig v Fra Curmi,50,2023-12-04 10:13:27.151,1.67,2023-12-04 10:30:00,
1.222105557,18849074,Francesca Curmi,Maria Tig v Fra Curmi,60,2023-12-04 10:21:08.639,1.66,2023-12-04 10:30:00,
1.222105557,18849074,Francesca Curmi,Maria Tig v Fra Curmi,70,2023-12-04 10:25:24.646,1.67,2023-12-04 10:30:00,
1.222105557,18849074,Francesca Curmi,Maria Tig v Fra Curmi,80,2023-12-04 10:38:22.198,1.67,2023-12-04 10:50:00,
1.222105557,18849074,Francesca Curmi,Maria Tig v Fra Curmi,90,2023-12-04 10:39:22.486,1.66,2023-12-04 10:50:00,
1.222105557,18849074,Francesca Curmi,Maria Tig v Fra Curmi,100,2023-12-04 10:48:27.116,1.65,2023-12-04 10:50:00,
1.222105736,7289592,Andreea Mitu,Peterson v Mitu,0,2023-12-04 21:50:52.937,2.5,2023-12-06 00:00:00,
1.222105736,7289592,Andreea Mitu,Peterson v Mitu,10,2023-12-05 08:39:15.830,2.7,2023-12-06 00:00:00,
1.222105736,7289592,Andreea Mitu,Peterson v Mitu,20,2023-12-05 08:40:16.398,2.58,2023-12-06 00:00:00,
1.222105736,7289592,Andreea Mitu,Peterson v Mitu,30,2023-12-05 20:48:53.890,2.66,2023-12-06 10:30:00,
1.222105736,7289592,Andreea Mitu,Peterson v Mitu,40,2023-12-05 22:11:24.716,2.74,2023-12-06 10:30:00,
1.222105736,7289592,Andreea Mitu,Peterson v Mitu,50,2023-12-06 02:48:33.004,2.8,2023-12-06 10:30:00,
1.222105736,7289592,Andreea Mitu,Peterson v Mitu,60,2023-12-06 05:46:06.501,2.82,2023-12-06 10:30:00,
1.222105736,7289592,Andreea Mitu,Peterson v Mitu,70,2023-12-06 05:59:12.506,2.86,2023-12-06 10:30:00,
1.222105736,7289592,Andreea Mitu,Peterson v Mitu,80,2023-12-06 07:11:26.292,2.84,2023-12-06 10:30:00,
1.222105736,7289592,Andreea Mitu,Peterson v Mitu,90,2023-12-06 08:06:05.776,2.86,2023-12-06 10:30:00,
1.222105736,7289592,Andreea Mitu,Peterson v Mitu,100,2023-12-06 08:20:33.147,2.88,2023-12-06 10:30:00,
1.222105736,7430598,Rebecca Peterson,Peterson v Mitu,0,2023-12-04 17:36:24.824,1.54,2023-12-06 00:00:00,
1.222105736,7430598,Rebecca Peterson,Peterson v Mitu,10,2023-12-05 08:39:15.830,1.59,2023-12-06 00:00:00,
1.222105736,7430598,Rebecca Peterson,Peterson v Mitu,20,2023-12-05 12:35:56.662,1.6,2023-12-06 00:00:00,
1.222105736,7430598,Rebecca Peterson,Peterson v Mitu,30,2023-12-05 20:41:00.037,1.59,2023-12-06 10:30:00,
1.222105736,7430598,Rebecca Peterson,Peterson v Mitu,40,2023-12-05 20:48:53.890,1.6,2023-12-06 10:30:00,
1.222105736,7430598,Rebecca Peterson,Peterson v Mitu,50,2023-12-05 22:21:32.349,1.56,2023-12-06 10:30:00,
1.222105736,7430598,Rebecca Peterson,Peterson v Mitu,60,2023-12-05 22:51:51.457,1.55,2023-12-06 10:30:00,
1.222105736,7430598,Rebecca Peterson,Peterson v Mitu,70,2023-12-06 02:48:33.004,1.56,2023-12-06 10:30:00,
1.222105736,7430598,Rebecca Peterson,Peterson v Mitu,80,2023-12-06 03:36:34.909,1.54,2023-12-06 10:30:00,
1.222105736,7430598,Rebecca Peterson,Peterson v Mitu,90,2023-12-06 08:06:05.776,1.54,2023-12-06 10:30:00,
1.222105736,7430598,Rebecca Peterson,Peterson v Mitu,100,2023-12-06 08:38:34.163,1.53,2023-12-06 10:30:00,
1.222118395,15153693,D Snigur,A Zakharova v D Snigur,0,2023-12-04 05:57:30.224,1.66,2023-12-04 07:00:00,
1.222118395,15153693,D Snigur,A Zakharova v D Snigur,10,2023-12-04 05:57:52.238,1.65,2023-12-04 07:00:00,
1.222118395,15153693,D Snigur,A Zakharova v D Snigur,20,2023-12-04 06:59:33.429,1.67,2023-12-04 07:00:00,
1.222118395,15153693,D Snigur,A Zakharova v D Snigur,30,2023-12-04 08:57:37.839,1.86,2023-12-04 09:10:00,
1.222118395,15153693,D Snigur,A Zakharova v D Snigur,40,2023-12-04 08:58:14.305,1.81,2023-12-04 09:10:00,
1.222118395,15153693,D Snigur,A Zakharova v D Snigur,50,2023-12-04 08:59:10.880,1.88,2023-12-04 09:10:00,
1.222118395,15153693,D Snigur,A Zakharova v D Snigur,60,2023-12-04 09:00:15.891,1.78,2023-12-04 09:10:00,
1.222118395,15153693,D Snigur,A Zakharova v D Snigur,70,2023-12-04 09:28:33.125,1.75,2023-12-04 09:40:00,
1.222118395,15153693,D Snigur,A Zakharova v D Snigur,80,2023-12-04 09:29:34.030,1.8,2023-12-04 09:40:00,
1.222118395,15153693,D Snigur,A Zakharova v D Snigur,90,2023-12-04 09:46:33.868,1.88,2023-12-04 09:50:00,
1.222118395,15153693,D Snigur,A Zakharova v D Snigur,100,2023-12-04 10:04:34.366,1.87,2023-12-04 10:05:00,
1.222118396,9627876,T Martincova,Y Hatouka v T Martincova,0,2023-12-04 05:45:13.814,1.63,2023-12-04 09:30:00,
1.222118396,9627876,T Martincova,Y Hatouka v T Martincova,10,2023-12-04 08:53:41.574,1.62,2023-12-04 09:30:00,
1.222118396,9627876,T Martincova,Y Hatouka v T Martincova,20,2023-12-04 09:23:22.124,1.72,2023-12-04 09:30:00,
1.222118396,9627876,T Martincova,Y Hatouka v T Martincova,30,2023-12-04 09:24:19.416,1.63,2023-12-04 09:30:00,
1.222118396,9627876,T Martincova,Y Hatouka v T Martincova,40,2023-12-04 10:05:06.570,1.58,2023-12-04 11:30:00,
1.222118396,9627876,T Martincova,Y Hatouka v T Martincova,50,2023-12-04 10:47:09.406,1.59,2023-12-04 11:30:00,
1.222118396,9627876,T Martincova,Y Hatouka v T Martincova,60,2023-12-04 11:09:33.185,1.61,2023-12-04 11:30:00,
1.222118396,9627876,T Martincova,Y Hatouka v T Martincova,70,2023-12-04 11:12:02.195,1.64,2023-12-04 11:30:00,
1.222118396,9627876,T Martincova,Y Hatouka v T Martincova,80,2023-12-04 11:22:32.274,1.61,2023-12-04 11:30:00,
1.222118396,9627876,T Martincova,Y Hatouka v T Martincova,90,2023-12-04 11:25:59.033,1.64,2023-12-04 11:30:00,
1.222118396,9627876,T Martincova,Y Hatouka v T Martincova,100,2023-12-04 11:27:40.945,1.61,2023-12-04 11:30:00,
1.222118398,9628963,R Sramkova,N Stevanovic v R Sramkova,0,2023-12-04 05:21:16.461,1.82,2023-12-04 07:00:00,
1.222118398,9628963,R Sramkova,N Stevanovic v R Sramkova,10,2023-12-04 05:37:34.800,1.8,2023-12-04 07:00:00,
1.222118398,9628963,R Sramkova,N Stevanovic v R Sramkova,20,2023-12-04 05:57:36.026,1.96,2023-12-04 07:00:00,
1.222118398,9628963,R Sramkova,N Stevanovic v R Sramkova,30,2023-12-04 07:00:12.614,1.8,2023-12-04 09:10:00,
1.222118398,9628963,R Sramkova,N Stevanovic v R Sramkova,40,2023-12-04 07:10:22.983,1.97,2023-12-04 09:10:00,
1.222118398,9628963,R Sramkova,N Stevanovic v R Sramkova,50,2023-12-04 07:28:20.871,1.94,2023-12-04 09:10:00,
1.222118398,9628963,R Sramkova,N Stevanovic v R Sramkova,60,2023-12-04 07:36:33.125,1.87,2023-12-04 09:10:00,
1.222118398,9628963,R Sramkova,N Stevanovic v R Sramkova,70,2023-12-04 07:50:37.728,1.9,2023-12-04 09:25:00,
1.222118398,9628963,R Sramkova,N Stevanovic v R Sramkova,80,2023-12-04 08:17:31.124,1.97,2023-12-04 09:25:00,
1.222118398,9628963,R Sramkova,N Stevanovic v R Sramkova,90,2023-12-04 08:37:35.140,1.87,2023-12-04 09:00:00,
1.222118398,9628963,R Sramkova,N Stevanovic v R Sramkova,100,2023-12-04 08:42:35.145,1.86,2023-12-04 09:00:00,
1.222118398,40675259,N Stevanovic,N Stevanovic v R Sramkova,0,2023-12-04 05:21:16.461,2.04,2023-12-04 07:00:00,
1.222118398,40675259,N Stevanovic,N Stevanovic v R Sramkova,10,2023-12-04 06:07:23.129,2.02,2023-12-04 07:00:00,
1.222118398,40675259,N Stevanovic,N Stevanovic v R Sramkova,20,2023-12-04 06:24:12.306,2.22,2023-12-04 09:10:00,
1.222118398,40675259,N Stevanovic,N Stevanovic v R Sramkova,30,2023-12-04 07:05:36.701,2.2,2023-12-04 09:10:00,
1.222118398,40675259,N Stevanovic,N Stevanovic v R Sramkova,40,2023-12-04 07:11:23.989,2.18,2023-12-04 09:10:00,
1.222118398,40675259,N Stevanovic,N Stevanovic v R Sramkova,50,2023-12-04 07:41:59.465,2.14,2023-12-04 09:20:00,
1.222118398,40675259,N Stevanovic,N Stevanovic v R Sramkova,60,2023-12-04 07:50:37.728,2.12,2023-12-04 09:25:00,
1.222118398,40675259,N Stevanovic,N Stevanovic v R Sramkova,70,2023-12-04 08:16:27.951,2.16,2023-12-04 09:25:00,
1.222118398,40675259,N Stevanovic,N Stevanovic v R Sramkova,80,2023-12-04 08:17:31.124,2.2,2023-12-04 09:25:00,
1.222118398,40675259,N Stevanovic,N Stevanovic v R Sramkova,90,2023-12-04 08:41:28.435,2.16,2023-12-04 09:00:00,
1.222118398,40675259,N Stevanovic,N Stevanovic v R Sramkova,100,2023-12-04 08:59:33.907,2.04,2023-12-04 09:00:00,
1.222118399,54745739,V Hruncakova,V Hruncakova v D Jakupovic,0,2023-12-03 20:16:03.987,1.2,2023-12-04 09:30:00,
1.222118399,54745739,V Hruncakova,V Hruncakova v D Jakupovic,10,2023-12-04 00:47:11.331,1.19,2023-12-04 09:30:00,
1.222118399,54745739,V Hruncakova,V Hruncakova v D Jakupovic,20,2023-12-04 01:05:18.613,1.19,2023-12-04 09:30:00,
1.222118399,54745739,V Hruncakova,V Hruncakova v D Jakupovic,30,2023-12-04 04:02:03.758,1.18,2023-12-04 09:30:00,
1.222118399,54745739,V Hruncakova,V Hruncakova v D Jakupovic,40,2023-12-04 06:42:33.772,1.17,2023-12-04 09:30:00,
1.222118399,54745739,V Hruncakova,V Hruncakova v D Jakupovic,50,2023-12-04 09:29:35.109,1.17,2023-12-04 09:30:00,
1.222118399,54745739,V Hruncakova,V Hruncakova v D Jakupovic,60,2023-12-04 09:48:30.042,1.18,2023-12-04 11:30:00,
1.222118399,54745739,V Hruncakova,V Hruncakova v D Jakupovic,70,2023-12-04 10:04:33.850,1.18,2023-12-04 11:30:00,
1.222118399,54745739,V Hruncakova,V Hruncakova v D Jakupovic,80,2023-12-04 10:48:14.665,1.18,2023-12-04 11:30:00,
1.222118399,54745739,V Hruncakova,V Hruncakova v D Jakupovic,90,2023-12-04 11:00:56.848,1.18,2023-12-04 11:30:00,
1.222118399,54745739,V Hruncakova,V Hruncakova v D Jakupovic,100,2023-12-04 11:18:34.240,1.18,2023-12-04 11:30:00,
1.222118401,46782202,Gamiz/Vedder,Alves/Sierra v Gamiz/Vedder,0,2023-12-04 19:41:58.856,1.53,2023-12-04 21:00:00,
1.222118401,46782202,Gamiz/Vedder,Alves/Sierra v Gamiz/Vedder,10,2023-12-04 19:42:45.118,1.97,2023-12-04 21:00:00,
1.222118401,46782202,Gamiz/Vedder,Alves/Sierra v Gamiz/Vedder,20,2023-12-04 20:23:38.690,1.73,2023-12-04 21:00:00,
1.222118401,46782202,Gamiz/Vedder,Alves/Sierra v Gamiz/Vedder,30,2023-12-04 20:46:57.575,1.57,2023-12-04 21:00:00,
1.222118401,46782202,Gamiz/Vedder,Alves/Sierra v Gamiz/Vedder,40,2023-12-04 21:14:04.567,1.68,2023-12-04 21:30:00,
1.222118401,46782202,Gamiz/Vedder,Alves/Sierra v Gamiz/Vedder,50,2023-12-04 21:29:04.122,1.68,2023-12-04 21:40:00,
1.222118401,46782202,Gamiz/Vedder,Alves/Sierra v Gamiz/Vedder,60,2023-12-04 21:35:51.093,1.57,2023-12-04 21:40:00,
1.222118401,46782202,Gamiz/Vedder,Alves/Sierra v Gamiz/Vedder,70,2023-12-04 21:37:03.479,1.67,2023-12-04 21:40:00,
1.222118401,46782202,Gamiz/Vedder,Alves/Sierra v Gamiz/Vedder,80,2023-12-04 21:39:04.062,1.65,2023-12-04 21:40:00,
1.222118401,46782202,Gamiz/Vedder,Alves/Sierra v Gamiz/Vedder,90,2023-12-04 21:45:02.655,1.67,2023-12-04 21:50:00,
1.222118401,46782202,Gamiz/Vedder,Alves/Sierra v Gamiz/Vedder,100,2023-12-04 21:49:51.603,1.63,2023-12-04 21:50:00,
1.222120378,9401820,Raveena Kingsley,Rave Kingsley v In-Albon,0,2023-12-04 08:36:07.999,2.74,2023-12-05 00:00:00,
1.222120378,9401820,Raveena Kingsley,Rave Kingsley v In-Albon,10,2023-12-05 00:50:24.449,3.2,2023-12-05 15:00:00,
1.222120378,9401820,Raveena Kingsley,Rave Kingsley v In-Albon,20,2023-12-05 11:10:23.774,2.8,2023-12-05 15:00:00,
1.222120378,9401820,Raveena Kingsley,Rave Kingsley v In-Albon,30,2023-12-05 11:27:23.696,2.82,2023-12-05 15:00:00,
1.222120378,9401820,Raveena Kingsley,Rave Kingsley v In-Albon,40,2023-12-05 11:35:16.011,3.35,2023-12-05 15:00:00,
1.222120378,9401820,Raveena Kingsley,Rave Kingsley v In-Albon,50,2023-12-05 11:57:20.810,3.25,2023-12-05 15:00:00,
1.222120378,9401820,Raveena Kingsley,Rave Kingsley v In-Albon,60,2023-12-05 12:45:20.480,3.2,2023-12-05 15:00:00,
1.222120378,9401820,Raveena Kingsley,Rave Kingsley v In-Albon,70,2023-12-05 14:05:23.782,3.25,2023-12-05 15:00:00,
1.222120378,9401820,Raveena Kingsley,Rave Kingsley v In-Albon,80,2023-12-05 14:54:25.286,3.25,2023-12-05 15:10:00,
1.222120378,9401820,Raveena Kingsley,Rave Kingsley v In-Albon,90,2023-12-05 15:06:25.130,3.45,2023-12-05 15:10:00,2023-12-05 15:06:25.130
1.222120378,9401820,Raveena Kingsley,Rave Kingsley v In-Albon,100,2023-12-05 15:08:25.214,4.1,2023-12-05 15:10:00,2023-12-05 15:06:25.130
1.222120378,9633098,Ylena In-Albon,Rave Kingsley v In-Albon,0,2023-12-05 00:50:24.449,1.46,2023-12-05 15:00:00,
1.222120378,9633098,Ylena In-Albon,Rave Kingsley v In-Albon,10,2023-12-05 11:10:23.774,1.56,2023-12-05 15:00:00,
1.222120378,9633098,Ylena In-Albon,Rave Kingsley v In-Albon,20,2023-12-05 11:37:20.827,1.41,2023-12-05 15:00:00,
1.222120378,9633098,Ylena In-Albon,Rave Kingsley v In-Albon,30,2023-12-05 11:44:18.561,1.44,2023-12-05 15:00:00,
1.222120378,9633098,Ylena In-Albon,Rave Kingsley v In-Albon,40,2023-12-05 12:42:25.073,1.43,2023-12-05 15:00:00,
1.222120378,9633098,Ylena In-Albon,Rave Kingsley v In-Albon,50,2023-12-05 12:47:20.948,1.5,2023-12-05 15:00:00,
1.222120378,9633098,Ylena In-Albon,Rave Kingsley v In-Albon,60,2023-12-05 13:05:24.599,1.41,2023-12-05 15:00:00,
1.222120378,9633098,Ylena In-Albon,Rave Kingsley v In-Albon,70,2023-12-05 14:18:08.106,1.42,2023-12-05 15:00:00,
1.222120378,9633098,Ylena In-Albon,Rave Kingsley v In-Albon,80,2023-12-05 14:55:21.126,1.44,2023-12-05 15:10:00,
1.222120378,9633098,Ylena In-Albon,Rave Kingsley v In-Albon,90,2023-12-05 15:06:25.130,1.41,2023-12-05 15:10:00,2023-12-05 15:06:25.130
1.222120378,9633098,Ylena In-Albon,Rave Kingsley v In-Albon,100,2023-12-05 15:09:24.785,1.44,2023-12-05 15:10:00,2023-12-05 15:06:25.130
1.222120381,9630893,Martina Capurro Taborda,Capurro Taborda v Ta Licht,0,2023-12-04 10:40:01.822,1.24,2023-12-04 23:00:00,
1.222120381,9630893,Martina Capurro Taborda,Capurro Taborda v Ta Licht,10,2023-12-04 21:10:16.330,1.05,2023-12-04 23:00:00,
1.222120381,9630893,Martina Capurro Taborda,Capurro Taborda v Ta Licht,20,2023-12-04 21:16:26.447,1.07,2023-12-04 23:00:00,
1.222120381,9630893,Martina Capurro Taborda,Capurro Taborda v Ta Licht,30,2023-12-04 21:37:24.708,1.06,2023-12-04 23:00:00,
1.222120381,9630893,Martina Capurro Taborda,Capurro Taborda v Ta Licht,40,2023-12-04 22:02:35.781,1.03,2023-12-04 23:00:00,
1.222120381,9630893,Martina Capurro Taborda,Capurro Taborda v Ta Licht,50,2023-12-04 22:26:27.105,1.06,2023-12-04 23:00:00,
1.222120381,9630893,Martina Capurro Taborda,Capurro Taborda v Ta Licht,60,2023-12-04 22:33:22.642,1.06,2023-12-04 23:00:00,
1.222120381,9630893,Martina Capurro Taborda,Capurro Taborda v Ta Licht,70,2023-12-04 22:39:31.743,1.09,2023-12-04 23:00:00,
1.222120381,9630893,Martina Capurro Taborda,Capurro Taborda v Ta Licht,80,2023-12-04 22:50:20.226,1.07,2023-12-04 23:00:00,
1.222120381,9630893,Martina Capurro Taborda,Capurro Taborda v Ta Licht,90,2023-12-04 23:01:32.437,1.11,2023-12-04 23:05:00,
1.222120381,9630893,Martina Capurro Taborda,Capurro Taborda v Ta Licht,100,2023-12-04 23:04:33.236,1.07,2023-12-04 23:05:00,2023-12-04 23:04:33.236
1.222120381,51477227,Taly Licht,Capurro Taborda v Ta Licht,0,2023-12-04 10:40:01.822,5.3,2023-12-04 23:00:00,
1.222120381,51477227,Taly Licht,Capurro Taborda v Ta Licht,10,2023-12-04 21:03:03.436,25.0,2023-12-04 23:00:00,
1.222120381,51477227,Taly Licht,Capurro Taborda v Ta Licht,20,2023-12-04 21:15:16.673,15.5,2023-12-04 23:00:00,
1.222120381,51477227,Taly Licht,Capurro Taborda v Ta Licht,30,2023-12-04 21:20:14.750,13.0,2023-12-04 23:00:00,
1.222120381,51477227,Taly Licht,Capurro Taborda v Ta Licht,40,2023-12-04 21:28:17.409,12.5,2023-12-04 23:00:00,
1.222120381,51477227,Taly Licht,Capurro Taborda v Ta Licht,50,2023-12-04 21:42:12.990,13.5,2023-12-04 23:00:00,
1.222120381,51477227,Taly Licht,Capurro Taborda v Ta Licht,60,2023-12-04 22:26:27.105,18.0,2023-12-04 23:00:00,
1.222120381,51477227,Taly Licht,Capurro Taborda v Ta Licht,70,2023-12-04 22:33:22.642,18.0,2023-12-04 23:00:00,
1.222120381,51477227,Taly Licht,Capurro Taborda v Ta Licht,80,2023-12-04 22:46:58.355,12.5,2023-12-04 23:00:00,
1.222120381,51477227,Taly Licht,Capurro Taborda v Ta Licht,90,2023-12-04 22:59:34.337,14.0,2023-12-04 23:05:00,
1.222120381,51477227,Taly Licht,Capurro Taborda v Ta Licht,100,2023-12-04 23:03:27.156,11.0,2023-12-04 23:05:00,
1.222120468,8490642,Valeriya Strakhova,Mar Carle v Strakhova,0,2023-12-04 22:15:22.879,4.6,2023-12-05 00:00:00,
1.222120468,8490642,Valeriya Strakhova,Mar Carle v Strakhova,10,2023-12-05 23:52:22.342,8.0,2023-12-06 17:30:00,2023-12-05 21:17:29.076
1.222120468,8490642,Valeriya Strakhova,Mar Carle v Strakhova,20,2023-12-06 00:26:57.340,8.0,2023-12-06 17:30:00,2023-12-05 21:17:29.076
1.222120468,8490642,Valeriya Strakhova,Mar Carle v Strakhova,30,2023-12-06 01:43:15.177,7.8,2023-12-06 17:30:00,2023-12-05 21:17:29.076
1.222120468,8490642,Valeriya Strakhova,Mar Carle v Strakhova,40,2023-12-06 06:28:27.657,8.0,2023-12-06 17:30:00,2023-12-05 21:17:29.076
1.222120468,8490642,Valeriya Strakhova,Mar Carle v Strakhova,50,2023-12-06 08:35:29.859,6.2,2023-12-06 17:30:00,2023-12-05 21:17:29.076
1.222120468,8490642,Valeriya Strakhova,Mar Carle v Strakhova,60,2023-12-06 11:56:31.068,7.0,2023-12-06 17:30:00,2023-12-05 21:17:29.076
1.222120468,8490642,Valeriya Strakhova,Mar Carle v Strakhova,70,2023-12-06 13:02:29.919,7.6,2023-12-06 17:30:00,2023-12-05 21:17:29.076
1.222120468,8490642,Valeriya Strakhova,Mar Carle v Strakhova,80,2023-12-06 15:00:00.639,7.8,2023-12-06 17:30:00,2023-12-05 21:17:29.076
1.222120468,8490642,Valeriya Strakhova,Mar Carle v Strakhova,90,2023-12-06 17:40:12.082,8.0,2023-12-06 17:45:00,2023-12-05 21:17:29.076
1.222120468,8490642,Valeriya Strakhova,Mar Carle v Strakhova,100,2023-12-06 18:39:29.878,8.6,2023-12-06 18:40:00,2023-12-05 21:17:29.076
1.222120468,40136010,Maria Lourdes Carle,Mar Carle v Strakhova,0,2023-12-04 22:15:22.879,1.28,2023-12-05 00:00:00,
1.222120468,40136010,Maria Lourdes Carle,Mar Carle v Strakhova,10,2023-12-06 00:20:21.694,1.13,2023-12-06 17:30:00,2023-12-05 21:17:29.076
1.222120468,40136010,Maria Lourdes Carle,Mar Carle v Strakhova,20,2023-12-06 02:28:05.270,1.13,2023-12-06 17:30:00,2023-12-05 21:17:29.076
1.222120468,40136010,Maria Lourdes Carle,Mar Carle v Strakhova,30,2023-12-06 03:59:26.055,1.13,2023-12-06 17:30:00,2023-12-05 21:17:29.076
1.222120468,40136010,Maria Lourdes Carle,Mar Carle v Strakhova,40,2023-12-06 06:32:53.530,1.13,2023-12-06 17:30:00,2023-12-05 21:17:29.076
1.222120468,40136010,Maria Lourdes Carle,Mar Carle v Strakhova,50,2023-12-06 08:11:19.455,1.16,2023-12-06 17:30:00,2023-12-05 21:17:29.076
1.222120468,40136010,Maria Lourdes Carle,Mar Carle v Strakhova,60,2023-12-06 09:38:30.907,1.16,2023-12-06 17:30:00,2023-12-05 21:17:29.076
1.222120468,40136010,Maria Lourdes Carle,Mar Carle v Strakhova,70,2023-12-06 11:38:00.194,1.17,2023-12-06 17:30:00,2023-12-05 21:17:29.076
1.222120468,40136010,Maria Lourdes Carle,Mar Carle v Strakhova,80,2023-12-06 14:11:55.475,1.15,2023-12-06 17:30:00,2023-12-05 21:17:29.076
1.222120468,40136010,Maria Lourdes Carle,Mar Carle v Strakhova,90,2023-12-06 16:46:25.167,1.13,2023-12-06 17:30:00,2023-12-05 21:17:29.076
1.222120468,40136010,Maria Lourdes Carle,Mar Carle v Strakhova,100,2023-12-06 18:39:29.878,1.13,2023-12-06 18:40:00,2023-12-05 21:17:29.076
1.222120785,9238634,Carolina M. Alves,Caro Alves v J Riera,0,2023-12-05 06:00:35.932,5.1,2023-12-05 15:00:00,
1.222120785,9238634,Carolina M. Alves,Caro Alves v J Riera,10,2023-12-05 08:29:36.168,7.2,2023-12-05 15:00:00,
1.222120785,9238634,Carolina M. Alves,Caro Alves v J Riera,20,2023-12-05 10:29:19.763,7.8,2023-12-05 15:00:00,
1.222120785,9238634,Carolina M. Alves,Caro Alves v J Riera,30,2023-12-05 10:47:21.073,7.6,2023-12-05 15:00:00,
1.222120785,9238634,Carolina M. Alves,Caro Alves v J Riera,40,2023-12-05 12:42:22.228,7.8,2023-12-05 15:00:00,
1.222120785,9238634,Carolina M. Alves,Caro Alves v J Riera,50,2023-12-05 13:24:36.143,7.4,2023-12-05 15:00:00,
1.222120785,9238634,Carolina M. Alves,Caro Alves v J Riera,60,2023-12-05 14:59:21.866,7.4,2023-12-05 15:10:00,
1.222120785,9238634,Carolina M. Alves,Caro Alves v J Riera,70,2023-12-05 15:03:36.102,7.2,2023-12-05 15:10:00,
1.222120785,9238634,Carolina M. Alves,Caro Alves v J Riera,80,2023-12-05 15:05:30.785,7.8,2023-12-05 15:10:00,
1.222120785,9238634,Carolina M. Alves,Caro Alves v J Riera,90,2023-12-05 15:07:36.195,8.4,2023-12-05 15:10:00,2023-12-05 15:07:36.195
1.222120785,9238634,Carolina M. Alves,Caro Alves v J Riera,100,2023-12-05 15:09:35.485,7.8,2023-12-05 15:10:00,2023-12-05 15:07:36.195
1.222120785,13268651,Julia Riera,Caro Alves v J Riera,0,2023-12-05 06:00:35.932,1.24,2023-12-05 15:00:00,
1.222120785,13268651,Julia Riera,Caro Alves v J Riera,10,2023-12-05 06:30:33.064,1.11,2023-12-05 15:00:00,
1.222120785,13268651,Julia Riera,Caro Alves v J Riera,20,2023-12-05 06:32:22.379,1.11,2023-12-05 15:00:00,
1.222120785,13268651,Julia Riera,Caro Alves v J Riera,30,2023-12-05 07:45:31.861,1.12,2023-12-05 15:00:00,
1.222120785,13268651,Julia Riera,Caro Alves v J Riera,40,2023-12-05 10:18:32.622,1.11,2023-12-05 15:00:00,
1.222120785,13268651,Julia Riera,Caro Alves v J Riera,50,2023-12-05 12:02:26.931,1.15,2023-12-05 15:00:00,
1.222120785,13268651,Julia Riera,Caro Alves v J Riera,60,2023-12-05 14:49:33.751,1.14,2023-12-05 15:00:00,
1.222120785,13268651,Julia Riera,Caro Alves v J Riera,70,2023-12-05 14:55:33.943,1.17,2023-12-05 15:10:00,
1.222120785,13268651,Julia Riera,Caro Alves v J Riera,80,2023-12-05 15:04:24.676,1.13,2023-12-05 15:10:00,
1.222120785,13268651,Julia Riera,Caro Alves v J Riera,90,2023-12-05 15:07:36.195,1.13,2023-12-05 15:10:00,2023-12-05 15:07:36.195
1.222120785,13268651,Julia Riera,Caro Alves v J Riera,100,2023-12-05 15:09:35.485,1.13,2023-12-05 15:10:00,2023-12-05 15:07:36.195
1.2221208,12737413,Diane Parry,D Parry v Anshba,0,2023-12-05 07:45:51.966,1.11,2023-12-05 16:30:00,
1.2221208,12737413,Diane Parry,D Parry v Anshba,10,2023-12-05 08:13:26.282,1.14,2023-12-05 16:30:00,
1.2221208,12737413,Diane Parry,D Parry v Anshba,20,2023-12-05 08:14:28.496,1.15,2023-12-05 16:30:00,
1.2221208,12737413,Diane Parry,D Parry v Anshba,30,2023-12-05 12:03:09.740,1.11,2023-12-05 16:30:00,
1.2221208,12737413,Diane Parry,D Parry v Anshba,40,2023-12-05 14:44:35.341,1.11,2023-12-05 16:30:00,
1.2221208,12737413,Diane Parry,D Parry v Anshba,50,2023-12-05 15:22:35.754,1.08,2023-12-05 16:30:00,
1.2221208,12737413,Diane Parry,D Parry v Anshba,60,2023-12-05 15:30:39.461,1.12,2023-12-05 16:30:00,
1.2221208,12737413,Diane Parry,D Parry v Anshba,70,2023-12-05 15:40:35.919,1.1,2023-12-05 16:30:00,
1.2221208,12737413,Diane Parry,D Parry v Anshba,80,2023-12-05 15:48:22.461,1.11,2023-12-05 16:30:00,
1.2221208,12737413,Diane Parry,D Parry v Anshba,90,2023-12-05 15:50:35.972,1.1,2023-12-05 16:30:00,
1.2221208,12737413,Diane Parry,D Parry v Anshba,100,2023-12-05 16:37:22.074,1.1,2023-12-05 16:45:00,
1.222120814,7593252,Jamie Loeb,Loeb v Ipek Oz,0,2023-12-04 10:47:42.400,3.0,2023-12-04 18:00:00,
1.222120814,7593252,Jamie Loeb,Loeb v Ipek Oz,10,2023-12-04 11:06:42.321,3.3,2023-12-04 18:00:00,
1.222120814,7593252,Jamie Loeb,Loeb v Ipek Oz,20,2023-12-04 11:22:20.911,3.15,2023-12-04 18:00:00,
1.222120814,7593252,Jamie Loeb,Loeb v Ipek Oz,30,2023-12-04 16:05:36.006,3.25,2023-12-04 18:00:00,
1.222120814,7593252,Jamie Loeb,Loeb v Ipek Oz,40,2023-12-04 17:24:39.981,2.98,2023-12-04 18:00:00,
1.222120814,7593252,Jamie Loeb,Loeb v Ipek Oz,50,2023-12-04 17:25:19.022,2.9,2023-12-04 18:00:00,
1.222120814,7593252,Jamie Loeb,Loeb v Ipek Oz,60,2023-12-04 17:45:32.827,2.86,2023-12-04 18:00:00,
1.222120814,7593252,Jamie Loeb,Loeb v Ipek Oz,70,2023-12-04 17:59:40.820,2.86,2023-12-04 18:00:00,
1.222120814,7593252,Jamie Loeb,Loeb v Ipek Oz,80,2023-12-04 18:09:39.539,2.86,2023-12-04 18:20:00,
1.222120814,7593252,Jamie Loeb,Loeb v Ipek Oz,90,2023-12-04 18:11:29.072,2.84,2023-12-04 18:20:00,
1.222120814,7593252,Jamie Loeb,Loeb v Ipek Oz,100,2023-12-04 18:19:35.509,2.8,2023-12-04 18:20:00,
1.222120814,9633124,Ipek Oz,Loeb v Ipek Oz,0,2023-12-04 11:06:42.321,1.43,2023-12-04 18:00:00,
1.222120814,9633124,Ipek Oz,Loeb v Ipek Oz,10,2023-12-04 12:28:51.206,1.47,2023-12-04 18:00:00,
1.222120814,9633124,Ipek Oz,Loeb v Ipek Oz,20,2023-12-04 14:08:22.673,1.47,2023-12-04 18:00:00,
1.222120814,9633124,Ipek Oz,Loeb v Ipek Oz,30,2023-12-04 15:01:43.128,1.4,2023-12-04 18:00:00,
1.222120814,9633124,Ipek Oz,Loeb v Ipek Oz,40,2023-12-04 15:25:32.309,1.45,2023-12-04 18:00:00,
1.222120814,9633124,Ipek Oz,Loeb v Ipek Oz,50,2023-12-04 17:04:21.298,1.45,2023-12-04 18:00:00,
1.222120814,9633124,Ipek Oz,Loeb v Ipek Oz,60,2023-12-04 17:38:32.963,1.53,2023-12-04 18:00:00,
1.222120814,9633124,Ipek Oz,Loeb v Ipek Oz,70,2023-12-04 17:54:24.003,1.55,2023-12-04 18:00:00,
1.222120814,9633124,Ipek Oz,Loeb v Ipek Oz,80,2023-12-04 18:09:39.539,1.54,2023-12-04 18:20:00,
1.222120814,9633124,Ipek Oz,Loeb v Ipek Oz,90,2023-12-04 18:14:34.067,1.55,2023-12-04 18:20:00,
1.222120814,9633124,Ipek Oz,Loeb v Ipek Oz,100,2023-12-04 18:19:35.509,1.56,2023-12-04 18:20:00,
1.222121172,7795590,Despina Papamichail,Papamichail v Vict Hu,0,2023-12-04 05:49:41.556,1.77,2023-12-05 00:00:00,
1.222121172,7795590,Despina Papamichail,Papamichail v Vict Hu,10,2023-12-04 18:32:26.467,1.78,2023-12-05 00:00:00,
1.222121172,7795590,Despina Papamichail,Papamichail v Vict Hu,20,2023-12-05 01:22:24.167,1.82,2023-12-05 16:30:00,
1.222121172,7795590,Despina Papamichail,Papamichail v Vict Hu,30,2023-12-05 10:59:45.618,1.76,2023-12-05 16:30:00,
1.222121172,7795590,Despina Papamichail,Papamichail v Vict Hu,40,2023-12-05 11:51:39.576,1.77,2023-12-05 16:30:00,
1.222121172,7795590,Despina Papamichail,Papamichail v Vict Hu,50,2023-12-05 12:59:18.595,1.7,2023-12-05 16:30:00,
1.222121172,7795590,Despina Papamichail,Papamichail v Vict Hu,60,2023-12-05 13:31:35.646,1.69,2023-12-05 16:30:00,
1.222121172,7795590,Despina Papamichail,Papamichail v Vict Hu,70,2023-12-05 14:46:30.554,1.64,2023-12-05 16:30:00,
1.222121172,7795590,Despina Papamichail,Papamichail v Vict Hu,80,2023-12-05 16:02:28.172,1.64,2023-12-05 16:30:00,
1.222121172,7795590,Despina Papamichail,Papamichail v Vict Hu,90,2023-12-05 16:24:29.244,1.62,2023-12-05 16:30:00,
1.222121172,7795590,Despina Papamichail,Papamichail v Victo Hu,100,2023-12-05 16:49:47.054,1.53,2023-12-05 16:50:00,
1.222121172,12737380,Victoria Hu,Papamichail v Vict Hu,0,2023-12-04 05:17:32.222,2.22,2023-12-05 00:00:00,
1.222121172,12737380,Victoria Hu,Papamichail v Vict Hu,10,2023-12-04 05:40:11.138,2.22,2023-12-05 00:00:00,
1.222121172,12737380,Victoria Hu,Papamichail v Vict Hu,20,2023-12-04 13:20:24.463,2.2,2023-12-05 00:00:00,
1.222121172,12737380,Victoria Hu,Papamichail v Vict Hu,30,2023-12-04 19:49:38.890,2.2,2023-12-05 00:00:00,
1.222121172,12737380,Victoria Hu,Papamichail v Vict Hu,40,2023-12-05 10:59:45.618,2.36,2023-12-05 16:30:00,
1.222121172,12737380,Victoria Hu,Papamichail v Vict Hu,50,2023-12-05 11:25:45.131,2.26,2023-12-05 16:30:00,
1.222121172,12737380,Victoria Hu,Papamichail v Vict Hu,60,2023-12-05 16:09:24.009,2.6,2023-12-05 16:30:00,
1.222121172,12737380,Victoria Hu,Papamichail v Vict Hu,70,2023-12-05 16:29:47.318,2.68,2023-12-05 16:30:00,
1.222121172,12737380,Victoria Hu,Papamichail v Victo Hu,80,2023-12-05 16:40:45.998,2.7,2023-12-05 16:45:00,
1.222121172,12737380,Victoria Hu,Papamichail v Victo Hu,90,2023-12-05 16:43:40.754,2.66,2023-12-05 16:45:00,
1.222121172,12737380,Victoria Hu,Papamichail v Victo Hu,100,2023-12-05 16:49:47.054,2.64,2023-12-05 16:50:00,
1.222121192,9627974,Daria Lodikova,Dar Lodikova v Grammatikopoulou,0,2023-12-04 15:54:35.448,2.88,2023-12-04 19:30:00,
1.222121192,9627974,Daria Lodikova,Dar Lodikova v Grammatikopoulou,10,2023-12-04 16:51:40.605,3.0,2023-12-04 19:30:00,
1.222121192,9627974,Daria Lodikova,Dar Lodikova v Grammatikopoulou,20,2023-12-04 19:01:36.067,3.05,2023-12-04 19:30:00,
1.222121192,9627974,Daria Lodikova,Dar Lodikova v Grammatikopoulou,30,2023-12-04 19:09:42.188,3.15,2023-12-04 19:30:00,
1.222121192,9627974,Daria Lodikova,Dar Lodikova v Grammatikopoulou,40,2023-12-04 19:44:47.439,3.1,2023-12-04 20:00:00,
1.222121192,9627974,Daria Lodikova,Dar Lodikova v Grammatikopoulou,50,2023-12-04 19:55:47.690,3.0,2023-12-04 20:00:00,
1.222121192,9627974,Daria Lodikova,Dar Lodikova v Grammatikopoulou,60,2023-12-04 20:23:48.584,2.9,2023-12-04 20:30:00,
1.222121192,9627974,Daria Lodikova,Dar Lodikova v Grammatikopoulou,70,2023-12-04 20:24:50.603,2.88,2023-12-04 20:30:00,
1.222121192,9627974,Daria Lodikova,Dar Lodikova v Grammatikopoulou,80,2023-12-04 20:28:46.527,2.92,2023-12-04 20:30:00,
1.222121192,9627974,Daria Lodikova,Dar Lodikova v Grammatikopoulou,90,2023-12-04 20:29:48.257,2.88,2023-12-04 20:35:00,
1.222121192,9627974,Daria Lodikova,Dar Lodikova v Grammatikopoulou,100,2023-12-04 20:33:48.384,2.98,2023-12-04 20:35:00,
1.222121192,9630231,Valentini Grammatikopou,Dar Lodikova v Grammatikopoulou,0,2023-12-04 16:51:40.605,1.5,2023-12-04 19:30:00,
1.222121192,9630231,Valentini Grammatikopou,Dar Lodikova v Grammatikopoulou,10,2023-12-04 18:23:35.788,1.43,2023-12-04 19:30:00,
1.222121192,9630231,Valentini Grammatikopou,Dar Lodikova v Grammatikopoulou,20,2023-12-04 19:09:42.188,1.47,2023-12-04 19:30:00,
1.222121192,9630231,Valentini Grammatikopou,Dar Lodikova v Grammatikopoulou,30,2023-12-04 19:33:37.109,1.49,2023-12-04 19:40:00,
1.222121192,9630231,Valentini Grammatikopou,Dar Lodikova v Grammatikopoulou,40,2023-12-04 19:38:48.147,1.49,2023-12-04 19:50:00,
1.222121192,9630231,Valentini Grammatikopou,Dar Lodikova v Grammatikopoulou,50,2023-12-04 19:47:47.775,1.47,2023-12-04 20:00:00,
1.222121192,9630231,Valentini Grammatikopou,Dar Lodikova v Grammatikopoulou,60,2023-12-04 20:22:47.558,1.5,2023-12-04 20:30:00,
1.222121192,9630231,Valentini Grammatikopou,Dar Lodikova v Grammatikopoulou,70,2023-12-04 20:24:50.603,1.52,2023-12-04 20:30:00,
1.222121192,9630231,Valentini Grammatikopou,Dar Lodikova v Grammatikopoulou,80,2023-12-04 20:27:45.851,1.52,2023-12-04 20:30:00,
1.222121192,9630231,Valentini Grammatikopou,Dar Lodikova v Grammatikopoulou,90,2023-12-04 20:29:48.257,1.54,2023-12-04 20:35:00,
1.222121192,9630231,Valentini Grammatikopou,Dar Lodikova v Grammatikopoulou,100,2023-12-04 20:32:48.593,1.5,2023-12-04 20:35:00,
1.222121369,6531033,Ekaterine Gorgodze,Julian Rodriguez v Gorgodze,0,2023-12-04 05:45:54.041,1.03,2023-12-05 00:00:00,
1.222121369,6531033,Ekaterine Gorgodze,Julian Rodriguez v Gorgodze,10,2023-12-04 21:39:52.010,1.04,2023-12-05 00:00:00,
1.222121369,6531033,Ekaterine Gorgodze,Jul Rodriguez v Gorgodze,20,2023-12-05 15:07:11.993,1.04,2023-12-05 18:00:00,
1.222121369,6531033,Ekaterine Gorgodze,Jul Rodriguez v Gorgodze,30,2023-12-05 15:35:59.743,1.03,2023-12-05 18:00:00,
1.222121369,6531033,Ekaterine Gorgodze,Jul Rodriguez v Gorgodze,40,2023-12-05 16:37:40.532,1.03,2023-12-05 18:00:00,
1.222121369,6531033,Ekaterine Gorgodze,Jul Rodriguez v Gorgodze,50,2023-12-05 17:00:59.025,1.04,2023-12-05 18:00:00,
1.222121369,6531033,Ekaterine Gorgodze,Jul Rodriguez v Gorgodze,60,2023-12-05 17:22:33.266,1.04,2023-12-05 18:00:00,
1.222121369,6531033,Ekaterine Gorgodze,Jul Rodriguez v Gorgodze,70,2023-12-05 17:56:51.598,1.03,2023-12-05 18:00:00,
1.222121369,6531033,Ekaterine Gorgodze,Jul Rodriguez v Gorgodze,80,2023-12-05 18:59:56.702,1.03,2023-12-05 19:10:00,
1.222121369,6531033,Ekaterine Gorgodze,Jul Rodriguez v Gorgodze,90,2023-12-05 19:01:01.017,1.04,2023-12-05 19:10:00,
1.222121369,6531033,Ekaterine Gorgodze,Jul Rodriguez v Gorgodze,100,2023-12-05 19:09:02.305,1.02,2023-12-05 19:10:00,2023-12-05 19:04:01.513
1.222121638,12154010,Leyre Romero Gormaz,Ley Romero Gormaz v Robi Montgomery,0,2023-12-04 07:12:00.744,2.0,2023-12-05 00:00:00,
1.222121638,12154010,Leyre Romero Gormaz,Ley Romero Gormaz v Robi Montgomery,10,2023-12-04 07:43:05.264,2.04,2023-12-05 00:00:00,
1.222121638,12154010,Leyre Romero Gormaz,Ley Romero Gormaz v Robi Montgomery,20,2023-12-05 04:48:11.290,1.98,2023-12-05 15:00:00,
1.222121638,12154010,Leyre Romero Gormaz,Ley Romero Gormaz v Robi Montgomery,30,2023-12-05 12:18:20.656,2.06,2023-12-05 15:00:00,
1.222121638,12154010,Leyre Romero Gormaz,Ley Romero Gormaz v Robi Montgomery,40,2023-12-05 12:32:08.401,1.98,2023-12-05 15:00:00,
1.222121638,12154010,Leyre Romero Gormaz,Ley Romero Gormaz v Robi Montgomery,50,2023-12-05 13:16:05.483,1.98,2023-12-05 15:00:00,
1.222121638,12154010,Leyre Romero Gormaz,Ley Romero Gormaz v Robi Montgomery,60,2023-12-05 14:21:05.571,1.94,2023-12-05 15:00:00,
1.222121638,12154010,Leyre Romero Gormaz,Ley Romero Gormaz v Robi Montgomery,70,2023-12-05 14:47:05.598,1.95,2023-12-05 15:00:00,
1.222121638,12154010,Leyre Romero Gormaz,Ley Romero Gormaz v Robin Montgomery,80,2023-12-05 15:01:07.086,1.97,2023-12-05 15:10:00,
1.222121638,12154010,Leyre Romero Gormaz,Ley Romero Gormaz v Robin Montgomery,90,2023-12-05 15:04:05.685,1.96,2023-12-05 15:10:00,
1.222121638,12154010,Leyre Romero Gormaz,Ley Romero Gormaz v Robin Montgomery,100,2023-12-05 15:07:06.268,1.99,2023-12-05 15:10:00,
1.222121638,24143439,Robin Montgomery,Ley Romero Gormaz v Robi Montgomery,0,2023-12-04 07:40:04.086,1.94,2023-12-05 00:00:00,
1.222121638,24143439,Robin Montgomery,Ley Romero Gormaz v Robi Montgomery,10,2023-12-04 07:43:05.264,1.96,2023-12-05 00:00:00,
1.222121638,24143439,Robin Montgomery,Ley Romero Gormaz v Robi Montgomery,20,2023-12-04 13:18:18.416,1.93,2023-12-05 00:00:00,
1.222121638,24143439,Robin Montgomery,Ley Romero Gormaz v Robi Montgomery,30,2023-12-04 18:40:01.739,1.83,2023-12-05 00:00:00,
1.222121638,24143439,Robin Montgomery,Ley Romero Gormaz v Robi Montgomery,40,2023-12-05 11:41:42.340,2.0,2023-12-05 15:00:00,
1.222121638,24143439,Robin Montgomery,Ley Romero Gormaz v Robi Montgomery,50,2023-12-05 12:32:08.401,2.02,2023-12-05 15:00:00,
1.222121638,24143439,Robin Montgomery,Ley Romero Gormaz v Robi Montgomery,60,2023-12-05 13:19:05.748,2.04,2023-12-05 15:00:00,
1.222121638,24143439,Robin Montgomery,Ley Romero Gormaz v Robi Montgomery,70,2023-12-05 14:19:50.618,2.02,2023-12-05 15:00:00,
1.222121638,24143439,Robin Montgomery,Ley Romero Gormaz v Robin Montgomery,80,2023-12-05 14:55:06.756,2.0,2023-12-05 15:10:00,
1.222121638,24143439,Robin Montgomery,Ley Romero Gormaz v Robin Montgomery,90,2023-12-05 15:00:06.501,2.0,2023-12-05 15:10:00,
1.222121638,24143439,Robin Montgomery,Ley Romero Gormaz v Robin Montgomery,100,2023-12-05 15:08:07.698,2.04,2023-12-05 15:10:00,
1.222126678,10874360,Haley Giavara,Hal Giavara v Ju Caffarena,0,2023-12-04 09:56:43.219,1.04,2023-12-04 19:00:00,
1.222126678,10874360,Haley Giavara,Hal Giavara v Ju Caffarena,10,2023-12-04 16:19:38.902,1.05,2023-12-04 19:00:00,
1.222126678,10874360,Haley Giavara,Hal Giavara v Ju Caffarena,20,2023-12-04 17:20:57.073,1.06,2023-12-04 19:00:00,
1.222126678,10874360,Haley Giavara,Hal Giavara v Ju Caffarena,30,2023-12-04 18:37:46.459,1.14,2023-12-04 19:00:00,
1.222126678,10874360,Haley Giavara,Hal Giavara v Ju Caffarena,40,2023-12-04 18:38:47.508,1.05,2023-12-04 19:00:00,
1.222126678,10874360,Haley Giavara,Hal Giavara v Ju Caffarena,50,2023-12-04 18:39:43.543,1.09,2023-12-04 19:00:00,
1.222126678,10874360,Haley Giavara,Hal Giavara v Ju Caffarena,60,2023-12-04 18:41:45.888,1.06,2023-12-04 19:00:00,
1.222126678,10874360,Haley Giavara,Hal Giavara v Ju Caffarena,70,2023-12-04 18:42:47.842,1.05,2023-12-04 19:00:00,
1.222126678,10874360,Haley Giavara,Hal Giavara v Ju Caffarena,80,2023-12-04 18:48:39.477,1.07,2023-12-04 19:00:00,
1.222126678,10874360,Haley Giavara,Hal Giavara v Ju Caffarena,90,2023-12-04 18:51:21.032,1.06,2023-12-04 19:00:00,
1.222126678,10874360,Haley Giavara,Hal Giavara v Ju Caffarena,100,2023-12-04 19:04:46.097,1.05,2023-12-04 19:10:00,
1.222126678,62870053,Julia Caffarena,Hal Giavara v Ju Caffarena,0,2023-12-04 16:51:33.967,22.0,2023-12-04 19:00:00,
1.222126678,62870053,Julia Caffarena,Hal Giavara v Ju Caffarena,10,2023-12-04 17:00:34.896,21.0,2023-12-04 19:00:00,
1.222126678,62870053,Julia Caffarena,Hal Giavara v Ju Caffarena,20,2023-12-04 18:05:15.751,18.5,2023-12-04 19:00:00,
1.222126678,62870053,Julia Caffarena,Hal Giavara v Ju Caffarena,30,2023-12-04 18:39:43.543,8.6,2023-12-04 19:00:00,
1.222126678,62870053,Julia Caffarena,Hal Giavara v Ju Caffarena,40,2023-12-04 18:41:45.888,18.5,2023-12-04 19:00:00,
1.222126678,62870053,Julia Caffarena,Hal Giavara v Ju Caffarena,50,2023-12-04 18:45:43.482,24.0,2023-12-04 19:00:00,
1.222126678,62870053,Julia Caffarena,Hal Giavara v Ju Caffarena,60,2023-12-04 18:47:02.980,24.0,2023-12-04 19:00:00,
1.222126678,62870053,Julia Caffarena,Hal Giavara v Ju Caffarena,70,2023-12-04 18:48:39.477,17.5,2023-12-04 19:00:00,
1.222126678,62870053,Julia Caffarena,Hal Giavara v Ju Caffarena,80,2023-12-04 18:50:46.937,16.5,2023-12-04 19:00:00,
1.222126678,62870053,Julia Caffarena,Hal Giavara v Ju Caffarena,90,2023-12-04 18:52:37.393,17.0,2023-12-04 19:00:00,
1.222126678,62870053,Julia Caffarena,Hal Giavara v Ju Caffarena,100,2023-12-04 19:06:47.233,19.0,2023-12-04 19:10:00,
1.222126721,2263576,Varvara Lepchenko,Lepchenko v Ro Ccuno,0,2023-12-04 10:42:27.090,1.07,2023-12-04 16:30:00,
1.222126721,2263576,Varvara Lepchenko,Lepchenko v Ro Ccuno,10,2023-12-04 13:19:12.189,1.09,2023-12-04 16:30:00,
1.222126721,2263576,Varvara Lepchenko,Lepchenko v Ro Ccuno,20,2023-12-04 14:07:36.097,1.11,2023-12-04 16:30:00,
1.222126721,2263576,Varvara Lepchenko,Lepchenko v Ro Ccuno,30,2023-12-04 14:20:52.183,1.12,2023-12-04 16:30:00,
1.222126721,2263576,Varvara Lepchenko,Lepchenko v Ro Ccuno,40,2023-12-04 15:13:51.842,1.11,2023-12-04 16:30:00,
1.222126721,2263576,Varvara Lepchenko,Lepchenko v Ro Ccuno,50,2023-12-04 15:47:39.728,1.11,2023-12-04 16:30:00,
1.222126721,2263576,Varvara Lepchenko,Lepchenko v Ro Ccuno,60,2023-12-04 16:05:52.792,1.13,2023-12-04 16:30:00,
1.222126721,2263576,Varvara Lepchenko,Lepchenko v Ro Ccuno,70,2023-12-04 16:08:17.394,1.11,2023-12-04 16:30:00,
1.222126721,2263576,Varvara Lepchenko,Lepchenko v Ro Ccuno,80,2023-12-04 16:12:53.722,1.12,2023-12-04 16:30:00,
1.222126721,2263576,Varvara Lepchenko,Lepchenko v Ro Ccuno,90,2023-12-04 16:21:54.000,1.13,2023-12-04 16:30:00,
1.222126721,2263576,Varvara Lepchenko,Lepchenko v Ro Ccuno,100,2023-12-04 16:29:46.029,1.15,2023-12-04 16:30:00,
1.222126721,25097855,Romina Ccuno,Lepchenko v Ro Ccuno,0,2023-12-04 13:31:32.553,12.0,2023-12-04 16:30:00,
1.222126721,25097855,Romina Ccuno,Lepchenko v Ro Ccuno,10,2023-12-04 14:07:36.097,9.6,2023-12-04 16:30:00,
1.222126721,25097855,Romina Ccuno,Lepchenko v Ro Ccuno,20,2023-12-04 14:42:49.078,9.4,2023-12-04 16:30:00,
1.222126721,25097855,Romina Ccuno,Lepchenko v Ro Ccuno,30,2023-12-04 16:04:34.322,9.6,2023-12-04 16:30:00,
1.222126721,25097855,Romina Ccuno,Lepchenko v Ro Ccuno,40,2023-12-04 16:07:07.962,9.0,2023-12-04 16:30:00,
1.222126721,25097855,Romina Ccuno,Lepchenko v Ro Ccuno,50,2023-12-04 16:11:03.625,9.4,2023-12-04 16:30:00,
1.222126721,25097855,Romina Ccuno,Lepchenko v Ro Ccuno,60,2023-12-04 16:13:10.970,9.2,2023-12-04 16:30:00,
1.222126721,25097855,Romina Ccuno,Lepchenko v Ro Ccuno,70,2023-12-04 16:24:55.531,8.4,2023-12-04 16:30:00,
1.222126721,25097855,Romina Ccuno,Lepchenko v Ro Ccuno,80,2023-12-04 16:25:32.761,8.6,2023-12-04 16:30:00,
1.222126721,25097855,Romina Ccuno,Lepchenko v Ro Ccuno,90,2023-12-04 16:27:51.690,8.2,2023-12-04 16:30:00,
1.222126721,25097855,Romina Ccuno,Lepchenko v Ro Ccuno,100,2023-12-04 16:29:46.029,7.8,2023-12-04 16:30:00,
1.222126764,8624170,Freya Christie,An Rogers v Christie,0,2023-12-04 10:11:50.453,2.02,2023-12-04 16:30:00,
1.222126764,8624170,Freya Christie,An Rogers v Christie,10,2023-12-04 10:42:55.319,2.06,2023-12-04 16:30:00,
1.222126764,8624170,Freya Christie,An Rogers v Christie,20,2023-12-04 12:01:02.488,2.16,2023-12-04 16:30:00,
1.222126764,8624170,Freya Christie,An Rogers v Christie,30,2023-12-04 12:04:00.576,2.22,2023-12-04 16:30:00,
1.222126764,8624170,Freya Christie,An Rogers v Christie,40,2023-12-04 12:15:44.500,2.24,2023-12-04 16:30:00,
1.222126764,8624170,Freya Christie,An Rogers v Christie,50,2023-12-04 13:20:01.236,2.3,2023-12-04 16:30:00,
1.222126764,8624170,Freya Christie,An Rogers v Christie,60,2023-12-04 15:23:33.569,2.3,2023-12-04 16:30:00,
1.222126764,8624170,Freya Christie,An Rogers v Christie,70,2023-12-04 15:32:25.271,2.36,2023-12-04 16:30:00,
1.222126764,8624170,Freya Christie,An Rogers v Christie,80,2023-12-04 16:04:43.546,2.42,2023-12-04 16:30:00,
1.222126764,8624170,Freya Christie,An Rogers v Christie,90,2023-12-04 16:07:08.066,2.46,2023-12-04 16:30:00,
1.222126764,8624170,Freya Christie,An Rogers v Christie,100,2023-12-04 16:26:26.109,2.56,2023-12-04 16:30:00,
1.222126764,19446981,Anna Rogers,An Rogers v Christie,0,2023-12-04 08:17:51.433,2.02,2023-12-04 16:30:00,
1.222126764,19446981,Anna Rogers,An Rogers v Christie,10,2023-12-04 10:27:55.363,1.98,2023-12-04 16:30:00,
1.222126764,19446981,Anna Rogers,An Rogers v Christie,20,2023-12-04 10:50:34.052,1.86,2023-12-04 16:30:00,
1.222126764,19446981,Anna Rogers,An Rogers v Christie,30,2023-12-04 12:01:02.488,1.89,2023-12-04 16:30:00,
1.222126764,19446981,Anna Rogers,An Rogers v Christie,40,2023-12-04 13:20:01.236,1.76,2023-12-04 16:30:00,
1.222126764,19446981,Anna Rogers,An Rogers v Christie,50,2023-12-04 15:23:33.569,1.72,2023-12-04 16:30:00,
1.222126764,19446981,Anna Rogers,An Rogers v Christie,60,2023-12-04 15:34:56.363,1.71,2023-12-04 16:30:00,
1.222126764,19446981,Anna Rogers,An Rogers v Christie,70,2023-12-04 16:07:08.066,1.69,2023-12-04 16:30:00,
1.222126764,19446981,Anna Rogers,An Rogers v Christie,80,2023-12-04 16:13:00.725,1.66,2023-12-04 16:30:00,
1.222126764,19446981,Anna Rogers,An Rogers v Christie,90,2023-12-04 16:19:13.973,1.64,2023-12-04 16:30:00,
1.222126764,19446981,Anna Rogers,An Rogers v Christie,100,2023-12-04 16:28:02.509,1.62,2023-12-04 16:30:00,
1.222152718,11942064,Mccartney Kessler,Fra Curmi v Mccar Kessler,0,2023-12-04 17:09:18.341,1.45,2023-12-06 00:00:00,
1.222152718,11942064,Mccartney Kessler,Fra Curmi v Mccar Kessler,10,2023-12-05 15:33:38.972,1.64,2023-12-06 00:00:00,
1.222152718,11942064,Mccartney Kessler,Fra Curmi v Mccar Kessler,20,2023-12-06 07:17:04.448,1.55,2023-12-06 12:00:00,
1.222152718,11942064,Mccartney Kessler,Fra Curmi v Mccar Kessler,30,2023-12-06 09:26:04.000,1.56,2023-12-06 12:00:00,
1.222152718,11942064,Mccartney Kessler,Fra Curmi v Mccar Kessler,40,2023-12-06 11:46:00.555,1.55,2023-12-06 12:00:00,
1.222152718,11942064,Mccartney Kessler,Fra Curmi v Mccar Kessler,50,2023-12-06 12:06:12.750,1.53,2023-12-06 12:15:00,
1.222152718,11942064,Mccartney Kessler,Fra Curmi v Mccar Kessler,60,2023-12-06 12:18:06.133,1.52,2023-12-06 12:30:00,
1.222152718,11942064,Mccartney Kessler,Fra Curmi v Mccar Kessler,70,2023-12-06 12:34:08.824,1.54,2023-12-06 12:40:00,
1.222152718,11942064,Mccartney Kessler,Fra Curmi v Mccar Kessler,80,2023-12-06 13:02:04.727,1.53,2023-12-06 13:10:00,
1.222152718,11942064,Mccartney Kessler,Fra Curmi v Mccar Kessler,90,2023-12-06 13:44:11.344,1.55,2023-12-06 13:50:00,
1.222152718,11942064,Mccartney Kessler,Fra Curmi v Mccar Kessler,100,2023-12-06 13:54:15.479,1.56,2023-12-06 13:55:00,2023-12-06 13:54:15.479
1.222152718,18849074,Francesca Curmi,Fra Curmi v Mccar Kessler,0,2023-12-05 15:33:38.972,2.56,2023-12-06 00:00:00,
1.222152718,18849074,Francesca Curmi,Fra Curmi v Mccar Kessler,10,2023-12-06 09:26:04.000,2.8,2023-12-06 12:00:00,
1.222152718,18849074,Francesca Curmi,Fra Curmi v Mccar Kessler,20,2023-12-06 10:31:12.377,2.8,2023-12-06 12:00:00,
1.222152718,18849074,Francesca Curmi,Fra Curmi v Mccar Kessler,30,2023-12-06 11:44:13.351,2.76,2023-12-06 12:00:00,
1.222152718,18849074,Francesca Curmi,Fra Curmi v Mccar Kessler,40,2023-12-06 11:56:04.719,2.78,2023-12-06 12:00:00,
1.222152718,18849074,Francesca Curmi,Fra Curmi v Mccar Kessler,50,2023-12-06 12:33:14.761,2.86,2023-12-06 12:40:00,
1.222152718,18849074,Francesca Curmi,Fra Curmi v Mccar Kessler,60,2023-12-06 12:36:05.748,2.86,2023-12-06 12:40:00,
1.222152718,18849074,Francesca Curmi,Fra Curmi v Mccar Kessler,70,2023-12-06 12:40:05.630,2.78,2023-12-06 12:50:00,
1.222152718,18849074,Francesca Curmi,Fra Curmi v Mccar Kessler,80,2023-12-06 13:21:13.855,2.76,2023-12-06 13:25:00,
1.222152718,18849074,Francesca Curmi,Fra Curmi v Mccar Kessler,90,2023-12-06 13:45:01.449,2.8,2023-12-06 13:50:00,
1.222152718,18849074,Francesca Curmi,Fra Curmi v Mccar Kessler,100,2023-12-06 13:52:15.474,3.0,2023-12-06 13:55:00,
1.222169502,9629258,Cristina Bucsa,Bucsa v Boskovic,0,2023-12-05 10:36:54.675,1.52,2023-12-06 00:00:00,
1.222169502,9629258,Cristina Bucsa,Bucsa v Boskovic,10,2023-12-05 21:11:52.831,1.5,2023-12-06 19:00:00,
1.222169502,9629258,Cristina Bucsa,Bucsa v Boskovic,20,2023-12-06 10:18:52.104,1.51,2023-12-06 19:00:00,
1.222169502,9629258,Cristina Bucsa,Bucsa v Boskovic,30,2023-12-06 18:04:21.625,1.5,2023-12-06 19:00:00,
1.222169502,9629258,Cristina Bucsa,Bucsa v Boskovic,40,2023-12-06 18:37:37.055,1.53,2023-12-06 19:00:00,
1.222169502,9629258,Cristina Bucsa,Bucsa v Boskovic,50,2023-12-06 18:56:05.819,1.54,2023-12-06 19:00:00,
1.222169502,9629258,Cristina Bucsa,Bucsa v Boskovic,60,2023-12-06 19:21:13.641,1.55,2023-12-06 19:40:00,
1.222169502,9629258,Cristina Bucsa,Bucsa v Boskovic,70,2023-12-06 19:44:07.118,1.53,2023-12-06 20:00:00,
1.222169502,9629258,Cristina Bucsa,Bucsa v Boskovic,80,2023-12-06 20:27:09.411,1.51,2023-12-06 20:30:00,
1.222169502,9629258,Cristina Bucsa,Bucsa v Boskovic,90,2023-12-06 21:29:12.171,1.5,2023-12-06 21:30:00,
1.222169502,9629258,Cristina Bucsa,Bucsa v Boskovic,100,2023-12-06 21:39:11.453,1.48,2023-12-06 21:40:00,
1.222169502,9635142,Lea Boskovic,Bucsa v Boskovic,0,2023-12-06 11:29:32.506,2.98,2023-12-06 19:00:00,
1.222169502,9635142,Lea Boskovic,Bucsa v Boskovic,10,2023-12-06 18:25:42.260,3.0,2023-12-06 19:00:00,
1.222169502,9635142,Lea Boskovic,Bucsa v Boskovic,20,2023-12-06 18:51:13.374,2.94,2023-12-06 19:00:00,
1.222169502,9635142,Lea Boskovic,Bucsa v Boskovic,30,2023-12-06 18:55:09.229,2.8,2023-12-06 19:00:00,
1.222169502,9635142,Lea Boskovic,Bucsa v Boskovic,40,2023-12-06 19:15:11.222,2.82,2023-12-06 19:20:00,
1.222169502,9635142,Lea Boskovic,Bucsa v Boskovic,50,2023-12-06 20:07:05.403,2.9,2023-12-06 20:30:00,
1.222169502,9635142,Lea Boskovic,Bucsa v Boskovic,60,2023-12-06 21:08:06.055,3.0,2023-12-06 21:30:00,
1.222169502,9635142,Lea Boskovic,Bucsa v Boskovic,70,2023-12-06 21:13:05.558,2.94,2023-12-06 21:30:00,
1.222169502,9635142,Lea Boskovic,Bucsa v Boskovic,80,2023-12-06 21:16:04.445,2.96,2023-12-06 21:30:00,
1.222169502,9635142,Lea Boskovic,Bucsa v Boskovic,90,2023-12-06 21:29:12.171,2.96,2023-12-06 21:30:00,
1.222169502,9635142,Lea Boskovic,Bucsa v Boskovic,100,2023-12-06 21:39:11.453,3.05,2023-12-06 21:40:00,
1.222169974,11772828,M Timofeeva,M Timofeeva v K Volodko,0,2023-12-05 02:34:09.572,2.08,2023-12-05 08:00:00,
1.222169974,11772828,M Timofeeva,M Timofeeva v K Volodko,10,2023-12-05 04:52:11.080,1.79,2023-12-05 08:00:00,
1.222169974,11772828,M Timofeeva,M Timofeeva v K Volodko,20,2023-12-05 05:05:23.338,1.65,2023-12-05 08:00:00,
1.222169974,11772828,M Timofeeva,M Timofeeva v K Volodko,30,2023-12-05 05:23:29.158,1.8,2023-12-05 08:00:00,
1.222169974,11772828,M Timofeeva,M Timofeeva v K Volodko,40,2023-12-05 05:55:25.158,1.72,2023-12-05 08:00:00,
1.222169974,11772828,M Timofeeva,M Timofeeva v K Volodko,50,2023-12-05 06:10:12.635,1.88,2023-12-05 08:00:00,
1.222169974,11772828,M Timofeeva,M Timofeeva v K Volodko,60,2023-12-05 06:23:29.624,1.88,2023-12-05 08:00:00,
1.222169974,11772828,M Timofeeva,M Timofeeva v K Volodko,70,2023-12-05 06:30:19.599,1.58,2023-12-05 08:00:00,
1.222169974,11772828,M Timofeeva,M Timofeeva v K Volodko,80,2023-12-05 06:48:06.603,1.84,2023-12-05 08:10:00,
1.222169974,11772828,M Timofeeva,M Timofeeva v K Volodko,90,2023-12-05 07:50:26.390,1.96,2023-12-05 08:10:00,
1.222169974,11772828,M Timofeeva,M Timofeeva v K Volodko,100,2023-12-05 08:17:13.152,1.96,2023-12-05 08:20:00,
1.222169974,44536978,K Volodko,M Timofeeva v K Volodko,0,2023-12-05 02:34:09.572,1.92,2023-12-05 08:00:00,
1.222169974,44536978,K Volodko,M Timofeeva v K Volodko,10,2023-12-05 04:48:25.591,3.0,2023-12-05 08:00:00,
1.222169974,44536978,K Volodko,M Timofeeva v K Volodko,20,2023-12-05 05:05:23.338,2.54,2023-12-05 08:00:00,
1.222169974,44536978,K Volodko,M Timofeeva v K Volodko,30,2023-12-05 05:27:14.921,2.48,2023-12-05 08:00:00,
1.222169974,44536978,K Volodko,M Timofeeva v K Volodko,40,2023-12-05 05:44:37.696,2.4,2023-12-05 08:00:00,
1.222169974,44536978,K Volodko,M Timofeeva v K Volodko,50,2023-12-05 06:08:28.796,1.95,2023-12-05 08:00:00,
1.222169974,44536978,K Volodko,M Timofeeva v K Volodko,60,2023-12-05 06:21:16.048,1.95,2023-12-05 08:00:00,
1.222169974,44536978,K Volodko,M Timofeeva v K Volodko,70,2023-12-05 06:28:28.052,1.97,2023-12-05 08:00:00,
1.222169974,44536978,K Volodko,M Timofeeva v K Volodko,80,2023-12-05 06:49:14.060,2.48,2023-12-05 08:10:00,
1.222169974,44536978,K Volodko,M Timofeeva v K Volodko,90,2023-12-05 07:46:01.011,2.06,2023-12-05 08:10:00,
1.222169974,44536978,K Volodko,M Timofeeva v K Volodko,100,2023-12-05 08:16:29.298,1.95,2023-12-05 08:20:00,
1.222169994,5039835,A Rodionova,A Rodionova v A Tikhonova,0,2023-12-05 04:38:59.793,2.44,2023-12-05 06:30:00,
1.222169994,5039835,A Rodionova,A Rodionova v A Tikhonova,10,2023-12-05 04:47:15.260,2.1,2023-12-05 06:30:00,
1.222169994,5039835,A Rodionova,A Rodionova v A Tikhonova,20,2023-12-05 05:00:17.098,2.06,2023-12-05 06:30:00,
1.222169994,5039835,A Rodionova,A Rodionova v A Tikhonova,30,2023-12-05 05:01:20.630,2.1,2023-12-05 06:30:00,
1.222169994,5039835,A Rodionova,A Rodionova v A Tikhonova,40,2023-12-05 05:30:33.038,1.98,2023-12-05 06:30:00,
1.222169994,5039835,A Rodionova,A Rodionova v A Tikhonova,50,2023-12-05 05:46:21.926,1.97,2023-12-05 06:30:00,
1.222169994,5039835,A Rodionova,A Rodionova v A Tikhonova,60,2023-12-05 06:12:28.153,2.14,2023-12-05 06:30:00,
1.222169994,5039835,A Rodionova,A Rodionova v A Tikhonova,70,2023-12-05 06:18:28.298,2.0,2023-12-05 06:30:00,
1.222169994,5039835,A Rodionova,A Rodionova v A Tikhonova,80,2023-12-05 06:20:42.703,2.1,2023-12-05 06:30:00,
1.222169994,5039835,A Rodionova,A Rodionova v A Tikhonova,90,2023-12-05 06:24:22.159,2.04,2023-12-05 06:30:00,
1.222169994,5039835,A Rodionova,A Rodionova v A Tikhonova,100,2023-12-05 06:27:07.314,2.1,2023-12-05 06:30:00,
1.222169994,19921770,A Tikhonova,A Rodionova v A Tikhonova,0,2023-12-05 04:38:59.793,1.69,2023-12-05 06:30:00,
1.222169994,19921770,A Tikhonova,A Rodionova v A Tikhonova,10,2023-12-05 04:47:15.260,1.91,2023-12-05 06:30:00,
1.222169994,19921770,A Tikhonova,A Rodionova v A Tikhonova,20,2023-12-05 04:55:08.859,1.92,2023-12-05 06:30:00,
1.222169994,19921770,A Tikhonova,A Rodionova v A Tikhonova,30,2023-12-05 05:30:25.802,1.88,2023-12-05 06:30:00,
1.222169994,19921770,A Tikhonova,A Rodionova v A Tikhonova,40,2023-12-05 05:46:21.926,1.9,2023-12-05 06:30:00,
1.222169994,19921770,A Tikhonova,A Rodionova v A Tikhonova,50,2023-12-05 05:49:24.929,2.0,2023-12-05 06:30:00,
1.222169994,19921770,A Tikhonova,A Rodionova v A Tikhonova,60,2023-12-05 05:52:58.450,1.89,2023-12-05 06:30:00,
1.222169994,19921770,A Tikhonova,A Rodionova v A Tikhonova,70,2023-12-05 05:54:59.289,2.0,2023-12-05 06:30:00,
1.222169994,19921770,A Tikhonova,A Rodionova v A Tikhonova,80,2023-12-05 06:11:26.094,1.89,2023-12-05 06:30:00,
1.222169994,19921770,A Tikhonova,A Rodionova v A Tikhonova,90,2023-12-05 06:18:28.298,2.0,2023-12-05 06:30:00,
1.222169994,19921770,A Tikhonova,A Rodionova v A Tikhonova,100,2023-12-05 06:25:22.197,1.94,2023-12-05 06:30:00,
1.22217017,6551239,V Zvonareva,H Watson v V Zvonareva,0,2023-12-05 06:19:23.847,1.83,2023-12-05 10:00:00,
1.22217017,6551239,V Zvonareva,H Watson v V Zvonareva,10,2023-12-05 07:02:11.036,2.06,2023-12-05 10:00:00,
1.22217017,6551239,V Zvonareva,H Watson v V Zvonareva,20,2023-12-05 07:46:22.322,2.06,2023-12-05 10:00:00,
1.22217017,6551239,V Zvonareva,H Watson v V Zvonareva,30,2023-12-05 08:16:10.959,2.08,2023-12-05 10:00:00,
1.22217017,6551239,V Zvonareva,H Watson v V Zvonareva,40,2023-12-05 08:42:26.141,2.04,2023-12-05 10:00:00,
1.22217017,6551239,V Zvonareva,H Watson v V Zvonareva,50,2023-12-05 08:50:23.871,1.94,2023-12-05 10:00:00,
1.22217017,6551239,V Zvonareva,H Watson v V Zvonareva,60,2023-12-05 09:14:12.532,2.02,2023-12-05 10:00:00,
1.22217017,6551239,V Zvonareva,H Watson v V Zvonareva,70,2023-12-05 09:29:24.260,1.96,2023-12-05 10:00:00,
1.22217017,6551239,V Zvonareva,H Watson v V Zvonareva,80,2023-12-05 09:36:22.913,1.82,2023-12-05 10:00:00,
1.22217017,6551239,V Zvonareva,H Watson v V Zvonareva,90,2023-12-05 09:53:29.343,1.82,2023-12-05 10:00:00,
1.22217017,6551239,V Zvonareva,H Watson v V Zvonareva,100,2023-12-05 10:07:21.611,1.72,2023-12-05 10:10:00,2023-12-05 10:01:27.333
1.22217017,61559667,H Watson,H Watson v V Zvonareva,0,2023-12-04 23:34:06.689,1.82,2023-12-05 10:00:00,
1.22217017,61559667,H Watson,H Watson v V Zvonareva,10,2023-12-05 06:48:28.451,2.2,2023-12-05 10:00:00,
1.22217017,61559667,H Watson,H Watson v V Zvonareva,20,2023-12-05 07:11:04.180,2.16,2023-12-05 10:00:00,
1.22217017,61559667,H Watson,H Watson v V Zvonareva,30,2023-12-05 08:15:14.475,1.92,2023-12-05 10:00:00,
1.22217017,61559667,H Watson,H Watson v V Zvonareva,40,2023-12-05 08:28:26.147,1.92,2023-12-05 10:00:00,
1.22217017,61559667,H Watson,H Watson v V Zvonareva,50,2023-12-05 08:32:47.235,2.18,2023-12-05 10:00:00,
1.22217017,61559667,H Watson,H Watson v V Zvonareva,60,2023-12-05 08:44:18.156,2.12,2023-12-05 10:00:00,
1.22217017,61559667,H Watson,H Watson v V Zvonareva,70,2023-12-05 08:49:24.220,1.99,2023-12-05 10:00:00,
1.22217017,61559667,H Watson,H Watson v V Zvonareva,80,2023-12-05 08:56:26.556,1.92,2023-12-05 10:00:00,
1.22217017,61559667,H Watson,H Watson v V Zvonareva,90,2023-12-05 09:23:29.501,2.14,2023-12-05 10:00:00,
1.22217017,61559667,H Watson,H Watson v V Zvonareva,100,2023-12-05 10:07:21.611,2.38,2023-12-05 10:10:00,2023-12-05 10:01:27.333
1.222170193,8176517,K Mladenovic,K Mladenovic v C Dinu,0,2023-12-05 05:48:43.048,1.5,2023-12-05 11:30:00,
1.222170193,8176517,K Mladenovic,K Mladenovic v C Dinu,10,2023-12-05 06:40:07.498,1.55,2023-12-05 11:30:00,
1.222170193,8176517,K Mladenovic,K Mladenovic v C Dinu,20,2023-12-05 08:06:29.629,1.65,2023-12-05 11:30:00,
1.222170193,8176517,K Mladenovic,K Mladenovic v C Dinu,30,2023-12-05 09:02:23.447,1.66,2023-12-05 11:30:00,
1.222170193,8176517,K Mladenovic,K Mladenovic v C Dinu,40,2023-12-05 09:04:51.588,1.64,2023-12-05 11:30:00,
1.222170193,8176517,K Mladenovic,K Mladenovic v C Dinu,50,2023-12-05 10:41:53.094,1.6,2023-12-05 11:40:00,
1.222170193,8176517,K Mladenovic,K Mladenovic v C Dinu,60,2023-12-05 10:44:23.123,1.61,2023-12-05 11:40:00,
1.222170193,8176517,K Mladenovic,K Mladenovic v C Dinu,70,2023-12-05 11:05:24.477,1.65,2023-12-05 11:40:00,
1.222170193,8176517,K Mladenovic,K Mladenovic v C Dinu,80,2023-12-05 11:08:23.572,1.48,2023-12-05 11:40:00,
1.222170193,8176517,K Mladenovic,K Mladenovic v C Dinu,90,2023-12-05 11:41:08.185,1.46,2023-12-05 11:50:00,
1.222170193,8176517,K Mladenovic,K Mladenovic v C Dinu,100,2023-12-05 11:58:19.037,1.54,2023-12-05 12:00:00,
1.222170193,9627400,C Dinu,K Mladenovic v C Dinu,0,2023-12-05 05:48:43.048,3.0,2023-12-05 11:30:00,
1.222170193,9627400,C Dinu,K Mladenovic v C Dinu,10,2023-12-05 06:40:32.262,2.86,2023-12-05 11:30:00,
1.222170193,9627400,C Dinu,K Mladenovic v C Dinu,20,2023-12-05 08:08:24.938,2.88,2023-12-05 11:30:00,
1.222170193,9627400,C Dinu,K Mladenovic v C Dinu,30,2023-12-05 08:13:39.185,2.5,2023-12-05 11:30:00,
1.222170193,9627400,C Dinu,K Mladenovic v C Dinu,40,2023-12-05 08:30:32.252,2.86,2023-12-05 11:30:00,
1.222170193,9627400,C Dinu,K Mladenovic v C Dinu,50,2023-12-05 09:17:16.176,2.68,2023-12-05 11:30:00,
1.222170193,9627400,C Dinu,K Mladenovic v C Dinu,60,2023-12-05 10:41:53.094,2.64,2023-12-05 11:40:00,
1.222170193,9627400,C Dinu,K Mladenovic v C Dinu,70,2023-12-05 10:55:16.457,2.64,2023-12-05 11:40:00,
1.222170193,9627400,C Dinu,K Mladenovic v C Dinu,80,2023-12-05 11:08:23.572,3.1,2023-12-05 11:40:00,
1.222170193,9627400,C Dinu,K Mladenovic v C Dinu,90,2023-12-05 11:50:23.206,2.92,2023-12-05 12:00:00,
1.222170193,9627400,C Dinu,K Mladenovic v C Dinu,100,2023-12-05 11:59:20.189,2.62,2023-12-05 12:00:00,
1.222170195,12011017,F Bastias,La Corthey v Fra Bastias,0,2023-12-05 21:46:38.965,22.0,2023-12-06 12:00:00,2023-12-05 18:24:05.004
1.222170195,12011017,F Bastias,La Corthey v Fra Bastias,10,2023-12-05 21:50:15.058,50.0,2023-12-06 12:00:00,2023-12-05 18:24:05.004
1.222170195,12011017,F Bastias,La Corthey v Fra Bastias,20,2023-12-05 22:28:13.780,34.0,2023-12-06 12:00:00,2023-12-05 18:24:05.004
1.222170195,12011017,F Bastias,La Corthey v Fra Bastias,30,2023-12-05 23:06:04.639,17.5,2023-12-06 12:00:00,2023-12-05 18:24:05.004
1.222170195,12011017,F Bastias,La Corthey v Fra Bastias,40,2023-12-05 23:08:16.237,36.0,2023-12-06 12:00:00,2023-12-05 18:24:05.004
1.222170195,12011017,F Bastias,La Corthey v Fra Bastias,50,2023-12-06 02:01:04.236,21.0,2023-12-06 12:00:00,2023-12-05 18:24:05.004
1.222170195,12011017,F Bastias,La Corthey v Fra Bastias,60,2023-12-06 03:18:17.848,21.0,2023-12-06 12:00:00,2023-12-05 18:24:05.004
1.222170195,12011017,F Bastias,La Corthey v Fra Bastias,70,2023-12-06 09:50:12.855,32.0,2023-12-06 12:00:00,2023-12-05 18:24:05.004
1.222170195,12011017,F Bastias,La Corthey v Fra Bastias,80,2023-12-06 11:07:16.741,26.0,2023-12-06 12:00:00,2023-12-05 18:24:05.004
1.222170195,12011017,F Bastias,La Corthey v Fra Bastias,90,2023-12-06 11:28:13.092,34.0,2023-12-06 12:00:00,2023-12-05 18:24:05.004
1.222170195,12011017,F Bastias,La Corthey v Fra Bastias,100,2023-12-06 11:57:28.856,34.0,2023-12-06 12:00:00,2023-12-05 18:24:05.004
1.222170195,49076990,L Corthey,L Corthey v F Bastias,0,2023-12-05 15:20:48.735,2.74,2023-12-05 15:30:00,
1.222170195,49076990,L Corthey,La Corthey v Fra Bastias,10,2023-12-05 22:19:10.532,1.02,2023-12-06 12:00:00,2023-12-05 18:24:05.004
1.222170195,49076990,L Corthey,La Corthey v Fra Bastias,20,2023-12-05 22:38:02.361,1.02,2023-12-06 12:00:00,2023-12-05 18:24:05.004
1.222170195,49076990,L Corthey,La Corthey v Fra Bastias,30,2023-12-05 23:03:10.474,1.04,2023-12-06 12:00:00,2023-12-05 18:24:05.004
1.222170195,49076990,L Corthey,La Corthey v Fra Bastias,40,2023-12-06 00:06:14.742,1.01,2023-12-06 12:00:00,2023-12-05 18:24:05.004
1.222170195,49076990,L Corthey,La Corthey v Fra Bastias,50,2023-12-06 02:35:34.119,1.02,2023-12-06 12:00:00,2023-12-05 18:24:05.004
1.222170195,49076990,L Corthey,La Corthey v Fra Bastias,60,2023-12-06 05:43:30.450,1.03,2023-12-06 12:00:00,2023-12-05 18:24:05.004
1.222170195,49076990,L Corthey,La Corthey v Fra Bastias,70,2023-12-06 08:30:11.770,1.03,2023-12-06 12:00:00,2023-12-05 18:24:05.004
1.222170195,49076990,L Corthey,La Corthey v Fra Bastias,80,2023-12-06 10:12:13.399,1.04,2023-12-06 12:00:00,2023-12-05 18:24:05.004
1.222170195,49076990,L Corthey,La Corthey v Fra Bastias,90,2023-12-06 11:28:13.092,1.03,2023-12-06 12:00:00,2023-12-05 18:24:05.004
1.222170195,49076990,L Corthey,La Corthey v Fra Bastias,100,2023-12-06 12:43:29.027,1.03,2023-12-06 12:45:00,2023-12-05 18:24:05.004
1.222170196,9627582,F Egea,Mat Labuckas v Egea,0,2023-12-05 21:27:14.522,1.5,2023-12-06 14:00:00,2023-12-05 17:37:51.456
1.222170196,9627582,F Egea,Mat Labuckas v Egea,10,2023-12-05 23:18:01.624,1.41,2023-12-06 14:00:00,2023-12-05 17:37:51.456
1.222170196,9627582,F Egea,Mat Labuckas v Egea,20,2023-12-06 00:08:33.996,1.42,2023-12-06 14:00:00,2023-12-05 17:37:51.456
1.222170196,9627582,F Egea,Mat Labuckas v Egea,30,2023-12-06 05:28:11.252,1.25,2023-12-06 14:00:00,2023-12-05 17:37:51.456
1.222170196,9627582,F Egea,Mat Labuckas v Egea,40,2023-12-06 07:10:57.093,1.27,2023-12-06 14:00:00,2023-12-05 17:37:51.456
1.222170196,9627582,F Egea,Mat Labuckas v Egea,50,2023-12-06 08:18:01.919,1.2,2023-12-06 14:00:00,2023-12-05 17:37:51.456
1.222170196,9627582,F Egea,Mat Labuckas v Egea,60,2023-12-06 11:24:03.737,1.5,2023-12-06 14:00:00,2023-12-05 17:37:51.456
1.222170196,9627582,F Egea,Mat Labuckas v Egea,70,2023-12-06 12:21:14.784,1.46,2023-12-06 14:30:00,2023-12-05 17:37:51.456
1.222170196,9627582,F Egea,Mat Labuckas v Egea,80,2023-12-06 13:40:45.963,1.48,2023-12-06 15:00:00,2023-12-05 17:37:51.456
1.222170196,9627582,F Egea,Mat Labuckas v Egea,90,2023-12-06 15:34:43.730,1.3,2023-12-06 15:45:00,2023-12-05 17:37:51.456
1.222170196,9627582,F Egea,Mat Labuckas v Egea,100,2023-12-06 18:06:35.957,1.38,2023-12-06 18:15:00,2023-12-05 17:37:51.456
1.222170196,25082748,M Labuckas,Mat Labuckas v Egea,0,2023-12-05 22:18:58.842,1.3,2023-12-06 14:00:00,2023-12-05 17:37:51.456
1.222170196,25082748,M Labuckas,Mat Labuckas v Egea,10,2023-12-05 23:18:01.624,3.4,2023-12-06 14:00:00,2023-12-05 17:37:51.456
1.222170196,25082748,M Labuckas,Mat Labuckas v Egea,20,2023-12-05 23:40:09.792,2.42,2023-12-06 14:00:00,2023-12-05 17:37:51.456
1.222170196,25082748,M Labuckas,Mat Labuckas v Egea,30,2023-12-06 05:42:12.617,2.42,2023-12-06 14:00:00,2023-12-05 17:37:51.456
1.222170196,25082748,M Labuckas,Mat Labuckas v Egea,40,2023-12-06 07:18:14.394,4.5,2023-12-06 14:00:00,2023-12-05 17:37:51.456
1.222170196,25082748,M Labuckas,Mat Labuckas v Egea,50,2023-12-06 09:00:15.117,3.6,2023-12-06 14:00:00,2023-12-05 17:37:51.456
1.222170196,25082748,M Labuckas,Mat Labuckas v Egea,60,2023-12-06 10:56:59.318,3.7,2023-12-06 14:00:00,2023-12-05 17:37:51.456
1.222170196,25082748,M Labuckas,Mat Labuckas v Egea,70,2023-12-06 12:09:53.072,2.88,2023-12-06 14:15:00,2023-12-05 17:37:51.456
1.222170196,25082748,M Labuckas,Mat Labuckas v Egea,80,2023-12-06 14:47:15.059,3.0,2023-12-06 15:00:00,2023-12-05 17:37:51.456
1.222170196,25082748,M Labuckas,Mat Labuckas v Egea,90,2023-12-06 15:59:12.345,3.25,2023-12-06 16:00:00,2023-12-05 17:37:51.456
1.222170196,25082748,M Labuckas,Mat Labuckas v Egea,100,2023-12-06 18:06:35.957,3.6,2023-12-06 18:15:00,2023-12-05 17:37:51.456
1.222170204,41803164,Gabriela Lee,Ga Lee v De Santa Ana,0,2023-12-05 16:07:19.019,1.09,2023-12-05 19:30:00,
1.222170204,41803164,Gabriela Lee,Ga Lee v De Santa Ana,10,2023-12-05 16:25:47.441,1.07,2023-12-05 19:30:00,
1.222170204,41803164,Gabriela Lee,Ga Lee v De Santa Ana,20,2023-12-05 16:54:01.029,1.09,2023-12-05 19:30:00,
1.222170204,41803164,Gabriela Lee,Ga Lee v De Santa Ana,30,2023-12-05 18:28:44.998,1.07,2023-12-05 19:30:00,
1.222170204,41803164,Gabriela Lee,Ga Lee v De Santa Ana,40,2023-12-05 19:05:41.311,1.08,2023-12-05 19:30:00,
1.222170204,41803164,Gabriela Lee,Ga Lee v De Santa Ana,50,2023-12-05 19:22:43.771,1.07,2023-12-05 19:30:00,
1.222170204,41803164,Gabriela Lee,Ga Lee v De Santa Ana,60,2023-12-05 19:25:33.673,1.09,2023-12-05 19:30:00,
1.222170204,41803164,Gabriela Lee,Ga Lee v De Santa Ana,70,2023-12-05 19:27:21.353,1.07,2023-12-05 19:30:00,
1.222170204,41803164,Gabriela Lee,Ga Lee v De Santa Ana,80,2023-12-05 19:40:15.218,1.08,2023-12-05 19:55:00,
1.222170204,41803164,Gabriela Lee,Ga Lee v De Santa Ana,90,2023-12-05 19:45:12.712,1.09,2023-12-05 19:55:00,
1.222170204,41803164,Gabriela Lee,Ga Lee v De Santa Ana,100,2023-12-05 20:23:00.568,1.08,2023-12-05 20:30:00,
1.222170206,9631832,Miriam Bulgaru,Mir Bulgaru v An Rogers,0,2023-12-05 07:46:15.124,1.09,2023-12-05 16:30:00,
1.222170206,9631832,Miriam Bulgaru,Mir Bulgaru v An Rogers,10,2023-12-05 11:58:20.238,1.15,2023-12-05 16:30:00,
1.222170206,9631832,Miriam Bulgaru,Mir Bulgaru v An Rogers,20,2023-12-05 12:20:57.656,1.15,2023-12-05 16:30:00,
1.222170206,9631832,Miriam Bulgaru,Mir Bulgaru v An Rogers,30,2023-12-05 13:24:09.544,1.18,2023-12-05 16:30:00,
1.222170206,9631832,Miriam Bulgaru,Mir Bulgaru v An Rogers,40,2023-12-05 14:44:55.132,1.16,2023-12-05 16:30:00,
1.222170206,9631832,Miriam Bulgaru,Mir Bulgaru v An Rogers,50,2023-12-05 15:38:07.334,1.15,2023-12-05 16:30:00,
1.222170206,9631832,Miriam Bulgaru,Mir Bulgaru v An Rogers,60,2023-12-05 15:51:03.067,1.13,2023-12-05 16:30:00,
1.222170206,9631832,Miriam Bulgaru,Mir Bulgaru v An Rogers,70,2023-12-05 16:05:48.911,1.14,2023-12-05 16:30:00,
1.222170206,9631832,Miriam Bulgaru,Mir Bulgaru v An Rogers,80,2023-12-05 16:08:26.386,1.14,2023-12-05 16:30:00,
1.222170206,9631832,Miriam Bulgaru,Mir Bulgaru v An Rogers,90,2023-12-05 16:30:06.508,1.14,2023-12-05 17:00:00,
1.222170206,9631832,Miriam Bulgaru,Mir Bulgaru v An Rogers,100,2023-12-05 17:04:12.088,1.18,2023-12-05 17:05:00,
1.222170206,19446981,Anna Rogers,Mir Bulgaru v An Rogers,0,2023-12-05 12:56:08.087,7.4,2023-12-05 16:30:00,
1.222170206,19446981,Anna Rogers,Mir Bulgaru v An Rogers,10,2023-12-05 13:24:09.544,6.8,2023-12-05 16:30:00,
1.222170206,19446981,Anna Rogers,Mir Bulgaru v An Rogers,20,2023-12-05 14:44:55.132,7.4,2023-12-05 16:30:00,
1.222170206,19446981,Anna Rogers,Mir Bulgaru v An Rogers,30,2023-12-05 16:08:11.445,8.4,2023-12-05 16:30:00,
1.222170206,19446981,Anna Rogers,Mir Bulgaru v An Rogers,40,2023-12-05 16:12:28.957,7.6,2023-12-05 16:30:00,
1.222170206,19446981,Anna Rogers,Mir Bulgaru v An Rogers,50,2023-12-05 16:29:09.297,8.0,2023-12-05 17:00:00,
1.222170206,19446981,Anna Rogers,Mir Bulgaru v An Rogers,60,2023-12-05 16:59:12.587,7.6,2023-12-05 17:05:00,
1.222170206,19446981,Anna Rogers,Mir Bulgaru v An Rogers,70,2023-12-05 17:00:10.296,7.4,2023-12-05 17:05:00,
1.222170206,19446981,Anna Rogers,Mir Bulgaru v An Rogers,80,2023-12-05 17:01:02.811,7.6,2023-12-05 17:05:00,
1.222170206,19446981,Anna Rogers,Mir Bulgaru v An Rogers,90,2023-12-05 17:02:12.506,7.4,2023-12-05 17:05:00,
1.222170206,19446981,Anna Rogers,Mir Bulgaru v An Rogers,100,2023-12-05 17:04:12.088,6.6,2023-12-05 17:05:00,
1.222170212,2263576,Varvara Lepchenko,Hercog v Lepchenko,0,2023-12-05 00:50:38.724,3.5,2023-12-05 18:00:00,
1.222170212,2263576,Varvara Lepchenko,Hercog v Lepchenko,10,2023-12-05 03:40:34.022,2.06,2023-12-05 18:00:00,
1.222170212,2263576,Varvara Lepchenko,Hercog v Lepchenko,20,2023-12-05 12:40:01.186,2.44,2023-12-05 18:00:00,
1.222170212,2263576,Varvara Lepchenko,Hercog v Lepchenko,30,2023-12-05 16:22:11.034,2.64,2023-12-05 18:00:00,
1.222170212,2263576,Varvara Lepchenko,Hercog v Lepchenko,40,2023-12-05 16:28:11.471,2.66,2023-12-05 18:00:00,
1.222170212,2263576,Varvara Lepchenko,Hercog v Lepchenko,50,2023-12-05 16:42:16.390,2.68,2023-12-05 18:00:00,
1.222170212,2263576,Varvara Lepchenko,Hercog v Lepchenko,60,2023-12-05 17:41:02.165,2.64,2023-12-05 18:00:00,
1.222170212,2263576,Varvara Lepchenko,Hercog v Lepchenko,70,2023-12-05 17:44:03.485,2.66,2023-12-05 18:00:00,
1.222170212,2263576,Varvara Lepchenko,Hercog v Lepchenko,80,2023-12-05 17:45:59.299,2.6,2023-12-05 18:00:00,
1.222170212,2263576,Varvara Lepchenko,Hercog v Lepchenko,90,2023-12-05 17:55:17.559,2.56,2023-12-05 18:00:00,
1.222170212,2263576,Varvara Lepchenko,Hercog v Lepchenko,100,2023-12-05 17:59:06.885,2.58,2023-12-05 18:00:00,
1.222170212,2548781,Polona Hercog,Hercog v Lepchenko,0,2023-12-05 00:50:38.724,1.4,2023-12-05 18:00:00,
1.222170212,2548781,Polona Hercog,Hercog v Lepchenko,10,2023-12-05 11:04:38.951,1.71,2023-12-05 18:00:00,
1.222170212,2548781,Polona Hercog,Hercog v Lepchenko,20,2023-12-05 12:04:17.336,1.61,2023-12-05 18:00:00,
1.222170212,2548781,Polona Hercog,Hercog v Lepchenko,30,2023-12-05 13:29:45.891,1.6,2023-12-05 18:00:00,
1.222170212,2548781,Polona Hercog,Hercog v Lepchenko,40,2023-12-05 14:47:39.815,1.65,2023-12-05 18:00:00,
1.222170212,2548781,Polona Hercog,Hercog v Lepchenko,50,2023-12-05 16:28:11.471,1.58,2023-12-05 18:00:00,
1.222170212,2548781,Polona Hercog,Hercog v Lepchenko,60,2023-12-05 16:42:16.390,1.59,2023-12-05 18:00:00,
1.222170212,2548781,Polona Hercog,Hercog v Lepchenko,70,2023-12-05 17:32:45.065,1.6,2023-12-05 18:00:00,
1.222170212,2548781,Polona Hercog,Hercog v Lepchenko,80,2023-12-05 17:44:50.663,1.62,2023-12-05 18:00:00,
1.222170212,2548781,Polona Hercog,Hercog v Lepchenko,90,2023-12-05 17:51:48.125,1.63,2023-12-05 18:00:00,
1.222170212,2548781,Polona Hercog,Hercog v Lepchenko,100,2023-12-05 17:57:41.956,1.63,2023-12-05 18:00:00,
1.222170389,9042343,Renata Zarazua,Hal Giavara v Zarazua,0,2023-12-05 12:04:19.670,1.09,2023-12-05 19:30:00,
1.222170389,9042343,Renata Zarazua,Hal Giavara v Zarazua,10,2023-12-05 12:06:24.508,1.11,2023-12-05 19:30:00,
1.222170389,9042343,Renata Zarazua,Hal Giavara v Zarazua,20,2023-12-05 12:08:05.599,1.12,2023-12-05 19:30:00,
1.222170389,9042343,Renata Zarazua,Hal Giavara v Zarazua,30,2023-12-05 15:55:57.709,1.11,2023-12-05 19:30:00,
1.222170389,9042343,Renata Zarazua,Hal Giavara v Zarazua,40,2023-12-05 16:26:17.310,1.12,2023-12-05 19:30:00,
1.222170389,9042343,Renata Zarazua,Hal Giavara v Zarazua,50,2023-12-05 19:09:36.080,1.11,2023-12-05 19:30:00,
1.222170389,9042343,Renata Zarazua,Hal Giavara v Zarazua,60,2023-12-05 19:22:54.713,1.1,2023-12-05 19:30:00,
1.222170389,9042343,Renata Zarazua,Hal Giavara v Zarazua,70,2023-12-05 19:25:33.778,1.11,2023-12-05 19:30:00,
1.222170389,9042343,Renata Zarazua,Hal Giavara v Zarazua,80,2023-12-05 19:40:21.029,1.13,2023-12-05 19:55:00,
1.222170389,9042343,Renata Zarazua,Hal Giavara v Zarazua,90,2023-12-05 19:42:23.404,1.16,2023-12-05 19:55:00,
1.222170389,9042343,Renata Zarazua,Hal Giavara v Zarazua,100,2023-12-05 19:45:04.197,1.14,2023-12-05 19:55:00,
1.222170952,10349606,Y Chen,Juyun v Yuyun Chen,0,2023-12-05 04:09:39.865,5.0,2023-12-05 08:15:00,
1.222170952,10349606,Y Chen,Juyun v Yuyun Chen,10,2023-12-05 21:14:37.103,1.49,2023-12-06 02:00:00,2023-12-05 13:32:38.201
1.222170952,10349606,Y Chen,Juyun v Yuyun Chen,20,2023-12-06 02:46:38.507,1.05,2023-12-06 03:00:00,2023-12-05 13:32:38.201
1.222170952,10349606,Y Chen,Juyun v Yuyun Chen,30,2023-12-06 04:32:28.347,1.66,2023-12-06 04:45:00,2023-12-05 13:32:38.201
1.222170952,10349606,Y Chen,Juyun v Yuyun Chen,40,2023-12-06 08:47:36.870,1.52,2023-12-06 09:00:00,2023-12-05 13:32:38.201
1.222170952,10349606,Y Chen,Juyun v Yuyun Chen,50,2023-12-06 12:54:34.473,1.25,2023-12-07 01:00:00,2023-12-05 13:32:38.201
1.222170952,10349606,Y Chen,Juyun v Yuyun Chen,60,2023-12-06 19:31:31.742,1.3,2023-12-07 01:00:00,2023-12-05 13:32:38.201
1.222170952,10349606,Y Chen,Juyun v Yuyun Chen,70,2023-12-06 19:56:40.836,1.09,2023-12-07 01:00:00,2023-12-05 13:32:38.201
1.222170952,10349606,Y Chen,Juyun v Yuyun Chen,80,2023-12-06 20:01:29.924,1.3,2023-12-07 01:00:00,2023-12-05 13:32:38.201
1.222170952,10349606,Y Chen,Juyun v Yuyun Chen,90,2023-12-06 20:09:36.738,1.28,2023-12-07 01:00:00,2023-12-05 13:32:38.201
1.222170952,10349606,Y Chen,Juyun v Yuyun Chen,100,2023-12-06 23:50:11.588,1.48,2023-12-07 01:00:00,2023-12-05 13:32:38.201
1.222170952,58343342,J Juyun,Juyun v Yuyun Chen,0,2023-12-05 04:09:39.865,1.25,2023-12-05 08:15:00,
1.222170952,58343342,J Juyun,Juyun v Yuyun Chen,10,2023-12-06 02:46:38.507,20.0,2023-12-06 03:00:00,2023-12-05 13:32:38.201
1.222170952,58343342,J Juyun,Juyun v Yuyun Chen,20,2023-12-06 04:32:28.347,2.5,2023-12-06 04:45:00,2023-12-05 13:32:38.201
1.222170952,58343342,J Juyun,Juyun v Yuyun Chen,30,2023-12-06 12:20:31.167,5.0,2023-12-06 12:30:00,2023-12-05 13:32:38.201
1.222170952,58343342,J Juyun,Juyun v Yuyun Chen,40,2023-12-06 22:29:04.966,1.67,2023-12-07 01:00:00,2023-12-05 13:32:38.201
1.222170952,58343342,J Juyun,Juyun v Yuyun Chen,50,2023-12-06 22:40:41.307,1.67,2023-12-07 01:00:00,2023-12-05 13:32:38.201
1.222170952,58343342,J Juyun,Juyun v Yuyun Chen,60,2023-12-06 22:53:41.268,1.64,2023-12-07 01:00:00,2023-12-05 13:32:38.201
1.222170952,58343342,J Juyun,Juyun v Yuyun Chen,70,2023-12-06 23:09:13.065,1.69,2023-12-07 01:00:00,2023-12-05 13:32:38.201
1.222170952,58343342,J Juyun,Juyun v Yuyun Chen,80,2023-12-06 23:22:33.796,2.22,2023-12-07 01:00:00,2023-12-05 13:32:38.201
1.222170952,58343342,J Juyun,Juyun v Yuyun Chen,90,2023-12-06 23:38:39.366,1.69,2023-12-07 01:00:00,2023-12-05 13:32:38.201
1.222170952,58343342,J Juyun,Juyun v Yuyun Chen,100,2023-12-07 00:12:52.691,1.78,2023-12-07 01:00:00,2023-12-05 13:32:38.201
1.222201148,9633124,Ipek Oz,Ipek Oz v J Riera,0,2023-12-06 08:14:07.774,2.62,2023-12-06 16:00:00,
1.222201148,9633124,Ipek Oz,Ipek Oz v J Riera,10,2023-12-06 09:10:10.841,2.7,2023-12-06 16:00:00,
1.222201148,9633124,Ipek Oz,Ipek Oz v J Riera,20,2023-12-06 11:41:05.156,2.68,2023-12-06 16:00:00,
1.222201148,9633124,Ipek Oz,Ipek Oz v J Riera,30,2023-12-06 11:47:11.719,2.6,2023-12-06 16:00:00,
1.222201148,9633124,Ipek Oz,Ipek Oz v J Riera,40,2023-12-06 12:24:09.014,2.68,2023-12-06 16:00:00,
1.222201148,9633124,Ipek Oz,Ipek Oz v J Riera,50,2023-12-06 14:44:11.518,2.66,2023-12-06 16:00:00,
1.222201148,9633124,Ipek Oz,Ipek Oz v J Riera,60,2023-12-06 14:55:13.905,2.64,2023-12-06 16:00:00,
1.222201148,9633124,Ipek Oz,Ipek Oz v J Riera,70,2023-12-06 15:41:11.706,2.66,2023-12-06 16:00:00,
1.222201148,9633124,Ipek Oz,Ipek Oz v J Riera,80,2023-12-06 16:05:12.654,2.8,2023-12-06 16:10:00,2023-12-06 16:05:12.654
1.222201148,9633124,Ipek Oz,Ipek Oz v J Riera,90,2023-12-06 16:06:12.716,3.0,2023-12-06 16:10:00,2023-12-06 16:05:12.654
1.222201148,9633124,Ipek Oz,Ipek Oz v J Riera,100,2023-12-06 16:09:10.698,2.36,2023-12-06 16:10:00,2023-12-06 16:05:12.654
1.222201148,13268651,Julia Riera,Ipek Oz v J Riera,0,2023-12-05 22:58:12.606,1.52,2023-12-06 16:00:00,
1.222201148,13268651,Julia Riera,Ipek Oz v J Riera,10,2023-12-06 08:14:07.774,1.6,2023-12-06 16:00:00,
1.222201148,13268651,Julia Riera,Ipek Oz v J Riera,20,2023-12-06 11:03:32.670,1.62,2023-12-06 16:00:00,
1.222201148,13268651,Julia Riera,Ipek Oz v J Riera,30,2023-12-06 11:47:11.719,1.61,2023-12-06 16:00:00,
1.222201148,13268651,Julia Riera,Ipek Oz v J Riera,40,2023-12-06 14:07:12.598,1.59,2023-12-06 16:00:00,
1.222201148,13268651,Julia Riera,Ipek Oz v J Riera,50,2023-12-06 14:55:13.905,1.6,2023-12-06 16:00:00,
1.222201148,13268651,Julia Riera,Ipek Oz v J Riera,60,2023-12-06 15:21:23.158,1.6,2023-12-06 16:00:00,
1.222201148,13268651,Julia Riera,Ipek Oz v J Riera,70,2023-12-06 15:41:11.706,1.61,2023-12-06 16:00:00,
1.222201148,13268651,Julia Riera,Ipek Oz v J Riera,80,2023-12-06 15:55:06.650,1.59,2023-12-06 16:00:00,
1.222201148,13268651,Julia Riera,Ipek Oz v J Riera,90,2023-12-06 16:06:12.716,1.45,2023-12-06 16:10:00,2023-12-06 16:05:12.654
1.222201148,13268651,Julia Riera,Ipek Oz v J Riera,100,2023-12-06 16:09:10.698,1.74,2023-12-06 16:10:00,2023-12-06 16:05:12.654
1.222201276,9627974,Daria Lodikova,In-Albon v Dar Lodikova,0,2023-12-06 08:10:12.027,2.88,2023-12-06 16:00:00,
1.222201276,9627974,Daria Lodikova,In-Albon v Dar Lodikova,10,2023-12-06 14:22:44.915,3.15,2023-12-06 16:00:00,
1.222201276,9627974,Daria Lodikova,In-Albon v Dar Lodikova,20,2023-12-06 15:23:16.482,3.35,2023-12-06 16:00:00,
1.222201276,9627974,Daria Lodikova,In-Albon v Dar Lodikova,30,2023-12-06 15:36:15.218,3.25,2023-12-06 16:00:00,
1.222201276,9627974,Daria Lodikova,In-Albon v Dar Lodikova,40,2023-12-06 15:38:14.540,3.2,2023-12-06 16:00:00,
1.222201276,9627974,Daria Lodikova,In-Albon v Dar Lodikova,50,2023-12-06 15:41:08.849,3.15,2023-12-06 16:00:00,
1.222201276,9627974,Daria Lodikova,In-Albon v Dar Lodikova,60,2023-12-06 15:43:00.634,3.1,2023-12-06 16:00:00,
1.222201276,9627974,Daria Lodikova,In-Albon v Dar Lodikova,70,2023-12-06 16:04:15.415,3.6,2023-12-06 16:10:00,2023-12-06 16:03:12.414
1.222201276,9627974,Daria Lodikova,In-Albon v Dar Lodikova,80,2023-12-06 16:05:15.343,3.35,2023-12-06 16:10:00,2023-12-06 16:03:12.414
1.222201276,9627974,Daria Lodikova,In-Albon v Dar Lodikova,90,2023-12-06 16:06:16.631,3.9,2023-12-06 16:10:00,2023-12-06 16:03:12.414
1.222201276,9627974,Daria Lodikova,In-Albon v Dar Lodikova,100,2023-12-06 16:07:16.593,3.85,2023-12-06 16:10:00,2023-12-06 16:03:12.414
1.222201276,9633098,Ylena In-Albon,In-Albon v Dar Lodikova,0,2023-12-05 22:56:46.928,1.49,2023-12-06 16:00:00,
1.222201276,9633098,Ylena In-Albon,In-Albon v Dar Lodikova,10,2023-12-06 10:19:12.285,1.44,2023-12-06 16:00:00,
1.222201276,9633098,Ylena In-Albon,In-Albon v Dar Lodikova,20,2023-12-06 14:23:38.423,1.44,2023-12-06 16:00:00,
1.222201276,9633098,Ylena In-Albon,In-Albon v Dar Lodikova,30,2023-12-06 15:23:16.482,1.43,2023-12-06 16:00:00,
1.222201276,9633098,Ylena In-Albon,In-Albon v Dar Lodikova,40,2023-12-06 15:42:15.163,1.46,2023-12-06 16:00:00,
1.222201276,9633098,Ylena In-Albon,In-Albon v Dar Lodikova,50,2023-12-06 15:47:59.688,1.45,2023-12-06 16:00:00,
1.222201276,9633098,Ylena In-Albon,In-Albon v Dar Lodikova,60,2023-12-06 15:56:16.720,1.44,2023-12-06 16:00:00,
1.222201276,9633098,Ylena In-Albon,In-Albon v Dar Lodikova,70,2023-12-06 16:04:15.415,1.39,2023-12-06 16:10:00,2023-12-06 16:03:12.414
1.222201276,9633098,Ylena In-Albon,In-Albon v Dar Lodikova,80,2023-12-06 16:05:15.343,1.43,2023-12-06 16:10:00,2023-12-06 16:03:12.414
1.222201276,9633098,Ylena In-Albon,In-Albon v Dar Lodikova,90,2023-12-06 16:07:16.593,1.36,2023-12-06 16:10:00,2023-12-06 16:03:12.414
1.222201276,9633098,Ylena In-Albon,In-Albon v Dar Lodikova,100,2023-12-06 16:09:15.979,1.33,2023-12-06 16:10:00,2023-12-06 16:03:12.414
1.222201455,9630893,Martina Capurro Taborda,Capurro Taborda v Robin Montgomery,0,2023-12-05 19:36:41.867,1.77,2023-12-06 00:00:00,
1.222201455,9630893,Martina Capurro Taborda,Capurro Taborda v Robin Montgomery,10,2023-12-05 20:47:05.008,1.8,2023-12-06 00:00:00,
1.222201455,9630893,Martina Capurro Taborda,Capurro Taborda v Robin Montgomery,20,2023-12-05 23:07:20.316,1.91,2023-12-06 17:30:00,
1.222201455,9630893,Martina Capurro Taborda,Capurro Taborda v Robin Montgomery,30,2023-12-06 10:25:01.947,1.88,2023-12-06 17:30:00,
1.222201455,9630893,Martina Capurro Taborda,Capurro Taborda v Robin Montgomery,40,2023-12-06 13:57:15.460,1.86,2023-12-06 17:30:00,
1.222201455,9630893,Martina Capurro Taborda,Capurro Taborda v Robi Montgomery,50,2023-12-06 17:34:11.747,1.95,2023-12-06 17:50:00,
1.222201455,9630893,Martina Capurro Taborda,Capurro Taborda v Robi Montgomery,60,2023-12-06 17:43:47.224,1.91,2023-12-06 17:50:00,
1.222201455,9630893,Martina Capurro Taborda,Capurro Taborda v Robi Montgomery,70,2023-12-06 17:56:46.007,1.9,2023-12-06 18:15:00,
1.222201455,9630893,Martina Capurro Taborda,Capurro Taborda v Robi Montgomery,80,2023-12-06 18:55:02.041,1.91,2023-12-06 19:10:00,
1.222201455,9630893,Martina Capurro Taborda,Capurro Taborda v Robi Montgomery,90,2023-12-06 19:20:12.652,1.87,2023-12-06 19:30:00,
1.222201455,9630893,Martina Capurro Taborda,Capurro Taborda v Robi Montgomery,100,2023-12-06 20:09:02.489,1.86,2023-12-06 20:10:00,
1.222201455,24143439,Robin Montgomery,Capurro Taborda v Robin Montgomery,0,2023-12-05 20:24:58.925,2.14,2023-12-06 00:00:00,
1.222201455,24143439,Robin Montgomery,Capurro Taborda v Robin Montgomery,10,2023-12-05 20:45:31.052,2.24,2023-12-06 00:00:00,
1.222201455,24143439,Robin Montgomery,Capurro Taborda v Robin Montgomery,20,2023-12-05 21:01:03.562,2.24,2023-12-06 00:00:00,
1.222201455,24143439,Robin Montgomery,Capurro Taborda v Robin Montgomery,30,2023-12-05 23:15:02.752,2.34,2023-12-06 17:30:00,
1.222201455,24143439,Robin Montgomery,Capurro Taborda v Robin Montgomery,40,2023-12-06 08:49:09.564,2.2,2023-12-06 17:30:00,
1.222201455,24143439,Robin Montgomery,Capurro Taborda v Robin Montgomery,50,2023-12-06 10:25:01.947,2.14,2023-12-06 17:30:00,
1.222201455,24143439,Robin Montgomery,Capurro Taborda v Robin Montgomery,60,2023-12-06 10:45:07.900,2.12,2023-12-06 17:30:00,
1.222201455,24143439,Robin Montgomery,Capurro Taborda v Robin Montgomery,70,2023-12-06 17:28:06.421,2.16,2023-12-06 17:30:00,
1.222201455,24143439,Robin Montgomery,Capurro Taborda v Robi Montgomery,80,2023-12-06 17:40:04.984,2.08,2023-12-06 17:50:00,
1.222201455,24143439,Robin Montgomery,Capurro Taborda v Robi Montgomery,90,2023-12-06 17:56:46.007,2.1,2023-12-06 18:15:00,
1.222201455,24143439,Robin Montgomery,Capurro Taborda v Robi Montgomery,100,2023-12-06 20:09:02.489,2.14,2023-12-06 20:10:00,
1.222202932,9634670,Dayana Yastremska,D Yastremska v Serban,0,2023-12-05 22:52:54.284,1.2,2023-12-06 15:30:00,
1.222202932,9634670,Dayana Yastremska,D Yastremska v Serban,10,2023-12-06 06:38:51.066,1.3,2023-12-06 15:30:00,
1.222202932,9634670,Dayana Yastremska,D Yastremska v Serban,20,2023-12-06 11:00:10.686,1.31,2023-12-06 15:30:00,
1.222202932,9634670,Dayana Yastremska,D Yastremska v Serban,30,2023-12-06 14:05:09.348,1.32,2023-12-06 15:30:00,
1.222202932,9634670,Dayana Yastremska,D Yastremska v Serban,40,2023-12-06 15:55:47.666,1.31,2023-12-06 16:10:00,
1.222202932,9634670,Dayana Yastremska,D Yastremska v Serban,50,2023-12-06 16:51:09.199,1.36,2023-12-06 17:10:00,
1.222202932,9634670,Dayana Yastremska,D Yastremska v Serban,60,2023-12-06 17:29:04.469,1.33,2023-12-06 17:30:00,
1.222202932,9634670,Dayana Yastremska,D Yastremska v Serban,70,2023-12-06 17:49:10.021,1.36,2023-12-06 17:55:00,
1.222202932,9634670,Dayana Yastremska,D Yastremska v Serban,80,2023-12-06 18:03:58.128,1.39,2023-12-06 18:10:00,
1.222202932,9634670,Dayana Yastremska,D Yastremska v Serban,90,2023-12-06 18:09:11.979,1.39,2023-12-06 18:15:00,
1.222202932,9634670,Dayana Yastremska,D Yastremska v Serban,100,2023-12-06 18:14:04.501,1.38,2023-12-06 18:15:00,
1.222202932,21914316,Raluka Serban,D Yastremska v Serban,0,2023-12-06 01:43:09.810,4.2,2023-12-06 15:30:00,
1.222202932,21914316,Raluka Serban,D Yastremska v Serban,10,2023-12-06 13:01:38.369,4.2,2023-12-06 15:30:00,
1.222202932,21914316,Raluka Serban,D Yastremska v Serban,20,2023-12-06 14:39:10.583,4.3,2023-12-06 15:30:00,
1.222202932,21914316,Raluka Serban,D Yastremska v Serban,30,2023-12-06 16:17:02.986,4.1,2023-12-06 16:30:00,
1.222202932,21914316,Raluka Serban,D Yastremska v Serban,40,2023-12-06 16:30:12.198,3.95,2023-12-06 16:50:00,
1.222202932,21914316,Raluka Serban,D Yastremska v Serban,50,2023-12-06 16:51:09.199,4.0,2023-12-06 17:10:00,
1.222202932,21914316,Raluka Serban,D Yastremska v Serban,60,2023-12-06 16:57:03.486,3.9,2023-12-06 17:10:00,
1.222202932,21914316,Raluka Serban,D Yastremska v Serban,70,2023-12-06 17:49:10.021,3.7,2023-12-06 17:55:00,
1.222202932,21914316,Raluka Serban,D Yastremska v Serban,80,2023-12-06 18:02:02.781,3.65,2023-12-06 18:10:00,
1.222202932,21914316,Raluka Serban,D Yastremska v Serban,90,2023-12-06 18:08:11.991,3.65,2023-12-06 18:10:00,
1.222202932,21914316,Raluka Serban,D Yastremska v Serban,100,2023-12-06 18:14:04.501,3.6,2023-12-06 18:15:00,
1.222203247,9631832,Miriam Bulgaru,Mir Bulgaru v Vedder,0,2023-12-06 10:19:50.265,1.31,2023-12-06 21:30:00,
1.222203247,9631832,Miriam Bulgaru,Mir Bulgaru v Vedder,10,2023-12-06 15:44:36.418,1.3,2023-12-06 21:30:00,
1.222203247,9631832,Miriam Bulgaru,Mir Bulgaru v Vedder,20,2023-12-06 15:50:07.088,1.31,2023-12-06 21:30:00,
1.222203247,9631832,Miriam Bulgaru,Mir Bulgaru v Vedder,30,2023-12-06 16:25:10.594,1.32,2023-12-06 21:30:00,
1.222203247,9631832,Miriam Bulgaru,Mir Bulgaru v Vedder,40,2023-12-06 18:11:10.528,1.3,2023-12-06 21:30:00,
1.222203247,9631832,Miriam Bulgaru,Mir Bulgaru v Vedder,50,2023-12-06 18:46:31.450,1.31,2023-12-06 21:30:00,
1.222203247,9631832,Miriam Bulgaru,Mir Bulgaru v Vedder,60,2023-12-06 20:22:24.011,1.33,2023-12-06 21:30:00,
1.222203247,9631832,Miriam Bulgaru,Mir Bulgaru v Vedder,70,2023-12-06 20:26:12.295,1.31,2023-12-06 21:30:00,
1.222203247,9631832,Miriam Bulgaru,Mir Bulgaru v Vedder,80,2023-12-06 21:15:04.698,1.33,2023-12-06 21:30:00,
1.222203247,9631832,Miriam Bulgaru,Mir Bulgaru v Vedder,90,2023-12-06 21:25:12.198,1.31,2023-12-06 21:30:00,
1.222203247,9631832,Miriam Bulgaru,Mir Bulgaru v Vedder,100,2023-12-06 21:39:08.678,1.33,2023-12-06 21:40:00,
1.222203774,7795590,Despina Papamichail,D Parry v Papamichail,0,2023-12-07 02:50:10.784,4.4,2023-12-07 21:00:00,
1.222203774,7795590,Despina Papamichail,D Parry v Papamichail,10,2023-12-07 13:00:40.744,5.3,2023-12-07 21:00:00,
1.222203774,7795590,Despina Papamichail,D Parry v Papamichail,20,2023-12-07 16:28:08.805,5.2,2023-12-07 21:00:00,
1.222203774,7795590,Despina Papamichail,D Parry v Papamichail,30,2023-12-07 17:04:12.767,5.5,2023-12-07 21:00:00,
1.222203774,7795590,Despina Papamichail,D Parry v Papamichail,40,2023-12-07 19:45:56.654,5.5,2023-12-07 21:00:00,
1.222203774,7795590,Despina Papamichail,D Parry v Papamichail,50,2023-12-07 20:10:12.304,5.5,2023-12-07 21:00:00,
1.222203774,7795590,Despina Papamichail,D Parry v Papamichail,60,2023-12-07 20:33:12.657,6.0,2023-12-07 21:00:00,
1.222203774,7795590,Despina Papamichail,D Parry v Papamichail,70,2023-12-07 20:53:11.744,5.9,2023-12-07 21:00:00,
1.222203774,7795590,Despina Papamichail,D Parry v Papamichail,80,2023-12-07 21:25:07.654,6.0,2023-12-07 21:35:00,
1.222203774,7795590,Despina Papamichail,D Parry v Papamichail,90,2023-12-07 21:35:09.642,6.0,2023-12-07 21:45:00,
1.222203774,7795590,Despina Papamichail,D Parry v Papamichail,100,2023-12-07 21:51:06.710,6.0,2023-12-07 21:55:00,
1.222203774,12737413,Diane Parry,D Parry v Papamichail,0,2023-12-06 22:05:11.976,1.32,2023-12-07 00:00:00,
1.222203774,12737413,Diane Parry,D Parry v Papamichail,10,2023-12-07 04:45:27.206,1.28,2023-12-07 21:00:00,
1.222203774,12737413,Diane Parry,D Parry v Papamichail,20,2023-12-07 11:05:58.060,1.26,2023-12-07 21:00:00,
1.222203774,12737413,Diane Parry,D Parry v Papamichail,30,2023-12-07 15:46:05.139,1.25,2023-12-07 21:00:00,
1.222203774,12737413,Diane Parry,D Parry v Papamichail,40,2023-12-07 17:58:50.986,1.23,2023-12-07 21:00:00,
1.222203774,12737413,Diane Parry,D Parry v Papamichail,50,2023-12-07 19:49:12.659,1.21,2023-12-07 21:00:00,
1.222203774,12737413,Diane Parry,D Parry v Papamichail,60,2023-12-07 20:33:12.657,1.2,2023-12-07 21:00:00,
1.222203774,12737413,Diane Parry,D Parry v Papamichail,70,2023-12-07 21:09:12.446,1.2,2023-12-07 21:20:00,
1.222203774,12737413,Diane Parry,D Parry v Papamichail,80,2023-12-07 21:19:07.987,1.2,2023-12-07 21:20:00,
1.222203774,12737413,Diane Parry,D Parry v Papamichail,90,2023-12-07 21:37:10.036,1.19,2023-12-07 21:45:00,
1.222203774,12737413,Diane Parry,D Parry v Papamichail,100,2023-12-07 21:49:08.728,1.2,2023-12-07 21:55:00,
1.222204248,5056975,Mona Barthel,Barthel v Burel,0,2023-12-06 04:18:58.178,4.4,2023-12-06 17:30:00,
1.222204248,5056975,Mona Barthel,Barthel v Burel,10,2023-12-06 08:57:10.360,5.2,2023-12-06 17:30:00,
1.222204248,5056975,Mona Barthel,Barthel v Burel,20,2023-12-06 14:39:49.444,5.1,2023-12-06 17:30:00,
1.222204248,5056975,Mona Barthel,Barthel v Burel,30,2023-12-06 17:05:14.723,4.8,2023-12-06 17:30:00,
1.222204248,5056975,Mona Barthel,Barthel v Burel,40,2023-12-06 17:47:13.082,5.0,2023-12-06 17:50:00,
1.222204248,5056975,Mona Barthel,Barthel v Burel,50,2023-12-06 17:57:13.723,5.0,2023-12-06 18:15:00,
1.222204248,5056975,Mona Barthel,Barthel v Burel,60,2023-12-06 18:14:01.093,4.7,2023-12-06 18:30:00,
1.222204248,5056975,Mona Barthel,Barthel v Burel,70,2023-12-06 19:35:03.309,5.0,2023-12-06 19:45:00,
1.222204248,5056975,Mona Barthel,Barthel v Burel,80,2023-12-06 19:47:16.561,4.8,2023-12-06 20:00:00,
1.222204248,5056975,Mona Barthel,Barthel v Burel,90,2023-12-06 19:59:04.118,4.5,2023-12-06 20:05:00,
1.222204248,5056975,Mona Barthel,Barthel v Burel,100,2023-12-06 20:04:16.434,4.4,2023-12-06 20:05:00,
1.222204248,10351066,Clara Burel,Barthel v Burel,0,2023-12-05 21:47:57.453,1.36,2023-12-06 17:30:00,
1.222204248,10351066,Clara Burel,Barthel v Burel,10,2023-12-06 08:08:15.016,1.28,2023-12-06 17:30:00,
1.222204248,10351066,Clara Burel,Barthel v Burel,20,2023-12-06 14:37:24.743,1.24,2023-12-06 17:30:00,
1.222204248,10351066,Clara Burel,Barthel v Burel,30,2023-12-06 16:59:14.260,1.24,2023-12-06 17:30:00,
1.222204248,10351066,Clara Burel,Barthel v Burel,40,2023-12-06 17:55:13.785,1.27,2023-12-06 18:15:00,
1.222204248,10351066,Clara Burel,Barthel v Burel,50,2023-12-06 18:19:11.240,1.26,2023-12-06 18:30:00,
1.222204248,10351066,Clara Burel,Barthel v Burel,60,2023-12-06 19:04:02.883,1.27,2023-12-06 19:10:00,
1.222204248,10351066,Clara Burel,Barthel v Burel,70,2023-12-06 19:25:15.031,1.25,2023-12-06 19:30:00,
1.222204248,10351066,Clara Burel,Barthel v Burel,80,2023-12-06 19:52:09.084,1.25,2023-12-06 20:00:00,
1.222204248,10351066,Clara Burel,Barthel v Burel,90,2023-12-06 19:59:04.118,1.29,2023-12-06 20:05:00,
1.222204248,10351066,Clara Burel,Barthel v Burel,100,2023-12-06 20:04:16.434,1.3,2023-12-06 20:05:00,
1.222204694,6531033,Ekaterine Gorgodze,Gorgodze v So Sierra,0,2023-12-07 10:04:58.198,3.1,2023-12-07 16:00:00,
1.222204694,6531033,Ekaterine Gorgodze,Gorgodze v So Sierra,10,2023-12-07 13:39:12.672,3.25,2023-12-07 16:00:00,
1.222204694,6531033,Ekaterine Gorgodze,Gorgodze v So Sierra,20,2023-12-07 14:18:02.698,3.0,2023-12-07 16:00:00,
1.222204694,6531033,Ekaterine Gorgodze,Gorgodze v So Sierra,30,2023-12-07 14:27:08.020,2.84,2023-12-07 16:00:00,
1.222204694,6531033,Ekaterine Gorgodze,Gorgodze v So Sierra,40,2023-12-07 14:38:51.307,2.78,2023-12-07 16:00:00,
1.222204694,6531033,Ekaterine Gorgodze,Gorgodze v So Sierra,50,2023-12-07 14:44:11.264,2.78,2023-12-07 16:00:00,
1.222204694,6531033,Ekaterine Gorgodze,Gorgodze v So Sierra,60,2023-12-07 15:09:12.587,2.96,2023-12-07 16:00:00,
1.222204694,6531033,Ekaterine Gorgodze,Gorgodze v So Sierra,70,2023-12-07 15:46:09.812,2.78,2023-12-07 16:00:00,
1.222204694,6531033,Ekaterine Gorgodze,Gorgodze v So Sierra,80,2023-12-07 15:55:59.686,2.8,2023-12-07 16:00:00,
1.222204694,6531033,Ekaterine Gorgodze,Gorgodze v So Sierra,90,2023-12-07 16:05:12.756,2.98,2023-12-07 16:10:00,
1.222204694,6531033,Ekaterine Gorgodze,Gorgodze v So Sierra,100,2023-12-07 16:09:12.634,3.6,2023-12-07 16:10:00,2023-12-07 16:07:12.504
1.222204694,20954981,Solana Sierra,Gorgodze v So Sierra,0,2023-12-06 22:06:04.123,1.53,2023-12-07 00:00:00,
1.222204694,20954981,Solana Sierra,Gorgodze v So Sierra,10,2023-12-07 07:54:05.738,1.47,2023-12-07 16:00:00,
1.222204694,20954981,Solana Sierra,Gorgodze v So Sierra,20,2023-12-07 10:04:58.198,1.47,2023-12-07 16:00:00,
1.222204694,20954981,Solana Sierra,Gorgodze v So Sierra,30,2023-12-07 12:36:17.895,1.43,2023-12-07 16:00:00,
1.222204694,20954981,Solana Sierra,Gorgodze v So Sierra,40,2023-12-07 14:11:02.217,1.48,2023-12-07 16:00:00,
1.222204694,20954981,Solana Sierra,Gorgodze v So Sierra,50,2023-12-07 14:38:11.272,1.54,2023-12-07 16:00:00,
1.222204694,20954981,Solana Sierra,Gorgodze v So Sierra,60,2023-12-07 15:08:09.891,1.51,2023-12-07 16:00:00,
1.222204694,20954981,Solana Sierra,Gorgodze v So Sierra,70,2023-12-07 15:42:12.591,1.56,2023-12-07 16:00:00,
1.222204694,20954981,Solana Sierra,Gorgodze v So Sierra,80,2023-12-07 15:55:08.453,1.59,2023-12-07 16:00:00,
1.222204694,20954981,Solana Sierra,Gorgodze v So Sierra,90,2023-12-07 16:02:11.679,1.5,2023-12-07 16:10:00,
1.222204694,20954981,Solana Sierra,Gorgodze v So Sierra,100,2023-12-07 16:09:12.634,1.37,2023-12-07 16:10:00,2023-12-07 16:07:12.504
1.222205276,11403482,A Hartono,M Timofeeva v A Hartono,0,2023-12-05 23:43:13.561,2.3,2023-12-06 06:30:00,
1.222205276,11403482,A Hartono,M Timofeeva v A Hartono,10,2023-12-06 00:39:46.446,1.82,2023-12-06 06:30:00,
1.222205276,11403482,A Hartono,M Timofeeva v A Hartono,20,2023-12-06 05:05:26.420,1.96,2023-12-06 06:30:00,
1.222205276,11403482,A Hartono,M Timofeeva v A Hartono,30,2023-12-06 05:11:35.015,2.12,2023-12-06 06:30:00,
1.222205276,11403482,A Hartono,M Timofeeva v A Hartono,40,2023-12-06 05:21:36.568,2.12,2023-12-06 06:30:00,
1.222205276,11403482,A Hartono,M Timofeeva v A Hartono,50,2023-12-06 05:24:38.128,2.08,2023-12-06 06:30:00,
1.222205276,11403482,A Hartono,M Timofeeva v A Hartono,60,2023-12-06 05:26:36.925,2.1,2023-12-06 06:30:00,
1.222205276,11403482,A Hartono,M Timofeeva v A Hartono,70,2023-12-06 05:42:13.328,2.14,2023-12-06 06:30:00,
1.222205276,11403482,A Hartono,M Timofeeva v A Hartono,80,2023-12-06 06:00:38.030,2.12,2023-12-06 06:30:00,
1.222205276,11403482,A Hartono,M Timofeeva v A Hartono,90,2023-12-06 06:11:38.361,2.02,2023-12-06 06:30:00,
1.222205276,11403482,A Hartono,M Timofeeva v A Hartono,100,2023-12-06 06:25:38.445,2.02,2023-12-06 06:30:00,
1.222205276,11772828,M Timofeeva,M Timofeeva v A Hartono,0,2023-12-05 23:42:26.247,1.79,2023-12-06 06:30:00,
1.222205276,11772828,M Timofeeva,M Timofeeva v A Hartono,10,2023-12-05 23:47:29.533,2.04,2023-12-06 06:30:00,
1.222205276,11772828,M Timofeeva,M Timofeeva v A Hartono,20,2023-12-06 05:05:26.420,2.04,2023-12-06 06:30:00,
1.222205276,11772828,M Timofeeva,M Timofeeva v A Hartono,30,2023-12-06 05:11:35.015,1.86,2023-12-06 06:30:00,
1.222205276,11772828,M Timofeeva,M Timofeeva v A Hartono,40,2023-12-06 05:18:38.383,2.02,2023-12-06 06:30:00,
1.222205276,11772828,M Timofeeva,M Timofeeva v A Hartono,50,2023-12-06 05:24:38.128,1.92,2023-12-06 06:30:00,
1.222205276,11772828,M Timofeeva,M Timofeeva v A Hartono,60,2023-12-06 05:26:36.925,1.91,2023-12-06 06:30:00,
1.222205276,11772828,M Timofeeva,M Timofeeva v A Hartono,70,2023-12-06 05:30:54.166,1.87,2023-12-06 06:30:00,
1.222205276,11772828,M Timofeeva,M Timofeeva v A Hartono,80,2023-12-06 05:42:13.328,1.87,2023-12-06 06:30:00,
1.222205276,11772828,M Timofeeva,M Timofeeva v A Hartono,90,2023-12-06 06:12:33.329,1.99,2023-12-06 06:30:00,
1.222205276,11772828,M Timofeeva,M Timofeeva v A Hartono,100,2023-12-06 06:29:34.201,1.99,2023-12-06 06:30:00,
1.222205277,9168659,T Lukas,T Lukas v Y Hatouka,0,2023-12-06 05:36:15.138,3.1,2023-12-06 09:30:00,
1.222205277,9168659,T Lukas,T Lukas v Y Hatouka,10,2023-12-06 05:48:05.893,3.85,2023-12-06 09:30:00,
1.222205277,9168659,T Lukas,T Lukas v Y Hatouka,20,2023-12-06 05:53:06.389,3.1,2023-12-06 09:30:00,
1.222205277,9168659,T Lukas,T Lukas v Y Hatouka,30,2023-12-06 06:04:35.806,3.85,2023-12-06 09:30:00,
1.222205277,9168659,T Lukas,T Lukas v Y Hatouka,40,2023-12-06 06:13:27.378,3.65,2023-12-06 09:30:00,
1.222205277,9168659,T Lukas,T Lukas v Y Hatouka,50,2023-12-06 06:33:47.106,3.15,2023-12-06 09:30:00,
1.222205277,9168659,T Lukas,T Lukas v Y Hatouka,60,2023-12-06 07:26:10.630,3.9,2023-12-06 09:30:00,
1.222205277,9168659,T Lukas,T Lukas v Y Hatouka,70,2023-12-06 07:28:36.516,4.0,2023-12-06 09:30:00,
1.222205277,9168659,T Lukas,T Lukas v Y Hatouka,80,2023-12-06 07:32:38.161,3.95,2023-12-06 09:30:00,
1.222205277,9168659,T Lukas,T Lukas v Y Hatouka,90,2023-12-06 07:36:38.519,3.4,2023-12-06 09:30:00,
1.222205277,9168659,T Lukas,T Lukas v Y Hatouka,100,2023-12-06 09:02:26.510,3.7,2023-12-06 10:00:00,
1.222205277,12195035,Y Hatouka,T Lukas v Y Hatouka,0,2023-12-06 05:36:15.138,1.48,2023-12-06 09:30:00,
1.222205277,12195035,Y Hatouka,T Lukas v Y Hatouka,10,2023-12-06 05:43:34.522,1.33,2023-12-06 09:30:00,
1.222205277,12195035,Y Hatouka,T Lukas v Y Hatouka,20,2023-12-06 05:51:22.641,1.47,2023-12-06 09:30:00,
1.222205277,12195035,Y Hatouka,T Lukas v Y Hatouka,30,2023-12-06 06:03:33.016,1.38,2023-12-06 09:30:00,
1.222205277,12195035,Y Hatouka,T Lukas v Y Hatouka,40,2023-12-06 06:12:26.380,1.46,2023-12-06 09:30:00,
1.222205277,12195035,Y Hatouka,T Lukas v Y Hatouka,50,2023-12-06 06:22:05.623,1.33,2023-12-06 09:30:00,
1.222205277,12195035,Y Hatouka,T Lukas v Y Hatouka,60,2023-12-06 07:14:22.616,1.33,2023-12-06 09:30:00,
1.222205277,12195035,Y Hatouka,T Lukas v Y Hatouka,70,2023-12-06 07:29:34.997,1.39,2023-12-06 09:30:00,
1.222205277,12195035,Y Hatouka,T Lukas v Y Hatouka,80,2023-12-06 07:33:34.028,1.3,2023-12-06 09:30:00,
1.222205277,12195035,Y Hatouka,T Lukas v Y Hatouka,90,2023-12-06 07:40:32.026,1.42,2023-12-06 09:30:00,
1.222205277,12195035,Y Hatouka,T Lukas v Y Hatouka,100,2023-12-06 09:35:31.901,1.46,2023-12-06 10:00:00,
1.222205288,9042343,Renata Zarazua,Ga Lee v Zarazua,0,2023-12-07 10:06:03.211,1.2,2023-12-07 17:30:00,
1.222205288,9042343,Renata Zarazua,Ga Lee v Zarazua,10,2023-12-07 12:47:55.637,1.14,2023-12-07 17:30:00,
1.222205288,9042343,Renata Zarazua,Ga Lee v Zarazua,20,2023-12-07 14:06:13.228,1.2,2023-12-07 17:30:00,
1.222205288,9042343,Renata Zarazua,Ga Lee v Zarazua,30,2023-12-07 14:36:40.755,1.16,2023-12-07 17:30:00,
1.222205288,9042343,Renata Zarazua,Ga Lee v Zarazua,40,2023-12-07 14:56:10.695,1.2,2023-12-07 17:30:00,
1.222205288,9042343,Renata Zarazua,Ga Lee v Zarazua,50,2023-12-07 16:22:08.994,1.2,2023-12-07 17:30:00,
1.222205288,9042343,Renata Zarazua,Ga Lee v Zarazua,60,2023-12-07 17:03:11.054,1.21,2023-12-07 17:30:00,
1.222205288,9042343,Renata Zarazua,Ga Lee v Zarazua,70,2023-12-07 17:07:55.966,1.2,2023-12-07 17:30:00,
1.222205288,9042343,Renata Zarazua,Ga Lee v Zarazua,80,2023-12-07 17:30:10.871,1.22,2023-12-07 17:45:00,
1.222205288,9042343,Renata Zarazua,Ga Lee v Zarazua,90,2023-12-07 17:32:10.905,1.24,2023-12-07 17:45:00,
1.222205288,9042343,Renata Zarazua,Ga Lee v Zarazua,100,2023-12-07 17:47:06.270,1.2,2023-12-07 17:50:00,
1.222205288,41803164,Gabriela Lee,Ga Lee v Zarazua,0,2023-12-07 14:06:13.228,5.5,2023-12-07 17:30:00,
1.222205288,41803164,Gabriela Lee,Ga Lee v Zarazua,10,2023-12-07 14:07:51.793,5.6,2023-12-07 17:30:00,
1.222205288,41803164,Gabriela Lee,Ga Lee v Zarazua,20,2023-12-07 14:08:47.471,5.5,2023-12-07 17:30:00,
1.222205288,41803164,Gabriela Lee,Ga Lee v Zarazua,30,2023-12-07 14:56:10.695,6.0,2023-12-07 17:30:00,
1.222205288,41803164,Gabriela Lee,Ga Lee v Zarazua,40,2023-12-07 16:18:41.095,5.8,2023-12-07 17:30:00,
1.222205288,41803164,Gabriela Lee,Ga Lee v Zarazua,50,2023-12-07 17:26:09.614,5.7,2023-12-07 17:30:00,
1.222205288,41803164,Gabriela Lee,Ga Lee v Zarazua,60,2023-12-07 17:30:10.871,5.5,2023-12-07 17:45:00,
1.222205288,41803164,Gabriela Lee,Ga Lee v Zarazua,70,2023-12-07 17:31:10.848,5.4,2023-12-07 17:45:00,
1.222205288,41803164,Gabriela Lee,Ga Lee v Zarazua,80,2023-12-07 17:32:10.905,5.3,2023-12-07 17:45:00,
1.222205288,41803164,Gabriela Lee,Ga Lee v Zarazua,90,2023-12-07 17:35:06.211,5.4,2023-12-07 17:45:00,
1.222205288,41803164,Gabriela Lee,Ga Lee v Zarazua,100,2023-12-07 17:45:02.146,5.4,2023-12-07 17:50:00,
1.222205426,25468429,J Cundom,Cundom v J Martin Manzano,0,2023-12-07 07:40:32.726,1.85,2023-12-07 15:00:00,2023-12-06 21:19:23.513
1.222205426,25468429,J Cundom,Cundom v J Martin Manzano,10,2023-12-07 09:39:28.337,2.8,2023-12-07 15:00:00,2023-12-06 21:19:23.513
1.222205426,25468429,J Cundom,Cundom v J Martin Manzano,20,2023-12-07 10:00:07.072,3.25,2023-12-07 15:00:00,2023-12-06 21:19:23.513
1.222205426,25468429,J Cundom,Cundom v J Martin Manzano,30,2023-12-07 10:10:04.013,4.2,2023-12-07 15:00:00,2023-12-06 21:19:23.513
1.222205426,25468429,J Cundom,Cundom v J Martin Manzano,40,2023-12-07 11:36:28.588,3.7,2023-12-07 15:00:00,2023-12-06 21:19:23.513
1.222205426,25468429,J Cundom,Cundom v J Martin Manzano,50,2023-12-07 12:21:17.699,6.8,2023-12-07 15:00:00,2023-12-06 21:19:23.513
1.222205426,25468429,J Cundom,Cundom v J Martin Manzano,60,2023-12-07 12:41:16.888,7.2,2023-12-07 15:00:00,2023-12-06 21:19:23.513
1.222205426,25468429,J Cundom,Cundom v J Martin Manzano,70,2023-12-07 12:50:23.325,6.0,2023-12-07 15:00:00,2023-12-06 21:19:23.513
1.222205426,25468429,J Cundom,Cundom v J Martin Manzano,80,2023-12-07 13:33:59.554,7.2,2023-12-07 15:00:00,2023-12-06 21:19:23.513
1.222205426,25468429,J Cundom,Cundom v J Martin Manzano,90,2023-12-07 15:47:32.288,7.2,2023-12-07 16:00:00,2023-12-06 21:19:23.513
1.222205426,25468429,J Cundom,Cundom v J Martin Manzano,100,2023-12-07 19:22:34.641,3.1,2023-12-07 19:30:00,2023-12-06 21:19:23.513
1.222205426,46068426,J Martin Manzano,Cundom v J Martin Manzano,0,2023-12-07 07:52:18.913,1.5,2023-12-07 15:00:00,2023-12-06 21:19:23.513
1.222205426,46068426,J Martin Manzano,Cundom v J Martin Manzano,10,2023-12-07 09:50:25.257,1.36,2023-12-07 15:00:00,2023-12-06 21:19:23.513
1.222205426,46068426,J Martin Manzano,Cundom v J Martin Manzano,20,2023-12-07 10:02:38.505,1.37,2023-12-07 15:00:00,2023-12-06 21:19:23.513
1.222205426,46068426,J Martin Manzano,Cundom v J Martin Manzano,30,2023-12-07 10:46:40.176,1.36,2023-12-07 15:00:00,2023-12-06 21:19:23.513
1.222205426,46068426,J Martin Manzano,Cundom v J Martin Manzano,40,2023-12-07 11:49:21.041,1.2,2023-12-07 15:00:00,2023-12-06 21:19:23.513
1.222205426,46068426,J Martin Manzano,Cundom v J Martin Manzano,50,2023-12-07 12:32:00.928,1.16,2023-12-07 15:00:00,2023-12-06 21:19:23.513
1.222205426,46068426,J Martin Manzano,Cundom v J Martin Manzano,60,2023-12-07 12:50:23.325,1.2,2023-12-07 15:00:00,2023-12-06 21:19:23.513
1.222205426,46068426,J Martin Manzano,Cundom v J Martin Manzano,70,2023-12-07 15:38:41.590,1.18,2023-12-07 15:45:00,2023-12-06 21:19:23.513
1.222205426,46068426,J Martin Manzano,Cundom v J Martin Manzano,80,2023-12-07 17:13:32.686,1.2,2023-12-07 17:15:00,2023-12-06 21:19:23.513
1.222205426,46068426,J Martin Manzano,Cundom v J Martin Manzano,90,2023-12-07 17:54:14.454,1.4,2023-12-07 18:00:00,2023-12-06 21:19:23.513
1.222205426,46068426,J Martin Manzano,Cundom v J Martin Manzano,100,2023-12-07 19:47:55.843,1.2,2023-12-07 20:00:00,2023-12-06 21:19:23.513
1.222207367,62870026,F Murray,Se Hodkin v F Murray,0,2023-12-06 10:14:44.134,2.02,2023-12-06 10:15:00,
1.222207367,62870026,F Murray,Se Hodkin v F Murray,10,2023-12-06 10:15:28.692,1.54,2023-12-06 10:30:00,
1.222207367,62870026,F Murray,Se Hodkin v F Murray,20,2023-12-06 10:16:45.254,1.58,2023-12-06 10:30:00,
1.222207367,62870026,F Murray,Se Hodkin v F Murray,30,2023-12-06 10:17:46.114,1.35,2023-12-06 10:30:00,
1.222207367,62870026,F Murray,Se Hodkin v F Murray,40,2023-12-06 10:18:43.088,9.0,2023-12-06 10:30:00,
1.222207367,62870026,F Murray,Se Hodkin v F Murray,50,2023-12-06 10:19:45.837,1.36,2023-12-06 10:30:00,
1.222207367,62870026,F Murray,Se Hodkin v F Murray,60,2023-12-06 10:20:44.308,1.51,2023-12-06 10:30:00,
1.222207367,62870026,F Murray,Se Hodkin v F Murray,70,2023-12-06 10:22:25.180,1.6,2023-12-06 10:30:00,
1.222207367,62870026,F Murray,Se Hodkin v F Murray,80,2023-12-06 10:24:38.799,10.0,2023-12-06 10:30:00,
1.222207367,62870026,F Murray,Se Hodkin v F Murray,90,2023-12-06 10:27:32.013,12.0,2023-12-06 10:30:00,
1.222207367,62870026,F Murray,Se Hodkin v F Murray,100,2023-12-06 10:29:39.120,1.61,2023-12-06 10:30:00,
1.222211338,18848114,Elisabetta Cocciaretto,El Cocciaretto v Ce Naef,0,2023-12-06 14:41:10.875,1.74,2023-12-07 00:00:00,
1.222211338,18848114,Elisabetta Cocciaretto,El Cocciaretto v Ce Naef,10,2023-12-07 04:27:06.822,1.74,2023-12-07 18:30:00,
1.222211338,18848114,Elisabetta Cocciaretto,El Cocciaretto v Ce Naef,20,2023-12-07 08:15:04.114,1.8,2023-12-07 18:30:00,
1.222211338,18848114,Elisabetta Cocciaretto,El Cocciaretto v Ce Naef,30,2023-12-07 10:33:20.027,1.82,2023-12-07 18:30:00,
1.222211338,18848114,Elisabetta Cocciaretto,El Cocciaretto v Ce Naef,40,2023-12-07 12:23:11.712,1.9,2023-12-07 18:30:00,
1.222211338,18848114,Elisabetta Cocciaretto,El Cocciaretto v Ce Naef,50,2023-12-07 13:56:12.122,1.86,2023-12-07 18:30:00,
1.222211338,18848114,Elisabetta Cocciaretto,El Cocciaretto v Ce Naef,60,2023-12-07 16:16:18.917,1.87,2023-12-07 18:30:00,
1.222211338,18848114,Elisabetta Cocciaretto,El Cocciaretto v Ce Naef,70,2023-12-07 17:54:14.503,1.88,2023-12-07 18:30:00,
1.222211338,18848114,Elisabetta Cocciaretto,El Cocciaretto v Ce Naef,80,2023-12-07 18:23:12.877,1.87,2023-12-07 18:30:00,
1.222211338,18848114,Elisabetta Cocciaretto,El Cocciaretto v Ce Naef,90,2023-12-07 19:17:07.739,1.8,2023-12-07 19:20:00,
1.222211338,18848114,Elisabetta Cocciaretto,El Cocciaretto v Ce Naef,100,2023-12-07 19:29:20.407,1.78,2023-12-07 19:30:00,2023-12-07 19:29:20.407
1.222211338,55928813,Celine Naef,El Cocciaretto v Ce Naef,0,2023-12-06 14:41:10.875,2.34,2023-12-07 00:00:00,
1.222211338,55928813,Celine Naef,El Cocciaretto v Ce Naef,10,2023-12-06 22:40:05.362,2.08,2023-12-07 18:30:00,
1.222211338,55928813,Celine Naef,El Cocciaretto v Ce Naef,20,2023-12-07 00:21:06.757,2.4,2023-12-07 18:30:00,
1.222211338,55928813,Celine Naef,El Cocciaretto v Ce Naef,30,2023-12-07 10:38:39.702,2.1,2023-12-07 18:30:00,
1.222211338,55928813,Celine Naef,El Cocciaretto v Ce Naef,40,2023-12-07 14:02:59.228,2.1,2023-12-07 18:30:00,
1.222211338,55928813,Celine Naef,El Cocciaretto v Ce Naef,50,2023-12-07 17:18:19.543,2.1,2023-12-07 18:30:00,
1.222211338,55928813,Celine Naef,El Cocciaretto v Ce Naef,60,2023-12-07 17:51:12.724,2.12,2023-12-07 18:30:00,
1.222211338,55928813,Celine Naef,El Cocciaretto v Ce Naef,70,2023-12-07 18:22:13.594,2.14,2023-12-07 18:30:00,
1.222211338,55928813,Celine Naef,El Cocciaretto v Ce Naef,80,2023-12-07 19:15:20.256,2.2,2023-12-07 19:20:00,
1.222211338,55928813,Celine Naef,El Cocciaretto v Ce Naef,90,2023-12-07 19:25:19.940,2.28,2023-12-07 19:30:00,
1.222211338,55928813,Celine Naef,El Cocciaretto v Ce Naef,100,2023-12-07 19:29:20.407,2.16,2023-12-07 19:30:00,2023-12-07 19:29:20.407
1.222219984,11275549,E Appleton,A Tikhonova v E Appleton,0,2023-12-07 05:27:06.855,3.45,2023-12-07 08:00:00,
1.222219984,11275549,E Appleton,A Tikhonova v E Appleton,10,2023-12-07 07:01:14.022,3.25,2023-12-07 08:00:00,
1.222219984,11275549,E Appleton,A Tikhonova v E Appleton,20,2023-12-07 07:04:55.560,3.3,2023-12-07 08:00:00,
1.222219984,11275549,E Appleton,A Tikhonova v E Appleton,30,2023-12-07 07:14:15.120,3.65,2023-12-07 08:00:00,
1.222219984,11275549,E Appleton,A Tikhonova v E Appleton,40,2023-12-07 07:59:11.876,2.76,2023-12-07 08:00:00,
1.222219984,11275549,E Appleton,A Tikhonova v E Appleton,50,2023-12-07 08:04:13.864,5.0,2023-12-07 08:15:00,2023-12-07 08:01:56.259
1.222219984,11275549,E Appleton,A Tikhonova v E Appleton,60,2023-12-07 08:06:14.079,4.1,2023-12-07 08:15:00,2023-12-07 08:01:56.259
1.222219984,11275549,E Appleton,A Tikhonova v E Appleton,70,2023-12-07 08:07:13.645,4.2,2023-12-07 08:15:00,2023-12-07 08:01:56.259
1.222219984,11275549,E Appleton,A Tikhonova v E Appleton,80,2023-12-07 08:08:10.055,4.1,2023-12-07 08:15:00,2023-12-07 08:01:56.259
1.222219984,11275549,E Appleton,A Tikhonova v E Appleton,90,2023-12-07 08:08:43.617,4.3,2023-12-07 08:15:00,2023-12-07 08:01:56.259
1.222219984,11275549,E Appleton,A Tikhonova v E Appleton,100,2023-12-07 08:25:00.549,4.5,2023-12-07 08:35:00,2023-12-07 08:01:56.259
1.222219984,19921770,A Tikhonova,A Tikhonova v E Appleton,0,2023-12-07 02:17:42.721,1.25,2023-12-07 08:00:00,
1.222219984,19921770,A Tikhonova,A Tikhonova v E Appleton,10,2023-12-07 05:27:06.855,1.41,2023-12-07 08:00:00,
1.222219984,19921770,A Tikhonova,A Tikhonova v E Appleton,20,2023-12-07 06:02:14.519,1.33,2023-12-07 08:00:00,
1.222219984,19921770,A Tikhonova,A Tikhonova v E Appleton,30,2023-12-07 07:04:55.560,1.44,2023-12-07 08:00:00,
1.222219984,19921770,A Tikhonova,A Tikhonova v E Appleton,40,2023-12-07 07:40:07.471,1.31,2023-12-07 08:00:00,
1.222219984,19921770,A Tikhonova,A Tikhonova v E Appleton,50,2023-12-07 08:05:14.241,1.33,2023-12-07 08:15:00,2023-12-07 08:01:56.259
1.222219984,19921770,A Tikhonova,A Tikhonova v E Appleton,60,2023-12-07 08:06:14.079,1.32,2023-12-07 08:15:00,2023-12-07 08:01:56.259
1.222219984,19921770,A Tikhonova,A Tikhonova v E Appleton,70,2023-12-07 08:08:10.055,1.25,2023-12-07 08:15:00,2023-12-07 08:01:56.259
1.222219984,19921770,A Tikhonova,A Tikhonova v E Appleton,80,2023-12-07 08:09:46.578,1.32,2023-12-07 08:15:00,2023-12-07 08:01:56.259
1.222219984,19921770,A Tikhonova,A Tikhonova v E Appleton,90,2023-12-07 08:25:00.549,1.4,2023-12-07 08:35:00,2023-12-07 08:01:56.259
1.222219984,19921770,A Tikhonova,A Tikhonova v E Appleton,100,2023-12-07 08:29:50.882,1.3,2023-12-07 08:30:00,2023-12-07 08:01:56.259
1.222219985,15153693,D Snigur,K Zaytseva v D Snigur,0,2023-12-07 05:03:18.567,1.05,2023-12-07 06:30:00,
1.222219985,15153693,D Snigur,K Zaytseva v D Snigur,10,2023-12-07 05:10:06.813,1.21,2023-12-07 06:30:00,
1.222219985,15153693,D Snigur,K Zaytseva v D Snigur,20,2023-12-07 05:11:12.982,1.3,2023-12-07 06:30:00,
1.222219985,15153693,D Snigur,K Zaytseva v D Snigur,30,2023-12-07 05:31:16.212,1.21,2023-12-07 06:30:00,
1.222219985,15153693,D Snigur,K Zaytseva v D Snigur,40,2023-12-07 05:52:06.941,1.23,2023-12-07 06:30:00,
1.222219985,15153693,D Snigur,K Zaytseva v D Snigur,50,2023-12-07 06:10:09.779,1.34,2023-12-07 06:30:00,
1.222219985,15153693,D Snigur,K Zaytseva v D Snigur,60,2023-12-07 06:11:15.543,1.23,2023-12-07 06:30:00,
1.222219985,15153693,D Snigur,K Zaytseva v D Snigur,70,2023-12-07 06:14:10.019,1.35,2023-12-07 06:30:00,
1.222219985,15153693,D Snigur,K Zaytseva v D Snigur,80,2023-12-07 06:15:59.275,1.36,2023-12-07 06:30:00,
1.222219985,15153693,D Snigur,K Zaytseva v D Snigur,90,2023-12-07 06:23:11.631,1.3,2023-12-07 06:30:00,
1.222219985,15153693,D Snigur,K Zaytseva v D Snigur,100,2023-12-07 06:28:06.480,1.25,2023-12-07 06:30:00,
1.222224323,7289592,Andreea Mitu,Soboleva v Mitu,0,2023-12-06 10:24:11.538,1.71,2023-12-06 10:30:00,
1.222224323,7289592,Andreea Mitu,Soboleva v Mitu,10,2023-12-06 10:29:15.237,1.7,2023-12-06 10:45:00,
1.222224323,7289592,Andreea Mitu,Soboleva v Mitu,20,2023-12-06 10:30:10.794,1.53,2023-12-06 10:45:00,
1.222224323,7289592,Andreea Mitu,Soboleva v Mitu,30,2023-12-06 10:31:19.657,1.5,2023-12-06 10:45:00,
1.222224323,7289592,Andreea Mitu,Soboleva v Mitu,40,2023-12-06 10:41:12.710,1.58,2023-12-06 10:45:00,
1.222224323,7289592,Andreea Mitu,Soboleva v Mitu,50,2023-12-06 10:43:10.539,1.52,2023-12-06 10:45:00,
1.222224323,7289592,Andreea Mitu,Soboleva v Mitu,60,2023-12-06 10:46:15.247,1.6,2023-12-06 10:50:00,
1.222224323,7289592,Andreea Mitu,Soboleva v Mitu,70,2023-12-06 11:05:19.702,1.58,2023-12-06 11:10:00,
1.222224323,7289592,Andreea Mitu,Soboleva v Mitu,80,2023-12-06 11:06:43.715,1.55,2023-12-06 11:10:00,
1.222224323,7289592,Andreea Mitu,Soboleva v Mitu,90,2023-12-06 11:08:20.527,1.64,2023-12-06 11:10:00,
1.222224323,7289592,Andreea Mitu,Soboleva v Mitu,100,2023-12-06 11:14:06.237,1.71,2023-12-06 11:15:00,
1.222232171,52366622,Schoofs/Zimmermann,Schoofs/Zimmermann v Jacquemot/Serban,0,2023-12-07 08:58:43.731,1.64,2023-12-07 12:30:00,
1.222232171,52366622,Schoofs/Zimmermann,Schoofs/Zimmermann v Jacquemot/Serban,10,2023-12-07 09:05:05.377,1.65,2023-12-07 12:30:00,
1.222232171,52366622,Schoofs/Zimmermann,Schoofs/Zimmermann v Jacquemot/Serban,20,2023-12-07 09:07:10.310,1.36,2023-12-07 12:30:00,
1.222232171,52366622,Schoofs/Zimmermann,Schoofs/Zimmermann v Jacquemot/Serban,30,2023-12-07 10:42:51.054,1.49,2023-12-07 12:30:00,
1.222232171,52366622,Schoofs/Zimmermann,Schoofs/Zimmermann v Jacquemot/Serban,40,2023-12-07 10:47:03.392,1.5,2023-12-07 12:30:00,
1.222232171,52366622,Schoofs/Zimmermann,Schoofs/Zimmermann v Jacquemot/Serban,50,2023-12-07 10:55:05.040,1.52,2023-12-07 12:30:00,
1.222232171,52366622,Schoofs/Zimmermann,Schoofs/Zimmermann v Jacquemot/Serban,60,2023-12-07 11:10:46.895,1.54,2023-12-07 12:30:00,
1.222232171,52366622,Schoofs/Zimmermann,Schoofs/Zimmermann v Jacquemot/Serban,70,2023-12-07 12:17:48.133,1.4,2023-12-07 12:30:00,
1.222232171,52366622,Schoofs/Zimmermann,Schoofs/Zimmermann v Jacquemot/Serban,80,2023-12-07 12:19:41.587,1.59,2023-12-07 12:30:00,
1.222232171,52366622,Schoofs/Zimmermann,Schoofs/Zimmermann v Jacquemot/Serban,90,2023-12-07 12:24:59.267,1.47,2023-12-07 12:30:00,
1.222232171,52366622,Schoofs/Zimmermann,Schoofs/Zimmermann v Jacquemot/Serban,100,2023-12-07 12:39:05.510,1.43,2023-12-07 12:40:00,
1.222232171,63616339,Jacquemot/Serban,Schoofs/Zimmermann v Jacquemot/Serban,0,2023-12-07 08:58:43.731,2.56,2023-12-07 12:30:00,
1.222232171,63616339,Jacquemot/Serban,Schoofs/Zimmermann v Jacquemot/Serban,10,2023-12-07 10:42:51.054,3.0,2023-12-07 12:30:00,
1.222232171,63616339,Jacquemot/Serban,Schoofs/Zimmermann v Jacquemot/Serban,20,2023-12-07 10:58:32.084,2.92,2023-12-07 12:30:00,
1.222232171,63616339,Jacquemot/Serban,Schoofs/Zimmermann v Jacquemot/Serban,30,2023-12-07 11:02:09.144,2.88,2023-12-07 12:30:00,
1.222232171,63616339,Jacquemot/Serban,Schoofs/Zimmermann v Jacquemot/Serban,40,2023-12-07 11:03:02.742,2.92,2023-12-07 12:30:00,
1.222232171,63616339,Jacquemot/Serban,Schoofs/Zimmermann v Jacquemot/Serban,50,2023-12-07 11:33:09.126,2.7,2023-12-07 12:30:00,
1.222232171,63616339,Jacquemot/Serban,Schoofs/Zimmermann v Jacquemot/Serban,60,2023-12-07 12:17:48.133,3.5,2023-12-07 12:30:00,
1.222232171,63616339,Jacquemot/Serban,Schoofs/Zimmermann v Jacquemot/Serban,70,2023-12-07 12:19:41.587,2.7,2023-12-07 12:30:00,
1.222232171,63616339,Jacquemot/Serban,Schoofs/Zimmermann v Jacquemot/Serban,80,2023-12-07 12:22:48.690,3.0,2023-12-07 12:30:00,
1.222232171,63616339,Jacquemot/Serban,Schoofs/Zimmermann v Jacquemot/Serban,90,2023-12-07 12:24:59.267,3.05,2023-12-07 12:30:00,
1.222232171,63616339,Jacquemot/Serban,Schoofs/Zimmermann v Jacquemot/Serban,100,2023-12-07 12:39:05.510,3.35,2023-12-07 12:40:00,
1.222232174,63616342,Bucsa/Niculescu,Bucsa/Niculescu v Kalashnikova/Lumsden,0,2023-12-07 09:44:09.185,1.67,2023-12-07 14:00:00,
1.222232174,63616342,Bucsa/Niculescu,Bucsa/Niculescu v Kalashnikova/Lumsden,10,2023-12-07 11:17:40.637,1.62,2023-12-07 14:00:00,
1.222232174,63616342,Bucsa/Niculescu,Bucsa/Niculescu v Kalashnikova/Lumsden,20,2023-12-07 11:22:18.374,1.62,2023-12-07 14:00:00,
1.222232174,63616342,Bucsa/Niculescu,Bucsa/Niculescu v Kalashnikova/Lumsden,30,2023-12-07 11:53:50.587,1.62,2023-12-07 14:00:00,
1.222232174,63616342,Bucsa/Niculescu,Bucsa/Niculescu v Kalashnikova/Lumsden,40,2023-12-07 12:04:12.801,1.99,2023-12-07 14:00:00,
1.222232174,63616342,Bucsa/Niculescu,Bucsa/Niculescu v Kalashnikova/Lumsden,50,2023-12-07 12:06:10.587,1.63,2023-12-07 14:00:00,
1.222232174,63616342,Bucsa/Niculescu,Bucsa/Niculescu v Kalashnikova/Lumsden,60,2023-12-07 12:06:39.922,1.96,2023-12-07 14:00:00,
1.222232174,63616342,Bucsa/Niculescu,Bucsa/Niculescu v Kalashnikova/Lumsden,70,2023-12-07 12:08:22.760,1.63,2023-12-07 14:00:00,
1.222232174,63616342,Bucsa/Niculescu,Bucsa/Niculescu v Kalashnikova/Lumsden,80,2023-12-07 14:12:10.037,1.91,2023-12-07 14:20:00,
1.222232174,63616342,Bucsa/Niculescu,Bucsa/Niculescu v Kalashnikova/Lumsden,90,2023-12-07 14:16:09.809,2.02,2023-12-07 14:20:00,2023-12-07 14:15:12.321
1.222232174,63616342,Bucsa/Niculescu,Bucsa/Niculescu v Kalashnikova/Lumsden,100,2023-12-07 14:17:51.308,1.92,2023-12-07 14:20:00,2023-12-07 14:15:12.321
1.222232174,63616343,Kalashnikova/Lumsden,Bucsa/Niculescu v Kalashnikova/Lumsden,0,2023-12-07 11:18:46.414,2.62,2023-12-07 14:00:00,
1.222232174,63616343,Kalashnikova/Lumsden,Bucsa/Niculescu v Kalashnikova/Lumsden,10,2023-12-07 11:21:12.728,1.84,2023-12-07 14:00:00,
1.222232174,63616343,Kalashnikova/Lumsden,Bucsa/Niculescu v Kalashnikova/Lumsden,20,2023-12-07 11:28:03.822,2.62,2023-12-07 14:00:00,
1.222232174,63616343,Kalashnikova/Lumsden,Bucsa/Niculescu v Kalashnikova/Lumsden,30,2023-12-07 11:53:09.606,1.99,2023-12-07 14:00:00,
1.222232174,63616343,Kalashnikova/Lumsden,Bucsa/Niculescu v Kalashnikova/Lumsden,40,2023-12-07 11:53:50.587,2.62,2023-12-07 14:00:00,
1.222232174,63616343,Kalashnikova/Lumsden,Bucsa/Niculescu v Kalashnikova/Lumsden,50,2023-12-07 12:03:12.520,1.97,2023-12-07 14:00:00,
1.222232174,63616343,Kalashnikova/Lumsden,Bucsa/Niculescu v Kalashnikova/Lumsden,60,2023-12-07 12:06:39.922,2.04,2023-12-07 14:00:00,
1.222232174,63616343,Kalashnikova/Lumsden,Bucsa/Niculescu v Kalashnikova/Lumsden,70,2023-12-07 13:49:11.914,1.96,2023-12-07 14:00:00,
1.222232174,63616343,Kalashnikova/Lumsden,Bucsa/Niculescu v Kalashnikova/Lumsden,80,2023-12-07 14:12:10.037,2.08,2023-12-07 14:20:00,
1.222232174,63616343,Kalashnikova/Lumsden,Bucsa/Niculescu v Kalashnikova/Lumsden,90,2023-12-07 14:14:11.933,2.14,2023-12-07 14:20:00,
1.222232174,63616343,Kalashnikova/Lumsden,Bucsa/Niculescu v Kalashnikova/Lumsden,100,2023-12-07 14:17:12.644,2.04,2023-12-07 14:20:00,2023-12-07 14:15:12.321
1.222234734,7289592,Andreea Mitu,Mitu v Er Andreeva,0,2023-12-06 19:55:14.979,3.25,2023-12-07 10:30:00,
1.222234734,7289592,Andreea Mitu,Mitu v Er Andreeva,10,2023-12-06 22:17:37.987,4.9,2023-12-07 10:30:00,
1.222234734,7289592,Andreea Mitu,Mitu v Er Andreeva,20,2023-12-07 00:47:10.930,6.6,2023-12-07 10:30:00,
1.222234734,7289592,Andreea Mitu,Mitu v Er Andreeva,30,2023-12-07 03:42:06.626,6.0,2023-12-07 10:30:00,
1.222234734,7289592,Andreea Mitu,Mitu v Er Andreeva,40,2023-12-07 04:29:07.609,6.2,2023-12-07 10:30:00,
1.222234734,7289592,Andreea Mitu,Mitu v Er Andreeva,50,2023-12-07 10:05:04.725,6.4,2023-12-07 10:30:00,
1.222234734,7289592,Andreea Mitu,Mitu v Er Andreeva,60,2023-12-07 10:16:50.483,7.0,2023-12-07 10:30:00,
1.222234734,7289592,Andreea Mitu,Mitu v Er Andreeva,70,2023-12-07 10:20:07.057,6.8,2023-12-07 10:30:00,
1.222234734,7289592,Andreea Mitu,Mitu v Er Andreeva,80,2023-12-07 10:22:44.659,6.4,2023-12-07 10:30:00,
1.222234734,7289592,Andreea Mitu,Mitu v Er Andreeva,90,2023-12-07 10:29:04.997,6.8,2023-12-07 10:30:00,
1.222234734,7289592,Andreea Mitu,Mitu v Er Andreeva,100,2023-12-07 10:39:00.280,7.2,2023-12-07 10:40:00,
1.222234734,27187697,Erika Andreeva,Mitu v Er Andreeva,0,2023-12-06 20:51:05.799,1.25,2023-12-07 10:30:00,
1.222234734,27187697,Erika Andreeva,Mitu v Er Andreeva,10,2023-12-06 23:32:58.051,1.2,2023-12-07 10:30:00,
1.222234734,27187697,Erika Andreeva,Mitu v Er Andreeva,20,2023-12-07 00:01:47.076,1.16,2023-12-07 10:30:00,
1.222234734,27187697,Erika Andreeva,Mitu v Er Andreeva,30,2023-12-07 02:16:21.653,1.17,2023-12-07 10:30:00,
1.222234734,27187697,Erika Andreeva,Mitu v Er Andreeva,40,2023-12-07 04:29:07.609,1.19,2023-12-07 10:30:00,
1.222234734,27187697,Erika Andreeva,Mitu v Er Andreeva,50,2023-12-07 07:40:07.573,1.17,2023-12-07 10:30:00,
1.222234734,27187697,Erika Andreeva,Mitu v Er Andreeva,60,2023-12-07 08:49:48.703,1.19,2023-12-07 10:30:00,
1.222234734,27187697,Erika Andreeva,Mitu v Er Andreeva,70,2023-12-07 09:09:40.665,1.18,2023-12-07 10:30:00,
1.222234734,27187697,Erika Andreeva,Mitu v Er Andreeva,80,2023-12-07 09:46:08.324,1.19,2023-12-07 10:30:00,
1.222234734,27187697,Erika Andreeva,Mitu v Er Andreeva,90,2023-12-07 10:11:12.170,1.17,2023-12-07 10:30:00,
1.222234734,27187697,Erika Andreeva,Mitu v Er Andreeva,100,2023-12-07 10:39:00.280,1.16,2023-12-07 10:40:00,
1.222242758,2263692,Alize Cornet,Paquet v A. Cornet,0,2023-12-06 20:36:11.658,1.66,2023-12-07 17:00:00,
1.222242758,2263692,Alize Cornet,Paquet v A. Cornet,10,2023-12-07 03:17:06.170,1.5,2023-12-07 17:00:00,
1.222242758,2263692,Alize Cornet,Paquet v A. Cornet,20,2023-12-07 08:26:50.278,1.54,2023-12-07 17:00:00,
1.222242758,2263692,Alize Cornet,Paquet v A. Cornet,30,2023-12-07 10:53:10.994,1.52,2023-12-07 17:00:00,
1.222242758,2263692,Alize Cornet,Paquet v A. Cornet,40,2023-12-07 12:14:03.287,1.55,2023-12-07 17:00:00,
1.222242758,2263692,Alize Cornet,Paquet v A. Cornet,50,2023-12-07 15:10:12.588,1.52,2023-12-07 17:00:00,
1.222242758,2263692,Alize Cornet,Paquet v A. Cornet,60,2023-12-07 15:53:09.033,1.54,2023-12-07 17:00:00,
1.222242758,2263692,Alize Cornet,Paquet v A. Cornet,70,2023-12-07 16:33:56.711,1.53,2023-12-07 17:00:00,
1.222242758,2263692,Alize Cornet,Paquet v A. Cornet,80,2023-12-07 16:49:07.045,1.54,2023-12-07 17:00:00,
1.222242758,2263692,Alize Cornet,Paquet v A. Cornet,90,2023-12-07 16:55:57.884,1.52,2023-12-07 17:00:00,
1.222242758,2263692,Alize Cornet,Paquet v A. Cornet,100,2023-12-07 17:09:12.404,1.53,2023-12-07 17:10:00,
1.222242758,7216239,Chloe Paquet,Paquet v A. Cornet,0,2023-12-06 23:40:18.097,2.58,2023-12-07 17:00:00,
1.222242758,7216239,Chloe Paquet,Paquet v A. Cornet,10,2023-12-07 03:17:06.170,3.0,2023-12-07 17:00:00,
1.222242758,7216239,Chloe Paquet,Paquet v A. Cornet,20,2023-12-07 10:56:09.660,2.92,2023-12-07 17:00:00,
1.222242758,7216239,Chloe Paquet,Paquet v A. Cornet,30,2023-12-07 11:26:12.497,2.74,2023-12-07 17:00:00,
1.222242758,7216239,Chloe Paquet,Paquet v A. Cornet,40,2023-12-07 15:08:06.568,2.86,2023-12-07 17:00:00,
1.222242758,7216239,Chloe Paquet,Paquet v A. Cornet,50,2023-12-07 15:37:08.534,2.84,2023-12-07 17:00:00,
1.222242758,7216239,Chloe Paquet,Paquet v A. Cornet,60,2023-12-07 16:02:12.047,2.86,2023-12-07 17:00:00,
1.222242758,7216239,Chloe Paquet,Paquet v A. Cornet,70,2023-12-07 16:49:07.045,2.86,2023-12-07 17:00:00,
1.222242758,7216239,Chloe Paquet,Paquet v A. Cornet,80,2023-12-07 17:00:04.158,2.9,2023-12-07 17:10:00,
1.222242758,7216239,Chloe Paquet,Paquet v A. Cornet,90,2023-12-07 17:06:11.270,2.9,2023-12-07 17:10:00,
1.222242758,7216239,Chloe Paquet,Paquet v A. Cornet,100,2023-12-07 17:09:12.404,2.86,2023-12-07 17:10:00,
1.222243871,63290534,Gorgodze/Grammatikopoul,Gorgodze/Grammatikopoul v Christie/Lizarazo,0,2023-12-07 16:34:46.584,1.35,2023-12-07 19:30:00,
1.222243871,63290534,Gorgodze/Grammatikopoul,Gorgodze/Grammatikopoul v Christie/Lizarazo,10,2023-12-07 16:36:01.860,1.66,2023-12-07 19:30:00,
1.222243871,63290534,Gorgodze/Grammatikopoul,Gorgodze/Grammatikopoul v Christie/Lizarazo,20,2023-12-07 16:37:00.911,1.39,2023-12-07 19:30:00,
1.222243871,63290534,Gorgodze/Grammatikopoul,Gorgodze/Grammatikopoul v Christie/Lizarazo,30,2023-12-07 16:37:07.232,1.66,2023-12-07 19:30:00,
1.222243871,63290534,Gorgodze/Grammatikopoul,Gorgodze/Grammatikopoul v Christie/Lizarazo,40,2023-12-07 16:40:01.070,1.64,2023-12-07 19:30:00,
1.222243871,63290534,Gorgodze/Grammatikopoul,Gorgodze/Grammatikopoul v Christie/Lizarazo,50,2023-12-07 16:40:55.819,1.39,2023-12-07 19:30:00,
1.222243871,63290534,Gorgodze/Grammatikopoul,Gorgodze/Grammatikopoul v Christie/Lizarazo,60,2023-12-07 17:59:35.719,1.63,2023-12-07 19:30:00,
1.222243871,63290534,Gorgodze/Grammatikopoul,Gorgodze/Grammatikopoul v Christie/Lizarazo,70,2023-12-07 18:40:01.893,1.64,2023-12-07 19:30:00,
1.222243871,63290534,Gorgodze/Grammatikopoul,Gorgodze/Grammatikopoul v Christie/Lizarazo,80,2023-12-07 18:42:58.643,1.79,2023-12-07 19:30:00,
1.222243871,63290534,Gorgodze/Grammatikopoul,Gorgodze/Grammatikopoul v Christie/Lizarazo,90,2023-12-07 18:43:58.795,1.4,2023-12-07 19:30:00,
1.222243871,63290534,Gorgodze/Grammatikopoul,Gorgodze/Grammatikopoul v Christie/Lizarazo,100,2023-12-07 18:46:56.359,1.4,2023-12-07 19:30:00,
1.222244988,9634670,Dayana Yastremska,D Yastremska v Mccar Kessler,0,2023-12-07 14:24:19.559,1.66,2023-12-08 00:00:00,
1.222244988,9634670,Dayana Yastremska,D Yastremska v Mccar Kessler,10,2023-12-07 22:05:13.022,1.58,2023-12-08 11:30:00,
1.222244988,9634670,Dayana Yastremska,D Yastremska v Mccar Kessler,20,2023-12-08 01:08:09.936,1.52,2023-12-08 11:30:00,
1.222244988,9634670,Dayana Yastremska,D Yastremska v Mccar Kessler,30,2023-12-08 05:55:38.929,1.47,2023-12-08 11:30:00,
1.222244988,9634670,Dayana Yastremska,D Yastremska v Mccar Kessler,40,2023-12-08 08:11:12.302,1.44,2023-12-08 11:30:00,
1.222244988,9634670,Dayana Yastremska,D Yastremska v Mccar Kessler,50,2023-12-08 09:23:05.994,1.41,2023-12-08 11:30:00,
1.222244988,9634670,Dayana Yastremska,D Yastremska v Mccar Kessler,60,2023-12-08 09:55:55.078,1.41,2023-12-08 11:30:00,
1.222244988,9634670,Dayana Yastremska,D Yastremska v Mccar Kessler,70,2023-12-08 11:00:09.688,1.42,2023-12-08 11:30:00,
1.222244988,9634670,Dayana Yastremska,D Yastremska v Mccar Kessler,80,2023-12-08 11:15:08.301,1.4,2023-12-08 11:30:00,
1.222244988,9634670,Dayana Yastremska,D Yastremska v Mccar Kessler,90,2023-12-08 11:34:08.220,1.38,2023-12-08 11:40:00,
1.222244988,9634670,Dayana Yastremska,D Yastremska v Mccar Kessler,100,2023-12-08 11:47:12.869,1.3,2023-12-08 11:50:00,2023-12-08 11:46:12.829
1.222244988,11942064,Mccartney Kessler,D Yastremska v Mccar Kessler,0,2023-12-07 12:31:36.389,2.62,2023-12-08 00:00:00,
1.222244988,11942064,Mccartney Kessler,D Yastremska v Mccar Kessler,10,2023-12-07 17:09:12.657,2.66,2023-12-08 00:00:00,
1.222244988,11942064,Mccartney Kessler,D Yastremska v Mccar Kessler,20,2023-12-07 23:24:09.218,2.86,2023-12-08 11:30:00,
1.222244988,11942064,Mccartney Kessler,D Yastremska v Mccar Kessler,30,2023-12-08 03:39:10.410,2.92,2023-12-08 11:30:00,
1.222244988,11942064,Mccartney Kessler,D Yastremska v Mccar Kessler,40,2023-12-08 06:18:32.105,3.05,2023-12-08 11:30:00,
1.222244988,11942064,Mccartney Kessler,D Yastremska v Mccar Kessler,50,2023-12-08 08:11:12.302,3.3,2023-12-08 11:30:00,
1.222244988,11942064,Mccartney Kessler,D Yastremska v Mccar Kessler,60,2023-12-08 10:19:59.629,3.35,2023-12-08 11:30:00,
1.222244988,11942064,Mccartney Kessler,D Yastremska v Mccar Kessler,70,2023-12-08 11:04:10.456,3.35,2023-12-08 11:30:00,
1.222244988,11942064,Mccartney Kessler,D Yastremska v Mccar Kessler,80,2023-12-08 11:19:12.435,3.65,2023-12-08 11:30:00,
1.222244988,11942064,Mccartney Kessler,D Yastremska v Mccar Kessler,90,2023-12-08 11:34:08.220,3.65,2023-12-08 11:40:00,
1.222244988,11942064,Mccartney Kessler,D Yastremska v Mccar Kessler,100,2023-12-08 11:49:12.186,4.2,2023-12-08 11:50:00,2023-12-08 11:46:12.829
1.222246281,2548781,Polona Hercog,Mar Carle v Hercog,0,2023-12-07 02:26:02.763,2.32,2023-12-07 17:30:00,
1.222246281,2548781,Polona Hercog,Mar Carle v Hercog,10,2023-12-07 08:53:11.614,1.81,2023-12-07 17:30:00,
1.222246281,2548781,Polona Hercog,Mar Carle v Hercog,20,2023-12-07 09:38:37.633,2.26,2023-12-07 17:30:00,
1.222246281,2548781,Polona Hercog,Mar Carle v Hercog,30,2023-12-07 11:21:06.847,2.08,2023-12-07 17:30:00,
1.222246281,2548781,Polona Hercog,Mar Carle v Hercog,40,2023-12-07 11:44:12.472,2.26,2023-12-07 17:30:00,
1.222246281,2548781,Polona Hercog,Mar Carle v Hercog,50,2023-12-07 14:03:53.707,2.12,2023-12-07 17:30:00,
1.222246281,2548781,Polona Hercog,Mar Carle v Hercog,60,2023-12-07 16:21:53.984,2.2,2023-12-07 17:30:00,
1.222246281,2548781,Polona Hercog,Mar Carle v Hercog,70,2023-12-07 16:32:10.005,2.26,2023-12-07 17:30:00,
1.222246281,2548781,Polona Hercog,Mar Carle v Hercog,80,2023-12-07 17:49:10.590,2.32,2023-12-07 18:10:00,
1.222246281,2548781,Polona Hercog,Mar Carle v Hercog,90,2023-12-07 18:12:06.065,2.32,2023-12-07 18:20:00,
1.222246281,2548781,Polona Hercog,Mar Carle v Hercog,100,2023-12-07 18:19:12.944,2.28,2023-12-07 18:20:00,
1.222246281,40136010,Maria Lourdes Carle,Mar Carle v Hercog,0,2023-12-07 02:26:02.763,1.75,2023-12-07 17:30:00,
1.222246281,40136010,Maria Lourdes Carle,Mar Carle v Hercog,10,2023-12-07 08:54:51.927,1.76,2023-12-07 17:30:00,
1.222246281,40136010,Maria Lourdes Carle,Mar Carle v Hercog,20,2023-12-07 14:16:12.863,1.84,2023-12-07 17:30:00,
1.222246281,40136010,Maria Lourdes Carle,Mar Carle v Hercog,30,2023-12-07 15:15:08.599,1.82,2023-12-07 17:30:00,
1.222246281,40136010,Maria Lourdes Carle,Mar Carle v Hercog,40,2023-12-07 16:05:08.800,1.82,2023-12-07 17:30:00,
1.222246281,40136010,Maria Lourdes Carle,Mar Carle v Hercog,50,2023-12-07 16:46:09.042,1.79,2023-12-07 17:30:00,
1.222246281,40136010,Maria Lourdes Carle,Mar Carle v Hercog,60,2023-12-07 17:24:07.065,1.8,2023-12-07 17:30:00,
1.222246281,40136010,Maria Lourdes Carle,Mar Carle v Hercog,70,2023-12-07 17:51:12.863,1.8,2023-12-07 18:10:00,
1.222246281,40136010,Maria Lourdes Carle,Mar Carle v Hercog,80,2023-12-07 18:11:10.039,1.75,2023-12-07 18:20:00,
1.222246281,40136010,Maria Lourdes Carle,Mar Carle v Hercog,90,2023-12-07 18:13:10.173,1.78,2023-12-07 18:20:00,
1.222246281,40136010,Maria Lourdes Carle,Mar Carle v Hercog,100,2023-12-07 18:19:12.944,1.76,2023-12-07 18:20:00,
1.222247364,61491811,Lohoff/Perrin,Lohoff/Perrin v Gamiz/Vedder,0,2023-12-07 05:41:29.450,1.2,2023-12-07 16:00:00,
1.222247364,61491811,Lohoff/Perrin,Lohoff/Perrin v Gamiz/Vedder,10,2023-12-07 09:37:58.233,2.24,2023-12-07 16:00:00,
1.222247364,61491811,Lohoff/Perrin,Lohoff/Perrin v Gamiz/Vedder,20,2023-12-07 09:38:33.004,2.38,2023-12-07 16:00:00,
1.222247364,61491811,Lohoff/Perrin,Lohoff/Perrin v Gamiz/Vedder,30,2023-12-07 15:11:40.792,1.65,2023-12-07 16:00:00,
1.222247364,61491811,Lohoff/Perrin,Lohoff/Perrin v Gamiz/Vedder,40,2023-12-07 15:27:50.227,1.61,2023-12-07 16:00:00,
1.222247364,61491811,Lohoff/Perrin,Lohoff/Perrin v Gamiz/Vedder,50,2023-12-07 15:38:23.779,1.63,2023-12-07 16:00:00,
1.222247364,61491811,Lohoff/Perrin,Lohoff/Perrin v Gamiz/Vedder,60,2023-12-07 15:39:53.791,1.53,2023-12-07 16:00:00,
1.222247364,61491811,Lohoff/Perrin,Lohoff/Perrin v Gamiz/Vedder,70,2023-12-07 15:47:38.821,1.62,2023-12-07 16:00:00,
1.222247364,61491811,Lohoff/Perrin,Lohoff/Perrin v Gamiz/Vedder,80,2023-12-07 16:08:01.215,1.61,2023-12-07 16:10:00,2023-12-07 16:08:01.215
1.222247364,61491811,Lohoff/Perrin,Lohoff/Perrin v Gamiz/Vedder,90,2023-12-07 16:09:00.267,1.5,2023-12-07 16:10:00,2023-12-07 16:08:01.215
1.222247364,61491811,Lohoff/Perrin,Lohoff/Perrin v Gamiz/Vedder,100,2023-12-07 16:09:59.446,1.48,2023-12-07 16:10:00,2023-12-07 16:08:01.215
1.222247448,9633098,Ylena In-Albon,Robi Montgomery v In-Albon,0,2023-12-07 08:40:01.419,2.42,2023-12-08 00:00:00,
1.222247448,9633098,Ylena In-Albon,Robi Montgomery v In-Albon,10,2023-12-07 18:05:02.957,2.8,2023-12-08 00:00:00,
1.222247448,9633098,Ylena In-Albon,Robi Montgomery v In-Albon,20,2023-12-07 18:54:50.681,2.74,2023-12-08 00:00:00,
1.222247448,9633098,Ylena In-Albon,Robi Montgomery v In-Albon,30,2023-12-08 09:46:59.721,2.68,2023-12-08 22:00:00,
1.222247448,9633098,Ylena In-Albon,Robi Montgomery v In-Albon,40,2023-12-08 19:53:02.549,2.68,2023-12-08 22:00:00,
1.222247448,9633098,Ylena In-Albon,Robi Montgomery v In-Albon,50,2023-12-08 20:59:09.378,2.94,2023-12-08 22:00:00,
1.222247448,9633098,Ylena In-Albon,Robi Montgomery v In-Albon,60,2023-12-08 21:10:08.693,2.68,2023-12-08 22:00:00,
1.222247448,9633098,Ylena In-Albon,Robi Montgomery v In-Albon,70,2023-12-08 21:43:14.106,2.86,2023-12-08 22:00:00,
1.222247448,9633098,Ylena In-Albon,Robi Montgomery v In-Albon,80,2023-12-08 21:52:11.857,2.72,2023-12-08 22:00:00,
1.222247448,9633098,Ylena In-Albon,Robi Montgomery v In-Albon,90,2023-12-08 21:58:11.966,2.78,2023-12-08 22:00:00,
1.222247448,9633098,Ylena In-Albon,Robi Montgomery v In-Albon,100,2023-12-08 22:03:12.637,3.25,2023-12-08 22:05:00,
1.222247448,24143439,Robin Montgomery,Robi Montgomery v In-Albon,0,2023-12-07 08:40:01.419,1.7,2023-12-08 00:00:00,
1.222247448,24143439,Robin Montgomery,Robi Montgomery v In-Albon,10,2023-12-08 12:05:41.541,1.61,2023-12-08 22:00:00,
1.222247448,24143439,Robin Montgomery,Robi Montgomery v In-Albon,20,2023-12-08 20:28:12.083,1.59,2023-12-08 22:00:00,
1.222247448,24143439,Robin Montgomery,Robi Montgomery v In-Albon,30,2023-12-08 20:59:09.378,1.52,2023-12-08 22:00:00,
1.222247448,24143439,Robin Montgomery,Robi Montgomery v In-Albon,40,2023-12-08 21:07:06.531,1.54,2023-12-08 22:00:00,
1.222247448,24143439,Robin Montgomery,Robi Montgomery v In-Albon,50,2023-12-08 21:26:13.566,1.54,2023-12-08 22:00:00,
1.222247448,24143439,Robin Montgomery,Robi Montgomery v In-Albon,60,2023-12-08 21:33:03.315,1.54,2023-12-08 22:00:00,
1.222247448,24143439,Robin Montgomery,Robi Montgomery v In-Albon,70,2023-12-08 21:50:13.752,1.57,2023-12-08 22:00:00,
1.222247448,24143439,Robin Montgomery,Robi Montgomery v In-Albon,80,2023-12-08 21:56:10.964,1.56,2023-12-08 22:00:00,
1.222247448,24143439,Robin Montgomery,Robi Montgomery v In-Albon,90,2023-12-08 22:00:08.282,1.51,2023-12-08 22:05:00,
1.222247448,24143439,Robin Montgomery,Robi Montgomery v In-Albon,100,2023-12-08 22:04:12.887,1.48,2023-12-08 22:05:00,
1.222248096,8176517,K Mladenovic,H Watson v K Mladenovic,0,2023-12-07 07:58:03.965,5.0,2023-12-07 10:00:00,
1.222248096,8176517,K Mladenovic,H Watson v K Mladenovic,10,2023-12-07 08:06:18.236,1.25,2023-12-07 10:00:00,2023-12-07 08:01:14.804
1.222248096,8176517,K Mladenovic,H Watson v K Mladenovic,20,2023-12-07 08:12:18.962,2.1,2023-12-07 10:00:00,2023-12-07 08:01:14.804
1.222248096,8176517,K Mladenovic,H Watson v K Mladenovic,30,2023-12-07 08:22:08.960,6.0,2023-12-07 10:00:00,2023-12-07 08:01:14.804
1.222248096,8176517,K Mladenovic,H Watson v K Mladenovic,40,2023-12-07 08:28:17.020,3.5,2023-12-07 10:00:00,2023-12-07 08:01:14.804
1.222248096,8176517,K Mladenovic,H Watson v K Mladenovic,50,2023-12-07 08:39:20.414,3.4,2023-12-07 10:00:00,2023-12-07 08:01:14.804
1.222248096,8176517,K Mladenovic,H Watson v K Mladenovic,60,2023-12-07 08:53:21.122,4.8,2023-12-07 10:00:00,2023-12-07 08:01:14.804
1.222248096,8176517,K Mladenovic,H Watson v K Mladenovic,70,2023-12-07 09:03:19.754,4.5,2023-12-07 10:00:00,2023-12-07 08:01:14.804
1.222248096,8176517,K Mladenovic,H Watson v K Mladenovic,80,2023-12-07 09:24:14.454,3.25,2023-12-07 10:00:00,2023-12-07 08:01:14.804
1.222248096,8176517,K Mladenovic,H Watson v K Mladenovic,90,2023-12-07 09:38:57.270,3.5,2023-12-07 10:00:00,2023-12-07 08:01:14.804
1.222248096,8176517,K Mladenovic,H Watson v K Mladenovic,100,2023-12-07 09:56:18.813,3.4,2023-12-07 10:00:00,2023-12-07 08:01:14.804
1.222248096,61559667,H Watson,H Watson v K Mladenovic,0,2023-12-07 06:26:14.564,1.22,2023-12-07 10:00:00,
1.222248096,61559667,H Watson,H Watson v K Mladenovic,10,2023-12-07 08:02:11.167,1.04,2023-12-07 10:00:00,2023-12-07 08:01:14.804
1.222248096,61559667,H Watson,H Watson v K Mladenovic,20,2023-12-07 08:13:20.135,1.35,2023-12-07 10:00:00,2023-12-07 08:01:14.804
1.222248096,61559667,H Watson,H Watson v K Mladenovic,30,2023-12-07 08:33:16.835,1.3,2023-12-07 10:00:00,2023-12-07 08:01:14.804
1.222248096,61559667,H Watson,H Watson v K Mladenovic,40,2023-12-07 08:38:21.038,1.4,2023-12-07 10:00:00,2023-12-07 08:01:14.804
1.222248096,61559667,H Watson,H Watson v K Mladenovic,50,2023-12-07 08:56:07.685,1.27,2023-12-07 10:00:00,2023-12-07 08:01:14.804
1.222248096,61559667,H Watson,H Watson v K Mladenovic,60,2023-12-07 09:03:19.754,1.29,2023-12-07 10:00:00,2023-12-07 08:01:14.804
1.222248096,61559667,H Watson,H Watson v K Mladenovic,70,2023-12-07 09:07:14.603,1.47,2023-12-07 10:00:00,2023-12-07 08:01:14.804
1.222248096,61559667,H Watson,H Watson v K Mladenovic,80,2023-12-07 09:25:19.100,1.45,2023-12-07 10:00:00,2023-12-07 08:01:14.804
1.222248096,61559667,H Watson,H Watson v K Mladenovic,90,2023-12-07 09:51:12.509,1.37,2023-12-07 10:00:00,2023-12-07 08:01:14.804
1.222248096,61559667,H Watson,H Watson v K Mladenovic,100,2023-12-07 09:59:13.130,1.41,2023-12-07 10:00:00,2023-12-07 08:01:14.804
1.222249006,52137896,Carle/Riera,Anshba/Gleason v Carle/Riera,0,2023-12-07 16:19:17.887,2.74,2023-12-07 21:00:00,
1.222249006,52137896,Carle/Riera,Anshba/Gleason v Carle/Riera,10,2023-12-07 16:21:59.114,1.88,2023-12-07 21:00:00,
1.222249006,52137896,Carle/Riera,Anshba/Gleason v Carle/Riera,20,2023-12-07 16:22:35.244,2.74,2023-12-07 21:00:00,
1.222249006,52137896,Carle/Riera,Anshba/Gleason v Carle/Riera,30,2023-12-07 19:31:19.108,2.58,2023-12-07 21:00:00,
1.222249006,52137896,Carle/Riera,Anshba/Gleason v Carle/Riera,40,2023-12-07 19:58:30.384,2.56,2023-12-07 21:00:00,
1.222249006,52137896,Carle/Riera,Anshba/Gleason v Carle/Riera,50,2023-12-07 20:18:02.164,2.28,2023-12-07 21:00:00,
1.222249006,52137896,Carle/Riera,Anshba/Gleason v Carle/Riera,60,2023-12-07 20:25:57.063,2.48,2023-12-07 21:00:00,
1.222249006,52137896,Carle/Riera,Anshba/Gleason v Carle/Riera,70,2023-12-07 20:32:50.243,2.48,2023-12-07 21:00:00,
1.222249006,52137896,Carle/Riera,Anshba/Gleason v Carle/Riera,80,2023-12-07 20:45:08.063,2.3,2023-12-07 21:00:00,
1.222249006,52137896,Carle/Riera,Anshba/Gleason v Carle/Riera,90,2023-12-07 20:48:21.358,2.5,2023-12-07 21:00:00,
1.222249006,52137896,Carle/Riera,Anshba/Gleason v Carle/Riera,100,2023-12-07 21:08:49.948,1.88,2023-12-07 21:10:00,2023-12-07 21:06:03.004
1.222249006,60394757,Anshba/Gleason,Anshba/Gleason v Carle/Riera,0,2023-12-07 16:12:00.644,2.06,2023-12-07 21:00:00,
1.222249006,60394757,Anshba/Gleason,Anshba/Gleason v Carle/Riera,10,2023-12-07 16:16:03.249,2.08,2023-12-07 21:00:00,
1.222249006,60394757,Anshba/Gleason,Anshba/Gleason v Carle/Riera,20,2023-12-07 16:19:17.887,2.14,2023-12-07 21:00:00,
1.222249006,60394757,Anshba/Gleason,Anshba/Gleason v Carle/Riera,30,2023-12-07 16:23:50.936,1.8,2023-12-07 21:00:00,
1.222249006,60394757,Anshba/Gleason,Anshba/Gleason v Carle/Riera,40,2023-12-07 19:34:01.200,1.6,2023-12-07 21:00:00,
1.222249006,60394757,Anshba/Gleason,Anshba/Gleason v Carle/Riera,50,2023-12-07 20:18:02.164,1.78,2023-12-07 21:00:00,
1.222249006,60394757,Anshba/Gleason,Anshba/Gleason v Carle/Riera,60,2023-12-07 20:26:49.746,1.69,2023-12-07 21:00:00,
1.222249006,60394757,Anshba/Gleason,Anshba/Gleason v Carle/Riera,70,2023-12-07 20:32:50.243,1.68,2023-12-07 21:00:00,
1.222249006,60394757,Anshba/Gleason,Anshba/Gleason v Carle/Riera,80,2023-12-07 20:37:28.485,1.8,2023-12-07 21:00:00,
1.222249006,60394757,Anshba/Gleason,Anshba/Gleason v Carle/Riera,90,2023-12-07 20:56:24.354,1.7,2023-12-07 21:00:00,
1.222249006,60394757,Anshba/Gleason,Anshba/Gleason v Carle/Riera,100,2023-12-07 21:08:49.948,2.14,2023-12-07 21:10:00,2023-12-07 21:06:03.004
1.222249655,50074323,Papamichail/Strakhova,Lechemia/Lee v Papamichail/Strakhova,0,2023-12-07 16:58:05.758,1.18,2023-12-07 22:30:00,
1.222249655,50074323,Papamichail/Strakhova,Lechemia/Lee v Papamichail/Strakhova,10,2023-12-07 16:59:54.878,1.19,2023-12-07 22:30:00,
1.222249655,50074323,Papamichail/Strakhova,Lechemia/Lee v Papamichail/Strakhova,20,2023-12-07 17:05:09.258,1.45,2023-12-07 22:30:00,
1.222249655,50074323,Papamichail/Strakhova,Lechemia/Lee v Papamichail/Strakhova,30,2023-12-07 18:19:09.196,2.1,2023-12-07 22:30:00,
1.222249655,50074323,Papamichail/Strakhova,Lechemia/Lee v Papamichail/Strakhova,40,2023-12-07 18:23:02.829,2.0,2023-12-07 22:30:00,
1.222249655,50074323,Papamichail/Strakhova,Lechemia/Lee v Papamichail/Strakhova,50,2023-12-07 19:57:59.999,2.1,2023-12-07 22:30:00,
1.222249655,50074323,Papamichail/Strakhova,Lechemia/Lee v Papamichail/Strakhova,60,2023-12-07 20:02:00.945,1.5,2023-12-07 22:30:00,
1.222249655,50074323,Papamichail/Strakhova,Lechemia/Lee v Papamichail/Strakhova,70,2023-12-07 22:16:04.794,1.5,2023-12-07 22:30:00,
1.222249655,50074323,Papamichail/Strakhova,Lechemia/Lee v Papamichail/Strakhova,80,2023-12-07 22:25:52.300,1.5,2023-12-07 22:30:00,
1.222249655,50074323,Papamichail/Strakhova,Lechemia/Lee v Papamichail/Strakhova,90,2023-12-07 23:07:55.380,1.51,2023-12-07 23:15:00,
1.222249655,50074323,Papamichail/Strakhova,Lechemia/Lee v Papamichail/Strakhova,100,2023-12-08 00:12:50.074,1.58,2023-12-08 00:15:00,
1.222249655,63548217,Lechemia/Lee,Lechemia/Lee v Papamichail/Strakhova,0,2023-12-07 17:03:06.850,1.7,2023-12-07 22:30:00,
1.222249655,63548217,Lechemia/Lee,Lechemia/Lee v Papamichail/Strakhova,10,2023-12-07 17:04:07.415,1.77,2023-12-07 22:30:00,
1.222249655,63548217,Lechemia/Lee,Lechemia/Lee v Papamichail/Strakhova,20,2023-12-07 17:05:09.258,3.2,2023-12-07 22:30:00,
1.222249655,63548217,Lechemia/Lee,Lechemia/Lee v Papamichail/Strakhova,30,2023-12-07 17:06:07.077,1.83,2023-12-07 22:30:00,
1.222249655,63548217,Lechemia/Lee,Lechemia/Lee v Papamichail/Strakhova,40,2023-12-07 17:07:08.425,1.85,2023-12-07 22:30:00,
1.222249655,63548217,Lechemia/Lee,Lechemia/Lee v Papamichail/Strakhova,50,2023-12-07 18:19:19.455,3.05,2023-12-07 22:30:00,
1.222249655,63548217,Lechemia/Lee,Lechemia/Lee v Papamichail/Strakhova,60,2023-12-07 18:21:03.092,3.5,2023-12-07 22:30:00,
1.222249655,63548217,Lechemia/Lee,Lechemia/Lee v Papamichail/Strakhova,70,2023-12-07 18:23:02.829,2.0,2023-12-07 22:30:00,
1.222249655,63548217,Lechemia/Lee,Lechemia/Lee v Papamichail/Strakhova,80,2023-12-07 18:23:31.902,3.0,2023-12-07 22:30:00,
1.222249655,63548217,Lechemia/Lee,Lechemia/Lee v Papamichail/Strakhova,90,2023-12-07 21:55:55.982,2.98,2023-12-07 22:30:00,
1.222249655,63548217,Lechemia/Lee,Lechemia/Lee v Papamichail/Strakhova,100,2023-12-07 23:44:21.498,2.54,2023-12-08 00:15:00,
1.222250664,11270745,T Pedretti,T Pedretti v M Krywoj,0,2023-12-07 12:35:56.657,1.81,2023-12-07 13:30:00,
1.222250664,11270745,T Pedretti,T Pedretti v M Krywoj,10,2023-12-07 12:45:24.449,2.0,2023-12-07 13:30:00,
1.222250664,11270745,T Pedretti,T Pedretti v M Krywoj,20,2023-12-07 12:46:39.066,2.08,2023-12-07 13:30:00,
1.222250664,11270745,T Pedretti,T Pedretti v M Krywoj,30,2023-12-07 12:48:48.609,2.0,2023-12-07 13:30:00,
1.222250664,11270745,T Pedretti,T Pedretti v M Krywoj,40,2023-12-07 12:53:41.579,2.0,2023-12-07 13:30:00,
1.222250664,11270745,T Pedretti,T Pedretti v M Krywoj,50,2023-12-07 12:57:39.106,2.04,2023-12-07 13:30:00,
1.222250664,11270745,T Pedretti,T Pedretti v M Krywoj,60,2023-12-07 12:58:44.086,2.08,2023-12-07 13:30:00,
1.222250664,11270745,T Pedretti,T Pedretti v M Krywoj,70,2023-12-07 13:00:41.059,2.08,2023-12-07 13:30:00,
1.222250664,11270745,T Pedretti,T Pedretti v M Krywoj,80,2023-12-07 13:02:35.061,2.0,2023-12-07 13:30:00,
1.222250664,11270745,T Pedretti,T Pedretti v M Krywoj,90,2023-12-07 13:03:36.561,2.08,2023-12-07 13:30:00,
1.222250664,11270745,T Pedretti,T Pedretti v M Krywoj,100,2023-12-07 13:15:48.792,1.88,2023-12-07 13:30:00,
1.222250664,12233564,M Krywoj,T Pedretti v M Krywoj,0,2023-12-07 12:35:56.657,2.22,2023-12-07 13:30:00,
1.222250664,12233564,M Krywoj,T Pedretti v M Krywoj,10,2023-12-07 12:44:44.356,3.0,2023-12-07 13:30:00,
1.222250664,12233564,M Krywoj,T Pedretti v M Krywoj,20,2023-12-07 12:46:39.066,3.1,2023-12-07 13:30:00,
1.222250664,12233564,M Krywoj,T Pedretti v M Krywoj,30,2023-12-07 12:51:46.078,3.1,2023-12-07 13:30:00,
1.222250664,12233564,M Krywoj,T Pedretti v M Krywoj,40,2023-12-07 12:53:41.579,3.0,2023-12-07 13:30:00,
1.222250664,12233564,M Krywoj,T Pedretti v M Krywoj,50,2023-12-07 12:57:39.106,3.0,2023-12-07 13:30:00,
1.222250664,12233564,M Krywoj,T Pedretti v M Krywoj,60,2023-12-07 13:01:32.445,3.1,2023-12-07 13:30:00,
1.222250664,12233564,M Krywoj,T Pedretti v M Krywoj,70,2023-12-07 13:02:35.061,3.0,2023-12-07 13:30:00,
1.222250664,12233564,M Krywoj,T Pedretti v M Krywoj,80,2023-12-07 13:14:44.073,3.0,2023-12-07 13:30:00,
1.222250664,12233564,M Krywoj,T Pedretti v M Krywoj,90,2023-12-07 13:16:44.221,3.05,2023-12-07 13:30:00,
1.222250664,12233564,M Krywoj,T Pedretti v M Krywoj,100,2023-12-07 13:27:26.809,2.56,2023-12-07 13:30:00,
1.222255562,8948984,Audrey Albie,Bucsa v Albie,0,2023-12-07 22:40:02.910,5.4,2023-12-08 13:00:00,
1.222255562,8948984,Audrey Albie,Bucsa v Albie,10,2023-12-08 09:05:08.908,4.3,2023-12-08 13:00:00,
1.222255562,8948984,Audrey Albie,Bucsa v Albie,20,2023-12-08 11:29:45.762,4.7,2023-12-08 13:00:00,
1.222255562,8948984,Audrey Albie,Bucsa v Albie,30,2023-12-08 12:34:16.039,4.8,2023-12-08 13:00:00,
1.222255562,8948984,Audrey Albie,Bucsa v Albie,40,2023-12-08 12:53:59.579,4.9,2023-12-08 13:00:00,
1.222255562,8948984,Audrey Albie,Bucsa v Albie,50,2023-12-08 13:09:14.907,4.8,2023-12-08 13:10:00,
1.222255562,8948984,Audrey Albie,Bucsa v Albie,60,2023-12-08 13:28:14.886,5.0,2023-12-08 13:35:00,
1.222255562,8948984,Audrey Albie,Bucsa v Albie,70,2023-12-08 14:12:15.326,4.8,2023-12-08 14:20:00,
1.222255562,8948984,Audrey Albie,Bucsa v Albie,80,2023-12-08 14:24:15.286,4.6,2023-12-08 14:30:00,
1.222255562,8948984,Audrey Albie,Bucsa v Albie,90,2023-12-08 14:36:14.972,4.5,2023-12-08 14:45:00,
1.222255562,8948984,Audrey Albie,Bucsa v Albie,100,2023-12-08 14:54:16.072,4.2,2023-12-08 14:55:00,2023-12-08 14:50:15.879
1.222255562,9629258,Cristina Bucsa,Bucsa v Albie,0,2023-12-07 10:39:15.323,1.12,2023-12-08 00:00:00,
1.222255562,9629258,Cristina Bucsa,Bucsa v Albie,10,2023-12-08 04:42:14.836,1.26,2023-12-08 13:00:00,
1.222255562,9629258,Cristina Bucsa,Bucsa v Albie,20,2023-12-08 10:16:59.324,1.27,2023-12-08 13:00:00,
1.222255562,9629258,Cristina Bucsa,Bucsa v Albie,30,2023-12-08 11:29:45.762,1.27,2023-12-08 13:00:00,
1.222255562,9629258,Cristina Bucsa,Bucsa v Albie,40,2023-12-08 12:41:53.212,1.26,2023-12-08 13:00:00,
1.222255562,9629258,Cristina Bucsa,Bucsa v Albie,50,2023-12-08 13:04:13.532,1.27,2023-12-08 13:10:00,
1.222255562,9629258,Cristina Bucsa,Bucsa v Albie,60,2023-12-08 13:25:14.951,1.26,2023-12-08 13:35:00,
1.222255562,9629258,Cristina Bucsa,Bucsa v Albie,70,2023-12-08 13:42:05.713,1.23,2023-12-08 13:45:00,
1.222255562,9629258,Cristina Bucsa,Bucsa v Albie,80,2023-12-08 14:05:14.900,1.25,2023-12-08 14:10:00,
1.222255562,9629258,Cristina Bucsa,Bucsa v Albie,90,2023-12-08 14:36:14.972,1.28,2023-12-08 14:45:00,
1.222255562,9629258,Cristina Bucsa,Bucsa v Albie,100,2023-12-08 14:54:16.072,1.31,2023-12-08 14:55:00,2023-12-08 14:50:15.879
1.222266638,10351066,Clara Burel,Er Andreeva v Burel,0,2023-12-07 21:26:12.106,2.2,2023-12-08 17:30:00,
1.222266638,10351066,Clara Burel,Er Andreeva v Burel,10,2023-12-08 05:10:23.291,2.0,2023-12-08 17:30:00,
1.222266638,10351066,Clara Burel,Er Andreeva v Burel,20,2023-12-08 10:04:18.095,2.04,2023-12-08 17:30:00,
1.222266638,10351066,Clara Burel,Er Andreeva v Burel,30,2023-12-08 14:27:58.703,2.1,2023-12-08 17:30:00,
1.222266638,10351066,Clara Burel,Er Andreeva v Burel,40,2023-12-08 15:15:46.482,2.04,2023-12-08 17:30:00,
1.222266638,10351066,Clara Burel,Er Andreeva v Burel,50,2023-12-08 17:09:35.150,2.06,2023-12-08 17:30:00,
1.222266638,10351066,Clara Burel,Er Andreeva v Burel,60,2023-12-08 17:28:07.964,2.02,2023-12-08 17:30:00,
1.222266638,10351066,Clara Burel,Er Andreeva v Burel,70,2023-12-08 17:41:05.607,2.02,2023-12-08 17:50:00,
1.222266638,10351066,Clara Burel,Er Andreeva v Burel,80,2023-12-08 17:59:06.001,2.02,2023-12-08 18:10:00,
1.222266638,10351066,Clara Burel,Er Andreeva v Burel,90,2023-12-08 18:05:12.269,2.06,2023-12-08 18:10:00,
1.222266638,10351066,Clara Burel,Er Andreeva v Burel,100,2023-12-08 18:13:07.411,2.2,2023-12-08 18:15:00,
1.222266638,27187697,Erika Andreeva,Er Andreeva v Burel,0,2023-12-07 21:42:24.534,1.82,2023-12-08 17:30:00,
1.222266638,27187697,Erika Andreeva,Er Andreeva v Burel,10,2023-12-08 08:44:48.959,1.88,2023-12-08 17:30:00,
1.222266638,27187697,Erika Andreeva,Er Andreeva v Burel,20,2023-12-08 12:32:10.384,1.92,2023-12-08 17:30:00,
1.222266638,27187697,Erika Andreeva,Er Andreeva v Burel,30,2023-12-08 14:44:10.994,1.94,2023-12-08 17:30:00,
1.222266638,27187697,Erika Andreeva,Er Andreeva v Burel,40,2023-12-08 15:53:11.081,1.95,2023-12-08 17:30:00,
1.222266638,27187697,Erika Andreeva,Er Andreeva v Burel,50,2023-12-08 17:14:09.410,1.95,2023-12-08 17:30:00,
1.222266638,27187697,Erika Andreeva,Er Andreeva v Burel,60,2023-12-08 17:34:06.883,1.95,2023-12-08 17:50:00,
1.222266638,27187697,Erika Andreeva,Er Andreeva v Burel,70,2023-12-08 17:54:05.819,1.97,2023-12-08 18:00:00,
1.222266638,27187697,Erika Andreeva,Er Andreeva v Burel,80,2023-12-08 18:02:52.041,1.93,2023-12-08 18:10:00,
1.222266638,27187697,Erika Andreeva,Er Andreeva v Burel,90,2023-12-08 18:08:10.277,1.88,2023-12-08 18:10:00,
1.222266638,27187697,Erika Andreeva,Er Andreeva v Burel,100,2023-12-08 18:14:11.551,1.83,2023-12-08 18:15:00,
1.222269594,58503314,Danilina/Panova,Kessler/Smith v Danilina/Panova,0,2023-12-08 08:23:21.939,1.45,2023-12-08 14:00:00,
1.222269594,58503314,Danilina/Panova,Kessler/Smith v Danilina/Panova,10,2023-12-08 14:06:07.193,1.48,2023-12-08 14:30:00,
1.222269594,58503314,Danilina/Panova,Kessler/Smith v Danilina/Panova,20,2023-12-08 14:09:08.224,1.25,2023-12-08 14:30:00,
1.222269594,58503314,Danilina/Panova,Kessler/Smith v Danilina/Panova,30,2023-12-08 14:11:32.575,1.2,2023-12-08 14:30:00,
1.222269594,58503314,Danilina/Panova,Kessler/Smith v Danilina/Panova,40,2023-12-08 14:44:34.832,1.25,2023-12-08 14:45:00,
1.222269594,58503314,Danilina/Panova,Kessler/Smith v Danilina/Panova,50,2023-12-08 14:54:39.928,1.25,2023-12-08 14:55:00,
1.222269594,58503314,Danilina/Panova,Kessler/Smith v Danilina/Panova,60,2023-12-08 15:24:46.294,1.32,2023-12-08 15:30:00,
1.222269594,58503314,Danilina/Panova,Kessler/Smith v Danilina/Panova,70,2023-12-08 15:42:21.056,1.19,2023-12-08 15:45:00,
1.222269594,58503314,Danilina/Panova,Kessler/Smith v Danilina/Panova,80,2023-12-08 15:51:02.280,1.32,2023-12-08 16:00:00,
1.222269594,58503314,Danilina/Panova,Kessler/Smith v Danilina/Panova,90,2023-12-08 16:06:24.390,1.28,2023-12-08 16:10:00,
1.222269594,58503314,Danilina/Panova,Kessler/Smith v Danilina/Panova,100,2023-12-08 16:23:10.459,1.2,2023-12-08 16:25:00,
1.222269594,63651929,Kessler/Smith,Kessler/Smith v Danilina/Panova,0,2023-12-07 19:21:00.431,1.05,2023-12-08 14:00:00,
1.222269594,63651929,Kessler/Smith,Kessler/Smith v Danilina/Panova,10,2023-12-08 12:57:43.796,7.8,2023-12-08 14:00:00,
1.222269594,63651929,Kessler/Smith,Kessler/Smith v Danilina/Panova,20,2023-12-08 14:04:12.107,5.4,2023-12-08 14:30:00,
1.222269594,63651929,Kessler/Smith,Kessler/Smith v Danilina/Panova,30,2023-12-08 14:07:08.279,4.9,2023-12-08 14:30:00,
1.222269594,63651929,Kessler/Smith,Kessler/Smith v Danilina/Panova,40,2023-12-08 14:17:20.115,5.0,2023-12-08 14:30:00,
1.222269594,63651929,Kessler/Smith,Kessler/Smith v Danilina/Panova,50,2023-12-08 14:40:52.187,5.0,2023-12-08 14:45:00,
1.222269594,63651929,Kessler/Smith,Kessler/Smith v Danilina/Panova,60,2023-12-08 15:23:44.869,6.2,2023-12-08 15:30:00,
1.222269594,63651929,Kessler/Smith,Kessler/Smith v Danilina/Panova,70,2023-12-08 15:49:01.973,4.1,2023-12-08 16:00:00,
1.222269594,63651929,Kessler/Smith,Kessler/Smith v Danilina/Panova,80,2023-12-08 15:54:50.269,4.1,2023-12-08 16:00:00,
1.222269594,63651929,Kessler/Smith,Kessler/Smith v Danilina/Panova,90,2023-12-08 16:08:01.331,4.7,2023-12-08 16:10:00,
1.222269594,63651929,Kessler/Smith,Kessler/Smith v Danilina/Panova,100,2023-12-08 16:21:14.270,5.8,2023-12-08 16:25:00,
1.222275992,9042343,Renata Zarazua,Mir Bulgaru v Zarazua,0,2023-12-08 01:23:20.214,1.44,2023-12-08 16:00:00,
1.222275992,9042343,Renata Zarazua,Mir Bulgaru v Zarazua,10,2023-12-08 10:08:09.201,1.52,2023-12-08 16:00:00,
1.222275992,9042343,Renata Zarazua,Mir Bulgaru v Zarazua,20,2023-12-08 11:50:54.601,1.51,2023-12-08 16:00:00,
1.222275992,9042343,Renata Zarazua,Mir Bulgaru v Zarazua,30,2023-12-08 14:44:18.968,1.5,2023-12-08 16:00:00,
1.222275992,9042343,Renata Zarazua,Mir Bulgaru v Zarazua,40,2023-12-08 15:04:18.633,1.49,2023-12-08 16:00:00,
1.222275992,9042343,Renata Zarazua,Mir Bulgaru v Zarazua,50,2023-12-08 15:26:03.864,1.5,2023-12-08 16:00:00,
1.222275992,9042343,Renata Zarazua,Mir Bulgaru v Zarazua,60,2023-12-08 15:38:19.352,1.51,2023-12-08 16:00:00,
1.222275992,9042343,Renata Zarazua,Mir Bulgaru v Zarazua,70,2023-12-08 15:54:18.725,1.53,2023-12-08 16:00:00,
1.222275992,9042343,Renata Zarazua,Mir Bulgaru v Zarazua,80,2023-12-08 15:57:20.563,1.54,2023-12-08 16:00:00,
1.222275992,9042343,Renata Zarazua,Mir Bulgaru v Zarazua,90,2023-12-08 16:02:20.230,1.56,2023-12-08 16:10:00,
1.222275992,9042343,Renata Zarazua,Mir Bulgaru v Zarazua,100,2023-12-08 16:09:21.074,1.58,2023-12-08 16:10:00,
1.222275992,9631832,Miriam Bulgaru,Mir Bulgaru v Zarazua,0,2023-12-07 19:39:14.614,10.0,2023-12-08 00:00:00,
1.222275992,9631832,Miriam Bulgaru,Mir Bulgaru v Zarazua,10,2023-12-08 04:11:57.257,2.7,2023-12-08 16:00:00,
1.222275992,9631832,Miriam Bulgaru,Mir Bulgaru v Zarazua,20,2023-12-08 11:49:20.975,2.88,2023-12-08 16:00:00,
1.222275992,9631832,Miriam Bulgaru,Mir Bulgaru v Zarazua,30,2023-12-08 13:56:10.485,3.0,2023-12-08 16:00:00,
1.222275992,9631832,Miriam Bulgaru,Mir Bulgaru v Zarazua,40,2023-12-08 14:46:04.978,2.96,2023-12-08 16:00:00,
1.222275992,9631832,Miriam Bulgaru,Mir Bulgaru v Zarazua,50,2023-12-08 15:15:55.119,3.0,2023-12-08 16:00:00,
1.222275992,9631832,Miriam Bulgaru,Mir Bulgaru v Zarazua,60,2023-12-08 15:39:15.860,2.82,2023-12-08 16:00:00,
1.222275992,9631832,Miriam Bulgaru,Mir Bulgaru v Zarazua,70,2023-12-08 15:50:21.104,2.86,2023-12-08 16:00:00,
1.222275992,9631832,Miriam Bulgaru,Mir Bulgaru v Zarazua,80,2023-12-08 15:55:07.639,2.82,2023-12-08 16:00:00,
1.222275992,9631832,Miriam Bulgaru,Mir Bulgaru v Zarazua,90,2023-12-08 16:02:20.230,2.78,2023-12-08 16:10:00,
1.222275992,9631832,Miriam Bulgaru,Mir Bulgaru v Zarazua,100,2023-12-08 16:09:21.074,2.72,2023-12-08 16:10:00,
1.222276205,13268651,Julia Riera,Mar Carle v J Riera,0,2023-12-08 04:12:02.694,2.3,2023-12-08 17:30:00,
1.222276205,13268651,Julia Riera,Mar Carle v J Riera,10,2023-12-08 09:49:36.399,2.68,2023-12-08 17:30:00,
1.222276205,13268651,Julia Riera,Mar Carle v J Riera,20,2023-12-08 10:08:16.038,2.5,2023-12-08 17:30:00,
1.222276205,13268651,Julia Riera,Mar Carle v J Riera,30,2023-12-08 10:59:58.974,2.5,2023-12-08 17:30:00,
1.222276205,13268651,Julia Riera,Mar Carle v J Riera,40,2023-12-08 14:03:57.445,2.58,2023-12-08 17:30:00,
1.222276205,13268651,Julia Riera,Mar Carle v J Riera,50,2023-12-08 17:02:08.151,2.64,2023-12-08 17:30:00,
1.222276205,13268651,Julia Riera,Mar Carle v J Riera,60,2023-12-08 17:16:05.503,2.68,2023-12-08 17:30:00,
1.222276205,13268651,Julia Riera,Mar Carle v J Riera,70,2023-12-08 17:26:05.630,2.68,2023-12-08 17:30:00,
1.222276205,13268651,Julia Riera,Mar Carle v J Riera,80,2023-12-08 17:37:13.511,2.72,2023-12-08 17:40:00,
1.222276205,13268651,Julia Riera,Mar Carle v J Riera,90,2023-12-08 17:47:09.626,2.78,2023-12-08 17:55:00,
1.222276205,13268651,Julia Riera,Mar Carle v J Riera,100,2023-12-08 17:54:05.907,2.9,2023-12-08 17:55:00,
1.222276205,40136010,Maria Lourdes Carle,Mar Carle v J Riera,0,2023-12-08 01:10:44.970,1.55,2023-12-08 17:30:00,
1.222276205,40136010,Maria Lourdes Carle,Mar Carle v J Riera,10,2023-12-08 11:51:02.847,1.61,2023-12-08 17:30:00,
1.222276205,40136010,Maria Lourdes Carle,Mar Carle v J Riera,20,2023-12-08 15:30:13.139,1.65,2023-12-08 17:30:00,
1.222276205,40136010,Maria Lourdes Carle,Mar Carle v J Riera,30,2023-12-08 15:51:12.937,1.62,2023-12-08 17:30:00,
1.222276205,40136010,Maria Lourdes Carle,Mar Carle v J Riera,40,2023-12-08 16:27:05.029,1.64,2023-12-08 17:30:00,
1.222276205,40136010,Maria Lourdes Carle,Mar Carle v J Riera,50,2023-12-08 16:59:05.571,1.6,2023-12-08 17:30:00,
1.222276205,40136010,Maria Lourdes Carle,Mar Carle v J Riera,60,2023-12-08 17:07:05.505,1.6,2023-12-08 17:30:00,
1.222276205,40136010,Maria Lourdes Carle,Mar Carle v J Riera,70,2023-12-08 17:22:12.954,1.59,2023-12-08 17:30:00,
1.222276205,40136010,Maria Lourdes Carle,Mar Carle v J Riera,80,2023-12-08 17:34:13.625,1.58,2023-12-08 17:40:00,
1.222276205,40136010,Maria Lourdes Carle,Mar Carle v J Riera,90,2023-12-08 17:48:38.329,1.54,2023-12-08 17:55:00,
1.222276205,40136010,Maria Lourdes Carle,Mar Carle v J Riera,100,2023-12-08 17:54:05.907,1.53,2023-12-08 17:55:00,
1.222277921,7216239,Chloe Paquet,El Cocciaretto v Paquet,0,2023-12-08 04:11:49.622,2.84,2023-12-08 19:00:00,
1.222277921,7216239,Chloe Paquet,El Cocciaretto v Paquet,10,2023-12-08 13:00:57.111,3.5,2023-12-08 19:00:00,
1.222277921,7216239,Chloe Paquet,El Cocciaretto v Paquet,20,2023-12-08 18:23:07.830,3.5,2023-12-08 19:00:00,
1.222277921,7216239,Chloe Paquet,El Cocciaretto v Paquet,30,2023-12-08 18:30:04.876,3.65,2023-12-08 19:00:00,
1.222277921,7216239,Chloe Paquet,El Cocciaretto v Paquet,40,2023-12-08 18:59:37.779,3.7,2023-12-08 19:25:00,
1.222277921,7216239,Chloe Paquet,El Cocciaretto v Paquet,50,2023-12-08 19:07:08.848,3.65,2023-12-08 19:25:00,
1.222277921,7216239,Chloe Paquet,El Cocciaretto v Paquet,60,2023-12-08 19:26:10.589,3.6,2023-12-08 19:45:00,
1.222277921,7216239,Chloe Paquet,El Cocciaretto v Paquet,70,2023-12-08 20:05:07.327,3.8,2023-12-08 20:20:00,
1.222277921,7216239,Chloe Paquet,El Cocciaretto v Paquet,80,2023-12-08 20:26:07.679,3.8,2023-12-08 20:40:00,
1.222277921,7216239,Chloe Paquet,El Cocciaretto v Paquet,90,2023-12-08 20:41:09.786,3.8,2023-12-08 20:45:00,
1.222277921,7216239,Chloe Paquet,El Cocciaretto v Paquet,100,2023-12-08 20:49:12.165,3.9,2023-12-08 20:50:00,
1.222277921,18848114,Elisabetta Cocciaretto,El Cocciaretto v Paquet,0,2023-12-08 02:47:40.800,1.37,2023-12-08 19:00:00,
1.222277921,18848114,Elisabetta Cocciaretto,El Cocciaretto v Paquet,10,2023-12-08 09:23:55.108,1.39,2023-12-08 19:00:00,
1.222277921,18848114,Elisabetta Cocciaretto,El Cocciaretto v Paquet,20,2023-12-08 14:42:04.846,1.38,2023-12-08 19:00:00,
1.222277921,18848114,Elisabetta Cocciaretto,El Cocciaretto v Paquet,30,2023-12-08 17:36:06.515,1.41,2023-12-08 19:00:00,
1.222277921,18848114,Elisabetta Cocciaretto,El Cocciaretto v Paquet,40,2023-12-08 18:25:11.512,1.4,2023-12-08 19:00:00,
1.222277921,18848114,Elisabetta Cocciaretto,El Cocciaretto v Paquet,50,2023-12-08 18:39:41.151,1.38,2023-12-08 19:00:00,
1.222277921,18848114,Elisabetta Cocciaretto,El Cocciaretto v Paquet,60,2023-12-08 18:59:05.103,1.37,2023-12-08 19:25:00,
1.222277921,18848114,Elisabetta Cocciaretto,El Cocciaretto v Paquet,70,2023-12-08 19:29:13.076,1.37,2023-12-08 19:45:00,
1.222277921,18848114,Elisabetta Cocciaretto,El Cocciaretto v Paquet,80,2023-12-08 19:51:55.863,1.36,2023-12-08 20:00:00,
1.222277921,18848114,Elisabetta Cocciaretto,El Cocciaretto v Paquet,90,2023-12-08 20:38:13.713,1.36,2023-12-08 20:40:00,
1.222277921,18848114,Elisabetta Cocciaretto,El Cocciaretto v Paquet,100,2023-12-08 20:48:13.660,1.33,2023-12-08 20:50:00,
1.222279381,12195035,Y Hatouka,A Tikhonova v Y Hatouka,0,2023-12-08 02:40:05.488,1.73,2023-12-08 06:30:00,
1.222279381,12195035,Y Hatouka,A Tikhonova v Y Hatouka,10,2023-12-08 04:15:59.955,2.02,2023-12-08 06:30:00,
1.222279381,12195035,Y Hatouka,A Tikhonova v Y Hatouka,20,2023-12-08 04:47:34.100,1.73,2023-12-08 06:30:00,
1.222279381,12195035,Y Hatouka,A Tikhonova v Y Hatouka,30,2023-12-08 05:36:06.100,1.87,2023-12-08 06:30:00,
1.222279381,12195035,Y Hatouka,A Tikhonova v Y Hatouka,40,2023-12-08 05:50:35.654,1.87,2023-12-08 06:30:00,
1.222279381,12195035,Y Hatouka,A Tikhonova v Y Hatouka,50,2023-12-08 05:58:09.207,1.81,2023-12-08 06:30:00,
1.222279381,12195035,Y Hatouka,A Tikhonova v Y Hatouka,60,2023-12-08 06:05:10.400,1.72,2023-12-08 06:30:00,
1.222279381,12195035,Y Hatouka,A Tikhonova v Y Hatouka,70,2023-12-08 06:15:03.466,1.72,2023-12-08 06:30:00,
1.222279381,12195035,Y Hatouka,A Tikhonova v Y Hatouka,80,2023-12-08 06:19:45.483,1.72,2023-12-08 06:30:00,
1.222279381,12195035,Y Hatouka,A Tikhonova v Y Hatouka,90,2023-12-08 06:24:05.854,1.73,2023-12-08 06:30:00,
1.222279381,12195035,Y Hatouka,A Tikhonova v Y Hatouka,100,2023-12-08 06:28:04.573,1.72,2023-12-08 06:30:00,
1.222279381,19921770,A Tikhonova,A Tikhonova v Y Hatouka,0,2023-12-08 02:30:06.390,1.7,2023-12-08 06:30:00,
1.222279381,19921770,A Tikhonova,A Tikhonova v Y Hatouka,10,2023-12-08 04:41:12.257,1.94,2023-12-08 06:30:00,
1.222279381,19921770,A Tikhonova,A Tikhonova v Y Hatouka,20,2023-12-08 04:47:34.100,2.3,2023-12-08 06:30:00,
1.222279381,19921770,A Tikhonova,A Tikhonova v Y Hatouka,30,2023-12-08 05:35:07.570,2.46,2023-12-08 06:30:00,
1.222279381,19921770,A Tikhonova,A Tikhonova v Y Hatouka,40,2023-12-08 05:36:06.100,2.4,2023-12-08 06:30:00,
1.222279381,19921770,A Tikhonova,A Tikhonova v Y Hatouka,50,2023-12-08 05:51:58.207,2.28,2023-12-08 06:30:00,
1.222279381,19921770,A Tikhonova,A Tikhonova v Y Hatouka,60,2023-12-08 05:58:09.207,2.22,2023-12-08 06:30:00,
1.222279381,19921770,A Tikhonova,A Tikhonova v Y Hatouka,70,2023-12-08 06:00:00.102,2.28,2023-12-08 06:30:00,
1.222279381,19921770,A Tikhonova,A Tikhonova v Y Hatouka,80,2023-12-08 06:16:06.787,2.22,2023-12-08 06:30:00,
1.222279381,19921770,A Tikhonova,A Tikhonova v Y Hatouka,90,2023-12-08 06:22:42.498,2.3,2023-12-08 06:30:00,
1.222279381,19921770,A Tikhonova,A Tikhonova v Y Hatouka,100,2023-12-08 06:28:04.573,2.24,2023-12-08 06:30:00,
1.222279382,9628963,R Sramkova,H Watson v R Sramkova,0,2023-12-07 22:52:13.072,5.7,2023-12-08 06:30:00,
1.222279382,9628963,R Sramkova,H Watson v R Sramkova,10,2023-12-07 23:25:14.433,2.42,2023-12-08 06:30:00,
1.222279382,9628963,R Sramkova,H Watson v R Sramkova,20,2023-12-08 03:28:08.866,3.0,2023-12-08 06:30:00,
1.222279382,9628963,R Sramkova,H Watson v R Sramkova,30,2023-12-08 04:30:53.518,3.05,2023-12-08 06:30:00,
1.222279382,9628963,R Sramkova,H Watson v R Sramkova,40,2023-12-08 04:44:13.221,3.25,2023-12-08 06:30:00,
1.222279382,9628963,R Sramkova,H Watson v R Sramkova,50,2023-12-08 05:28:52.456,3.5,2023-12-08 06:30:00,
1.222279382,9628963,R Sramkova,H Watson v R Sramkova,60,2023-12-08 05:38:06.073,3.05,2023-12-08 06:30:00,
1.222279382,9628963,R Sramkova,H Watson v R Sramkova,70,2023-12-08 05:39:09.746,3.8,2023-12-08 06:30:00,
1.222279382,9628963,R Sramkova,H Watson v R Sramkova,80,2023-12-08 05:51:02.423,3.05,2023-12-08 06:30:00,
1.222279382,9628963,R Sramkova,H Watson v R Sramkova,90,2023-12-08 06:09:11.352,3.8,2023-12-08 06:30:00,
1.222279382,9628963,R Sramkova,H Watson v R Sramkova,100,2023-12-08 06:29:14.540,3.2,2023-12-08 06:30:00,
1.222279382,61559667,H Watson,H Watson v R Sramkova,0,2023-12-07 22:50:49.860,1.21,2023-12-08 06:30:00,
1.222279382,61559667,H Watson,H Watson v R Sramkova,10,2023-12-08 03:28:08.866,1.5,2023-12-08 06:30:00,
1.222279382,61559667,H Watson,H Watson v R Sramkova,20,2023-12-08 04:44:13.221,1.45,2023-12-08 06:30:00,
1.222279382,61559667,H Watson,H Watson v R Sramkova,30,2023-12-08 04:54:12.750,1.34,2023-12-08 06:30:00,
1.222279382,61559667,H Watson,H Watson v R Sramkova,40,2023-12-08 05:38:06.073,1.48,2023-12-08 06:30:00,
1.222279382,61559667,H Watson,H Watson v R Sramkova,50,2023-12-08 05:40:04.128,1.49,2023-12-08 06:30:00,
1.222279382,61559667,H Watson,H Watson v R Sramkova,60,2023-12-08 05:51:02.423,1.49,2023-12-08 06:30:00,
1.222279382,61559667,H Watson,H Watson v R Sramkova,70,2023-12-08 06:03:59.104,1.38,2023-12-08 06:30:00,
1.222279382,61559667,H Watson,H Watson v R Sramkova,80,2023-12-08 06:09:11.352,1.36,2023-12-08 06:30:00,
1.222279382,61559667,H Watson,H Watson v R Sramkova,90,2023-12-08 06:11:55.386,1.36,2023-12-08 06:30:00,
1.222279382,61559667,H Watson,H Watson v R Sramkova,100,2023-12-08 06:29:14.540,1.44,2023-12-08 06:30:00,
1.222279383,9627181,N Abduraimova,I Shinikova v N Abduraimova,0,2023-12-07 22:52:10.093,1.42,2023-12-08 11:30:00,
1.222279383,9627181,N Abduraimova,I Shinikova v N Abduraimova,10,2023-12-08 06:40:04.234,1.47,2023-12-08 11:30:00,
1.222279383,9627181,N Abduraimova,I Shinikova v N Abduraimova,20,2023-12-08 07:55:08.346,1.73,2023-12-08 11:30:00,
1.222279383,9627181,N Abduraimova,I Shinikova v N Abduraimova,30,2023-12-08 08:04:14.704,1.44,2023-12-08 11:30:00,
1.222279383,9627181,N Abduraimova,I Shinikova v N Abduraimova,40,2023-12-08 08:43:59.659,1.59,2023-12-08 11:30:00,
1.222279383,9627181,N Abduraimova,I Shinikova v N Abduraimova,50,2023-12-08 10:10:48.031,1.58,2023-12-08 11:30:00,
1.222279383,9627181,N Abduraimova,I Shinikova v N Abduraimova,60,2023-12-08 10:32:51.731,1.52,2023-12-08 11:30:00,
1.222279383,9627181,N Abduraimova,I Shinikova v N Abduraimova,70,2023-12-08 10:52:10.671,1.61,2023-12-08 11:30:00,
1.222279383,9627181,N Abduraimova,I Shinikova v N Abduraimova,80,2023-12-08 11:00:35.730,1.6,2023-12-08 11:30:00,
1.222279383,9627181,N Abduraimova,I Shinikova v N Abduraimova,90,2023-12-08 11:27:26.856,1.67,2023-12-08 11:40:00,
1.222279383,9627181,N Abduraimova,I Shinikova v N Abduraimova,100,2023-12-08 11:53:10.828,1.53,2023-12-08 12:00:00,
1.222279383,9628989,I Shinikova,I Shinikova v N Abduraimova,0,2023-12-07 22:52:10.093,3.35,2023-12-08 11:30:00,
1.222279383,9628989,I Shinikova,I Shinikova v N Abduraimova,10,2023-12-07 23:26:01.608,2.34,2023-12-08 11:30:00,
1.222279383,9628989,I Shinikova,I Shinikova v N Abduraimova,20,2023-12-08 07:55:08.346,2.36,2023-12-08 11:30:00,
1.222279383,9628989,I Shinikova,I Shinikova v N Abduraimova,30,2023-12-08 07:56:47.792,2.64,2023-12-08 11:30:00,
1.222279383,9628989,I Shinikova,I Shinikova v N Abduraimova,40,2023-12-08 08:43:59.659,2.68,2023-12-08 11:30:00,
1.222279383,9628989,I Shinikova,I Shinikova v N Abduraimova,50,2023-12-08 09:05:14.565,2.66,2023-12-08 11:30:00,
1.222279383,9628989,I Shinikova,I Shinikova v N Abduraimova,60,2023-12-08 09:51:44.636,2.7,2023-12-08 11:30:00,
1.222279383,9628989,I Shinikova,I Shinikova v N Abduraimova,70,2023-12-08 09:55:27.056,2.62,2023-12-08 11:30:00,
1.222279383,9628989,I Shinikova,I Shinikova v N Abduraimova,80,2023-12-08 11:00:12.613,2.62,2023-12-08 11:30:00,
1.222279383,9628989,I Shinikova,I Shinikova v N Abduraimova,90,2023-12-08 11:27:26.856,2.5,2023-12-08 11:40:00,
1.222279383,9628989,I Shinikova,I Shinikova v N Abduraimova,100,2023-12-08 11:53:10.828,2.9,2023-12-08 12:00:00,
1.222279384,11403482,A Hartono,A Hartono v K Zaytseva,0,2023-12-07 22:51:33.536,1.4,2023-12-08 10:00:00,
1.222279384,11403482,A Hartono,A Hartono v K Zaytseva,10,2023-12-08 06:21:04.261,1.57,2023-12-08 10:00:00,
1.222279384,11403482,A Hartono,A Hartono v K Zaytseva,20,2023-12-08 06:47:11.489,1.78,2023-12-08 10:00:00,
1.222279384,11403482,A Hartono,A Hartono v K Zaytseva,30,2023-12-08 07:39:10.893,1.76,2023-12-08 10:00:00,
1.222279384,11403482,A Hartono,A Hartono v K Zaytseva,40,2023-12-08 08:04:00.070,1.78,2023-12-08 10:00:00,
1.222279384,11403482,A Hartono,A Hartono v K Zaytseva,50,2023-12-08 08:18:59.845,1.8,2023-12-08 10:00:00,
1.222279384,11403482,A Hartono,A Hartono v K Zaytseva,60,2023-12-08 08:29:04.100,1.77,2023-12-08 10:00:00,
1.222279384,11403482,A Hartono,A Hartono v K Zaytseva,70,2023-12-08 08:45:02.412,1.8,2023-12-08 10:00:00,
1.222279384,11403482,A Hartono,A Hartono v K Zaytseva,80,2023-12-08 09:18:06.597,1.82,2023-12-08 10:00:00,
1.222279384,11403482,A Hartono,A Hartono v K Zaytseva,90,2023-12-08 09:42:07.069,1.78,2023-12-08 10:00:00,
1.222279384,11403482,A Hartono,A Hartono v K Zaytseva,100,2023-12-08 09:58:04.421,1.69,2023-12-08 10:00:00,
1.222279384,41922250,K Zaytseva,A Hartono v K Zaytseva,0,2023-12-08 06:09:07.267,2.24,2023-12-08 10:00:00,
1.222279384,41922250,K Zaytseva,A Hartono v K Zaytseva,10,2023-12-08 06:21:04.261,2.76,2023-12-08 10:00:00,
1.222279384,41922250,K Zaytseva,A Hartono v K Zaytseva,20,2023-12-08 06:45:07.451,2.6,2023-12-08 10:00:00,
1.222279384,41922250,K Zaytseva,A Hartono v K Zaytseva,30,2023-12-08 07:02:08.901,2.62,2023-12-08 10:00:00,
1.222279384,41922250,K Zaytseva,A Hartono v K Zaytseva,40,2023-12-08 07:39:10.893,2.6,2023-12-08 10:00:00,
1.222279384,41922250,K Zaytseva,A Hartono v K Zaytseva,50,2023-12-08 08:13:14.446,2.58,2023-12-08 10:00:00,
1.222279384,41922250,K Zaytseva,A Hartono v K Zaytseva,60,2023-12-08 08:23:14.024,2.58,2023-12-08 10:00:00,
1.222279384,41922250,K Zaytseva,A Hartono v K Zaytseva,70,2023-12-08 08:41:10.464,2.24,2023-12-08 10:00:00,
1.222279384,41922250,K Zaytseva,A Hartono v K Zaytseva,80,2023-12-08 09:13:47.534,2.26,2023-12-08 10:00:00,
1.222279384,41922250,K Zaytseva,A Hartono v K Zaytseva,90,2023-12-08 09:25:12.142,2.22,2023-12-08 10:00:00,
1.222279384,41922250,K Zaytseva,A Hartono v K Zaytseva,100,2023-12-08 09:59:09.897,2.4,2023-12-08 10:00:00,
1.222285449,12737413,Diane Parry,D Parry v So Sierra,0,2023-12-08 08:52:21.148,1.3,2023-12-08 20:00:00,
1.222285449,12737413,Diane Parry,D Parry v So Sierra,10,2023-12-08 12:36:10.051,1.31,2023-12-08 20:00:00,
1.222285449,12737413,Diane Parry,D Parry v So Sierra,20,2023-12-08 16:20:12.141,1.31,2023-12-08 20:00:00,
1.222285449,12737413,Diane Parry,D Parry v So Sierra,30,2023-12-08 17:47:34.953,1.28,2023-12-08 20:00:00,
1.222285449,12737413,Diane Parry,D Parry v So Sierra,40,2023-12-08 19:00:05.053,1.3,2023-12-08 20:00:00,
1.222285449,12737413,Diane Parry,D Parry v So Sierra,50,2023-12-08 19:24:09.533,1.3,2023-12-08 20:00:00,
1.222285449,12737413,Diane Parry,D Parry v So Sierra,60,2023-12-08 19:39:08.671,1.32,2023-12-08 20:00:00,
1.222285449,12737413,Diane Parry,D Parry v So Sierra,70,2023-12-08 19:45:10.903,1.31,2023-12-08 20:00:00,
1.222285449,12737413,Diane Parry,D Parry v So Sierra,80,2023-12-08 19:56:05.378,1.32,2023-12-08 20:00:00,
1.222285449,12737413,Diane Parry,D Parry v So Sierra,90,2023-12-08 20:03:09.463,1.34,2023-12-08 20:10:00,
1.222285449,12737413,Diane Parry,D Parry v So Sierra,100,2023-12-08 20:09:11.626,1.3,2023-12-08 20:10:00,2023-12-08 20:08:11.306
1.222285449,20954981,Solana Sierra,D Parry v So Sierra,0,2023-12-08 04:12:11.695,4.2,2023-12-08 20:00:00,
1.222285449,20954981,Solana Sierra,D Parry v So Sierra,10,2023-12-08 11:22:12.909,4.3,2023-12-08 20:00:00,
1.222285449,20954981,Solana Sierra,D Parry v So Sierra,20,2023-12-08 11:52:04.946,4.7,2023-12-08 20:00:00,
1.222285449,20954981,Solana Sierra,D Parry v So Sierra,30,2023-12-08 19:07:08.145,4.2,2023-12-08 20:00:00,
1.222285449,20954981,Solana Sierra,D Parry v So Sierra,40,2023-12-08 19:23:08.837,4.3,2023-12-08 20:00:00,
1.222285449,20954981,Solana Sierra,D Parry v So Sierra,50,2023-12-08 19:39:08.671,4.1,2023-12-08 20:00:00,
1.222285449,20954981,Solana Sierra,D Parry v So Sierra,60,2023-12-08 19:39:43.844,4.0,2023-12-08 20:00:00,
1.222285449,20954981,Solana Sierra,D Parry v So Sierra,70,2023-12-08 19:42:03.922,4.1,2023-12-08 20:00:00,
1.222285449,20954981,Solana Sierra,D Parry v So Sierra,80,2023-12-08 19:54:05.057,4.0,2023-12-08 20:00:00,
1.222285449,20954981,Solana Sierra,D Parry v So Sierra,90,2023-12-08 20:06:11.514,4.1,2023-12-08 20:10:00,
1.222285449,20954981,Solana Sierra,D Parry v So Sierra,100,2023-12-08 20:09:11.626,4.1,2023-12-08 20:10:00,2023-12-08 20:08:11.306
1.222294893,9636362,M Horvit,A Gabriel v M Horvit,0,2023-12-08 13:35:44.608,1.06,2023-12-08 20:00:00,
1.222294893,9636362,M Horvit,Anais Gabriel v Horvit,10,2023-12-08 17:06:38.338,1.08,2023-12-08 17:52:00,
1.222294893,9636362,M Horvit,Anais Gabriel v Horvit,20,2023-12-08 17:26:26.956,1.09,2023-12-08 17:52:00,
1.222294893,9636362,M Horvit,Anais Gabriel v Horvit,30,2023-12-08 17:31:26.982,4.7,2023-12-08 17:52:00,
1.222294893,9636362,M Horvit,Anais Gabriel v Horvit,40,2023-12-08 17:32:30.155,4.3,2023-12-08 17:52:00,
1.222294893,9636362,M Horvit,Anais Gabriel v Horvit,50,2023-12-08 17:35:31.340,2.0,2023-12-08 17:52:00,
1.222294893,9636362,M Horvit,Anais Gabriel v Horvit,60,2023-12-08 17:36:31.360,1.1,2023-12-08 17:52:00,
1.222294893,9636362,M Horvit,Anais Gabriel v Horvit,70,2023-12-08 17:59:30.052,1.15,2023-12-08 18:07:00,
1.222294893,9636362,M Horvit,Anais Gabriel v Horvit,80,2023-12-08 18:16:29.661,1.45,2023-12-08 18:22:00,
1.222294893,9636362,M Horvit,Anais Gabriel v Horvit,90,2023-12-08 18:29:30.697,1.5,2023-12-08 18:37:00,
1.222294893,9636362,M Horvit,Anais Gabriel v Horvit,100,2023-12-08 18:44:32.051,1.28,2023-12-08 18:52:00,
1.222294893,10349332,A Gabriel,Anais Gabriel v Horvit,0,2023-12-08 17:06:30.989,1.28,2023-12-08 17:52:00,
1.222294893,10349332,A Gabriel,Anais Gabriel v Horvit,10,2023-12-08 17:23:19.084,1.29,2023-12-08 17:52:00,
1.222294893,10349332,A Gabriel,Anais Gabriel v Horvit,20,2023-12-08 17:26:26.956,1.3,2023-12-08 17:52:00,
1.222294893,10349332,A Gabriel,Anais Gabriel v Horvit,30,2023-12-08 17:31:26.982,15.0,2023-12-08 17:52:00,
1.222294893,10349332,A Gabriel,Anais Gabriel v Horvit,40,2023-12-08 17:32:30.155,1.4,2023-12-08 17:52:00,
1.222294893,10349332,A Gabriel,Anais Gabriel v Horvit,50,2023-12-08 17:33:31.899,1.45,2023-12-08 17:52:00,
1.222294893,10349332,A Gabriel,Anais Gabriel v Horvit,60,2023-12-08 17:34:29.395,1.59,2023-12-08 17:52:00,
1.222294893,10349332,A Gabriel,Anais Gabriel v Horvit,70,2023-12-08 17:35:31.340,2.0,2023-12-08 17:52:00,
1.222294893,10349332,A Gabriel,Anais Gabriel v Horvit,80,2023-12-08 17:36:31.360,15.0,2023-12-08 17:52:00,
1.222294893,10349332,A Gabriel,Anais Gabriel v Horvit,90,2023-12-08 17:44:16.236,1.9,2023-12-08 17:52:00,
1.222294893,10349332,A Gabriel,Anais Gabriel v Horvit,100,2023-12-08 18:16:29.661,1.49,2023-12-08 18:22:00,
1.222303584,63616342,Bucsa/Niculescu,Bucsa/Niculescu v Dzalamidze/Moratelli,0,2023-12-08 17:07:57.246,1.04,2023-12-09 00:00:00,
1.222303584,63616342,Bucsa/Niculescu,Bucsa/Niculescu v Dzalamidze/Moratelli,10,2023-12-08 17:14:01.911,2.4,2023-12-09 00:00:00,
1.222303584,63616342,Bucsa/Niculescu,Bucsa/Niculescu v Dzalamidze/Moratelli,20,2023-12-08 17:19:01.788,1.7,2023-12-09 00:00:00,
1.222303584,63616342,Bucsa/Niculescu,Bucsa/Niculescu v Dzalamidze/Moratelli,30,2023-12-08 18:40:10.967,1.77,2023-12-09 17:00:00,
1.222303584,63616342,Bucsa/Niculescu,Bucsa/Niculescu v Dzalamidze/Moratelli,40,2023-12-08 19:17:56.291,1.5,2023-12-09 17:00:00,
1.222303584,63616342,Bucsa/Niculescu,Bucsa/Niculescu v Dzalamidze/Moratelli,50,2023-12-09 10:40:01.010,1.33,2023-12-09 17:00:00,
1.222303584,63616342,Bucsa/Niculescu,Bucsa/Niculescu v Dzalamidze/Moratelli,60,2023-12-09 14:55:45.556,1.31,2023-12-09 17:00:00,
1.222303584,63616342,Bucsa/Niculescu,Bucsa/Niculescu v Dzalamidze/Moratelli,70,2023-12-09 15:42:42.426,1.33,2023-12-09 17:00:00,
1.222303584,63616342,Bucsa/Niculescu,Bucsa/Niculescu v Dzalamidze/Moratelli,80,2023-12-09 17:37:12.885,1.33,2023-12-09 17:40:00,
1.222303584,63616342,Bucsa/Niculescu,Bucsa/Niculescu v Dzalamidze/Moratelli,90,2023-12-09 18:14:01.865,1.33,2023-12-09 18:30:00,
1.222303584,63616342,Bucsa/Niculescu,Bucsa/Niculescu v Dzalamidze/Moratelli,100,2023-12-09 18:39:00.987,1.28,2023-12-09 18:40:00,2023-12-09 18:39:00.987
1.222303584,63616550,Dzalamidze/Moratelli,Bucsa/Niculescu v Dzalamidze/Moratelli,0,2023-12-08 15:26:47.839,1.1,2023-12-09 00:00:00,
1.222303584,63616550,Dzalamidze/Moratelli,Bucsa/Niculescu v Dzalamidze/Moratelli,10,2023-12-08 17:09:01.730,1.04,2023-12-09 00:00:00,
1.222303584,63616550,Dzalamidze/Moratelli,Bucsa/Niculescu v Dzalamidze/Moratelli,20,2023-12-08 17:14:01.911,1.71,2023-12-09 00:00:00,
1.222303584,63616550,Dzalamidze/Moratelli,Bucsa/Niculescu v Dzalamidze/Moratelli,30,2023-12-08 17:15:54.606,1.85,2023-12-09 00:00:00,
1.222303584,63616550,Dzalamidze/Moratelli,Bucsa/Niculescu v Dzalamidze/Moratelli,40,2023-12-08 18:49:49.665,2.86,2023-12-09 17:00:00,
1.222303584,63616550,Dzalamidze/Moratelli,Bucsa/Niculescu v Dzalamidze/Moratelli,50,2023-12-08 19:17:56.291,2.98,2023-12-09 17:00:00,
1.222303584,63616550,Dzalamidze/Moratelli,Bucsa/Niculescu v Dzalamidze/Moratelli,60,2023-12-09 10:40:01.010,4.1,2023-12-09 17:00:00,
1.222303584,63616550,Dzalamidze/Moratelli,Bucsa/Niculescu v Dzalamidze/Moratelli,70,2023-12-09 15:17:47.175,4.3,2023-12-09 17:00:00,
1.222303584,63616550,Dzalamidze/Moratelli,Bucsa/Niculescu v Dzalamidze/Moratelli,80,2023-12-09 18:02:41.011,4.3,2023-12-09 18:15:00,
1.222303584,63616550,Dzalamidze/Moratelli,Bucsa/Niculescu v Dzalamidze/Moratelli,90,2023-12-09 18:09:36.157,4.0,2023-12-09 18:15:00,
1.222303584,63616550,Dzalamidze/Moratelli,Bucsa/Niculescu v Dzalamidze/Moratelli,100,2023-12-09 18:39:00.987,4.6,2023-12-09 18:40:00,2023-12-09 18:39:00.987
1.22231828,9042343,Renata Zarazua,Mar Carle v Zarazua,0,2023-12-08 20:30:08.872,5.9,2023-12-09 00:00:00,
1.22231828,9042343,Renata Zarazua,Mar Carle v Zarazua,10,2023-12-08 21:55:06.733,1.14,2023-12-09 00:00:00,
1.22231828,9042343,Renata Zarazua,Mar Carle v Zarazua,20,2023-12-09 13:51:02.434,2.4,2023-12-09 20:00:00,
1.22231828,9042343,Renata Zarazua,Mar Carle v Zarazua,30,2023-12-09 16:24:14.097,2.28,2023-12-09 20:00:00,
1.22231828,9042343,Renata Zarazua,Mar Carle v Zarazua,40,2023-12-09 16:45:10.206,2.24,2023-12-09 20:00:00,
1.22231828,9042343,Renata Zarazua,Mar Carle v Zarazua,50,2023-12-09 17:19:57.796,2.22,2023-12-09 20:00:00,
1.22231828,9042343,Renata Zarazua,Mar Carle v Zarazua,60,2023-12-09 18:12:09.148,2.2,2023-12-09 20:00:00,
1.22231828,9042343,Renata Zarazua,Mar Carle v Zarazua,70,2023-12-09 18:32:11.030,2.16,2023-12-09 20:00:00,
1.22231828,9042343,Renata Zarazua,Mar Carle v Zarazua,80,2023-12-09 19:43:15.120,2.18,2023-12-09 20:00:00,
1.22231828,9042343,Renata Zarazua,Mar Carle v Zarazua,90,2023-12-09 19:54:02.217,2.3,2023-12-09 20:00:00,
1.22231828,9042343,Renata Zarazua,Mar Carle v Zarazua,100,2023-12-09 20:07:12.934,2.28,2023-12-09 20:10:00,
1.22231828,40136010,Maria Lourdes Carle,Mar Carle v Zarazua,0,2023-12-08 20:30:08.872,5.9,2023-12-09 00:00:00,
1.22231828,40136010,Maria Lourdes Carle,Mar Carle v Zarazua,10,2023-12-08 21:54:11.621,1.14,2023-12-09 00:00:00,
1.22231828,40136010,Maria Lourdes Carle,Mar Carle v Zarazua,20,2023-12-09 10:53:51.662,1.75,2023-12-09 20:00:00,
1.22231828,40136010,Maria Lourdes Carle,Mar Carle v Zarazua,30,2023-12-09 16:12:12.051,1.84,2023-12-09 20:00:00,
1.22231828,40136010,Maria Lourdes Carle,Mar Carle v Zarazua,40,2023-12-09 16:38:13.542,1.88,2023-12-09 20:00:00,
1.22231828,40136010,Maria Lourdes Carle,Mar Carle v Zarazua,50,2023-12-09 17:19:57.796,1.89,2023-12-09 20:00:00,
1.22231828,40136010,Maria Lourdes Carle,Mar Carle v Zarazua,60,2023-12-09 18:16:57.620,1.87,2023-12-09 20:00:00,
1.22231828,40136010,Maria Lourdes Carle,Mar Carle v Zarazua,70,2023-12-09 18:42:57.760,1.88,2023-12-09 20:00:00,
1.22231828,40136010,Maria Lourdes Carle,Mar Carle v Zarazua,80,2023-12-09 19:32:15.112,1.87,2023-12-09 20:00:00,
1.22231828,40136010,Maria Lourdes Carle,Mar Carle v Zarazua,90,2023-12-09 19:50:11.735,1.76,2023-12-09 20:00:00,
1.22231828,40136010,Maria Lourdes Carle,Mar Carle v Zarazua,100,2023-12-09 20:09:15.072,1.77,2023-12-09 20:10:00,
1.222322398,9634670,Dayana Yastremska,D Yastremska v Burel,0,2023-12-09 05:47:48.715,2.48,2023-12-09 15:30:00,
1.222322398,9634670,Dayana Yastremska,D Yastremska v Burel,10,2023-12-09 06:36:15.766,2.4,2023-12-09 15:30:00,
1.222322398,9634670,Dayana Yastremska,D Yastremska v Burel,20,2023-12-09 09:16:10.579,2.46,2023-12-09 15:30:00,
1.222322398,9634670,Dayana Yastremska,D Yastremska v Burel,30,2023-12-09 09:46:45.567,2.38,2023-12-09 15:30:00,
1.222322398,9634670,Dayana Yastremska,D Yastremska v Burel,40,2023-12-09 11:16:21.373,2.34,2023-12-09 15:30:00,
1.222322398,9634670,Dayana Yastremska,D Yastremska v Burel,50,2023-12-09 15:07:16.766,2.56,2023-12-09 15:30:00,
1.222322398,9634670,Dayana Yastremska,D Yastremska v Burel,60,2023-12-09 15:16:19.498,2.56,2023-12-09 15:30:00,
1.222322398,9634670,Dayana Yastremska,D Yastremska v Burel,70,2023-12-09 15:20:20.854,2.72,2023-12-09 15:30:00,
1.222322398,9634670,Dayana Yastremska,D Yastremska v Burel,80,2023-12-09 15:30:16.773,2.74,2023-12-09 15:35:00,
1.222322398,9634670,Dayana Yastremska,D Yastremska v Burel,90,2023-12-09 15:34:18.838,2.72,2023-12-09 15:40:00,
1.222322398,9634670,Dayana Yastremska,D Yastremska v Burel,100,2023-12-09 15:49:09.348,2.54,2023-12-09 15:50:00,
1.222322398,10351066,Clara Burel,D Yastremska v Burel,0,2023-12-09 00:33:42.425,1.52,2023-12-09 15:30:00,
1.222322398,10351066,Clara Burel,D Yastremska v Burel,10,2023-12-09 06:48:15.600,1.7,2023-12-09 15:30:00,
1.222322398,10351066,Clara Burel,D Yastremska v Burel,20,2023-12-09 09:16:10.579,1.68,2023-12-09 15:30:00,
1.222322398,10351066,Clara Burel,D Yastremska v Burel,30,2023-12-09 10:55:19.297,1.75,2023-12-09 15:30:00,
1.222322398,10351066,Clara Burel,D Yastremska v Burel,40,2023-12-09 11:48:16.206,1.71,2023-12-09 15:30:00,
1.222322398,10351066,Clara Burel,D Yastremska v Burel,50,2023-12-09 13:57:53.318,1.68,2023-12-09 15:30:00,
1.222322398,10351066,Clara Burel,D Yastremska v Burel,60,2023-12-09 15:01:16.451,1.64,2023-12-09 15:30:00,
1.222322398,10351066,Clara Burel,D Yastremska v Burel,70,2023-12-09 15:12:22.076,1.66,2023-12-09 15:30:00,
1.222322398,10351066,Clara Burel,D Yastremska v Burel,80,2023-12-09 15:18:16.543,1.58,2023-12-09 15:30:00,
1.222322398,10351066,Clara Burel,D Yastremska v Burel,90,2023-12-09 15:29:16.802,1.57,2023-12-09 15:35:00,
1.222322398,10351066,Clara Burel,D Yastremska v Burel,100,2023-12-09 15:49:09.348,1.65,2023-12-09 15:50:00,
1.222323304,61559667,H Watson,H Watson v A Hartono,0,2023-12-09 04:07:24.489,1.22,2023-12-09 10:00:00,
1.222323304,61559667,H Watson,H Watson v A Hartono,10,2023-12-09 06:36:51.332,1.23,2023-12-09 10:00:00,
1.222323304,61559667,H Watson,H Watson v A Hartono,20,2023-12-09 07:27:01.602,1.33,2023-12-09 10:00:00,
1.222323304,61559667,H Watson,H Watson v A Hartono,30,2023-12-09 08:42:08.180,1.34,2023-12-09 10:00:00,
1.222323304,61559667,H Watson,H Watson v A Hartono,40,2023-12-09 08:51:58.561,1.28,2023-12-09 10:00:00,
1.222323304,61559667,H Watson,H Watson v A Hartono,50,2023-12-09 09:08:05.549,1.22,2023-12-09 10:00:00,
1.222323304,61559667,H Watson,H Watson v A Hartono,60,2023-12-09 09:11:04.759,1.28,2023-12-09 10:00:00,
1.222323304,61559667,H Watson,H Watson v A Hartono,70,2023-12-09 09:26:48.955,1.27,2023-12-09 10:00:00,
1.222323304,61559667,H Watson,H Watson v A Hartono,80,2023-12-09 09:38:02.070,1.29,2023-12-09 10:00:00,
1.222323304,61559667,H Watson,H Watson v A Hartono,90,2023-12-09 09:53:46.236,1.3,2023-12-09 10:00:00,
1.222323304,61559667,H Watson,H Watson v A Hartono,100,2023-12-09 09:56:54.297,1.3,2023-12-09 10:00:00,
1.222323305,9627181,N Abduraimova,N Abduraimova v A Tikhonova,0,2023-12-09 08:07:06.416,2.48,2023-12-09 11:30:00,
1.222323305,9627181,N Abduraimova,N Abduraimova v A Tikhonova,10,2023-12-09 08:11:03.448,2.48,2023-12-09 11:30:00,
1.222323305,9627181,N Abduraimova,N Abduraimova v A Tikhonova,20,2023-12-09 08:40:01.713,2.32,2023-12-09 11:30:00,
1.222323305,9627181,N Abduraimova,N Abduraimova v A Tikhonova,30,2023-12-09 09:12:19.068,2.46,2023-12-09 11:30:00,
1.222323305,9627181,N Abduraimova,N Abduraimova v A Tikhonova,40,2023-12-09 10:22:59.861,2.34,2023-12-09 11:30:00,
1.222323305,9627181,N Abduraimova,N Abduraimova v A Tikhonova,50,2023-12-09 10:33:49.070,2.5,2023-12-09 11:30:00,
1.222323305,9627181,N Abduraimova,N Abduraimova v A Tikhonova,60,2023-12-09 10:58:01.227,2.6,2023-12-09 11:30:00,
1.222323305,9627181,N Abduraimova,N Abduraimova v A Tikhonova,70,2023-12-09 11:35:56.182,2.66,2023-12-09 11:50:00,
1.222323305,9627181,N Abduraimova,N Abduraimova v A Tikhonova,80,2023-12-09 12:27:00.694,2.62,2023-12-09 12:40:00,
1.222323305,9627181,N Abduraimova,N Abduraimova v A Tikhonova,90,2023-12-09 12:45:56.271,2.58,2023-12-09 13:00:00,
1.222323305,9627181,N Abduraimova,N Abduraimova v A Tikhonova,100,2023-12-09 12:57:37.243,2.56,2023-12-09 13:10:00,
1.222323305,19921770,A Tikhonova,N Abduraimova v A Tikhonova,0,2023-12-09 00:21:55.593,1.44,2023-12-09 11:30:00,
1.222323305,19921770,A Tikhonova,N Abduraimova v A Tikhonova,10,2023-12-09 08:07:06.416,1.75,2023-12-09 11:30:00,
1.222323305,19921770,A Tikhonova,N Abduraimova v A Tikhonova,20,2023-12-09 08:14:54.630,1.67,2023-12-09 11:30:00,
1.222323305,19921770,A Tikhonova,N Abduraimova v A Tikhonova,30,2023-12-09 09:12:19.068,1.74,2023-12-09 11:30:00,
1.222323305,19921770,A Tikhonova,N Abduraimova v A Tikhonova,40,2023-12-09 10:33:06.344,1.67,2023-12-09 11:30:00,
1.222323305,19921770,A Tikhonova,N Abduraimova v A Tikhonova,50,2023-12-09 11:00:02.065,1.7,2023-12-09 11:30:00,
1.222323305,19921770,A Tikhonova,N Abduraimova v A Tikhonova,60,2023-12-09 11:33:51.701,1.6,2023-12-09 11:40:00,
1.222323305,19921770,A Tikhonova,N Abduraimova v A Tikhonova,70,2023-12-09 12:06:56.323,1.61,2023-12-09 12:20:00,
1.222323305,19921770,A Tikhonova,N Abduraimova v A Tikhonova,80,2023-12-09 12:45:01.117,1.68,2023-12-09 12:50:00,
1.222323305,19921770,A Tikhonova,N Abduraimova v A Tikhonova,90,2023-12-09 12:54:59.245,1.63,2023-12-09 13:00:00,
1.222323305,19921770,A Tikhonova,N Abduraimova v A Tikhonova,100,2023-12-09 13:24:04.605,1.63,2023-12-09 13:25:00,2023-12-09 13:23:03.087
1.222324084,7216239,Chloe Paquet,Paquet v Bucsa,0,2023-12-08 23:54:01.693,2.78,2023-12-09 13:30:00,
1.222324084,7216239,Chloe Paquet,Paquet v Bucsa,10,2023-12-09 05:01:33.689,2.52,2023-12-09 13:30:00,
1.222324084,7216239,Chloe Paquet,Paquet v Bucsa,20,2023-12-09 08:35:03.303,2.4,2023-12-09 13:30:00,
1.222324084,7216239,Chloe Paquet,Paquet v Bucsa,30,2023-12-09 10:05:21.049,2.36,2023-12-09 13:30:00,
1.222324084,7216239,Chloe Paquet,Paquet v Bucsa,40,2023-12-09 11:11:17.497,2.38,2023-12-09 13:30:00,
1.222324084,7216239,Chloe Paquet,Paquet v Bucsa,50,2023-12-09 11:33:13.553,2.38,2023-12-09 13:30:00,
1.222324084,7216239,Chloe Paquet,Paquet v Bucsa,60,2023-12-09 11:55:11.546,2.32,2023-12-09 13:30:00,
1.222324084,7216239,Chloe Paquet,Paquet v Bucsa,70,2023-12-09 13:11:12.126,2.34,2023-12-09 13:30:00,
1.222324084,7216239,Chloe Paquet,Paquet v Bucsa,80,2023-12-09 13:24:11.295,2.4,2023-12-09 13:30:00,
1.222324084,7216239,Chloe Paquet,Paquet v Bucsa,90,2023-12-09 13:29:04.075,2.28,2023-12-09 13:35:00,
1.222324084,7216239,Chloe Paquet,Paquet v Bucsa,100,2023-12-09 13:33:17.177,2.26,2023-12-09 13:35:00,
1.222324084,9629258,Cristina Bucsa,Paquet v Bucsa,0,2023-12-08 23:54:01.693,1.6,2023-12-09 13:30:00,
1.222324084,9629258,Cristina Bucsa,Paquet v Bucsa,10,2023-12-09 09:15:53.410,1.76,2023-12-09 13:30:00,
1.222324084,9629258,Cristina Bucsa,Paquet v Bucsa,20,2023-12-09 10:18:14.444,1.73,2023-12-09 13:30:00,
1.222324084,9629258,Cristina Bucsa,Paquet v Bucsa,30,2023-12-09 11:39:49.234,1.73,2023-12-09 13:30:00,
1.222324084,9629258,Cristina Bucsa,Paquet v Bucsa,40,2023-12-09 11:59:09.067,1.75,2023-12-09 13:30:00,
1.222324084,9629258,Cristina Bucsa,Paquet v Bucsa,50,2023-12-09 12:23:00.425,1.71,2023-12-09 13:30:00,
1.222324084,9629258,Cristina Bucsa,Paquet v Bucsa,60,2023-12-09 13:07:48.864,1.72,2023-12-09 13:30:00,
1.222324084,9629258,Cristina Bucsa,Paquet v Bucsa,70,2023-12-09 13:16:10.601,1.74,2023-12-09 13:30:00,
1.222324084,9629258,Cristina Bucsa,Paquet v Bucsa,80,2023-12-09 13:22:18.203,1.71,2023-12-09 13:30:00,
1.222324084,9629258,Cristina Bucsa,Paquet v Bucsa,90,2023-12-09 13:27:18.594,1.76,2023-12-09 13:30:00,
1.222324084,9629258,Cristina Bucsa,Paquet v Bucsa,100,2023-12-09 13:32:19.486,1.79,2023-12-09 13:35:00,
1.222326707,12737413,Diane Parry,D Parry v Robi Montgomery,0,2023-12-09 09:16:54.347,1.45,2023-12-09 21:30:00,
1.222326707,12737413,Diane Parry,D Parry v Robi Montgomery,10,2023-12-09 11:53:08.152,1.48,2023-12-09 21:30:00,
1.222326707,12737413,Diane Parry,D Parry v Robi Montgomery,20,2023-12-09 17:55:58.179,1.54,2023-12-09 21:30:00,
1.222326707,12737413,Diane Parry,D Parry v Robi Montgomery,30,2023-12-09 19:52:07.497,1.51,2023-12-09 21:30:00,
1.222326707,12737413,Diane Parry,D Parry v Robi Montgomery,40,2023-12-09 20:40:14.822,1.51,2023-12-09 21:30:00,
1.222326707,12737413,Diane Parry,D Parry v Robi Montgomery,50,2023-12-09 21:36:56.607,1.49,2023-12-09 21:50:00,
1.222326707,12737413,Diane Parry,D Parry v Robi Montgomery,60,2023-12-09 22:04:18.212,1.64,2023-12-09 22:10:00,
1.222326707,12737413,Diane Parry,D Parry v Robi Montgomery,70,2023-12-09 22:29:19.270,1.59,2023-12-09 22:45:00,
1.222326707,12737413,Diane Parry,D Parry v Robi Montgomery,80,2023-12-09 22:52:05.763,1.65,2023-12-09 23:05:00,
1.222326707,12737413,Diane Parry,D Parry v Robi Montgomery,90,2023-12-09 23:03:05.602,1.61,2023-12-09 23:10:00,
1.222326707,12737413,Diane Parry,D Parry v Robi Montgomery,100,2023-12-09 23:14:17.681,1.55,2023-12-09 23:15:00,
1.222326707,24143439,Robin Montgomery,D Parry v Robi Montgomery,0,2023-12-09 09:16:54.347,3.2,2023-12-09 21:30:00,
1.222326707,24143439,Robin Montgomery,D Parry v Robi Montgomery,10,2023-12-09 17:07:51.390,3.05,2023-12-09 21:30:00,
1.222326707,24143439,Robin Montgomery,D Parry v Robi Montgomery,20,2023-12-09 18:52:30.040,2.88,2023-12-09 21:30:00,
1.222326707,24143439,Robin Montgomery,D Parry v Robi Montgomery,30,2023-12-09 19:52:07.497,2.94,2023-12-09 21:30:00,
1.222326707,24143439,Robin Montgomery,D Parry v Robi Montgomery,40,2023-12-09 20:52:07.824,3.0,2023-12-09 21:30:00,
1.222326707,24143439,Robin Montgomery,D Parry v Robi Montgomery,50,2023-12-09 21:36:56.607,3.05,2023-12-09 21:50:00,
1.222326707,24143439,Robin Montgomery,D Parry v Robi Montgomery,60,2023-12-09 22:00:15.135,2.76,2023-12-09 22:10:00,
1.222326707,24143439,Robin Montgomery,D Parry v Robi Montgomery,70,2023-12-09 22:34:18.334,2.7,2023-12-09 22:45:00,
1.222326707,24143439,Robin Montgomery,D Parry v Robi Montgomery,80,2023-12-09 22:53:19.068,2.58,2023-12-09 23:05:00,
1.222326707,24143439,Robin Montgomery,D Parry v Robi Montgomery,90,2023-12-09 23:03:05.602,2.64,2023-12-09 23:10:00,
1.222326707,24143439,Robin Montgomery,D Parry v Robi Montgomery,100,2023-12-09 23:14:17.681,2.8,2023-12-09 23:15:00,
1.222359704,13257885,K Yersh,D Hrdinkova v K Yersh,0,2023-12-10 07:55:54.555,1.66,2023-12-10 08:15:00,
1.222359704,13257885,K Yersh,D Hrdinkova v K Yersh,10,2023-12-10 07:57:22.980,2.16,2023-12-10 08:15:00,
1.222359704,13257885,K Yersh,D Hrdinkova v K Yersh,20,2023-12-10 07:58:05.829,2.94,2023-12-10 08:15:00,
1.222359704,13257885,K Yersh,D Hrdinkova v K Yersh,30,2023-12-10 08:00:29.719,1.79,2023-12-10 08:15:00,
1.222359704,13257885,K Yersh,D Hrdinkova v K Yersh,40,2023-12-10 08:01:33.210,1.75,2023-12-10 08:15:00,
1.222359704,13257885,K Yersh,D Hrdinkova v K Yersh,50,2023-12-10 08:03:29.701,2.38,2023-12-10 08:15:00,
1.222359704,13257885,K Yersh,D Hrdinkova v K Yersh,60,2023-12-10 08:05:31.343,1.8,2023-12-10 08:15:00,
1.222359704,13257885,K Yersh,D Hrdinkova v K Yersh,70,2023-12-10 08:07:30.625,1.81,2023-12-10 08:15:00,
1.222359704,13257885,K Yersh,D Hrdinkova v K Yersh,80,2023-12-10 08:10:33.137,1.81,2023-12-10 08:15:00,
1.222359704,13257885,K Yersh,Hrdinkova v Yersh,90,2023-12-10 08:22:23.483,1.87,2023-12-10 08:30:00,
1.222359704,13257885,K Yersh,Hrdinkova v Yersh,100,2023-12-10 08:41:33.274,2.18,2023-12-10 08:45:00,
1.222359704,39580541,D Hrdinkova,D Hrdinkova v K Yersh,0,2023-12-10 07:55:54.555,2.52,2023-12-10 08:15:00,
1.222359704,39580541,D Hrdinkova,D Hrdinkova v K Yersh,10,2023-12-10 07:57:22.980,1.85,2023-12-10 08:15:00,
1.222359704,39580541,D Hrdinkova,D Hrdinkova v K Yersh,20,2023-12-10 07:59:34.158,2.38,2023-12-10 08:15:00,
1.222359704,39580541,D Hrdinkova,D Hrdinkova v K Yersh,30,2023-12-10 08:01:33.210,2.34,2023-12-10 08:15:00,
1.222359704,39580541,D Hrdinkova,D Hrdinkova v K Yersh,40,2023-12-10 08:02:33.116,2.28,2023-12-10 08:15:00,
1.222359704,39580541,D Hrdinkova,D Hrdinkova v K Yersh,50,2023-12-10 08:05:31.343,2.26,2023-12-10 08:15:00,
1.222359704,39580541,D Hrdinkova,D Hrdinkova v K Yersh,60,2023-12-10 08:08:23.822,1.81,2023-12-10 08:15:00,
1.222359704,39580541,D Hrdinkova,D Hrdinkova v K Yersh,70,2023-12-10 08:11:34.405,2.22,2023-12-10 08:15:00,
1.222359704,39580541,D Hrdinkova,Hrdinkova v Yersh,80,2023-12-10 08:30:27.117,1.85,2023-12-10 08:45:00,
1.222359704,39580541,D Hrdinkova,Hrdinkova v Yersh,90,2023-12-10 08:36:31.628,2.0,2023-12-10 08:45:00,
1.222359704,39580541,D Hrdinkova,Hrdinkova v Yersh,100,2023-12-10 08:41:33.274,1.85,2023-12-10 08:45:00,
1.222362612,9629022,Susan Bandecchi,Bandecchi v Tiph Lemaitre,0,2023-12-10 07:17:00.438,1.65,2023-12-10 11:00:00,
1.222362612,9629022,Susan Bandecchi,Bandecchi v Tiph Lemaitre,10,2023-12-10 07:23:45.711,1.65,2023-12-10 11:00:00,
1.222362612,9629022,Susan Bandecchi,Bandecchi v Tiph Lemaitre,20,2023-12-10 07:27:24.409,1.2,2023-12-10 11:00:00,
1.222362612,9629022,Susan Bandecchi,Bandecchi v Tiph Lemaitre,30,2023-12-10 07:33:01.245,1.58,2023-12-10 11:00:00,
1.222362612,9629022,Susan Bandecchi,Bandecchi v Tiph Lemaitre,40,2023-12-10 07:41:06.017,1.47,2023-12-10 11:00:00,
1.222362612,9629022,Susan Bandecchi,Bandecchi v Tiph Lemaitre,50,2023-12-10 08:04:01.598,1.28,2023-12-10 11:00:00,
1.222362612,9629022,Susan Bandecchi,Bandecchi v Tiph Lemaitre,60,2023-12-10 09:29:55.813,1.25,2023-12-10 11:00:00,
1.222362612,9629022,Susan Bandecchi,Bandecchi v Tiph Lemaitre,70,2023-12-10 10:05:50.480,1.25,2023-12-10 11:00:00,
1.222362612,9629022,Susan Bandecchi,Bandecchi v Tiph Lemaitre,80,2023-12-10 10:43:06.921,1.25,2023-12-10 11:00:00,
1.222362612,9629022,Susan Bandecchi,Bandecchi v Tiph Lemaitre,90,2023-12-10 10:51:28.595,1.26,2023-12-10 11:00:00,
1.222362612,9629022,Susan Bandecchi,Bandecchi v Tiph Lemaitre,100,2023-12-10 10:57:07.423,1.24,2023-12-10 11:00:00,
1.222362612,61464615,Tiphanie Lemaitre,Bandecchi v Tiph Lemaitre,0,2023-12-10 06:50:24.004,6.0,2023-12-10 11:00:00,
1.222362612,61464615,Tiphanie Lemaitre,Bandecchi v Tiph Lemaitre,10,2023-12-10 07:23:02.431,4.4,2023-12-10 11:00:00,
1.222362612,61464615,Tiphanie Lemaitre,Bandecchi v Tiph Lemaitre,20,2023-12-10 07:27:24.409,6.0,2023-12-10 11:00:00,
1.222362612,61464615,Tiphanie Lemaitre,Bandecchi v Tiph Lemaitre,30,2023-12-10 07:33:01.245,2.7,2023-12-10 11:00:00,
1.222362612,61464615,Tiphanie Lemaitre,Bandecchi v Tiph Lemaitre,40,2023-12-10 07:35:07.265,5.5,2023-12-10 11:00:00,
1.222362612,61464615,Tiphanie Lemaitre,Bandecchi v Tiph Lemaitre,50,2023-12-10 08:04:01.598,4.6,2023-12-10 11:00:00,
1.222362612,61464615,Tiphanie Lemaitre,Bandecchi v Tiph Lemaitre,60,2023-12-10 10:24:33.941,5.3,2023-12-10 11:00:00,
1.222362612,61464615,Tiphanie Lemaitre,Bandecchi v Tiph Lemaitre,70,2023-12-10 10:43:06.921,5.0,2023-12-10 11:00:00,
1.222362612,61464615,Tiphanie Lemaitre,Bandecchi v Tiph Lemaitre,80,2023-12-10 10:55:07.331,4.6,2023-12-10 11:00:00,
1.222362612,61464615,Tiphanie Lemaitre,Bandecchi v Tiph Lemaitre,90,2023-12-10 10:56:00.889,5.3,2023-12-10 11:00:00,
1.222362612,61464615,Tiphanie Lemaitre,Bandecchi v Tiph Lemaitre,100,2023-12-10 10:58:03.845,5.3,2023-12-10 11:00:00,
1.222362655,2263610,Aravane Rezai,Nah Berecoechea v Rezai,0,2023-12-10 09:56:57.641,4.1,2023-12-10 13:00:00,
1.222362655,2263610,Aravane Rezai,Nah Berecoechea v Rezai,10,2023-12-10 10:02:17.401,5.1,2023-12-10 13:00:00,
1.222362655,2263610,Aravane Rezai,Nah Berecoechea v Rezai,20,2023-12-10 10:09:17.407,3.95,2023-12-10 13:00:00,
1.222362655,2263610,Aravane Rezai,Nah Berecoechea v Rezai,30,2023-12-10 10:12:50.841,3.95,2023-12-10 13:00:00,
1.222362655,2263610,Aravane Rezai,Nah Berecoechea v Rezai,40,2023-12-10 10:16:58.431,3.95,2023-12-10 13:00:00,
1.222362655,2263610,Aravane Rezai,Nah Berecoechea v Rezai,50,2023-12-10 10:53:15.984,3.95,2023-12-10 13:00:00,
1.222362655,2263610,Aravane Rezai,Nah Berecoechea v Rezai,60,2023-12-10 11:58:50.959,4.7,2023-12-10 13:00:00,
1.222362655,2263610,Aravane Rezai,Nah Berecoechea v Rezai,70,2023-12-10 12:12:31.748,4.7,2023-12-10 13:00:00,
1.222362655,2263610,Aravane Rezai,Nah Berecoechea v Rezai,80,2023-12-10 12:55:17.561,2.0,2023-12-10 13:00:00,
1.222362655,2263610,Aravane Rezai,Nah Berecoechea v Rezai,90,2023-12-10 13:01:16.090,4.4,2023-12-10 13:05:00,
1.222362655,2263610,Aravane Rezai,Nah Berecoechea v Rezai,100,2023-12-10 13:04:15.237,4.1,2023-12-10 13:05:00,
1.222362655,24623194,Nahia Berecoechea,Nah Berecoechea v Rezai,0,2023-12-10 09:12:35.817,1.33,2023-12-10 13:00:00,
1.222362655,24623194,Nahia Berecoechea,Nah Berecoechea v Rezai,10,2023-12-10 10:09:17.407,1.33,2023-12-10 13:00:00,
1.222362655,24623194,Nahia Berecoechea,Nah Berecoechea v Rezai,20,2023-12-10 10:16:58.431,1.33,2023-12-10 13:00:00,
1.222362655,24623194,Nahia Berecoechea,Nah Berecoechea v Rezai,30,2023-12-10 10:29:05.153,1.22,2023-12-10 13:00:00,
1.222362655,24623194,Nahia Berecoechea,Nah Berecoechea v Rezai,40,2023-12-10 10:53:15.984,1.33,2023-12-10 13:00:00,
1.222362655,24623194,Nahia Berecoechea,Nah Berecoechea v Rezai,50,2023-12-10 12:01:46.310,1.33,2023-12-10 13:00:00,
1.222362655,24623194,Nahia Berecoechea,Nah Berecoechea v Rezai,60,2023-12-10 12:30:12.432,1.32,2023-12-10 13:00:00,
1.222362655,24623194,Nahia Berecoechea,Nah Berecoechea v Rezai,70,2023-12-10 12:57:17.464,1.5,2023-12-10 13:00:00,
1.222362655,24623194,Nahia Berecoechea,Nah Berecoechea v Rezai,80,2023-12-10 12:59:04.147,1.32,2023-12-10 13:05:00,
1.222362655,24623194,Nahia Berecoechea,Nah Berecoechea v Rezai,90,2023-12-10 13:01:16.090,1.34,2023-12-10 13:05:00,
1.222362655,24623194,Nahia Berecoechea,Nah Berecoechea v Rezai,100,2023-12-10 13:04:15.237,1.32,2023-12-10 13:05:00,
1.222363109,5056975,Mona Barthel,Barthel v Peterson,0,2023-12-10 20:31:26.294,2.5,2023-12-11 09:00:00,
1.222363109,5056975,Mona Barthel,Barthel v Peterson,10,2023-12-11 05:17:16.041,2.38,2023-12-11 09:00:00,
1.222363109,5056975,Mona Barthel,Barthel v Peterson,20,2023-12-11 05:44:33.740,2.46,2023-12-11 09:00:00,
1.222363109,5056975,Mona Barthel,Barthel v Peterson,30,2023-12-11 06:43:44.831,2.5,2023-12-11 09:00:00,
1.222363109,5056975,Mona Barthel,Barthel v Peterson,40,2023-12-11 08:03:10.797,2.46,2023-12-11 09:00:00,
1.222363109,5056975,Mona Barthel,Barthel v Peterson,50,2023-12-11 08:30:16.111,2.48,2023-12-11 09:00:00,
1.222363109,5056975,Mona Barthel,Barthel v Peterson,60,2023-12-11 08:48:12.641,2.5,2023-12-11 09:00:00,
1.222363109,5056975,Mona Barthel,Barthel v Peterson,70,2023-12-11 08:53:15.287,2.52,2023-12-11 09:00:00,
1.222363109,5056975,Mona Barthel,Barthel v Peterson,80,2023-12-11 08:56:14.971,2.58,2023-12-11 09:00:00,
1.222363109,5056975,Mona Barthel,Barthel v Peterson,90,2023-12-11 08:59:13.425,2.68,2023-12-11 09:05:00,
1.222363109,5056975,Mona Barthel,Barthel v Peterson,100,2023-12-11 09:09:17.084,2.22,2023-12-11 09:10:00,2023-12-11 09:07:17.279
1.222363109,7430598,Rebecca Peterson,Barthel v Peterson,0,2023-12-10 20:31:26.294,1.66,2023-12-11 09:00:00,
1.222363109,7430598,Rebecca Peterson,Barthel v Peterson,10,2023-12-11 04:49:08.269,1.68,2023-12-11 09:00:00,
1.222363109,7430598,Rebecca Peterson,Barthel v Peterson,20,2023-12-11 05:31:05.789,1.7,2023-12-11 09:00:00,
1.222363109,7430598,Rebecca Peterson,Barthel v Peterson,30,2023-12-11 07:05:56.834,1.67,2023-12-11 09:00:00,
1.222363109,7430598,Rebecca Peterson,Barthel v Peterson,40,2023-12-11 07:32:13.124,1.67,2023-12-11 09:00:00,
1.222363109,7430598,Rebecca Peterson,Barthel v Peterson,50,2023-12-11 07:57:08.651,1.64,2023-12-11 09:00:00,
1.222363109,7430598,Rebecca Peterson,Barthel v Peterson,60,2023-12-11 08:22:12.523,1.68,2023-12-11 09:00:00,
1.222363109,7430598,Rebecca Peterson,Barthel v Peterson,70,2023-12-11 08:43:16.413,1.66,2023-12-11 09:00:00,
1.222363109,7430598,Rebecca Peterson,Barthel v Peterson,80,2023-12-11 08:54:15.323,1.57,2023-12-11 09:00:00,
1.222363109,7430598,Rebecca Peterson,Barthel v Peterson,90,2023-12-11 08:58:15.744,1.61,2023-12-11 09:00:00,
1.222363109,7430598,Rebecca Peterson,Barthel v Peterson,100,2023-12-11 09:09:17.084,1.67,2023-12-11 09:10:00,2023-12-11 09:07:17.279
1.222363112,2422070,Anastasija Sevastova,Sevastova v Maria Tig,0,2023-12-10 22:46:47.326,1.24,2023-12-11 10:30:00,
1.222363112,2422070,Anastasija Sevastova,Sevastova v Maria Tig,10,2023-12-11 01:39:12.122,1.25,2023-12-11 10:30:00,
1.222363112,2422070,Anastasija Sevastova,Sevastova v Maria Tig,20,2023-12-11 08:59:42.652,1.2,2023-12-11 10:30:00,
1.222363112,2422070,Anastasija Sevastova,Sevastova v Maria Tig,30,2023-12-11 09:45:31.822,1.19,2023-12-11 10:30:00,
1.222363112,2422070,Anastasija Sevastova,Sevastova v Maria Tig,40,2023-12-11 10:15:17.939,1.2,2023-12-11 10:30:00,
1.222363112,2422070,Anastasija Sevastova,Sevastova v Maria Tig,50,2023-12-11 10:21:18.073,1.19,2023-12-11 10:30:00,
1.222363112,2422070,Anastasija Sevastova,Sevastova v Maria Tig,60,2023-12-11 10:26:00.872,1.21,2023-12-11 10:30:00,
1.222363112,2422070,Anastasija Sevastova,Sevastova v Maria Tig,70,2023-12-11 10:44:18.206,1.22,2023-12-11 10:45:00,
1.222363112,2422070,Anastasija Sevastova,Sevastova v Maria Tig,80,2023-12-11 10:53:08.291,1.2,2023-12-11 10:55:00,
1.222363112,2422070,Anastasija Sevastova,Sevastova v Maria Tig,90,2023-12-11 11:09:18.254,1.2,2023-12-11 11:10:00,
1.222363112,2422070,Anastasija Sevastova,Sevastova v Maria Tig,100,2023-12-11 11:19:17.083,1.23,2023-12-11 11:20:00,2023-12-11 11:18:18.011
1.222363112,8679189,Patricia Maria Tig,Sevastova v Maria Tig,0,2023-12-10 22:46:47.326,5.1,2023-12-11 10:30:00,
1.222363112,8679189,Patricia Maria Tig,Sevastova v Maria Tig,10,2023-12-11 08:44:05.268,6.0,2023-12-11 10:30:00,
1.222363112,8679189,Patricia Maria Tig,Sevastova v Maria Tig,20,2023-12-11 10:08:03.947,6.0,2023-12-11 10:30:00,
1.222363112,8679189,Patricia Maria Tig,Sevastova v Maria Tig,30,2023-12-11 10:23:03.699,5.8,2023-12-11 10:30:00,
1.222363112,8679189,Patricia Maria Tig,Sevastova v Maria Tig,40,2023-12-11 10:49:12.829,6.0,2023-12-11 10:55:00,
1.222363112,8679189,Patricia Maria Tig,Sevastova v Maria Tig,50,2023-12-11 10:53:08.291,5.9,2023-12-11 10:55:00,
1.222363112,8679189,Patricia Maria Tig,Sevastova v Maria Tig,60,2023-12-11 10:54:15.391,6.4,2023-12-11 10:55:00,
1.222363112,8679189,Patricia Maria Tig,Sevastova v Maria Tig,70,2023-12-11 11:05:16.789,6.0,2023-12-11 11:10:00,
1.222363112,8679189,Patricia Maria Tig,Sevastova v Maria Tig,80,2023-12-11 11:08:14.664,6.4,2023-12-11 11:10:00,
1.222363112,8679189,Patricia Maria Tig,Sevastova v Maria Tig,90,2023-12-11 11:14:07.380,6.6,2023-12-11 11:20:00,
1.222363112,8679189,Patricia Maria Tig,Sevastova v Maria Tig,100,2023-12-11 11:19:17.083,5.1,2023-12-11 11:20:00,2023-12-11 11:18:18.011
1.222363374,12177911,Zeynep Sonmez,Zeyn Sonmez v Er Andreeva,0,2023-12-11 12:40:17.418,3.8,2023-12-12 00:00:00,
1.222363374,12177911,Zeynep Sonmez,Zeyn Sonmez v Er Andreeva,10,2023-12-12 00:04:20.089,5.0,2023-12-12 10:30:00,
1.222363374,12177911,Zeynep Sonmez,Zeyn Sonmez v Er Andreeva,20,2023-12-12 06:53:10.675,6.6,2023-12-12 10:30:00,
1.222363374,12177911,Zeynep Sonmez,Zeyn Sonmez v Er Andreeva,30,2023-12-12 09:56:57.493,6.4,2023-12-12 10:30:00,
1.222363374,12177911,Zeynep Sonmez,Zeyn Sonmez v Er Andreeva,40,2023-12-12 10:06:04.583,6.0,2023-12-12 10:30:00,
1.222363374,12177911,Zeynep Sonmez,Zeyn Sonmez v Er Andreeva,50,2023-12-12 10:15:13.125,6.0,2023-12-12 10:30:00,
1.222363374,12177911,Zeynep Sonmez,Zeyn Sonmez v Er Andreeva,60,2023-12-12 10:28:21.361,5.8,2023-12-12 10:30:00,
1.222363374,12177911,Zeynep Sonmez,Zeyn Sonmez v Er Andreeva,70,2023-12-12 11:14:22.147,6.0,2023-12-12 11:30:00,
1.222363374,12177911,Zeynep Sonmez,Zeyn Sonmez v Er Andreeva,80,2023-12-12 11:17:21.652,6.0,2023-12-12 11:30:00,
1.222363374,12177911,Zeynep Sonmez,Zeyn Sonmez v Er Andreeva,90,2023-12-12 11:22:18.368,5.9,2023-12-12 11:30:00,
1.222363374,12177911,Zeynep Sonmez,Zeyn Sonmez v Er Andreeva,100,2023-12-12 11:29:19.516,8.2,2023-12-12 11:30:00,2023-12-12 11:27:22.294
1.222363374,27187697,Erika Andreeva,Zeyn Sonmez v Er Andreeva,0,2023-12-11 12:40:17.418,1.35,2023-12-12 00:00:00,
1.222363374,27187697,Erika Andreeva,Zeyn Sonmez v Er Andreeva,10,2023-12-12 00:04:20.089,1.25,2023-12-12 10:30:00,
1.222363374,27187697,Erika Andreeva,Zeyn Sonmez v Er Andreeva,20,2023-12-12 06:53:10.675,1.18,2023-12-12 10:30:00,
1.222363374,27187697,Erika Andreeva,Zeyn Sonmez v Er Andreeva,30,2023-12-12 07:11:09.674,1.17,2023-12-12 10:30:00,
1.222363374,27187697,Erika Andreeva,Zeyn Sonmez v Er Andreeva,40,2023-12-12 08:15:23.340,1.17,2023-12-12 10:30:00,
1.222363374,27187697,Erika Andreeva,Zeyn Sonmez v Er Andreeva,50,2023-12-12 09:49:18.581,1.18,2023-12-12 10:30:00,
1.222363374,27187697,Erika Andreeva,Zeyn Sonmez v Er Andreeva,60,2023-12-12 10:06:04.583,1.2,2023-12-12 10:30:00,
1.222363374,27187697,Erika Andreeva,Zeyn Sonmez v Er Andreeva,70,2023-12-12 10:17:57.381,1.2,2023-12-12 10:30:00,
1.222363374,27187697,Erika Andreeva,Zeyn Sonmez v Er Andreeva,80,2023-12-12 10:29:16.620,1.19,2023-12-12 10:30:00,
1.222363374,27187697,Erika Andreeva,Zeyn Sonmez v Er Andreeva,90,2023-12-12 11:16:14.671,1.2,2023-12-12 11:30:00,
1.222363374,27187697,Erika Andreeva,Zeyn Sonmez v Er Andreeva,100,2023-12-12 11:29:19.516,1.14,2023-12-12 11:30:00,2023-12-12 11:27:22.294
1.222363376,9633382,Berfu Cengiz,Els Jacquemot v Berfu Cengiz,0,2023-12-11 11:20:21.458,5.7,2023-12-11 18:00:00,
1.222363376,9633382,Berfu Cengiz,Els Jacquemot v Berfu Cengiz,10,2023-12-11 15:44:45.393,8.8,2023-12-11 18:00:00,
1.222363376,9633382,Berfu Cengiz,Els Jacquemot v Berfu Cengiz,20,2023-12-11 16:08:24.384,8.2,2023-12-11 18:00:00,
1.222363376,9633382,Berfu Cengiz,Els Jacquemot v Berfu Cengiz,30,2023-12-11 17:00:13.095,9.4,2023-12-11 18:00:00,
1.222363376,9633382,Berfu Cengiz,Els Jacquemot v Berfu Cengiz,40,2023-12-11 17:55:02.283,9.8,2023-12-11 18:15:00,
1.222363376,9633382,Berfu Cengiz,Els Jacquemot v Berfu Cengiz,50,2023-12-11 18:02:21.786,10.0,2023-12-11 18:15:00,
1.222363376,9633382,Berfu Cengiz,Els Jacquemot v Berfu Cengiz,60,2023-12-11 18:09:24.508,9.8,2023-12-11 18:15:00,
1.222363376,9633382,Berfu Cengiz,Els Jacquemot v Berfu Cengiz,70,2023-12-11 18:24:08.387,9.0,2023-12-11 18:30:00,
1.222363376,9633382,Berfu Cengiz,Els Jacquemot v Berfu Cengiz,80,2023-12-11 18:56:21.636,8.2,2023-12-11 19:00:00,
1.222363376,9633382,Berfu Cengiz,Els Jacquemot v Berfu Cengiz,90,2023-12-11 18:58:20.045,10.0,2023-12-11 19:00:00,
1.222363376,9633382,Berfu Cengiz,Els Jacquemot v Berfu Cengiz,100,2023-12-11 19:04:24.889,8.0,2023-12-11 19:05:00,2023-12-11 19:04:24.889
1.222363376,18848406,Elsa Jacquemot,Els Jacquemot v Berfu Cengiz,0,2023-12-11 08:16:12.658,1.16,2023-12-11 18:00:00,
1.222363376,18848406,Elsa Jacquemot,Els Jacquemot v Berfu Cengiz,10,2023-12-11 14:33:01.263,1.16,2023-12-11 18:00:00,
1.222363376,18848406,Elsa Jacquemot,Els Jacquemot v Berfu Cengiz,20,2023-12-11 15:48:19.763,1.12,2023-12-11 18:00:00,
1.222363376,18848406,Elsa Jacquemot,Els Jacquemot v Berfu Cengiz,30,2023-12-11 16:08:24.384,1.14,2023-12-11 18:00:00,
1.222363376,18848406,Elsa Jacquemot,Els Jacquemot v Berfu Cengiz,40,2023-12-11 16:41:03.775,1.12,2023-12-11 18:00:00,
1.222363376,18848406,Elsa Jacquemot,Els Jacquemot v Berfu Cengiz,50,2023-12-11 17:11:07.875,1.11,2023-12-11 18:00:00,
1.222363376,18848406,Elsa Jacquemot,Els Jacquemot v Berfu Cengiz,60,2023-12-11 18:05:23.788,1.12,2023-12-11 18:15:00,
1.222363376,18848406,Elsa Jacquemot,Els Jacquemot v Berfu Cengiz,70,2023-12-11 18:49:08.820,1.12,2023-12-11 19:00:00,
1.222363376,18848406,Elsa Jacquemot,Els Jacquemot v Berfu Cengiz,80,2023-12-11 18:54:18.336,1.13,2023-12-11 19:00:00,
1.222363376,18848406,Elsa Jacquemot,Els Jacquemot v Berfu Cengiz,90,2023-12-11 18:57:23.870,1.12,2023-12-11 19:00:00,
1.222363376,18848406,Elsa Jacquemot,Els Jacquemot v Berfu Cengiz,100,2023-12-11 19:04:24.889,1.15,2023-12-11 19:05:00,2023-12-11 19:04:24.889
1.222363387,7289620,Amandine Hesse,El Cocciaretto v Hesse,0,2023-12-12 04:04:27.308,5.5,2023-12-12 13:30:00,
1.222363387,7289620,Amandine Hesse,El Cocciaretto v Hesse,10,2023-12-12 10:16:21.345,5.6,2023-12-12 13:30:00,
1.222363387,7289620,Amandine Hesse,El Cocciaretto v Hesse,20,2023-12-12 11:20:26.087,5.5,2023-12-12 13:30:00,
1.222363387,7289620,Amandine Hesse,El Cocciaretto v Hesse,30,2023-12-12 11:58:25.662,5.7,2023-12-12 13:30:00,
1.222363387,7289620,Amandine Hesse,El Cocciaretto v Hesse,40,2023-12-12 13:23:24.960,5.7,2023-12-12 13:30:00,
1.222363387,7289620,Amandine Hesse,El Cocciaretto v Hesse,50,2023-12-12 13:29:27.250,6.0,2023-12-12 13:30:00,
1.222363387,7289620,Amandine Hesse,El Cocciaretto v Hesse,60,2023-12-12 13:43:12.487,6.2,2023-12-12 13:50:00,
1.222363387,7289620,Amandine Hesse,El Cocciaretto v Hesse,70,2023-12-12 13:46:21.314,6.4,2023-12-12 13:50:00,
1.222363387,7289620,Amandine Hesse,El Cocciaretto v Hesse,80,2023-12-12 14:07:07.552,7.0,2023-12-12 14:30:00,
1.222363387,7289620,Amandine Hesse,El Cocciaretto v Hesse,90,2023-12-12 14:25:26.706,7.4,2023-12-12 14:35:00,
1.222363387,7289620,Amandine Hesse,El Cocciaretto v Hesse,100,2023-12-12 14:39:24.747,7.0,2023-12-12 14:40:00,
1.222363387,18848114,Elisabetta Cocciaretto,El Cocciaretto v Hesse,0,2023-12-11 20:40:32.069,1.24,2023-12-12 13:30:00,
1.222363387,18848114,Elisabetta Cocciaretto,El Cocciaretto v Hesse,10,2023-12-12 04:44:53.160,1.21,2023-12-12 13:30:00,
1.222363387,18848114,Elisabetta Cocciaretto,El Cocciaretto v Hesse,20,2023-12-12 08:30:04.711,1.21,2023-12-12 13:30:00,
1.222363387,18848114,Elisabetta Cocciaretto,El Cocciaretto v Hesse,30,2023-12-12 10:37:09.865,1.22,2023-12-12 13:30:00,
1.222363387,18848114,Elisabetta Cocciaretto,El Cocciaretto v Hesse,40,2023-12-12 12:56:17.432,1.23,2023-12-12 13:30:00,
1.222363387,18848114,Elisabetta Cocciaretto,El Cocciaretto v Hesse,50,2023-12-12 13:26:20.710,1.2,2023-12-12 13:30:00,
1.222363387,18848114,Elisabetta Cocciaretto,El Cocciaretto v Hesse,60,2023-12-12 13:46:21.314,1.18,2023-12-12 13:50:00,
1.222363387,18848114,Elisabetta Cocciaretto,El Cocciaretto v Hesse,70,2023-12-12 13:59:15.968,1.16,2023-12-12 14:05:00,
1.222363387,18848114,Elisabetta Cocciaretto,El Cocciaretto v Hesse,80,2023-12-12 14:18:17.851,1.17,2023-12-12 14:35:00,
1.222363387,18848114,Elisabetta Cocciaretto,El Cocciaretto v Hesse,90,2023-12-12 14:29:21.508,1.17,2023-12-12 14:35:00,
1.222363387,18848114,Elisabetta Cocciaretto,El Cocciaretto v Hesse,100,2023-12-12 14:34:26.671,1.15,2023-12-12 14:35:00,
1.222363764,11942064,Mccartney Kessler,Mccar Kessler v Mar Rouvroy,0,2023-12-10 15:39:06.030,1.78,2023-12-11 12:00:00,
1.222363764,11942064,Mccartney Kessler,Mccar Kessler v Mar Rouvroy,10,2023-12-11 03:49:29.814,1.75,2023-12-11 12:00:00,
1.222363764,11942064,Mccartney Kessler,Mccar Kessler v Mar Rouvroy,20,2023-12-11 07:46:26.178,1.81,2023-12-11 12:00:00,
1.222363764,11942064,Mccartney Kessler,Mccar Kessler v Mar Rouvroy,30,2023-12-11 08:50:23.541,1.78,2023-12-11 12:00:00,
1.222363764,11942064,Mccartney Kessler,Mccar Kessler v Mar Rouvroy,40,2023-12-11 10:28:30.607,1.74,2023-12-11 12:00:00,
1.222363764,11942064,Mccartney Kessler,Mccar Kessler v Mar Rouvroy,50,2023-12-11 11:25:00.787,1.75,2023-12-11 12:00:00,
1.222363764,11942064,Mccartney Kessler,Mccar Kessler v Mar Rouvroy,60,2023-12-11 11:46:16.893,1.76,2023-12-11 12:00:00,
1.222363764,11942064,Mccartney Kessler,Mccar Kessler v Mar Rouvroy,70,2023-12-11 12:10:27.646,1.7,2023-12-11 12:30:00,
1.222363764,11942064,Mccartney Kessler,Mccar Kessler v Mar Rouvroy,80,2023-12-11 12:26:29.119,1.7,2023-12-11 12:30:00,
1.222363764,11942064,Mccartney Kessler,Mccar Kessler v Mar Rouvroy,90,2023-12-11 12:40:30.607,1.67,2023-12-11 12:45:00,
1.222363764,11942064,Mccartney Kessler,Mccar Kessler v Mar Rouvroy,100,2023-12-11 12:49:31.243,1.64,2023-12-11 12:50:00,2023-12-11 12:48:31.302
1.222363764,12737432,Margaux Rouvroy,Mccar Kessler v Mar Rouvroy,0,2023-12-10 15:44:54.603,2.08,2023-12-11 12:00:00,
1.222363764,12737432,Margaux Rouvroy,Mccar Kessler v Mar Rouvroy,10,2023-12-11 05:54:22.308,2.3,2023-12-11 12:00:00,
1.222363764,12737432,Margaux Rouvroy,Mccar Kessler v Mar Rouvroy,20,2023-12-11 10:20:29.326,2.28,2023-12-11 12:00:00,
1.222363764,12737432,Margaux Rouvroy,Mccar Kessler v Mar Rouvroy,30,2023-12-11 11:13:19.470,2.32,2023-12-11 12:00:00,
1.222363764,12737432,Margaux Rouvroy,Mccar Kessler v Mar Rouvroy,40,2023-12-11 11:58:28.839,2.42,2023-12-11 12:00:00,
1.222363764,12737432,Margaux Rouvroy,Mccar Kessler v Mar Rouvroy,50,2023-12-11 12:18:31.328,2.44,2023-12-11 12:30:00,
1.222363764,12737432,Margaux Rouvroy,Mccar Kessler v Mar Rouvroy,60,2023-12-11 12:22:29.062,2.48,2023-12-11 12:30:00,
1.222363764,12737432,Margaux Rouvroy,Mccar Kessler v Mar Rouvroy,70,2023-12-11 12:27:13.298,2.42,2023-12-11 12:30:00,
1.222363764,12737432,Margaux Rouvroy,Mccar Kessler v Mar Rouvroy,80,2023-12-11 12:34:26.005,2.46,2023-12-11 12:35:00,
1.222363764,12737432,Margaux Rouvroy,Mccar Kessler v Mar Rouvroy,90,2023-12-11 12:45:28.035,2.54,2023-12-11 12:50:00,
1.222363764,12737432,Margaux Rouvroy,Mccar Kessler v Mar Rouvroy,100,2023-12-11 12:49:31.243,2.5,2023-12-11 12:50:00,2023-12-11 12:48:31.302
1.222363774,19446955,Noma Noha Akugue,Dar Semenistaja v No Noha Akugue,0,2023-12-11 16:23:24.601,1.79,2023-12-12 09:00:00,
1.222363774,19446955,Noma Noha Akugue,Dar Semenistaja v No Noha Akugue,10,2023-12-12 00:49:25.921,1.9,2023-12-12 09:00:00,
1.222363774,19446955,Noma Noha Akugue,Dar Semenistaja v No Noha Akugue,20,2023-12-12 05:08:33.581,1.95,2023-12-12 09:00:00,
1.222363774,19446955,Noma Noha Akugue,Dar Semenistaja v No Noha Akugue,30,2023-12-12 05:15:33.944,1.94,2023-12-12 09:00:00,
1.222363774,19446955,Noma Noha Akugue,Dar Semenistaja v No Noha Akugue,40,2023-12-12 07:39:18.304,1.94,2023-12-12 09:00:00,
1.222363774,19446955,Noma Noha Akugue,Dar Semenistaja v No Noha Akugue,50,2023-12-12 08:09:30.731,1.97,2023-12-12 09:00:00,
1.222363774,19446955,Noma Noha Akugue,Dar Semenistaja v No Noha Akugue,60,2023-12-12 08:20:27.570,1.92,2023-12-12 09:00:00,
1.222363774,19446955,Noma Noha Akugue,Dar Semenistaja v No Noha Akugue,70,2023-12-12 08:38:27.483,1.93,2023-12-12 09:00:00,
1.222363774,19446955,Noma Noha Akugue,Dar Semenistaja v No Noha Akugue,80,2023-12-12 08:41:29.291,1.9,2023-12-12 09:00:00,
1.222363774,19446955,Noma Noha Akugue,Dar Semenistaja v No Noha Akugue,90,2023-12-12 08:53:30.774,1.9,2023-12-12 09:00:00,
1.222363774,19446955,Noma Noha Akugue,Dar Semenistaja v No Noha Akugue,100,2023-12-12 08:59:28.918,1.87,2023-12-12 09:00:00,
1.222363774,24040843,Darja Semenistaja,Dar Semenistaja v No Noha Akugue,0,2023-12-11 20:12:54.242,2.12,2023-12-12 09:00:00,
1.222363774,24040843,Darja Semenistaja,Dar Semenistaja v No Noha Akugue,10,2023-12-11 22:54:48.618,2.12,2023-12-12 09:00:00,
1.222363774,24040843,Darja Semenistaja,Dar Semenistaja v No Noha Akugue,20,2023-12-12 04:35:41.590,2.06,2023-12-12 09:00:00,
1.222363774,24040843,Darja Semenistaja,Dar Semenistaja v No Noha Akugue,30,2023-12-12 05:15:33.944,2.06,2023-12-12 09:00:00,
1.222363774,24040843,Darja Semenistaja,Dar Semenistaja v No Noha Akugue,40,2023-12-12 07:42:27.636,2.04,2023-12-12 09:00:00,
1.222363774,24040843,Darja Semenistaja,Dar Semenistaja v No Noha Akugue,50,2023-12-12 07:56:13.694,2.02,2023-12-12 09:00:00,
1.222363774,24040843,Darja Semenistaja,Dar Semenistaja v No Noha Akugue,60,2023-12-12 08:10:26.209,2.04,2023-12-12 09:00:00,
1.222363774,24040843,Darja Semenistaja,Dar Semenistaja v No Noha Akugue,70,2023-12-12 08:33:17.532,2.1,2023-12-12 09:00:00,
1.222363774,24040843,Darja Semenistaja,Dar Semenistaja v No Noha Akugue,80,2023-12-12 08:39:32.455,2.06,2023-12-12 09:00:00,
1.222363774,24040843,Darja Semenistaja,Dar Semenistaja v No Noha Akugue,90,2023-12-12 08:49:34.151,2.08,2023-12-12 09:00:00,
1.222363774,24040843,Darja Semenistaja,Dar Semenistaja v No Noha Akugue,100,2023-12-12 08:59:28.918,2.16,2023-12-12 09:00:00,
1.222364069,2451050,Arantxa Rus,A Rus v Ga Knutson,0,2023-12-10 21:38:04.869,1.8,2023-12-11 13:30:00,
1.222364069,2451050,Arantxa Rus,A Rus v Ga Knutson,10,2023-12-11 10:25:38.302,1.75,2023-12-11 13:30:00,
1.222364069,2451050,Arantxa Rus,A Rus v Ga Knutson,20,2023-12-11 12:08:27.279,1.8,2023-12-11 13:30:00,
1.222364069,2451050,Arantxa Rus,A Rus v Ga Knutson,30,2023-12-11 12:50:37.945,1.81,2023-12-11 13:30:00,
1.222364069,2451050,Arantxa Rus,A Rus v Ga Knutson,40,2023-12-11 13:37:36.751,1.74,2023-12-11 13:40:00,
1.222364069,2451050,Arantxa Rus,A Rus v Ga Knutson,50,2023-12-11 14:02:36.759,1.75,2023-12-11 14:10:00,
1.222364069,2451050,Arantxa Rus,A Rus v Ga Knutson,60,2023-12-11 14:15:33.493,1.74,2023-12-11 14:20:00,
1.222364069,2451050,Arantxa Rus,A Rus v Ga Knutson,70,2023-12-11 14:26:36.796,1.74,2023-12-11 14:30:00,
1.222364069,2451050,Arantxa Rus,A Rus v Ga Knutson,80,2023-12-11 14:37:37.945,1.72,2023-12-11 14:40:00,
1.222364069,2451050,Arantxa Rus,A Rus v Ga Knutson,90,2023-12-11 14:48:39.313,1.62,2023-12-11 14:50:00,
1.222364069,2451050,Arantxa Rus,A Rus v Ga Knutson,100,2023-12-11 14:54:39.395,1.78,2023-12-11 14:55:00,2023-12-11 14:51:39.362
1.222364069,10347151,Gabriela Knutson,A Rus v Ga Knutson,0,2023-12-10 21:38:04.869,2.24,2023-12-11 13:30:00,
1.222364069,10347151,Gabriela Knutson,A Rus v Ga Knutson,10,2023-12-11 11:09:35.868,2.22,2023-12-11 13:30:00,
1.222364069,10347151,Gabriela Knutson,A Rus v Ga Knutson,20,2023-12-11 12:43:37.497,2.26,2023-12-11 13:30:00,
1.222364069,10347151,Gabriela Knutson,A Rus v Ga Knutson,30,2023-12-11 13:31:37.894,2.3,2023-12-11 13:40:00,
1.222364069,10347151,Gabriela Knutson,A Rus v Ga Knutson,40,2023-12-11 13:47:38.727,2.32,2023-12-11 13:50:00,
1.222364069,10347151,Gabriela Knutson,A Rus v Ga Knutson,50,2023-12-11 14:03:32.413,2.28,2023-12-11 14:10:00,
1.222364069,10347151,Gabriela Knutson,A Rus v Ga Knutson,60,2023-12-11 14:23:39.079,2.34,2023-12-11 14:30:00,
1.222364069,10347151,Gabriela Knutson,A Rus v Ga Knutson,70,2023-12-11 14:33:27.331,2.28,2023-12-11 14:40:00,
1.222364069,10347151,Gabriela Knutson,A Rus v Ga Knutson,80,2023-12-11 14:39:37.125,2.34,2023-12-11 14:40:00,
1.222364069,10347151,Gabriela Knutson,A Rus v Ga Knutson,90,2023-12-11 14:48:39.313,2.58,2023-12-11 14:50:00,
1.222364069,10347151,Gabriela Knutson,A Rus v Ga Knutson,100,2023-12-11 14:54:39.395,2.3,2023-12-11 14:55:00,2023-12-11 14:51:39.362
1.222364279,8959808,Harmony Tan,Fann Stollar v H Tan,0,2023-12-10 22:47:06.473,1.6,2023-12-11 16:30:00,
1.222364279,8959808,Harmony Tan,Fann Stollar v H Tan,10,2023-12-11 13:08:17.243,1.53,2023-12-11 16:30:00,
1.222364279,8959808,Harmony Tan,Fann Stollar v H Tan,20,2023-12-11 14:55:52.558,1.54,2023-12-11 16:30:00,
1.222364279,8959808,Harmony Tan,Fann Stollar v H Tan,30,2023-12-11 16:01:15.345,1.53,2023-12-11 16:30:00,
1.222364279,8959808,Harmony Tan,Fann Stollar v H Tan,40,2023-12-11 16:22:07.032,1.51,2023-12-11 16:45:00,
1.222364279,8959808,Harmony Tan,Fann Stollar v H Tan,50,2023-12-11 16:35:08.963,1.49,2023-12-11 16:45:00,
1.222364279,8959808,Harmony Tan,Fann Stollar v H Tan,60,2023-12-11 16:54:17.297,1.49,2023-12-11 17:00:00,
1.222364279,8959808,Harmony Tan,Fann Stollar v H Tan,70,2023-12-11 17:06:13.262,1.48,2023-12-11 17:15:00,
1.222364279,8959808,Harmony Tan,Fann Stollar v H Tan,80,2023-12-11 17:21:13.259,1.49,2023-12-11 17:30:00,
1.222364279,8959808,Harmony Tan,Fann Stollar v H Tan,90,2023-12-11 17:38:14.968,1.46,2023-12-11 17:45:00,
1.222364279,8959808,Harmony Tan,Fann Stollar v H Tan,100,2023-12-11 17:49:17.126,1.47,2023-12-11 17:50:00,2023-12-11 17:48:17.270
1.222364279,9342701,Fanny Stollar,Fann Stollar v H Tan,0,2023-12-10 22:47:06.473,2.66,2023-12-11 16:30:00,
1.222364279,9342701,Fanny Stollar,Fann Stollar v H Tan,10,2023-12-11 10:30:13.630,2.8,2023-12-11 16:30:00,
1.222364279,9342701,Fanny Stollar,Fann Stollar v H Tan,20,2023-12-11 12:26:14.471,2.8,2023-12-11 16:30:00,
1.222364279,9342701,Fanny Stollar,Fann Stollar v H Tan,30,2023-12-11 15:22:12.881,2.9,2023-12-11 16:30:00,
1.222364279,9342701,Fanny Stollar,Fann Stollar v H Tan,40,2023-12-11 16:05:12.818,2.96,2023-12-11 16:45:00,
1.222364279,9342701,Fanny Stollar,Fann Stollar v H Tan,50,2023-12-11 16:13:17.172,2.98,2023-12-11 16:45:00,
1.222364279,9342701,Fanny Stollar,Fann Stollar v H Tan,60,2023-12-11 16:23:17.007,3.05,2023-12-11 16:45:00,
1.222364279,9342701,Fanny Stollar,Fann Stollar v H Tan,70,2023-12-11 16:50:14.714,3.3,2023-12-11 17:00:00,
1.222364279,9342701,Fanny Stollar,Fann Stollar v H Tan,80,2023-12-11 16:59:14.285,2.96,2023-12-11 17:00:00,
1.222364279,9342701,Fanny Stollar,Fann Stollar v H Tan,90,2023-12-11 17:39:15.128,3.0,2023-12-11 17:45:00,
1.222364279,9342701,Fanny Stollar,Fann Stollar v H Tan,100,2023-12-11 17:47:17.233,3.1,2023-12-11 17:50:00,
1.222364455,3622052,Kristina Mladenovic,Boisson v Mladenovic,0,2023-12-11 18:04:58.869,1.57,2023-12-12 12:00:00,
1.222364455,3622052,Kristina Mladenovic,Boisson v Mladenovic,10,2023-12-12 07:14:45.681,1.77,2023-12-12 12:00:00,
1.222364455,3622052,Kristina Mladenovic,Boisson v Mladenovic,20,2023-12-12 09:19:20.352,1.74,2023-12-12 12:00:00,
1.222364455,3622052,Kristina Mladenovic,Boisson v Mladenovic,30,2023-12-12 10:46:16.190,1.7,2023-12-12 12:00:00,
1.222364455,3622052,Kristina Mladenovic,Boisson v Mladenovic,40,2023-12-12 11:25:09.598,1.68,2023-12-12 12:00:00,
1.222364455,3622052,Kristina Mladenovic,Boisson v Mladenovic,50,2023-12-12 11:51:19.895,1.67,2023-12-12 12:00:00,
1.222364455,3622052,Kristina Mladenovic,Boisson v Mladenovic,60,2023-12-12 12:01:16.575,1.72,2023-12-12 12:30:00,
1.222364455,3622052,Kristina Mladenovic,Boisson v Mladenovic,70,2023-12-12 12:26:20.002,1.6,2023-12-12 12:30:00,
1.222364455,3622052,Kristina Mladenovic,Boisson v Mladenovic,80,2023-12-12 12:47:13.129,1.59,2023-12-12 12:55:00,
1.222364455,3622052,Kristina Mladenovic,Boisson v Mladenovic,90,2023-12-12 13:00:13.094,1.58,2023-12-12 13:10:00,
1.222364455,3622052,Kristina Mladenovic,Boisson v Mladenovic,100,2023-12-12 13:09:18.057,1.55,2023-12-12 13:10:00,
1.222364455,20136611,Lois Boisson,Boisson v Mladenovic,0,2023-12-11 12:47:08.444,2.22,2023-12-12 00:00:00,
1.222364455,20136611,Lois Boisson,Boisson v Mladenovic,10,2023-12-12 08:37:14.783,2.34,2023-12-12 12:00:00,
1.222364455,20136611,Lois Boisson,Boisson v Mladenovic,20,2023-12-12 10:36:07.009,2.42,2023-12-12 12:00:00,
1.222364455,20136611,Lois Boisson,Boisson v Mladenovic,30,2023-12-12 11:33:19.962,2.46,2023-12-12 12:00:00,
1.222364455,20136611,Lois Boisson,Boisson v Mladenovic,40,2023-12-12 11:46:08.217,2.42,2023-12-12 12:00:00,
1.222364455,20136611,Lois Boisson,Boisson v Mladenovic,50,2023-12-12 11:56:17.097,2.54,2023-12-12 12:00:00,
1.222364455,20136611,Lois Boisson,Boisson v Mladenovic,60,2023-12-12 12:05:20.339,2.56,2023-12-12 12:30:00,
1.222364455,20136611,Lois Boisson,Boisson v Mladenovic,70,2023-12-12 12:35:17.664,2.64,2023-12-12 12:50:00,
1.222364455,20136611,Lois Boisson,Boisson v Mladenovic,80,2023-12-12 12:56:17.950,2.64,2023-12-12 13:00:00,
1.222364455,20136611,Lois Boisson,Boisson v Mladenovic,90,2023-12-12 13:03:20.231,2.8,2023-12-12 13:10:00,
1.222364455,20136611,Lois Boisson,Boisson v Mladenovic,100,2023-12-12 13:09:18.057,2.72,2023-12-12 13:10:00,
1.22236592,7216239,Chloe Paquet,Paquet v Burel,0,2023-12-09 20:24:14.139,2.18,2023-12-10 14:00:00,
1.22236592,7216239,Chloe Paquet,Paquet v Burel,10,2023-12-10 04:21:57.767,3.0,2023-12-10 14:00:00,
1.22236592,7216239,Chloe Paquet,Paquet v Burel,20,2023-12-10 06:56:26.090,2.78,2023-12-10 14:00:00,
1.22236592,7216239,Chloe Paquet,Paquet v Burel,30,2023-12-10 08:27:58.530,2.84,2023-12-10 14:00:00,
1.22236592,7216239,Chloe Paquet,Paquet v Burel,40,2023-12-10 10:29:51.072,2.96,2023-12-10 14:00:00,
1.22236592,7216239,Chloe Paquet,Paquet v Burel,50,2023-12-10 11:33:06.408,2.88,2023-12-10 14:00:00,
1.22236592,7216239,Chloe Paquet,Paquet v Burel,60,2023-12-10 12:32:46.871,2.8,2023-12-10 14:00:00,
1.22236592,7216239,Chloe Paquet,Paquet v Burel,70,2023-12-10 13:24:44.997,2.68,2023-12-10 14:00:00,
1.22236592,7216239,Chloe Paquet,Paquet v Burel,80,2023-12-10 13:42:00.424,2.64,2023-12-10 14:00:00,
1.22236592,7216239,Chloe Paquet,Paquet v Burel,90,2023-12-10 13:58:08.678,2.66,2023-12-10 14:00:00,
1.22236592,7216239,Chloe Paquet,Paquet v Burel,100,2023-12-10 14:14:11.733,2.56,2023-12-10 14:15:00,
1.22236592,10351066,Clara Burel,Paquet v Burel,0,2023-12-10 00:57:54.111,1.44,2023-12-10 14:00:00,
1.22236592,10351066,Clara Burel,Paquet v Burel,10,2023-12-10 05:54:07.531,1.58,2023-12-10 14:00:00,
1.22236592,10351066,Clara Burel,Paquet v Burel,20,2023-12-10 08:14:30.853,1.56,2023-12-10 14:00:00,
1.22236592,10351066,Clara Burel,Paquet v Burel,30,2023-12-10 09:08:57.628,1.47,2023-12-10 14:00:00,
1.22236592,10351066,Clara Burel,Paquet v Burel,40,2023-12-10 10:37:28.333,1.5,2023-12-10 14:00:00,
1.22236592,10351066,Clara Burel,Paquet v Burel,50,2023-12-10 11:06:11.334,1.47,2023-12-10 14:00:00,
1.22236592,10351066,Clara Burel,Paquet v Burel,60,2023-12-10 12:17:06.319,1.52,2023-12-10 14:00:00,
1.22236592,10351066,Clara Burel,Paquet v Burel,70,2023-12-10 12:49:26.548,1.56,2023-12-10 14:00:00,
1.22236592,10351066,Clara Burel,Paquet v Burel,80,2023-12-10 13:29:04.031,1.6,2023-12-10 14:00:00,
1.22236592,10351066,Clara Burel,Paquet v Burel,90,2023-12-10 13:50:02.231,1.61,2023-12-10 14:00:00,
1.22236592,10351066,Clara Burel,Paquet v Burel,100,2023-12-10 14:14:11.733,1.63,2023-12-10 14:15:00,
1.222388126,9042343,Renata Zarazua,D Parry v Zarazua,0,2023-12-10 05:56:46.988,2.42,2023-12-10 20:00:00,
1.222388126,9042343,Renata Zarazua,D Parry v Zarazua,10,2023-12-10 12:04:14.386,2.26,2023-12-10 20:00:00,
1.222388126,9042343,Renata Zarazua,D Parry v Zarazua,20,2023-12-10 16:32:51.896,2.34,2023-12-10 20:00:00,
1.222388126,9042343,Renata Zarazua,D Parry v Zarazua,30,2023-12-10 17:10:09.621,2.34,2023-12-10 20:00:00,
1.222388126,9042343,Renata Zarazua,D Parry v Zarazua,40,2023-12-10 18:11:09.437,2.36,2023-12-10 20:00:00,
1.222388126,9042343,Renata Zarazua,D Parry v Zarazua,50,2023-12-10 18:31:12.140,2.36,2023-12-10 20:00:00,
1.222388126,9042343,Renata Zarazua,D Parry v Zarazua,60,2023-12-10 18:42:33.687,2.46,2023-12-10 20:00:00,
1.222388126,9042343,Renata Zarazua,D Parry v Zarazua,70,2023-12-10 19:03:12.624,2.52,2023-12-10 20:00:00,
1.222388126,9042343,Renata Zarazua,D Parry v Zarazua,80,2023-12-10 19:46:09.255,2.56,2023-12-10 20:00:00,
1.222388126,9042343,Renata Zarazua,D Parry v Zarazua,90,2023-12-10 20:00:15.980,2.5,2023-12-10 20:10:00,
1.222388126,9042343,Renata Zarazua,D Parry v Zarazua,100,2023-12-10 20:14:16.923,2.52,2023-12-10 20:15:00,2023-12-10 20:14:16.923
1.222388126,12737413,Diane Parry,D Parry v Zarazua,0,2023-12-10 08:43:10.028,1.72,2023-12-10 20:00:00,
1.222388126,12737413,Diane Parry,D Parry v Zarazua,10,2023-12-10 16:24:11.224,1.76,2023-12-10 20:00:00,
1.222388126,12737413,Diane Parry,D Parry v Zarazua,20,2023-12-10 17:47:57.536,1.74,2023-12-10 20:00:00,
1.222388126,12737413,Diane Parry,D Parry v Zarazua,30,2023-12-10 18:14:01.701,1.72,2023-12-10 20:00:00,
1.222388126,12737413,Diane Parry,D Parry v Zarazua,40,2023-12-10 18:36:13.553,1.68,2023-12-10 20:00:00,
1.222388126,12737413,Diane Parry,D Parry v Zarazua,50,2023-12-10 18:58:16.030,1.67,2023-12-10 20:00:00,
1.222388126,12737413,Diane Parry,D Parry v Zarazua,60,2023-12-10 19:12:14.381,1.62,2023-12-10 20:00:00,
1.222388126,12737413,Diane Parry,D Parry v Zarazua,70,2023-12-10 19:33:59.602,1.61,2023-12-10 20:00:00,
1.222388126,12737413,Diane Parry,D Parry v Zarazua,80,2023-12-10 19:51:17.046,1.63,2023-12-10 20:00:00,
1.222388126,12737413,Diane Parry,D Parry v Zarazua,90,2023-12-10 20:02:17.079,1.64,2023-12-10 20:10:00,
1.222388126,12737413,Diane Parry,D Parry v Zarazua,100,2023-12-10 20:14:16.923,1.64,2023-12-10 20:15:00,2023-12-10 20:14:16.923
1.222393162,19921770,A Tikhonova,A Tikhonova v A Hartono,0,2023-12-10 06:14:39.394,1.49,2023-12-10 10:30:00,
1.222393162,19921770,A Tikhonova,A Tikhonova v A Hartono,10,2023-12-10 07:59:25.920,1.62,2023-12-10 10:30:00,
1.222393162,19921770,A Tikhonova,A Tikhonova v A Hartono,20,2023-12-10 08:22:46.387,1.79,2023-12-10 10:30:00,
1.222393162,19921770,A Tikhonova,A Tikhonova v A Hartono,30,2023-12-10 08:24:13.156,1.79,2023-12-10 10:30:00,
1.222393162,19921770,A Tikhonova,A Tikhonova v A Hartono,40,2023-12-10 08:33:43.000,1.8,2023-12-10 10:30:00,
1.222393162,19921770,A Tikhonova,A Tikhonova v A Hartono,50,2023-12-10 08:36:50.008,1.8,2023-12-10 10:30:00,
1.222393162,19921770,A Tikhonova,A Tikhonova v A Hartono,60,2023-12-10 08:39:35.225,1.79,2023-12-10 10:30:00,
1.222393162,19921770,A Tikhonova,A Tikhonova v A Hartono,70,2023-12-10 08:41:25.952,1.79,2023-12-10 10:30:00,
1.222393162,19921770,A Tikhonova,A Tikhonova v A Hartono,80,2023-12-10 09:29:42.271,1.66,2023-12-10 10:30:00,
1.222393162,19921770,A Tikhonova,A Tikhonova v A Hartono,90,2023-12-10 10:00:52.221,1.64,2023-12-10 10:30:00,
1.222393162,19921770,A Tikhonova,A Tikhonova v A Hartono,100,2023-12-10 10:18:51.815,1.7,2023-12-10 10:30:00,
1.222393168,9632030,A Ciurletti,Falabella v And Ciurletti,0,2023-12-10 14:27:11.337,3.35,2023-12-10 15:29:00,
1.222393168,9632030,A Ciurletti,Falabella v And Ciurletti,10,2023-12-10 14:32:01.944,3.3,2023-12-10 15:29:00,
1.222393168,9632030,A Ciurletti,Falabella v And Ciurletti,20,2023-12-10 14:36:44.713,1.69,2023-12-10 15:29:00,
1.222393168,9632030,A Ciurletti,Falabella v And Ciurletti,30,2023-12-10 14:39:54.523,3.3,2023-12-10 15:29:00,
1.222393168,9632030,A Ciurletti,Falabella v And Ciurletti,40,2023-12-10 14:42:49.203,3.1,2023-12-10 15:29:00,
1.222393168,9632030,A Ciurletti,Falabella v And Ciurletti,50,2023-12-10 14:47:10.931,3.2,2023-12-10 15:29:00,
1.222393168,9632030,A Ciurletti,Falabella v And Ciurletti,60,2023-12-10 14:50:11.385,3.35,2023-12-10 15:29:00,
1.222393168,9632030,A Ciurletti,Falabella v And Ciurletti,70,2023-12-10 14:51:09.558,1.77,2023-12-10 15:29:00,
1.222393168,9632030,A Ciurletti,Falabella v And Ciurletti,80,2023-12-10 14:51:54.309,1.82,2023-12-10 15:29:00,
1.222393168,9632030,A Ciurletti,Falabella v And Ciurletti,90,2023-12-10 15:19:10.123,2.9,2023-12-10 15:29:00,
1.222393168,9632030,A Ciurletti,Falabella v And Ciurletti,100,2023-12-10 15:49:56.301,2.98,2023-12-10 15:59:00,
1.222393168,20008198,L Falabella,Falabella v And Ciurletti,0,2023-12-10 14:28:05.749,2.44,2023-12-10 15:29:00,
1.222393168,20008198,L Falabella,Falabella v And Ciurletti,10,2023-12-10 14:33:40.222,2.4,2023-12-10 15:29:00,
1.222393168,20008198,L Falabella,Falabella v And Ciurletti,20,2023-12-10 14:36:44.713,2.44,2023-12-10 15:29:00,
1.222393168,20008198,L Falabella,Falabella v And Ciurletti,30,2023-12-10 14:43:58.058,2.42,2023-12-10 15:29:00,
1.222393168,20008198,L Falabella,Falabella v And Ciurletti,40,2023-12-10 14:45:50.185,2.46,2023-12-10 15:29:00,
1.222393168,20008198,L Falabella,Falabella v And Ciurletti,50,2023-12-10 14:50:11.385,1.43,2023-12-10 15:29:00,
1.222393168,20008198,L Falabella,Falabella v And Ciurletti,60,2023-12-10 14:51:09.558,1.5,2023-12-10 15:29:00,
1.222393168,20008198,L Falabella,Falabella v And Ciurletti,70,2023-12-10 14:51:54.309,2.22,2023-12-10 15:29:00,
1.222393168,20008198,L Falabella,Falabella v And Ciurletti,80,2023-12-10 15:19:10.123,1.53,2023-12-10 15:29:00,
1.222393168,20008198,L Falabella,Falabella v And Ciurletti,90,2023-12-10 15:27:57.117,1.52,2023-12-10 15:29:00,
1.222393168,20008198,L Falabella,Falabella v And Ciurletti,100,2023-12-10 16:09:12.059,1.53,2023-12-10 16:21:00,
1.222400631,58503314,Danilina/Panova,Danilina/Panova v Detiuc/Rus,0,2023-12-10 23:45:52.057,1.06,2023-12-11 00:00:00,
1.222400631,58503314,Danilina/Panova,Danilina/Panova v Detiuc/Rus,10,2023-12-11 22:51:32.971,1.75,2023-12-13 09:00:00,
1.222400631,58503314,Danilina/Panova,Danilina/Panova v Detiuc/Rus,20,2023-12-12 15:14:01.507,1.79,2023-12-14 00:00:00,
1.222400631,58503314,Danilina/Panova,Danilina/Panova v Detiuc/Rus,30,2023-12-12 17:12:04.806,1.46,2023-12-14 00:00:00,
1.222400631,58503314,Danilina/Panova,Danilina/Panova v Detiuc/Rus,40,2023-12-12 17:21:05.888,1.69,2023-12-14 00:00:00,
1.222400631,58503314,Danilina/Panova,Danilina/Panova v Detiuc/Rus,50,2023-12-12 18:40:53.760,1.42,2023-12-14 00:00:00,
1.222400631,58503314,Danilina/Panova,Danilina/Panova v Detiuc/Rus,60,2023-12-13 01:03:06.122,1.67,2023-12-14 00:00:00,
1.222400631,58503314,Danilina/Panova,Danilina/Panova v Detiuc/Rus,70,2023-12-13 19:53:59.087,1.5,2023-12-14 15:30:00,
1.222400631,58503314,Danilina/Panova,Danilina/Panova v Detiuc/Rus,80,2023-12-14 13:07:46.039,1.5,2023-12-14 14:30:00,
1.222400631,58503314,Danilina/Panova,Danilina/Panova v Detiuc/Rus,90,2023-12-14 13:48:59.202,1.37,2023-12-14 14:30:00,
1.222400631,58503314,Danilina/Panova,Danilina/Panova v Detiuc/Rus,100,2023-12-14 14:28:01.235,1.52,2023-12-14 14:30:00,
1.222400631,63776811,Detiuc/Rus,Danilina/Panova v Detiuc/Rus,0,2023-12-10 23:45:52.057,17.5,2023-12-11 00:00:00,
1.222400631,63776811,Detiuc/Rus,Danilina/Panova v Detiuc/Rus,10,2023-12-11 22:46:31.084,3.7,2023-12-13 09:00:00,
1.222400631,63776811,Detiuc/Rus,Danilina/Panova v Detiuc/Rus,20,2023-12-12 15:13:02.727,3.2,2023-12-14 00:00:00,
1.222400631,63776811,Detiuc/Rus,Danilina/Panova v Detiuc/Rus,30,2023-12-12 17:12:04.806,3.2,2023-12-14 00:00:00,
1.222400631,63776811,Detiuc/Rus,Danilina/Panova v Detiuc/Rus,40,2023-12-12 17:20:06.102,2.9,2023-12-14 00:00:00,
1.222400631,63776811,Detiuc/Rus,Danilina/Panova v Detiuc/Rus,50,2023-12-12 19:01:06.252,2.42,2023-12-14 00:00:00,
1.222400631,63776811,Detiuc/Rus,Danilina/Panova v Detiuc/Rus,60,2023-12-13 19:53:06.715,3.1,2023-12-14 15:30:00,
1.222400631,63776811,Detiuc/Rus,Danilina/Panova v Detiuc/Rus,70,2023-12-14 10:20:02.048,2.16,2023-12-14 15:30:00,
1.222400631,63776811,Detiuc/Rus,Danilina/Panova v Detiuc/Rus,80,2023-12-14 14:10:14.559,2.96,2023-12-14 14:30:00,
1.222400631,63776811,Detiuc/Rus,Danilina/Panova v Detiuc/Rus,90,2023-12-14 14:26:04.392,2.94,2023-12-14 14:30:00,
1.222400631,63776811,Detiuc/Rus,Danilina/Panova v Detiuc/Rus,100,2023-12-14 14:29:02.495,2.9,2023-12-14 14:30:00,
1.222400643,63616343,Kalashnikova/Lumsden,Ponchet/Stollar v Kalashnikova/Lumsden,0,2023-12-12 08:59:58.167,1.42,2023-12-12 17:30:00,
1.222400643,63616343,Kalashnikova/Lumsden,Ponchet/Stollar v Kalashnikova/Lumsden,10,2023-12-12 11:34:01.021,1.2,2023-12-12 17:30:00,
1.222400643,63616343,Kalashnikova/Lumsden,Ponchet/Stollar v Kalashnikova/Lumsden,20,2023-12-12 17:25:52.613,1.65,2023-12-12 17:40:00,
1.222400643,63616343,Kalashnikova/Lumsden,Ponchet/Stollar v Kalashnikova/Lumsden,30,2023-12-12 17:31:47.802,1.5,2023-12-12 17:40:00,
1.222400643,63616343,Kalashnikova/Lumsden,Ponchet/Stollar v Kalashnikova/Lumsden,40,2023-12-12 17:34:44.430,3.0,2023-12-12 18:10:00,
1.222400643,63616343,Kalashnikova/Lumsden,Ponchet/Stollar v Kalashnikova/Lumsden,50,2023-12-12 17:51:48.903,1.95,2023-12-12 18:10:00,
1.222400643,63616343,Kalashnikova/Lumsden,Ponchet/Stollar v Kalashnikova/Lumsden,60,2023-12-12 17:58:34.817,1.79,2023-12-12 18:10:00,
1.222400643,63616343,Kalashnikova/Lumsden,Ponchet/Stollar v Kalashnikova/Lumsden,70,2023-12-12 18:23:53.375,1.44,2023-12-12 18:35:00,
1.222400643,63616343,Kalashnikova/Lumsden,Ponchet/Stollar v Kalashnikova/Lumsden,80,2023-12-12 18:52:19.402,1.55,2023-12-12 19:00:00,
1.222400643,63616343,Kalashnikova/Lumsden,Ponchet/Stollar v Kalashnikova/Lumsden,90,2023-12-12 18:57:53.983,1.51,2023-12-12 19:00:00,
1.222400643,63616343,Kalashnikova/Lumsden,Ponchet/Stollar v Kalashnikova/Lumsden,100,2023-12-12 19:03:56.282,1.45,2023-12-12 19:05:00,2023-12-12 19:03:56.282
1.222400643,63776849,Ponchet/Stollar,Ponchet/Stollar v Kalashnikova/Lumsden,0,2023-12-11 20:21:09.132,1.85,2023-12-12 17:30:00,
1.222400643,63776849,Ponchet/Stollar,Ponchet/Stollar v Kalashnikova/Lumsden,10,2023-12-12 17:26:33.198,3.45,2023-12-12 17:40:00,
1.222400643,63776849,Ponchet/Stollar,Ponchet/Stollar v Kalashnikova/Lumsden,20,2023-12-12 17:31:47.802,3.0,2023-12-12 17:40:00,
1.222400643,63776849,Ponchet/Stollar,Ponchet/Stollar v Kalashnikova/Lumsden,30,2023-12-12 17:36:00.928,1.02,2023-12-12 18:10:00,
1.222400643,63776849,Ponchet/Stollar,Ponchet/Stollar v Kalashnikova/Lumsden,40,2023-12-12 17:48:50.362,1.52,2023-12-12 18:10:00,
1.222400643,63776849,Ponchet/Stollar,Ponchet/Stollar v Kalashnikova/Lumsden,50,2023-12-12 17:50:25.276,2.02,2023-12-12 18:10:00,
1.222400643,63776849,Ponchet/Stollar,Ponchet/Stollar v Kalashnikova/Lumsden,60,2023-12-12 17:56:01.980,2.62,2023-12-12 18:10:00,
1.222400643,63776849,Ponchet/Stollar,Ponchet/Stollar v Kalashnikova/Lumsden,70,2023-12-12 18:05:59.622,2.8,2023-12-12 18:10:00,
1.222400643,63776849,Ponchet/Stollar,Ponchet/Stollar v Kalashnikova/Lumsden,80,2023-12-12 18:48:54.502,2.84,2023-12-12 19:00:00,
1.222400643,63776849,Ponchet/Stollar,Ponchet/Stollar v Kalashnikova/Lumsden,90,2023-12-12 18:52:01.186,2.76,2023-12-12 19:00:00,
1.222400643,63776849,Ponchet/Stollar,Ponchet/Stollar v Kalashnikova/Lumsden,100,2023-12-12 18:57:53.983,2.98,2023-12-12 19:00:00,
1.222404136,9633469,I Perez,Perez Martin v Gemouchidis,0,2023-12-11 06:38:56.113,11.0,2023-12-11 10:00:00,
1.222404136,9633469,I Perez,Perez Martin v Gemouchidis,10,2023-12-11 06:39:39.646,1.05,2023-12-11 10:00:00,
1.222404136,9633469,I Perez,Perez Martin v Gemouchidis,20,2023-12-11 08:58:05.603,1.15,2023-12-11 10:00:00,
1.222404136,9633469,I Perez,Perez Martin v Gemouchidis,30,2023-12-11 09:01:47.204,1.26,2023-12-11 10:00:00,
1.222404136,9633469,I Perez,Perez Martin v Gemouchidis,40,2023-12-11 09:06:04.019,4.0,2023-12-11 10:00:00,
1.222404136,9633469,I Perez,Perez Martin v Gemouchidis,50,2023-12-11 09:08:05.961,1.1,2023-12-11 10:00:00,
1.222404136,9633469,I Perez,Perez Martin v Gemouchidis,60,2023-12-11 09:14:54.971,4.0,2023-12-11 10:00:00,
1.222404136,9633469,I Perez,Perez Martin v Gemouchidis,70,2023-12-11 09:23:27.662,4.0,2023-12-11 10:00:00,
1.222404136,9633469,I Perez,Perez Martin v Gemouchidis,80,2023-12-11 09:27:55.813,3.6,2023-12-11 10:00:00,
1.222404136,9633469,I Perez,Perez Martin v Gemouchidis,90,2023-12-11 10:59:04.528,1.45,2023-12-11 11:00:00,
1.222404136,9633469,I Perez,Perez Martin v Gemouchidis,100,2023-12-11 11:02:22.260,1.46,2023-12-11 11:15:00,
1.222404136,47206228,P Gemouchidis,Perez Martin v Gemouchidis,0,2023-12-11 06:41:07.032,1.11,2023-12-11 10:00:00,
1.222404136,47206228,P Gemouchidis,Perez Martin v Gemouchidis,10,2023-12-11 08:58:54.156,1.13,2023-12-11 10:00:00,
1.222404136,47206228,P Gemouchidis,Perez Martin v Gemouchidis,20,2023-12-11 09:06:04.019,1.33,2023-12-11 10:00:00,
1.222404136,47206228,P Gemouchidis,Perez Martin v Gemouchidis,30,2023-12-11 09:07:04.104,1.3,2023-12-11 10:00:00,
1.222404136,47206228,P Gemouchidis,Perez Martin v Gemouchidis,40,2023-12-11 09:22:05.799,4.0,2023-12-11 10:00:00,
1.222404136,47206228,P Gemouchidis,Perez Martin v Gemouchidis,50,2023-12-11 09:23:27.662,1.35,2023-12-11 10:00:00,
1.222404136,47206228,P Gemouchidis,Perez Martin v Gemouchidis,60,2023-12-11 09:27:06.799,4.6,2023-12-11 10:00:00,
1.222404136,47206228,P Gemouchidis,Perez Martin v Gemouchidis,70,2023-12-11 09:27:55.813,1.44,2023-12-11 10:00:00,
1.222404136,47206228,P Gemouchidis,Perez Martin v Gemouchidis,80,2023-12-11 10:59:04.528,3.3,2023-12-11 11:00:00,
1.222404136,47206228,P Gemouchidis,Perez Martin v Gemouchidis,90,2023-12-11 11:01:04.449,1.46,2023-12-11 11:15:00,
1.222404136,47206228,P Gemouchidis,Perez Martin v Gemouchidis,100,2023-12-11 11:02:22.260,3.2,2023-12-11 11:15:00,
1.222416225,2263610,Aravane Rezai,Albie v Rezai,0,2023-12-11 22:25:06.685,3.5,2023-12-12 15:00:00,
1.222416225,2263610,Aravane Rezai,Albie v Rezai,10,2023-12-12 12:43:13.119,5.0,2023-12-12 15:00:00,
1.222416225,2263610,Aravane Rezai,Audr Albie v Rezai,20,2023-12-12 15:08:14.694,5.0,2023-12-12 15:35:00,
1.222416225,2263610,Aravane Rezai,Audr Albie v Rezai,30,2023-12-12 15:34:05.617,4.8,2023-12-12 15:40:00,
1.222416225,2263610,Aravane Rezai,Audr Albie v Rezai,40,2023-12-12 15:59:02.741,4.7,2023-12-12 16:00:00,
1.222416225,2263610,Aravane Rezai,Audr Albie v Rezai,50,2023-12-12 16:10:07.741,4.5,2023-12-12 16:20:00,
1.222416225,2263610,Aravane Rezai,Audr Albie v Rezai,60,2023-12-12 16:43:15.649,4.3,2023-12-12 17:00:00,
1.222416225,2263610,Aravane Rezai,Audr Albie v Rezai,70,2023-12-12 16:45:15.077,5.1,2023-12-12 17:00:00,
1.222416225,2263610,Aravane Rezai,Audr Albie v Rezai,80,2023-12-12 16:52:14.706,5.7,2023-12-12 17:00:00,2023-12-12 16:51:15.435
1.222416225,2263610,Aravane Rezai,Audr Albie v Rezai,90,2023-12-12 16:55:15.398,12.5,2023-12-12 17:00:00,2023-12-12 16:51:15.435
1.222416225,2263610,Aravane Rezai,Audr Albie v Rezai,100,2023-12-12 16:58:15.442,15.0,2023-12-12 17:00:00,2023-12-12 16:51:15.435
1.222416225,8948984,Audrey Albie,Albie v Rezai,0,2023-12-11 22:25:06.685,1.4,2023-12-12 15:00:00,
1.222416225,8948984,Audrey Albie,Albie v Rezai,10,2023-12-12 04:46:12.684,1.24,2023-12-12 15:00:00,
1.222416225,8948984,Audrey Albie,Albie v Rezai,20,2023-12-12 09:16:14.882,1.28,2023-12-12 15:00:00,
1.222416225,8948984,Audrey Albie,Albie v Rezai,30,2023-12-12 14:25:14.750,1.26,2023-12-12 15:00:00,
1.222416225,8948984,Audrey Albie,Albie v Rezai,40,2023-12-12 14:56:42.283,1.26,2023-12-12 15:00:00,
1.222416225,8948984,Audrey Albie,Audr Albie v Rezai,50,2023-12-12 15:34:05.617,1.26,2023-12-12 15:40:00,
1.222416225,8948984,Audrey Albie,Audr Albie v Rezai,60,2023-12-12 16:16:12.338,1.28,2023-12-12 16:20:00,
1.222416225,8948984,Audrey Albie,Audr Albie v Rezai,70,2023-12-12 16:44:14.312,1.26,2023-12-12 17:00:00,
1.222416225,8948984,Audrey Albie,Audr Albie v Rezai,80,2023-12-12 16:50:13.563,1.24,2023-12-12 17:00:00,
1.222416225,8948984,Audrey Albie,Audr Albie v Rezai,90,2023-12-12 16:54:15.511,1.12,2023-12-12 17:00:00,2023-12-12 16:51:15.435
1.222416225,8948984,Audrey Albie,Audr Albie v Rezai,100,2023-12-12 16:59:15.608,1.07,2023-12-12 17:00:00,2023-12-12 16:51:15.435
1.222416427,2263692,Alize Cornet,A. Cornet v Kat von Deichmann,0,2023-12-12 05:33:51.732,1.3,2023-12-13 00:00:00,
1.222416427,2263692,Alize Cornet,A. Cornet v Kat von Deichmann,10,2023-12-12 20:40:08.019,1.25,2023-12-13 12:30:00,
1.222416427,2263692,Alize Cornet,A. Cornet v Kat von Deichmann,20,2023-12-13 07:13:41.806,1.3,2023-12-13 12:30:00,
1.222416427,2263692,Alize Cornet,A. Cornet v Kat von Deichmann,30,2023-12-13 10:05:08.923,1.29,2023-12-13 12:30:00,
1.222416427,2263692,Alize Cornet,A. Cornet v Kat von Deichmann,40,2023-12-13 10:56:12.338,1.31,2023-12-13 12:30:00,
1.222416427,2263692,Alize Cornet,A. Cornet v Kat von Deichmann,50,2023-12-13 11:42:00.418,1.31,2023-12-13 12:30:00,
1.222416427,2263692,Alize Cornet,A. Cornet v Kat von Deichmann,60,2023-12-13 12:10:12.227,1.28,2023-12-13 12:30:00,
1.222416427,2263692,Alize Cornet,A. Cornet v Kat von Deichmann,70,2023-12-13 12:17:12.314,1.26,2023-12-13 12:30:00,
1.222416427,2263692,Alize Cornet,A. Cornet v Kat von Deichmann,80,2023-12-13 12:26:05.999,1.3,2023-12-13 12:30:00,
1.222416427,2263692,Alize Cornet,A. Cornet v Kat von Deichmann,90,2023-12-13 12:33:11.826,1.27,2023-12-13 12:40:00,
1.222416427,2263692,Alize Cornet,A. Cornet v Kat von Deichmann,100,2023-12-13 12:39:11.819,1.23,2023-12-13 12:40:00,2023-12-13 12:38:12.169
1.222416427,10623016,Kathinka Von Deichmann,A. Cornet v Kat von Deichmann,0,2023-12-12 05:33:51.732,4.3,2023-12-13 00:00:00,
1.222416427,10623016,Kathinka Von Deichmann,A. Cornet v Kat von Deichmann,10,2023-12-12 18:55:15.298,4.3,2023-12-13 12:30:00,
1.222416427,10623016,Kathinka Von Deichmann,A. Cornet v Kat von Deichmann,20,2023-12-13 09:48:11.899,4.5,2023-12-13 12:30:00,
1.222416427,10623016,Kathinka Von Deichmann,A. Cornet v Kat von Deichmann,30,2023-12-13 10:46:07.355,4.4,2023-12-13 12:30:00,
1.222416427,10623016,Kathinka Von Deichmann,A. Cornet v Kat von Deichmann,40,2023-12-13 11:31:54.304,4.5,2023-12-13 12:30:00,
1.222416427,10623016,Kathinka Von Deichmann,A. Cornet v Kat von Deichmann,50,2023-12-13 11:45:56.933,4.4,2023-12-13 12:30:00,
1.222416427,10623016,Kathinka Von Deichmann,A. Cornet v Kat von Deichmann,60,2023-12-13 12:02:11.515,4.5,2023-12-13 12:30:00,
1.222416427,10623016,Kathinka Von Deichmann,A. Cornet v Kat von Deichmann,70,2023-12-13 12:10:12.227,4.5,2023-12-13 12:30:00,
1.222416427,10623016,Kathinka Von Deichmann,A. Cornet v Kat von Deichmann,80,2023-12-13 12:18:12.361,4.7,2023-12-13 12:30:00,
1.222416427,10623016,Kathinka Von Deichmann,A. Cornet v Kat von Deichmann,90,2023-12-13 12:29:10.511,4.4,2023-12-13 12:30:00,
1.222416427,10623016,Kathinka Von Deichmann,A. Cornet v Kat von Deichmann,100,2023-12-13 12:39:11.819,5.1,2023-12-13 12:40:00,2023-12-13 12:38:12.169
1.222416429,3378313,Nigina Abduraimova,Bandecchi v Nigi Abduraimova,0,2023-12-12 09:12:41.594,1.85,2023-12-13 00:00:00,
1.222416429,3378313,Nigina Abduraimova,Bandecchi v Nigi Abduraimova,10,2023-12-13 01:27:11.523,1.99,2023-12-13 09:00:00,
1.222416429,3378313,Nigina Abduraimova,Bandecchi v Nigi Abduraimova,20,2023-12-13 05:55:13.621,2.02,2023-12-13 09:00:00,
1.222416429,3378313,Nigina Abduraimova,Bandecchi v Nigi Abduraimova,30,2023-12-13 07:52:00.204,2.02,2023-12-13 09:00:00,
1.222416429,3378313,Nigina Abduraimova,Bandecchi v Nigi Abduraimova,40,2023-12-13 08:15:11.459,2.1,2023-12-13 09:00:00,
1.222416429,3378313,Nigina Abduraimova,Bandecchi v Nigi Abduraimova,50,2023-12-13 08:20:17.276,2.06,2023-12-13 09:00:00,
1.222416429,3378313,Nigina Abduraimova,Bandecchi v Nigi Abduraimova,60,2023-12-13 08:32:17.294,1.93,2023-12-13 09:00:00,
1.222416429,3378313,Nigina Abduraimova,Bandecchi v Nigi Abduraimova,70,2023-12-13 08:40:10.465,1.94,2023-12-13 09:00:00,
1.222416429,3378313,Nigina Abduraimova,Bandecchi v Nigi Abduraimova,80,2023-12-13 08:52:10.627,1.92,2023-12-13 09:00:00,
1.222416429,3378313,Nigina Abduraimova,Bandecchi v Nigi Abduraimova,90,2023-12-13 08:54:17.024,1.91,2023-12-13 09:00:00,
1.222416429,3378313,Nigina Abduraimova,Bandecchi v Nigi Abduraimova,100,2023-12-13 08:58:16.203,1.94,2023-12-13 09:00:00,
1.222416429,9629022,Susan Bandecchi,Bandecchi v Nigi Abduraimova,0,2023-12-13 03:32:28.148,2.02,2023-12-13 09:00:00,
1.222416429,9629022,Susan Bandecchi,Bandecchi v Nigi Abduraimova,10,2023-12-13 03:51:16.596,1.93,2023-12-13 09:00:00,
1.222416429,9629022,Susan Bandecchi,Bandecchi v Nigi Abduraimova,20,2023-12-13 07:31:58.075,1.93,2023-12-13 09:00:00,
1.222416429,9629022,Susan Bandecchi,Bandecchi v Nigi Abduraimova,30,2023-12-13 08:02:08.235,1.91,2023-12-13 09:00:00,
1.222416429,9629022,Susan Bandecchi,Bandecchi v Nigi Abduraimova,40,2023-12-13 08:10:15.174,1.89,2023-12-13 09:00:00,
1.222416429,9629022,Susan Bandecchi,Bandecchi v Nigi Abduraimova,50,2023-12-13 08:19:09.826,1.91,2023-12-13 09:00:00,
1.222416429,9629022,Susan Bandecchi,Bandecchi v Nigi Abduraimova,60,2023-12-13 08:32:17.294,1.98,2023-12-13 09:00:00,
1.222416429,9629022,Susan Bandecchi,Bandecchi v Nigi Abduraimova,70,2023-12-13 08:40:10.465,2.06,2023-12-13 09:00:00,
1.222416429,9629022,Susan Bandecchi,Bandecchi v Nigi Abduraimova,80,2023-12-13 08:43:15.047,2.06,2023-12-13 09:00:00,
1.222416429,9629022,Susan Bandecchi,Bandecchi v Nigi Abduraimova,90,2023-12-13 08:55:11.597,2.1,2023-12-13 09:00:00,
1.222416429,9629022,Susan Bandecchi,Bandecchi v Nigi Abduraimova,100,2023-12-13 08:58:16.203,2.06,2023-12-13 09:00:00,
1.222416609,9635244,Anna Blinkova,Vero Podrez v Blinkova,0,2023-12-11 20:52:08.730,1.2,2023-12-12 16:00:00,
1.222416609,9635244,Anna Blinkova,Vero Podrez v Blinkova,10,2023-12-12 07:13:50.395,1.22,2023-12-12 16:00:00,
1.222416609,9635244,Anna Blinkova,Vero Podrez v Blinkova,20,2023-12-12 10:09:23.159,1.25,2023-12-12 16:00:00,
1.222416609,9635244,Anna Blinkova,Vero Podrez v Blinkova,30,2023-12-12 13:40:24.611,1.27,2023-12-12 16:00:00,
1.222416609,9635244,Anna Blinkova,Vero Podrez v Blinkova,40,2023-12-12 14:42:23.595,1.27,2023-12-12 16:00:00,
1.222416609,9635244,Anna Blinkova,Vero Podrez v Blinkova,50,2023-12-12 16:00:18.621,1.28,2023-12-12 16:40:00,
1.222416609,9635244,Anna Blinkova,Vero Podrez v Blinkova,60,2023-12-12 16:48:56.954,1.26,2023-12-12 17:20:00,
1.222416609,9635244,Anna Blinkova,Vero Podrez v Blinkova,70,2023-12-12 17:16:18.013,1.26,2023-12-12 17:20:00,
1.222416609,9635244,Anna Blinkova,Vero Podrez v Blinkova,80,2023-12-12 17:39:25.342,1.27,2023-12-12 17:50:00,
1.222416609,9635244,Anna Blinkova,Vero Podrez v Blinkova,90,2023-12-12 17:44:25.113,1.21,2023-12-12 17:50:00,
1.222416609,9635244,Anna Blinkova,Vero Podrez v Blinkova,100,2023-12-12 17:49:25.321,1.17,2023-12-12 17:50:00,2023-12-12 17:48:24.600
1.222416609,48249491,Veronika Podrez,Vero Podrez v Blinkova,0,2023-12-12 07:13:50.395,5.5,2023-12-12 16:00:00,
1.222416609,48249491,Veronika Podrez,Vero Podrez v Blinkova,10,2023-12-12 10:00:23.728,4.8,2023-12-12 16:00:00,
1.222416609,48249491,Veronika Podrez,Vero Podrez v Blinkova,20,2023-12-12 13:40:24.611,4.8,2023-12-12 16:00:00,
1.222416609,48249491,Veronika Podrez,Vero Podrez v Blinkova,30,2023-12-12 14:18:18.757,4.4,2023-12-12 16:00:00,
1.222416609,48249491,Veronika Podrez,Vero Podrez v Blinkova,40,2023-12-12 15:22:24.933,4.6,2023-12-12 16:00:00,
1.222416609,48249491,Veronika Podrez,Vero Podrez v Blinkova,50,2023-12-12 16:03:24.656,4.7,2023-12-12 16:40:00,
1.222416609,48249491,Veronika Podrez,Vero Podrez v Blinkova,60,2023-12-12 16:39:04.005,4.6,2023-12-12 17:20:00,
1.222416609,48249491,Veronika Podrez,Vero Podrez v Blinkova,70,2023-12-12 17:10:11.978,4.7,2023-12-12 17:20:00,
1.222416609,48249491,Veronika Podrez,Vero Podrez v Blinkova,80,2023-12-12 17:15:25.378,4.7,2023-12-12 17:20:00,
1.222416609,48249491,Veronika Podrez,Vero Podrez v Blinkova,90,2023-12-12 17:39:25.342,4.8,2023-12-12 17:50:00,
1.222416609,48249491,Veronika Podrez,Vero Podrez v Blinkova,100,2023-12-12 17:46:20.925,6.0,2023-12-12 17:50:00,
1.222431974,9629655,Y Monroy,Y Monroy v J Rodriguez,0,2023-12-11 11:04:28.633,3.5,2023-12-11 15:00:00,
1.222431974,9629655,Y Monroy,Y Monroy v J Rodriguez,10,2023-12-11 12:13:21.189,1.26,2023-12-11 15:00:00,
1.222431974,9629655,Y Monroy,Y Monroy v J Rodriguez,20,2023-12-11 13:38:42.091,1.27,2023-12-11 15:00:00,
1.222431974,9629655,Y Monroy,Y Monroy v J Rodriguez,30,2023-12-11 13:40:32.182,1.52,2023-12-11 15:00:00,
1.222431974,9629655,Y Monroy,Y Monroy v J Rodriguez,40,2023-12-11 14:32:41.814,1.26,2023-12-11 15:00:00,
1.222431974,9629655,Y Monroy,Y Monroy v J Rodriguez,50,2023-12-11 14:33:52.990,1.25,2023-12-11 15:00:00,
1.222431974,9629655,Y Monroy,Y Monroy v J Rodriguez,60,2023-12-11 14:39:47.107,1.5,2023-12-11 15:00:00,
1.222431974,9629655,Y Monroy,Y Monroy v J Rodriguez,70,2023-12-11 14:42:46.866,1.18,2023-12-11 15:00:00,
1.222431974,9629655,Y Monroy,Y Monroy v J Rodriguez,80,2023-12-11 14:43:26.408,1.5,2023-12-11 15:00:00,
1.222431974,9629655,Y Monroy,Y Monroy v J Rodriguez,90,2023-12-11 14:44:47.275,1.17,2023-12-11 15:00:00,
1.222431974,9629655,Y Monroy,Y Monroy v J Rodriguez,100,2023-12-11 14:55:40.673,1.23,2023-12-11 15:00:00,
1.222438276,9629258,Cristina Bucsa,Bucsa v Nah Berecoechea,0,2023-12-12 19:01:19.294,1.11,2023-12-13 10:30:00,
1.222438276,9629258,Cristina Bucsa,Bucsa v Nah Berecoechea,10,2023-12-12 22:08:05.122,1.13,2023-12-13 10:30:00,
1.222438276,9629258,Cristina Bucsa,Bucsa v Nah Berecoechea,20,2023-12-13 01:30:24.521,1.14,2023-12-13 10:30:00,
1.222438276,9629258,Cristina Bucsa,Bucsa v Nah Berecoechea,30,2023-12-13 02:49:08.258,1.13,2023-12-13 10:30:00,
1.222438276,9629258,Cristina Bucsa,Bucsa v Nah Berecoechea,40,2023-12-13 07:16:24.627,1.11,2023-12-13 10:30:00,
1.222438276,9629258,Cristina Bucsa,Bucsa v Nah Berecoechea,50,2023-12-13 08:22:42.605,1.1,2023-12-13 10:30:00,
1.222438276,9629258,Cristina Bucsa,Bucsa v Nah Berecoechea,60,2023-12-13 09:38:24.567,1.1,2023-12-13 10:30:00,
1.222438276,9629258,Cristina Bucsa,Bucsa v Nah Berecoechea,70,2023-12-13 10:23:27.239,1.09,2023-12-13 10:30:00,
1.222438276,9629258,Cristina Bucsa,Bucsa v Nah Berecoechea,80,2023-12-13 10:29:25.944,1.11,2023-12-13 10:30:00,
1.222438276,9629258,Cristina Bucsa,Bucsa v Nah Berecoechea,90,2023-12-13 10:38:17.652,1.11,2023-12-13 10:45:00,
1.222438276,9629258,Cristina Bucsa,Bucsa v Nah Berecoechea,100,2023-12-13 10:44:25.549,1.09,2023-12-13 10:45:00,
1.222438276,24623194,Nahia Berecoechea,Bucsa v Nah Berecoechea,0,2023-12-12 19:03:25.972,10.0,2023-12-13 10:30:00,
1.222438276,24623194,Nahia Berecoechea,Bucsa v Nah Berecoechea,10,2023-12-13 01:30:24.521,7.8,2023-12-13 10:30:00,
1.222438276,24623194,Nahia Berecoechea,Bucsa v Nah Berecoechea,20,2023-12-13 07:13:24.382,9.8,2023-12-13 10:30:00,
1.222438276,24623194,Nahia Berecoechea,Bucsa v Nah Berecoechea,30,2023-12-13 08:05:10.029,10.5,2023-12-13 10:30:00,
1.222438276,24623194,Nahia Berecoechea,Bucsa v Nah Berecoechea,40,2023-12-13 08:09:09.833,12.5,2023-12-13 10:30:00,
1.222438276,24623194,Nahia Berecoechea,Bucsa v Nah Berecoechea,50,2023-12-13 09:06:01.402,12.0,2023-12-13 10:30:00,
1.222438276,24623194,Nahia Berecoechea,Bucsa v Nah Berecoechea,60,2023-12-13 09:58:54.915,11.5,2023-12-13 10:30:00,
1.222438276,24623194,Nahia Berecoechea,Bucsa v Nah Berecoechea,70,2023-12-13 10:28:24.182,11.0,2023-12-13 10:30:00,
1.222438276,24623194,Nahia Berecoechea,Bucsa v Nah Berecoechea,80,2023-12-13 10:38:17.652,10.0,2023-12-13 10:45:00,
1.222438276,24623194,Nahia Berecoechea,Bucsa v Nah Berecoechea,90,2023-12-13 10:41:26.441,10.0,2023-12-13 10:45:00,
1.222438276,24623194,Nahia Berecoechea,Bucsa v Nah Berecoechea,100,2023-12-13 10:44:25.549,10.0,2023-12-13 10:45:00,
1.222451792,2422070,Anastasija Sevastova,Sevastova v Peterson,0,2023-12-13 04:59:47.750,1.97,2023-12-13 15:30:00,
1.222451792,2422070,Anastasija Sevastova,Sevastova v Peterson,10,2023-12-13 09:55:53.394,1.81,2023-12-13 15:30:00,
1.222451792,2422070,Anastasija Sevastova,Sevastova v Peterson,20,2023-12-13 11:15:12.966,1.74,2023-12-13 15:30:00,
1.222451792,2422070,Anastasija Sevastova,Sevastova v Peterson,30,2023-12-13 14:27:04.278,1.79,2023-12-13 15:30:00,
1.222451792,2422070,Anastasija Sevastova,Sevastova v Peterson,40,2023-12-13 15:07:03.569,1.78,2023-12-13 15:30:00,
1.222451792,2422070,Anastasija Sevastova,Sevastova v Peterson,50,2023-12-13 15:29:03.929,1.75,2023-12-13 15:50:00,
1.222451792,2422070,Anastasija Sevastova,Sevastova v Peterson,60,2023-12-13 15:56:10.427,1.77,2023-12-13 16:10:00,
1.222451792,2422070,Anastasija Sevastova,Sevastova v Peterson,70,2023-12-13 16:20:11.001,1.74,2023-12-13 16:30:00,
1.222451792,2422070,Anastasija Sevastova,Sevastova v Peterson,80,2023-12-13 16:39:09.497,1.75,2023-12-13 16:50:00,
1.222451792,2422070,Anastasija Sevastova,Sevastova v Peterson,90,2023-12-13 16:56:12.521,1.7,2023-12-13 17:05:00,
1.222451792,2422070,Anastasija Sevastova,Sevastova v Peterson,100,2023-12-13 17:04:13.264,1.66,2023-12-13 17:05:00,2023-12-13 17:02:13.050
1.222451792,7430598,Rebecca Peterson,Sevastova v Peterson,0,2023-12-12 20:17:56.359,1.86,2023-12-13 15:30:00,
1.222451792,7430598,Rebecca Peterson,Sevastova v Peterson,10,2023-12-13 09:46:07.944,2.24,2023-12-13 15:30:00,
1.222451792,7430598,Rebecca Peterson,Sevastova v Peterson,20,2023-12-13 12:35:06.997,2.36,2023-12-13 15:30:00,
1.222451792,7430598,Rebecca Peterson,Sevastova v Peterson,30,2023-12-13 14:54:00.352,2.26,2023-12-13 15:30:00,
1.222451792,7430598,Rebecca Peterson,Sevastova v Peterson,40,2023-12-13 15:25:13.378,2.28,2023-12-13 15:30:00,
1.222451792,7430598,Rebecca Peterson,Sevastova v Peterson,50,2023-12-13 15:54:40.566,2.28,2023-12-13 16:10:00,
1.222451792,7430598,Rebecca Peterson,Sevastova v Peterson,60,2023-12-13 16:05:08.677,2.3,2023-12-13 16:10:00,
1.222451792,7430598,Rebecca Peterson,Sevastova v Peterson,70,2023-12-13 16:26:02.230,2.36,2023-12-13 16:30:00,
1.222451792,7430598,Rebecca Peterson,Sevastova v Peterson,80,2023-12-13 16:46:02.958,2.34,2023-12-13 16:50:00,
1.222451792,7430598,Rebecca Peterson,Sevastova v Peterson,90,2023-12-13 16:57:12.319,2.42,2023-12-13 17:05:00,
1.222451792,7430598,Rebecca Peterson,Sevastova v Peterson,100,2023-12-13 17:04:13.264,2.5,2023-12-13 17:05:00,2023-12-13 17:02:13.050
1.22246233,2451050,Arantxa Rus,A Rus v Els Jacquemot,0,2023-12-12 18:42:39.010,1.55,2023-12-13 16:00:00,
1.22246233,2451050,Arantxa Rus,A Rus v Els Jacquemot,10,2023-12-13 13:31:41.792,1.6,2023-12-13 16:00:00,
1.22246233,2451050,Arantxa Rus,A Rus v Els Jacquemot,20,2023-12-13 14:58:38.597,1.58,2023-12-13 16:00:00,
1.22246233,2451050,Arantxa Rus,A Rus v Els Jacquemot,30,2023-12-13 15:57:37.818,1.58,2023-12-13 16:30:00,
1.22246233,2451050,Arantxa Rus,A Rus v Els Jacquemot,40,2023-12-13 16:18:37.469,1.58,2023-12-13 16:50:00,
1.22246233,2451050,Arantxa Rus,A Rus v Els Jacquemot,50,2023-12-13 17:10:41.776,1.55,2023-12-13 17:30:00,
1.22246233,2451050,Arantxa Rus,A Rus v Els Jacquemot,60,2023-12-13 17:24:37.228,1.56,2023-12-13 17:30:00,
1.22246233,2451050,Arantxa Rus,A Rus v Els Jacquemot,70,2023-12-13 17:48:41.651,1.61,2023-12-13 18:10:00,
1.22246233,2451050,Arantxa Rus,A Rus v Els Jacquemot,80,2023-12-13 18:04:40.384,1.59,2023-12-13 18:10:00,
1.22246233,2451050,Arantxa Rus,A Rus v Els Jacquemot,90,2023-12-13 18:20:39.679,1.56,2023-12-13 18:30:00,
1.22246233,2451050,Arantxa Rus,A Rus v Els Jacquemot,100,2023-12-13 18:29:43.042,1.44,2023-12-13 18:30:00,
1.22246233,18848406,Elsa Jacquemot,A Rus v Els Jacquemot,0,2023-12-12 23:32:16.645,2.68,2023-12-13 16:00:00,
1.22246233,18848406,Elsa Jacquemot,A Rus v Els Jacquemot,10,2023-12-13 12:14:03.484,2.74,2023-12-13 16:00:00,
1.22246233,18848406,Elsa Jacquemot,A Rus v Els Jacquemot,20,2023-12-13 13:27:30.932,2.7,2023-12-13 16:00:00,
1.22246233,18848406,Elsa Jacquemot,A Rus v Els Jacquemot,30,2023-12-13 14:02:09.580,2.66,2023-12-13 16:00:00,
1.22246233,18848406,Elsa Jacquemot,A Rus v Els Jacquemot,40,2023-12-13 16:06:29.837,2.62,2023-12-13 16:30:00,
1.22246233,18848406,Elsa Jacquemot,A Rus v Els Jacquemot,50,2023-12-13 17:11:37.254,2.78,2023-12-13 17:30:00,
1.22246233,18848406,Elsa Jacquemot,A Rus v Els Jacquemot,60,2023-12-13 17:40:36.394,2.72,2023-12-13 17:50:00,
1.22246233,18848406,Elsa Jacquemot,A Rus v Els Jacquemot,70,2023-12-13 17:58:42.388,2.56,2023-12-13 18:10:00,
1.22246233,18848406,Elsa Jacquemot,A Rus v Els Jacquemot,80,2023-12-13 18:05:43.187,2.7,2023-12-13 18:10:00,
1.22246233,18848406,Elsa Jacquemot,A Rus v Els Jacquemot,90,2023-12-13 18:21:37.370,2.72,2023-12-13 18:30:00,
1.22246233,18848406,Elsa Jacquemot,A Rus v Els Jacquemot,100,2023-12-13 18:28:41.870,3.2,2023-12-13 18:30:00,
1.222463327,9638342,M Carle,M Carle v L Badia,0,2023-12-12 04:58:53.711,1.02,2023-12-12 16:30:00,
1.222463327,9638342,M Carle,M Carle v L Badia,10,2023-12-12 14:17:53.019,1.01,2023-12-12 18:30:00,
1.222463327,9638342,M Carle,M Carle v L Badia,20,2023-12-12 14:21:10.162,1.02,2023-12-12 18:30:00,
1.222463327,9638342,M Carle,M Carle v L Badia,30,2023-12-12 15:26:34.967,1.01,2023-12-12 18:10:00,
1.222463327,9638342,M Carle,M Carle v L Badia,40,2023-12-12 16:23:56.232,1.02,2023-12-12 16:35:00,
1.222463327,9638342,M Carle,M Carle v L Badia,50,2023-12-12 18:00:55.326,1.01,2023-12-12 18:55:00,2023-12-12 16:36:22.585
1.222463327,9638342,M Carle,M Carle v L Badia,60,2023-12-12 18:15:25.074,1.02,2023-12-12 18:55:00,2023-12-12 16:36:22.585
1.222463327,9638342,M Carle,M Carle v L Badia,70,2023-12-12 18:38:05.918,1.01,2023-12-12 18:55:00,2023-12-12 16:36:22.585
1.222463327,9638342,M Carle,M Carle v L Badia,80,2023-12-12 18:43:30.117,1.02,2023-12-12 18:55:00,2023-12-12 16:36:22.585
1.222463327,9638342,M Carle,M Carle v L Badia,90,2023-12-12 18:58:56.210,1.01,2023-12-12 19:05:00,2023-12-12 16:36:22.585
1.222463327,9638342,M Carle,M Carle v L Badia,100,2023-12-12 19:48:28.990,1.01,2023-12-12 19:55:00,2023-12-12 16:36:22.585
1.2224821,10348024,Alana Smith,Ali Robbe v Ala Smith,0,2023-12-13 05:00:14.607,3.15,2023-12-13 14:00:00,
1.2224821,10348024,Alana Smith,Ali Robbe v Ala Smith,10,2023-12-13 10:21:18.444,2.8,2023-12-13 14:00:00,
1.2224821,10348024,Alana Smith,Ali Robbe v Ala Smith,20,2023-12-13 11:39:09.382,2.92,2023-12-13 14:00:00,
1.2224821,10348024,Alana Smith,Ali Robbe v Ala Smith,30,2023-12-13 12:54:20.991,2.94,2023-12-13 14:00:00,
1.2224821,10348024,Alana Smith,Ali Robbe v Ala Smith,40,2023-12-13 13:30:13.404,3.1,2023-12-13 14:00:00,
1.2224821,10348024,Alana Smith,Ali Robbe v Ala Smith,50,2023-12-13 13:45:21.236,3.1,2023-12-13 14:00:00,
1.2224821,10348024,Alana Smith,Ali Robbe v Ala Smith,60,2023-12-13 13:50:16.581,3.25,2023-12-13 14:00:00,
1.2224821,10348024,Alana Smith,Ali Robbe v Ala Smith,70,2023-12-13 13:53:18.231,3.25,2023-12-13 14:00:00,
1.2224821,10348024,Alana Smith,Ali Robbe v Ala Smith,80,2023-12-13 13:57:19.655,3.3,2023-12-13 14:00:00,
1.2224821,10348024,Alana Smith,Ali Robbe v Ala Smith,90,2023-12-13 13:59:21.272,3.2,2023-12-13 14:00:00,
1.2224821,10348024,Alana Smith,Ali Robbe v Ala Smith,100,2023-12-13 14:09:19.834,3.5,2023-12-13 14:10:00,
1.2224821,10349163,Alice Robbe,Ali Robbe v Ala Smith,0,2023-12-13 05:00:14.607,1.47,2023-12-13 14:00:00,
1.2224821,10349163,Alice Robbe,Ali Robbe v Ala Smith,10,2023-12-13 10:22:08.625,1.52,2023-12-13 14:00:00,
1.2224821,10349163,Alice Robbe,Ali Robbe v Ala Smith,20,2023-12-13 11:47:40.909,1.51,2023-12-13 14:00:00,
1.2224821,10349163,Alice Robbe,Ali Robbe v Ala Smith,30,2023-12-13 12:54:20.991,1.51,2023-12-13 14:00:00,
1.2224821,10349163,Alice Robbe,Ali Robbe v Ala Smith,40,2023-12-13 13:11:15.925,1.49,2023-12-13 14:00:00,
1.2224821,10349163,Alice Robbe,Ali Robbe v Ala Smith,50,2023-12-13 13:24:17.592,1.49,2023-12-13 14:00:00,
1.2224821,10349163,Alice Robbe,Ali Robbe v Ala Smith,60,2023-12-13 13:39:15.919,1.47,2023-12-13 14:00:00,
1.2224821,10349163,Alice Robbe,Ali Robbe v Ala Smith,70,2023-12-13 13:46:18.282,1.42,2023-12-13 14:00:00,
1.2224821,10349163,Alice Robbe,Ali Robbe v Ala Smith,80,2023-12-13 13:50:16.581,1.44,2023-12-13 14:00:00,
1.2224821,10349163,Alice Robbe,Ali Robbe v Ala Smith,90,2023-12-13 14:01:19.148,1.42,2023-12-13 14:10:00,
1.2224821,10349163,Alice Robbe,Ali Robbe v Ala Smith,100,2023-12-13 14:09:19.834,1.39,2023-12-13 14:10:00,
1.222484737,11942064,Mccartney Kessler,Mccar Kessler v Er Andreeva,0,2023-12-13 20:27:16.854,3.3,2023-12-14 17:30:00,
1.222484737,11942064,Mccartney Kessler,Mccar Kessler v Er Andreeva,10,2023-12-13 21:41:12.303,3.5,2023-12-14 17:30:00,
1.222484737,11942064,Mccartney Kessler,Mccar Kessler v Er Andreeva,20,2023-12-13 23:11:59.215,3.7,2023-12-14 17:30:00,
1.222484737,11942064,Mccartney Kessler,Mccar Kessler v Er Andreeva,30,2023-12-14 04:08:15.111,4.4,2023-12-14 17:30:00,
1.222484737,11942064,Mccartney Kessler,Mccar Kessler v Er Andreeva,40,2023-12-14 10:24:07.869,4.1,2023-12-14 17:30:00,
1.222484737,11942064,Mccartney Kessler,Mccar Kessler v Er Andreeva,50,2023-12-14 12:45:16.981,3.9,2023-12-14 17:30:00,
1.222484737,11942064,Mccartney Kessler,Mccar Kessler v Er Andreeva,60,2023-12-14 14:14:10.064,4.0,2023-12-14 16:30:00,
1.222484737,11942064,Mccartney Kessler,Mccar Kessler v Er Andreeva,70,2023-12-14 15:06:54.189,3.85,2023-12-14 16:30:00,
1.222484737,11942064,Mccartney Kessler,Mccar Kessler v Er Andreeva,80,2023-12-14 17:23:54.723,3.9,2023-12-14 17:30:00,
1.222484737,11942064,Mccartney Kessler,Mccar Kessler v Er Andreeva,90,2023-12-14 17:29:16.743,4.0,2023-12-14 17:40:00,
1.222484737,11942064,Mccartney Kessler,Mccar Kessler v Er Andreeva,100,2023-12-14 17:39:16.521,3.95,2023-12-14 17:40:00,2023-12-14 17:39:16.521
1.222484737,27187697,Erika Andreeva,Mccar Kessler v Er Andreeva,0,2023-12-13 20:27:16.854,1.4,2023-12-14 17:30:00,
1.222484737,27187697,Erika Andreeva,Mccar Kessler v Er Andreeva,10,2023-12-13 22:05:04.311,1.39,2023-12-14 17:30:00,
1.222484737,27187697,Erika Andreeva,Mccar Kessler v Er Andreeva,20,2023-12-13 23:16:10.746,1.37,2023-12-14 17:30:00,
1.222484737,27187697,Erika Andreeva,Mccar Kessler v Er Andreeva,30,2023-12-14 04:05:10.257,1.31,2023-12-14 17:30:00,
1.222484737,27187697,Erika Andreeva,Mccar Kessler v Er Andreeva,40,2023-12-14 04:37:38.179,1.29,2023-12-14 17:30:00,
1.222484737,27187697,Erika Andreeva,Mccar Kessler v Er Andreeva,50,2023-12-14 11:26:12.945,1.32,2023-12-14 17:30:00,
1.222484737,27187697,Erika Andreeva,Mccar Kessler v Er Andreeva,60,2023-12-14 12:47:50.061,1.33,2023-12-14 17:30:00,
1.222484737,27187697,Erika Andreeva,Mccar Kessler v Er Andreeva,70,2023-12-14 16:11:59.117,1.33,2023-12-14 17:30:00,
1.222484737,27187697,Erika Andreeva,Mccar Kessler v Er Andreeva,80,2023-12-14 17:25:44.469,1.34,2023-12-14 17:30:00,
1.222484737,27187697,Erika Andreeva,Mccar Kessler v Er Andreeva,90,2023-12-14 17:35:16.205,1.35,2023-12-14 17:40:00,
1.222484737,27187697,Erika Andreeva,Mccar Kessler v Er Andreeva,100,2023-12-14 17:39:16.521,1.42,2023-12-14 17:40:00,2023-12-14 17:39:16.521
1.222491949,18848114,Elisabetta Cocciaretto,El Cocciaretto v Dar Semenistaja,0,2023-12-12 22:05:33.874,1.23,2023-12-14 00:00:00,
1.222491949,18848114,Elisabetta Cocciaretto,El Cocciaretto v Dar Semenistaja,10,2023-12-13 16:08:26.673,1.22,2023-12-14 16:00:00,
1.222491949,18848114,Elisabetta Cocciaretto,El Cocciaretto v Dar Semenistaja,20,2023-12-14 09:49:59.648,1.24,2023-12-14 16:00:00,
1.222491949,18848114,Elisabetta Cocciaretto,El Cocciaretto v Dar Semenistaja,30,2023-12-14 14:00:10.435,1.23,2023-12-14 15:00:00,
1.222491949,18848114,Elisabetta Cocciaretto,El Cocciaretto v Dar Semenistaja,40,2023-12-14 14:18:20.077,1.23,2023-12-14 15:00:00,
1.222491949,18848114,Elisabetta Cocciaretto,El Cocciaretto v Dar Semenistaja,50,2023-12-14 14:36:12.801,1.22,2023-12-14 15:00:00,
1.222491949,18848114,Elisabetta Cocciaretto,El Cocciaretto v Dar Semenistaja,60,2023-12-14 14:44:12.173,1.23,2023-12-14 15:00:00,
1.222491949,18848114,Elisabetta Cocciaretto,El Cocciaretto v Dar Semenistaja,70,2023-12-14 14:50:13.794,1.22,2023-12-14 15:00:00,
1.222491949,18848114,Elisabetta Cocciaretto,El Cocciaretto v Dar Semenistaja,80,2023-12-14 15:45:56.714,1.21,2023-12-14 15:55:00,
1.222491949,18848114,Elisabetta Cocciaretto,El Cocciaretto v Dar Semenistaja,90,2023-12-14 15:57:02.211,1.2,2023-12-14 16:00:00,
1.222491949,18848114,Elisabetta Cocciaretto,El Cocciaretto v Dar Semenistaja,100,2023-12-14 16:04:21.717,1.24,2023-12-14 16:05:00,2023-12-14 16:04:21.717
1.222491949,24040843,Darja Semenistaja,El Cocciaretto v Dar Semenistaja,0,2023-12-13 14:40:01.386,4.3,2023-12-14 00:00:00,
1.222491949,24040843,Darja Semenistaja,El Cocciaretto v Dar Semenistaja,10,2023-12-13 21:59:21.087,5.0,2023-12-14 16:00:00,
1.222491949,24040843,Darja Semenistaja,El Cocciaretto v Dar Semenistaja,20,2023-12-14 13:18:54.023,5.4,2023-12-14 15:00:00,
1.222491949,24040843,Darja Semenistaja,El Cocciaretto v Dar Semenistaja,30,2023-12-14 14:04:14.234,5.1,2023-12-14 15:00:00,
1.222491949,24040843,Darja Semenistaja,El Cocciaretto v Dar Semenistaja,40,2023-12-14 14:18:20.077,5.3,2023-12-14 15:00:00,
1.222491949,24040843,Darja Semenistaja,El Cocciaretto v Dar Semenistaja,50,2023-12-14 14:49:01.487,5.6,2023-12-14 15:00:00,
1.222491949,24040843,Darja Semenistaja,El Cocciaretto v Dar Semenistaja,60,2023-12-14 15:40:10.826,5.7,2023-12-14 15:55:00,
1.222491949,24040843,Darja Semenistaja,El Cocciaretto v Dar Semenistaja,70,2023-12-14 15:47:16.033,6.0,2023-12-14 15:55:00,
1.222491949,24040843,Darja Semenistaja,El Cocciaretto v Dar Semenistaja,80,2023-12-14 15:53:09.523,5.8,2023-12-14 16:00:00,
1.222491949,24040843,Darja Semenistaja,El Cocciaretto v Dar Semenistaja,90,2023-12-14 15:58:20.521,6.0,2023-12-14 16:05:00,
1.222491949,24040843,Darja Semenistaja,El Cocciaretto v Dar Semenistaja,100,2023-12-14 16:04:21.717,5.3,2023-12-14 16:05:00,2023-12-14 16:04:21.717
1.222509127,40091823,W Cooksey,Gershfeld v Cooksey,0,2023-12-13 18:25:51.102,2.68,2023-12-14 13:00:00,2023-12-13 13:09:47.849
1.222509127,40091823,W Cooksey,Gershfeld v Cooksey,10,2023-12-13 22:35:51.417,3.6,2023-12-14 13:00:00,2023-12-13 13:09:47.849
1.222509127,40091823,W Cooksey,Gershfeld v Cooksey,20,2023-12-13 22:51:52.558,3.1,2023-12-14 13:00:00,2023-12-13 13:09:47.849
1.222509127,40091823,W Cooksey,Gershfeld v Cooksey,30,2023-12-13 23:12:53.683,3.4,2023-12-14 13:00:00,2023-12-13 13:09:47.849
1.222509127,40091823,W Cooksey,Gershfeld v Cooksey,40,2023-12-13 23:34:39.474,3.5,2023-12-14 13:00:00,2023-12-13 13:09:47.849
1.222509127,40091823,W Cooksey,Gershfeld v Cooksey,50,2023-12-14 00:02:44.253,3.05,2023-12-14 13:00:00,2023-12-13 13:09:47.849
1.222509127,40091823,W Cooksey,Gershfeld v Cooksey,60,2023-12-14 01:49:42.820,3.65,2023-12-14 13:00:00,2023-12-13 13:09:47.849
1.222509127,40091823,W Cooksey,Gershfeld v Cooksey,70,2023-12-14 05:08:39.190,2.68,2023-12-14 13:00:00,2023-12-13 13:09:47.849
1.222509127,40091823,W Cooksey,Gershfeld v Cooksey,80,2023-12-14 08:25:06.023,3.35,2023-12-14 13:00:00,2023-12-13 13:09:47.849
1.222509127,40091823,W Cooksey,Gershfeld v Cooksey,90,2023-12-14 10:14:17.832,3.7,2023-12-14 13:00:00,2023-12-13 13:09:47.849
1.222509127,40091823,W Cooksey,Gershfeld v Cooksey,100,2023-12-14 15:26:32.406,3.0,2023-12-14 17:00:00,2023-12-13 13:09:47.849
1.222509127,63793501,S Gershfeld,Gershfeld v Cooksey,0,2023-12-13 18:20:47.433,1.61,2023-12-14 13:00:00,2023-12-13 13:09:47.849
1.222509127,63793501,S Gershfeld,Gershfeld v Cooksey,10,2023-12-13 22:05:47.207,1.19,2023-12-14 13:00:00,2023-12-13 13:09:47.849
1.222509127,63793501,S Gershfeld,Gershfeld v Cooksey,20,2023-12-13 22:51:52.558,1.48,2023-12-14 13:00:00,2023-12-13 13:09:47.849
1.222509127,63793501,S Gershfeld,Gershfeld v Cooksey,30,2023-12-13 23:12:54.966,1.52,2023-12-14 13:00:00,2023-12-13 13:09:47.849
1.222509127,63793501,S Gershfeld,Gershfeld v Cooksey,40,2023-12-14 00:01:54.118,1.43,2023-12-14 13:00:00,2023-12-13 13:09:47.849
1.222509127,63793501,S Gershfeld,Gershfeld v Cooksey,50,2023-12-14 01:32:17.942,1.59,2023-12-14 13:00:00,2023-12-13 13:09:47.849
1.222509127,63793501,S Gershfeld,Gershfeld v Cooksey,60,2023-12-14 04:28:43.394,1.38,2023-12-14 13:00:00,2023-12-13 13:09:47.849
1.222509127,63793501,S Gershfeld,Gershfeld v Cooksey,70,2023-12-14 05:42:59.813,1.25,2023-12-14 13:00:00,2023-12-13 13:09:47.849
1.222509127,63793501,S Gershfeld,Gershfeld v Cooksey,80,2023-12-14 09:41:25.939,1.37,2023-12-14 13:00:00,2023-12-13 13:09:47.849
1.222509127,63793501,S Gershfeld,Gershfeld v Cooksey,90,2023-12-14 14:04:11.049,1.32,2023-12-14 15:00:00,2023-12-13 13:09:47.849
1.222509127,63793501,S Gershfeld,Gershfeld v Cooksey,100,2023-12-14 16:10:13.277,1.36,2023-12-14 18:00:00,2023-12-13 13:09:47.849
1.22250913,39362790,V Sklenka,Sa Roi v Vi Sklenka,0,2023-12-13 18:22:47.791,1.2,2023-12-14 13:00:00,2023-12-13 13:24:37.711
1.22250913,39362790,V Sklenka,Sa Roi v Vi Sklenka,10,2023-12-13 20:26:46.493,1.3,2023-12-14 13:00:00,2023-12-13 13:24:37.711
1.22250913,39362790,V Sklenka,Sa Roi v Vi Sklenka,20,2023-12-13 22:04:30.970,1.15,2023-12-14 13:00:00,2023-12-13 13:24:37.711
1.22250913,39362790,V Sklenka,Sa Roi v Vi Sklenka,30,2023-12-13 22:37:51.373,1.41,2023-12-14 13:00:00,2023-12-13 13:24:37.711
1.22250913,39362790,V Sklenka,Sa Roi v Vi Sklenka,40,2023-12-14 02:19:13.689,1.18,2023-12-14 13:00:00,2023-12-13 13:24:37.711
1.22250913,39362790,V Sklenka,Sa Roi v Vi Sklenka,50,2023-12-14 09:40:51.094,1.22,2023-12-14 13:00:00,2023-12-13 13:24:37.711
1.22250913,39362790,V Sklenka,Sa Roi v Vi Sklenka,60,2023-12-14 12:51:24.392,1.17,2023-12-14 15:00:00,2023-12-13 13:24:37.711
1.22250913,39362790,V Sklenka,Sa Roi v Vi Sklenka,70,2023-12-14 15:38:22.736,1.21,2023-12-14 17:00:00,2023-12-13 13:24:37.711
1.22250913,39362790,V Sklenka,Sa Roi v Vi Sklenka,80,2023-12-14 21:32:55.663,1.2,2023-12-15 13:00:00,2023-12-13 13:24:37.711
1.22250913,39362790,V Sklenka,Sa Roi v Vi Sklenka,90,2023-12-15 08:15:32.487,1.2,2023-12-15 13:00:00,2023-12-13 13:24:37.711
1.22250913,39362790,V Sklenka,Sa Roi v Vi Sklenka,100,2023-12-15 13:51:00.965,1.19,2023-12-15 14:00:00,2023-12-13 13:24:37.711
1.22250913,59822059,S Roi,Sa Roi v Vi Sklenka,0,2023-12-13 18:24:49.965,5.5,2023-12-14 13:00:00,2023-12-13 13:24:37.711
1.22250913,59822059,S Roi,Sa Roi v Vi Sklenka,10,2023-12-13 20:39:40.045,3.6,2023-12-14 13:00:00,2023-12-13 13:24:37.711
1.22250913,59822059,S Roi,Sa Roi v Vi Sklenka,20,2023-12-13 23:34:52.164,4.3,2023-12-14 13:00:00,2023-12-13 13:24:37.711
1.22250913,59822059,S Roi,Sa Roi v Vi Sklenka,30,2023-12-14 08:59:51.257,5.1,2023-12-14 13:00:00,2023-12-13 13:24:37.711
1.22250913,59822059,S Roi,Sa Roi v Vi Sklenka,40,2023-12-14 09:35:21.014,5.4,2023-12-14 13:00:00,2023-12-13 13:24:37.711
1.22250913,59822059,S Roi,Sa Roi v Vi Sklenka,50,2023-12-14 11:31:36.891,5.0,2023-12-14 13:00:00,2023-12-13 13:24:37.711
1.22250913,59822059,S Roi,Sa Roi v Vi Sklenka,60,2023-12-14 15:35:39.957,6.2,2023-12-14 17:00:00,2023-12-13 13:24:37.711
1.22250913,59822059,S Roi,Sa Roi v Vi Sklenka,70,2023-12-14 17:39:48.088,5.5,2023-12-14 19:00:00,2023-12-13 13:24:37.711
1.22250913,59822059,S Roi,Sa Roi v Vi Sklenka,80,2023-12-15 01:56:11.911,4.1,2023-12-15 13:00:00,2023-12-13 13:24:37.711
1.22250913,59822059,S Roi,Sa Roi v Vi Sklenka,90,2023-12-15 08:17:39.781,4.0,2023-12-15 13:00:00,2023-12-13 13:24:37.711
1.22250913,59822059,S Roi,Sa Roi v Vi Sklenka,100,2023-12-15 12:58:35.239,4.8,2023-12-15 13:15:00,2023-12-13 13:24:37.711
1.222509133,11302963,R Cid Subervi,Ro Cid Subervi v Bori Kozlov,0,2023-12-13 18:20:58.732,1.02,2023-12-14 13:00:00,2023-12-13 13:09:52.815
1.222509133,11302963,R Cid Subervi,Ro Cid Subervi v Bori Kozlov,10,2023-12-13 23:12:20.954,1.1,2023-12-14 13:00:00,2023-12-13 13:09:52.815
1.222509133,11302963,R Cid Subervi,Ro Cid Subervi v Bori Kozlov,20,2023-12-14 00:10:39.181,1.09,2023-12-14 13:00:00,2023-12-13 13:09:52.815
1.222509133,11302963,R Cid Subervi,Ro Cid Subervi v Bori Kozlov,30,2023-12-14 04:37:26.275,1.08,2023-12-14 13:00:00,2023-12-13 13:09:52.815
1.222509133,11302963,R Cid Subervi,Ro Cid Subervi v Bori Kozlov,40,2023-12-14 10:19:32.767,1.15,2023-12-14 13:00:00,2023-12-13 13:09:52.815
1.222509133,11302963,R Cid Subervi,Ro Cid Subervi v Bori Kozlov,50,2023-12-14 11:56:16.331,1.06,2023-12-14 13:00:00,2023-12-13 13:09:52.815
1.222509133,11302963,R Cid Subervi,Ro Cid Subervi v Bori Kozlov,60,2023-12-14 14:12:44.788,1.04,2023-12-14 15:00:00,2023-12-13 13:09:52.815
1.222509133,11302963,R Cid Subervi,Ro Cid Subervi v Bori Kozlov,70,2023-12-14 22:23:12.486,1.3,2023-12-15 13:00:00,2023-12-13 13:09:52.815
1.222509133,11302963,R Cid Subervi,Ro Cid Subervi v Bori Kozlov,80,2023-12-15 04:44:15.866,1.08,2023-12-15 13:00:00,2023-12-13 13:09:52.815
1.222509133,11302963,R Cid Subervi,Ro Cid Subervi v Bori Kozlov,90,2023-12-15 10:03:55.649,1.14,2023-12-15 13:00:00,2023-12-13 13:09:52.815
1.222509133,11302963,R Cid Subervi,Ro Cid Subervi v Bori Kozlov,100,2023-12-15 12:53:20.857,1.05,2023-12-15 13:00:00,2023-12-13 13:09:52.815
1.222509406,9630864,A Andrade,Andr Andrade v M Kurt,0,2023-12-13 18:40:46.140,1.05,2023-12-14 13:00:00,2023-12-13 13:12:52.962
1.222509406,9630864,A Andrade,Andr Andrade v M Kurt,10,2023-12-13 22:41:50.270,1.12,2023-12-14 13:00:00,2023-12-13 13:12:52.962
1.222509406,9630864,A Andrade,Andr Andrade v M Kurt,20,2023-12-13 23:29:30.830,1.12,2023-12-14 13:00:00,2023-12-13 13:12:52.962
1.222509406,9630864,A Andrade,Andr Andrade v M Kurt,30,2023-12-14 03:32:32.261,1.07,2023-12-14 13:00:00,2023-12-13 13:12:52.962
1.222509406,9630864,A Andrade,Andr Andrade v M Kurt,40,2023-12-14 04:26:21.826,1.08,2023-12-14 13:00:00,2023-12-13 13:12:52.962
1.222509406,9630864,A Andrade,Andr Andrade v M Kurt,50,2023-12-14 07:37:53.760,1.1,2023-12-14 13:00:00,2023-12-13 13:12:52.962
1.222509406,9630864,A Andrade,Andr Andrade v M Kurt,60,2023-12-14 09:40:16.706,1.1,2023-12-14 13:00:00,2023-12-13 13:12:52.962
1.222509406,9630864,A Andrade,Andr Andrade v M Kurt,70,2023-12-14 13:37:52.362,1.04,2023-12-14 15:00:00,2023-12-13 13:12:52.962
1.222509406,9630864,A Andrade,Andr Andrade v M Kurt,80,2023-12-14 21:33:18.549,1.08,2023-12-15 13:00:00,2023-12-13 13:12:52.962
1.222509406,9630864,A Andrade,Andr Andrade v M Kurt,90,2023-12-15 00:08:50.595,1.1,2023-12-15 13:00:00,2023-12-13 13:12:52.962
1.222509406,9630864,A Andrade,Andr Andrade v M Kurt,100,2023-12-15 13:32:50.384,1.09,2023-12-15 13:45:00,2023-12-13 13:12:52.962
1.222509406,16974929,K Miller,Andr Andrade v M Kurt,0,2023-12-13 22:41:50.270,9.2,2023-12-14 13:00:00,2023-12-13 13:12:52.962
1.222509406,16974929,K Miller,Andr Andrade v M Kurt,10,2023-12-13 22:56:33.713,8.0,2023-12-14 13:00:00,2023-12-13 13:12:52.962
1.222509406,16974929,K Miller,Andr Andrade v M Kurt,20,2023-12-13 23:29:30.830,9.2,2023-12-14 13:00:00,2023-12-13 13:12:52.962
1.222509406,16974929,K Miller,Andr Andrade v M Kurt,30,2023-12-13 23:33:48.166,8.0,2023-12-14 13:00:00,2023-12-13 13:12:52.962
1.222509406,16974929,K Miller,Andr Andrade v M Kurt,40,2023-12-14 00:44:25.486,11.0,2023-12-14 13:00:00,2023-12-13 13:12:52.962
1.222509406,16974929,K Miller,Andr Andrade v M Kurt,50,2023-12-14 03:33:58.595,8.0,2023-12-14 13:00:00,2023-12-13 13:12:52.962
1.222509406,16974929,K Miller,Andr Andrade v M Kurt,60,2023-12-14 05:59:41.986,8.0,2023-12-14 13:00:00,2023-12-13 13:12:52.962
1.222509406,16974929,K Miller,Andr Andrade v M Kurt,70,2023-12-14 08:22:14.410,10.0,2023-12-14 13:00:00,2023-12-13 13:12:52.962
1.222509406,16974929,K Miller,Andr Andrade v M Kurt,80,2023-12-15 02:02:28.267,14.0,2023-12-15 13:00:00,2023-12-13 13:12:52.962
1.222509406,16974929,K Miller,Andr Andrade v M Kurt,90,2023-12-15 06:05:25.702,11.0,2023-12-15 13:00:00,2023-12-13 13:12:52.962
1.222509406,16974929,K Miller,Andr Andrade v M Kurt,100,2023-12-15 13:32:50.384,12.0,2023-12-15 13:45:00,2023-12-13 13:12:52.962
1.222515213,3378313,Nigina Abduraimova,Nigi Abduraimova v Blinkova,0,2023-12-13 20:40:22.321,4.2,2023-12-14 14:00:00,
1.222515213,3378313,Nigina Abduraimova,Nigi Abduraimova v Blinkova,10,2023-12-13 22:03:55.315,5.5,2023-12-14 14:00:00,
1.222515213,3378313,Nigina Abduraimova,Nigi Abduraimova v Blinkova,20,2023-12-13 22:17:41.246,5.3,2023-12-14 14:00:00,
1.222515213,3378313,Nigina Abduraimova,Nigi Abduraimova v Blinkova,30,2023-12-14 07:45:19.529,5.8,2023-12-14 14:00:00,
1.222515213,3378313,Nigina Abduraimova,Nigi Abduraimova v Blinkova,40,2023-12-14 07:48:17.383,5.7,2023-12-14 14:00:00,
1.222515213,3378313,Nigina Abduraimova,Nigi Abduraimova v Blinkova,50,2023-12-14 10:57:56.205,5.9,2023-12-14 14:00:00,
1.222515213,3378313,Nigina Abduraimova,Nigi Abduraimova v Blinkova,60,2023-12-14 11:40:05.419,5.6,2023-12-14 14:00:00,
1.222515213,3378313,Nigina Abduraimova,Nigi Abduraimova v Blinkova,70,2023-12-14 11:51:07.292,5.9,2023-12-14 14:00:00,
1.222515213,3378313,Nigina Abduraimova,Nigi Abduraimova v Blinkova,80,2023-12-14 12:00:18.978,5.8,2023-12-14 14:00:00,
1.222515213,3378313,Nigina Abduraimova,Nigi Abduraimova v Blinkova,90,2023-12-14 12:51:55.622,5.7,2023-12-14 14:00:00,
1.222515213,3378313,Nigina Abduraimova,Nigi Abduraimova v Blinkova,100,2023-12-14 12:58:15.432,5.6,2023-12-14 13:00:00,
1.222515213,9635244,Anna Blinkova,Nigi Abduraimova v Blinkova,0,2023-12-13 19:58:16.551,1.15,2023-12-14 14:00:00,
1.222515213,9635244,Anna Blinkova,Nigi Abduraimova v Blinkova,10,2023-12-13 20:40:22.321,1.31,2023-12-14 14:00:00,
1.222515213,9635244,Anna Blinkova,Nigi Abduraimova v Blinkova,20,2023-12-13 21:06:50.876,1.15,2023-12-14 14:00:00,
1.222515213,9635244,Anna Blinkova,Nigi Abduraimova v Blinkova,30,2023-12-13 23:45:36.460,1.19,2023-12-14 14:00:00,
1.222515213,9635244,Anna Blinkova,Nigi Abduraimova v Blinkova,40,2023-12-14 02:40:03.194,1.22,2023-12-14 14:00:00,
1.222515213,9635244,Anna Blinkova,Nigi Abduraimova v Blinkova,50,2023-12-14 10:47:36.106,1.2,2023-12-14 14:00:00,
1.222515213,9635244,Anna Blinkova,Nigi Abduraimova v Blinkova,60,2023-12-14 12:47:22.225,1.21,2023-12-14 14:00:00,
1.222515213,9635244,Anna Blinkova,Nigi Abduraimova v Blinkova,70,2023-12-14 12:51:55.622,1.22,2023-12-14 14:00:00,
1.222515213,9635244,Anna Blinkova,Nigi Abduraimova v Blinkova,80,2023-12-14 12:56:13.976,1.22,2023-12-14 14:00:00,
1.222515213,9635244,Anna Blinkova,Nigi Abduraimova v Blinkova,90,2023-12-14 12:57:22.151,1.21,2023-12-14 14:00:00,
1.222515213,9635244,Anna Blinkova,Nigi Abduraimova v Blinkova,100,2023-12-14 12:59:21.921,1.23,2023-12-14 13:00:00,
1.222518661,8948984,Audrey Albie,Bucsa v Albie,0,2023-12-13 21:04:37.159,3.6,2023-12-14 09:00:00,
1.222518661,8948984,Audrey Albie,Bucsa v Albie,10,2023-12-14 02:27:44.779,5.1,2023-12-14 09:00:00,
1.222518661,8948984,Audrey Albie,Bucsa v Albie,20,2023-12-14 04:11:18.223,6.0,2023-12-14 09:00:00,
1.222518661,8948984,Audrey Albie,Bucsa v Albie,30,2023-12-14 05:01:20.745,6.0,2023-12-14 09:00:00,
1.222518661,8948984,Audrey Albie,Bucsa v Albie,40,2023-12-14 07:48:16.608,6.0,2023-12-14 09:00:00,
1.222518661,8948984,Audrey Albie,Bucsa v Albie,50,2023-12-14 08:00:21.260,6.0,2023-12-14 09:00:00,
1.222518661,8948984,Audrey Albie,Bucsa v Albie,60,2023-12-14 08:35:21.337,6.8,2023-12-14 09:00:00,
1.222518661,8948984,Audrey Albie,Bucsa v Albie,70,2023-12-14 08:49:20.341,6.6,2023-12-14 09:00:00,
1.222518661,8948984,Audrey Albie,Bucsa v Albie,80,2023-12-14 08:51:17.985,6.6,2023-12-14 09:00:00,
1.222518661,8948984,Audrey Albie,Bucsa v Albie,90,2023-12-14 08:59:21.817,6.2,2023-12-14 09:00:00,
1.222518661,8948984,Audrey Albie,Bucsa v Albie,100,2023-12-14 09:09:21.925,7.8,2023-12-14 09:10:00,2023-12-14 09:07:21.845
1.222518661,9629258,Cristina Bucsa,Bucsa v Albie,0,2023-12-13 21:04:37.159,1.38,2023-12-14 09:00:00,
1.222518661,9629258,Cristina Bucsa,Bucsa v Albie,10,2023-12-14 02:39:40.899,1.25,2023-12-14 09:00:00,
1.222518661,9629258,Cristina Bucsa,Bucsa v Albie,20,2023-12-14 03:42:16.502,1.22,2023-12-14 09:00:00,
1.222518661,9629258,Cristina Bucsa,Bucsa v Albie,30,2023-12-14 05:18:59.994,1.17,2023-12-14 09:00:00,
1.222518661,9629258,Cristina Bucsa,Bucsa v Albie,40,2023-12-14 07:16:20.734,1.17,2023-12-14 09:00:00,
1.222518661,9629258,Cristina Bucsa,Bucsa v Albie,50,2023-12-14 07:54:21.284,1.19,2023-12-14 09:00:00,
1.222518661,9629258,Cristina Bucsa,Bucsa v Albie,60,2023-12-14 08:24:21.250,1.19,2023-12-14 09:00:00,
1.222518661,9629258,Cristina Bucsa,Bucsa v Albie,70,2023-12-14 08:37:15.821,1.17,2023-12-14 09:00:00,
1.222518661,9629258,Cristina Bucsa,Bucsa v Albie,80,2023-12-14 08:47:21.058,1.17,2023-12-14 09:00:00,
1.222518661,9629258,Cristina Bucsa,Bucsa v Albie,90,2023-12-14 08:57:21.738,1.18,2023-12-14 09:00:00,
1.222518661,9629258,Cristina Bucsa,Bucsa v Albie,100,2023-12-14 09:09:21.925,1.16,2023-12-14 09:10:00,2023-12-14 09:07:21.845
1.222523479,2263692,Alize Cornet,A. Cornet v H Tan,0,2023-12-13 21:07:23.068,1.43,2023-12-14 12:30:00,
1.222523479,2263692,Alize Cornet,A. Cornet v H Tan,10,2023-12-14 08:35:06.863,1.75,2023-12-14 12:30:00,
1.222523479,2263692,Alize Cornet,A. Cornet v H Tan,20,2023-12-14 10:45:32.100,1.68,2023-12-14 12:30:00,
1.222523479,2263692,Alize Cornet,A. Cornet v H Tan,30,2023-12-14 11:26:07.736,1.66,2023-12-14 12:30:00,
1.222523479,2263692,Alize Cornet,A. Cornet v H Tan,40,2023-12-14 11:49:27.122,1.76,2023-12-14 12:30:00,
1.222523479,2263692,Alize Cornet,A. Cornet v H Tan,50,2023-12-14 11:59:24.928,1.68,2023-12-14 12:30:00,
1.222523479,2263692,Alize Cornet,A. Cornet v H Tan,60,2023-12-14 12:10:31.720,1.64,2023-12-14 12:30:00,
1.222523479,2263692,Alize Cornet,A. Cornet v H Tan,70,2023-12-14 12:26:17.475,1.64,2023-12-14 12:30:00,
1.222523479,2263692,Alize Cornet,A. Cornet v H Tan,80,2023-12-14 12:38:32.784,1.89,2023-12-14 12:45:00,
1.222523479,2263692,Alize Cornet,A. Cornet v H Tan,90,2023-12-14 12:46:32.516,3.15,2023-12-14 12:55:00,
1.222523479,2263692,Alize Cornet,A. Cornet v H Tan,100,2023-12-14 12:54:32.610,26.0,2023-12-14 12:55:00,
1.222523479,8959808,Harmony Tan,A. Cornet v H Tan,0,2023-12-14 02:32:15.114,2.46,2023-12-14 12:30:00,
1.222523479,8959808,Harmony Tan,A. Cornet v H Tan,10,2023-12-14 09:44:21.534,2.38,2023-12-14 12:30:00,
1.222523479,8959808,Harmony Tan,A. Cornet v H Tan,20,2023-12-14 11:23:27.785,2.54,2023-12-14 12:30:00,
1.222523479,8959808,Harmony Tan,A. Cornet v H Tan,30,2023-12-14 11:43:21.882,2.44,2023-12-14 12:30:00,
1.222523479,8959808,Harmony Tan,A. Cornet v H Tan,40,2023-12-14 11:51:29.384,2.28,2023-12-14 12:30:00,
1.222523479,8959808,Harmony Tan,A. Cornet v H Tan,50,2023-12-14 12:04:25.882,2.48,2023-12-14 12:30:00,
1.222523479,8959808,Harmony Tan,A. Cornet v H Tan,60,2023-12-14 12:16:26.770,2.6,2023-12-14 12:30:00,
1.222523479,8959808,Harmony Tan,A. Cornet v H Tan,70,2023-12-14 12:28:31.874,2.56,2023-12-14 12:30:00,
1.222523479,8959808,Harmony Tan,A. Cornet v H Tan,80,2023-12-14 12:40:31.956,2.06,2023-12-14 12:45:00,
1.222523479,8959808,Harmony Tan,A. Cornet v H Tan,90,2023-12-14 12:46:32.516,1.46,2023-12-14 12:55:00,
1.222523479,8959808,Harmony Tan,A. Cornet v H Tan,100,2023-12-14 12:53:31.963,1.04,2023-12-14 12:55:00,
1.222527257,10348024,Alana Smith,Boisson v Ala Smith,0,2023-12-13 22:13:27.185,4.4,2023-12-14 10:30:00,
1.222527257,10348024,Alana Smith,Boisson v Ala Smith,10,2023-12-14 04:33:21.939,2.98,2023-12-14 10:30:00,
1.222527257,10348024,Alana Smith,Boisson v Ala Smith,20,2023-12-14 08:43:09.478,2.82,2023-12-14 10:30:00,
1.222527257,10348024,Alana Smith,Boisson v Ala Smith,30,2023-12-14 09:46:25.135,2.84,2023-12-14 10:30:00,
1.222527257,10348024,Alana Smith,Boisson v Ala Smith,40,2023-12-14 10:00:08.105,2.84,2023-12-14 10:30:00,
1.222527257,10348024,Alana Smith,Boisson v Ala Smith,50,2023-12-14 10:07:29.706,2.94,2023-12-14 10:30:00,
1.222527257,10348024,Alana Smith,Boisson v Ala Smith,60,2023-12-14 10:10:26.317,2.98,2023-12-14 10:30:00,
1.222527257,10348024,Alana Smith,Boisson v Ala Smith,70,2023-12-14 10:15:31.624,3.15,2023-12-14 10:30:00,
1.222527257,10348024,Alana Smith,Boisson v Ala Smith,80,2023-12-14 10:21:31.922,3.1,2023-12-14 10:30:00,
1.222527257,10348024,Alana Smith,Boisson v Ala Smith,90,2023-12-14 10:33:27.881,3.05,2023-12-14 10:40:00,
1.222527257,10348024,Alana Smith,Boisson v Ala Smith,100,2023-12-14 10:39:32.198,3.55,2023-12-14 10:40:00,2023-12-14 10:38:32.398
1.222527257,20136611,Lois Boisson,Boisson v Ala Smith,0,2023-12-13 21:13:03.750,1.5,2023-12-14 10:30:00,
1.222527257,20136611,Lois Boisson,Boisson v Ala Smith,10,2023-12-14 03:10:32.309,1.54,2023-12-14 10:30:00,
1.222527257,20136611,Lois Boisson,Boisson v Ala Smith,20,2023-12-14 07:13:58.156,1.54,2023-12-14 10:30:00,
1.222527257,20136611,Lois Boisson,Boisson v Ala Smith,30,2023-12-14 09:15:18.233,1.54,2023-12-14 10:30:00,
1.222527257,20136611,Lois Boisson,Boisson v Ala Smith,40,2023-12-14 09:46:25.135,1.54,2023-12-14 10:30:00,
1.222527257,20136611,Lois Boisson,Boisson v Ala Smith,50,2023-12-14 10:07:29.706,1.52,2023-12-14 10:30:00,
1.222527257,20136611,Lois Boisson,Boisson v Ala Smith,60,2023-12-14 10:12:31.915,1.47,2023-12-14 10:30:00,
1.222527257,20136611,Lois Boisson,Boisson v Ala Smith,70,2023-12-14 10:16:05.393,1.45,2023-12-14 10:30:00,
1.222527257,20136611,Lois Boisson,Boisson v Ala Smith,80,2023-12-14 10:24:29.871,1.46,2023-12-14 10:30:00,
1.222527257,20136611,Lois Boisson,Boisson v Ala Smith,90,2023-12-14 10:33:27.881,1.48,2023-12-14 10:40:00,
1.222527257,20136611,Lois Boisson,Boisson v Ala Smith,100,2023-12-14 10:39:32.198,1.39,2023-12-14 10:40:00,2023-12-14 10:38:32.398
1.222531369,2422070,Anastasija Sevastova,Els Jacquemot v Sevastova,0,2023-12-14 13:01:20.858,1.45,2023-12-15 00:00:00,
1.222531369,2422070,Anastasija Sevastova,Els Jacquemot v Sevastova,10,2023-12-15 04:22:39.535,1.54,2023-12-15 14:30:00,
1.222531369,2422070,Anastasija Sevastova,Els Jacquemot v Sevastova,20,2023-12-15 10:48:19.344,1.47,2023-12-15 14:30:00,
1.222531369,2422070,Anastasija Sevastova,Els Jacquemot v Sevastova,30,2023-12-15 12:12:28.338,1.48,2023-12-15 14:30:00,
1.222531369,2422070,Anastasija Sevastova,Els Jacquemot v Sevastova,40,2023-12-15 13:20:55.613,1.47,2023-12-15 14:30:00,
1.222531369,2422070,Anastasija Sevastova,Els Jacquemot v Sevastova,50,2023-12-15 14:07:28.345,1.47,2023-12-15 14:30:00,
1.222531369,2422070,Anastasija Sevastova,Els Jacquemot v Sevastova,60,2023-12-15 14:24:19.965,1.49,2023-12-15 14:50:00,
1.222531369,2422070,Anastasija Sevastova,Els Jacquemot v Sevastova,70,2023-12-15 14:40:28.432,1.47,2023-12-15 14:50:00,
1.222531369,2422070,Anastasija Sevastova,Els Jacquemot v Sevastova,80,2023-12-15 14:59:41.898,1.47,2023-12-15 15:00:00,
1.222531369,2422070,Anastasija Sevastova,Els Jacquemot v Sevastova,90,2023-12-15 15:49:26.079,1.44,2023-12-15 16:00:00,
1.222531369,2422070,Anastasija Sevastova,Els Jacquemot v Sevastova,100,2023-12-15 16:12:26.536,1.47,2023-12-15 16:15:00,
1.222531369,18848406,Elsa Jacquemot,Els Jacquemot v Sevastova,0,2023-12-14 12:59:35.275,2.3,2023-12-15 00:00:00,
1.222531369,18848406,Elsa Jacquemot,Els Jacquemot v Sevastova,10,2023-12-15 09:55:13.784,2.96,2023-12-15 14:30:00,
1.222531369,18848406,Elsa Jacquemot,Els Jacquemot v Sevastova,20,2023-12-15 10:50:25.889,3.15,2023-12-15 14:30:00,
1.222531369,18848406,Elsa Jacquemot,Els Jacquemot v Sevastova,30,2023-12-15 12:52:01.287,3.1,2023-12-15 14:30:00,
1.222531369,18848406,Elsa Jacquemot,Els Jacquemot v Sevastova,40,2023-12-15 13:52:27.846,3.15,2023-12-15 14:30:00,
1.222531369,18848406,Elsa Jacquemot,Els Jacquemot v Sevastova,50,2023-12-15 14:19:16.371,3.05,2023-12-15 14:30:00,
1.222531369,18848406,Elsa Jacquemot,Els Jacquemot v Sevastova,60,2023-12-15 14:36:28.047,3.15,2023-12-15 14:50:00,
1.222531369,18848406,Elsa Jacquemot,Els Jacquemot v Sevastova,70,2023-12-15 14:44:14.198,3.05,2023-12-15 14:50:00,
1.222531369,18848406,Elsa Jacquemot,Els Jacquemot v Sevastova,80,2023-12-15 15:42:22.918,3.2,2023-12-15 15:50:00,
1.222531369,18848406,Elsa Jacquemot,Els Jacquemot v Sevastova,90,2023-12-15 16:07:26.818,3.35,2023-12-15 16:10:00,
1.222531369,18848406,Elsa Jacquemot,Els Jacquemot v Sevastova,100,2023-12-15 16:12:26.536,3.1,2023-12-15 16:15:00,
1.222532059,63616343,Kalashnikova/Lumsden,Dzalamidze/Moratelli v Kalashnikova/Lumsden,0,2023-12-15 02:52:45.748,1.53,2023-12-15 10:00:00,
1.222532059,63616343,Kalashnikova/Lumsden,Dzalamidze/Moratelli v Kalashnikova/Lumsden,10,2023-12-15 02:53:34.074,1.97,2023-12-15 10:00:00,
1.222532059,63616343,Kalashnikova/Lumsden,Dzalamidze/Moratelli v Kalashnikova/Lumsden,20,2023-12-15 05:05:43.902,1.52,2023-12-15 10:00:00,
1.222532059,63616343,Kalashnikova/Lumsden,Dzalamidze/Moratelli v Kalashnikova/Lumsden,30,2023-12-15 06:33:08.428,1.96,2023-12-15 10:00:00,
1.222532059,63616343,Kalashnikova/Lumsden,Dzalamidze/Moratelli v Kalashnikova/Lumsden,40,2023-12-15 06:34:54.603,1.98,2023-12-15 10:00:00,
1.222532059,63616343,Kalashnikova/Lumsden,Dzalamidze/Moratelli v Kalashnikova/Lumsden,50,2023-12-15 09:39:01.509,1.8,2023-12-15 10:00:00,
1.222532059,63616343,Kalashnikova/Lumsden,Dzalamidze/Moratelli v Kalashnikova/Lumsden,60,2023-12-15 09:40:10.193,1.6,2023-12-15 10:00:00,
1.222532059,63616343,Kalashnikova/Lumsden,Dzalamidze/Moratelli v Kalashnikova/Lumsden,70,2023-12-15 09:43:58.073,1.8,2023-12-15 10:00:00,
1.222532059,63616343,Kalashnikova/Lumsden,Dzalamidze/Moratelli v Kalashnikova/Lumsden,80,2023-12-15 09:56:00.581,1.61,2023-12-15 10:00:00,
1.222532059,63616343,Kalashnikova/Lumsden,Dzalamidze/Moratelli v Kalashnikova/Lumsden,90,2023-12-15 10:00:03.991,1.58,2023-12-15 10:05:00,
1.222532059,63616343,Kalashnikova/Lumsden,Dzalamidze/Moratelli v Kalashnikova/Lumsden,100,2023-12-15 10:01:41.170,1.58,2023-12-15 10:05:00,
1.222547228,9629258,Cristina Bucsa,Bucsa v Boisson,0,2023-12-14 18:13:16.791,1.28,2023-12-15 11:30:00,
1.222547228,9629258,Cristina Bucsa,Bucsa v Boisson,10,2023-12-14 22:34:05.027,1.27,2023-12-15 11:30:00,
1.222547228,9629258,Cristina Bucsa,Bucsa v Boisson,20,2023-12-15 00:40:01.279,1.21,2023-12-15 11:30:00,
1.222547228,9629258,Cristina Bucsa,Bucsa v Boisson,30,2023-12-15 06:17:09.135,1.21,2023-12-15 11:30:00,
1.222547228,9629258,Cristina Bucsa,Bucsa v Boisson,40,2023-12-15 07:38:13.974,1.21,2023-12-15 11:30:00,
1.222547228,9629258,Cristina Bucsa,Bucsa v Boisson,50,2023-12-15 08:48:44.581,1.21,2023-12-15 11:30:00,
1.222547228,9629258,Cristina Bucsa,Bucsa v Boisson,60,2023-12-15 09:50:04.012,1.21,2023-12-15 11:30:00,
1.222547228,9629258,Cristina Bucsa,Bucsa v Boisson,70,2023-12-15 10:19:33.975,1.21,2023-12-15 11:30:00,
1.222547228,9629258,Cristina Bucsa,Bucsa v Boisson,80,2023-12-15 10:48:19.221,1.22,2023-12-15 11:30:00,
1.222547228,9629258,Cristina Bucsa,Bucsa v Boisson,90,2023-12-15 11:33:48.541,1.21,2023-12-15 11:50:00,
1.222547228,9629258,Cristina Bucsa,Bucsa v Boisson,100,2023-12-15 11:49:21.188,1.27,2023-12-15 11:50:00,2023-12-15 11:47:21.840
1.222547228,20136611,Lois Boisson,Bucsa v Boisson,0,2023-12-14 22:34:05.027,4.7,2023-12-15 11:30:00,
1.222547228,20136611,Lois Boisson,Bucsa v Boisson,10,2023-12-14 23:02:22.576,4.4,2023-12-15 11:30:00,
1.222547228,20136611,Lois Boisson,Bucsa v Boisson,20,2023-12-15 01:07:29.728,4.6,2023-12-15 11:30:00,
1.222547228,20136611,Lois Boisson,Bucsa v Boisson,30,2023-12-15 09:13:19.116,5.5,2023-12-15 11:30:00,
1.222547228,20136611,Lois Boisson,Bucsa v Boisson,40,2023-12-15 09:51:15.567,5.5,2023-12-15 11:30:00,
1.222547228,20136611,Lois Boisson,Bucsa v Boisson,50,2023-12-15 10:15:04.634,5.7,2023-12-15 11:30:00,
1.222547228,20136611,Lois Boisson,Bucsa v Boisson,60,2023-12-15 10:59:17.837,5.9,2023-12-15 11:30:00,
1.222547228,20136611,Lois Boisson,Bucsa v Boisson,70,2023-12-15 11:07:20.651,5.9,2023-12-15 11:30:00,
1.222547228,20136611,Lois Boisson,Bucsa v Boisson,80,2023-12-15 11:15:19.136,6.0,2023-12-15 11:30:00,
1.222547228,20136611,Lois Boisson,Bucsa v Boisson,90,2023-12-15 11:40:21.026,5.7,2023-12-15 11:50:00,
1.222547228,20136611,Lois Boisson,Bucsa v Boisson,100,2023-12-15 11:49:21.188,4.9,2023-12-15 11:50:00,2023-12-15 11:47:21.840
1.222551611,8959808,Harmony Tan,H Tan v Blinkova,0,2023-12-14 21:50:14.809,4.3,2023-12-15 13:00:00,
1.222551611,8959808,Harmony Tan,H Tan v Blinkova,10,2023-12-15 02:40:24.696,3.85,2023-12-15 13:00:00,
1.222551611,8959808,Harmony Tan,H Tan v Blinkova,20,2023-12-15 09:29:06.728,3.95,2023-12-15 13:00:00,
1.222551611,8959808,Harmony Tan,H Tan v Blinkova,30,2023-12-15 10:52:20.606,3.95,2023-12-15 13:00:00,
1.222551611,8959808,Harmony Tan,H Tan v Blinkova,40,2023-12-15 12:45:24.009,3.9,2023-12-15 13:00:00,
1.222551611,8959808,Harmony Tan,H Tan v Blinkova,50,2023-12-15 12:52:28.787,3.85,2023-12-15 13:00:00,
1.222551611,8959808,Harmony Tan,H Tan v Blinkova,60,2023-12-15 12:55:28.489,3.85,2023-12-15 13:00:00,
1.222551611,8959808,Harmony Tan,H Tan v Blinkova,70,2023-12-15 13:06:18.470,3.7,2023-12-15 13:30:00,
1.222551611,8959808,Harmony Tan,H Tan v Blinkova,80,2023-12-15 13:17:28.990,3.9,2023-12-15 13:30:00,
1.222551611,8959808,Harmony Tan,H Tan v Blinkova,90,2023-12-15 13:25:29.374,4.0,2023-12-15 13:30:00,
1.222551611,8959808,Harmony Tan,H Tan v Blinkova,100,2023-12-15 13:29:27.876,3.2,2023-12-15 13:30:00,2023-12-15 13:27:29.355
1.222551611,9635244,Anna Blinkova,H Tan v Blinkova,0,2023-12-14 21:00:57.785,1.36,2023-12-15 13:00:00,
1.222551611,9635244,Anna Blinkova,H Tan v Blinkova,10,2023-12-15 02:40:24.696,1.35,2023-12-15 13:00:00,
1.222551611,9635244,Anna Blinkova,H Tan v Blinkova,20,2023-12-15 04:13:51.794,1.32,2023-12-15 13:00:00,
1.222551611,9635244,Anna Blinkova,H Tan v Blinkova,30,2023-12-15 08:26:51.280,1.34,2023-12-15 13:00:00,
1.222551611,9635244,Anna Blinkova,H Tan v Blinkova,40,2023-12-15 11:56:23.460,1.33,2023-12-15 13:00:00,
1.222551611,9635244,Anna Blinkova,H Tan v Blinkova,50,2023-12-15 12:51:28.817,1.35,2023-12-15 13:00:00,
1.222551611,9635244,Anna Blinkova,H Tan v Blinkova,60,2023-12-15 12:55:28.489,1.34,2023-12-15 13:00:00,
1.222551611,9635244,Anna Blinkova,H Tan v Blinkova,70,2023-12-15 13:04:18.754,1.36,2023-12-15 13:30:00,
1.222551611,9635244,Anna Blinkova,H Tan v Blinkova,80,2023-12-15 13:18:27.985,1.32,2023-12-15 13:30:00,
1.222551611,9635244,Anna Blinkova,H Tan v Blinkova,90,2023-12-15 13:22:25.201,1.31,2023-12-15 13:30:00,
1.222551611,9635244,Anna Blinkova,H Tan v Blinkova,100,2023-12-15 13:29:27.876,1.44,2023-12-15 13:30:00,2023-12-15 13:27:29.355
1.222557898,18848114,Elisabetta Cocciaretto,El Cocciaretto v Er Andreeva,0,2023-12-14 23:10:16.702,1.98,2023-12-15 15:30:00,
1.222557898,18848114,Elisabetta Cocciaretto,El Cocciaretto v Er Andreeva,10,2023-12-15 12:14:55.574,2.32,2023-12-15 15:30:00,
1.222557898,18848114,Elisabetta Cocciaretto,El Cocciaretto v Er Andreeva,20,2023-12-15 13:53:16.948,2.38,2023-12-15 15:30:00,
1.222557898,18848114,Elisabetta Cocciaretto,El Cocciaretto v Er Andreeva,30,2023-12-15 14:55:17.437,2.48,2023-12-15 15:30:00,
1.222557898,18848114,Elisabetta Cocciaretto,El Cocciaretto v Er Andreeva,40,2023-12-15 15:30:05.630,2.5,2023-12-15 16:30:00,
1.222557898,18848114,Elisabetta Cocciaretto,El Cocciaretto v Er Andreeva,50,2023-12-15 16:24:19.391,2.42,2023-12-15 16:30:00,
1.222557898,18848114,Elisabetta Cocciaretto,El Cocciaretto v Er Andreeva,60,2023-12-15 16:57:04.535,2.46,2023-12-15 17:10:00,
1.222557898,18848114,Elisabetta Cocciaretto,El Cocciaretto v Er Andreeva,70,2023-12-15 17:25:19.428,2.48,2023-12-15 17:40:00,
1.222557898,18848114,Elisabetta Cocciaretto,El Cocciaretto v Er Andreeva,80,2023-12-15 17:55:43.751,2.38,2023-12-15 18:00:00,
1.222557898,18848114,Elisabetta Cocciaretto,El Cocciaretto v Er Andreeva,90,2023-12-15 18:34:21.263,2.42,2023-12-15 18:45:00,
1.222557898,18848114,Elisabetta Cocciaretto,El Cocciaretto v Er Andreeva,100,2023-12-15 18:58:16.325,2.34,2023-12-15 19:00:00,
1.222557898,27187697,Erika Andreeva,El Cocciaretto v Er Andreeva,0,2023-12-15 06:18:58.533,1.73,2023-12-15 15:30:00,
1.222557898,27187697,Erika Andreeva,El Cocciaretto v Er Andreeva,10,2023-12-15 11:07:15.203,1.78,2023-12-15 15:30:00,
1.222557898,27187697,Erika Andreeva,El Cocciaretto v Er Andreeva,20,2023-12-15 13:11:51.151,1.76,2023-12-15 15:30:00,
1.222557898,27187697,Erika Andreeva,El Cocciaretto v Er Andreeva,30,2023-12-15 14:07:21.234,1.72,2023-12-15 15:30:00,
1.222557898,27187697,Erika Andreeva,El Cocciaretto v Er Andreeva,40,2023-12-15 15:10:19.540,1.67,2023-12-15 15:30:00,
1.222557898,27187697,Erika Andreeva,El Cocciaretto v Er Andreeva,50,2023-12-15 16:18:17.973,1.7,2023-12-15 16:30:00,
1.222557898,27187697,Erika Andreeva,El Cocciaretto v Er Andreeva,60,2023-12-15 16:33:09.581,1.71,2023-12-15 16:45:00,
1.222557898,27187697,Erika Andreeva,El Cocciaretto v Er Andreeva,70,2023-12-15 17:07:26.796,1.67,2023-12-15 17:25:00,
1.222557898,27187697,Erika Andreeva,El Cocciaretto v Er Andreeva,80,2023-12-15 17:37:16.998,1.69,2023-12-15 17:50:00,
1.222557898,27187697,Erika Andreeva,El Cocciaretto v Er Andreeva,90,2023-12-15 17:55:43.751,1.72,2023-12-15 18:00:00,
1.222557898,27187697,Erika Andreeva,El Cocciaretto v Er Andreeva,100,2023-12-15 18:58:16.325,1.75,2023-12-15 19:00:00,
1.222570613,53847207,T Tischner,A Gurmendi v T Tischner,0,2023-12-15 11:43:11.813,1.11,2023-12-15 16:00:00,
1.222570613,53847207,T Tischner,Alexi Gurmendi v To Tischner,10,2023-12-15 13:59:12.299,6.0,2023-12-15 16:02:00,
1.222570613,53847207,T Tischner,Alexi Gurmendi v To Tischner,20,2023-12-15 14:03:16.736,5.0,2023-12-15 16:17:00,
1.222570613,53847207,T Tischner,Alexi Gurmendi v To Tischner,30,2023-12-15 14:05:23.678,3.0,2023-12-15 16:17:00,
1.222570613,53847207,T Tischner,Alexi Gurmendi v To Tischner,40,2023-12-15 14:09:17.077,5.0,2023-12-15 16:05:00,
1.222570613,53847207,T Tischner,Alexi Gurmendi v To Tischner,50,2023-12-15 14:11:18.728,3.0,2023-12-15 16:05:00,
1.222570613,53847207,T Tischner,Alexi Gurmendi v To Tischner,60,2023-12-15 14:13:09.761,6.0,2023-12-15 16:05:00,
1.222570613,53847207,T Tischner,Alexi Gurmendi v To Tischner,70,2023-12-15 15:32:24.762,4.0,2023-12-15 16:05:00,
1.222570613,53847207,T Tischner,Alexi Gurmendi v To Tischner,80,2023-12-15 15:33:20.112,1.4,2023-12-15 16:05:00,
1.222570613,53847207,T Tischner,Alexi Gurmendi v To Tischner,90,2023-12-15 15:35:23.838,4.0,2023-12-15 16:05:00,
1.222570613,53847207,T Tischner,Alexi Gurmendi v To Tischner,100,2023-12-15 15:37:20.742,1.5,2023-12-15 16:05:00,
1.222570847,9630115,Magali Kempen,Magali Kempen v Alina Charaeva,0,2023-12-15 06:40:02.311,2.4,2023-12-15 10:00:00,
1.222570847,9630115,Magali Kempen,Magali Kempen v Alina Charaeva,10,2023-12-15 15:15:06.126,2.52,2023-12-15 17:00:00,2023-12-15 11:46:42.854
1.222570847,9630115,Magali Kempen,Magali Kempen v Alina Charaeva,20,2023-12-16 08:11:09.225,3.5,2023-12-16 08:30:00,2023-12-15 11:46:42.854
1.222570847,9630115,Magali Kempen,Magali Kempen v Alina Charaeva,30,2023-12-16 08:29:59.270,2.78,2023-12-16 08:30:00,2023-12-15 11:46:42.854
1.222570847,9630115,Magali Kempen,Magali Kempen v Alina Charaeva,40,2023-12-18 00:09:55.117,3.5,2023-12-18 08:00:00,2023-12-15 11:46:42.854
1.222570847,9630115,Magali Kempen,Magali Kempen v Alina Charaeva,50,2023-12-18 03:32:38.088,3.1,2023-12-18 08:00:00,2023-12-15 11:46:42.854
1.222570847,9630115,Magali Kempen,Magali Kempen v Alina Charaeva,60,2023-12-18 04:35:01.879,3.75,2023-12-18 08:00:00,2023-12-15 11:46:42.854
1.222570847,9630115,Magali Kempen,Magali Kempen v Alina Charaeva,70,2023-12-18 05:21:55.274,3.05,2023-12-18 08:00:00,2023-12-15 11:46:42.854
1.222570847,9630115,Magali Kempen,Magali Kempen v Alina Charaeva,80,2023-12-18 05:51:06.855,3.0,2023-12-18 08:00:00,2023-12-15 11:46:42.854
1.222570847,9630115,Magali Kempen,Magali Kempen v Alina Charaeva,90,2023-12-18 06:04:08.403,3.0,2023-12-18 08:00:00,2023-12-15 11:46:42.854
1.222570847,9630115,Magali Kempen,Magali Kempen v Alina Charaeva,100,2023-12-18 07:56:02.739,3.2,2023-12-18 08:00:00,2023-12-15 11:46:42.854
1.222570847,21651950,Alina Charaeva,Magali Kempen v Alina Charaeva,0,2023-12-15 08:53:56.672,1.41,2023-12-15 11:00:00,
1.222570847,21651950,Alina Charaeva,Magali Kempen v Alina Charaeva,10,2023-12-15 19:32:12.913,1.81,2023-12-16 08:30:00,2023-12-15 11:46:42.854
1.222570847,21651950,Alina Charaeva,Magali Kempen v Alina Charaeva,20,2023-12-16 08:29:59.270,1.56,2023-12-16 08:30:00,2023-12-15 11:46:42.854
1.222570847,21651950,Alina Charaeva,Magali Kempen v Alina Charaeva,30,2023-12-18 00:10:42.848,1.48,2023-12-18 08:00:00,2023-12-15 11:46:42.854
1.222570847,21651950,Alina Charaeva,Magali Kempen v Alina Charaeva,40,2023-12-18 04:05:05.271,1.3,2023-12-18 08:00:00,2023-12-15 11:46:42.854
1.222570847,21651950,Alina Charaeva,Magali Kempen v Alina Charaeva,50,2023-12-18 04:58:10.729,1.26,2023-12-18 08:00:00,2023-12-15 11:46:42.854
1.222570847,21651950,Alina Charaeva,Magali Kempen v Alina Charaeva,60,2023-12-18 05:29:02.789,1.27,2023-12-18 08:00:00,2023-12-15 11:46:42.854
1.222570847,21651950,Alina Charaeva,Magali Kempen v Alina Charaeva,70,2023-12-18 05:52:59.138,1.31,2023-12-18 08:00:00,2023-12-15 11:46:42.854
1.222570847,21651950,Alina Charaeva,Magali Kempen v Alina Charaeva,80,2023-12-18 06:08:05.123,1.48,2023-12-18 08:00:00,2023-12-15 11:46:42.854
1.222570847,21651950,Alina Charaeva,Magali Kempen v Alina Charaeva,90,2023-12-18 07:07:00.560,1.5,2023-12-18 08:00:00,2023-12-15 11:46:42.854
1.222570847,21651950,Alina Charaeva,Magali Kempen v Alina Charaeva,100,2023-12-18 07:57:50.221,1.35,2023-12-18 08:00:00,2023-12-15 11:46:42.854
1.222579905,39490080,Lola Radivojevic,Alexandra Vecic v Lola Radivojevic,0,2023-12-15 15:52:51.723,3.35,2023-12-15 16:00:00,2023-12-15 14:12:10.100
1.222579905,39490080,Lola Radivojevic,Alexandra Vecic v Lola Radivojevic,10,2023-12-15 15:56:06.030,1.23,2023-12-15 16:00:00,2023-12-15 14:12:10.100
1.222579905,39490080,Lola Radivojevic,Alexandra Vecic v Lola Radivojevic,20,2023-12-15 15:58:03.864,1.26,2023-12-15 16:00:00,2023-12-15 14:12:10.100
1.222579905,39490080,Lola Radivojevic,Alexandra Vecic v Lola Radivojevic,30,2023-12-15 19:07:58.061,1.55,2023-12-16 08:30:00,2023-12-15 14:12:10.100
1.222579905,39490080,Lola Radivojevic,Alexandra Vecic v Lola Radivojevic,40,2023-12-16 05:25:17.704,1.74,2023-12-16 08:30:00,2023-12-15 14:12:10.100
1.222579905,39490080,Lola Radivojevic,Alexandra Vecic v Lola Radivojevic,50,2023-12-16 05:27:11.431,1.56,2023-12-16 08:30:00,2023-12-15 14:12:10.100
1.222579905,39490080,Lola Radivojevic,Alexandra Vecic v Lola Radivojevic,60,2023-12-16 05:41:33.039,1.74,2023-12-16 08:30:00,2023-12-15 14:12:10.100
1.222579905,39490080,Lola Radivojevic,Alexandra Vecic v Lola Radivojevic,70,2023-12-16 06:25:11.397,1.73,2023-12-16 08:30:00,2023-12-15 14:12:10.100
1.222579905,39490080,Lola Radivojevic,Alexandra Vecic v Lola Radivojevic,80,2023-12-16 06:32:00.533,1.56,2023-12-16 08:30:00,2023-12-15 14:12:10.100
1.222579905,39490080,Lola Radivojevic,Alexandra Vecic v Lola Radivojevic,90,2023-12-16 07:10:03.759,1.73,2023-12-16 08:30:00,2023-12-15 14:12:10.100
1.222579905,39490080,Lola Radivojevic,Alexandra Vecic v Lola Radivojevic,100,2023-12-16 07:45:49.062,1.74,2023-12-16 08:30:00,2023-12-15 14:12:10.100
1.22258156,9629258,Cristina Bucsa,Bucsa v Blinkova,0,2023-12-15 21:40:11.508,2.62,2023-12-16 15:30:00,
1.22258156,9629258,Cristina Bucsa,Bucsa v Blinkova,10,2023-12-16 06:02:55.861,2.44,2023-12-16 15:30:00,
1.22258156,9629258,Cristina Bucsa,Bucsa v Blinkova,20,2023-12-16 08:14:09.176,2.56,2023-12-16 15:30:00,
1.22258156,9629258,Cristina Bucsa,Bucsa v Blinkova,30,2023-12-16 10:25:28.242,2.6,2023-12-16 15:30:00,
1.22258156,9629258,Cristina Bucsa,Bucsa v Blinkova,40,2023-12-16 12:01:10.652,2.58,2023-12-16 15:30:00,
1.22258156,9629258,Cristina Bucsa,Bucsa v Blinkova,50,2023-12-16 14:52:54.480,2.58,2023-12-16 15:30:00,
1.22258156,9629258,Cristina Bucsa,Bucsa v Blinkova,60,2023-12-16 15:04:17.757,2.44,2023-12-16 15:30:00,
1.22258156,9629258,Cristina Bucsa,Bucsa v Blinkova,70,2023-12-16 15:16:19.061,2.42,2023-12-16 15:30:00,
1.22258156,9629258,Cristina Bucsa,Bucsa v Blinkova,80,2023-12-16 15:27:19.132,2.44,2023-12-16 15:40:00,
1.22258156,9629258,Cristina Bucsa,Bucsa v Blinkova,90,2023-12-16 15:33:22.836,2.36,2023-12-16 15:40:00,
1.22258156,9629258,Cristina Bucsa,Bucsa v Blinkova,100,2023-12-16 15:39:21.791,2.36,2023-12-16 15:40:00,2023-12-16 15:39:21.791
1.22258156,9635244,Anna Blinkova,Bucsa v Blinkova,0,2023-12-15 21:40:11.508,1.61,2023-12-16 15:30:00,
1.22258156,9635244,Anna Blinkova,Bucsa v Blinkova,10,2023-12-16 07:23:56.935,1.68,2023-12-16 15:30:00,
1.22258156,9635244,Anna Blinkova,Bucsa v Blinkova,20,2023-12-16 10:18:57.416,1.63,2023-12-16 15:30:00,
1.22258156,9635244,Anna Blinkova,Bucsa v Blinkova,30,2023-12-16 11:11:20.098,1.62,2023-12-16 15:30:00,
1.22258156,9635244,Anna Blinkova,Bucsa v Blinkova,40,2023-12-16 12:18:00.256,1.61,2023-12-16 15:30:00,
1.22258156,9635244,Anna Blinkova,Bucsa v Blinkova,50,2023-12-16 13:08:13.705,1.62,2023-12-16 15:30:00,
1.22258156,9635244,Anna Blinkova,Bucsa v Blinkova,60,2023-12-16 14:03:30.680,1.61,2023-12-16 15:30:00,
1.22258156,9635244,Anna Blinkova,Bucsa v Blinkova,70,2023-12-16 14:58:20.519,1.7,2023-12-16 15:30:00,
1.22258156,9635244,Anna Blinkova,Bucsa v Blinkova,80,2023-12-16 15:14:20.981,1.69,2023-12-16 15:30:00,
1.22258156,9635244,Anna Blinkova,Bucsa v Blinkova,90,2023-12-16 15:33:22.836,1.73,2023-12-16 15:40:00,
1.22258156,9635244,Anna Blinkova,Bucsa v Blinkova,100,2023-12-16 15:39:21.791,1.7,2023-12-16 15:40:00,2023-12-16 15:39:21.791
1.222586122,18848406,Elsa Jacquemot,Er Andreeva v Els Jacquemot,0,2023-12-16 01:36:53.644,3.55,2023-12-16 17:30:00,
1.222586122,18848406,Elsa Jacquemot,Er Andreeva v Els Jacquemot,10,2023-12-16 08:41:18.806,3.4,2023-12-16 17:30:00,
1.222586122,18848406,Elsa Jacquemot,Er Andreeva v Els Jacquemot,20,2023-12-16 10:38:08.857,3.5,2023-12-16 17:30:00,
1.222586122,18848406,Elsa Jacquemot,Er Andreeva v Els Jacquemot,30,2023-12-16 12:38:04.202,3.7,2023-12-16 17:30:00,
1.222586122,18848406,Elsa Jacquemot,Er Andreeva v Els Jacquemot,40,2023-12-16 15:22:04.698,3.6,2023-12-16 17:30:00,
1.222586122,18848406,Elsa Jacquemot,Er Andreeva v Els Jacquemot,50,2023-12-16 16:15:06.926,3.5,2023-12-16 17:30:00,
1.222586122,18848406,Elsa Jacquemot,Er Andreeva v Els Jacquemot,60,2023-12-16 16:39:53.290,3.5,2023-12-16 17:30:00,
1.222586122,18848406,Elsa Jacquemot,Er Andreeva v Els Jacquemot,70,2023-12-16 17:07:18.050,3.4,2023-12-16 17:30:00,
1.222586122,18848406,Elsa Jacquemot,Er Andreeva v Els Jacquemot,80,2023-12-16 17:11:19.137,3.35,2023-12-16 17:30:00,
1.222586122,18848406,Elsa Jacquemot,Er Andreeva v Els Jacquemot,90,2023-12-16 17:19:22.128,3.35,2023-12-16 17:30:00,
1.222586122,18848406,Elsa Jacquemot,Er Andreeva v Els Jacquemot,100,2023-12-16 17:29:03.390,3.4,2023-12-16 17:30:00,
1.222586122,27187697,Erika Andreeva,Er Andreeva v Els Jacquemot,0,2023-12-15 23:16:49.573,1.39,2023-12-16 17:30:00,
1.222586122,27187697,Erika Andreeva,Er Andreeva v Els Jacquemot,10,2023-12-16 06:40:02.688,1.31,2023-12-16 17:30:00,
1.222586122,27187697,Erika Andreeva,Er Andreeva v Els Jacquemot,20,2023-12-16 09:20:11.115,1.42,2023-12-16 17:30:00,
1.222586122,27187697,Erika Andreeva,Er Andreeva v Els Jacquemot,30,2023-12-16 10:38:08.857,1.4,2023-12-16 17:30:00,
1.222586122,27187697,Erika Andreeva,Er Andreeva v Els Jacquemot,40,2023-12-16 12:19:23.198,1.35,2023-12-16 17:30:00,
1.222586122,27187697,Erika Andreeva,Er Andreeva v Els Jacquemot,50,2023-12-16 14:31:58.669,1.37,2023-12-16 17:30:00,
1.222586122,27187697,Erika Andreeva,Er Andreeva v Els Jacquemot,60,2023-12-16 16:20:34.165,1.39,2023-12-16 17:30:00,
1.222586122,27187697,Erika Andreeva,Er Andreeva v Els Jacquemot,70,2023-12-16 16:57:19.809,1.4,2023-12-16 17:30:00,
1.222586122,27187697,Erika Andreeva,Er Andreeva v Els Jacquemot,80,2023-12-16 17:08:22.114,1.41,2023-12-16 17:30:00,
1.222586122,27187697,Erika Andreeva,Er Andreeva v Els Jacquemot,90,2023-12-16 17:21:15.983,1.4,2023-12-16 17:30:00,
1.222586122,27187697,Erika Andreeva,Er Andreeva v Els Jacquemot,100,2023-12-16 17:28:19.733,1.41,2023-12-16 17:30:00,
1.222586482,25082748,M Labuckas,T Tischner v M Labuckas,0,2023-12-16 12:00:41.729,1.03,2023-12-16 15:00:00,
1.222586482,25082748,M Labuckas,T Tischner v M Labuckas,10,2023-12-16 12:07:10.771,1.04,2023-12-16 15:00:00,
1.222586482,25082748,M Labuckas,T Tischner v M Labuckas,20,2023-12-16 14:38:42.043,1.15,2023-12-16 15:00:00,
1.222586482,25082748,M Labuckas,T Tischner v M Labuckas,30,2023-12-16 14:40:45.432,5.0,2023-12-16 15:00:00,
1.222586482,25082748,M Labuckas,T Tischner v M Labuckas,40,2023-12-16 14:46:43.082,1.55,2023-12-16 15:00:00,
1.222586482,25082748,M Labuckas,T Tischner v M Labuckas,50,2023-12-16 14:47:49.009,1.35,2023-12-16 15:00:00,
1.222586482,25082748,M Labuckas,T Tischner v M Labuckas,60,2023-12-16 14:48:38.004,1.28,2023-12-16 15:00:00,
1.222586482,25082748,M Labuckas,T Tischner v M Labuckas,70,2023-12-16 14:50:44.565,1.51,2023-12-16 15:00:00,
1.222586482,25082748,M Labuckas,T Tischner v M Labuckas,80,2023-12-16 14:52:47.776,4.0,2023-12-16 15:00:00,
1.222586482,25082748,M Labuckas,To Tischner v Mateo Labuckas,90,2023-12-16 15:04:39.130,1.75,2023-12-16 15:15:00,
1.222586482,25082748,M Labuckas,To Tischner v Mateo Labuckas,100,2023-12-16 15:06:47.857,4.0,2023-12-16 15:15:00,
1.222586482,53847207,T Tischner,T Tischner v M Labuckas,0,2023-12-16 12:00:41.729,1.03,2023-12-16 15:00:00,
1.222586482,53847207,T Tischner,T Tischner v M Labuckas,10,2023-12-16 14:40:45.432,4.0,2023-12-16 15:00:00,
1.222586482,53847207,T Tischner,T Tischner v M Labuckas,20,2023-12-16 14:43:48.257,1.34,2023-12-16 15:00:00,
1.222586482,53847207,T Tischner,T Tischner v M Labuckas,30,2023-12-16 14:44:44.168,2.0,2023-12-16 15:00:00,
1.222586482,53847207,T Tischner,T Tischner v M Labuckas,40,2023-12-16 14:46:43.082,3.8,2023-12-16 15:00:00,
1.222586482,53847207,T Tischner,T Tischner v M Labuckas,50,2023-12-16 14:47:49.009,4.5,2023-12-16 15:00:00,
1.222586482,53847207,T Tischner,T Tischner v M Labuckas,60,2023-12-16 14:49:45.217,1.3,2023-12-16 15:00:00,
1.222586482,53847207,T Tischner,T Tischner v M Labuckas,70,2023-12-16 14:50:44.565,2.98,2023-12-16 15:00:00,
1.222586482,53847207,T Tischner,To Tischner v Mateo Labuckas,80,2023-12-16 15:04:39.130,2.4,2023-12-16 15:15:00,
1.222586482,53847207,T Tischner,To Tischner v Mateo Labuckas,90,2023-12-16 15:05:49.747,1.44,2023-12-16 15:15:00,
1.222586482,53847207,T Tischner,To Tischner v Mateo Labuckas,100,2023-12-16 15:07:44.636,1.95,2023-12-16 15:15:00,
1.222625777,9629258,Cristina Bucsa,Els Jacquemot v Bucsa,0,2023-12-16 20:31:45.296,1.67,2023-12-17 14:30:00,
1.222625777,9629258,Cristina Bucsa,Els Jacquemot v Bucsa,10,2023-12-16 22:29:51.843,1.74,2023-12-17 14:30:00,
1.222625777,9629258,Cristina Bucsa,Els Jacquemot v Bucsa,20,2023-12-17 08:20:32.286,1.73,2023-12-17 14:30:00,
1.222625777,9629258,Cristina Bucsa,Els Jacquemot v Bucsa,30,2023-12-17 10:19:56.973,1.71,2023-12-17 14:30:00,
1.222625777,9629258,Cristina Bucsa,Els Jacquemot v Bucsa,40,2023-12-17 11:43:18.415,1.68,2023-12-17 14:30:00,
1.222625777,9629258,Cristina Bucsa,Els Jacquemot v Bucsa,50,2023-12-17 12:38:18.645,1.67,2023-12-17 14:30:00,
1.222625777,9629258,Cristina Bucsa,Els Jacquemot v Bucsa,60,2023-12-17 13:27:18.926,1.66,2023-12-17 14:30:00,
1.222625777,9629258,Cristina Bucsa,Els Jacquemot v Bucsa,70,2023-12-17 13:53:37.996,1.63,2023-12-17 14:30:00,
1.222625777,9629258,Cristina Bucsa,Els Jacquemot v Bucsa,80,2023-12-17 14:11:15.550,1.64,2023-12-17 14:30:00,
1.222625777,9629258,Cristina Bucsa,Els Jacquemot v Bucsa,90,2023-12-17 14:29:15.077,1.68,2023-12-17 14:40:00,
1.222625777,9629258,Cristina Bucsa,Els Jacquemot v Bucsa,100,2023-12-17 14:39:18.739,1.7,2023-12-17 14:40:00,
1.222625777,18848406,Elsa Jacquemot,Els Jacquemot v Bucsa,0,2023-12-16 21:49:40.129,2.42,2023-12-17 14:30:00,
1.222625777,18848406,Elsa Jacquemot,Els Jacquemot v Bucsa,10,2023-12-17 06:47:51.953,2.36,2023-12-17 14:30:00,
1.222625777,18848406,Elsa Jacquemot,Els Jacquemot v Bucsa,20,2023-12-17 11:24:15.677,2.52,2023-12-17 14:30:00,
1.222625777,18848406,Elsa Jacquemot,Els Jacquemot v Bucsa,30,2023-12-17 12:16:04.674,2.42,2023-12-17 14:30:00,
1.222625777,18848406,Elsa Jacquemot,Els Jacquemot v Bucsa,40,2023-12-17 12:52:14.133,2.48,2023-12-17 14:30:00,
1.222625777,18848406,Elsa Jacquemot,Els Jacquemot v Bucsa,50,2023-12-17 13:27:18.926,2.52,2023-12-17 14:30:00,
1.222625777,18848406,Elsa Jacquemot,Els Jacquemot v Bucsa,60,2023-12-17 13:53:11.418,2.54,2023-12-17 14:30:00,
1.222625777,18848406,Elsa Jacquemot,Els Jacquemot v Bucsa,70,2023-12-17 14:11:47.627,2.56,2023-12-17 14:30:00,
1.222625777,18848406,Elsa Jacquemot,Els Jacquemot v Bucsa,80,2023-12-17 14:22:01.561,2.52,2023-12-17 14:30:00,
1.222625777,18848406,Elsa Jacquemot,Els Jacquemot v Bucsa,90,2023-12-17 14:29:15.077,2.44,2023-12-17 14:40:00,
1.222625777,18848406,Elsa Jacquemot,Els Jacquemot v Bucsa,100,2023-12-17 14:38:10.434,2.38,2023-12-17 14:40:00,
1.222641039,9627582,F Egea,J Aguilar Cardozo v F Egea,0,2023-12-17 14:18:26.181,1.03,2023-12-17 17:30:00,
1.222641039,9627582,F Egea,J Aguilar Cardozo v F Egea,10,2023-12-17 14:21:40.130,1.04,2023-12-17 17:30:00,
1.222641039,9627582,F Egea,Jo Aguilar Cardozo v Egea,20,2023-12-18 13:12:35.755,1.25,2023-12-18 17:30:00,
1.222641039,9627582,F Egea,Jo Aguilar Cardozo v Egea,30,2023-12-18 15:20:40.101,4.7,2023-12-18 17:30:00,
1.222641039,9627582,F Egea,Jo Aguilar Cardozo v Egea,40,2023-12-18 15:22:37.744,4.5,2023-12-18 17:30:00,
1.222641039,9627582,F Egea,Jo Aguilar Cardozo v Egea,50,2023-12-18 15:27:38.751,4.7,2023-12-18 17:30:00,
1.222641039,9627582,F Egea,Jo Aguilar Cardozo v Egea,60,2023-12-18 15:29:29.393,4.0,2023-12-18 17:30:00,
1.222641039,9627582,F Egea,Jo Aguilar Cardozo v Egea,70,2023-12-18 15:35:32.816,4.7,2023-12-18 17:30:00,
1.222641039,9627582,F Egea,Jo Aguilar Cardozo v Egea,80,2023-12-18 15:42:35.070,4.8,2023-12-18 17:30:00,
1.222641039,9627582,F Egea,Jo Aguilar Cardozo v Egea,90,2023-12-18 15:43:21.307,1.31,2023-12-18 17:30:00,
1.222641039,9627582,F Egea,Jo Aguilar Cardozo v Egea,100,2023-12-19 08:14:30.395,1.69,2023-12-19 12:00:00,
1.222641039,49077005,J Aguilar Cardozo,J Aguilar Cardozo v F Egea,0,2023-12-17 14:17:33.831,1.03,2023-12-17 17:30:00,
1.222641039,49077005,J Aguilar Cardozo,J Aguilar Cardozo v F Egea,10,2023-12-17 14:20:35.736,1.04,2023-12-17 17:30:00,
1.222641039,49077005,J Aguilar Cardozo,Jo Aguilar Cardozo v Egea,20,2023-12-18 13:12:35.755,5.0,2023-12-18 17:30:00,
1.222641039,49077005,J Aguilar Cardozo,Jo Aguilar Cardozo v Egea,30,2023-12-18 15:20:40.101,1.28,2023-12-18 17:30:00,
1.222641039,49077005,J Aguilar Cardozo,Jo Aguilar Cardozo v Egea,40,2023-12-18 15:21:36.659,4.5,2023-12-18 17:30:00,
1.222641039,49077005,J Aguilar Cardozo,Jo Aguilar Cardozo v Egea,50,2023-12-18 15:24:07.844,1.3,2023-12-18 17:30:00,
1.222641039,49077005,J Aguilar Cardozo,Jo Aguilar Cardozo v Egea,60,2023-12-18 15:26:39.785,4.6,2023-12-18 17:30:00,
1.222641039,49077005,J Aguilar Cardozo,Jo Aguilar Cardozo v Egea,70,2023-12-18 15:28:36.011,4.5,2023-12-18 17:30:00,
1.222641039,49077005,J Aguilar Cardozo,Jo Aguilar Cardozo v Egea,80,2023-12-18 15:42:35.070,1.27,2023-12-18 17:30:00,
1.222641039,49077005,J Aguilar Cardozo,Jo Aguilar Cardozo v Egea,90,2023-12-18 15:43:21.307,4.3,2023-12-18 17:30:00,
1.222641039,49077005,J Aguilar Cardozo,Jo Aguilar Cardozo v Egea,100,2023-12-19 08:16:28.715,1.35,2023-12-19 12:00:00,
1.22264104,9260517,H Casanova,Casanova v And Ciurletti,0,2023-12-17 14:04:29.730,1.07,2023-12-17 14:15:00,
1.22264104,9260517,H Casanova,Casanova v And Ciurletti,10,2023-12-18 13:05:09.672,1.13,2023-12-18 15:00:00,
1.22264104,9260517,H Casanova,Casanova v And Ciurletti,20,2023-12-18 13:47:22.684,1.12,2023-12-18 15:00:00,
1.22264104,9260517,H Casanova,Casanova v And Ciurletti,30,2023-12-18 15:08:31.749,1.3,2023-12-18 15:15:00,
1.22264104,9260517,H Casanova,Casanova v And Ciurletti,40,2023-12-18 15:26:31.663,2.0,2023-12-18 15:30:00,
1.22264104,9260517,H Casanova,Casanova v And Ciurletti,50,2023-12-18 15:28:25.629,2.2,2023-12-18 15:45:00,
1.22264104,9260517,H Casanova,Casanova v And Ciurletti,60,2023-12-18 15:49:26.745,1.2,2023-12-18 16:00:00,
1.22264104,9260517,H Casanova,Casanova v And Ciurletti,70,2023-12-18 15:53:27.757,2.36,2023-12-18 16:00:00,
1.22264104,9260517,H Casanova,Casanova v And Ciurletti,80,2023-12-18 15:54:29.834,1.3,2023-12-18 16:00:00,
1.22264104,9260517,H Casanova,Casanova v And Ciurletti,90,2023-12-18 15:55:34.757,1.2,2023-12-18 16:00:00,
1.22264104,9260517,H Casanova,Casanova v And Ciurletti,100,2023-12-18 19:25:39.310,1.13,2023-12-19 18:00:00,
1.222666451,10116457,Sara Cakarevic,Miriana Tona v Sara Cakarevic,0,2023-12-18 04:38:20.619,1.6,2023-12-18 10:00:00,
1.222666451,10116457,Sara Cakarevic,Miriana Tona v Sara Cakarevic,10,2023-12-18 05:25:30.648,2.08,2023-12-18 10:00:00,
1.222666451,10116457,Sara Cakarevic,Miriana Tona v Sara Cakarevic,20,2023-12-18 08:59:34.343,1.54,2023-12-18 10:40:00,
1.222666451,10116457,Sara Cakarevic,Miriana Tona v Sara Cakarevic,30,2023-12-18 09:20:30.078,1.76,2023-12-18 10:45:00,
1.222666451,10116457,Sara Cakarevic,Miriana Tona v Sara Cakarevic,40,2023-12-18 10:00:42.170,1.64,2023-12-18 10:55:00,
1.222666451,10116457,Sara Cakarevic,Miriana Tona v Sara Cakarevic,50,2023-12-18 10:45:33.081,1.67,2023-12-18 10:55:00,
1.222666451,10116457,Sara Cakarevic,Miriana Tona v Sara Cakarevic,60,2023-12-18 10:49:30.935,1.74,2023-12-18 10:55:00,
1.222666451,10116457,Sara Cakarevic,Miriana Tona v Sara Cakarevic,70,2023-12-18 10:53:33.232,1.75,2023-12-18 11:05:00,
1.222666451,10116457,Sara Cakarevic,Miriana Tona v Sara Cakarevic,80,2023-12-18 10:55:30.924,1.74,2023-12-18 11:05:00,
1.222666451,10116457,Sara Cakarevic,Miriana Tona v Sara Cakarevic,90,2023-12-18 11:06:33.852,1.7,2023-12-18 11:15:00,
1.222666451,10116457,Sara Cakarevic,Miriana Tona v Sara Cakarevic,100,2023-12-18 11:14:41.994,1.6,2023-12-18 11:15:00,
1.22268891,9327284,Yvonne Cavalle-Reimers,Yvonne Cavalle-reimers v Martin Shana Mao,0,2023-12-18 07:06:31.690,1.03,2023-12-18 10:00:00,
1.22268891,9327284,Yvonne Cavalle-Reimers,Yvonne Cavalle-reimers v Martin Shana Mao,10,2023-12-18 07:57:25.776,1.13,2023-12-18 10:00:00,
1.22268891,9327284,Yvonne Cavalle-Reimers,Yvonne Cavalle-reimers v Martin Shana Mao,20,2023-12-18 07:58:39.756,1.14,2023-12-18 10:00:00,
1.22268891,9327284,Yvonne Cavalle-Reimers,Yvonne Cavalle-reimers v Martin Shana Mao,30,2023-12-18 08:32:35.977,1.02,2023-12-18 10:00:00,
1.22268891,9327284,Yvonne Cavalle-Reimers,Yvonne Cavalle-reimers v Martin Shana Mao,40,2023-12-18 10:02:22.452,1.04,2023-12-18 10:10:00,
1.22268891,9327284,Yvonne Cavalle-Reimers,Yvonne Cavalle-reimers v Martin Shana Mao,50,2023-12-18 10:04:07.659,1.1,2023-12-18 10:10:00,
1.22268891,9327284,Yvonne Cavalle-Reimers,Yvonne Cavalle-reimers v Martin Shana Mao,60,2023-12-18 10:05:32.729,1.05,2023-12-18 10:10:00,
1.22268891,9327284,Yvonne Cavalle-Reimers,Yvonne Cavalle-reimers v Martin Shana Mao,70,2023-12-18 10:09:37.870,1.12,2023-12-18 10:20:00,
1.22268891,9327284,Yvonne Cavalle-Reimers,Yvonne Cavalle-reimers v Martin Shana Mao,80,2023-12-18 10:10:53.619,1.06,2023-12-18 10:20:00,
1.22268891,9327284,Yvonne Cavalle-Reimers,Yvonne Cavalle-reimers v Martin Shana Mao,90,2023-12-18 10:14:30.797,1.05,2023-12-18 10:20:00,
1.22268891,9327284,Yvonne Cavalle-Reimers,Yvonne Cavalle-reimers v Martin Shana Mao,100,2023-12-18 10:20:25.763,1.06,2023-12-18 10:30:00,
1.222708711,64071973,Alina Charaev,Guiomar Maristany v Alina Charaev,0,2023-12-18 16:44:06.899,3.0,2023-12-18 20:00:00,2023-12-18 16:17:42.126
1.222708711,64071973,Alina Charaev,Guiomar Maristany v Alina Charaev,10,2023-12-18 17:11:26.338,1.01,2023-12-18 20:00:00,2023-12-18 16:17:42.126
1.222708711,64071973,Alina Charaev,Guiomar Maristany v Alina Charaeva,20,2023-12-18 17:18:16.055,1.42,2023-12-18 20:00:00,2023-12-18 16:17:42.126
1.222708711,64071973,Alina Charaev,Guiomar Maristany v Alina Charaeva,30,2023-12-18 17:21:24.938,1.1,2023-12-18 20:00:00,2023-12-18 16:17:42.126
1.222708711,64071973,Alina Charaev,Guiomar Maristany v Alina Charaeva,40,2023-12-18 17:38:28.208,1.03,2023-12-18 20:00:00,2023-12-18 16:17:42.126
1.222708711,64071973,Alina Charaev,Guiomar Maristany v Alina Charaeva,50,2023-12-18 17:39:36.458,1.04,2023-12-18 20:00:00,2023-12-18 16:17:42.126
1.222708711,64071973,Alina Charaev,Guiomar Maristany v Alina Charaeva,60,2023-12-18 17:41:30.663,1.03,2023-12-18 20:00:00,2023-12-18 16:17:42.126
1.222708711,64071973,Alina Charaev,Guiomar Maristany v Alina Charaeva,70,2023-12-18 17:43:37.064,1.02,2023-12-18 20:00:00,2023-12-18 16:17:42.126
1.222708711,64071973,Alina Charaev,Guiomar Maristany v Alina Charaeva,80,2023-12-18 17:44:38.325,1.03,2023-12-18 20:00:00,2023-12-18 16:17:42.126
1.222708711,64071973,Alina Charaev,Guiomar Maristany v Alina Charaeva,90,2023-12-18 17:48:35.068,1.02,2023-12-18 20:00:00,2023-12-18 16:17:42.126
1.222708711,64071973,Alina Charaev,Guiomar Maristany v Alina Charaeva,100,2023-12-18 17:52:35.109,1.05,2023-12-18 20:00:00,2023-12-18 16:17:42.126
1.222714174,41810748,L Urbanova,L Urbanova v L Svatikova,0,2023-12-19 08:50:00.441,1.87,2023-12-19 11:30:00,
1.222714174,41810748,L Urbanova,Urbanova v Svatikova,10,2023-12-19 09:44:04.895,1.5,2023-12-19 10:00:00,
1.222714174,41810748,L Urbanova,Urbanova v Svatikova,20,2023-12-19 10:33:34.589,1.45,2023-12-19 10:45:00,
1.222714174,41810748,L Urbanova,Urbanova v Svatikova,30,2023-12-19 10:55:20.722,1.4,2023-12-19 11:00:00,
1.222714174,41810748,L Urbanova,Urbanova v Svatikova,40,2023-12-19 11:04:03.375,1.36,2023-12-19 11:15:00,
1.222714174,41810748,L Urbanova,Urbanova v Svatikova,50,2023-12-19 11:19:18.732,1.45,2023-12-19 11:30:00,
1.222714174,41810748,L Urbanova,Urbanova v Svatikova,60,2023-12-19 11:47:14.813,1.7,2023-12-19 12:00:00,
1.222714174,41810748,L Urbanova,Urbanova v Svatikova,70,2023-12-19 11:49:12.305,1.36,2023-12-19 12:00:00,
1.222714174,41810748,L Urbanova,Urbanova v Svatikova,80,2023-12-19 11:55:17.718,1.34,2023-12-19 12:00:00,
1.222714174,41810748,L Urbanova,Urbanova v Svatikova,90,2023-12-19 11:59:55.998,1.4,2023-12-19 12:00:00,
1.222714174,41810748,L Urbanova,Urbanova v Svatikova,100,2023-12-19 12:09:17.027,1.5,2023-12-19 12:15:00,
1.222724848,14721614,S Danilov,Gi Brunkow v Sa Danilov,0,2023-12-20 05:15:58.137,1.34,2023-12-20 16:00:00,2023-12-20 02:25:45.822
1.222724848,14721614,S Danilov,Gi Brunkow v Sa Danilov,10,2023-12-20 06:04:41.245,1.25,2023-12-20 16:00:00,2023-12-20 02:25:45.822
1.222724848,14721614,S Danilov,Gi Brunkow v Sa Danilov,20,2023-12-20 09:11:55.637,1.4,2023-12-20 16:00:00,2023-12-20 02:25:45.822
1.222724848,14721614,S Danilov,Gi Brunkow v Sa Danilov,30,2023-12-20 10:54:56.327,1.17,2023-12-20 16:00:00,2023-12-20 02:25:45.822
1.222724848,14721614,S Danilov,Gi Brunkow v Sa Danilov,40,2023-12-20 12:01:46.282,1.28,2023-12-20 16:00:00,2023-12-20 02:25:45.822
1.222724848,14721614,S Danilov,Gi Brunkow v Sa Danilov,50,2023-12-20 13:37:56.719,1.28,2023-12-20 16:00:00,2023-12-20 02:25:45.822
1.222724848,14721614,S Danilov,Gi Brunkow v Sa Danilov,60,2023-12-20 14:45:56.374,1.29,2023-12-20 16:00:00,2023-12-20 02:25:45.822
1.222724848,14721614,S Danilov,Gi Brunkow v Sa Danilov,70,2023-12-20 16:28:42.400,1.13,2023-12-20 16:30:00,2023-12-20 02:25:45.822
1.222724848,14721614,S Danilov,Gi Brunkow v Sa Danilov,80,2023-12-20 17:50:50.631,1.22,2023-12-20 18:00:00,2023-12-20 02:25:45.822
1.222724848,14721614,S Danilov,Gi Brunkow v Sa Danilov,90,2023-12-20 18:55:53.765,1.26,2023-12-20 19:00:00,2023-12-20 02:25:45.822
1.222724848,14721614,S Danilov,Gi Brunkow v Sa Danilov,100,2023-12-20 19:49:56.525,1.22,2023-12-20 20:00:00,2023-12-20 02:25:45.822
1.222724848,40663152,G Brunkow,Gi Brunkow v Sa Danilov,0,2023-12-20 05:35:56.176,6.0,2023-12-20 16:00:00,2023-12-20 02:25:45.822
1.222724848,40663152,G Brunkow,Gi Brunkow v Sa Danilov,10,2023-12-20 08:59:50.552,3.35,2023-12-20 16:00:00,2023-12-20 02:25:45.822
1.222724848,40663152,G Brunkow,Gi Brunkow v Sa Danilov,20,2023-12-20 10:38:57.655,4.7,2023-12-20 16:00:00,2023-12-20 02:25:45.822
1.222724848,40663152,G Brunkow,Gi Brunkow v Sa Danilov,30,2023-12-20 11:25:19.684,4.8,2023-12-20 16:00:00,2023-12-20 02:25:45.822
1.222724848,40663152,G Brunkow,Gi Brunkow v Sa Danilov,40,2023-12-20 12:08:29.299,5.0,2023-12-20 16:00:00,2023-12-20 02:25:45.822
1.222724848,40663152,G Brunkow,Gi Brunkow v Sa Danilov,50,2023-12-20 13:43:58.178,4.2,2023-12-20 16:00:00,2023-12-20 02:25:45.822
1.222724848,40663152,G Brunkow,Gi Brunkow v Sa Danilov,60,2023-12-20 15:02:41.642,4.6,2023-12-20 16:00:00,2023-12-20 02:25:45.822
1.222724848,40663152,G Brunkow,Gi Brunkow v Sa Danilov,70,2023-12-20 17:11:47.012,4.4,2023-12-20 17:15:00,2023-12-20 02:25:45.822
1.222724848,40663152,G Brunkow,Gi Brunkow v Sa Danilov,80,2023-12-20 18:50:58.777,4.4,2023-12-20 19:00:00,2023-12-20 02:25:45.822
1.222724848,40663152,G Brunkow,Gi Brunkow v Sa Danilov,90,2023-12-20 19:22:57.122,5.1,2023-12-20 19:30:00,2023-12-20 02:25:45.822
1.222724848,40663152,G Brunkow,Gi Brunkow v Sa Danilov,100,2023-12-20 19:48:37.866,4.2,2023-12-20 20:00:00,2023-12-20 02:25:45.822
1.222749726,20136628,Maria Timofeeva,Maria Timofeeva v Humera Baharmus,0,2023-12-19 22:18:41.655,1.07,2023-12-20 04:00:00,
1.222749726,20136628,Maria Timofeeva,Maria Timofeeva v Humera Baharmus,10,2023-12-20 03:22:47.271,1.13,2023-12-20 04:00:00,
1.222749726,20136628,Maria Timofeeva,Maria Timofeeva v Humera Baharmus,20,2023-12-20 03:29:21.261,1.06,2023-12-20 04:00:00,
1.222749726,20136628,Maria Timofeeva,Maria Timofeeva v Humera Baharmus,30,2023-12-20 03:30:59.271,1.11,2023-12-20 04:00:00,
1.222749726,20136628,Maria Timofeeva,Maria Timofeeva v Humera Baharmus,40,2023-12-20 03:50:53.531,1.07,2023-12-20 04:00:00,
1.222749726,20136628,Maria Timofeeva,Maria Timofeeva v Humera Baharmus,50,2023-12-20 03:59:25.710,1.05,2023-12-20 04:00:00,
1.222749726,20136628,Maria Timofeeva,Maria Timofeeva v Humera Baharmus,60,2023-12-20 05:31:49.615,1.06,2023-12-20 06:05:00,
1.222749726,20136628,Maria Timofeeva,Maria Timofeeva v Humera Baharmus,70,2023-12-20 05:39:59.341,1.07,2023-12-20 06:05:00,
1.222749726,20136628,Maria Timofeeva,Maria Timofeeva v Humera Baharmus,80,2023-12-20 06:18:49.291,1.06,2023-12-20 06:25:00,
1.222749726,20136628,Maria Timofeeva,Maria Timofeeva v Humera Baharmus,90,2023-12-20 06:19:04.599,1.05,2023-12-20 06:25:00,
1.222749726,20136628,Maria Timofeeva,Maria Timofeeva v Humera Baharmus,100,2023-12-20 06:22:18.034,1.07,2023-12-20 06:35:00,
1.222750016,64046299,Valery Gynina,Valery Gynina v Emma Lene,0,2023-12-20 03:38:29.869,4.0,2023-12-20 06:30:00,
1.222750016,64046299,Valery Gynina,Valery Gynina v Emma Lene,10,2023-12-20 03:52:26.985,3.95,2023-12-20 06:30:00,
1.222750016,64046299,Valery Gynina,Valery Gynina v Emma Lene,20,2023-12-20 04:16:58.508,3.75,2023-12-20 06:30:00,
1.222750016,64046299,Valery Gynina,Valery Gynina v Emma Lene,30,2023-12-20 06:40:15.961,4.5,2023-12-20 08:30:00,
1.222750016,64046299,Valery Gynina,Valery Gynina v Emma Lene,40,2023-12-20 08:09:28.413,3.0,2023-12-20 08:30:00,
1.222750016,64046299,Valery Gynina,Valery Gynina v Emma Lene,50,2023-12-20 08:21:22.441,3.3,2023-12-20 08:30:00,
1.222750016,64046299,Valery Gynina,Valery Gynina v Emma Lene,60,2023-12-20 08:22:28.449,3.9,2023-12-20 08:30:00,
1.222750016,64046299,Valery Gynina,Valery Gynina v Emma Lene,70,2023-12-20 08:25:05.763,3.9,2023-12-20 08:30:00,
1.222750016,64046299,Valery Gynina,Valery Gynina v Emma Lene,80,2023-12-20 08:26:28.604,3.3,2023-12-20 08:30:00,
1.222750016,64046299,Valery Gynina,Valery Gynina v Emma Lene,90,2023-12-20 08:30:31.505,3.8,2023-12-20 08:40:00,
1.222750016,64046299,Valery Gynina,Valery Gynina v Emma Lene,100,2023-12-20 08:32:07.131,4.0,2023-12-20 08:35:00,
1.222769609,21642729,E Hadigian,Do Rolland v Hadigian,0,2023-12-21 00:13:35.913,5.1,2023-12-21 17:00:00,2023-12-20 22:34:30.684
1.222769609,21642729,E Hadigian,Do Rolland v Hadigian,10,2023-12-21 06:12:37.352,4.3,2023-12-21 17:00:00,2023-12-20 22:34:30.684
1.222769609,21642729,E Hadigian,Do Rolland v Hadigian,20,2023-12-21 09:43:37.945,5.8,2023-12-21 17:00:00,2023-12-20 22:34:30.684
1.222769609,21642729,E Hadigian,Do Rolland v Hadigian,30,2023-12-21 12:27:22.156,5.8,2023-12-21 17:00:00,2023-12-20 22:34:30.684
1.222769609,21642729,E Hadigian,Do Rolland v Hadigian,40,2023-12-21 15:59:23.800,6.0,2023-12-21 17:00:00,2023-12-20 22:34:30.684
1.222769609,21642729,E Hadigian,Do Rolland v Hadigian,50,2023-12-21 19:52:30.730,5.8,2023-12-22 17:00:00,2023-12-20 22:34:30.684
1.222769609,21642729,E Hadigian,Do Rolland v Hadigian,60,2023-12-22 04:34:18.693,4.7,2023-12-22 17:00:00,2023-12-20 22:34:30.684
1.222769609,21642729,E Hadigian,Do Rolland v Hadigian,70,2023-12-22 13:42:32.508,5.2,2023-12-22 17:00:00,2023-12-20 22:34:30.684
1.222769609,21642729,E Hadigian,Do Rolland v Hadigian,80,2023-12-22 18:58:29.976,4.3,2023-12-22 21:00:00,2023-12-20 22:34:30.684
1.222769609,21642729,E Hadigian,Do Rolland v Hadigian,90,2023-12-22 19:41:22.408,4.3,2023-12-22 21:00:00,2023-12-20 22:34:30.684
1.222769609,21642729,E Hadigian,Do Rolland v Hadigian,100,2023-12-22 23:36:22.680,5.2,2023-12-23 00:00:00,2023-12-20 22:34:30.684
1.222769609,42464931,D Rolland,Do Rolland v Hadigian,0,2023-12-21 00:08:36.561,1.21,2023-12-21 17:00:00,2023-12-20 22:34:30.684
1.222769609,42464931,D Rolland,Do Rolland v Hadigian,10,2023-12-21 04:48:24.110,1.11,2023-12-21 17:00:00,2023-12-20 22:34:30.684
1.222769609,42464931,D Rolland,Do Rolland v Hadigian,20,2023-12-21 07:19:01.684,1.19,2023-12-21 17:00:00,2023-12-20 22:34:30.684
1.222769609,42464931,D Rolland,Do Rolland v Hadigian,30,2023-12-21 10:52:34.967,1.2,2023-12-21 17:00:00,2023-12-20 22:34:30.684
1.222769609,42464931,D Rolland,Do Rolland v Hadigian,40,2023-12-21 13:40:24.812,1.22,2023-12-21 17:00:00,2023-12-20 22:34:30.684
1.222769609,42464931,D Rolland,Do Rolland v Hadigian,50,2023-12-21 17:47:21.754,1.25,2023-12-21 19:00:00,2023-12-20 22:34:30.684
1.222769609,42464931,D Rolland,Do Rolland v Hadigian,60,2023-12-21 22:46:24.523,1.17,2023-12-22 17:00:00,2023-12-20 22:34:30.684
1.222769609,42464931,D Rolland,Do Rolland v Hadigian,70,2023-12-22 08:34:19.407,1.21,2023-12-22 17:00:00,2023-12-20 22:34:30.684
1.222769609,42464931,D Rolland,Do Rolland v Hadigian,80,2023-12-22 17:06:43.898,1.26,2023-12-22 20:00:00,2023-12-20 22:34:30.684
1.222769609,42464931,D Rolland,Do Rolland v Hadigian,90,2023-12-22 19:15:37.280,1.26,2023-12-22 21:00:00,2023-12-20 22:34:30.684
1.222769609,42464931,D Rolland,Do Rolland v Hadigian,100,2023-12-22 23:36:22.680,1.23,2023-12-23 00:00:00,2023-12-20 22:34:30.684
1.222772697,9627900,P Leykina,P Leykina v N Breckova,0,2023-12-20 13:40:34.296,2.0,2023-12-21 13:00:00,
1.222772697,9627900,P Leykina,P Leykina v N Breckova,10,2023-12-20 14:00:06.264,1.98,2023-12-21 13:00:00,
1.222772697,9627900,P Leykina,P Leykina v N Breckova,20,2023-12-20 14:01:23.906,1.9,2023-12-21 13:00:00,
1.222772697,9627900,P Leykina,P Leykina v N Breckova,30,2023-12-20 14:06:27.407,1.89,2023-12-21 13:00:00,
1.222772697,9627900,P Leykina,P Leykina v N Breckova,40,2023-12-20 14:13:11.729,1.94,2023-12-21 13:00:00,
1.222772697,9627900,P Leykina,P Leykina v N Breckova,50,2023-12-21 02:10:37.342,2.22,2023-12-21 13:00:00,
1.222772697,9627900,P Leykina,P Leykina v N Breckova,60,2023-12-21 09:03:04.706,2.52,2023-12-21 13:00:00,
1.222772697,9627900,P Leykina,P Leykina v N Breckova,70,2023-12-21 09:34:57.821,2.48,2023-12-21 13:00:00,
1.222772697,9627900,P Leykina,P Leykina v N Breckova,80,2023-12-21 10:25:04.568,2.46,2023-12-21 13:00:00,
1.222772697,9627900,P Leykina,Leykina v Breckova,90,2023-12-21 11:13:26.311,2.28,2023-12-21 11:15:00,
1.222772697,9627900,P Leykina,Leykina v Breckova,100,2023-12-21 11:19:04.545,2.46,2023-12-21 11:30:00,
1.222772697,11420481,N Breckova,P Leykina v N Breckova,0,2023-12-20 13:40:34.296,2.0,2023-12-21 13:00:00,
1.222772697,11420481,N Breckova,P Leykina v N Breckova,10,2023-12-20 14:00:06.264,2.02,2023-12-21 13:00:00,
1.222772697,11420481,N Breckova,P Leykina v N Breckova,20,2023-12-20 14:01:23.906,2.1,2023-12-21 13:00:00,
1.222772697,11420481,N Breckova,P Leykina v N Breckova,30,2023-12-20 14:13:11.729,2.06,2023-12-21 13:00:00,
1.222772697,11420481,N Breckova,P Leykina v N Breckova,40,2023-12-20 14:15:43.271,2.04,2023-12-21 13:00:00,
1.222772697,11420481,N Breckova,P Leykina v N Breckova,50,2023-12-21 08:18:44.745,1.78,2023-12-21 13:00:00,
1.222772697,11420481,N Breckova,P Leykina v N Breckova,60,2023-12-21 09:03:04.706,1.65,2023-12-21 13:00:00,
1.222772697,11420481,N Breckova,P Leykina v N Breckova,70,2023-12-21 09:34:57.821,1.67,2023-12-21 13:00:00,
1.222772697,11420481,N Breckova,P Leykina v N Breckova,80,2023-12-21 09:40:06.915,1.67,2023-12-21 13:00:00,
1.222772697,11420481,N Breckova,P Leykina v N Breckova,90,2023-12-21 10:25:04.568,1.68,2023-12-21 13:00:00,
1.222772697,11420481,N Breckova,Leykina v Breckova,100,2023-12-21 11:47:23.475,1.7,2023-12-21 12:00:00,
1.222775364,7412580,Miriana Tona,Miriana Tona v Angella Okutoyi,0,2023-12-20 20:38:31.259,1.45,2023-12-21 08:30:00,
1.222775364,7412580,Miriana Tona,Miriana Tona v Angella Okutoyi,10,2023-12-20 21:38:44.717,1.54,2023-12-21 08:30:00,
1.222775364,7412580,Miriana Tona,Miriana Tona v Angella Okutoyi,20,2023-12-20 22:16:21.118,1.64,2023-12-21 08:30:00,
1.222775364,7412580,Miriana Tona,Miriana Tona v Angella Okutoyi,30,2023-12-21 05:21:03.542,1.55,2023-12-21 08:30:00,
1.222775364,7412580,Miriana Tona,Miriana Tona v Angella Okutoyi,40,2023-12-21 08:07:37.176,1.56,2023-12-21 08:35:00,
1.222775364,7412580,Miriana Tona,Miriana Tona v Angella Okutoyi,50,2023-12-21 08:20:43.953,1.66,2023-12-21 08:35:00,
1.222775364,7412580,Miriana Tona,Miriana Tona v Angella Okutoyi,60,2023-12-21 08:24:33.234,1.72,2023-12-21 08:35:00,
1.222775364,7412580,Miriana Tona,Miriana Tona v Angella Okutoyi,70,2023-12-21 09:06:45.200,1.78,2023-12-21 09:15:00,
1.222775364,7412580,Miriana Tona,Miriana Tona v Angella Okutoyi,80,2023-12-21 09:09:43.839,1.59,2023-12-21 09:15:00,
1.222775364,7412580,Miriana Tona,Miriana Tona v Angella Okutoyi,90,2023-12-21 09:12:45.224,1.78,2023-12-21 09:25:00,
1.222775364,7412580,Miriana Tona,Miriana Tona v Angella Okutoyi,100,2023-12-21 09:48:45.340,1.63,2023-12-21 09:50:00,
1.222775443,21527622,Vaidehi Chaudhari,Vaidehi Chaudhari v Weronika Baszak,0,2023-12-20 16:43:32.306,1.21,2023-12-21 04:30:00,
1.222775443,21527622,Vaidehi Chaudhari,Vaidehi Chaudhari v Weronika Baszak,10,2023-12-20 16:54:12.729,1.19,2023-12-21 04:30:00,
1.222775443,21527622,Vaidehi Chaudhari,Vaidehi Chaudhari v Weronika Baszak,20,2023-12-20 17:01:43.698,1.21,2023-12-21 04:30:00,
1.222775443,21527622,Vaidehi Chaudhari,Vaidehi Chaudhari v Weronika Baszak,30,2023-12-20 18:07:16.504,1.22,2023-12-21 04:30:00,
1.222775443,21527622,Vaidehi Chaudhari,Vaidehi Chaudhari v Weronika Baszak,40,2023-12-20 18:26:35.943,1.24,2023-12-21 04:30:00,
1.222775443,21527622,Vaidehi Chaudhari,Vaidehi Chaudhari v Weronika Baszak,50,2023-12-20 19:20:38.787,1.35,2023-12-21 04:30:00,
1.222775443,21527622,Vaidehi Chaudhari,Vaidehi Chaudhari v Weronika Baszak,60,2023-12-20 23:01:36.992,1.24,2023-12-21 04:30:00,
1.222775443,21527622,Vaidehi Chaudhari,Vaidehi Chaudhari v Weronika Baszak,70,2023-12-20 23:40:07.190,1.2,2023-12-21 04:30:00,
1.222775443,21527622,Vaidehi Chaudhari,Vaidehi Chaudhari v Weronika Baszak,80,2023-12-21 00:08:47.246,1.11,2023-12-21 04:30:00,
1.222775443,21527622,Vaidehi Chaudhari,Vaidehi Chaudhari v Weronika Baszak,90,2023-12-21 00:41:40.017,1.1,2023-12-21 04:30:00,
1.222775443,21527622,Vaidehi Chaudhari,Vaidehi Chaudhari v Weronika Baszak,100,2023-12-21 02:27:39.963,1.17,2023-12-21 04:30:00,
1.222795729,46575808,H Gamracy,S Yoon v H Gamracy,0,2023-12-21 07:48:23.498,2.98,2023-12-21 15:00:00,
1.222795729,46575808,H Gamracy,S Yoon v H Gamracy,10,2023-12-21 07:50:15.316,2.5,2023-12-21 15:00:00,
1.222795729,46575808,H Gamracy,S Yoon v H Gamracy,20,2023-12-21 07:58:17.150,2.98,2023-12-21 15:00:00,
1.222795729,46575808,H Gamracy,S Yoon v H Gamracy,30,2023-12-21 08:01:18.176,2.2,2023-12-21 15:00:00,
1.222795729,46575808,H Gamracy,S Yoon v H Gamracy,40,2023-12-21 08:06:26.669,2.98,2023-12-21 15:00:00,
1.222795729,46575808,H Gamracy,S Yoon v H Gamracy,50,2023-12-21 08:14:20.783,2.98,2023-12-21 15:00:00,
1.222795729,46575808,H Gamracy,S Yoon v H Gamracy,60,2023-12-21 08:19:41.204,2.96,2023-12-21 15:00:00,
1.222795729,46575808,H Gamracy,S Yoon v H Gamracy,70,2023-12-21 12:18:21.208,2.0,2023-12-21 15:00:00,
1.222795729,46575808,H Gamracy,S Yoon v H Gamracy,80,2023-12-21 14:37:48.386,2.92,2023-12-21 15:00:00,
1.222795729,46575808,H Gamracy,S Yoon v H Gamracy,90,2023-12-21 14:46:42.506,2.0,2023-12-21 15:00:00,
1.222795729,46575808,H Gamracy,S Yoon v H Gamracy,100,2023-12-21 14:57:28.088,3.0,2023-12-21 15:00:00,
1.22280098,9628840,Aryna Sabalenka,Mirra Andreeva v Aryna Sabalenka,0,2023-12-21 12:39:08.309,1.7,2023-12-21 17:30:00,
1.22280098,9628840,Aryna Sabalenka,Mirra Andreeva v Aryna Sabalenka,10,2023-12-21 12:41:26.070,1.69,2023-12-21 17:30:00,
1.22280098,9628840,Aryna Sabalenka,Mirra Andreeva v Aryna Sabalenka,20,2023-12-21 12:46:25.118,1.8,2023-12-21 17:30:00,
1.22280098,9628840,Aryna Sabalenka,Mirra Andreeva v Aryna Sabalenka,30,2023-12-21 12:49:23.936,1.65,2023-12-21 17:30:00,
1.22280098,9628840,Aryna Sabalenka,Mirra Andreeva v Aryna Sabalenka,40,2023-12-21 12:50:27.772,1.3,2023-12-21 17:30:00,
1.22280098,9628840,Aryna Sabalenka,Mirra Andreeva v Aryna Sabalenka,50,2023-12-21 14:32:01.155,1.35,2023-12-21 17:30:00,
1.22280098,9628840,Aryna Sabalenka,Mirra Andreeva v Aryna Sabalenka,60,2023-12-21 15:28:12.155,1.37,2023-12-21 17:30:00,
1.22280098,9628840,Aryna Sabalenka,Mirra Andreeva v Aryna Sabalenka,70,2023-12-21 15:34:22.299,1.35,2023-12-21 17:30:00,
1.22280098,9628840,Aryna Sabalenka,Mirra Andreeva v Aryna Sabalenka,80,2023-12-21 16:42:19.845,1.36,2023-12-21 17:30:00,
1.22280098,9628840,Aryna Sabalenka,Mirra Andreeva v Aryna Sabalenka,90,2023-12-21 16:54:19.270,1.41,2023-12-21 17:30:00,
1.22280098,9628840,Aryna Sabalenka,Mirra Andreeva v Aryna Sabalenka,100,2023-12-21 17:29:26.927,1.42,2023-12-21 17:30:00,
1.222801202,9629711,Casper Ruud,Casper Ruud v Taylor Fritz,0,2023-12-21 12:51:33.795,2.2,2023-12-21 13:40:00,
1.222801202,9629711,Casper Ruud,Casper Ruud v Taylor Fritz,10,2023-12-21 13:07:32.989,2.22,2023-12-21 13:40:00,
1.222801202,9629711,Casper Ruud,Casper Ruud v Taylor Fritz,20,2023-12-21 13:21:50.089,2.0,2023-12-21 13:40:00,2023-12-21 13:19:07.757
1.222801202,9629711,Casper Ruud,Casper Ruud v Taylor Fritz,30,2023-12-21 13:25:08.515,1.5,2023-12-21 13:40:00,2023-12-21 13:19:07.757
1.222801202,9629711,Casper Ruud,Casper Ruud v Taylor Fritz,40,2023-12-21 13:27:06.191,1.38,2023-12-21 13:40:00,2023-12-21 13:19:07.757
1.222801202,9629711,Casper Ruud,Casper Ruud v Taylor Fritz,50,2023-12-21 13:29:08.206,1.41,2023-12-21 13:40:00,2023-12-21 13:19:07.757
1.222801202,9629711,Casper Ruud,Casper Ruud v Taylor Fritz,60,2023-12-21 13:30:08.021,1.14,2023-12-21 13:40:00,2023-12-21 13:19:07.757
1.222801202,9629711,Casper Ruud,Casper Ruud v Taylor Fritz,70,2023-12-21 13:31:06.626,1.08,2023-12-21 13:40:00,2023-12-21 13:19:07.757
1.222801202,9629711,Casper Ruud,Casper Ruud v Taylor Fritz,80,2023-12-21 13:34:05.389,1.14,2023-12-21 13:40:00,2023-12-21 13:19:07.757
1.222801202,9629711,Casper Ruud,Casper Ruud v Taylor Fritz,90,2023-12-21 13:35:05.848,1.12,2023-12-21 13:40:00,2023-12-21 13:19:07.757
1.222801202,9629711,Casper Ruud,Casper Ruud v Taylor Fritz,100,2023-12-21 13:39:04.795,1.04,2023-12-21 13:40:00,2023-12-21 13:19:07.757
1.222801202,10279360,Taylor Fritz,Casper Ruud v Taylor Fritz,0,2023-12-21 12:39:06.127,1.82,2023-12-21 13:40:00,
1.222801202,10279360,Taylor Fritz,Casper Ruud v Taylor Fritz,10,2023-12-21 12:51:33.795,1.8,2023-12-21 13:40:00,
1.222801202,10279360,Taylor Fritz,Casper Ruud v Taylor Fritz,20,2023-12-21 13:20:48.789,2.0,2023-12-21 13:40:00,2023-12-21 13:19:07.757
1.222801202,10279360,Taylor Fritz,Casper Ruud v Taylor Fritz,30,2023-12-21 13:23:08.096,2.02,2023-12-21 13:40:00,2023-12-21 13:19:07.757
1.222801202,10279360,Taylor Fritz,Casper Ruud v Taylor Fritz,40,2023-12-21 13:27:06.191,3.65,2023-12-21 13:40:00,2023-12-21 13:19:07.757
1.222801202,10279360,Taylor Fritz,Casper Ruud v Taylor Fritz,50,2023-12-21 13:28:08.770,3.7,2023-12-21 13:40:00,2023-12-21 13:19:07.757
1.222801202,10279360,Taylor Fritz,Casper Ruud v Taylor Fritz,60,2023-12-21 13:30:08.021,8.2,2023-12-21 13:40:00,2023-12-21 13:19:07.757
1.222801202,10279360,Taylor Fritz,Casper Ruud v Taylor Fritz,70,2023-12-21 13:31:06.626,8.6,2023-12-21 13:40:00,2023-12-21 13:19:07.757
1.222801202,10279360,Taylor Fritz,Casper Ruud v Taylor Fritz,80,2023-12-21 13:35:05.848,9.4,2023-12-21 13:40:00,2023-12-21 13:19:07.757
1.222801202,10279360,Taylor Fritz,Casper Ruud v Taylor Fritz,90,2023-12-21 13:36:08.852,10.5,2023-12-21 13:40:00,2023-12-21 13:19:07.757
1.222801202,10279360,Taylor Fritz,Casper Ruud v Taylor Fritz,100,2023-12-21 13:39:04.795,26.0,2023-12-21 13:40:00,2023-12-21 13:19:07.757
1.222801203,10349398,Elena Rybakina,Iga Swiatek v Elena Rybakina,0,2023-12-21 13:38:46.142,3.1,2023-12-21 14:25:47,
1.222801203,10349398,Elena Rybakina,Iga Swiatek v Elena Rybakina,10,2023-12-21 13:51:58.941,5.1,2023-12-21 14:25:47,2023-12-21 13:45:41.458
1.222801203,10349398,Elena Rybakina,Iga Swiatek v Elena Rybakina,20,2023-12-21 13:56:00.027,4.0,2023-12-21 14:25:47,2023-12-21 13:45:41.458
1.222801203,10349398,Elena Rybakina,Iga Swiatek v Elena Rybakina,30,2023-12-21 13:57:55.725,3.9,2023-12-21 14:25:47,2023-12-21 13:45:41.458
1.222801203,10349398,Elena Rybakina,Iga Swiatek v Elena Rybakina,40,2023-12-21 14:02:00.077,5.3,2023-12-21 14:25:47,2023-12-21 13:45:41.458
1.222801203,10349398,Elena Rybakina,Iga Swiatek v Elena Rybakina,50,2023-12-21 14:05:51.089,3.35,2023-12-21 14:25:47,2023-12-21 13:45:41.458
1.222801203,10349398,Elena Rybakina,Iga Swiatek v Elena Rybakina,60,2023-12-21 14:09:57.494,3.9,2023-12-21 14:25:47,2023-12-21 13:45:41.458
1.222801203,10349398,Elena Rybakina,Iga Swiatek v Elena Rybakina,70,2023-12-21 14:16:00.021,3.0,2023-12-21 14:25:47,2023-12-21 13:45:41.458
1.222801203,10349398,Elena Rybakina,Iga Swiatek v Elena Rybakina,80,2023-12-21 14:17:59.868,5.7,2023-12-21 14:25:47,2023-12-21 13:45:41.458
1.222801203,10349398,Elena Rybakina,Iga Swiatek v Elena Rybakina,90,2023-12-21 14:21:00.462,3.4,2023-12-21 14:25:47,2023-12-21 13:45:41.458
1.222801203,10349398,Elena Rybakina,Iga Swiatek v Elena Rybakina,100,2023-12-21 14:23:57.462,2.66,2023-12-21 14:25:47,2023-12-21 13:45:41.458
1.222801203,12085633,Iga Swiatek,Iga Swiatek v Elena Rybakina,0,2023-12-21 13:07:50.631,1.35,2023-12-21 14:25:47,
1.222801203,12085633,Iga Swiatek,Iga Swiatek v Elena Rybakina,10,2023-12-21 13:48:58.780,1.33,2023-12-21 14:25:47,2023-12-21 13:45:41.458
1.222801203,12085633,Iga Swiatek,Iga Swiatek v Elena Rybakina,20,2023-12-21 13:52:59.632,1.2,2023-12-21 14:25:47,2023-12-21 13:45:41.458
1.222801203,12085633,Iga Swiatek,Iga Swiatek v Elena Rybakina,30,2023-12-21 13:57:00.163,1.31,2023-12-21 14:25:47,2023-12-21 13:45:41.458
1.222801203,12085633,Iga Swiatek,Iga Swiatek v Elena Rybakina,40,2023-12-21 14:00:59.484,1.22,2023-12-21 14:25:47,2023-12-21 13:45:41.458
1.222801203,12085633,Iga Swiatek,Iga Swiatek v Elena Rybakina,50,2023-12-21 14:04:59.116,1.39,2023-12-21 14:25:47,2023-12-21 13:45:41.458
1.222801203,12085633,Iga Swiatek,Iga Swiatek v Elena Rybakina,60,2023-12-21 14:09:57.494,1.34,2023-12-21 14:25:47,2023-12-21 13:45:41.458
1.222801203,12085633,Iga Swiatek,Iga Swiatek v Elena Rybakina,70,2023-12-21 14:14:00.283,1.41,2023-12-21 14:25:47,2023-12-21 13:45:41.458
1.222801203,12085633,Iga Swiatek,Iga Swiatek v Elena Rybakina,80,2023-12-21 14:16:59.909,1.31,2023-12-21 14:25:47,2023-12-21 13:45:41.458
1.222801203,12085633,Iga Swiatek,Iga Swiatek v Elena Rybakina,90,2023-12-21 14:21:00.462,1.34,2023-12-21 14:25:47,2023-12-21 13:45:41.458
1.222801203,12085633,Iga Swiatek,Iga Swiatek v Elena Rybakina,100,2023-12-21 14:24:52.117,1.34,2023-12-21 14:25:47,2023-12-21 13:45:41.458
1.222809887,7186714,Diana Marcinkevica,Diana Marcinkevica v Sapfo Sakellaridi,0,2023-12-21 20:29:14.719,2.8,2023-12-22 04:30:00,
1.222809887,7186714,Diana Marcinkevica,Diana Marcinkevica v Sapfo Sakellaridi,10,2023-12-21 22:24:15.895,2.88,2023-12-22 04:30:00,
1.222809887,7186714,Diana Marcinkevica,Diana Marcinkevica v Sapfo Sakellaridi,20,2023-12-22 00:36:41.291,2.8,2023-12-22 04:30:00,
1.222809887,7186714,Diana Marcinkevica,Diana Marcinkevica v Sapfo Sakellaridi,30,2023-12-22 01:05:11.202,2.92,2023-12-22 04:30:00,
1.222809887,7186714,Diana Marcinkevica,Diana Marcinkevica v Sapfo Sakellaridi,40,2023-12-22 02:21:57.660,2.74,2023-12-22 04:30:00,
1.222809887,7186714,Diana Marcinkevica,Diana Marcinkevica v Sapfo Sakellaridi,50,2023-12-22 02:47:30.358,2.92,2023-12-22 04:30:00,
1.222809887,7186714,Diana Marcinkevica,Diana Marcinkevica v Sapfo Sakellaridi,60,2023-12-22 03:41:40.730,2.74,2023-12-22 04:30:00,
1.222809887,7186714,Diana Marcinkevica,Diana Marcinkevica v Sapfo Sakellaridi,70,2023-12-22 03:56:35.250,2.8,2023-12-22 04:30:00,
1.222809887,7186714,Diana Marcinkevica,Diana Marcinkevica v Sapfo Sakellaridi,80,2023-12-22 04:00:46.225,2.76,2023-12-22 04:30:00,
1.222809887,7186714,Diana Marcinkevica,Diana Marcinkevica v Sapfo Sakellaridi,90,2023-12-22 04:03:08.810,2.74,2023-12-22 04:30:00,
1.222809887,7186714,Diana Marcinkevica,Diana Marcinkevica v Sapfo Sakellaridi,100,2023-12-22 04:06:46.798,3.0,2023-12-22 04:30:00,
1.2228099,11420481,N Breckova,K Tomajkova v N Breckova,0,2023-12-21 19:50:20.295,2.82,2023-12-22 11:30:00,
1.2228099,11420481,N Breckova,K Tomajkova v N Breckova,10,2023-12-21 20:19:14.282,2.78,2023-12-22 11:30:00,
1.2228099,11420481,N Breckova,K Tomajkova v N Breckova,20,2023-12-21 22:44:21.957,2.62,2023-12-22 11:30:00,
1.2228099,11420481,N Breckova,Tomajkova v Breckova,30,2023-12-22 09:43:04.661,2.62,2023-12-22 10:00:00,
1.2228099,11420481,N Breckova,Tomajkova v Breckova,40,2023-12-22 10:13:21.705,2.58,2023-12-22 10:30:00,
1.2228099,11420481,N Breckova,Tomajkova v Breckova,50,2023-12-22 10:31:56.797,2.68,2023-12-22 10:45:00,
1.2228099,11420481,N Breckova,Tomajkova v Breckova,60,2023-12-22 10:41:48.051,2.58,2023-12-22 10:45:00,
1.2228099,11420481,N Breckova,Tomajkova v Breckova,70,2023-12-22 10:49:28.797,2.4,2023-12-22 11:00:00,
1.2228099,11420481,N Breckova,Tomajkova v Breckova,80,2023-12-22 10:56:00.551,2.5,2023-12-22 11:00:00,
1.2228099,11420481,N Breckova,Tomajkova v Breckova,90,2023-12-22 11:28:25.475,2.38,2023-12-22 11:45:00,
1.2228099,11420481,N Breckova,Tomajkova v Breckova,100,2023-12-22 11:47:54.769,2.66,2023-12-22 12:00:00,
1.2228099,27049617,K Tomajkova,K Tomajkova v N Breckova,0,2023-12-21 19:50:55.260,1.54,2023-12-22 11:30:00,
1.2228099,27049617,K Tomajkova,K Tomajkova v N Breckova,10,2023-12-21 20:13:57.251,1.56,2023-12-22 11:30:00,
1.2228099,27049617,K Tomajkova,K Tomajkova v N Breckova,20,2023-12-22 01:02:52.751,1.61,2023-12-22 11:30:00,
1.2228099,27049617,K Tomajkova,K Tomajkova v N Breckova,30,2023-12-22 06:35:51.141,1.66,2023-12-22 11:30:00,
1.2228099,27049617,K Tomajkova,Tomajkova v Breckova,40,2023-12-22 09:43:04.661,1.61,2023-12-22 10:00:00,
1.2228099,27049617,K Tomajkova,Tomajkova v Breckova,50,2023-12-22 10:07:35.771,1.63,2023-12-22 10:15:00,
1.2228099,27049617,K Tomajkova,Tomajkova v Breckova,60,2023-12-22 10:28:03.611,1.56,2023-12-22 10:45:00,
1.2228099,27049617,K Tomajkova,Tomajkova v Breckova,70,2023-12-22 10:41:48.051,1.63,2023-12-22 10:45:00,
1.2228099,27049617,K Tomajkova,Tomajkova v Breckova,80,2023-12-22 10:46:32.008,1.69,2023-12-22 11:00:00,
1.2228099,27049617,K Tomajkova,Tomajkova v Breckova,90,2023-12-22 10:56:00.551,1.66,2023-12-22 11:00:00,
1.2228099,27049617,K Tomajkova,Tomajkova v Breckova,100,2023-12-22 11:47:54.769,1.6,2023-12-22 12:00:00,
1.222821566,19446970,A Reami,A Reami v A Urhobo,0,2023-12-22 07:52:59.476,2.8,2023-12-22 15:00:00,
1.222821566,19446970,A Reami,A Reami v A Urhobo,10,2023-12-22 07:59:00.273,3.7,2023-12-22 15:00:00,
1.222821566,19446970,A Reami,A Reami v A Urhobo,20,2023-12-22 08:31:11.071,3.4,2023-12-22 15:00:00,
1.222821566,19446970,A Reami,A Reami v A Urhobo,30,2023-12-22 11:11:50.401,2.98,2023-12-22 15:00:00,
1.222821566,19446970,A Reami,A Reami v A Urhobo,40,2023-12-22 11:22:05.428,3.1,2023-12-22 15:00:00,
1.222821566,19446970,A Reami,A Reami v A Urhobo,50,2023-12-22 11:58:08.058,1.96,2023-12-22 15:00:00,
1.222821566,19446970,A Reami,A Reami v A Urhobo,60,2023-12-22 12:12:51.644,1.97,2023-12-22 15:00:00,
1.222821566,19446970,A Reami,A Reami v A Urhobo,70,2023-12-22 13:04:06.085,2.34,2023-12-22 15:00:00,
1.222821566,19446970,A Reami,A Reami v A Urhobo,80,2023-12-22 13:32:48.692,2.9,2023-12-22 15:00:00,
1.222821566,19446970,A Reami,A Reami v A Urhobo,90,2023-12-22 14:47:00.035,2.28,2023-12-22 15:00:00,
1.222821566,19446970,A Reami,A Reami v A Urhobo,100,2023-12-22 14:57:09.287,3.4,2023-12-22 15:00:00,
1.222821566,43355622,A Urhobo,A Reami v A Urhobo,0,2023-12-22 07:54:07.354,2.8,2023-12-22 15:00:00,
1.222821566,43355622,A Urhobo,A Reami v A Urhobo,10,2023-12-22 11:05:11.219,2.18,2023-12-22 15:00:00,
1.222821566,43355622,A Urhobo,A Reami v A Urhobo,20,2023-12-22 11:20:08.107,2.0,2023-12-22 15:00:00,
1.222821566,43355622,A Urhobo,A Reami v A Urhobo,30,2023-12-22 11:33:12.306,1.8,2023-12-22 15:00:00,
1.222821566,43355622,A Urhobo,A Reami v A Urhobo,40,2023-12-22 11:56:31.584,1.85,2023-12-22 15:00:00,
1.222821566,43355622,A Urhobo,A Reami v A Urhobo,50,2023-12-22 12:17:09.719,2.14,2023-12-22 15:00:00,
1.222821566,43355622,A Urhobo,A Reami v A Urhobo,60,2023-12-22 13:04:47.991,2.06,2023-12-22 15:00:00,
1.222821566,43355622,A Urhobo,A Reami v A Urhobo,70,2023-12-22 13:53:12.379,1.5,2023-12-22 15:00:00,
1.222821566,43355622,A Urhobo,A Reami v A Urhobo,80,2023-12-22 14:16:09.488,1.45,2023-12-22 15:00:00,
1.222821566,43355622,A Urhobo,A Reami v A Urhobo,90,2023-12-22 14:47:00.035,1.78,2023-12-22 15:00:00,
1.222821566,43355622,A Urhobo,A Reami v A Urhobo,100,2023-12-22 14:57:09.287,1.42,2023-12-22 15:00:00,
1.222824415,3120169,Grigor Dimitrov,Taylor Fritz v Grigor Dimitrov,0,2023-12-22 10:14:02.851,1.7,2023-12-22 13:15:00,
1.222824415,3120169,Grigor Dimitrov,Taylor Fritz v Grigor Dimitrov,10,2023-12-22 11:13:03.079,1.42,2023-12-22 13:15:00,
1.222824415,3120169,Grigor Dimitrov,Taylor Fritz v Grigor Dimitrov,20,2023-12-22 11:55:07.574,2.6,2023-12-22 13:15:00,
1.222824415,3120169,Grigor Dimitrov,Taylor Fritz v Grigor Dimitrov,30,2023-12-22 12:32:08.104,1.54,2023-12-22 13:15:00,
1.222824415,3120169,Grigor Dimitrov,Taylor Fritz v Grigor Dimitrov,40,2023-12-22 12:35:08.239,2.6,2023-12-22 13:15:00,
1.222824415,3120169,Grigor Dimitrov,Taylor Fritz v Grigor Dimitrov,50,2023-12-22 12:36:58.713,2.62,2023-12-22 13:15:00,
1.222824415,3120169,Grigor Dimitrov,Taylor Fritz v Grigor Dimitrov,60,2023-12-22 12:39:02.126,2.58,2023-12-22 13:15:00,
1.222824415,3120169,Grigor Dimitrov,Taylor Fritz v Grigor Dimitrov,70,2023-12-22 12:42:46.930,1.64,2023-12-22 13:15:00,
1.222824415,3120169,Grigor Dimitrov,Taylor Fritz v Grigor Dimitrov,80,2023-12-22 12:45:03.703,1.7,2023-12-22 13:15:00,
1.222824415,3120169,Grigor Dimitrov,Taylor Fritz v Grigor Dimitrov,90,2023-12-22 12:45:55.787,1.73,2023-12-22 13:15:00,
1.222824415,3120169,Grigor Dimitrov,Taylor Fritz v Grigor Dimitrov,100,2023-12-22 13:01:24.333,2.3,2023-12-22 13:15:00,
1.222824415,10279360,Taylor Fritz,Taylor Fritz v Grigor Dimitrov,0,2023-12-22 11:13:03.079,1.56,2023-12-22 13:15:00,
1.222824415,10279360,Taylor Fritz,Taylor Fritz v Grigor Dimitrov,10,2023-12-22 11:55:07.574,2.6,2023-12-22 13:15:00,
1.222824415,10279360,Taylor Fritz,Taylor Fritz v Grigor Dimitrov,20,2023-12-22 12:33:08.559,2.8,2023-12-22 13:15:00,
1.222824415,10279360,Taylor Fritz,Taylor Fritz v Grigor Dimitrov,30,2023-12-22 12:38:03.662,2.7,2023-12-22 13:15:00,
1.222824415,10279360,Taylor Fritz,Taylor Fritz v Grigor Dimitrov,40,2023-12-22 12:43:36.214,1.7,2023-12-22 13:15:00,
1.222824415,10279360,Taylor Fritz,Taylor Fritz v Grigor Dimitrov,50,2023-12-22 12:45:55.787,2.36,2023-12-22 13:15:00,
1.222824415,10279360,Taylor Fritz,Taylor Fritz v Grigor Dimitrov,60,2023-12-22 12:46:46.121,1.71,2023-12-22 13:15:00,
1.222824415,10279360,Taylor Fritz,Taylor Fritz v Grigor Dimitrov,70,2023-12-22 12:47:38.283,2.36,2023-12-22 13:15:00,
1.222824415,10279360,Taylor Fritz,Taylor Fritz v Grigor Dimitrov,80,2023-12-22 12:58:01.396,2.0,2023-12-22 13:15:00,
1.222824415,10279360,Taylor Fritz,Taylor Fritz v Grigor Dimitrov,90,2023-12-22 13:01:24.333,1.76,2023-12-22 13:15:00,
1.222824415,10279360,Taylor Fritz,Taylor Fritz v Grigor Dimitrov,100,2023-12-22 13:13:09.254,1.85,2023-12-22 13:15:00,
1.222824416,19924831,Daniil Medvedev,Daniil Medvedev v Hubert Hurkacz,0,2023-12-22 13:33:09.267,1.5,2023-12-22 16:15:00,
1.222824416,19924831,Daniil Medvedev,Daniil Medvedev v Hubert Hurkacz,10,2023-12-22 14:40:01.295,1.5,2023-12-22 16:15:00,
1.222824416,19924831,Daniil Medvedev,Daniil Medvedev v Hubert Hurkacz,20,2023-12-22 15:43:17.594,1.54,2023-12-22 16:15:00,
1.222824416,19924831,Daniil Medvedev,Daniil Medvedev v Hubert Hurkacz,30,2023-12-22 15:59:40.498,1.52,2023-12-22 16:15:00,
1.222824416,19924831,Daniil Medvedev,Daniil Medvedev v Hubert Hurkacz,40,2023-12-22 16:07:35.170,1.52,2023-12-22 16:15:00,
1.222824416,19924831,Daniil Medvedev,Daniil Medvedev v Hubert Hurkacz,50,2023-12-22 16:51:48.112,1.43,2023-12-22 17:45:00,
1.222824416,19924831,Daniil Medvedev,Daniil Medvedev v Hubert Hurkacz,60,2023-12-22 17:04:21.239,1.51,2023-12-22 17:45:00,
1.222824416,19924831,Daniil Medvedev,Daniil Medvedev v Hubert Hurkacz,70,2023-12-22 17:11:27.316,1.52,2023-12-22 17:45:00,
1.222824416,19924831,Daniil Medvedev,Daniil Medvedev v Hubert Hurkacz,80,2023-12-22 17:39:31.194,1.52,2023-12-22 17:45:00,
1.222824416,19924831,Daniil Medvedev,Daniil Medvedev v Hubert Hurkacz,90,2023-12-22 17:52:25.715,1.49,2023-12-22 18:15:00,
1.222824416,19924831,Daniil Medvedev,Daniil Medvedev v Hubert Hurkacz,100,2023-12-22 18:08:34.275,1.46,2023-12-22 18:15:00,
1.222824416,19924838,Hubert Hurkacz,Daniil Medvedev v Hubert Hurkacz,0,2023-12-22 14:40:01.295,3.0,2023-12-22 16:15:00,
1.222824416,19924838,Hubert Hurkacz,Daniil Medvedev v Hubert Hurkacz,10,2023-12-22 15:57:29.277,2.88,2023-12-22 16:15:00,
1.222824416,19924838,Hubert Hurkacz,Daniil Medvedev v Hubert Hurkacz,20,2023-12-22 15:59:40.498,2.92,2023-12-22 16:15:00,
1.222824416,19924838,Hubert Hurkacz,Daniil Medvedev v Hubert Hurkacz,30,2023-12-22 17:04:21.239,2.92,2023-12-22 17:45:00,
1.222824416,19924838,Hubert Hurkacz,Daniil Medvedev v Hubert Hurkacz,40,2023-12-22 17:05:34.243,2.8,2023-12-22 17:45:00,
1.222824416,19924838,Hubert Hurkacz,Daniil Medvedev v Hubert Hurkacz,50,2023-12-22 17:19:58.399,2.9,2023-12-22 17:45:00,
1.222824416,19924838,Hubert Hurkacz,Daniil Medvedev v Hubert Hurkacz,60,2023-12-22 17:35:10.883,3.1,2023-12-22 17:45:00,
1.222824416,19924838,Hubert Hurkacz,Daniil Medvedev v Hubert Hurkacz,70,2023-12-22 17:38:10.894,3.05,2023-12-22 17:45:00,
1.222824416,19924838,Hubert Hurkacz,Daniil Medvedev v Hubert Hurkacz,80,2023-12-22 17:42:21.567,3.0,2023-12-22 17:45:00,
1.222824416,19924838,Hubert Hurkacz,Daniil Medvedev v Hubert Hurkacz,90,2023-12-22 17:43:10.828,3.1,2023-12-22 17:45:00,
1.222824416,19924838,Hubert Hurkacz,Daniil Medvedev v Hubert Hurkacz,100,2023-12-22 18:08:34.275,3.15,2023-12-22 18:15:00,
1.222824418,9628840,Aryna Sabalenka,Elena Rybakina v Aryna Sabalenka,0,2023-12-22 10:29:03.554,1.12,2023-12-22 14:00:00,
1.222824418,9628840,Aryna Sabalenka,Elena Rybakina v Aryna Sabalenka,10,2023-12-22 11:56:22.134,1.92,2023-12-22 14:00:00,
1.222824418,9628840,Aryna Sabalenka,Elena Rybakina v Aryna Sabalenka,20,2023-12-22 13:33:40.264,1.74,2023-12-22 14:00:00,
1.222824418,9628840,Aryna Sabalenka,Elena Rybakina v Aryna Sabalenka,30,2023-12-22 13:43:44.098,1.88,2023-12-22 14:00:00,
1.222824418,9628840,Aryna Sabalenka,Elena Rybakina v Aryna Sabalenka,40,2023-12-22 14:28:52.191,1.72,2023-12-22 14:45:00,2023-12-22 14:28:52.191
1.222824418,9628840,Aryna Sabalenka,Elena Rybakina v Aryna Sabalenka,50,2023-12-22 14:31:53.951,1.56,2023-12-22 14:45:00,2023-12-22 14:28:52.191
1.222824418,9628840,Aryna Sabalenka,Elena Rybakina v Aryna Sabalenka,60,2023-12-22 14:33:53.971,1.78,2023-12-22 14:45:00,2023-12-22 14:28:52.191
1.222824418,9628840,Aryna Sabalenka,Elena Rybakina v Aryna Sabalenka,70,2023-12-22 14:36:51.083,2.16,2023-12-22 14:45:00,2023-12-22 14:28:52.191
1.222824418,9628840,Aryna Sabalenka,Elena Rybakina v Aryna Sabalenka,80,2023-12-22 14:39:54.308,3.05,2023-12-22 14:45:00,2023-12-22 14:28:52.191
1.222824418,9628840,Aryna Sabalenka,Elena Rybakina v Aryna Sabalenka,90,2023-12-22 14:41:54.362,4.0,2023-12-22 14:45:00,2023-12-22 14:28:52.191
1.222824418,9628840,Aryna Sabalenka,Elena Rybakina v Aryna Sabalenka,100,2023-12-22 14:44:54.050,2.0,2023-12-22 14:45:00,2023-12-22 14:28:52.191
1.222824418,10349398,Elena Rybakina,Elena Rybakina v Aryna Sabalenka,0,2023-12-22 10:39:54.246,1.12,2023-12-22 14:00:00,
1.222824418,10349398,Elena Rybakina,Elena Rybakina v Aryna Sabalenka,10,2023-12-22 12:30:47.179,2.08,2023-12-22 14:00:00,
1.222824418,10349398,Elena Rybakina,Elena Rybakina v Aryna Sabalenka,20,2023-12-22 13:09:23.725,2.26,2023-12-22 14:00:00,
1.222824418,10349398,Elena Rybakina,Elena Rybakina v Aryna Sabalenka,30,2023-12-22 14:10:44.855,2.26,2023-12-22 14:45:00,
1.222824418,10349398,Elena Rybakina,Elena Rybakina v Aryna Sabalenka,40,2023-12-22 14:30:51.688,3.6,2023-12-22 14:45:00,2023-12-22 14:28:52.191
1.222824418,10349398,Elena Rybakina,Elena Rybakina v Aryna Sabalenka,50,2023-12-22 14:32:54.011,3.4,2023-12-22 14:45:00,2023-12-22 14:28:52.191
1.222824418,10349398,Elena Rybakina,Elena Rybakina v Aryna Sabalenka,60,2023-12-22 14:34:53.061,2.0,2023-12-22 14:45:00,2023-12-22 14:28:52.191
1.222824418,10349398,Elena Rybakina,Elena Rybakina v Aryna Sabalenka,70,2023-12-22 14:38:54.443,1.66,2023-12-22 14:45:00,2023-12-22 14:28:52.191
1.222824418,10349398,Elena Rybakina,Elena Rybakina v Aryna Sabalenka,80,2023-12-22 14:40:53.903,1.68,2023-12-22 14:45:00,2023-12-22 14:28:52.191
1.222824418,10349398,Elena Rybakina,Elena Rybakina v Aryna Sabalenka,90,2023-12-22 14:42:51.731,1.25,2023-12-22 14:45:00,2023-12-22 14:28:52.191
1.222824418,10349398,Elena Rybakina,Elena Rybakina v Aryna Sabalenka,100,2023-12-22 14:44:54.050,2.0,2023-12-22 14:45:00,2023-12-22 14:28:52.191
1.22282442,5248977,Caroline Garcia,Sofia Kenin v Caroline Garcia,0,2023-12-22 16:46:40.406,1.72,2023-12-22 18:30:00,
1.22282442,5248977,Caroline Garcia,Sofia Kenin v Caroline Garcia,10,2023-12-22 17:45:24.990,2.0,2023-12-22 18:30:00,2023-12-22 17:43:27.954
1.22282442,5248977,Caroline Garcia,Sofia Kenin v Caroline Garcia,20,2023-12-22 17:50:27.083,1.62,2023-12-22 18:30:00,2023-12-22 17:43:27.954
1.22282442,5248977,Caroline Garcia,Sofia Kenin v Caroline Garcia,30,2023-12-22 17:54:29.566,1.48,2023-12-22 18:30:00,2023-12-22 17:43:27.954
1.22282442,5248977,Caroline Garcia,Sofia Kenin v Caroline Garcia,40,2023-12-22 17:57:28.729,1.5,2023-12-22 18:30:00,2023-12-22 17:43:27.954
1.22282442,5248977,Caroline Garcia,Sofia Kenin v Caroline Garcia,50,2023-12-22 18:01:29.162,1.95,2023-12-22 18:30:00,2023-12-22 17:43:27.954
1.22282442,5248977,Caroline Garcia,Sofia Kenin v Caroline Garcia,60,2023-12-22 18:05:27.551,1.57,2023-12-22 18:30:00,2023-12-22 17:43:27.954
1.22282442,5248977,Caroline Garcia,Sofia Kenin v Caroline Garcia,70,2023-12-22 18:08:29.437,1.9,2023-12-22 18:30:00,2023-12-22 17:43:27.954
1.22282442,5248977,Caroline Garcia,Sofia Kenin v Caroline Garcia,80,2023-12-22 18:12:29.372,1.74,2023-12-22 18:30:00,2023-12-22 17:43:27.954
1.22282442,5248977,Caroline Garcia,Sofia Kenin v Caroline Garcia,90,2023-12-22 18:16:29.456,2.56,2023-12-22 18:30:00,2023-12-22 17:43:27.954
1.22282442,5248977,Caroline Garcia,Sofia Kenin v Caroline Garcia,100,2023-12-22 18:21:15.440,13.5,2023-12-22 18:30:00,2023-12-22 17:43:27.954
1.22282442,9149629,Sofia Kenin,Sofia Kenin v Caroline Garcia,0,2023-12-22 16:33:19.284,2.4,2023-12-22 18:30:00,
1.22282442,9149629,Sofia Kenin,Sofia Kenin v Caroline Garcia,10,2023-12-22 16:46:40.406,2.38,2023-12-22 18:30:00,
1.22282442,9149629,Sofia Kenin,Sofia Kenin v Caroline Garcia,20,2023-12-22 17:45:24.990,1.5,2023-12-22 18:30:00,2023-12-22 17:43:27.954
1.22282442,9149629,Sofia Kenin,Sofia Kenin v Caroline Garcia,30,2023-12-22 17:53:29.337,3.55,2023-12-22 18:30:00,2023-12-22 17:43:27.954
1.22282442,9149629,Sofia Kenin,Sofia Kenin v Caroline Garcia,40,2023-12-22 17:57:28.729,2.98,2023-12-22 18:30:00,2023-12-22 17:43:27.954
1.22282442,9149629,Sofia Kenin,Sofia Kenin v Caroline Garcia,50,2023-12-22 18:01:29.162,2.06,2023-12-22 18:30:00,2023-12-22 17:43:27.954
1.22282442,9149629,Sofia Kenin,Sofia Kenin v Caroline Garcia,60,2023-12-22 18:05:27.551,2.62,2023-12-22 18:30:00,2023-12-22 17:43:27.954
1.22282442,9149629,Sofia Kenin,Sofia Kenin v Caroline Garcia,70,2023-12-22 18:08:29.437,2.0,2023-12-22 18:30:00,2023-12-22 17:43:27.954
1.22282442,9149629,Sofia Kenin,Sofia Kenin v Caroline Garcia,80,2023-12-22 18:12:29.372,2.42,2023-12-22 18:30:00,2023-12-22 17:43:27.954
1.22282442,9149629,Sofia Kenin,Sofia Kenin v Caroline Garcia,90,2023-12-22 18:17:27.856,2.12,2023-12-22 18:30:00,2023-12-22 17:43:27.954
1.22282442,9149629,Sofia Kenin,Sofia Kenin v Caroline Garcia,100,2023-12-22 18:21:15.440,1.08,2023-12-22 18:30:00,2023-12-22 17:43:27.954
1.222830862,36476507,Lena Papadakis,Lena Papadakis v Angella Okutoyi,0,2023-12-22 18:46:37.910,1.9,2023-12-23 07:00:00,
1.222830862,36476507,Lena Papadakis,Lena Papadakis v Angella Okutoyi,10,2023-12-22 20:54:19.061,1.83,2023-12-23 07:00:00,
1.222830862,36476507,Lena Papadakis,Lena Papadakis v Angella Okutoyi,20,2023-12-22 22:28:38.990,1.9,2023-12-23 07:00:00,
1.222830862,36476507,Lena Papadakis,Lena Papadakis v Angella Okutoyi,30,2023-12-22 23:15:19.150,1.83,2023-12-23 07:00:00,
1.222830862,36476507,Lena Papadakis,Lena Papadakis v Angella Okutoyi,40,2023-12-23 00:40:26.369,1.72,2023-12-23 07:00:00,
1.222830862,36476507,Lena Papadakis,Lena Papadakis v Angella Okutoyi,50,2023-12-23 02:40:21.317,1.7,2023-12-23 07:00:00,
1.222830862,36476507,Lena Papadakis,Lena Papadakis v Angella Okutoyi,60,2023-12-23 04:40:21.192,1.71,2023-12-23 07:00:00,
1.222830862,36476507,Lena Papadakis,Lena Papadakis v Angella Okutoyi,70,2023-12-23 06:02:46.217,1.7,2023-12-23 07:00:00,
1.222830862,36476507,Lena Papadakis,Lena Papadakis v Angella Okutoyi,80,2023-12-23 07:16:46.362,1.74,2023-12-23 08:00:00,
1.222830862,36476507,Lena Papadakis,Lena Papadakis v Angella Okutoyi,90,2023-12-23 07:22:27.264,1.68,2023-12-23 08:00:00,
1.222830862,36476507,Lena Papadakis,Lena Papadakis v Angella Okutoyi,100,2023-12-23 07:39:27.682,1.67,2023-12-23 08:00:00,
1.222830866,40027477,Sahaja Yamalapalli,Sahaja Yamalapalli v Saki Imamura,0,2023-12-22 16:02:26.348,1.12,2023-12-23 04:30:00,2023-12-22 13:13:32.799
1.222830866,40027477,Sahaja Yamalapalli,Sahaja Yamalapalli v Saki Imamura,10,2023-12-22 18:07:51.190,1.06,2023-12-23 04:30:00,2023-12-22 13:13:32.799
1.222830866,40027477,Sahaja Yamalapalli,Sahaja Yamalapalli v Saki Imamura,20,2023-12-22 18:12:15.471,1.5,2023-12-23 04:30:00,2023-12-22 13:13:32.799
1.222830866,40027477,Sahaja Yamalapalli,Sahaja Yamalapalli v Saki Imamura,30,2023-12-22 18:15:19.568,1.14,2023-12-23 04:30:00,2023-12-22 13:13:32.799
1.222830866,40027477,Sahaja Yamalapalli,Sahaja Yamalapalli v Saki Imamura,40,2023-12-22 18:20:14.199,1.55,2023-12-23 04:30:00,2023-12-22 13:13:32.799
1.222830866,40027477,Sahaja Yamalapalli,Sahaja Yamalapalli v Saki Imamura,50,2023-12-22 18:40:21.386,1.61,2023-12-23 04:30:00,2023-12-22 13:13:32.799
1.222830866,40027477,Sahaja Yamalapalli,Sahaja Yamalapalli v Saki Imamura,60,2023-12-22 22:40:20.990,1.72,2023-12-23 04:30:00,2023-12-22 13:13:32.799
1.222830866,40027477,Sahaja Yamalapalli,Sahaja Yamalapalli v Saki Imamura,70,2023-12-23 03:17:46.686,1.7,2023-12-23 04:30:00,2023-12-22 13:13:32.799
1.222830866,40027477,Sahaja Yamalapalli,Sahaja Yamalapalli v Saki Imamura,80,2023-12-23 03:31:11.218,1.54,2023-12-23 04:30:00,2023-12-22 13:13:32.799
1.222830866,40027477,Sahaja Yamalapalli,Sahaja Yamalapalli v Saki Imamura,90,2023-12-23 04:21:36.305,1.58,2023-12-23 04:30:00,2023-12-22 13:13:32.799
1.222830866,40027477,Sahaja Yamalapalli,Sahaja Yamalapalli v Saki Imamura,100,2023-12-23 04:28:20.163,1.57,2023-12-23 04:30:00,2023-12-22 13:13:32.799
1.222832829,9627900,P Leykina,P Leykina v E Tichackova,0,2023-12-22 18:26:01.986,1.12,2023-12-23 09:00:00,2023-12-22 18:01:33.055
1.222832829,9627900,P Leykina,P Leykina v E Tichackova,10,2023-12-22 18:26:47.708,4.5,2023-12-23 09:00:00,2023-12-22 18:01:33.055
1.222832829,9627900,P Leykina,P Leykina v E Tichackova,20,2023-12-22 19:04:02.833,3.0,2023-12-23 09:00:00,2023-12-22 18:01:33.055
1.222832829,9627900,P Leykina,P Leykina v E Tichackova,30,2023-12-22 19:10:22.794,2.98,2023-12-23 09:00:00,2023-12-22 18:01:33.055
1.222832829,9627900,P Leykina,P Leykina v E Tichackova,40,2023-12-22 19:11:57.884,3.0,2023-12-23 09:00:00,2023-12-22 18:01:33.055
1.222832829,9627900,P Leykina,P Leykina v E Tichackova,50,2023-12-22 23:28:45.294,1.9,2023-12-23 09:00:00,2023-12-22 18:01:33.055
1.222832829,9627900,P Leykina,P Leykina v E Tichackova,60,2023-12-23 01:34:22.024,3.0,2023-12-23 09:00:00,2023-12-22 18:01:33.055
1.222832829,9627900,P Leykina,P Leykina v E Tichackova,70,2023-12-23 01:36:21.800,3.4,2023-12-23 09:00:00,2023-12-22 18:01:33.055
1.222832829,9627900,P Leykina,P Leykina v E Tichackova,80,2023-12-23 02:49:46.717,1.9,2023-12-23 09:00:00,2023-12-22 18:01:33.055
1.222832829,9627900,P Leykina,P Leykina v E Tichackova,90,2023-12-23 03:11:51.098,2.5,2023-12-23 09:00:00,2023-12-22 18:01:33.055
1.222832829,9627900,P Leykina,P Leykina v E Tichackova,100,2023-12-23 06:53:31.027,2.78,2023-12-23 09:00:00,2023-12-22 18:01:33.055
1.222856029,3120169,Grigor Dimitrov,Casper Ruud v Grigor Dimitrov,0,2023-12-23 13:50:13.248,1.51,2023-12-23 17:00:00,2023-12-23 09:36:39.433
1.222856029,3120169,Grigor Dimitrov,Casper Ruud v Grigor Dimitrov,10,2023-12-23 15:50:32.665,2.26,2023-12-23 17:00:00,2023-12-23 09:36:39.433
1.222856029,3120169,Grigor Dimitrov,Casper Ruud v Grigor Dimitrov,20,2023-12-23 16:06:29.717,1.82,2023-12-23 17:00:00,2023-12-23 09:36:39.433
1.222856029,3120169,Grigor Dimitrov,Casper Ruud v Grigor Dimitrov,30,2023-12-23 16:13:32.482,2.38,2023-12-23 17:00:00,2023-12-23 09:36:39.433
1.222856029,3120169,Grigor Dimitrov,Casper Ruud v Grigor Dimitrov,40,2023-12-23 16:20:30.714,1.55,2023-12-23 17:00:00,2023-12-23 09:36:39.433
1.222856029,3120169,Grigor Dimitrov,Casper Ruud v Grigor Dimitrov,50,2023-12-23 16:25:24.498,1.75,2023-12-23 17:00:00,2023-12-23 09:36:39.433
1.222856029,3120169,Grigor Dimitrov,Casper Ruud v Grigor Dimitrov,60,2023-12-23 16:30:33.563,2.68,2023-12-23 17:00:00,2023-12-23 09:36:39.433
1.222856029,3120169,Grigor Dimitrov,Casper Ruud v Grigor Dimitrov,70,2023-12-23 16:35:33.151,1.66,2023-12-23 17:00:00,2023-12-23 09:36:39.433
1.222856029,3120169,Grigor Dimitrov,Casper Ruud v Grigor Dimitrov,80,2023-12-23 16:40:33.748,2.5,2023-12-23 17:00:00,2023-12-23 09:36:39.433
1.222856029,3120169,Grigor Dimitrov,Casper Ruud v Grigor Dimitrov,90,2023-12-23 16:45:31.006,2.02,2023-12-23 17:00:00,2023-12-23 09:36:39.433
1.222856029,3120169,Grigor Dimitrov,Casper Ruud v Grigor Dimitrov,100,2023-12-23 16:50:17.082,100.0,2023-12-23 17:00:00,2023-12-23 09:36:39.433
1.222856029,9629711,Casper Ruud,Casper Ruud v Grigor Dimitrov,0,2023-12-23 14:10:54.600,2.42,2023-12-23 17:00:00,2023-12-23 09:36:39.433
1.222856029,9629711,Casper Ruud,Casper Ruud v Grigor Dimitrov,10,2023-12-23 16:01:10.578,2.28,2023-12-23 17:00:00,2023-12-23 09:36:39.433
1.222856029,9629711,Casper Ruud,Casper Ruud v Grigor Dimitrov,20,2023-12-23 16:14:33.729,1.55,2023-12-23 17:00:00,2023-12-23 09:36:39.433
1.222856029,9629711,Casper Ruud,Casper Ruud v Grigor Dimitrov,30,2023-12-23 16:18:32.436,2.44,2023-12-23 17:00:00,2023-12-23 09:36:39.433
1.222856029,9629711,Casper Ruud,Casper Ruud v Grigor Dimitrov,40,2023-12-23 16:23:32.944,2.12,2023-12-23 17:00:00,2023-12-23 09:36:39.433
1.222856029,9629711,Casper Ruud,Casper Ruud v Grigor Dimitrov,50,2023-12-23 16:27:33.816,2.66,2023-12-23 17:00:00,2023-12-23 09:36:39.433
1.222856029,9629711,Casper Ruud,Casper Ruud v Grigor Dimitrov,60,2023-12-23 16:31:33.860,1.75,2023-12-23 17:00:00,2023-12-23 09:36:39.433
1.222856029,9629711,Casper Ruud,Casper Ruud v Grigor Dimitrov,70,2023-12-23 16:35:33.151,2.3,2023-12-23 17:00:00,2023-12-23 09:36:39.433
1.222856029,9629711,Casper Ruud,Casper Ruud v Grigor Dimitrov,80,2023-12-23 16:41:33.881,1.71,2023-12-23 17:00:00,2023-12-23 09:36:39.433
1.222856029,9629711,Casper Ruud,Casper Ruud v Grigor Dimitrov,90,2023-12-23 16:45:31.006,1.68,2023-12-23 17:00:00,2023-12-23 09:36:39.433
1.222856029,9629711,Casper Ruud,Casper Ruud v Grigor Dimitrov,100,2023-12-23 16:49:32.423,1.01,2023-12-23 17:00:00,2023-12-23 09:36:39.433
1.22285603,2387871,Sorana Cirstea,Sofia Kenin v Sorana Cirstea,0,2023-12-23 09:46:57.529,1.2,2023-12-23 13:15:00,2023-12-23 09:38:11.611
1.22285603,2387871,Sorana Cirstea,Sofia Kenin v Sorana Cirstea,10,2023-12-23 11:03:02.314,2.12,2023-12-23 13:15:00,2023-12-23 09:38:11.611
1.22285603,2387871,Sorana Cirstea,Sofia Kenin v Sorana Cirstea,20,2023-12-23 12:38:01.515,1.81,2023-12-23 13:15:00,2023-12-23 09:38:11.611
1.22285603,2387871,Sorana Cirstea,Sofia Kenin v Sorana Cirstea,30,2023-12-23 12:41:04.592,1.93,2023-12-23 13:15:00,2023-12-23 09:38:11.611
1.22285603,2387871,Sorana Cirstea,Sofia Kenin v Sorana Cirstea,40,2023-12-23 12:46:04.477,1.56,2023-12-23 13:15:00,2023-12-23 09:38:11.611
1.22285603,2387871,Sorana Cirstea,Sofia Kenin v Sorana Cirstea,50,2023-12-23 12:49:05.384,1.58,2023-12-23 13:15:00,2023-12-23 09:38:11.611
1.22285603,2387871,Sorana Cirstea,Sofia Kenin v Sorana Cirstea,60,2023-12-23 12:52:58.121,3.15,2023-12-23 13:15:00,2023-12-23 09:38:11.611
1.22285603,2387871,Sorana Cirstea,Sofia Kenin v Sorana Cirstea,70,2023-12-23 12:57:02.668,2.2,2023-12-23 13:15:00,2023-12-23 09:38:11.611
1.22285603,2387871,Sorana Cirstea,Sofia Kenin v Sorana Cirstea,80,2023-12-23 13:01:06.012,5.0,2023-12-23 13:15:00,2023-12-23 09:38:11.611
1.22285603,2387871,Sorana Cirstea,Sofia Kenin v Sorana Cirstea,90,2023-12-23 13:04:03.861,3.4,2023-12-23 13:15:00,2023-12-23 09:38:11.611
1.22285603,2387871,Sorana Cirstea,Sofia Kenin v Sorana Cirstea,100,2023-12-23 13:09:03.790,100.0,2023-12-23 13:15:00,2023-12-23 09:38:11.611
1.22285603,9149629,Sofia Kenin,Sofia Kenin v Sorana Cirstea,0,2023-12-23 09:46:57.529,1.16,2023-12-23 13:15:00,2023-12-23 09:38:11.611
1.22285603,9149629,Sofia Kenin,Sofia Kenin v Sorana Cirstea,10,2023-12-23 10:53:05.009,1.86,2023-12-23 13:15:00,2023-12-23 09:38:11.611
1.22285603,9149629,Sofia Kenin,Sofia Kenin v Sorana Cirstea,20,2023-12-23 11:09:54.719,1.52,2023-12-23 13:15:00,2023-12-23 09:38:11.611
1.22285603,9149629,Sofia Kenin,Sofia Kenin v Sorana Cirstea,30,2023-12-23 12:07:03.067,1.71,2023-12-23 13:15:00,2023-12-23 09:38:11.611
1.22285603,9149629,Sofia Kenin,Sofia Kenin v Sorana Cirstea,40,2023-12-23 12:39:04.921,2.5,2023-12-23 13:15:00,2023-12-23 09:38:11.611
1.22285603,9149629,Sofia Kenin,Sofia Kenin v Sorana Cirstea,50,2023-12-23 12:43:05.521,2.34,2023-12-23 13:15:00,2023-12-23 09:38:11.611
1.22285603,9149629,Sofia Kenin,Sofia Kenin v Sorana Cirstea,60,2023-12-23 12:47:05.604,5.0,2023-12-23 13:15:00,2023-12-23 09:38:11.611
1.22285603,9149629,Sofia Kenin,Sofia Kenin v Sorana Cirstea,70,2023-12-23 12:52:58.121,1.36,2023-12-23 13:15:00,2023-12-23 09:38:11.611
1.22285603,9149629,Sofia Kenin,Sofia Kenin v Sorana Cirstea,80,2023-12-23 12:58:04.472,1.45,2023-12-23 13:15:00,2023-12-23 09:38:11.611
1.22285603,9149629,Sofia Kenin,Sofia Kenin v Sorana Cirstea,90,2023-12-23 13:03:05.908,1.87,2023-12-23 13:15:00,2023-12-23 09:38:11.611
1.22285603,9149629,Sofia Kenin,Sofia Kenin v Sorana Cirstea,100,2023-12-23 13:09:03.790,1.01,2023-12-23 13:15:00,2023-12-23 09:38:11.611
1.222856032,9628840,Aryna Sabalenka,Iga Swiatek v Aryna Sabalenka,0,2023-12-23 13:00:18.992,1.54,2023-12-23 16:15:00,2023-12-23 09:39:50.527
1.222856032,9628840,Aryna Sabalenka,Iga Swiatek v Aryna Sabalenka,10,2023-12-23 13:32:23.104,2.76,2023-12-23 16:15:00,2023-12-23 09:39:50.527
1.222856032,9628840,Aryna Sabalenka,Iga Swiatek v Aryna Sabalenka,20,2023-12-23 14:46:07.676,2.44,2023-12-23 16:15:00,2023-12-23 09:39:50.527
1.222856032,9628840,Aryna Sabalenka,Iga Swiatek v Aryna Sabalenka,30,2023-12-23 15:37:36.845,2.28,2023-12-23 16:15:00,2023-12-23 09:39:50.527
1.222856032,9628840,Aryna Sabalenka,Iga Swiatek v Aryna Sabalenka,40,2023-12-23 15:41:44.548,4.1,2023-12-23 16:15:00,2023-12-23 09:39:50.527
1.222856032,9628840,Aryna Sabalenka,Iga Swiatek v Aryna Sabalenka,50,2023-12-23 15:45:45.069,2.8,2023-12-23 16:15:00,2023-12-23 09:39:50.527
1.222856032,9628840,Aryna Sabalenka,Iga Swiatek v Aryna Sabalenka,60,2023-12-23 15:50:40.515,2.16,2023-12-23 16:15:00,2023-12-23 09:39:50.527
1.222856032,9628840,Aryna Sabalenka,Iga Swiatek v Aryna Sabalenka,70,2023-12-23 15:54:44.166,2.3,2023-12-23 16:15:00,2023-12-23 09:39:50.527
1.222856032,9628840,Aryna Sabalenka,Iga Swiatek v Aryna Sabalenka,80,2023-12-23 15:58:43.832,1.75,2023-12-23 16:15:00,2023-12-23 09:39:50.527
1.222856032,9628840,Aryna Sabalenka,Iga Swiatek v Aryna Sabalenka,90,2023-12-23 16:02:45.286,1.7,2023-12-23 16:15:00,2023-12-23 09:39:50.527
1.222856032,9628840,Aryna Sabalenka,Iga Swiatek v Aryna Sabalenka,100,2023-12-23 16:06:34.239,1.01,2023-12-23 16:15:00,2023-12-23 09:39:50.527
1.222856032,12085633,Iga Swiatek,Iga Swiatek v Aryna Sabalenka,0,2023-12-23 12:58:56.334,1.52,2023-12-23 16:15:00,2023-12-23 09:39:50.527
1.222856032,12085633,Iga Swiatek,Iga Swiatek v Aryna Sabalenka,10,2023-12-23 13:34:22.348,2.8,2023-12-23 16:15:00,2023-12-23 09:39:50.527
1.222856032,12085633,Iga Swiatek,Iga Swiatek v Aryna Sabalenka,20,2023-12-23 15:04:42.802,1.7,2023-12-23 16:15:00,2023-12-23 09:39:50.527
1.222856032,12085633,Iga Swiatek,Iga Swiatek v Aryna Sabalenka,30,2023-12-23 15:32:37.981,1.59,2023-12-23 16:15:00,2023-12-23 09:39:50.527
1.222856032,12085633,Iga Swiatek,Iga Swiatek v Aryna Sabalenka,40,2023-12-23 15:37:36.845,1.51,2023-12-23 16:15:00,2023-12-23 09:39:50.527
1.222856032,12085633,Iga Swiatek,Iga Swiatek v Aryna Sabalenka,50,2023-12-23 15:42:45.266,1.53,2023-12-23 16:15:00,2023-12-23 09:39:50.527
1.222856032,12085633,Iga Swiatek,Iga Swiatek v Aryna Sabalenka,60,2023-12-23 15:47:39.623,1.65,2023-12-23 16:15:00,2023-12-23 09:39:50.527
1.222856032,12085633,Iga Swiatek,Iga Swiatek v Aryna Sabalenka,70,2023-12-23 15:51:42.975,1.85,2023-12-23 16:15:00,2023-12-23 09:39:50.527
1.222856032,12085633,Iga Swiatek,Iga Swiatek v Aryna Sabalenka,80,2023-12-23 15:56:41.812,2.18,2023-12-23 16:15:00,2023-12-23 09:39:50.527
1.222856032,12085633,Iga Swiatek,Iga Swiatek v Aryna Sabalenka,90,2023-12-23 16:01:43.436,1.84,2023-12-23 16:15:00,2023-12-23 09:39:50.527
1.222856032,12085633,Iga Swiatek,Iga Swiatek v Aryna Sabalenka,100,2023-12-23 16:06:34.239,100.0,2023-12-23 16:15:00,2023-12-23 09:39:50.527
1.222880197,9632015,Thiago Seyboth Wild,Alejandro Davidovich Fokina v Thiago Seyboth Wild,0,2023-12-24 11:05:02.297,3.5,2023-12-29 01:00:00,
1.222880197,9632015,Thiago Seyboth Wild,Alejandro Davidovich Fokina v Thiago Seyboth Wild,10,2023-12-26 10:36:34.407,4.5,2023-12-29 02:00:00,
1.222880197,9632015,Thiago Seyboth Wild,Alejandro Davidovich Fokina v Thiago Seyboth Wild,20,2023-12-28 06:57:20.499,3.95,2023-12-29 02:00:00,
1.222880197,9632015,Thiago Seyboth Wild,Alejandro Davidovich Fokina v Thiago Seyboth Wild,30,2023-12-28 08:45:15.882,3.65,2023-12-29 02:00:00,
1.222880197,9632015,Thiago Seyboth Wild,Alejandro Davidovich Fokina v Thiago Seyboth Wild,40,2023-12-28 14:27:41.563,3.75,2023-12-29 02:00:00,
1.222880197,9632015,Thiago Seyboth Wild,Alejandro Davidovich Fokina v Thiago Seyboth Wild,50,2023-12-28 20:37:57.405,3.8,2023-12-29 02:00:00,
1.222880197,9632015,Thiago Seyboth Wild,Alejandro Davidovich Fokina v Thiago Seyboth Wild,60,2023-12-29 00:09:22.564,3.95,2023-12-29 02:00:00,
1.222880197,9632015,Thiago Seyboth Wild,Alejandro Davidovich Fokina v Thiago Seyboth Wild,70,2023-12-29 00:44:02.220,3.95,2023-12-29 02:00:00,
1.222880197,9632015,Thiago Seyboth Wild,Alejandro Davidovich Fokina v Thiago Seyboth Wild,80,2023-12-29 01:00:01.353,3.95,2023-12-29 02:00:00,
1.222880197,9632015,Thiago Seyboth Wild,Alejandro Davidovich Fokina v Thiago Seyboth Wild,90,2023-12-29 01:30:19.577,3.95,2023-12-29 02:00:00,
1.222880197,9632015,Thiago Seyboth Wild,Alejandro Davidovich Fokina v Thiago Seyboth Wild,100,2023-12-29 01:46:55.558,3.95,2023-12-29 02:00:00,
1.222880197,10901351,Alejandro Davidovich Fokina,Alejandro Davidovich Fokina v Thiago Seyboth Wild,0,2023-12-24 11:05:02.297,1.4,2023-12-29 01:00:00,
1.222880197,10901351,Alejandro Davidovich Fokina,Alejandro Davidovich Fokina v Thiago Seyboth Wild,10,2023-12-27 13:53:03.664,1.3,2023-12-29 02:00:00,
1.222880197,10901351,Alejandro Davidovich Fokina,Alejandro Davidovich Fokina v Thiago Seyboth Wild,20,2023-12-28 07:02:22.628,1.35,2023-12-29 02:00:00,
1.222880197,10901351,Alejandro Davidovich Fokina,Alejandro Davidovich Fokina v Thiago Seyboth Wild,30,2023-12-28 10:05:26.437,1.37,2023-12-29 02:00:00,
1.222880197,10901351,Alejandro Davidovich Fokina,Alejandro Davidovich Fokina v Thiago Seyboth Wild,40,2023-12-28 16:34:15.909,1.36,2023-12-29 02:00:00,
1.222880197,10901351,Alejandro Davidovich Fokina,Alejandro Davidovich Fokina v Thiago Seyboth Wild,50,2023-12-28 20:06:15.993,1.35,2023-12-29 02:00:00,
1.222880197,10901351,Alejandro Davidovich Fokina,Alejandro Davidovich Fokina v Thiago Seyboth Wild,60,2023-12-28 21:26:41.460,1.34,2023-12-29 02:00:00,
1.222880197,10901351,Alejandro Davidovich Fokina,Alejandro Davidovich Fokina v Thiago Seyboth Wild,70,2023-12-28 22:36:23.708,1.34,2023-12-29 02:00:00,
1.222880197,10901351,Alejandro Davidovich Fokina,Alejandro Davidovich Fokina v Thiago Seyboth Wild,80,2023-12-29 00:01:21.108,1.35,2023-12-29 02:00:00,
1.222880197,10901351,Alejandro Davidovich Fokina,Alejandro Davidovich Fokina v Thiago Seyboth Wild,90,2023-12-29 00:54:04.101,1.32,2023-12-29 02:00:00,
1.222880197,10901351,Alejandro Davidovich Fokina,Alejandro Davidovich Fokina v Thiago Seyboth Wild,100,2023-12-29 01:48:15.243,1.32,2023-12-29 02:00:00,
1.222880261,6356637,Sara Sorribes Tormo,Sara Sorribes Tormo v Beatriz Haddad Maia,0,2023-12-26 19:02:27.788,3.3,2023-12-29 01:00:00,
1.222880261,6356637,Sara Sorribes Tormo,Sara Sorribes Tormo v Beatriz Haddad Maia,10,2023-12-27 03:08:13.485,3.0,2023-12-29 01:00:00,
1.222880261,6356637,Sara Sorribes Tormo,Sara Sorribes Tormo v Beatriz Haddad Maia,20,2023-12-28 10:29:01.801,3.0,2023-12-29 04:00:00,
1.222880261,6356637,Sara Sorribes Tormo,Sara Sorribes Tormo v Beatriz Haddad Maia,30,2023-12-28 11:12:22.727,2.96,2023-12-29 04:00:00,
1.222880261,6356637,Sara Sorribes Tormo,Sara Sorribes Tormo v Beatriz Haddad Maia,40,2023-12-28 11:43:12.558,3.0,2023-12-29 04:00:00,
1.222880261,6356637,Sara Sorribes Tormo,Sara Sorribes Tormo v Beatriz Haddad Maia,50,2023-12-28 17:48:59.524,2.92,2023-12-29 04:00:00,
1.222880261,6356637,Sara Sorribes Tormo,Sara Sorribes Tormo v Beatriz Haddad Maia,60,2023-12-28 19:50:53.118,2.9,2023-12-29 04:00:00,
1.222880261,6356637,Sara Sorribes Tormo,Sara Sorribes Tormo v Beatriz Haddad Maia,70,2023-12-28 22:37:40.554,2.9,2023-12-29 04:00:00,
1.222880261,6356637,Sara Sorribes Tormo,Sara Sorribes Tormo v Beatriz Haddad Maia,80,2023-12-29 03:16:22.194,2.84,2023-12-29 03:55:00,
1.222880261,6356637,Sara Sorribes Tormo,Sara Sorribes Tormo v Beatriz Haddad Maia,90,2023-12-29 03:35:23.323,2.92,2023-12-29 03:55:00,
1.222880261,6356637,Sara Sorribes Tormo,Sara Sorribes Tormo v Beatriz Haddad Maia,100,2023-12-29 03:56:27.569,2.74,2023-12-29 04:01:06,
1.222880261,7083752,Beatriz Haddad Maia,Sara Sorribes Tormo v Beatriz Haddad Maia,0,2023-12-26 06:35:38.021,1.26,2023-12-29 03:30:00,
1.222880261,7083752,Beatriz Haddad Maia,Sara Sorribes Tormo v Beatriz Haddad Maia,10,2023-12-27 06:46:50.062,1.51,2023-12-29 01:00:00,
1.222880261,7083752,Beatriz Haddad Maia,Sara Sorribes Tormo v Beatriz Haddad Maia,20,2023-12-28 11:28:10.055,1.52,2023-12-29 04:00:00,
1.222880261,7083752,Beatriz Haddad Maia,Sara Sorribes Tormo v Beatriz Haddad Maia,30,2023-12-28 12:27:10.465,1.5,2023-12-29 04:00:00,
1.222880261,7083752,Beatriz Haddad Maia,Sara Sorribes Tormo v Beatriz Haddad Maia,40,2023-12-28 17:17:24.449,1.54,2023-12-29 04:00:00,
1.222880261,7083752,Beatriz Haddad Maia,Sara Sorribes Tormo v Beatriz Haddad Maia,50,2023-12-28 21:02:57.719,1.53,2023-12-29 04:00:00,
1.222880261,7083752,Beatriz Haddad Maia,Sara Sorribes Tormo v Beatriz Haddad Maia,60,2023-12-28 22:46:29.184,1.53,2023-12-29 04:00:00,
1.222880261,7083752,Beatriz Haddad Maia,Sara Sorribes Tormo v Beatriz Haddad Maia,70,2023-12-29 01:35:15.895,1.53,2023-12-29 04:00:00,
1.222880261,7083752,Beatriz Haddad Maia,Sara Sorribes Tormo v Beatriz Haddad Maia,80,2023-12-29 03:11:29.265,1.53,2023-12-29 03:55:00,
1.222880261,7083752,Beatriz Haddad Maia,Sara Sorribes Tormo v Beatriz Haddad Maia,90,2023-12-29 03:40:09.764,1.52,2023-12-29 03:42:00,
1.222880261,7083752,Beatriz Haddad Maia,Sara Sorribes Tormo v Beatriz Haddad Maia,100,2023-12-29 03:56:27.569,1.56,2023-12-29 04:01:06,
1.222880265,10109527,Alex De Minaur,Cameron Norrie v Alex De Minaur,0,2023-12-26 06:35:44.004,1.45,2023-12-29 09:00:00,
1.222880265,10109527,Alex De Minaur,Cameron Norrie v Alex De Minaur,10,2023-12-28 15:29:37.899,1.56,2023-12-29 09:00:00,
1.222880265,10109527,Alex De Minaur,Cameron Norrie v Alex De Minaur,20,2023-12-28 19:30:54.726,1.51,2023-12-29 09:00:00,
1.222880265,10109527,Alex De Minaur,Cameron Norrie v Alex De Minaur,30,2023-12-28 23:18:21.650,1.5,2023-12-29 09:00:00,
1.222880265,10109527,Alex De Minaur,Cameron Norrie v Alex De Minaur,40,2023-12-29 05:30:12.732,1.49,2023-12-29 09:00:00,
1.222880265,10109527,Alex De Minaur,Cameron Norrie v Alex De Minaur,50,2023-12-29 07:08:57.727,1.49,2023-12-29 09:00:00,
1.222880265,10109527,Alex De Minaur,Cameron Norrie v Alex De Minaur,60,2023-12-29 07:49:58.185,1.48,2023-12-29 09:00:00,
1.222880265,10109527,Alex De Minaur,Cameron Norrie v Alex De Minaur,70,2023-12-29 08:12:50.672,1.46,2023-12-29 09:00:00,
1.222880265,10109527,Alex De Minaur,Cameron Norrie v Alex De Minaur,80,2023-12-29 08:37:38.323,1.44,2023-12-29 09:00:00,
1.222880265,10109527,Alex De Minaur,Cameron Norrie v Alex De Minaur,90,2023-12-29 08:56:29.963,1.44,2023-12-29 09:12:22,
1.222880265,10109527,Alex De Minaur,Cameron Norrie v Alex De Minaur,100,2023-12-29 09:24:57.948,1.41,2023-12-29 09:30:53,
1.222880265,42669524,Cameron Norrie,Cameron Norrie v Alex De Minaur,0,2023-12-26 06:35:44.004,3.2,2023-12-29 09:00:00,
1.222880265,42669524,Cameron Norrie,Cameron Norrie v Alex De Minaur,10,2023-12-28 11:24:50.822,2.76,2023-12-29 09:00:00,
1.222880265,42669524,Cameron Norrie,Cameron Norrie v Alex De Minaur,20,2023-12-28 16:31:29.451,2.8,2023-12-29 09:00:00,
1.222880265,42669524,Cameron Norrie,Cameron Norrie v Alex De Minaur,30,2023-12-28 23:32:56.982,3.0,2023-12-29 09:00:00,
1.222880265,42669524,Cameron Norrie,Cameron Norrie v Alex De Minaur,40,2023-12-29 00:16:55.857,2.9,2023-12-29 09:00:00,
1.222880265,42669524,Cameron Norrie,Cameron Norrie v Alex De Minaur,50,2023-12-29 04:33:57.315,3.05,2023-12-29 09:00:00,
1.222880265,42669524,Cameron Norrie,Cameron Norrie v Alex De Minaur,60,2023-12-29 07:57:51.444,3.15,2023-12-29 09:00:00,
1.222880265,42669524,Cameron Norrie,Cameron Norrie v Alex De Minaur,70,2023-12-29 08:35:57.535,3.25,2023-12-29 09:00:00,
1.222880265,42669524,Cameron Norrie,Cameron Norrie v Alex De Minaur,80,2023-12-29 08:57:55.837,3.25,2023-12-29 09:12:22,
1.222880265,42669524,Cameron Norrie,Cameron Norrie v Alex De Minaur,90,2023-12-29 09:20:47.093,3.45,2023-12-29 09:35:38,
1.222880265,42669524,Cameron Norrie,Cameron Norrie v Alex De Minaur,100,2023-12-29 09:26:51.977,3.45,2023-12-29 09:30:53,
1.222880269,8619018,Katie Boulter,Katie Boulter v Ajla Tomljanovic,0,2023-12-25 12:27:47.036,1.7,2023-12-29 01:00:00,
1.222880269,8619018,Katie Boulter,Katie Boulter v Ajla Tomljanovic,10,2023-12-28 12:26:16.461,2.32,2023-12-29 11:00:00,
1.222880269,8619018,Katie Boulter,Katie Boulter v Ajla Tomljanovic,20,2023-12-29 04:45:21.069,2.24,2023-12-29 11:00:00,
1.222880269,8619018,Katie Boulter,Katie Boulter v Ajla Tomljanovic,30,2023-12-29 09:50:19.109,2.32,2023-12-29 10:47:00,
1.222880269,8619018,Katie Boulter,Katie Boulter v Ajla Tomljanovic,40,2023-12-29 10:28:27.424,2.4,2023-12-29 10:47:00,
1.222880269,8619018,Katie Boulter,Katie Boulter v Ajla Tomljanovic,50,2023-12-29 11:19:22.298,2.42,2023-12-29 11:32:00,
1.222880269,8619018,Katie Boulter,Katie Boulter v Ajla Tomljanovic,60,2023-12-29 11:39:22.193,2.4,2023-12-29 11:47:00,
1.222880269,8619018,Katie Boulter,Katie Boulter v Ajla Tomljanovic,70,2023-12-29 11:52:27.599,2.36,2023-12-29 12:08:00,
1.222880269,8619018,Katie Boulter,Katie Boulter v Ajla Tomljanovic,80,2023-12-29 11:56:21.556,2.36,2023-12-29 12:19:52,
1.222880269,8619018,Katie Boulter,Katie Boulter v Ajla Tomljanovic,90,2023-12-29 12:02:19.139,2.4,2023-12-29 12:16:51,
1.222880269,8619018,Katie Boulter,Katie Boulter v Ajla Tomljanovic,100,2023-12-29 12:08:24.675,2.42,2023-12-29 12:12:30,
1.222880269,63264473,Ajla Tomljanovic,Katie Boulter v Ajla Tomljanovic,0,2023-12-27 01:32:13.858,1.85,2023-12-29 08:00:00,
1.222880269,63264473,Ajla Tomljanovic,Katie Boulter v Ajla Tomljanovic,10,2023-12-28 17:22:52.182,1.78,2023-12-29 11:00:00,
1.222880269,63264473,Ajla Tomljanovic,Katie Boulter v Ajla Tomljanovic,20,2023-12-29 00:11:42.093,1.8,2023-12-29 11:00:00,
1.222880269,63264473,Ajla Tomljanovic,Katie Boulter v Ajla Tomljanovic,30,2023-12-29 07:26:12.925,1.79,2023-12-29 11:00:00,
1.222880269,63264473,Ajla Tomljanovic,Katie Boulter v Ajla Tomljanovic,40,2023-12-29 09:35:18.858,1.77,2023-12-29 10:47:00,
1.222880269,63264473,Ajla Tomljanovic,Katie Boulter v Ajla Tomljanovic,50,2023-12-29 10:09:17.419,1.72,2023-12-29 10:47:00,
1.222880269,63264473,Ajla Tomljanovic,Katie Boulter v Ajla Tomljanovic,60,2023-12-29 10:47:24.591,1.7,2023-12-29 11:02:00,
1.222880269,63264473,Ajla Tomljanovic,Katie Boulter v Ajla Tomljanovic,70,2023-12-29 11:23:16.692,1.72,2023-12-29 11:32:00,
1.222880269,63264473,Ajla Tomljanovic,Katie Boulter v Ajla Tomljanovic,80,2023-12-29 11:44:16.671,1.72,2023-12-29 11:47:00,
1.222880269,63264473,Ajla Tomljanovic,Katie Boulter v Ajla Tomljanovic,90,2023-12-29 11:56:21.556,1.71,2023-12-29 12:19:52,
1.222880269,63264473,Ajla Tomljanovic,Katie Boulter v Ajla Tomljanovic,100,2023-12-29 12:08:24.675,1.7,2023-12-29 12:12:30,
1.222880273,2451050,Arantxa Rus,Arantxa Rus v Malene Helgo,0,2023-12-25 08:22:55.531,1.22,2023-12-29 01:00:00,
1.222880273,2451050,Arantxa Rus,Arantxa Rus v Malene Helgo,10,2023-12-29 09:17:56.464,1.11,2023-12-29 23:30:00,
1.222880273,2451050,Arantxa Rus,Arantxa Rus v Malene Helgo,20,2023-12-29 13:47:47.127,1.11,2023-12-29 23:30:00,
1.222880273,2451050,Arantxa Rus,Arantxa Rus v Malene Helgo,30,2023-12-29 16:44:43.422,1.13,2023-12-29 23:30:00,
1.222880273,2451050,Arantxa Rus,Arantxa Rus v Malene Helgo,40,2023-12-29 17:21:57.314,1.13,2023-12-29 23:30:00,
1.222880273,2451050,Arantxa Rus,Arantxa Rus v Malene Helgo,50,2023-12-29 18:34:54.048,1.12,2023-12-29 23:30:00,
1.222880273,2451050,Arantxa Rus,Arantxa Rus v Malene Helgo,60,2023-12-29 21:31:48.026,1.12,2023-12-29 23:30:00,
1.222880273,2451050,Arantxa Rus,Arantxa Rus v Malene Helgo,70,2023-12-29 22:20:53.198,1.1,2023-12-29 23:30:00,
1.222880273,2451050,Arantxa Rus,Arantxa Rus v Malene Helgo,80,2023-12-29 23:00:53.188,1.11,2023-12-29 23:30:00,
1.222880273,2451050,Arantxa Rus,Arantxa Rus v Malene Helgo,90,2023-12-29 23:28:54.549,1.11,2023-12-29 23:42:52,
1.222880273,2451050,Arantxa Rus,Arantxa Rus v Malene Helgo,100,2023-12-29 23:34:56.070,1.12,2023-12-29 23:41:35,
1.222880273,9632349,Malene Helgo,Arantxa Rus v Malene Helgo,0,2023-12-28 14:40:21.733,8.2,2023-12-29 23:30:00,
1.222880273,9632349,Malene Helgo,Arantxa Rus v Malene Helgo,10,2023-12-29 08:05:02.772,7.6,2023-12-29 23:30:00,
1.222880273,9632349,Malene Helgo,Arantxa Rus v Malene Helgo,20,2023-12-29 08:40:23.335,8.2,2023-12-29 23:30:00,
1.222880273,9632349,Malene Helgo,Arantxa Rus v Malene Helgo,30,2023-12-29 09:17:56.464,10.5,2023-12-29 23:30:00,
1.222880273,9632349,Malene Helgo,Arantxa Rus v Malene Helgo,40,2023-12-29 20:22:35.501,9.2,2023-12-29 23:30:00,
1.222880273,9632349,Malene Helgo,Arantxa Rus v Malene Helgo,50,2023-12-29 21:11:55.198,8.6,2023-12-29 23:30:00,
1.222880273,9632349,Malene Helgo,Arantxa Rus v Malene Helgo,60,2023-12-29 21:32:49.366,9.4,2023-12-29 23:30:00,
1.222880273,9632349,Malene Helgo,Arantxa Rus v Malene Helgo,70,2023-12-29 22:44:30.613,10.0,2023-12-29 23:30:00,
1.222880273,9632349,Malene Helgo,Arantxa Rus v Malene Helgo,80,2023-12-29 23:04:57.719,10.5,2023-12-29 23:30:00,
1.222880273,9632349,Malene Helgo,Arantxa Rus v Malene Helgo,90,2023-12-29 23:13:56.983,10.0,2023-12-29 23:30:00,
1.222880273,9632349,Malene Helgo,Arantxa Rus v Malene Helgo,100,2023-12-29 23:37:53.196,10.0,2023-12-29 23:41:35,
1.222880277,19924838,Hubert Hurkacz,Hubert Hurkacz v Thiago Seyboth Wild,0,2023-12-24 21:58:19.985,1.27,2023-12-29 01:00:00,
1.222880277,19924838,Hubert Hurkacz,Hubert Hurkacz v Thiago Seyboth Wild,10,2023-12-29 06:03:58.229,1.12,2023-12-30 11:00:00,
1.222880277,19924838,Hubert Hurkacz,Hubert Hurkacz v Thiago Seyboth Wild,20,2023-12-29 19:09:03.608,1.15,2023-12-30 11:00:00,
1.222880277,19924838,Hubert Hurkacz,Hubert Hurkacz v Thiago Seyboth Wild,30,2023-12-29 21:20:42.675,1.12,2023-12-30 11:00:00,
1.222880277,19924838,Hubert Hurkacz,Hubert Hurkacz v Thiago Seyboth Wild,40,2023-12-29 22:59:01.256,1.11,2023-12-30 11:00:00,
1.222880277,19924838,Hubert Hurkacz,Hubert Hurkacz v Thiago Seyboth Wild,50,2023-12-30 09:11:39.021,1.13,2023-12-30 10:52:00,
1.222880277,19924838,Hubert Hurkacz,Hubert Hurkacz v Thiago Seyboth Wild,60,2023-12-30 09:59:54.447,1.12,2023-12-30 10:52:00,
1.222880277,19924838,Hubert Hurkacz,Hubert Hurkacz v Thiago Seyboth Wild,70,2023-12-30 10:08:57.216,1.12,2023-12-30 10:52:00,
1.222880277,19924838,Hubert Hurkacz,Hubert Hurkacz v Thiago Seyboth Wild,80,2023-12-30 10:24:39.127,1.12,2023-12-30 10:52:00,
1.222880277,19924838,Hubert Hurkacz,Hubert Hurkacz v Thiago Seyboth Wild,90,2023-12-30 10:32:54.171,1.11,2023-12-30 10:56:52,
1.222880277,19924838,Hubert Hurkacz,Hubert Hurkacz v Thiago Seyboth Wild,100,2023-12-30 10:44:54.762,1.11,2023-12-30 10:51:26,
1.222880281,9628959,Zhizhen Zhang,Jiri Lehecka v Zhizhen Zhang,0,2023-12-26 02:38:45.761,2.6,2023-12-30 02:00:00,
1.222880281,9628959,Zhizhen Zhang,Jiri Lehecka v Zhizhen Zhang,10,2023-12-29 06:05:50.754,2.2,2023-12-30 02:00:00,
1.222880281,9628959,Zhizhen Zhang,Jiri Lehecka v Zhizhen Zhang,20,2023-12-29 11:36:56.267,2.4,2023-12-30 02:00:00,
1.222880281,9628959,Zhizhen Zhang,Jiri Lehecka v Zhizhen Zhang,30,2023-12-29 14:17:13.771,2.4,2023-12-30 02:00:00,
1.222880281,9628959,Zhizhen Zhang,Jiri Lehecka v Zhizhen Zhang,40,2023-12-29 15:46:13.064,2.42,2023-12-30 02:00:00,
1.222880281,9628959,Zhizhen Zhang,Jiri Lehecka v Zhizhen Zhang,50,2023-12-29 20:05:18.354,2.42,2023-12-30 02:00:00,
1.222880281,9628959,Zhizhen Zhang,Jiri Lehecka v Zhizhen Zhang,60,2023-12-29 22:58:32.505,2.44,2023-12-30 02:00:00,
1.222880281,9628959,Zhizhen Zhang,Jiri Lehecka v Zhizhen Zhang,70,2023-12-29 23:03:19.979,2.42,2023-12-30 02:00:00,
1.222880281,9628959,Zhizhen Zhang,Jiri Lehecka v Zhizhen Zhang,80,2023-12-29 23:46:11.592,2.44,2023-12-30 02:00:00,
1.222880281,9628959,Zhizhen Zhang,Jiri Lehecka v Zhizhen Zhang,90,2023-12-30 00:45:46.296,2.46,2023-12-30 02:00:00,
1.222880281,9628959,Zhizhen Zhang,Jiri Lehecka v Zhizhen Zhang,100,2023-12-30 01:38:43.981,2.46,2023-12-30 02:00:00,
1.222880281,13203243,Jiri Lehecka,Jiri Lehecka v Zhizhen Zhang,0,2023-12-25 05:55:45.516,2.5,2023-12-29 01:00:00,
1.222880281,13203243,Jiri Lehecka,Jiri Lehecka v Zhizhen Zhang,10,2023-12-28 20:22:03.498,1.75,2023-12-30 02:00:00,
1.222880281,13203243,Jiri Lehecka,Jiri Lehecka v Zhizhen Zhang,20,2023-12-29 13:34:57.619,1.76,2023-12-30 02:00:00,
1.222880281,13203243,Jiri Lehecka,Jiri Lehecka v Zhizhen Zhang,30,2023-12-29 15:45:43.823,1.69,2023-12-30 02:00:00,
1.222880281,13203243,Jiri Lehecka,Jiri Lehecka v Zhizhen Zhang,40,2023-12-29 19:04:53.399,1.68,2023-12-30 02:00:00,
1.222880281,13203243,Jiri Lehecka,Jiri Lehecka v Zhizhen Zhang,50,2023-12-29 21:13:56.040,1.67,2023-12-30 02:00:00,
1.222880281,13203243,Jiri Lehecka,Jiri Lehecka v Zhizhen Zhang,60,2023-12-29 22:32:47.124,1.68,2023-12-30 02:00:00,
1.222880281,13203243,Jiri Lehecka,Jiri Lehecka v Zhizhen Zhang,70,2023-12-29 23:46:11.592,1.69,2023-12-30 02:00:00,
1.222880281,13203243,Jiri Lehecka,Jiri Lehecka v Zhizhen Zhang,80,2023-12-30 00:18:38.431,1.68,2023-12-30 02:00:00,
1.222880281,13203243,Jiri Lehecka,Jiri Lehecka v Zhizhen Zhang,90,2023-12-30 01:18:41.292,1.68,2023-12-30 02:00:00,
1.222880281,13203243,Jiri Lehecka,Jiri Lehecka v Zhizhen Zhang,100,2023-12-30 02:08:46.354,1.68,2023-12-30 02:13:46,
1.222880285,9433253,Marketa Vondrousova,Marketa Vondrousova v Qinwen Zheng,0,2023-12-28 00:02:28.314,2.08,2023-12-30 04:00:00,
1.222880285,9433253,Marketa Vondrousova,Marketa Vondrousova v Qinwen Zheng,10,2023-12-29 14:18:26.747,1.93,2023-12-30 04:00:00,
1.222880285,9433253,Marketa Vondrousova,Marketa Vondrousova v Qinwen Zheng,20,2023-12-29 21:20:02.928,1.91,2023-12-30 04:00:00,
1.222880285,9433253,Marketa Vondrousova,Marketa Vondrousova v Qinwen Zheng,30,2023-12-29 21:58:05.233,1.84,2023-12-30 04:00:00,
1.222880285,9433253,Marketa Vondrousova,Marketa Vondrousova v Qinwen Zheng,40,2023-12-29 22:57:55.472,1.84,2023-12-30 04:00:00,
1.222880285,9433253,Marketa Vondrousova,Marketa Vondrousova v Qinwen Zheng,50,2023-12-30 03:04:40.019,1.81,2023-12-30 03:50:00,
1.222880285,9433253,Marketa Vondrousova,Marketa Vondrousova v Qinwen Zheng,60,2023-12-30 03:28:51.516,1.81,2023-12-30 03:50:00,
1.222880285,9433253,Marketa Vondrousova,Marketa Vondrousova v Qinwen Zheng,70,2023-12-30 03:43:29.193,1.87,2023-12-30 03:50:00,
1.222880285,9433253,Marketa Vondrousova,Marketa Vondrousova v Qinwen Zheng,80,2023-12-30 04:00:19.477,1.82,2023-12-30 04:05:00,
1.222880285,9433253,Marketa Vondrousova,Marketa Vondrousova v Qinwen Zheng,90,2023-12-30 04:34:23.870,1.87,2023-12-30 04:49:00,
1.222880285,9433253,Marketa Vondrousova,Marketa Vondrousova v Qinwen Zheng,100,2023-12-30 04:47:30.834,1.78,2023-12-30 04:53:25,
1.222880285,18848380,Qinwen Zheng,Marketa Vondrousova v Qinwen Zheng,0,2023-12-27 01:36:02.933,1.86,2023-12-30 01:00:00,
1.222880285,18848380,Qinwen Zheng,Marketa Vondrousova v Qinwen Zheng,10,2023-12-29 06:21:10.149,2.04,2023-12-30 04:00:00,
1.222880285,18848380,Qinwen Zheng,Marketa Vondrousova v Qinwen Zheng,20,2023-12-29 12:59:13.274,2.1,2023-12-30 04:00:00,
1.222880285,18848380,Qinwen Zheng,Marketa Vondrousova v Qinwen Zheng,30,2023-12-29 19:35:13.835,2.04,2023-12-30 04:00:00,
1.222880285,18848380,Qinwen Zheng,Marketa Vondrousova v Qinwen Zheng,40,2023-12-29 21:37:31.039,2.16,2023-12-30 04:00:00,
1.222880285,18848380,Qinwen Zheng,Marketa Vondrousova v Qinwen Zheng,50,2023-12-30 01:16:26.220,2.22,2023-12-30 04:00:00,
1.222880285,18848380,Qinwen Zheng,Marketa Vondrousova v Qinwen Zheng,60,2023-12-30 02:19:18.673,2.2,2023-12-30 03:50:00,
1.222880285,18848380,Qinwen Zheng,Marketa Vondrousova v Qinwen Zheng,70,2023-12-30 03:57:16.856,2.2,2023-12-30 04:05:00,
1.222880285,18848380,Qinwen Zheng,Marketa Vondrousova v Qinwen Zheng,80,2023-12-30 04:24:24.555,2.14,2023-12-30 04:35:00,
1.222880285,18848380,Qinwen Zheng,Marketa Vondrousova v Qinwen Zheng,90,2023-12-30 04:44:25.638,2.18,2023-12-30 04:58:34,
1.222880285,18848380,Qinwen Zheng,Marketa Vondrousova v Qinwen Zheng,100,2023-12-30 04:48:29.603,2.32,2023-12-30 04:53:25,
1.222880289,9198585,Tallon Griekspoor,Tallon Griekspoor v Casper Ruud,0,2023-12-26 19:58:04.954,2.56,2023-12-30 01:30:00,
1.222880289,9198585,Tallon Griekspoor,Tallon Griekspoor v Casper Ruud,10,2023-12-27 20:13:55.627,2.56,2023-12-30 01:30:00,
1.222880289,9198585,Tallon Griekspoor,Tallon Griekspoor v Casper Ruud,20,2023-12-29 04:40:31.609,2.5,2023-12-30 01:30:00,
1.222880289,9198585,Tallon Griekspoor,Tallon Griekspoor v Casper Ruud,30,2023-12-29 10:05:10.937,2.42,2023-12-30 01:30:00,
1.222880289,9198585,Tallon Griekspoor,Tallon Griekspoor v Casper Ruud,40,2023-12-29 19:37:23.214,2.44,2023-12-30 01:30:00,
1.222880289,9198585,Tallon Griekspoor,Tallon Griekspoor v Casper Ruud,50,2023-12-29 21:33:34.342,2.4,2023-12-30 01:30:00,
1.222880289,9198585,Tallon Griekspoor,Tallon Griekspoor v Casper Ruud,60,2023-12-29 22:01:57.037,2.44,2023-12-30 01:30:00,
1.222880289,9198585,Tallon Griekspoor,Tallon Griekspoor v Casper Ruud,70,2023-12-29 22:40:52.924,2.44,2023-12-30 01:30:00,
1.222880289,9198585,Tallon Griekspoor,Tallon Griekspoor v Casper Ruud,80,2023-12-29 23:31:53.114,2.42,2023-12-30 01:17:00,
1.222880289,9198585,Tallon Griekspoor,Tallon Griekspoor v Casper Ruud,90,2023-12-30 00:52:53.447,2.5,2023-12-30 01:17:00,
1.222880289,9198585,Tallon Griekspoor,Tallon Griekspoor v Casper Ruud,100,2023-12-30 01:42:53.455,2.46,2023-12-30 01:48:29,
1.222880289,9629711,Casper Ruud,Tallon Griekspoor v Casper Ruud,0,2023-12-25 17:55:31.632,1.45,2023-12-29 01:00:00,
1.222880289,9629711,Casper Ruud,Tallon Griekspoor v Casper Ruud,10,2023-12-27 18:57:36.493,1.66,2023-12-30 01:30:00,
1.222880289,9629711,Casper Ruud,Tallon Griekspoor v Casper Ruud,20,2023-12-28 22:46:35.397,1.66,2023-12-30 01:30:00,
1.222880289,9629711,Casper Ruud,Tallon Griekspoor v Casper Ruud,30,2023-12-29 14:05:28.092,1.69,2023-12-30 01:30:00,
1.222880289,9629711,Casper Ruud,Tallon Griekspoor v Casper Ruud,40,2023-12-29 21:33:34.342,1.72,2023-12-30 01:30:00,
1.222880289,9629711,Casper Ruud,Tallon Griekspoor v Casper Ruud,50,2023-12-29 22:31:54.314,1.67,2023-12-30 01:30:00,
1.222880289,9629711,Casper Ruud,Tallon Griekspoor v Casper Ruud,60,2023-12-29 23:11:52.280,1.69,2023-12-30 01:30:00,
1.222880289,9629711,Casper Ruud,Tallon Griekspoor v Casper Ruud,70,2023-12-29 23:46:57.620,1.7,2023-12-30 01:17:00,
1.222880289,9629711,Casper Ruud,Tallon Griekspoor v Casper Ruud,80,2023-12-30 00:52:53.447,1.67,2023-12-30 01:17:00,
1.222880289,9629711,Casper Ruud,Tallon Griekspoor v Casper Ruud,90,2023-12-30 01:16:54.179,1.68,2023-12-30 01:32:00,
1.222880289,9629711,Casper Ruud,Tallon Griekspoor v Casper Ruud,100,2023-12-30 01:43:38.399,1.64,2023-12-30 01:48:29,
1.222880293,7083752,Beatriz Haddad Maia,Iga Swiatek v Beatriz Haddad Maia,0,2023-12-27 03:17:37.487,5.5,2023-12-30 06:00:00,
1.222880293,7083752,Beatriz Haddad Maia,Iga Swiatek v Beatriz Haddad Maia,10,2023-12-27 06:19:10.087,6.2,2023-12-30 06:00:00,
1.222880293,7083752,Beatriz Haddad Maia,Iga Swiatek v Beatriz Haddad Maia,20,2023-12-27 15:44:21.157,6.4,2023-12-30 09:00:00,
1.222880293,7083752,Beatriz Haddad Maia,Iga Swiatek v Beatriz Haddad Maia,30,2023-12-29 15:51:24.137,6.2,2023-12-30 09:00:00,
1.222880293,7083752,Beatriz Haddad Maia,Iga Swiatek v Beatriz Haddad Maia,40,2023-12-29 21:45:23.206,7.0,2023-12-30 09:00:00,
1.222880293,7083752,Beatriz Haddad Maia,Iga Swiatek v Beatriz Haddad Maia,50,2023-12-30 02:18:41.295,7.4,2023-12-30 09:00:00,
1.222880293,7083752,Beatriz Haddad Maia,Iga Swiatek v Beatriz Haddad Maia,60,2023-12-30 07:52:09.803,7.8,2023-12-30 09:00:00,
1.222880293,7083752,Beatriz Haddad Maia,Iga Swiatek v Beatriz Haddad Maia,70,2023-12-30 08:32:09.297,7.8,2023-12-30 09:00:00,
1.222880293,7083752,Beatriz Haddad Maia,Iga Swiatek v Beatriz Haddad Maia,80,2023-12-30 08:50:29.009,7.8,2023-12-30 09:00:00,
1.222880293,7083752,Beatriz Haddad Maia,Iga Swiatek v Beatriz Haddad Maia,90,2023-12-30 08:56:24.369,7.8,2023-12-30 09:17:52,
1.222880293,7083752,Beatriz Haddad Maia,Iga Swiatek v Beatriz Haddad Maia,100,2023-12-30 09:08:28.310,8.0,2023-12-30 09:13:16,
1.222880293,12085633,Iga Swiatek,Iga Swiatek v Beatriz Haddad Maia,0,2023-12-25 01:22:18.651,1.31,2023-12-29 01:00:00,
1.222880293,12085633,Iga Swiatek,Iga Swiatek v Beatriz Haddad Maia,10,2023-12-27 03:25:09.928,1.21,2023-12-30 06:00:00,
1.222880293,12085633,Iga Swiatek,Iga Swiatek v Beatriz Haddad Maia,20,2023-12-28 01:49:29.284,1.2,2023-12-30 09:00:00,
1.222880293,12085633,Iga Swiatek,Iga Swiatek v Beatriz Haddad Maia,30,2023-12-29 14:57:34.167,1.14,2023-12-30 09:00:00,
1.222880293,12085633,Iga Swiatek,Iga Swiatek v Beatriz Haddad Maia,40,2023-12-29 21:19:26.925,1.17,2023-12-30 09:00:00,
1.222880293,12085633,Iga Swiatek,Iga Swiatek v Beatriz Haddad Maia,50,2023-12-30 02:57:27.074,1.16,2023-12-30 09:00:00,
1.222880293,12085633,Iga Swiatek,Iga Swiatek v Beatriz Haddad Maia,60,2023-12-30 04:46:47.666,1.15,2023-12-30 09:00:00,
1.222880293,12085633,Iga Swiatek,Iga Swiatek v Beatriz Haddad Maia,70,2023-12-30 08:03:06.874,1.14,2023-12-30 09:00:00,
1.222880293,12085633,Iga Swiatek,Iga Swiatek v Beatriz Haddad Maia,80,2023-12-30 08:41:09.213,1.15,2023-12-30 09:00:00,
1.222880293,12085633,Iga Swiatek,Iga Swiatek v Beatriz Haddad Maia,90,2023-12-30 08:59:26.881,1.14,2023-12-30 09:17:52,
1.222880293,12085633,Iga Swiatek,Iga Swiatek v Beatriz Haddad Maia,100,2023-12-30 09:08:28.310,1.13,2023-12-30 09:13:16,
1.222880297,8826925,Lorenzo Sonego,Lorenzo Sonego v Alexander Zverev,0,2023-12-29 06:04:23.966,3.7,2023-12-30 08:00:00,
1.222880297,8826925,Lorenzo Sonego,Lorenzo Sonego v Alexander Zverev,10,2023-12-29 11:40:06.221,4.4,2023-12-30 08:00:00,
1.222880297,8826925,Lorenzo Sonego,Lorenzo Sonego v Alexander Zverev,20,2023-12-29 13:49:54.782,6.0,2023-12-30 08:00:00,
1.222880297,8826925,Lorenzo Sonego,Lorenzo Sonego v Alexander Zverev,30,2023-12-29 22:44:39.047,4.4,2023-12-30 08:00:00,
1.222880297,8826925,Lorenzo Sonego,Lorenzo Sonego v Alexander Zverev,40,2023-12-30 03:30:39.754,4.9,2023-12-30 08:00:00,
1.222880297,8826925,Lorenzo Sonego,Lorenzo Sonego v Alexander Zverev,50,2023-12-30 04:23:42.898,4.8,2023-12-30 08:00:00,
1.222880297,8826925,Lorenzo Sonego,Lorenzo Sonego v Alexander Zverev,60,2023-12-30 07:13:35.605,5.0,2023-12-30 08:00:00,
1.222880297,8826925,Lorenzo Sonego,Lorenzo Sonego v Alexander Zverev,70,2023-12-30 07:59:58.407,5.2,2023-12-30 08:15:00,
1.222880297,8826925,Lorenzo Sonego,Lorenzo Sonego v Alexander Zverev,80,2023-12-30 08:08:49.810,5.1,2023-12-30 08:15:00,
1.222880297,8826925,Lorenzo Sonego,Lorenzo Sonego v Alexander Zverev,90,2023-12-30 08:13:53.910,5.0,2023-12-30 08:30:00,
1.222880297,8826925,Lorenzo Sonego,Lorenzo Sonego v Alexander Zverev,100,2023-12-30 08:31:38.342,5.3,2023-12-30 08:45:00,
1.222880297,19924823,Alexander Zverev,Lorenzo Sonego v Alexander Zverev,0,2023-12-25 17:02:10.724,1.3,2023-12-29 01:00:00,
1.222880297,19924823,Alexander Zverev,Lorenzo Sonego v Alexander Zverev,10,2023-12-29 13:49:54.782,1.33,2023-12-30 08:00:00,
1.222880297,19924823,Alexander Zverev,Lorenzo Sonego v Alexander Zverev,20,2023-12-29 23:40:39.764,1.27,2023-12-30 08:00:00,
1.222880297,19924823,Alexander Zverev,Lorenzo Sonego v Alexander Zverev,30,2023-12-30 03:38:49.248,1.27,2023-12-30 08:00:00,
1.222880297,19924823,Alexander Zverev,Lorenzo Sonego v Alexander Zverev,40,2023-12-30 05:09:34.121,1.26,2023-12-30 08:00:00,
1.222880297,19924823,Alexander Zverev,Lorenzo Sonego v Alexander Zverev,50,2023-12-30 07:05:51.670,1.23,2023-12-30 08:00:00,
1.222880297,19924823,Alexander Zverev,Lorenzo Sonego v Alexander Zverev,60,2023-12-30 07:44:56.291,1.24,2023-12-30 08:00:00,
1.222880297,19924823,Alexander Zverev,Lorenzo Sonego v Alexander Zverev,70,2023-12-30 08:05:56.142,1.25,2023-12-30 08:15:00,
1.222880297,19924823,Alexander Zverev,Lorenzo Sonego v Alexander Zverev,80,2023-12-30 08:17:46.512,1.25,2023-12-30 08:30:00,
1.222880297,19924823,Alexander Zverev,Lorenzo Sonego v Alexander Zverev,90,2023-12-30 08:32:55.123,1.24,2023-12-30 08:57:32,
1.222880297,19924823,Alexander Zverev,Lorenzo Sonego v Alexander Zverev,100,2023-12-30 08:46:50.616,1.23,2023-12-30 08:53:46,
1.222880301,2411840,Angelique Kerber,Jasmine Paolini v Angelique Kerber,0,2023-12-27 22:16:44.928,2.56,2023-12-30 06:30:00,
1.222880301,2411840,Angelique Kerber,Jasmine Paolini v Angelique Kerber,10,2023-12-28 06:30:47.900,2.58,2023-12-30 06:30:00,
1.222880301,2411840,Angelique Kerber,Jasmine Paolini v Angelique Kerber,20,2023-12-29 06:06:51.584,2.52,2023-12-30 06:30:00,
1.222880301,2411840,Angelique Kerber,Jasmine Paolini v Angelique Kerber,30,2023-12-29 12:43:06.555,2.66,2023-12-30 06:30:00,
1.222880301,2411840,Angelique Kerber,Jasmine Paolini v Angelique Kerber,40,2023-12-29 22:23:44.478,2.76,2023-12-30 06:30:00,
1.222880301,2411840,Angelique Kerber,Jasmine Paolini v Angelique Kerber,50,2023-12-29 23:32:31.199,2.7,2023-12-30 06:30:00,
1.222880301,2411840,Angelique Kerber,Jasmine Paolini v Angelique Kerber,60,2023-12-30 00:40:01.000,2.76,2023-12-30 06:30:00,
1.222880301,2411840,Angelique Kerber,Jasmine Paolini v Angelique Kerber,70,2023-12-30 01:44:04.268,2.74,2023-12-30 06:30:00,
1.222880301,2411840,Angelique Kerber,Jasmine Paolini v Angelique Kerber,80,2023-12-30 04:37:57.929,2.76,2023-12-30 06:30:00,
1.222880301,2411840,Angelique Kerber,Jasmine Paolini v Angelique Kerber,90,2023-12-30 05:31:31.205,2.76,2023-12-30 06:30:00,
1.222880301,2411840,Angelique Kerber,Jasmine Paolini v Angelique Kerber,100,2023-12-30 06:36:53.906,2.7,2023-12-30 06:41:40,2023-12-30 06:36:53.906
1.222880301,8944356,Jasmine Paolini,Jasmine Paolini v Angelique Kerber,0,2023-12-27 04:25:24.700,1.68,2023-12-30 06:30:00,
1.222880301,8944356,Jasmine Paolini,Jasmine Paolini v Angelique Kerber,10,2023-12-27 22:16:44.928,1.64,2023-12-30 06:30:00,
1.222880301,8944356,Jasmine Paolini,Jasmine Paolini v Angelique Kerber,20,2023-12-28 12:13:05.404,1.64,2023-12-30 06:30:00,
1.222880301,8944356,Jasmine Paolini,Jasmine Paolini v Angelique Kerber,30,2023-12-29 12:43:06.555,1.6,2023-12-30 06:30:00,
1.222880301,8944356,Jasmine Paolini,Jasmine Paolini v Angelique Kerber,40,2023-12-29 16:10:29.046,1.6,2023-12-30 06:30:00,
1.222880301,8944356,Jasmine Paolini,Jasmine Paolini v Angelique Kerber,50,2023-12-29 23:22:48.942,1.6,2023-12-30 06:30:00,
1.222880301,8944356,Jasmine Paolini,Jasmine Paolini v Angelique Kerber,60,2023-12-29 23:47:31.254,1.59,2023-12-30 06:30:00,
1.222880301,8944356,Jasmine Paolini,Jasmine Paolini v Angelique Kerber,70,2023-12-30 00:39:34.762,1.59,2023-12-30 06:30:00,
1.222880301,8944356,Jasmine Paolini,Jasmine Paolini v Angelique Kerber,80,2023-12-30 04:35:15.386,1.56,2023-12-30 06:30:00,
1.222880301,8944356,Jasmine Paolini,Jasmine Paolini v Angelique Kerber,90,2023-12-30 06:22:50.356,1.56,2023-12-30 06:45:12,
1.222880301,8944356,Jasmine Paolini,Jasmine Paolini v Angelique Kerber,100,2023-12-30 06:37:54.977,1.6,2023-12-30 06:41:40,2023-12-30 06:36:53.906
1.222880305,6215852,Jessica Pegula,Jessica Pegula v Katie Boulter,0,2023-12-25 18:02:51.092,2.98,2023-12-29 01:00:00,
1.222880305,6215852,Jessica Pegula,Jessica Pegula v Katie Boulter,10,2023-12-25 22:13:56.805,1.5,2023-12-29 01:00:00,
1.222880305,6215852,Jessica Pegula,Jessica Pegula v Katie Boulter,20,2023-12-26 02:04:20.696,1.31,2023-12-31 02:00:00,
1.222880305,6215852,Jessica Pegula,Jessica Pegula v Katie Boulter,30,2023-12-27 14:41:46.709,1.2,2023-12-31 02:00:00,
1.222880305,6215852,Jessica Pegula,Jessica Pegula v Katie Boulter,40,2023-12-30 17:55:41.450,1.19,2023-12-31 02:00:00,
1.222880305,6215852,Jessica Pegula,Jessica Pegula v Katie Boulter,50,2023-12-30 21:31:43.267,1.19,2023-12-31 02:00:00,
1.222880305,6215852,Jessica Pegula,Jessica Pegula v Katie Boulter,60,2023-12-30 22:30:41.443,1.19,2023-12-31 02:00:00,
1.222880305,6215852,Jessica Pegula,Jessica Pegula v Katie Boulter,70,2023-12-30 22:46:23.932,1.18,2023-12-31 02:00:00,
1.222880305,6215852,Jessica Pegula,Jessica Pegula v Katie Boulter,80,2023-12-30 23:07:22.535,1.19,2023-12-31 02:00:00,
1.222880305,6215852,Jessica Pegula,Jessica Pegula v Katie Boulter,90,2023-12-31 00:01:41.512,1.19,2023-12-31 02:00:00,
1.222880305,6215852,Jessica Pegula,Jessica Pegula v Katie Boulter,100,2023-12-31 00:58:28.210,1.19,2023-12-31 02:00:00,
1.222880305,8619018,Katie Boulter,Jessica Pegula v Katie Boulter,0,2023-12-25 18:02:51.092,2.98,2023-12-29 01:00:00,
1.222880305,8619018,Katie Boulter,Jessica Pegula v Katie Boulter,10,2023-12-25 18:04:55.645,2.96,2023-12-29 01:00:00,
1.222880305,8619018,Katie Boulter,Jessica Pegula v Katie Boulter,20,2023-12-25 22:13:56.805,2.98,2023-12-29 01:00:00,
1.222880305,8619018,Katie Boulter,Jessica Pegula v Katie Boulter,30,2023-12-27 19:30:46.198,4.5,2023-12-31 02:00:00,
1.222880305,8619018,Katie Boulter,Jessica Pegula v Katie Boulter,40,2023-12-30 22:35:35.757,7.4,2023-12-31 02:00:00,
1.222880305,8619018,Katie Boulter,Jessica Pegula v Katie Boulter,50,2023-12-30 23:07:22.535,6.2,2023-12-31 02:00:00,
1.222880305,8619018,Katie Boulter,Jessica Pegula v Katie Boulter,60,2023-12-30 23:56:50.471,7.4,2023-12-31 02:00:00,
1.222880305,8619018,Katie Boulter,Jessica Pegula v Katie Boulter,70,2023-12-31 00:22:19.990,7.0,2023-12-31 02:00:00,
1.222880305,8619018,Katie Boulter,Jessica Pegula v Katie Boulter,80,2023-12-31 00:49:39.946,6.6,2023-12-31 02:00:00,
1.222880305,8619018,Katie Boulter,Jessica Pegula v Katie Boulter,90,2023-12-31 01:05:42.381,6.2,2023-12-31 02:00:00,
1.222880305,8619018,Katie Boulter,Jessica Pegula v Katie Boulter,100,2023-12-31 01:55:26.454,6.2,2023-12-31 02:00:00,
1.222883129,11987709,Leylah Fernandez,Leylah Fernandez v Daniela Seguel,0,2023-12-25 01:14:42.775,1.08,2023-12-29 01:00:00,
1.222883129,11987709,Leylah Fernandez,Leylah Fernandez v Daniela Seguel,10,2023-12-25 20:50:28.957,1.05,2023-12-29 01:00:00,
1.222883129,11987709,Leylah Fernandez,Leylah Fernandez v Daniela Seguel,20,2023-12-26 22:10:22.644,1.04,2023-12-30 23:30:00,
1.222883129,11987709,Leylah Fernandez,Leylah Fernandez v Daniela Seguel,30,2023-12-28 13:52:57.537,1.05,2023-12-30 23:30:00,
1.222883129,11987709,Leylah Fernandez,Leylah Fernandez v Daniela Seguel,40,2023-12-29 14:12:59.814,1.04,2023-12-30 23:30:00,
1.222883129,11987709,Leylah Fernandez,Leylah Fernandez v Daniela Seguel,50,2023-12-30 11:14:24.793,1.05,2023-12-30 23:30:00,
1.222883129,11987709,Leylah Fernandez,Leylah Fernandez v Daniela Seguel,60,2023-12-30 20:05:53.136,1.03,2023-12-30 23:30:00,
1.222883129,11987709,Leylah Fernandez,Leylah Fernandez v Daniela Seguel,70,2023-12-30 21:16:48.688,1.02,2023-12-30 23:30:00,
1.222883129,11987709,Leylah Fernandez,Leylah Fernandez v Daniela Seguel,80,2023-12-30 22:45:01.545,1.03,2023-12-30 23:30:00,
1.222883129,11987709,Leylah Fernandez,Leylah Fernandez v Daniela Seguel,90,2023-12-30 23:07:01.503,1.02,2023-12-30 23:30:00,
1.222883129,11987709,Leylah Fernandez,Leylah Fernandez v Daniela Seguel,100,2023-12-30 23:26:44.172,1.03,2023-12-30 23:30:00,
1.222883672,48063028,Kyra Shetty,Bela Tamhankar v Kyra Shetty,0,2023-12-24 07:32:37.823,2.6,2023-12-24 08:00:00,
1.222883672,48063028,Kyra Shetty,Bela Tamhankar v Kyra Shetty,10,2023-12-24 07:33:40.996,2.5,2023-12-24 08:00:00,
1.222883672,48063028,Kyra Shetty,Bela Tamhankar v Kyra Shetty,20,2023-12-24 07:35:47.127,2.5,2023-12-24 08:00:00,
1.222883672,48063028,Kyra Shetty,Bela Tamhankar v Kyra Shetty,30,2023-12-24 08:23:28.484,4.3,2023-12-24 08:30:00,
1.222883672,48063028,Kyra Shetty,Bela Tamhankar v Kyra Shetty,40,2023-12-24 08:33:09.538,4.2,2023-12-24 08:40:00,
1.222883672,48063028,Kyra Shetty,Bela Tamhankar v Kyra Shetty,50,2023-12-24 08:36:25.616,4.2,2023-12-24 08:40:00,
1.222883672,48063028,Kyra Shetty,Bela Tamhankar v Kyra Shetty,60,2023-12-24 08:37:27.084,3.3,2023-12-24 08:50:00,
1.222883672,48063028,Kyra Shetty,Bela Tamhankar v Kyra Shetty,70,2023-12-24 08:43:39.806,3.95,2023-12-24 08:50:00,
1.222883672,48063028,Kyra Shetty,Bela Tamhankar v Kyra Shetty,80,2023-12-24 08:45:37.678,3.25,2023-12-24 08:50:00,
1.222883672,48063028,Kyra Shetty,Bela Tamhankar v Kyra Shetty,90,2023-12-24 09:05:40.760,3.25,2023-12-24 09:10:00,
1.222883672,48063028,Kyra Shetty,Bela Tamhankar v Kyra Shetty,100,2023-12-24 09:09:42.461,4.2,2023-12-24 09:20:00,
1.222883672,49712489,Bela Tamhankar,Bela Tamhankar v Kyra Shetty,0,2023-12-24 07:31:40.885,2.6,2023-12-24 08:00:00,
1.222883672,49712489,Bela Tamhankar,Bela Tamhankar v Kyra Shetty,10,2023-12-24 07:34:46.236,2.5,2023-12-24 08:00:00,
1.222883672,49712489,Bela Tamhankar,Bela Tamhankar v Kyra Shetty,20,2023-12-24 07:53:56.354,1.39,2023-12-24 08:00:00,
1.222883672,49712489,Bela Tamhankar,Bela Tamhankar v Kyra Shetty,30,2023-12-24 08:26:46.585,1.46,2023-12-24 08:30:00,
1.222883672,49712489,Bela Tamhankar,Bela Tamhankar v Kyra Shetty,40,2023-12-24 08:35:39.394,1.43,2023-12-24 08:40:00,
1.222883672,49712489,Bela Tamhankar,Bela Tamhankar v Kyra Shetty,50,2023-12-24 08:41:47.298,1.32,2023-12-24 08:50:00,
1.222883672,49712489,Bela Tamhankar,Bela Tamhankar v Kyra Shetty,60,2023-12-24 08:45:37.678,1.4,2023-12-24 08:50:00,
1.222883672,49712489,Bela Tamhankar,Bela Tamhankar v Kyra Shetty,70,2023-12-24 08:54:40.446,1.33,2023-12-24 09:00:00,
1.222883672,49712489,Bela Tamhankar,Bela Tamhankar v Kyra Shetty,80,2023-12-24 09:02:59.866,1.31,2023-12-24 09:10:00,
1.222883672,49712489,Bela Tamhankar,Bela Tamhankar v Kyra Shetty,90,2023-12-24 09:15:36.972,1.3,2023-12-24 09:20:00,
1.222883672,49712489,Bela Tamhankar,Bela Tamhankar v Kyra Shetty,100,2023-12-24 09:24:30.316,1.31,2023-12-24 09:25:00,
1.222886202,3120169,Grigor Dimitrov,Grigor Dimitrov v Andrey Rublev,0,2023-12-24 12:30:16.009,2.92,2023-12-24 16:00:00,
1.222886202,3120169,Grigor Dimitrov,Grigor Dimitrov v Andrey Rublev,10,2023-12-24 12:41:20.522,2.92,2023-12-24 16:00:00,
1.222886202,3120169,Grigor Dimitrov,Grigor Dimitrov v Andrey Rublev,20,2023-12-24 14:25:54.735,2.92,2023-12-24 17:00:00,
1.222886202,3120169,Grigor Dimitrov,Grigor Dimitrov v Andrey Rublev,30,2023-12-24 14:59:49.421,2.58,2023-12-24 17:00:00,
1.222886202,3120169,Grigor Dimitrov,Grigor Dimitrov v Andrey Rublev,40,2023-12-24 15:54:20.069,2.6,2023-12-24 17:00:00,
1.222886202,3120169,Grigor Dimitrov,Grigor Dimitrov v Andrey Rublev,50,2023-12-24 16:02:02.318,2.92,2023-12-24 17:00:00,
1.222886202,3120169,Grigor Dimitrov,Grigor Dimitrov v Andrey Rublev,60,2023-12-24 16:23:17.140,2.74,2023-12-24 17:00:00,
1.222886202,3120169,Grigor Dimitrov,Grigor Dimitrov v Andrey Rublev,70,2023-12-24 16:42:07.071,2.8,2023-12-24 17:00:00,
1.222886202,3120169,Grigor Dimitrov,Grigor Dimitrov v Andrey Rublev,80,2023-12-24 16:51:13.517,2.86,2023-12-24 17:00:00,
1.222886202,3120169,Grigor Dimitrov,Grigor Dimitrov v Andrey Rublev,90,2023-12-24 16:56:08.308,2.78,2023-12-24 17:00:00,
1.222886202,3120169,Grigor Dimitrov,Grigor Dimitrov v Andrey Rublev,100,2023-12-24 16:59:20.471,2.8,2023-12-24 17:00:00,
1.222886202,7797771,Andrey Rublev,Grigor Dimitrov v Andrey Rublev,0,2023-12-24 10:45:12.862,1.75,2023-12-24 16:00:00,
1.222886202,7797771,Andrey Rublev,Grigor Dimitrov v Andrey Rublev,10,2023-12-24 14:21:57.743,1.63,2023-12-24 17:00:00,
1.222886202,7797771,Andrey Rublev,Grigor Dimitrov v Andrey Rublev,20,2023-12-24 14:29:17.129,1.63,2023-12-24 17:00:00,
1.222886202,7797771,Andrey Rublev,Grigor Dimitrov v Andrey Rublev,30,2023-12-24 14:59:49.421,1.63,2023-12-24 17:00:00,
1.222886202,7797771,Andrey Rublev,Grigor Dimitrov v Andrey Rublev,40,2023-12-24 15:55:54.120,1.69,2023-12-24 17:00:00,
1.222886202,7797771,Andrey Rublev,Grigor Dimitrov v Andrey Rublev,50,2023-12-24 16:02:02.318,1.52,2023-12-24 17:00:00,
1.222886202,7797771,Andrey Rublev,Grigor Dimitrov v Andrey Rublev,60,2023-12-24 16:23:55.424,1.45,2023-12-24 17:00:00,
1.222886202,7797771,Andrey Rublev,Grigor Dimitrov v Andrey Rublev,70,2023-12-24 16:42:07.071,1.55,2023-12-24 17:00:00,
1.222886202,7797771,Andrey Rublev,Grigor Dimitrov v Andrey Rublev,80,2023-12-24 16:47:08.638,1.54,2023-12-24 17:00:00,
1.222886202,7797771,Andrey Rublev,Grigor Dimitrov v Andrey Rublev,90,2023-12-24 16:54:12.348,1.54,2023-12-24 17:00:00,
1.222886202,7797771,Andrey Rublev,Grigor Dimitrov v Andrey Rublev,100,2023-12-24 16:59:20.471,1.55,2023-12-24 17:00:00,
1.222886419,9149629,Sofia Kenin,Aryna Sabalenka v Sofia Kenin,0,2023-12-24 10:02:47.024,1.8,2023-12-24 15:30:00,
1.222886419,9149629,Sofia Kenin,Aryna Sabalenka v Sofia Kenin,10,2023-12-24 11:03:39.782,3.25,2023-12-24 15:30:00,
1.222886419,9149629,Sofia Kenin,Aryna Sabalenka v Sofia Kenin,20,2023-12-24 11:31:42.561,4.1,2023-12-24 15:30:00,
1.222886419,9149629,Sofia Kenin,Aryna Sabalenka v Sofia Kenin,30,2023-12-24 12:45:36.220,4.0,2023-12-24 15:30:00,
1.222886419,9149629,Sofia Kenin,Aryna Sabalenka v Sofia Kenin,40,2023-12-24 14:17:36.648,4.7,2023-12-24 16:15:00,
1.222886419,9149629,Sofia Kenin,Aryna Sabalenka v Sofia Kenin,50,2023-12-24 15:06:57.828,4.5,2023-12-24 16:15:00,
1.222886419,9149629,Sofia Kenin,Aryna Sabalenka v Sofia Kenin,60,2023-12-24 15:37:42.277,3.75,2023-12-24 16:15:00,
1.222886419,9149629,Sofia Kenin,Aryna Sabalenka v Sofia Kenin,70,2023-12-24 15:45:38.076,3.5,2023-12-24 16:15:00,
1.222886419,9149629,Sofia Kenin,Aryna Sabalenka v Sofia Kenin,80,2023-12-24 15:56:43.167,4.4,2023-12-24 16:15:00,
1.222886419,9149629,Sofia Kenin,Aryna Sabalenka v Sofia Kenin,90,2023-12-24 16:02:45.490,5.1,2023-12-24 16:15:00,
1.222886419,9149629,Sofia Kenin,Aryna Sabalenka v Sofia Kenin,100,2023-12-24 16:13:45.087,4.8,2023-12-24 16:15:00,
1.222886419,9628840,Aryna Sabalenka,Aryna Sabalenka v Sofia Kenin,0,2023-12-24 10:02:47.024,2.0,2023-12-24 15:30:00,
1.222886419,9628840,Aryna Sabalenka,Aryna Sabalenka v Sofia Kenin,10,2023-12-24 10:54:42.252,1.55,2023-12-24 15:30:00,
1.222886419,9628840,Aryna Sabalenka,Aryna Sabalenka v Sofia Kenin,20,2023-12-24 11:31:42.561,1.3,2023-12-24 15:30:00,
1.222886419,9628840,Aryna Sabalenka,Aryna Sabalenka v Sofia Kenin,30,2023-12-24 13:55:38.685,1.24,2023-12-24 16:15:00,
1.222886419,9628840,Aryna Sabalenka,Aryna Sabalenka v Sofia Kenin,40,2023-12-24 14:25:38.279,1.25,2023-12-24 16:15:00,
1.222886419,9628840,Aryna Sabalenka,Aryna Sabalenka v Sofia Kenin,50,2023-12-24 15:16:37.117,1.34,2023-12-24 16:15:00,
1.222886419,9628840,Aryna Sabalenka,Aryna Sabalenka v Sofia Kenin,60,2023-12-24 15:30:17.652,1.36,2023-12-24 16:15:00,
1.222886419,9628840,Aryna Sabalenka,Aryna Sabalenka v Sofia Kenin,70,2023-12-24 15:46:31.042,1.38,2023-12-24 16:15:00,
1.222886419,9628840,Aryna Sabalenka,Aryna Sabalenka v Sofia Kenin,80,2023-12-24 15:55:11.012,1.3,2023-12-24 16:15:00,
1.222886419,9628840,Aryna Sabalenka,Aryna Sabalenka v Sofia Kenin,90,2023-12-24 16:02:45.490,1.24,2023-12-24 16:15:00,
1.222886419,9628840,Aryna Sabalenka,Aryna Sabalenka v Sofia Kenin,100,2023-12-24 16:13:45.087,1.26,2023-12-24 16:15:00,
1.222889087,9631921,Soha Sadiq,Soha Sadiq v Ioana Zvonaru,0,2023-12-25 00:58:44.984,1.5,2023-12-25 05:15:00,
1.222889087,9631921,Soha Sadiq,Soha Sadiq v Ioana Zvonaru,10,2023-12-25 04:04:56.092,2.5,2023-12-25 05:25:00,
1.222889087,9631921,Soha Sadiq,Soha Sadiq v Ioana Zvonaru,20,2023-12-25 04:06:59.896,2.6,2023-12-25 05:25:00,
1.222889087,9631921,Soha Sadiq,Soha Sadiq v Ioana Zvonaru,30,2023-12-25 04:08:01.727,2.7,2023-12-25 05:25:00,
1.222889087,9631921,Soha Sadiq,Soha Sadiq v Ioana Zvonaru,40,2023-12-25 04:08:54.684,2.4,2023-12-25 05:25:00,
1.222889087,9631921,Soha Sadiq,Soha Sadiq v Ioana Zvonaru,50,2023-12-25 04:10:57.043,2.5,2023-12-25 05:25:00,
1.222889087,9631921,Soha Sadiq,Soha Sadiq v Ioana Zvonaru,60,2023-12-25 05:30:01.121,1.35,2023-12-25 05:35:00,
1.222889087,9631921,Soha Sadiq,Soha Sadiq v Ioana Zvonaru,70,2023-12-25 05:31:00.290,1.34,2023-12-25 05:35:00,
1.222889087,9631921,Soha Sadiq,Soha Sadiq v Ioana Zvonaru,80,2023-12-25 05:51:45.763,1.42,2023-12-25 05:55:00,
1.222889087,9631921,Soha Sadiq,Soha Sadiq v Ioana Zvonaru,90,2023-12-25 05:56:36.197,1.48,2023-12-25 06:00:00,
1.222889087,9631921,Soha Sadiq,Soha Sadiq v Ioana Zvonaru,100,2023-12-25 05:58:52.852,1.52,2023-12-25 06:00:00,
1.222889087,24143407,Ioana Zvonaru,Soha Sadiq v Ioana Zvonaru,0,2023-12-25 04:04:56.092,1.66,2023-12-25 05:25:00,
1.222889087,24143407,Ioana Zvonaru,Soha Sadiq v Ioana Zvonaru,10,2023-12-25 04:05:52.769,2.5,2023-12-25 05:25:00,
1.222889087,24143407,Ioana Zvonaru,Soha Sadiq v Ioana Zvonaru,20,2023-12-25 04:08:01.727,2.6,2023-12-25 05:25:00,
1.222889087,24143407,Ioana Zvonaru,Soha Sadiq v Ioana Zvonaru,30,2023-12-25 04:08:54.684,2.7,2023-12-25 05:25:00,
1.222889087,24143407,Ioana Zvonaru,Soha Sadiq v Ioana Zvonaru,40,2023-12-25 04:09:54.166,2.4,2023-12-25 05:25:00,
1.222889087,24143407,Ioana Zvonaru,Soha Sadiq v Ioana Zvonaru,50,2023-12-25 04:11:55.086,1.19,2023-12-25 05:25:00,
1.222889087,24143407,Ioana Zvonaru,Soha Sadiq v Ioana Zvonaru,60,2023-12-25 04:12:49.214,2.5,2023-12-25 05:25:00,
1.222889087,24143407,Ioana Zvonaru,Soha Sadiq v Ioana Zvonaru,70,2023-12-25 05:30:01.121,1.98,2023-12-25 05:35:00,
1.222889087,24143407,Ioana Zvonaru,Soha Sadiq v Ioana Zvonaru,80,2023-12-25 05:51:45.763,1.41,2023-12-25 05:55:00,
1.222889087,24143407,Ioana Zvonaru,Soha Sadiq v Ioana Zvonaru,90,2023-12-25 05:56:36.197,3.05,2023-12-25 06:00:00,
1.222889087,24143407,Ioana Zvonaru,Soha Sadiq v Ioana Zvonaru,100,2023-12-25 05:59:59.742,2.96,2023-12-25 06:00:00,
1.222889089,21384490,Honoka Kobayashi,Honoka Kobayashi v Anna Sedysheva,0,2023-12-24 18:47:51.384,1.4,2023-12-25 05:15:00,
1.222889089,21384490,Honoka Kobayashi,Honoka Kobayashi v Anna Sedysheva,10,2023-12-24 19:44:29.533,1.44,2023-12-25 05:15:00,
1.222889089,21384490,Honoka Kobayashi,Honoka Kobayashi v Anna Sedysheva,20,2023-12-24 19:45:13.757,1.4,2023-12-25 05:15:00,
1.222889089,21384490,Honoka Kobayashi,Honoka Kobayashi v Anna Sedysheva,30,2023-12-24 20:53:35.690,1.5,2023-12-25 05:15:00,
1.222889089,21384490,Honoka Kobayashi,Honoka Kobayashi v Anna Sedysheva,40,2023-12-24 22:17:21.919,1.53,2023-12-25 05:15:00,
1.222889089,21384490,Honoka Kobayashi,Honoka Kobayashi v Anna Sedysheva,50,2023-12-24 22:21:12.356,1.54,2023-12-25 05:15:00,
1.222889089,21384490,Honoka Kobayashi,Honoka Kobayashi v Anna Sedysheva,60,2023-12-24 22:53:25.467,1.45,2023-12-25 05:15:00,
1.222889089,21384490,Honoka Kobayashi,Honoka Kobayashi v Anna Sedysheva,70,2023-12-24 23:03:40.495,1.4,2023-12-25 05:15:00,
1.222889089,21384490,Honoka Kobayashi,Honoka Kobayashi v Anna Sedysheva,80,2023-12-25 04:45:01.843,1.5,2023-12-25 05:15:00,
1.222889089,21384490,Honoka Kobayashi,Honoka Kobayashi v Anna Sedysheva,90,2023-12-25 04:54:01.405,1.45,2023-12-25 05:15:00,
1.222889089,21384490,Honoka Kobayashi,Honoka Kobayashi v Anna Sedysheva,100,2023-12-25 04:56:08.421,1.44,2023-12-25 05:15:00,
1.222889089,64046332,Anna Sedysheva,Honoka Kobayashi v Anna Sedysheva,0,2023-12-24 18:45:52.244,2.74,2023-12-25 05:15:00,
1.222889089,64046332,Anna Sedysheva,Honoka Kobayashi v Anna Sedysheva,10,2023-12-24 18:47:51.384,3.45,2023-12-25 05:15:00,
1.222889089,64046332,Anna Sedysheva,Honoka Kobayashi v Anna Sedysheva,20,2023-12-24 19:44:29.533,3.25,2023-12-25 05:15:00,
1.222889089,64046332,Anna Sedysheva,Honoka Kobayashi v Anna Sedysheva,30,2023-12-24 20:53:35.690,3.0,2023-12-25 05:15:00,
1.222889089,64046332,Anna Sedysheva,Honoka Kobayashi v Anna Sedysheva,40,2023-12-24 21:36:01.900,2.92,2023-12-25 05:15:00,
1.222889089,64046332,Anna Sedysheva,Honoka Kobayashi v Anna Sedysheva,50,2023-12-24 22:17:21.919,2.86,2023-12-25 05:15:00,
1.222889089,64046332,Anna Sedysheva,Honoka Kobayashi v Anna Sedysheva,60,2023-12-24 22:21:12.356,2.84,2023-12-25 05:15:00,
1.222889089,64046332,Anna Sedysheva,Honoka Kobayashi v Anna Sedysheva,70,2023-12-24 22:45:51.645,2.8,2023-12-25 05:15:00,
1.222889089,64046332,Anna Sedysheva,Honoka Kobayashi v Anna Sedysheva,80,2023-12-24 23:03:40.495,3.5,2023-12-25 05:15:00,
1.222889089,64046332,Anna Sedysheva,Honoka Kobayashi v Anna Sedysheva,90,2023-12-25 04:45:01.843,3.0,2023-12-25 05:15:00,
1.222889089,64046332,Anna Sedysheva,Honoka Kobayashi v Anna Sedysheva,100,2023-12-25 05:09:52.307,2.9,2023-12-25 05:15:00,
1.222889092,64263601,Kaur Gurmanat Sandhu,Kaur Gurmanat Sandhu v Saumya Vig,0,2023-12-24 17:40:54.471,4.3,2023-12-25 03:45:00,
1.222889092,64263601,Kaur Gurmanat Sandhu,Kaur Gurmanat Sandhu v Saumya Vig,10,2023-12-24 17:46:04.231,4.1,2023-12-25 03:45:00,
1.222889092,64263601,Kaur Gurmanat Sandhu,Kaur Gurmanat Sandhu v Saumya Vig,20,2023-12-24 18:09:54.926,3.95,2023-12-25 03:45:00,
1.222889092,64263601,Kaur Gurmanat Sandhu,Kaur Gurmanat Sandhu v Saumya Vig,30,2023-12-24 18:10:37.484,2.1,2023-12-25 03:45:00,
1.222889092,64263601,Kaur Gurmanat Sandhu,Kaur Gurmanat Sandhu v Saumya Vig,40,2023-12-24 18:17:38.401,3.1,2023-12-25 03:45:00,
1.222889092,64263601,Kaur Gurmanat Sandhu,Kaur Gurmanat Sandhu v Saumya Vig,50,2023-12-24 18:52:36.313,3.0,2023-12-25 03:45:00,
1.222889092,64263601,Kaur Gurmanat Sandhu,Kaur Gurmanat Sandhu v Saumya Vig,60,2023-12-24 21:32:28.059,2.98,2023-12-25 03:45:00,
1.222889092,64263601,Kaur Gurmanat Sandhu,Kaur Gurmanat Sandhu v Saumya Vig,70,2023-12-25 01:36:50.354,2.4,2023-12-25 03:45:00,
1.222889092,64263601,Kaur Gurmanat Sandhu,Kaur Gurmanat Sandhu v Saumya Vig,80,2023-12-25 02:51:30.987,2.26,2023-12-25 03:45:00,
1.222889092,64263601,Kaur Gurmanat Sandhu,Kaur Gurmanat Sandhu v Saumya Vig,90,2023-12-25 03:36:12.086,2.28,2023-12-25 03:45:00,
1.222889092,64263601,Kaur Gurmanat Sandhu,Kaur Gurmanat Sandhu v Saumya Vig,100,2023-12-25 03:44:30.783,2.24,2023-12-25 03:45:00,
1.222914862,11376399,Kazuki Nishiwaki,Kazuki Nishiwaki v Jumpei Yamasaki,0,2023-12-25 17:45:49.716,2.98,2023-12-26 03:00:00,
1.222914862,11376399,Kazuki Nishiwaki,Kazuki Nishiwaki v Jumpei Yamasaki,10,2023-12-25 17:51:59.070,2.1,2023-12-26 03:00:00,
1.222914862,11376399,Kazuki Nishiwaki,Kazuki Nishiwaki v Jumpei Yamasaki,20,2023-12-25 22:16:46.611,2.24,2023-12-26 03:00:00,
1.222914862,11376399,Kazuki Nishiwaki,Kazuki Nishiwaki v Jumpei Yamasaki,30,2023-12-25 22:37:53.853,2.26,2023-12-26 03:00:00,
1.222914862,11376399,Kazuki Nishiwaki,Kazuki Nishiwaki v Jumpei Yamasaki,40,2023-12-25 22:40:33.538,2.46,2023-12-26 03:00:00,
1.222914862,11376399,Kazuki Nishiwaki,Kazuki Nishiwaki v Jumpei Yamasaki,50,2023-12-25 22:41:40.682,2.56,2023-12-26 03:00:00,
1.222914862,11376399,Kazuki Nishiwaki,Kazuki Nishiwaki v Jumpei Yamasaki,60,2023-12-25 22:46:47.645,2.68,2023-12-26 03:00:00,
1.222914862,11376399,Kazuki Nishiwaki,Kazuki Nishiwaki v Jumpei Yamasaki,70,2023-12-26 00:40:01.700,2.36,2023-12-26 03:00:00,
1.222914862,11376399,Kazuki Nishiwaki,Kazuki Nishiwaki v Jumpei Yamasaki,80,2023-12-26 02:40:00.742,2.32,2023-12-26 03:45:00,
1.222914862,11376399,Kazuki Nishiwaki,Kazuki Nishiwaki v Jumpei Yamasaki,90,2023-12-26 02:40:33.105,2.26,2023-12-26 03:45:00,
1.222914862,11376399,Kazuki Nishiwaki,Kazuki Nishiwaki v Jumpei Yamasaki,100,2023-12-26 02:51:55.499,2.64,2023-12-26 03:45:00,
1.222914863,49320394,Hayato Matsuoka,Hayato Matsuoka v Daiki Yoshimura,0,2023-12-25 17:51:20.811,2.68,2023-12-26 01:30:00,
1.222914863,49320394,Hayato Matsuoka,Hayato Matsuoka v Daiki Yoshimura,10,2023-12-25 17:53:00.658,2.98,2023-12-26 01:30:00,
1.222914863,49320394,Hayato Matsuoka,Hayato Matsuoka v Daiki Yoshimura,20,2023-12-25 17:57:32.726,1.49,2023-12-26 01:30:00,
1.222914863,49320394,Hayato Matsuoka,Hayato Matsuoka v Daiki Yoshimura,30,2023-12-25 19:57:08.262,1.12,2023-12-26 01:30:00,
1.222914863,49320394,Hayato Matsuoka,Hayato Matsuoka v Daiki Yoshimura,40,2023-12-25 20:26:45.804,1.13,2023-12-26 01:30:00,
1.222914863,49320394,Hayato Matsuoka,Hayato Matsuoka v Daiki Yoshimura,50,2023-12-25 20:28:42.066,1.11,2023-12-26 01:30:00,
1.222914863,49320394,Hayato Matsuoka,Hayato Matsuoka v Daiki Yoshimura,60,2023-12-25 20:30:50.948,1.13,2023-12-26 01:30:00,
1.222914863,49320394,Hayato Matsuoka,Hayato Matsuoka v Daiki Yoshimura,70,2023-12-25 21:49:18.336,1.13,2023-12-26 01:30:00,
1.222914863,49320394,Hayato Matsuoka,Hayato Matsuoka v Daiki Yoshimura,80,2023-12-25 22:35:48.539,1.14,2023-12-26 01:30:00,
1.222914863,49320394,Hayato Matsuoka,Hayato Matsuoka v Daiki Yoshimura,90,2023-12-25 23:46:04.676,1.13,2023-12-26 01:30:00,
1.222914863,49320394,Hayato Matsuoka,Hayato Matsuoka v Daiki Yoshimura,100,2023-12-26 01:14:00.554,1.1,2023-12-26 01:30:00,
1.222921219,12210252,Felix Auger-Aliassime,Felix Auger-Aliassime v Nicolas Jarry,0,2023-12-27 18:30:12.226,1.66,2023-12-31 01:30:00,
1.222921219,12210252,Felix Auger-Aliassime,Felix Auger-Aliassime v Nicolas Jarry,10,2023-12-28 07:15:08.411,1.7,2023-12-31 01:30:00,
1.222921219,12210252,Felix Auger-Aliassime,Felix Auger-Aliassime v Nicolas Jarry,20,2023-12-29 06:05:24.475,1.66,2023-12-31 01:30:00,
1.222921219,12210252,Felix Auger-Aliassime,Felix Auger-Aliassime v Nicolas Jarry,30,2023-12-29 12:50:59.925,1.72,2023-12-31 01:30:00,
1.222921219,12210252,Felix Auger-Aliassime,Felix Auger-Aliassime v Nicolas Jarry,40,2023-12-29 13:38:20.633,1.71,2023-12-31 01:30:00,
1.222921219,12210252,Felix Auger-Aliassime,Felix Auger-Aliassime v Nicolas Jarry,50,2023-12-29 19:56:36.684,1.67,2023-12-31 01:30:00,
1.222921219,12210252,Felix Auger-Aliassime,Felix Auger-Aliassime v Nicolas Jarry,60,2023-12-29 21:56:07.830,1.66,2023-12-31 01:30:00,
1.222921219,12210252,Felix Auger-Aliassime,Felix Auger-Aliassime v Nicolas Jarry,70,2023-12-30 16:29:03.817,1.36,2023-12-31 01:30:00,
1.222921219,12210252,Felix Auger-Aliassime,Felix Auger-Aliassime v Nicolas Jarry,80,2023-12-30 16:29:43.811,1.33,2023-12-31 01:30:00,
1.222921219,12210252,Felix Auger-Aliassime,Felix Auger-Aliassime v Nicolas Jarry,90,2023-12-30 17:15:36.039,1.6,2023-12-31 01:30:00,
1.222921219,12210252,Felix Auger-Aliassime,Felix Auger-Aliassime v Nicolas Jarry,100,2023-12-30 17:55:49.724,1.75,2023-12-31 01:30:00,
1.222925036,12899978,Naho Sato,Naho Sato v Anna Sedysheva,0,2023-12-26 06:19:10.374,1.49,2023-12-26 06:30:00,2023-12-26 06:11:36.063
1.222925036,12899978,Naho Sato,Naho Sato v Anna Sedysheva,10,2023-12-26 06:20:10.385,1.48,2023-12-26 06:30:00,2023-12-26 06:11:36.063
1.222925036,12899978,Naho Sato,Naho Sato v Anna Sedysheva,20,2023-12-26 06:21:03.300,1.14,2023-12-26 06:30:00,2023-12-26 06:11:36.063
1.222925036,12899978,Naho Sato,Naho Sato v Anna Sedysheva,30,2023-12-26 06:22:05.750,1.15,2023-12-26 06:30:00,2023-12-26 06:11:36.063
1.222925036,12899978,Naho Sato,Naho Sato v Anna Sedysheva,40,2023-12-26 06:23:10.192,1.24,2023-12-26 06:30:00,2023-12-26 06:11:36.063
1.222925036,12899978,Naho Sato,Naho Sato v Anna Sedysheva,50,2023-12-26 06:23:56.823,1.15,2023-12-26 06:30:00,2023-12-26 06:11:36.063
1.222925036,12899978,Naho Sato,Naho Sato v Anna Sedysheva,60,2023-12-26 06:25:05.678,1.24,2023-12-26 06:30:00,2023-12-26 06:11:36.063
1.222925036,12899978,Naho Sato,Naho Sato v Anna Sedysheva,70,2023-12-26 06:25:59.165,1.43,2023-12-26 06:40:00,2023-12-26 06:11:36.063
1.222925036,12899978,Naho Sato,Naho Sato v Anna Sedysheva,80,2023-12-26 06:30:10.300,1.24,2023-12-26 06:35:00,2023-12-26 06:11:36.063
1.222925036,12899978,Naho Sato,Naho Sato v Anna Sedysheva,90,2023-12-26 06:31:08.783,1.42,2023-12-26 06:35:00,2023-12-26 06:11:36.063
1.222925036,12899978,Naho Sato,Naho Sato v Anna Sedysheva,100,2023-12-26 06:34:08.318,1.14,2023-12-26 06:35:00,2023-12-26 06:11:36.063
1.222925037,63177991,Kateryna Lazarenko,Kateryna Lazarenko v Julia Silva Camargo Konishi,0,2023-12-26 09:01:30.140,1.08,2023-12-26 10:30:00,
1.222925037,63177991,Kateryna Lazarenko,Kateryna Lazarenko v Julia Silva Camargo Konishi,10,2023-12-26 09:28:29.727,1.2,2023-12-26 10:40:00,
1.222925037,63177991,Kateryna Lazarenko,Kateryna Lazarenko v Julia Silva Camargo Konishi,20,2023-12-26 10:03:09.740,1.23,2023-12-26 10:40:00,
1.222925037,63177991,Kateryna Lazarenko,Kateryna Lazarenko v Julia Silva Camargo Konishi,30,2023-12-26 10:18:51.730,1.23,2023-12-26 10:40:00,
1.222925037,63177991,Kateryna Lazarenko,Kateryna Lazarenko v Julia Silva Camargo Konishi,40,2023-12-26 10:19:49.491,1.14,2023-12-26 10:40:00,
1.222925037,63177991,Kateryna Lazarenko,Kateryna Lazarenko v Julia Silva Camargo Konishi,50,2023-12-26 10:23:59.544,1.09,2023-12-26 10:40:00,
1.222925037,63177991,Kateryna Lazarenko,Kateryna Lazarenko v Julia Silva Camargo Konishi,60,2023-12-26 10:29:35.052,1.17,2023-12-26 10:40:00,
1.222925037,63177991,Kateryna Lazarenko,Kateryna Lazarenko v Julia Silva Camargo Konishi,70,2023-12-26 10:39:51.038,1.19,2023-12-26 10:50:00,
1.222925037,63177991,Kateryna Lazarenko,Kateryna Lazarenko v Julia Silva Camargo Konishi,80,2023-12-26 10:48:25.686,1.08,2023-12-26 11:00:00,
1.222925037,63177991,Kateryna Lazarenko,Kateryna Lazarenko v Julia Silva Camargo Konishi,90,2023-12-26 10:51:21.998,1.09,2023-12-26 11:00:00,
1.222925037,63177991,Kateryna Lazarenko,Kateryna Lazarenko v Julia Silva Camargo Konishi,100,2023-12-26 10:59:00.515,1.1,2023-12-26 11:00:00,2023-12-26 10:57:50.616
1.222925039,10192041,Tao Mu,Tao Mu v Ryotaro Taguchi,0,2023-12-26 05:26:54.485,1.45,2023-12-26 10:30:00,
1.222925039,10192041,Tao Mu,Tao Mu v Ryotaro Taguchi,10,2023-12-26 05:30:58.590,1.41,2023-12-26 10:30:00,
1.222925039,10192041,Tao Mu,Tao Mu v Ryotaro Taguchi,20,2023-12-26 07:36:07.615,1.41,2023-12-26 10:30:00,
1.222925039,10192041,Tao Mu,Tao Mu v Ryotaro Taguchi,30,2023-12-26 07:38:08.337,1.43,2023-12-26 10:30:00,
1.222925039,10192041,Tao Mu,Tao Mu v Ryotaro Taguchi,40,2023-12-26 09:26:05.673,1.43,2023-12-26 11:30:00,
1.222925039,10192041,Tao Mu,Tao Mu v Ryotaro Taguchi,50,2023-12-26 11:01:11.456,1.43,2023-12-26 11:30:00,
1.222925039,10192041,Tao Mu,Tao Mu v Ryotaro Taguchi,60,2023-12-26 11:12:04.718,1.42,2023-12-26 11:30:00,
1.222925039,10192041,Tao Mu,Tao Mu v Ryotaro Taguchi,70,2023-12-26 11:18:07.572,1.42,2023-12-26 11:30:00,
1.222925039,10192041,Tao Mu,Tao Mu v Ryotaro Taguchi,80,2023-12-26 11:20:05.623,1.43,2023-12-26 11:30:00,
1.222925039,10192041,Tao Mu,Tao Mu v Ryotaro Taguchi,90,2023-12-26 11:29:00.237,1.46,2023-12-26 11:30:00,
1.222925039,10192041,Tao Mu,Tao Mu v Ryotaro Taguchi,100,2023-12-26 11:42:06.148,1.38,2023-12-26 12:30:00,2023-12-26 11:31:36.518
1.222926095,8505197,Duckhee Lee,Seita Watanabe v Duckhee Lee,0,2023-12-26 16:09:34.737,1.7,2023-12-27 00:30:00,
1.222926095,8505197,Duckhee Lee,Seita Watanabe v Duckhee Lee,10,2023-12-26 16:22:31.243,1.6,2023-12-27 00:30:00,
1.222926095,8505197,Duckhee Lee,Seita Watanabe v Duckhee Lee,20,2023-12-26 19:31:25.587,1.46,2023-12-27 00:30:00,
1.222926095,8505197,Duckhee Lee,Seita Watanabe v Duckhee Lee,30,2023-12-26 20:40:04.696,1.7,2023-12-27 00:30:00,
1.222926095,8505197,Duckhee Lee,Seita Watanabe v Duckhee Lee,40,2023-12-26 21:35:15.660,1.5,2023-12-27 00:30:00,
1.222926095,8505197,Duckhee Lee,Seita Watanabe v Duckhee Lee,50,2023-12-26 22:11:35.352,1.51,2023-12-27 00:30:00,
1.222926095,8505197,Duckhee Lee,Seita Watanabe v Duckhee Lee,60,2023-12-26 22:51:58.485,1.5,2023-12-27 00:30:00,2023-12-26 22:31:34.001
1.222926095,8505197,Duckhee Lee,Seita Watanabe v Duckhee Lee,70,2023-12-26 23:03:41.239,1.39,2023-12-27 00:30:00,2023-12-26 22:31:34.001
1.222926095,8505197,Duckhee Lee,Seita Watanabe v Duckhee Lee,80,2023-12-27 00:00:36.228,1.9,2023-12-27 00:30:00,2023-12-26 22:31:34.001
1.222926095,8505197,Duckhee Lee,Seita Watanabe v Duckhee Lee,90,2023-12-27 00:05:04.662,1.99,2023-12-27 00:30:00,2023-12-26 22:31:34.001
1.222926095,8505197,Duckhee Lee,Seita Watanabe v Duckhee Lee,100,2023-12-27 00:06:02.313,2.0,2023-12-27 00:30:00,2023-12-26 22:31:34.001
1.222926457,23709070,Keisuke Saitoh,Keisuke Saitoh v Taki Adachi,0,2023-12-26 14:43:58.136,1.07,2023-12-26 22:30:00,
1.222926457,23709070,Keisuke Saitoh,Keisuke Saitoh v Taki Adachi,10,2023-12-26 16:59:38.470,1.12,2023-12-26 22:30:00,
1.222926457,23709070,Keisuke Saitoh,Keisuke Saitoh v Taki Adachi,20,2023-12-26 19:20:55.819,1.07,2023-12-26 22:30:00,
1.222926457,23709070,Keisuke Saitoh,Keisuke Saitoh v Taki Adachi,30,2023-12-26 20:58:00.634,1.08,2023-12-26 22:30:00,
1.222926457,23709070,Keisuke Saitoh,Keisuke Saitoh v Taki Adachi,40,2023-12-26 21:36:47.549,1.1,2023-12-26 22:30:00,
1.222926457,23709070,Keisuke Saitoh,Keisuke Saitoh v Taki Adachi,50,2023-12-26 21:51:41.230,1.11,2023-12-26 22:30:00,
1.222926457,23709070,Keisuke Saitoh,Keisuke Saitoh v Taki Adachi,60,2023-12-26 22:04:47.283,1.11,2023-12-26 22:30:00,
1.222926457,23709070,Keisuke Saitoh,Keisuke Saitoh v Taki Adachi,70,2023-12-26 22:09:03.305,1.1,2023-12-26 22:30:00,2023-12-26 22:06:24.467
1.222926457,23709070,Keisuke Saitoh,Keisuke Saitoh v Taki Adachi,80,2023-12-26 22:25:47.486,1.1,2023-12-26 22:30:00,2023-12-26 22:06:24.467
1.222926457,23709070,Keisuke Saitoh,Keisuke Saitoh v Taki Adachi,90,2023-12-26 22:27:45.877,1.1,2023-12-26 22:30:00,2023-12-26 22:06:24.467
1.222926457,23709070,Keisuke Saitoh,Keisuke Saitoh v Taki Adachi,100,2023-12-26 22:29:43.455,1.19,2023-12-26 22:30:00,2023-12-26 22:06:24.467
1.222926457,46068382,Taki Adachi,Keisuke Saitoh v Taki Adachi,0,2023-12-26 14:25:58.323,9.4,2023-12-26 22:30:00,
1.222926457,46068382,Taki Adachi,Keisuke Saitoh v Taki Adachi,10,2023-12-26 20:30:49.723,10.0,2023-12-26 22:30:00,
1.222926457,46068382,Taki Adachi,Keisuke Saitoh v Taki Adachi,20,2023-12-26 21:44:02.586,15.5,2023-12-26 22:30:00,
1.222926457,46068382,Taki Adachi,Keisuke Saitoh v Taki Adachi,30,2023-12-26 21:51:41.230,10.0,2023-12-26 22:30:00,
1.222926457,46068382,Taki Adachi,Keisuke Saitoh v Taki Adachi,40,2023-12-26 21:54:54.606,15.5,2023-12-26 22:30:00,
1.222926457,46068382,Taki Adachi,Keisuke Saitoh v Taki Adachi,50,2023-12-26 22:11:45.332,1.54,2023-12-26 22:30:00,2023-12-26 22:06:24.467
1.222926457,46068382,Taki Adachi,Keisuke Saitoh v Taki Adachi,60,2023-12-26 22:15:47.176,1.2,2023-12-26 22:30:00,2023-12-26 22:06:24.467
1.222926457,46068382,Taki Adachi,Keisuke Saitoh v Taki Adachi,70,2023-12-26 22:18:47.131,1.25,2023-12-26 22:30:00,2023-12-26 22:06:24.467
1.222926457,46068382,Taki Adachi,Keisuke Saitoh v Taki Adachi,80,2023-12-26 22:25:47.486,3.5,2023-12-26 22:30:00,2023-12-26 22:06:24.467
1.222926457,46068382,Taki Adachi,Keisuke Saitoh v Taki Adachi,90,2023-12-26 22:26:34.835,5.1,2023-12-26 22:30:00,2023-12-26 22:06:24.467
1.222926457,46068382,Taki Adachi,Keisuke Saitoh v Taki Adachi,100,2023-12-26 22:29:43.455,6.2,2023-12-26 22:30:00,2023-12-26 22:06:24.467
1.222926458,11269152,Hikaru Shiraishi,Hikaru Shiraishi v Sho Katayama,0,2023-12-26 21:44:17.318,1.1,2023-12-27 00:00:00,
1.222926458,11269152,Hikaru Shiraishi,Hikaru Shiraishi v Sho Katayama,10,2023-12-26 22:59:40.662,1.07,2023-12-27 00:00:00,2023-12-26 22:06:24.515
1.222926458,11269152,Hikaru Shiraishi,Hikaru Shiraishi v Sho Katayama,20,2023-12-26 23:05:36.752,1.06,2023-12-27 00:00:00,2023-12-26 22:06:24.515
1.222926458,11269152,Hikaru Shiraishi,Hikaru Shiraishi v Sho Katayama,30,2023-12-26 23:53:38.700,1.2,2023-12-27 00:00:00,2023-12-26 22:06:24.515
1.222926458,11269152,Hikaru Shiraishi,Hikaru Shiraishi v Sho Katayama,40,2023-12-27 01:12:32.177,1.38,2023-12-27 02:10:00,2023-12-26 22:06:24.515
1.222926458,11269152,Hikaru Shiraishi,Hikaru Shiraishi v Sho Katayama,50,2023-12-27 01:17:45.054,1.09,2023-12-27 02:10:00,2023-12-26 22:06:24.515
1.222926458,11269152,Hikaru Shiraishi,Hikaru Shiraishi v Sho Katayama,60,2023-12-27 01:23:46.716,1.19,2023-12-27 02:10:00,2023-12-26 22:06:24.515
1.222926458,11269152,Hikaru Shiraishi,Hikaru Shiraishi v Sho Katayama,70,2023-12-27 01:27:45.946,1.17,2023-12-27 02:10:00,2023-12-26 22:06:24.515
1.222926458,11269152,Hikaru Shiraishi,Hikaru Shiraishi v Sho Katayama,80,2023-12-27 01:34:36.261,1.16,2023-12-27 02:10:00,2023-12-26 22:06:24.515
1.222926458,11269152,Hikaru Shiraishi,Hikaru Shiraishi v Sho Katayama,90,2023-12-27 01:46:40.965,1.17,2023-12-27 02:10:00,2023-12-26 22:06:24.515
1.222926458,11269152,Hikaru Shiraishi,Hikaru Shiraishi v Sho Katayama,100,2023-12-27 02:14:36.383,1.12,2023-12-27 02:20:00,2023-12-26 22:06:24.515
1.222928473,7186714,Diana Marcinkevica,Prabha Lakshmi Arunkumar v Diana Marcinkevica,0,2023-12-26 12:29:18.942,1.08,2023-12-27 06:00:00,
1.222928473,7186714,Diana Marcinkevica,Prabha Lakshmi Arunkumar v Diana Marcinkevica,10,2023-12-26 12:29:55.583,1.07,2023-12-27 06:00:00,
1.222928473,7186714,Diana Marcinkevica,Prabha Lakshmi Arunkumar v Diana Marcinkevica,20,2023-12-26 13:18:49.263,1.05,2023-12-27 06:00:00,
1.222928473,7186714,Diana Marcinkevica,Prabha Lakshmi Arunkumar v Diana Marcinkevica,30,2023-12-27 00:16:16.412,1.34,2023-12-27 06:00:00,
1.222928473,7186714,Diana Marcinkevica,Prabha Lakshmi Arunkumar v Diana Marcinkevica,40,2023-12-27 04:15:48.995,1.02,2023-12-27 06:00:00,2023-12-27 04:03:50.064
1.222928473,7186714,Diana Marcinkevica,Prabha Lakshmi Arunkumar v Diana Marcinkevica,50,2023-12-27 04:43:55.991,1.02,2023-12-27 06:00:00,2023-12-27 04:03:50.064
1.222928473,7186714,Diana Marcinkevica,Prabha Lakshmi Arunkumar v Diana Marcinkevica,60,2023-12-27 04:44:48.410,1.01,2023-12-27 06:00:00,2023-12-27 04:03:50.064
1.222928473,7186714,Diana Marcinkevica,Prabha Lakshmi Arunkumar v Diana Marcinkevica,70,2023-12-27 04:48:51.938,2.3,2023-12-27 06:00:00,2023-12-27 04:03:50.064
1.222928473,7186714,Diana Marcinkevica,Prabha Lakshmi Arunkumar v Diana Marcinkevica,80,2023-12-27 04:53:04.698,1.03,2023-12-27 06:00:00,2023-12-27 04:03:50.064
1.222928473,7186714,Diana Marcinkevica,Prabha Lakshmi Arunkumar v Diana Marcinkevica,90,2023-12-27 04:54:59.337,1.01,2023-12-27 06:00:00,2023-12-27 04:03:50.064
1.222928473,7186714,Diana Marcinkevica,Prabha Lakshmi Arunkumar v Diana Marcinkevica,100,2023-12-27 05:20:15.110,1.01,2023-12-27 05:25:00,2023-12-27 04:03:50.064
1.222928652,13074045,Moyuka Uchijima,Mana Kawamura v Moyuka Uchijima,0,2023-12-26 19:31:03.208,1.2,2023-12-27 06:00:00,
1.222928652,13074045,Moyuka Uchijima,Mana Kawamura v Moyuka Uchijima,10,2023-12-26 20:17:07.643,1.25,2023-12-27 06:00:00,
1.222928652,13074045,Moyuka Uchijima,Mana Kawamura v Moyuka Uchijima,20,2023-12-26 20:28:12.672,1.25,2023-12-27 06:00:00,
1.222928652,13074045,Moyuka Uchijima,Mana Kawamura v Moyuka Uchijima,30,2023-12-26 20:30:04.502,1.94,2023-12-27 06:00:00,
1.222928652,13074045,Moyuka Uchijima,Mana Kawamura v Moyuka Uchijima,40,2023-12-26 20:33:16.207,1.77,2023-12-27 06:00:00,
1.222928652,13074045,Moyuka Uchijima,Mana Kawamura v Moyuka Uchijima,50,2023-12-26 20:37:09.045,1.34,2023-12-27 06:00:00,
1.222928652,13074045,Moyuka Uchijima,Mana Kawamura v Moyuka Uchijima,60,2023-12-26 22:44:04.732,1.36,2023-12-27 06:00:00,
1.222928652,13074045,Moyuka Uchijima,Mana Kawamura v Moyuka Uchijima,70,2023-12-27 02:20:06.148,1.35,2023-12-27 06:00:00,
1.222928652,13074045,Moyuka Uchijima,Mana Kawamura v Moyuka Uchijima,80,2023-12-27 06:20:15.040,1.35,2023-12-27 06:25:00,
1.222928652,13074045,Moyuka Uchijima,Mana Kawamura v Moyuka Uchijima,90,2023-12-27 06:36:09.114,1.37,2023-12-27 06:45:00,
1.222928652,13074045,Moyuka Uchijima,Mana Kawamura v Moyuka Uchijima,100,2023-12-27 06:52:12.331,1.35,2023-12-27 06:55:00,
1.222937436,64311977,Malak Allami El,Malak Allami El v Yanan Hou,0,2023-12-27 04:50:36.126,1.5,2023-12-27 09:00:00,
1.222937436,64311977,Malak Allami El,Malak Allami El v Yanan Hou,10,2023-12-27 09:15:29.315,1.2,2023-12-27 10:00:00,2023-12-27 09:01:56.212
1.222937436,64311977,Malak Allami El,Malak Allami El v Yanan Hou,20,2023-12-27 09:35:27.645,1.37,2023-12-27 10:00:00,2023-12-27 09:01:56.212
1.222937436,64311977,Malak Allami El,Malak Allami El v Yanan Hou,30,2023-12-27 09:55:30.471,1.25,2023-12-27 10:00:00,2023-12-27 09:01:56.212
1.222937436,64311977,Malak Allami El,Malak Allami El v Yanan Hou,40,2023-12-27 10:14:26.363,1.31,2023-12-27 11:00:00,2023-12-27 09:01:56.212
1.222937436,64311977,Malak Allami El,Malak Allami El v Yanan Hou,50,2023-12-27 10:20:27.680,1.39,2023-12-27 11:00:00,2023-12-27 09:01:56.212
1.222937436,64311977,Malak Allami El,Malak Allami El v Yanan Hou,60,2023-12-27 10:29:30.526,1.22,2023-12-27 11:00:00,2023-12-27 09:01:56.212
1.222937436,64311977,Malak Allami El,Malak Allami El v Yanan Hou,70,2023-12-27 11:13:23.709,1.22,2023-12-27 12:00:00,2023-12-27 09:01:56.212
1.222937436,64311977,Malak Allami El,Malak Allami El v Yanan Hou,80,2023-12-27 11:32:43.047,1.15,2023-12-27 12:00:00,2023-12-27 09:01:56.212
1.222937436,64311977,Malak Allami El,Malak Allami El v Yanan Hou,90,2023-12-27 11:42:28.081,1.24,2023-12-27 12:00:00,2023-12-27 09:01:56.212
1.222937436,64311977,Malak Allami El,Malak Allami El v Yanan Hou,100,2023-12-27 11:59:10.008,1.19,2023-12-27 12:00:00,2023-12-27 09:01:56.212
1.222937437,64164649,Constantin Kouzmine Bittoun,Constantin Kouzmine Bittoun v Michalis Sakellaridi,0,2023-12-26 22:39:38.968,1.07,2023-12-27 10:30:00,
1.222937437,64164649,Constantin Kouzmine Bittoun,Constantin Kouzmine Bittoun v Michalis Sakellaridi,10,2023-12-27 07:22:40.083,1.04,2023-12-27 10:30:00,
1.222937437,64164649,Constantin Kouzmine Bittoun,Constantin Kouzmine Bittoun v Michalis Sakellaridi,20,2023-12-27 08:51:27.320,1.05,2023-12-27 10:30:00,2023-12-27 08:34:03.444
1.222937437,64164649,Constantin Kouzmine Bittoun,Constantin Kouzmine Bittoun v Michalis Sakellaridi,30,2023-12-27 08:54:41.915,1.1,2023-12-27 10:30:00,2023-12-27 08:34:03.444
1.222937437,64164649,Constantin Kouzmine Bittoun,Constantin Kouzmine Bittoun v Michalis Sakellaridi,40,2023-12-27 08:59:06.810,1.06,2023-12-27 10:30:00,2023-12-27 08:34:03.444
1.222937437,64164649,Constantin Kouzmine Bittoun,Constantin Kouzmine Bittoun v Michalis Sakellaridi,50,2023-12-27 09:07:39.444,1.06,2023-12-27 10:30:00,2023-12-27 08:34:03.444
1.222937437,64164649,Constantin Kouzmine Bittoun,Constantin Kouzmine Bittoun v Michalis Sakellaridi,60,2023-12-27 09:17:27.717,1.06,2023-12-27 10:40:00,2023-12-27 08:34:03.444
1.222937437,64164649,Constantin Kouzmine Bittoun,Constantin Kouzmine Bittoun v Michalis Sakellaridi,70,2023-12-27 09:23:40.453,1.13,2023-12-27 10:40:00,2023-12-27 08:34:03.444
1.222937437,64164649,Constantin Kouzmine Bittoun,Constantin Kouzmine Bittoun v Michalis Sakellaridi,80,2023-12-27 09:27:41.606,1.14,2023-12-27 10:40:00,2023-12-27 08:34:03.444
1.222937437,64164649,Constantin Kouzmine Bittoun,Constantin Kouzmine Bittoun v Michalis Sakellaridi,90,2023-12-27 09:37:01.467,1.09,2023-12-27 10:40:00,2023-12-27 08:34:03.444
1.222937437,64164649,Constantin Kouzmine Bittoun,Constantin Kouzmine Bittoun v Michalis Sakellaridi,100,2023-12-27 10:34:41.280,1.03,2023-12-27 10:35:00,2023-12-27 08:34:03.444
1.222952075,9630463,Chiraz Bechri,Tian Jialin v Chiraz Bechri,0,2023-12-27 08:59:23.197,1.6,2023-12-27 10:30:00,
1.222952075,9630463,Chiraz Bechri,Tian Jialin v Chiraz Bechri,10,2023-12-27 09:11:26.334,1.42,2023-12-27 11:30:00,
1.222952075,9630463,Chiraz Bechri,Tian Jialin v Chiraz Bechri,20,2023-12-27 10:40:26.418,1.37,2023-12-27 12:30:00,
1.222952075,9630463,Chiraz Bechri,Tian Jialin v Chiraz Bechri,30,2023-12-27 10:46:19.151,1.54,2023-12-27 12:30:00,
1.222952075,9630463,Chiraz Bechri,Tian Jialin v Chiraz Bechri,40,2023-12-27 10:49:14.883,1.37,2023-12-27 12:30:00,
1.222952075,9630463,Chiraz Bechri,Tian Jialin v Chiraz Bechri,50,2023-12-27 10:53:20.175,1.43,2023-12-27 12:30:00,
1.222952075,9630463,Chiraz Bechri,Tian Jialin v Chiraz Bechri,60,2023-12-27 10:59:27.351,1.36,2023-12-27 12:30:00,
1.222952075,9630463,Chiraz Bechri,Tian Jialin v Chiraz Bechri,70,2023-12-27 11:24:08.591,1.36,2023-12-27 13:30:00,
1.222952075,9630463,Chiraz Bechri,Tian Jialin v Chiraz Bechri,80,2023-12-27 11:44:28.767,1.42,2023-12-27 13:30:00,
1.222952075,9630463,Chiraz Bechri,Tian Jialin v Chiraz Bechri,90,2023-12-27 12:05:33.190,1.37,2023-12-27 13:30:00,
1.222952075,9630463,Chiraz Bechri,Tian Jialin v Chiraz Bechri,100,2023-12-27 14:38:23.645,1.37,2023-12-27 14:40:00,
1.22295208,15134176,Milana Zhabrailova,Milana Zhabrailova v Malwina Rowinska,0,2023-12-27 08:59:49.104,1.29,2023-12-27 09:00:00,
1.22295208,15134176,Milana Zhabrailova,Milana Zhabrailova v Malwina Rowinska,10,2023-12-27 09:15:32.925,1.17,2023-12-27 10:00:00,2023-12-27 09:02:11.360
1.22295208,15134176,Milana Zhabrailova,Milana Zhabrailova v Malwina Rowinska,20,2023-12-27 09:18:30.869,1.24,2023-12-27 10:00:00,2023-12-27 09:02:11.360
1.22295208,15134176,Milana Zhabrailova,Milana Zhabrailova v Malwina Rowinska,30,2023-12-27 10:11:23.968,1.29,2023-12-27 11:00:00,2023-12-27 09:02:11.360
1.22295208,15134176,Milana Zhabrailova,Milana Zhabrailova v Malwina Rowinska,40,2023-12-27 10:13:22.334,1.29,2023-12-27 11:00:00,2023-12-27 09:02:11.360
1.22295208,15134176,Milana Zhabrailova,Milana Zhabrailova v Malwina Rowinska,50,2023-12-27 10:19:17.676,1.27,2023-12-27 11:00:00,2023-12-27 09:02:11.360
1.22295208,15134176,Milana Zhabrailova,Milana Zhabrailova v Malwina Rowinska,60,2023-12-27 10:26:30.560,1.37,2023-12-27 11:00:00,2023-12-27 09:02:11.360
1.22295208,15134176,Milana Zhabrailova,Milana Zhabrailova v Malwina Rowinska,70,2023-12-27 10:33:15.615,1.3,2023-12-27 11:00:00,2023-12-27 09:02:11.360
1.22295208,15134176,Milana Zhabrailova,Milana Zhabrailova v Malwina Rowinska,80,2023-12-27 10:41:28.482,1.22,2023-12-27 11:00:00,2023-12-27 09:02:11.360
1.22295208,15134176,Milana Zhabrailova,Milana Zhabrailova v Malwina Rowinska,90,2023-12-27 10:47:17.818,1.27,2023-12-27 11:00:00,2023-12-27 09:02:11.360
1.22295208,15134176,Milana Zhabrailova,Milana Zhabrailova v Malwina Rowinska,100,2023-12-27 12:37:18.804,1.42,2023-12-27 13:00:00,2023-12-27 09:02:11.360
1.22295208,64161370,Malwina Rowinska,Milana Zhabrailova v Malwina Rowinska,0,2023-12-27 09:16:31.577,2.8,2023-12-27 10:00:00,2023-12-27 09:02:11.360
1.22295208,64161370,Malwina Rowinska,Milana Zhabrailova v Malwina Rowinska,10,2023-12-27 10:11:23.968,4.4,2023-12-27 11:00:00,2023-12-27 09:02:11.360
1.22295208,64161370,Malwina Rowinska,Milana Zhabrailova v Malwina Rowinska,20,2023-12-27 10:18:27.486,10.0,2023-12-27 11:00:00,2023-12-27 09:02:11.360
1.22295208,64161370,Malwina Rowinska,Milana Zhabrailova v Malwina Rowinska,30,2023-12-27 10:20:16.449,4.7,2023-12-27 11:00:00,2023-12-27 09:02:11.360
1.22295208,64161370,Malwina Rowinska,Milana Zhabrailova v Malwina Rowinska,40,2023-12-27 10:24:28.274,4.5,2023-12-27 11:00:00,2023-12-27 09:02:11.360
1.22295208,64161370,Malwina Rowinska,Milana Zhabrailova v Malwina Rowinska,50,2023-12-27 10:28:32.885,4.2,2023-12-27 11:00:00,2023-12-27 09:02:11.360
1.22295208,64161370,Malwina Rowinska,Milana Zhabrailova v Malwina Rowinska,60,2023-12-27 10:32:29.796,6.4,2023-12-27 11:00:00,2023-12-27 09:02:11.360
1.22295208,64161370,Malwina Rowinska,Milana Zhabrailova v Malwina Rowinska,70,2023-12-27 10:38:27.017,4.9,2023-12-27 11:00:00,2023-12-27 09:02:11.360
1.22295208,64161370,Malwina Rowinska,Milana Zhabrailova v Malwina Rowinska,80,2023-12-27 10:43:09.706,5.7,2023-12-27 11:00:00,2023-12-27 09:02:11.360
1.22295208,64161370,Malwina Rowinska,Milana Zhabrailova v Malwina Rowinska,90,2023-12-27 10:44:22.970,3.6,2023-12-27 11:00:00,2023-12-27 09:02:11.360
1.22295208,64161370,Malwina Rowinska,Milana Zhabrailova v Malwina Rowinska,100,2023-12-27 12:37:18.804,3.35,2023-12-27 13:00:00,2023-12-27 09:02:11.360
1.222952082,64161369,Hanna Bougouffa,Hanna Bougouffa v Luana Plaza,0,2023-12-27 11:31:17.424,1.52,2023-12-27 15:30:00,
1.222952082,64161369,Hanna Bougouffa,Hanna Bougouffa v Luana Plaza,10,2023-12-27 13:39:29.197,2.5,2023-12-27 18:05:00,2023-12-27 13:31:06.754
1.222952082,64161369,Hanna Bougouffa,Hanna Bougouffa v Luana Plaza,20,2023-12-27 13:46:31.146,2.0,2023-12-27 18:15:00,2023-12-27 13:31:06.754
1.222952082,64161369,Hanna Bougouffa,Hanna Bougouffa v Luana Plaza,30,2023-12-27 13:54:33.365,2.6,2023-12-27 18:15:00,2023-12-27 13:31:06.754
1.222952082,64161369,Hanna Bougouffa,Hanna Bougouffa v Luana Plaza,40,2023-12-27 14:20:26.927,1.41,2023-12-27 18:15:00,2023-12-27 13:31:06.754
1.222952082,64161369,Hanna Bougouffa,Hanna Bougouffa v Luana Plaza,50,2023-12-27 15:34:23.703,1.67,2023-12-27 18:25:00,2023-12-27 13:31:06.754
1.222952082,64161369,Hanna Bougouffa,Hanna Bougouffa v Luana Plaza,60,2023-12-27 15:54:11.070,1.94,2023-12-27 18:25:00,2023-12-27 13:31:06.754
1.222952082,64161369,Hanna Bougouffa,Hanna Bougouffa v Luana Plaza,70,2023-12-27 16:05:29.249,1.44,2023-12-27 18:25:00,2023-12-27 13:31:06.754
1.222952082,64161369,Hanna Bougouffa,Hanna Bougouffa v Luana Plaza,80,2023-12-27 16:17:28.177,1.42,2023-12-27 18:25:00,2023-12-27 13:31:06.754
1.222952082,64161369,Hanna Bougouffa,Hanna Bougouffa v Luana Plaza,90,2023-12-27 16:23:29.719,1.85,2023-12-27 18:25:00,2023-12-27 13:31:06.754
1.222952082,64161369,Hanna Bougouffa,Hanna Bougouffa v Luana Plaza,100,2023-12-27 19:24:10.871,1.52,2023-12-27 19:30:00,2023-12-27 13:31:06.754
1.222952082,64318105,Luana Plaza,Hanna Bougouffa v Luana Plaza,0,2023-12-27 11:31:17.424,2.92,2023-12-27 15:30:00,
1.222952082,64318105,Luana Plaza,Hanna Bougouffa v Luana Plaza,10,2023-12-27 13:36:29.029,1.03,2023-12-27 18:05:00,2023-12-27 13:31:06.754
1.222952082,64318105,Luana Plaza,Hanna Bougouffa v Luana Plaza,20,2023-12-27 13:38:32.841,2.9,2023-12-27 18:05:00,2023-12-27 13:31:06.754
1.222952082,64318105,Luana Plaza,Hanna Bougouffa v Luana Plaza,30,2023-12-27 13:42:33.104,4.0,2023-12-27 18:15:00,2023-12-27 13:31:06.754
1.222952082,64318105,Luana Plaza,Hanna Bougouffa v Luana Plaza,40,2023-12-27 13:46:31.146,3.8,2023-12-27 18:15:00,2023-12-27 13:31:06.754
1.222952082,64318105,Luana Plaza,Hanna Bougouffa v Luana Plaza,50,2023-12-27 13:51:30.893,3.8,2023-12-27 18:15:00,2023-12-27 13:31:06.754
1.222952082,64318105,Luana Plaza,Hanna Bougouffa v Luana Plaza,60,2023-12-27 13:55:12.410,2.24,2023-12-27 18:15:00,2023-12-27 13:31:06.754
1.222952082,64318105,Luana Plaza,Hanna Bougouffa v Luana Plaza,70,2023-12-27 14:15:32.028,4.6,2023-12-27 18:15:00,2023-12-27 13:31:06.754
1.222952082,64318105,Luana Plaza,Hanna Bougouffa v Luana Plaza,80,2023-12-27 14:20:26.927,3.45,2023-12-27 18:15:00,2023-12-27 13:31:06.754
1.222952082,64318105,Luana Plaza,Hanna Bougouffa v Luana Plaza,90,2023-12-27 15:34:23.703,2.48,2023-12-27 18:25:00,2023-12-27 13:31:06.754
1.222952082,64318105,Luana Plaza,Hanna Bougouffa v Luana Plaza,100,2023-12-27 17:27:30.064,2.0,2023-12-27 19:05:00,2023-12-27 13:31:06.754
1.222952083,13369493,Adithya Karunaratne,Adithya Karunaratne v Anna Semenova,0,2023-12-27 07:27:15.738,1.09,2023-12-27 10:30:00,
1.222952083,13369493,Adithya Karunaratne,Adithya Karunaratne v Anna Semenova,10,2023-12-27 09:57:15.277,1.07,2023-12-27 11:30:00,
1.222952083,13369493,Adithya Karunaratne,Adithya Karunaratne v Anna Semenova,20,2023-12-27 10:07:47.352,1.1,2023-12-27 12:30:00,
1.222952083,13369493,Adithya Karunaratne,Adithya Karunaratne v Anna Semenova,30,2023-12-27 13:11:38.124,1.06,2023-12-27 14:30:00,
1.222952083,13369493,Adithya Karunaratne,Adithya Karunaratne v Anna Semenova,40,2023-12-27 13:51:11.872,1.09,2023-12-27 14:30:00,
1.222952083,13369493,Adithya Karunaratne,Adithya Karunaratne v Anna Semenova,50,2023-12-27 14:19:51.283,1.1,2023-12-27 14:30:00,
1.222952083,13369493,Adithya Karunaratne,Adithya Karunaratne v Anna Semenova,60,2023-12-27 15:03:32.970,1.08,2023-12-27 15:10:00,
1.222952083,13369493,Adithya Karunaratne,Adithya Karunaratne v Anna Semenova,70,2023-12-27 15:07:31.857,1.09,2023-12-27 15:10:00,
1.222952083,13369493,Adithya Karunaratne,Adithya Karunaratne v Anna Semenova,80,2023-12-27 15:17:14.835,1.1,2023-12-27 15:30:00,
1.222952083,13369493,Adithya Karunaratne,Adithya Karunaratne v Anna Semenova,90,2023-12-27 15:34:28.255,1.08,2023-12-27 15:40:00,
1.222952083,13369493,Adithya Karunaratne,Adithya Karunaratne v Anna Semenova,100,2023-12-27 15:56:28.251,1.1,2023-12-27 16:00:00,
1.22295244,25342564,Mehdi Sadaoui,Mehdi Sadaoui v Fadi Bidan,0,2023-12-27 08:48:53.099,2.0,2023-12-27 09:00:00,
1.22295244,25342564,Mehdi Sadaoui,Mehdi Sadaoui v Fadi Bidan,10,2023-12-27 09:23:49.682,1.4,2023-12-27 11:30:00,2023-12-27 09:01:51.133
1.22295244,25342564,Mehdi Sadaoui,Mehdi Sadaoui v Fadi Bidan,20,2023-12-27 09:25:36.410,1.42,2023-12-27 11:30:00,2023-12-27 09:01:51.133
1.22295244,25342564,Mehdi Sadaoui,Mehdi Sadaoui v Fadi Bidan,30,2023-12-27 10:04:35.337,2.0,2023-12-27 11:30:00,2023-12-27 09:01:51.133
1.22295244,25342564,Mehdi Sadaoui,Mehdi Sadaoui v Fadi Bidan,40,2023-12-27 11:16:51.162,1.58,2023-12-27 15:10:00,2023-12-27 09:01:51.133
1.22295244,25342564,Mehdi Sadaoui,Mehdi Sadaoui v Fadi Bidan,50,2023-12-27 12:53:34.892,1.6,2023-12-27 15:40:00,2023-12-27 09:01:51.133
1.22295244,25342564,Mehdi Sadaoui,Mehdi Sadaoui v Fadi Bidan,60,2023-12-27 13:43:50.806,1.6,2023-12-27 19:05:00,2023-12-27 09:01:51.133
1.22295244,25342564,Mehdi Sadaoui,Mehdi Sadaoui v Fadi Bidan,70,2023-12-27 14:19:42.281,1.9,2023-12-27 19:05:00,2023-12-27 09:01:51.133
1.22295244,25342564,Mehdi Sadaoui,Mehdi Sadaoui v Fadi Bidan,80,2023-12-27 15:34:34.039,1.9,2023-12-27 20:15:00,2023-12-27 09:01:51.133
1.22295244,25342564,Mehdi Sadaoui,Mehdi Sadaoui v Fadi Bidan,90,2023-12-27 15:35:39.898,1.55,2023-12-27 20:15:00,2023-12-27 09:01:51.133
1.22295244,25342564,Mehdi Sadaoui,Mehdi Sadaoui v Fadi Bidan,100,2023-12-27 20:49:50.291,1.44,2023-12-27 21:10:00,2023-12-27 09:01:51.133
1.22295244,60870449,Fadi Bidan,Mehdi Sadaoui v Fadi Bidan,0,2023-12-27 08:54:40.064,2.2,2023-12-27 09:00:00,
1.22295244,60870449,Fadi Bidan,Mehdi Sadaoui v Fadi Bidan,10,2023-12-27 09:23:49.682,2.0,2023-12-27 11:30:00,2023-12-27 09:01:51.133
1.22295244,60870449,Fadi Bidan,Mehdi Sadaoui v Fadi Bidan,20,2023-12-27 10:09:53.085,2.02,2023-12-27 11:30:00,2023-12-27 09:01:51.133
1.22295244,60870449,Fadi Bidan,Mehdi Sadaoui v Fadi Bidan,30,2023-12-27 10:44:53.134,2.7,2023-12-27 11:30:00,2023-12-27 09:01:51.133
1.22295244,60870449,Fadi Bidan,Mehdi Sadaoui v Fadi Bidan,40,2023-12-27 14:41:36.580,2.66,2023-12-27 19:15:00,2023-12-27 09:01:51.133
1.22295244,60870449,Fadi Bidan,Mehdi Sadaoui v Fadi Bidan,50,2023-12-27 15:34:34.039,2.1,2023-12-27 20:15:00,2023-12-27 09:01:51.133
1.22295244,60870449,Fadi Bidan,Mehdi Sadaoui v Fadi Bidan,60,2023-12-27 15:35:39.898,2.66,2023-12-27 20:15:00,2023-12-27 09:01:51.133
1.22295244,60870449,Fadi Bidan,Mehdi Sadaoui v Fadi Bidan,70,2023-12-27 16:26:44.006,2.66,2023-12-27 20:40:00,2023-12-27 09:01:51.133
1.22295244,60870449,Fadi Bidan,Mehdi Sadaoui v Fadi Bidan,80,2023-12-27 18:05:47.328,1.73,2023-12-27 21:10:00,2023-12-27 09:01:51.133
1.22295244,60870449,Fadi Bidan,Mehdi Sadaoui v Fadi Bidan,90,2023-12-27 18:40:20.965,2.66,2023-12-27 21:30:00,2023-12-27 09:01:51.133
1.22295244,60870449,Fadi Bidan,Mehdi Sadaoui v Fadi Bidan,100,2023-12-27 21:20:37.558,2.2,2023-12-27 21:25:00,2023-12-27 09:01:51.133
1.222979853,13369493,Adithya Karunaratne,Adithya Karunaratne v Mary Lewis,0,2023-12-28 04:32:17.691,2.5,2023-12-28 09:00:00,
1.222979853,13369493,Adithya Karunaratne,Adithya Karunaratne v Mary Lewis,10,2023-12-28 04:37:17.788,2.34,2023-12-28 09:00:00,
1.222979853,13369493,Adithya Karunaratne,Adithya Karunaratne v Mary Lewis,20,2023-12-28 05:32:22.206,1.24,2023-12-28 09:00:00,
1.222979853,13369493,Adithya Karunaratne,Adithya Karunaratne v Mary Lewis,30,2023-12-28 06:56:33.550,1.22,2023-12-28 09:00:00,
1.222979853,13369493,Adithya Karunaratne,Adithya Karunaratne v Mary Lewis,40,2023-12-28 07:42:19.651,1.67,2023-12-28 09:00:00,
1.222979853,13369493,Adithya Karunaratne,Adithya Karunaratne v Mary Lewis,50,2023-12-28 09:00:21.182,1.39,2023-12-28 10:30:00,
1.222979853,13369493,Adithya Karunaratne,Adithya Karunaratne v Mary Lewis,60,2023-12-28 09:57:56.571,1.2,2023-12-28 10:40:00,
1.222979853,13369493,Adithya Karunaratne,Adithya Karunaratne v Mary Lewis,70,2023-12-28 10:15:55.937,1.19,2023-12-28 10:40:00,
1.222979853,13369493,Adithya Karunaratne,Adithya Karunaratne v Mary Lewis,80,2023-12-28 10:30:14.708,1.2,2023-12-28 10:35:00,
1.222979853,13369493,Adithya Karunaratne,Adithya Karunaratne v Mary Lewis,90,2023-12-28 10:31:18.951,1.28,2023-12-28 10:35:00,
1.222979853,13369493,Adithya Karunaratne,Adithya Karunaratne v Mary Lewis,100,2023-12-28 10:34:24.881,1.24,2023-12-28 10:35:00,
1.222979854,63177991,Kateryna Lazarenko,Kateryna Lazarenko v Tanisha Kashyap,0,2023-12-28 08:59:49.068,1.42,2023-12-28 13:00:00,
1.222979854,63177991,Kateryna Lazarenko,Kateryna Lazarenko v Tanisha Kashyap,10,2023-12-28 10:20:10.652,1.26,2023-12-28 13:00:00,
1.222979854,63177991,Kateryna Lazarenko,Kateryna Lazarenko v Tanisha Kashyap,20,2023-12-28 11:35:47.698,1.25,2023-12-28 13:10:00,
1.222979854,63177991,Kateryna Lazarenko,Kateryna Lazarenko v Tanisha Kashyap,30,2023-12-28 11:41:19.166,1.26,2023-12-28 13:20:00,
1.222979854,63177991,Kateryna Lazarenko,Kateryna Lazarenko v Tanisha Kashyap,40,2023-12-28 11:42:09.065,1.25,2023-12-28 13:20:00,
1.222979854,63177991,Kateryna Lazarenko,Kateryna Lazarenko v Tanisha Kashyap,50,2023-12-28 11:54:39.255,1.26,2023-12-28 13:25:00,
1.222979854,63177991,Kateryna Lazarenko,Kateryna Lazarenko v Tanisha Kashyap,60,2023-12-28 11:55:45.945,1.25,2023-12-28 13:25:00,
1.222979854,63177991,Kateryna Lazarenko,Kateryna Lazarenko v Tanisha Kashyap,70,2023-12-28 12:33:19.781,1.26,2023-12-28 13:35:00,
1.222979854,63177991,Kateryna Lazarenko,Kateryna Lazarenko v Tanisha Kashyap,80,2023-12-28 12:48:59.077,1.25,2023-12-28 13:35:00,
1.222979854,63177991,Kateryna Lazarenko,Kateryna Lazarenko v Tanisha Kashyap,90,2023-12-28 13:34:48.549,1.26,2023-12-28 13:45:00,
1.222979854,63177991,Kateryna Lazarenko,Kateryna Lazarenko v Tanisha Kashyap,100,2023-12-28 13:52:46.315,1.25,2023-12-28 14:00:00,
1.222979973,12646448,Selina Dal,Selina Dal v Darja Suvirdjonkova,0,2023-12-28 07:33:16.350,1.09,2023-12-28 12:00:00,
1.222979973,12646448,Selina Dal,Selina Dal v Darja Suvirdjonkova,10,2023-12-28 09:12:34.276,1.07,2023-12-28 12:10:00,
1.222979973,12646448,Selina Dal,Selina Dal v Darja Suvirdjonkova,20,2023-12-28 10:53:16.903,1.06,2023-12-28 12:00:00,
1.222979973,12646448,Selina Dal,Selina Dal v Darja Suvirdjonkova,30,2023-12-28 11:34:13.879,1.2,2023-12-28 12:00:00,
1.222979973,12646448,Selina Dal,Selina Dal v Darja Suvirdjonkova,40,2023-12-28 11:49:19.027,1.07,2023-12-28 12:00:00,
1.222979973,12646448,Selina Dal,Selina Dal v Darja Suvirdjonkova,50,2023-12-28 11:53:26.750,1.08,2023-12-28 12:00:00,
1.222979973,12646448,Selina Dal,Selina Dal v Darja Suvirdjonkova,60,2023-12-28 11:57:25.277,1.07,2023-12-28 12:10:00,
1.222979973,12646448,Selina Dal,Selina Dal v Darja Suvirdjonkova,70,2023-12-28 12:35:37.635,1.07,2023-12-28 12:40:00,
1.222979973,12646448,Selina Dal,Selina Dal v Darja Suvirdjonkova,80,2023-12-28 12:40:09.575,1.06,2023-12-28 12:50:00,
1.222979973,12646448,Selina Dal,Selina Dal v Darja Suvirdjonkova,90,2023-12-28 12:51:37.964,1.06,2023-12-28 13:00:00,
1.222979973,12646448,Selina Dal,Selina Dal v Darja Suvirdjonkova,100,2023-12-28 12:59:01.556,1.09,2023-12-28 13:00:00,
1.222982443,8505197,Duckhee Lee,Keisuke Saitoh v Duckhee Lee,0,2023-12-28 13:28:31.328,1.64,2023-12-28 23:00:00,
1.222982443,8505197,Duckhee Lee,Keisuke Saitoh v Duckhee Lee,10,2023-12-28 17:38:55.105,1.34,2023-12-28 23:00:00,
1.222982443,8505197,Duckhee Lee,Keisuke Saitoh v Duckhee Lee,20,2023-12-28 20:13:43.003,1.35,2023-12-28 23:00:00,
1.222982443,8505197,Duckhee Lee,Keisuke Saitoh v Duckhee Lee,30,2023-12-28 22:24:47.341,1.25,2023-12-28 23:00:00,2023-12-28 21:16:57.288
1.222982443,8505197,Duckhee Lee,Keisuke Saitoh v Duckhee Lee,40,2023-12-28 22:32:30.279,1.2,2023-12-28 23:00:00,2023-12-28 21:16:57.288
1.222982443,8505197,Duckhee Lee,Keisuke Saitoh v Duckhee Lee,50,2023-12-28 22:41:00.104,1.05,2023-12-28 23:00:00,2023-12-28 21:16:57.288
1.222982443,8505197,Duckhee Lee,Keisuke Saitoh v Duckhee Lee,60,2023-12-28 22:42:12.023,1.06,2023-12-28 23:00:00,2023-12-28 21:16:57.288
1.222982443,8505197,Duckhee Lee,Keisuke Saitoh v Duckhee Lee,70,2023-12-28 22:44:51.140,1.3,2023-12-28 23:00:00,2023-12-28 21:16:57.288
1.222982443,8505197,Duckhee Lee,Keisuke Saitoh v Duckhee Lee,80,2023-12-28 22:53:16.031,1.27,2023-12-28 23:00:00,2023-12-28 21:16:57.288
1.222982443,8505197,Duckhee Lee,Keisuke Saitoh v Duckhee Lee,90,2023-12-28 22:56:12.089,1.28,2023-12-28 23:00:00,2023-12-28 21:16:57.288
1.222982443,8505197,Duckhee Lee,Keisuke Saitoh v Duckhee Lee,100,2023-12-28 22:59:11.986,1.28,2023-12-28 23:00:00,2023-12-28 21:16:57.288
1.222982444,13369448,Taisei Ichikawa,Dylan Jay Friend Hara v Taisei Ichikawa,0,2023-12-28 07:57:03.484,1.8,2023-12-28 23:00:00,
1.222982444,13369448,Taisei Ichikawa,Dylan Jay Friend Hara v Taisei Ichikawa,10,2023-12-28 21:15:32.808,1.45,2023-12-28 23:00:00,
1.222982444,13369448,Taisei Ichikawa,Dylan Jay Friend Hara v Taisei Ichikawa,20,2023-12-28 22:17:19.548,1.21,2023-12-28 23:00:00,2023-12-28 21:16:57.284
1.222982444,13369448,Taisei Ichikawa,Dylan Jay Friend Hara v Taisei Ichikawa,30,2023-12-28 22:28:15.736,1.3,2023-12-28 23:00:00,2023-12-28 21:16:57.284
1.222982444,13369448,Taisei Ichikawa,Dylan Jay Friend Hara v Taisei Ichikawa,40,2023-12-28 22:32:13.694,1.35,2023-12-28 23:00:00,2023-12-28 21:16:57.284
1.222982444,13369448,Taisei Ichikawa,Dylan Jay Friend Hara v Taisei Ichikawa,50,2023-12-28 22:37:12.477,1.32,2023-12-28 23:00:00,2023-12-28 21:16:57.284
1.222982444,13369448,Taisei Ichikawa,Dylan Jay Friend Hara v Taisei Ichikawa,60,2023-12-28 22:40:11.615,1.42,2023-12-28 23:00:00,2023-12-28 21:16:57.284
1.222982444,13369448,Taisei Ichikawa,Dylan Jay Friend Hara v Taisei Ichikawa,70,2023-12-28 22:49:07.197,1.56,2023-12-28 23:00:00,2023-12-28 21:16:57.284
1.222982444,13369448,Taisei Ichikawa,Dylan Jay Friend Hara v Taisei Ichikawa,80,2023-12-28 22:54:15.615,1.38,2023-12-28 23:00:00,2023-12-28 21:16:57.284
1.222982444,13369448,Taisei Ichikawa,Dylan Jay Friend Hara v Taisei Ichikawa,90,2023-12-28 22:55:38.773,1.39,2023-12-28 23:00:00,2023-12-28 21:16:57.284
1.222982444,13369448,Taisei Ichikawa,Dylan Jay Friend Hara v Taisei Ichikawa,100,2023-12-28 22:58:14.716,1.4,2023-12-28 23:00:00,2023-12-28 21:16:57.284
1.222982444,64293252,Dylan Jay Friend Hara,Dylan Jay Friend Hara v Taisei Ichikawa,0,2023-12-28 21:15:32.808,3.2,2023-12-28 23:00:00,
1.222982444,64293252,Dylan Jay Friend Hara,Dylan Jay Friend Hara v Taisei Ichikawa,10,2023-12-28 22:17:19.548,5.7,2023-12-28 23:00:00,2023-12-28 21:16:57.284
1.222982444,64293252,Dylan Jay Friend Hara,Dylan Jay Friend Hara v Taisei Ichikawa,20,2023-12-28 22:26:15.144,5.0,2023-12-28 23:00:00,2023-12-28 21:16:57.284
1.222982444,64293252,Dylan Jay Friend Hara,Dylan Jay Friend Hara v Taisei Ichikawa,30,2023-12-28 22:30:39.573,3.2,2023-12-28 23:00:00,2023-12-28 21:16:57.284
1.222982444,64293252,Dylan Jay Friend Hara,Dylan Jay Friend Hara v Taisei Ichikawa,40,2023-12-28 22:32:13.694,3.85,2023-12-28 23:00:00,2023-12-28 21:16:57.284
1.222982444,64293252,Dylan Jay Friend Hara,Dylan Jay Friend Hara v Taisei Ichikawa,50,2023-12-28 22:35:12.077,3.7,2023-12-28 23:00:00,2023-12-28 21:16:57.284
1.222982444,64293252,Dylan Jay Friend Hara,Dylan Jay Friend Hara v Taisei Ichikawa,60,2023-12-28 22:39:11.655,3.5,2023-12-28 23:00:00,2023-12-28 21:16:57.284
1.222982444,64293252,Dylan Jay Friend Hara,Dylan Jay Friend Hara v Taisei Ichikawa,70,2023-12-28 22:49:07.197,2.86,2023-12-28 23:00:00,2023-12-28 21:16:57.284
1.222982444,64293252,Dylan Jay Friend Hara,Dylan Jay Friend Hara v Taisei Ichikawa,80,2023-12-28 22:54:15.615,3.4,2023-12-28 23:00:00,2023-12-28 21:16:57.284
1.222982444,64293252,Dylan Jay Friend Hara,Dylan Jay Friend Hara v Taisei Ichikawa,90,2023-12-28 22:55:12.534,2.78,2023-12-28 23:00:00,2023-12-28 21:16:57.284
1.222982444,64293252,Dylan Jay Friend Hara,Dylan Jay Friend Hara v Taisei Ichikawa,100,2023-12-28 22:58:14.716,3.5,2023-12-28 23:00:00,2023-12-28 21:16:57.284
1.222987913,8196370,Priscilla Hon,Pris Hon v J Riera,0,2023-12-28 19:32:44.427,1.63,2023-12-29 02:30:00,
1.222987913,8196370,Priscilla Hon,Pris Hon v J Riera,10,2023-12-28 23:44:37.145,1.64,2023-12-29 02:30:00,
1.222987913,8196370,Priscilla Hon,Pris Hon v J Riera,20,2023-12-29 00:54:29.890,1.66,2023-12-29 02:30:00,
1.222987913,8196370,Priscilla Hon,Pris Hon v J Riera,30,2023-12-29 02:04:31.922,1.7,2023-12-29 02:30:00,
1.222987913,8196370,Priscilla Hon,Pris Hon v J Riera,40,2023-12-29 02:26:29.259,1.66,2023-12-29 02:30:00,
1.222987913,8196370,Priscilla Hon,Pris Hon v J Riera,50,2023-12-29 03:03:18.119,1.9,2023-12-29 03:10:00,2023-12-29 03:01:30.842
1.222987913,8196370,Priscilla Hon,Pris Hon v J Riera,60,2023-12-29 03:05:17.053,1.58,2023-12-29 03:10:00,2023-12-29 03:01:30.842
1.222987913,8196370,Priscilla Hon,Pris Hon v J Riera,70,2023-12-29 03:06:31.506,1.48,2023-12-29 03:10:00,2023-12-29 03:01:30.842
1.222987913,8196370,Priscilla Hon,Pris Hon v J Riera,80,2023-12-29 03:07:30.375,1.41,2023-12-29 03:10:00,2023-12-29 03:01:30.842
1.222987913,8196370,Priscilla Hon,Pris Hon v J Riera,90,2023-12-29 03:08:31.636,1.42,2023-12-29 03:10:00,2023-12-29 03:01:30.842
1.222987913,8196370,Priscilla Hon,Pris Hon v J Riera,100,2023-12-29 03:09:32.170,1.39,2023-12-29 03:10:00,2023-12-29 03:01:30.842
1.222988102,7283310,Aliaksandra Sasnovich,A Sasnovich v Mendez,0,2023-12-28 15:46:34.891,1.1,2023-12-29 05:30:00,
1.222988102,7283310,Aliaksandra Sasnovich,A Sasnovich v Mendez,10,2023-12-28 22:09:15.688,1.11,2023-12-29 05:30:00,
1.222988102,7283310,Aliaksandra Sasnovich,A Sasnovich v Mendez,20,2023-12-29 04:05:22.791,1.13,2023-12-29 05:30:00,
1.222988102,7283310,Aliaksandra Sasnovich,A Sasnovich v Mendez,30,2023-12-29 04:55:33.500,1.11,2023-12-29 05:30:00,
1.222988102,7283310,Aliaksandra Sasnovich,A Sasnovich v Mendez,40,2023-12-29 05:05:31.109,1.14,2023-12-29 05:30:00,
1.222988102,7283310,Aliaksandra Sasnovich,A Sasnovich v Mendez,50,2023-12-29 05:13:31.942,1.1,2023-12-29 05:30:00,
1.222988102,7283310,Aliaksandra Sasnovich,A Sasnovich v Mendez,60,2023-12-29 06:16:25.986,1.11,2023-12-29 06:35:00,
1.222988102,7283310,Aliaksandra Sasnovich,A Sasnovich v Mendez,70,2023-12-29 06:24:57.443,1.09,2023-12-29 06:35:00,
1.222988102,7283310,Aliaksandra Sasnovich,A Sasnovich v Mendez,80,2023-12-29 07:39:22.656,1.11,2023-12-29 07:40:00,
1.222988102,7283310,Aliaksandra Sasnovich,A Sasnovich v Mendez,90,2023-12-29 08:33:31.102,1.1,2023-12-29 08:40:00,
1.222988102,7283310,Aliaksandra Sasnovich,A Sasnovich v Mendez,100,2023-12-29 08:36:32.586,1.1,2023-12-29 08:40:00,
1.222988128,10347151,Gabriela Knutson,H Baptiste v Ga Knutson,0,2023-12-28 20:18:28.623,2.2,2023-12-29 01:00:00,
1.222988128,10347151,Gabriela Knutson,H Baptiste v Ga Knutson,10,2023-12-28 22:22:11.346,2.3,2023-12-29 01:00:00,
1.222988128,10347151,Gabriela Knutson,H Baptiste v Ga Knutson,20,2023-12-28 23:24:01.920,2.38,2023-12-29 01:00:00,
1.222988128,10347151,Gabriela Knutson,H Baptiste v Ga Knutson,30,2023-12-28 23:48:32.160,2.4,2023-12-29 01:00:00,
1.222988128,10347151,Gabriela Knutson,H Baptiste v Ga Knutson,40,2023-12-29 00:50:31.939,2.38,2023-12-29 01:00:00,
1.222988128,10347151,Gabriela Knutson,H Baptiste v Ga Knutson,50,2023-12-29 00:53:32.505,2.26,2023-12-29 01:00:00,
1.222988128,10347151,Gabriela Knutson,H Baptiste v Ga Knutson,60,2023-12-29 00:54:29.065,2.2,2023-12-29 01:00:00,
1.222988128,10347151,Gabriela Knutson,H Baptiste v Ga Knutson,70,2023-12-29 00:56:32.066,2.18,2023-12-29 01:00:00,
1.222988128,10347151,Gabriela Knutson,H Baptiste v Ga Knutson,80,2023-12-29 00:57:32.054,2.16,2023-12-29 01:00:00,
1.222988128,10347151,Gabriela Knutson,H Baptiste v Ga Knutson,90,2023-12-29 01:23:21.067,2.34,2023-12-29 01:25:00,
1.222988128,10347151,Gabriela Knutson,H Baptiste v Ga Knutson,100,2023-12-29 01:29:32.092,2.64,2023-12-29 01:30:00,2023-12-29 01:27:32.026
1.222988128,12737427,Hailey Baptiste,H Baptiste v Ga Knutson,0,2023-12-28 19:46:39.893,1.73,2023-12-29 01:00:00,
1.222988128,12737427,Hailey Baptiste,H Baptiste v Ga Knutson,10,2023-12-28 20:18:28.623,1.83,2023-12-29 01:00:00,
1.222988128,12737427,Hailey Baptiste,H Baptiste v Ga Knutson,20,2023-12-28 22:21:31.336,1.76,2023-12-29 01:00:00,
1.222988128,12737427,Hailey Baptiste,H Baptiste v Ga Knutson,30,2023-12-28 23:20:09.042,1.71,2023-12-29 01:00:00,
1.222988128,12737427,Hailey Baptiste,H Baptiste v Ga Knutson,40,2023-12-28 23:30:41.704,1.69,2023-12-29 01:00:00,
1.222988128,12737427,Hailey Baptiste,H Baptiste v Ga Knutson,50,2023-12-29 00:47:31.955,1.69,2023-12-29 01:00:00,
1.222988128,12737427,Hailey Baptiste,H Baptiste v Ga Knutson,60,2023-12-29 00:48:32.623,1.73,2023-12-29 01:00:00,
1.222988128,12737427,Hailey Baptiste,H Baptiste v Ga Knutson,70,2023-12-29 00:54:29.065,1.84,2023-12-29 01:00:00,
1.222988128,12737427,Hailey Baptiste,H Baptiste v Ga Knutson,80,2023-12-29 00:56:32.066,1.84,2023-12-29 01:00:00,
1.222988128,12737427,Hailey Baptiste,H Baptiste v Ga Knutson,90,2023-12-29 01:24:26.422,1.74,2023-12-29 01:25:00,
1.222988128,12737427,Hailey Baptiste,H Baptiste v Ga Knutson,100,2023-12-29 01:29:32.092,1.61,2023-12-29 01:30:00,2023-12-29 01:27:32.026
1.222988238,24143426,Talia Gibson,Ta Gibson v Leol Jeanjean,0,2023-12-28 20:15:57.513,1.68,2023-12-29 04:00:00,
1.222988238,24143426,Talia Gibson,Ta Gibson v Leol Jeanjean,10,2023-12-28 20:54:31.119,1.79,2023-12-29 04:00:00,
1.222988238,24143426,Talia Gibson,Ta Gibson v Leol Jeanjean,20,2023-12-28 21:15:29.613,1.77,2023-12-29 04:00:00,
1.222988238,24143426,Talia Gibson,Ta Gibson v Leol Jeanjean,30,2023-12-28 22:22:59.870,1.73,2023-12-29 04:00:00,
1.222988238,24143426,Talia Gibson,Ta Gibson v Leol Jeanjean,40,2023-12-28 22:36:05.310,1.72,2023-12-29 04:00:00,
1.222988238,24143426,Talia Gibson,Ta Gibson v Leol Jeanjean,50,2023-12-29 01:01:19.838,1.75,2023-12-29 04:00:00,
1.222988238,24143426,Talia Gibson,Ta Gibson v Leol Jeanjean,60,2023-12-29 03:01:59.584,1.74,2023-12-29 04:00:00,
1.222988238,24143426,Talia Gibson,Ta Gibson v Leol Jeanjean,70,2023-12-29 03:55:32.107,1.76,2023-12-29 04:00:00,
1.222988238,24143426,Talia Gibson,Ta Gibson v Leol Jeanjean,80,2023-12-29 04:43:32.179,1.74,2023-12-29 04:50:00,
1.222988238,24143426,Talia Gibson,Ta Gibson v Leol Jeanjean,90,2023-12-29 05:34:32.206,1.67,2023-12-29 05:35:00,
1.222988238,24143426,Talia Gibson,Ta Gibson v Leol Jeanjean,100,2023-12-29 05:49:27.988,1.63,2023-12-29 05:50:00,2023-12-29 05:48:31.402
1.222988258,8196374,Maddison Inglis,Inglis v Starodubtsewa,0,2023-12-28 22:13:11.138,2.8,2023-12-29 04:00:00,
1.222988258,8196374,Maddison Inglis,Inglis v Starodubtsewa,10,2023-12-28 23:36:33.025,2.74,2023-12-29 04:00:00,
1.222988258,8196374,Maddison Inglis,Inglis v Starodubtsewa,20,2023-12-29 00:09:32.427,2.78,2023-12-29 04:00:00,
1.222988258,8196374,Maddison Inglis,Inglis v Starodubtsewa,30,2023-12-29 00:10:28.070,2.74,2023-12-29 04:00:00,
1.222988258,8196374,Maddison Inglis,Inglis v Starodubtsewa,40,2023-12-29 02:04:36.771,2.72,2023-12-29 04:00:00,
1.222988258,8196374,Maddison Inglis,Inglis v Starodubtsewa,50,2023-12-29 03:01:56.551,2.78,2023-12-29 04:00:00,
1.222988258,8196374,Maddison Inglis,Inglis v Starodubtsewa,60,2023-12-29 03:31:32.062,2.76,2023-12-29 04:00:00,
1.222988258,8196374,Maddison Inglis,Inglis v Starodubtsewa,70,2023-12-29 03:34:32.760,2.78,2023-12-29 04:00:00,
1.222988258,8196374,Maddison Inglis,Inglis v Starodubtsewa,80,2023-12-29 03:58:30.153,2.74,2023-12-29 04:15:00,
1.222988258,8196374,Maddison Inglis,Inglis v Starodubtsewa,90,2023-12-29 04:27:18.128,2.78,2023-12-29 04:40:00,
1.222988258,8196374,Maddison Inglis,Inglis v Starodubtsewa,100,2023-12-29 05:21:32.916,2.52,2023-12-29 05:25:00,
1.222988258,10351147,Yulia Starodubtsewa,Inglis v Starodubtsewa,0,2023-12-28 22:56:36.436,1.57,2023-12-29 04:00:00,
1.222988258,10351147,Yulia Starodubtsewa,Inglis v Starodubtsewa,10,2023-12-28 23:45:30.746,1.53,2023-12-29 04:00:00,
1.222988258,10351147,Yulia Starodubtsewa,Inglis v Starodubtsewa,20,2023-12-29 00:10:28.070,1.57,2023-12-29 04:00:00,
1.222988258,10351147,Yulia Starodubtsewa,Inglis v Starodubtsewa,30,2023-12-29 01:09:20.162,1.56,2023-12-29 04:00:00,
1.222988258,10351147,Yulia Starodubtsewa,Inglis v Starodubtsewa,40,2023-12-29 02:04:36.771,1.59,2023-12-29 04:00:00,
1.222988258,10351147,Yulia Starodubtsewa,Inglis v Starodubtsewa,50,2023-12-29 03:01:56.551,1.56,2023-12-29 04:00:00,
1.222988258,10351147,Yulia Starodubtsewa,Inglis v Starodubtsewa,60,2023-12-29 03:31:32.062,1.57,2023-12-29 04:00:00,
1.222988258,10351147,Yulia Starodubtsewa,Inglis v Starodubtsewa,70,2023-12-29 03:34:32.760,1.56,2023-12-29 04:00:00,
1.222988258,10351147,Yulia Starodubtsewa,Inglis v Starodubtsewa,80,2023-12-29 03:48:32.169,1.52,2023-12-29 04:00:00,
1.222988258,10351147,Yulia Starodubtsewa,Inglis v Starodubtsewa,90,2023-12-29 03:55:26.883,1.57,2023-12-29 04:00:00,
1.222988258,10351147,Yulia Starodubtsewa,Inglis v Starodubtsewa,100,2023-12-29 05:21:32.916,1.66,2023-12-29 05:25:00,
1.222988372,5300820,Aleksandra Krunic,Gadecki v Krunic,0,2023-12-28 15:53:25.640,2.4,2023-12-29 01:00:00,
1.222988372,5300820,Aleksandra Krunic,Gadecki v Krunic,10,2023-12-28 21:34:30.940,3.35,2023-12-29 01:00:00,
1.222988372,5300820,Aleksandra Krunic,Gadecki v Krunic,20,2023-12-28 21:39:07.765,3.55,2023-12-29 01:00:00,
1.222988372,5300820,Aleksandra Krunic,Gadecki v Krunic,30,2023-12-28 22:17:28.722,3.65,2023-12-29 01:00:00,
1.222988372,5300820,Aleksandra Krunic,Gadecki v Krunic,40,2023-12-28 22:46:32.109,3.6,2023-12-29 01:00:00,
1.222988372,5300820,Aleksandra Krunic,Gadecki v Krunic,50,2023-12-28 23:17:32.098,3.55,2023-12-29 01:00:00,
1.222988372,5300820,Aleksandra Krunic,Gadecki v Krunic,60,2023-12-28 23:23:31.816,3.55,2023-12-29 01:00:00,
1.222988372,5300820,Aleksandra Krunic,Gadecki v Krunic,70,2023-12-29 00:06:12.879,3.45,2023-12-29 01:00:00,
1.222988372,5300820,Aleksandra Krunic,Gadecki v Krunic,80,2023-12-29 00:49:32.984,3.55,2023-12-29 01:00:00,
1.222988372,5300820,Aleksandra Krunic,Gadecki v Krunic,90,2023-12-29 01:02:08.962,3.65,2023-12-29 01:10:00,
1.222988372,5300820,Aleksandra Krunic,Gadecki v Krunic,100,2023-12-29 01:09:33.044,3.6,2023-12-29 01:10:00,
1.222988372,11861440,Olivia Gadecki,Gadecki v Krunic,0,2023-12-28 15:53:25.640,1.4,2023-12-29 01:00:00,
1.222988372,11861440,Olivia Gadecki,Gadecki v Krunic,10,2023-12-28 15:55:28.686,1.71,2023-12-29 01:00:00,
1.222988372,11861440,Olivia Gadecki,Gadecki v Krunic,20,2023-12-28 21:14:23.222,1.45,2023-12-29 01:00:00,
1.222988372,11861440,Olivia Gadecki,Gadecki v Krunic,30,2023-12-28 21:35:27.172,1.4,2023-12-29 01:00:00,
1.222988372,11861440,Olivia Gadecki,Gadecki v Krunic,40,2023-12-28 21:39:07.765,1.4,2023-12-29 01:00:00,
1.222988372,11861440,Olivia Gadecki,Gadecki v Krunic,50,2023-12-28 22:17:28.722,1.39,2023-12-29 01:00:00,
1.222988372,11861440,Olivia Gadecki,Gadecki v Krunic,60,2023-12-28 23:23:31.816,1.4,2023-12-29 01:00:00,
1.222988372,11861440,Olivia Gadecki,Gadecki v Krunic,70,2023-12-29 00:06:12.879,1.41,2023-12-29 01:00:00,
1.222988372,11861440,Olivia Gadecki,Gadecki v Krunic,80,2023-12-29 00:42:13.886,1.4,2023-12-29 01:00:00,
1.222988372,11861440,Olivia Gadecki,Gadecki v Krunic,90,2023-12-29 00:54:31.991,1.37,2023-12-29 01:10:00,
1.222988372,11861440,Olivia Gadecki,Gadecki v Krunic,100,2023-12-29 01:09:33.044,1.39,2023-12-29 01:10:00,
1.222988381,8244521,Su-Wei Hsieh,D Yastremska v Hsieh,0,2023-12-28 17:36:28.635,3.65,2023-12-29 05:30:00,
1.222988381,8244521,Su-Wei Hsieh,D Yastremska v Hsieh,10,2023-12-28 20:24:19.330,3.85,2023-12-29 05:30:00,
1.222988381,8244521,Su-Wei Hsieh,D Yastremska v Hsieh,20,2023-12-28 21:17:04.358,4.2,2023-12-29 05:30:00,
1.222988381,8244521,Su-Wei Hsieh,D Yastremska v Hsieh,30,2023-12-28 22:08:32.945,4.4,2023-12-29 05:30:00,
1.222988381,8244521,Su-Wei Hsieh,D Yastremska v Hsieh,40,2023-12-28 23:14:20.291,4.3,2023-12-29 05:30:00,
1.222988381,8244521,Su-Wei Hsieh,D Yastremska v Hsieh,50,2023-12-29 00:45:25.382,4.1,2023-12-29 05:30:00,
1.222988381,8244521,Su-Wei Hsieh,D Yastremska v Hsieh,60,2023-12-29 02:40:02.273,3.95,2023-12-29 05:30:00,
1.222988381,8244521,Su-Wei Hsieh,D Yastremska v Hsieh,70,2023-12-29 03:07:20.791,4.3,2023-12-29 05:30:00,
1.222988381,8244521,Su-Wei Hsieh,D Yastremska v Hsieh,80,2023-12-29 05:09:00.266,4.1,2023-12-29 05:30:00,
1.222988381,8244521,Su-Wei Hsieh,D Yastremska v Hsieh,90,2023-12-29 05:29:33.241,4.5,2023-12-29 05:30:00,
1.222988381,8244521,Su-Wei Hsieh,D Yastremska v Hsieh,100,2023-12-29 06:22:32.975,4.4,2023-12-29 06:40:00,
1.222988381,9634670,Dayana Yastremska,D Yastremska v Hsieh,0,2023-12-28 17:36:28.635,1.38,2023-12-29 05:30:00,
1.222988381,9634670,Dayana Yastremska,D Yastremska v Hsieh,10,2023-12-28 20:24:19.330,1.35,2023-12-29 05:30:00,
1.222988381,9634670,Dayana Yastremska,D Yastremska v Hsieh,20,2023-12-28 21:19:19.770,1.3,2023-12-29 05:30:00,
1.222988381,9634670,Dayana Yastremska,D Yastremska v Hsieh,30,2023-12-28 22:08:32.945,1.29,2023-12-29 05:30:00,
1.222988381,9634670,Dayana Yastremska,D Yastremska v Hsieh,40,2023-12-28 22:18:28.006,1.29,2023-12-29 05:30:00,
1.222988381,9634670,Dayana Yastremska,D Yastremska v Hsieh,50,2023-12-28 22:23:13.304,1.27,2023-12-29 05:30:00,
1.222988381,9634670,Dayana Yastremska,D Yastremska v Hsieh,60,2023-12-29 00:45:25.382,1.3,2023-12-29 05:30:00,
1.222988381,9634670,Dayana Yastremska,D Yastremska v Hsieh,70,2023-12-29 02:40:02.273,1.32,2023-12-29 05:30:00,
1.222988381,9634670,Dayana Yastremska,D Yastremska v Hsieh,80,2023-12-29 04:59:25.827,1.28,2023-12-29 05:30:00,
1.222988381,9634670,Dayana Yastremska,D Yastremska v Hsieh,90,2023-12-29 05:04:23.403,1.32,2023-12-29 05:30:00,
1.222988381,9634670,Dayana Yastremska,D Yastremska v Hsieh,100,2023-12-29 06:22:32.975,1.31,2023-12-29 06:40:00,
1.222988484,9151665,Rebecca Sramkova,Sramkova v Babos,0,2023-12-28 20:48:25.033,1.8,2023-12-29 04:00:00,
1.222988484,9151665,Rebecca Sramkova,Sramkova v Babos,10,2023-12-28 23:09:30.599,1.77,2023-12-29 04:00:00,
1.222988484,9151665,Rebecca Sramkova,Sramkova v Babos,20,2023-12-28 23:44:53.129,1.75,2023-12-29 04:00:00,
1.222988484,9151665,Rebecca Sramkova,Sramkova v Babos,30,2023-12-29 00:14:31.213,1.71,2023-12-29 04:00:00,
1.222988484,9151665,Rebecca Sramkova,Sramkova v Babos,40,2023-12-29 00:18:29.038,1.72,2023-12-29 04:00:00,
1.222988484,9151665,Rebecca Sramkova,Sramkova v Babos,50,2023-12-29 01:16:03.005,1.69,2023-12-29 04:00:00,
1.222988484,9151665,Rebecca Sramkova,Sramkova v Babos,60,2023-12-29 01:28:31.664,1.68,2023-12-29 04:00:00,
1.222988484,9151665,Rebecca Sramkova,Sramkova v Babos,70,2023-12-29 03:48:33.345,1.64,2023-12-29 04:00:00,
1.222988484,9151665,Rebecca Sramkova,Sramkova v Babos,80,2023-12-29 03:58:31.796,1.72,2023-12-29 04:00:00,
1.222988484,9151665,Rebecca Sramkova,Sramkova v Babos,90,2023-12-29 05:04:17.437,1.59,2023-12-29 05:10:00,
1.222988484,9151665,Rebecca Sramkova,Sramkova v Babos,100,2023-12-29 05:08:29.443,1.62,2023-12-29 05:10:00,
1.223007867,64367023,Hunter / Ebden,Boulter / Skupski v Hunter / Ebden,0,2023-12-29 09:22:12.053,1.36,2023-12-29 12:47:00,
1.223007867,64367023,Hunter / Ebden,Boulter / Skupski v Hunter / Ebden,10,2023-12-29 10:09:34.979,1.34,2023-12-29 12:47:00,
1.223007867,64367023,Hunter / Ebden,Boulter / Skupski v Hunter / Ebden,20,2023-12-29 10:18:28.164,1.53,2023-12-29 12:47:00,
1.223007867,64367023,Hunter / Ebden,Boulter / Skupski v Hunter / Ebden,30,2023-12-29 10:28:29.534,1.62,2023-12-29 12:47:00,
1.223007867,64367023,Hunter / Ebden,Boulter / Skupski v Hunter / Ebden,40,2023-12-29 12:39:25.466,1.35,2023-12-29 13:54:00,
1.223007867,64367023,Hunter / Ebden,Boulter / Skupski v Hunter / Ebden,50,2023-12-29 13:32:17.526,1.5,2023-12-29 13:54:00,
1.223007867,64367023,Hunter / Ebden,Boulter / Skupski v Hunter / Ebden,60,2023-12-29 13:51:30.890,1.37,2023-12-29 14:02:00,
1.223007867,64367023,Hunter / Ebden,Boulter / Skupski v Hunter / Ebden,70,2023-12-29 13:57:35.107,1.51,2023-12-29 14:02:00,
1.223007867,64367023,Hunter / Ebden,Boulter / Skupski v Hunter / Ebden,80,2023-12-29 14:00:34.830,1.43,2023-12-29 14:02:00,
1.223007867,64367023,Hunter / Ebden,Boulter / Skupski v Hunter / Ebden,90,2023-12-29 14:08:34.486,1.42,2023-12-29 14:27:42,
1.223007867,64367023,Hunter / Ebden,Boulter / Skupski v Hunter / Ebden,100,2023-12-29 14:19:30.047,1.48,2023-12-29 14:22:30,2023-12-29 14:19:30.047
1.223007867,64367030,Boulter / Skupski,Boulter / Skupski v Hunter / Ebden,0,2023-12-29 10:13:21.858,2.88,2023-12-29 12:47:00,
1.223007867,64367030,Boulter / Skupski,Boulter / Skupski v Hunter / Ebden,10,2023-12-29 13:04:44.019,3.6,2023-12-29 13:54:00,
1.223007867,64367030,Boulter / Skupski,Boulter / Skupski v Hunter / Ebden,20,2023-12-29 13:44:32.688,3.3,2023-12-29 13:47:00,
1.223007867,64367030,Boulter / Skupski,Boulter / Skupski v Hunter / Ebden,30,2023-12-29 13:57:35.107,2.96,2023-12-29 14:02:00,
1.223007867,64367030,Boulter / Skupski,Boulter / Skupski v Hunter / Ebden,40,2023-12-29 13:59:28.931,3.15,2023-12-29 14:02:00,
1.223007867,64367030,Boulter / Skupski,Boulter / Skupski v Hunter / Ebden,50,2023-12-29 14:01:34.826,3.3,2023-12-29 14:17:00,
1.223007867,64367030,Boulter / Skupski,Boulter / Skupski v Hunter / Ebden,60,2023-12-29 14:04:16.804,2.92,2023-12-29 14:27:42,
1.223007867,64367030,Boulter / Skupski,Boulter / Skupski v Hunter / Ebden,70,2023-12-29 14:11:13.172,3.05,2023-12-29 14:27:42,
1.223007867,64367030,Boulter / Skupski,Boulter / Skupski v Hunter / Ebden,80,2023-12-29 14:14:34.966,3.15,2023-12-29 14:22:30,
1.223007867,64367030,Boulter / Skupski,Boulter / Skupski v Hunter / Ebden,90,2023-12-29 14:16:32.964,3.45,2023-12-29 14:22:30,
1.223007867,64367030,Boulter / Skupski,Boulter / Skupski v Hunter / Ebden,100,2023-12-29 14:19:30.047,3.05,2023-12-29 14:22:30,2023-12-29 14:19:30.047
1.223009001,10279360,Taylor Fritz,Taylor Fritz v Cameron Norrie,0,2023-12-29 17:49:32.597,1.57,2023-12-31 04:00:00,
1.223009001,10279360,Taylor Fritz,Taylor Fritz v Cameron Norrie,10,2023-12-30 12:37:11.124,1.59,2023-12-31 04:00:00,
1.223009001,10279360,Taylor Fritz,Taylor Fritz v Cameron Norrie,20,2023-12-30 15:54:07.543,1.53,2023-12-31 04:00:00,
1.223009001,10279360,Taylor Fritz,Taylor Fritz v Cameron Norrie,30,2023-12-30 19:42:59.314,1.56,2023-12-31 04:00:00,
1.223009001,10279360,Taylor Fritz,Taylor Fritz v Cameron Norrie,40,2023-12-30 21:25:46.922,1.6,2023-12-31 04:00:00,
1.223009001,10279360,Taylor Fritz,Taylor Fritz v Cameron Norrie,50,2023-12-30 21:48:14.573,1.61,2023-12-31 04:00:00,
1.223009001,10279360,Taylor Fritz,Taylor Fritz v Cameron Norrie,60,2023-12-30 22:54:37.746,1.63,2023-12-31 04:00:00,
1.223009001,10279360,Taylor Fritz,Taylor Fritz v Cameron Norrie,70,2023-12-30 23:53:26.517,1.64,2023-12-31 04:00:00,
1.223009001,10279360,Taylor Fritz,Taylor Fritz v Cameron Norrie,80,2023-12-31 00:39:55.232,1.62,2023-12-31 04:00:00,
1.223009001,10279360,Taylor Fritz,Taylor Fritz v Cameron Norrie,90,2023-12-31 03:25:23.927,1.64,2023-12-31 04:00:00,
1.223009001,10279360,Taylor Fritz,Taylor Fritz v Cameron Norrie,100,2023-12-31 03:58:24.925,1.64,2023-12-31 04:00:00,
1.223009001,42669524,Cameron Norrie,Taylor Fritz v Cameron Norrie,0,2023-12-29 16:47:25.954,2.58,2023-12-31 04:00:00,
1.223009001,42669524,Cameron Norrie,Taylor Fritz v Cameron Norrie,10,2023-12-30 09:40:02.984,2.62,2023-12-31 04:00:00,
1.223009001,42669524,Cameron Norrie,Taylor Fritz v Cameron Norrie,20,2023-12-30 15:45:17.569,2.78,2023-12-31 04:00:00,
1.223009001,42669524,Cameron Norrie,Taylor Fritz v Cameron Norrie,30,2023-12-30 18:50:32.632,2.74,2023-12-31 04:00:00,
1.223009001,42669524,Cameron Norrie,Taylor Fritz v Cameron Norrie,40,2023-12-30 19:59:25.638,2.6,2023-12-31 04:00:00,
1.223009001,42669524,Cameron Norrie,Taylor Fritz v Cameron Norrie,50,2023-12-30 21:31:28.728,2.6,2023-12-31 04:00:00,
1.223009001,42669524,Cameron Norrie,Taylor Fritz v Cameron Norrie,60,2023-12-30 22:31:43.621,2.62,2023-12-31 04:00:00,
1.223009001,42669524,Cameron Norrie,Taylor Fritz v Cameron Norrie,70,2023-12-30 23:14:44.675,2.58,2023-12-31 04:00:00,
1.223009001,42669524,Cameron Norrie,Taylor Fritz v Cameron Norrie,80,2023-12-30 23:57:24.553,2.6,2023-12-31 04:00:00,
1.223009001,42669524,Cameron Norrie,Taylor Fritz v Cameron Norrie,90,2023-12-31 00:21:25.849,2.56,2023-12-31 04:00:00,
1.223009001,42669524,Cameron Norrie,Taylor Fritz v Cameron Norrie,100,2023-12-31 03:58:24.925,2.54,2023-12-31 04:00:00,
1.223009344,2249229,Novak Djokovic,Zhizhen Zhang v Novak Djokovic,0,2023-12-30 08:18:24.824,1.08,2023-12-31 09:00:00,
1.223009344,2249229,Novak Djokovic,Zhizhen Zhang v Novak Djokovic,10,2023-12-30 18:32:03.507,1.07,2023-12-31 09:00:00,
1.223009344,2249229,Novak Djokovic,Zhizhen Zhang v Novak Djokovic,20,2023-12-31 00:22:48.400,1.05,2023-12-31 09:00:00,
1.223009344,2249229,Novak Djokovic,Zhizhen Zhang v Novak Djokovic,30,2023-12-31 03:07:20.068,1.06,2023-12-31 09:00:00,
1.223009344,2249229,Novak Djokovic,Zhizhen Zhang v Novak Djokovic,40,2023-12-31 04:42:05.909,1.05,2023-12-31 09:00:00,
1.223009344,2249229,Novak Djokovic,Zhizhen Zhang v Novak Djokovic,50,2023-12-31 07:18:17.928,1.06,2023-12-31 09:00:00,
1.223009344,2249229,Novak Djokovic,Zhizhen Zhang v Novak Djokovic,60,2023-12-31 07:52:48.887,1.06,2023-12-31 09:00:00,
1.223009344,2249229,Novak Djokovic,Zhizhen Zhang v Novak Djokovic,70,2023-12-31 08:25:51.544,1.07,2023-12-31 09:00:00,
1.223009344,2249229,Novak Djokovic,Zhizhen Zhang v Novak Djokovic,80,2023-12-31 08:56:46.415,1.06,2023-12-31 09:00:00,
1.223009344,2249229,Novak Djokovic,Zhizhen Zhang v Novak Djokovic,90,2023-12-31 10:03:10.014,1.07,2023-12-31 10:05:00,
1.223009344,2249229,Novak Djokovic,Zhizhen Zhang v Novak Djokovic,100,2023-12-31 10:13:10.044,1.07,2023-12-31 10:15:00,
1.223009344,9628959,Zhizhen Zhang,Zhizhen Zhang v Novak Djokovic,0,2023-12-29 17:13:04.802,5.0,2023-12-31 09:00:00,
1.223009344,9628959,Zhizhen Zhang,Zhizhen Zhang v Novak Djokovic,10,2023-12-30 18:52:37.712,13.5,2023-12-31 09:00:00,
1.223009344,9628959,Zhizhen Zhang,Zhizhen Zhang v Novak Djokovic,20,2023-12-30 23:36:11.847,15.5,2023-12-31 09:00:00,
1.223009344,9628959,Zhizhen Zhang,Zhizhen Zhang v Novak Djokovic,30,2023-12-31 00:18:09.996,17.0,2023-12-31 09:00:00,
1.223009344,9628959,Zhizhen Zhang,Zhizhen Zhang v Novak Djokovic,40,2023-12-31 04:10:07.046,16.0,2023-12-31 09:00:00,
1.223009344,9628959,Zhizhen Zhang,Zhizhen Zhang v Novak Djokovic,50,2023-12-31 07:11:15.476,16.0,2023-12-31 09:00:00,
1.223009344,9628959,Zhizhen Zhang,Zhizhen Zhang v Novak Djokovic,60,2023-12-31 08:04:17.823,17.5,2023-12-31 09:00:00,
1.223009344,9628959,Zhizhen Zhang,Zhizhen Zhang v Novak Djokovic,70,2023-12-31 08:38:19.536,22.0,2023-12-31 09:00:00,
1.223009344,9628959,Zhizhen Zhang,Zhizhen Zhang v Novak Djokovic,80,2023-12-31 08:59:10.911,19.0,2023-12-31 09:00:00,
1.223009344,9628959,Zhizhen Zhang,Zhizhen Zhang v Novak Djokovic,90,2023-12-31 09:27:13.464,18.0,2023-12-31 09:30:00,
1.223009344,9628959,Zhizhen Zhang,Zhizhen Zhang v Novak Djokovic,100,2023-12-31 10:13:10.044,17.0,2023-12-31 10:15:00,
1.223009462,18848380,Qinwen Zheng,Qinwen Zheng v Olga Danilovic,0,2023-12-30 21:28:14.109,1.11,2023-12-31 11:00:00,
1.223009462,18848380,Qinwen Zheng,Qinwen Zheng v Olga Danilovic,10,2023-12-30 21:40:17.686,1.11,2023-12-31 11:00:00,
1.223009462,18848380,Qinwen Zheng,Qinwen Zheng v Olga Danilovic,20,2023-12-30 23:13:48.267,1.1,2023-12-31 11:00:00,
1.223009462,18848380,Qinwen Zheng,Qinwen Zheng v Olga Danilovic,30,2023-12-31 05:46:16.972,1.1,2023-12-31 11:00:00,
1.223009462,18848380,Qinwen Zheng,Qinwen Zheng v Olga Danilovic,40,2023-12-31 07:38:21.135,1.1,2023-12-31 11:00:00,
1.223009462,18848380,Qinwen Zheng,Qinwen Zheng v Olga Danilovic,50,2023-12-31 07:57:05.900,1.1,2023-12-31 11:00:00,
1.223009462,18848380,Qinwen Zheng,Qinwen Zheng v Olga Danilovic,60,2023-12-31 08:25:16.697,1.1,2023-12-31 11:00:00,
1.223009462,18848380,Qinwen Zheng,Qinwen Zheng v Olga Danilovic,70,2023-12-31 09:47:14.692,1.1,2023-12-31 11:00:00,
1.223009462,18848380,Qinwen Zheng,Qinwen Zheng v Olga Danilovic,80,2023-12-31 09:59:07.091,1.1,2023-12-31 11:00:00,
1.223009462,18848380,Qinwen Zheng,Qinwen Zheng v Olga Danilovic,90,2023-12-31 10:31:07.032,1.1,2023-12-31 11:00:00,
1.223009462,18848380,Qinwen Zheng,Qinwen Zheng v Olga Danilovic,100,2023-12-31 10:56:01.281,1.11,2023-12-31 11:00:00,
1.223010286,42133537,Brenda Fruhvirtova,Bre Fruhvirtova v Ely Tse,0,2023-12-29 08:32:51.000,1.07,2023-12-29 22:00:00,
1.223010286,42133537,Brenda Fruhvirtova,Bre Fruhvirtova v Ely Tse,10,2023-12-29 09:40:35.475,1.05,2023-12-29 22:00:00,
1.223010286,42133537,Brenda Fruhvirtova,Bre Fruhvirtova v Ely Tse,20,2023-12-29 12:39:03.418,1.04,2023-12-29 22:00:00,
1.223010286,42133537,Brenda Fruhvirtova,Bre Fruhvirtova v Ely Tse,30,2023-12-29 14:30:25.419,1.02,2023-12-29 22:00:00,
1.223010286,42133537,Brenda Fruhvirtova,Bre Fruhvirtova v Ely Tse,40,2023-12-29 16:47:00.054,1.02,2023-12-29 22:00:00,
1.223010286,42133537,Brenda Fruhvirtova,Bre Fruhvirtova v Ely Tse,50,2023-12-29 17:24:49.815,1.04,2023-12-29 22:00:00,
1.223010286,42133537,Brenda Fruhvirtova,Bre Fruhvirtova v Ely Tse,60,2023-12-29 18:34:31.279,1.02,2023-12-29 22:00:00,
1.223010286,42133537,Brenda Fruhvirtova,Bre Fruhvirtova v Ely Tse,70,2023-12-29 19:40:04.097,1.04,2023-12-29 22:00:00,
1.223010286,42133537,Brenda Fruhvirtova,Bre Fruhvirtova v Ely Tse,80,2023-12-29 19:53:15.136,1.03,2023-12-29 22:00:00,
1.223010286,42133537,Brenda Fruhvirtova,Bre Fruhvirtova v Ely Tse,90,2023-12-29 21:01:17.948,1.02,2023-12-29 22:00:00,
1.223010286,42133537,Brenda Fruhvirtova,Bre Fruhvirtova v Ely Tse,100,2023-12-29 21:47:18.899,1.02,2023-12-29 22:00:00,
1.223010297,11439772,Elena-Gabriela Ruse,E Ruse v Danilina,0,2023-12-29 21:48:28.944,1.06,2023-12-30 02:00:00,
1.223010297,11439772,Elena-Gabriela Ruse,E Ruse v Danilina,10,2023-12-29 21:59:59.846,1.1,2023-12-30 02:00:00,
1.223010297,11439772,Elena-Gabriela Ruse,E Ruse v Danilina,20,2023-12-29 22:45:13.999,1.09,2023-12-30 02:00:00,
1.223010297,11439772,Elena-Gabriela Ruse,E Ruse v Danilina,30,2023-12-29 22:59:00.952,1.07,2023-12-30 02:00:00,
1.223010297,11439772,Elena-Gabriela Ruse,E Ruse v Danilina,40,2023-12-30 01:18:35.480,1.08,2023-12-30 02:00:00,
1.223010297,11439772,Elena-Gabriela Ruse,E Ruse v Danilina,50,2023-12-30 01:57:21.720,1.06,2023-12-30 02:00:00,
1.223010297,11439772,Elena-Gabriela Ruse,E Ruse v Danilina,60,2023-12-30 02:20:20.589,1.06,2023-12-30 02:30:00,
1.223010297,11439772,Elena-Gabriela Ruse,E Ruse v Danilina,70,2023-12-30 02:21:20.357,1.07,2023-12-30 02:30:00,
1.223010297,11439772,Elena-Gabriela Ruse,E Ruse v Danilina,80,2023-12-30 02:25:20.336,1.08,2023-12-30 03:00:00,
1.223010297,11439772,Elena-Gabriela Ruse,E Ruse v Danilina,90,2023-12-30 02:40:20.327,1.07,2023-12-30 03:00:00,
1.223010297,11439772,Elena-Gabriela Ruse,E Ruse v Danilina,100,2023-12-30 03:36:55.759,1.07,2023-12-30 03:40:00,
1.223010439,7550871,Carol Zhao,C Zhao v Sakatsume,0,2023-12-29 15:23:15.685,2.28,2023-12-29 22:00:00,
1.223010439,7550871,Carol Zhao,C Zhao v Sakatsume,10,2023-12-29 16:17:07.659,2.74,2023-12-29 22:00:00,
1.223010439,7550871,Carol Zhao,C Zhao v Sakatsume,20,2023-12-29 18:30:55.027,2.5,2023-12-29 22:00:00,
1.223010439,7550871,Carol Zhao,C Zhao v Sakatsume,30,2023-12-29 20:33:29.211,2.56,2023-12-29 22:00:00,
1.223010439,7550871,Carol Zhao,C Zhao v Sakatsume,40,2023-12-29 20:33:50.160,2.48,2023-12-29 22:00:00,
1.223010439,7550871,Carol Zhao,C Zhao v Sakatsume,50,2023-12-29 21:00:27.486,2.48,2023-12-29 22:00:00,
1.223010439,7550871,Carol Zhao,C Zhao v Sakatsume,60,2023-12-29 21:28:30.975,2.5,2023-12-29 22:00:00,
1.223010439,7550871,Carol Zhao,C Zhao v Sakatsume,70,2023-12-29 21:34:20.166,2.52,2023-12-29 22:00:00,
1.223010439,7550871,Carol Zhao,C Zhao v Sakatsume,80,2023-12-29 22:05:29.481,2.62,2023-12-29 22:10:00,
1.223010439,7550871,Carol Zhao,C Zhao v Sakatsume,90,2023-12-29 22:07:31.033,2.86,2023-12-29 22:10:00,2023-12-29 22:06:29.370
1.223010439,7550871,Carol Zhao,C Zhao v Sakatsume,100,2023-12-29 22:09:29.818,2.64,2023-12-29 22:10:00,2023-12-29 22:06:29.370
1.223010439,11772856,Himeno Sakatsume,C Zhao v Sakatsume,0,2023-12-29 14:01:13.163,1.54,2023-12-29 22:00:00,
1.223010439,11772856,Himeno Sakatsume,C Zhao v Sakatsume,10,2023-12-29 18:30:55.027,1.64,2023-12-29 22:00:00,
1.223010439,11772856,Himeno Sakatsume,C Zhao v Sakatsume,20,2023-12-29 20:00:59.186,1.64,2023-12-29 22:00:00,
1.223010439,11772856,Himeno Sakatsume,C Zhao v Sakatsume,30,2023-12-29 20:33:50.160,1.68,2023-12-29 22:00:00,
1.223010439,11772856,Himeno Sakatsume,C Zhao v Sakatsume,40,2023-12-29 20:45:20.161,1.68,2023-12-29 22:00:00,
1.223010439,11772856,Himeno Sakatsume,C Zhao v Sakatsume,50,2023-12-29 21:34:20.166,1.63,2023-12-29 22:00:00,
1.223010439,11772856,Himeno Sakatsume,C Zhao v Sakatsume,60,2023-12-29 21:53:31.031,1.61,2023-12-29 22:00:00,
1.223010439,11772856,Himeno Sakatsume,C Zhao v Sakatsume,70,2023-12-29 21:54:50.222,1.62,2023-12-29 22:00:00,
1.223010439,11772856,Himeno Sakatsume,C Zhao v Sakatsume,80,2023-12-29 21:59:25.539,1.62,2023-12-29 22:00:00,
1.223010439,11772856,Himeno Sakatsume,C Zhao v Sakatsume,90,2023-12-29 22:06:29.370,1.52,2023-12-29 22:10:00,2023-12-29 22:06:29.370
1.223010439,11772856,Himeno Sakatsume,C Zhao v Sakatsume,100,2023-12-29 22:09:29.818,1.56,2023-12-29 22:10:00,2023-12-29 22:06:29.370
1.223010572,8028692,Bethanie Mattek-Sands,Hruncakova v Mattek-Sands,0,2023-12-29 11:20:25.899,8.0,2023-12-29 22:00:00,
1.223010572,8028692,Bethanie Mattek-Sands,Hruncakova v Mattek-Sands,10,2023-12-29 12:01:48.070,6.4,2023-12-29 22:00:00,
1.223010572,8028692,Bethanie Mattek-Sands,Hruncakova v Mattek-Sands,20,2023-12-29 16:19:47.147,8.0,2023-12-29 22:00:00,
1.223010572,8028692,Bethanie Mattek-Sands,Hruncakova v Mattek-Sands,30,2023-12-29 17:32:57.674,7.2,2023-12-29 22:00:00,
1.223010572,8028692,Bethanie Mattek-Sands,Hruncakova v Mattek-Sands,40,2023-12-29 21:37:07.671,7.6,2023-12-29 22:00:00,
1.223010572,8028692,Bethanie Mattek-Sands,Hruncakova v Mattek-Sands,50,2023-12-29 21:45:05.515,7.2,2023-12-29 22:00:00,
1.223010572,8028692,Bethanie Mattek-Sands,Hruncakova v Mattek-Sands,60,2023-12-29 21:46:01.470,7.8,2023-12-29 22:00:00,
1.223010572,8028692,Bethanie Mattek-Sands,Hruncakova v Mattek-Sands,70,2023-12-29 21:49:46.195,8.0,2023-12-29 22:00:00,
1.223010572,8028692,Bethanie Mattek-Sands,Hruncakova v Mattek-Sands,80,2023-12-29 21:54:04.087,8.2,2023-12-29 22:00:00,
1.223010572,8028692,Bethanie Mattek-Sands,Hruncakova v Mattek-Sands,90,2023-12-29 22:02:06.232,8.8,2023-12-29 22:10:00,
1.223010572,8028692,Bethanie Mattek-Sands,Hruncakova v Mattek-Sands,100,2023-12-29 22:09:03.567,9.4,2023-12-29 22:10:00,
1.223010572,54739703,Viktoria Hruncakova,Hruncakova v Mattek-Sands,0,2023-12-29 12:01:48.070,1.18,2023-12-29 22:00:00,
1.223010572,54739703,Viktoria Hruncakova,Hruncakova v Mattek-Sands,10,2023-12-29 16:19:47.147,1.14,2023-12-29 22:00:00,
1.223010572,54739703,Viktoria Hruncakova,Hruncakova v Mattek-Sands,20,2023-12-29 17:14:55.681,1.16,2023-12-29 22:00:00,
1.223010572,54739703,Viktoria Hruncakova,Hruncakova v Mattek-Sands,30,2023-12-29 19:58:56.695,1.16,2023-12-29 22:00:00,
1.223010572,54739703,Viktoria Hruncakova,Hruncakova v Mattek-Sands,40,2023-12-29 20:48:54.943,1.17,2023-12-29 22:00:00,
1.223010572,54739703,Viktoria Hruncakova,Hruncakova v Mattek-Sands,50,2023-12-29 21:30:52.117,1.15,2023-12-29 22:00:00,
1.223010572,54739703,Viktoria Hruncakova,Hruncakova v Mattek-Sands,60,2023-12-29 21:39:00.539,1.15,2023-12-29 22:00:00,
1.223010572,54739703,Viktoria Hruncakova,Hruncakova v Mattek-Sands,70,2023-12-29 21:46:01.470,1.14,2023-12-29 22:00:00,
1.223010572,54739703,Viktoria Hruncakova,Hruncakova v Mattek-Sands,80,2023-12-29 21:49:46.195,1.14,2023-12-29 22:00:00,
1.223010572,54739703,Viktoria Hruncakova,Hruncakova v Mattek-Sands,90,2023-12-29 21:59:04.938,1.14,2023-12-29 22:00:00,
1.223010572,54739703,Viktoria Hruncakova,Hruncakova v Mattek-Sands,100,2023-12-29 22:07:07.671,1.12,2023-12-29 22:10:00,
1.223010654,9628769,Jessika Ponchet,Jes Ponchet v Mccar Kessler,0,2023-12-29 18:43:49.600,2.42,2023-12-29 23:30:00,
1.223010654,9628769,Jessika Ponchet,Jes Ponchet v Mccar Kessler,10,2023-12-29 21:05:01.449,2.4,2023-12-29 23:30:00,
1.223010654,9628769,Jessika Ponchet,Jes Ponchet v Mccar Kessler,20,2023-12-29 22:29:26.288,2.46,2023-12-29 23:30:00,
1.223010654,9628769,Jessika Ponchet,Jes Ponchet v Mccar Kessler,30,2023-12-29 22:32:17.355,2.54,2023-12-29 23:30:00,
1.223010654,9628769,Jessika Ponchet,Jes Ponchet v Mccar Kessler,40,2023-12-29 22:45:24.819,2.54,2023-12-29 23:30:00,
1.223010654,9628769,Jessika Ponchet,Jes Ponchet v Mccar Kessler,50,2023-12-29 23:03:28.043,2.56,2023-12-29 23:30:00,
1.223010654,9628769,Jessika Ponchet,Jes Ponchet v Mccar Kessler,60,2023-12-29 23:12:20.342,2.54,2023-12-29 23:30:00,
1.223010654,9628769,Jessika Ponchet,Jes Ponchet v Mccar Kessler,70,2023-12-29 23:20:14.883,2.52,2023-12-29 23:30:00,
1.223010654,9628769,Jessika Ponchet,Jes Ponchet v Mccar Kessler,80,2023-12-29 23:49:20.433,2.48,2023-12-30 00:00:00,
1.223010654,9628769,Jessika Ponchet,Jes Ponchet v Mccar Kessler,90,2023-12-29 23:57:21.551,2.38,2023-12-30 00:00:00,
1.223010654,9628769,Jessika Ponchet,Jes Ponchet v Mccar Kessler,100,2023-12-30 00:04:25.679,2.1,2023-12-30 00:05:00,2023-12-30 00:03:27.948
1.223010654,11942064,Mccartney Kessler,Jes Ponchet v Mccar Kessler,0,2023-12-29 14:48:00.899,1.73,2023-12-29 23:30:00,
1.223010654,11942064,Mccartney Kessler,Jes Ponchet v Mccar Kessler,10,2023-12-29 16:40:21.698,1.75,2023-12-29 23:30:00,
1.223010654,11942064,Mccartney Kessler,Jes Ponchet v Mccar Kessler,20,2023-12-29 17:31:22.152,1.72,2023-12-29 23:30:00,
1.223010654,11942064,Mccartney Kessler,Jes Ponchet v Mccar Kessler,30,2023-12-29 20:42:23.160,1.71,2023-12-29 23:30:00,
1.223010654,11942064,Mccartney Kessler,Jes Ponchet v Mccar Kessler,40,2023-12-29 22:12:50.027,1.7,2023-12-29 23:30:00,
1.223010654,11942064,Mccartney Kessler,Jes Ponchet v Mccar Kessler,50,2023-12-29 22:30:26.843,1.68,2023-12-29 23:30:00,
1.223010654,11942064,Mccartney Kessler,Jes Ponchet v Mccar Kessler,60,2023-12-29 22:34:23.569,1.66,2023-12-29 23:30:00,
1.223010654,11942064,Mccartney Kessler,Jes Ponchet v Mccar Kessler,70,2023-12-29 23:02:27.996,1.64,2023-12-29 23:30:00,
1.223010654,11942064,Mccartney Kessler,Jes Ponchet v Mccar Kessler,80,2023-12-29 23:23:20.325,1.67,2023-12-29 23:30:00,
1.223010654,11942064,Mccartney Kessler,Jes Ponchet v Mccar Kessler,90,2023-12-29 23:53:01.064,1.67,2023-12-30 00:00:00,
1.223010654,11942064,Mccartney Kessler,Jes Ponchet v Mccar Kessler,100,2023-12-30 00:04:25.679,1.88,2023-12-30 00:05:00,2023-12-30 00:03:27.948
1.223011831,5499363,Valeria Savinykh,Gadecki v Savinykh,0,2023-12-29 13:46:47.939,3.5,2023-12-30 01:00:00,
1.223011831,5499363,Valeria Savinykh,Gadecki v Savinykh,10,2023-12-29 14:58:02.925,3.25,2023-12-30 01:00:00,
1.223011831,5499363,Valeria Savinykh,Gadecki v Savinykh,20,2023-12-29 15:12:48.692,2.86,2023-12-30 01:00:00,
1.223011831,5499363,Valeria Savinykh,Gadecki v Savinykh,30,2023-12-29 17:18:29.529,3.1,2023-12-30 01:00:00,
1.223011831,5499363,Valeria Savinykh,Gadecki v Savinykh,40,2023-12-29 21:08:45.222,3.15,2023-12-30 01:00:00,
1.223011831,5499363,Valeria Savinykh,Gadecki v Savinykh,50,2023-12-29 22:23:47.117,3.25,2023-12-30 01:00:00,
1.223011831,5499363,Valeria Savinykh,Gadecki v Savinykh,60,2023-12-29 22:26:00.342,3.35,2023-12-30 01:00:00,
1.223011831,5499363,Valeria Savinykh,Gadecki v Savinykh,70,2023-12-29 22:57:33.467,3.25,2023-12-30 01:00:00,
1.223011831,5499363,Valeria Savinykh,Gadecki v Savinykh,80,2023-12-29 23:16:42.954,3.5,2023-12-30 01:00:00,
1.223011831,5499363,Valeria Savinykh,Gadecki v Savinykh,90,2023-12-30 00:01:47.518,3.45,2023-12-30 01:00:00,
1.223011831,5499363,Valeria Savinykh,Gadecki v Savinykh,100,2023-12-30 00:58:23.131,3.5,2023-12-30 01:00:00,
1.223011831,11861440,Olivia Gadecki,Gadecki v Savinykh,0,2023-12-29 13:46:47.939,1.4,2023-12-30 01:00:00,
1.223011831,11861440,Olivia Gadecki,Gadecki v Savinykh,10,2023-12-29 14:58:02.925,1.44,2023-12-30 01:00:00,
1.223011831,11861440,Olivia Gadecki,Gadecki v Savinykh,20,2023-12-29 21:08:45.222,1.46,2023-12-30 01:00:00,
1.223011831,11861440,Olivia Gadecki,Gadecki v Savinykh,30,2023-12-29 22:03:42.820,1.44,2023-12-30 01:00:00,
1.223011831,11861440,Olivia Gadecki,Gadecki v Savinykh,40,2023-12-29 22:48:36.342,1.42,2023-12-30 01:00:00,
1.223011831,11861440,Olivia Gadecki,Gadecki v Savinykh,50,2023-12-29 23:16:42.954,1.4,2023-12-30 01:00:00,
1.223011831,11861440,Olivia Gadecki,Gadecki v Savinykh,60,2023-12-29 23:19:44.229,1.38,2023-12-30 01:00:00,
1.223011831,11861440,Olivia Gadecki,Gadecki v Savinykh,70,2023-12-29 23:49:34.411,1.38,2023-12-30 01:00:00,
1.223011831,11861440,Olivia Gadecki,Gadecki v Savinykh,80,2023-12-30 00:01:47.518,1.41,2023-12-30 01:00:00,
1.223011831,11861440,Olivia Gadecki,Gadecki v Savinykh,90,2023-12-30 00:58:23.131,1.4,2023-12-30 01:00:00,
1.223011831,11861440,Olivia Gadecki,Gadecki v Savinykh,100,2023-12-30 01:23:45.269,1.38,2023-12-30 01:25:00,
1.223011832,24143426,Talia Gibson,Babos v Ta Gibson,0,2023-12-29 20:19:48.149,1.57,2023-12-31 00:00:00,
1.223011832,24143426,Talia Gibson,Babos v Ta Gibson,10,2023-12-29 21:49:29.997,1.59,2023-12-30 02:30:00,
1.223011832,24143426,Talia Gibson,Babos v Ta Gibson,20,2023-12-29 22:51:12.796,1.57,2023-12-30 02:30:00,
1.223011832,24143426,Talia Gibson,Babos v Ta Gibson,30,2023-12-29 23:02:31.035,1.64,2023-12-30 02:30:00,
1.223011832,24143426,Talia Gibson,Babos v Ta Gibson,40,2023-12-29 23:03:33.547,1.57,2023-12-30 02:30:00,
1.223011832,24143426,Talia Gibson,Babos v Ta Gibson,50,2023-12-30 01:13:31.104,1.62,2023-12-30 02:30:00,
1.223011832,24143426,Talia Gibson,Babos v Ta Gibson,60,2023-12-30 01:18:54.140,1.67,2023-12-30 02:30:00,
1.223011832,24143426,Talia Gibson,Babos v Ta Gibson,70,2023-12-30 01:29:27.986,1.61,2023-12-30 02:30:00,
1.223011832,24143426,Talia Gibson,Babos v Ta Gibson,80,2023-12-30 01:30:07.254,1.59,2023-12-30 02:30:00,
1.223011832,24143426,Talia Gibson,Babos v Ta Gibson,90,2023-12-30 02:20:04.622,1.54,2023-12-30 02:30:00,
1.223011832,24143426,Talia Gibson,Babos v Ta Gibson,100,2023-12-30 02:35:27.202,1.63,2023-12-30 02:45:00,
1.223013778,6064287,James Duckworth,Phi Sekulic v Duckworth,0,2023-12-29 23:19:51.112,1.35,2023-12-30 05:00:00,
1.223013778,6064287,James Duckworth,Phi Sekulic v Duckworth,10,2023-12-30 08:47:19.985,1.29,2023-12-30 10:52:00,2023-12-30 08:42:13.597
1.223013778,6064287,James Duckworth,Phi Sekulic v Duckworth,20,2023-12-30 08:58:25.002,1.46,2023-12-30 11:07:00,2023-12-30 08:42:13.597
1.223013778,6064287,James Duckworth,Phi Sekulic v Duckworth,30,2023-12-30 09:16:25.798,1.21,2023-12-30 11:22:00,2023-12-30 08:42:13.597
1.223013778,6064287,James Duckworth,Phi Sekulic v Duckworth,40,2023-12-30 09:27:25.135,1.2,2023-12-30 09:33:00,2023-12-30 08:42:13.597
1.223013778,6064287,James Duckworth,Phi Sekulic v Duckworth,50,2023-12-30 09:38:25.027,1.5,2023-12-30 09:48:00,2023-12-30 08:42:13.597
1.223013778,6064287,James Duckworth,Phi Sekulic v Duckworth,60,2023-12-30 09:49:24.749,1.16,2023-12-30 10:03:00,2023-12-30 08:42:13.597
1.223013778,6064287,James Duckworth,Phi Sekulic v Duckworth,70,2023-12-30 10:02:24.630,1.18,2023-12-30 10:03:00,2023-12-30 08:42:13.597
1.223013778,6064287,James Duckworth,Phi Sekulic v Duckworth,80,2023-12-30 10:12:23.010,1.04,2023-12-30 10:18:00,2023-12-30 08:42:13.597
1.223013778,6064287,James Duckworth,Phi Sekulic v Duckworth,90,2023-12-30 10:25:12.549,1.01,2023-12-30 10:33:00,2023-12-30 08:42:13.597
1.223013778,6064287,James Duckworth,Phi Sekulic v Duckworth,100,2023-12-30 10:38:23.182,1.01,2023-12-30 10:48:00,2023-12-30 08:42:13.597
1.223013778,30472553,Philip Sekulic,Phi Sekulic v Duckworth,0,2023-12-29 23:19:51.112,3.85,2023-12-30 05:00:00,
1.223013778,30472553,Philip Sekulic,Phi Sekulic v Duckworth,10,2023-12-30 08:52:25.404,4.1,2023-12-30 10:52:00,2023-12-30 08:42:13.597
1.223013778,30472553,Philip Sekulic,Phi Sekulic v Duckworth,20,2023-12-30 09:14:16.493,4.1,2023-12-30 11:22:00,2023-12-30 08:42:13.597
1.223013778,30472553,Philip Sekulic,Phi Sekulic v Duckworth,30,2023-12-30 09:21:25.668,4.2,2023-12-30 09:33:00,2023-12-30 08:42:13.597
1.223013778,30472553,Philip Sekulic,Phi Sekulic v Duckworth,40,2023-12-30 09:28:25.401,4.7,2023-12-30 09:33:00,2023-12-30 08:42:13.597
1.223013778,30472553,Philip Sekulic,Phi Sekulic v Duckworth,50,2023-12-30 09:37:25.583,3.0,2023-12-30 09:48:00,2023-12-30 08:42:13.597
1.223013778,30472553,Philip Sekulic,Phi Sekulic v Duckworth,60,2023-12-30 09:46:25.946,4.4,2023-12-30 09:48:00,2023-12-30 08:42:13.597
1.223013778,30472553,Philip Sekulic,Phi Sekulic v Duckworth,70,2023-12-30 09:53:25.027,5.4,2023-12-30 10:03:00,2023-12-30 08:42:13.597
1.223013778,30472553,Philip Sekulic,Phi Sekulic v Duckworth,80,2023-12-30 10:05:19.524,5.0,2023-12-30 10:18:00,2023-12-30 08:42:13.597
1.223013778,30472553,Philip Sekulic,Phi Sekulic v Duckworth,90,2023-12-30 10:20:21.675,26.0,2023-12-30 10:33:00,2023-12-30 08:42:13.597
1.223013778,30472553,Philip Sekulic,Phi Sekulic v Duckworth,100,2023-12-30 10:36:25.985,100.0,2023-12-30 10:48:00,2023-12-30 08:42:13.597
1.223013781,5720747,Dominic Thiem,Thiem v Ja Mccabe,0,2023-12-29 21:14:15.238,1.11,2023-12-30 03:00:00,
1.223013781,5720747,Dominic Thiem,Thiem v Ja Mccabe,10,2023-12-30 03:41:06.895,1.2,2023-12-30 05:45:00,2023-12-30 03:28:06.949
1.223013781,5720747,Dominic Thiem,Thiem v Ja Mccabe,20,2023-12-30 04:05:50.048,1.87,2023-12-30 06:15:00,2023-12-30 03:28:06.949
1.223013781,5720747,Dominic Thiem,Thiem v Ja Mccabe,30,2023-12-30 04:32:01.634,2.1,2023-12-30 04:43:00,2023-12-30 03:28:06.949
1.223013781,5720747,Dominic Thiem,Thiem v Ja Mccabe,40,2023-12-30 05:05:05.839,2.2,2023-12-30 05:13:00,2023-12-30 03:28:06.949
1.223013781,5720747,Dominic Thiem,Thiem v Ja Mccabe,50,2023-12-30 05:30:06.416,2.32,2023-12-30 05:43:00,2023-12-30 03:28:06.949
1.223013781,5720747,Dominic Thiem,Thiem v Ja Mccabe,60,2023-12-30 05:47:06.017,2.96,2023-12-30 05:58:00,2023-12-30 03:28:06.949
1.223013781,5720747,Dominic Thiem,Thiem v Ja Mccabe,70,2023-12-30 06:05:05.276,1.4,2023-12-30 06:13:00,2023-12-30 03:28:06.949
1.223013781,5720747,Dominic Thiem,Thiem v Ja Mccabe,80,2023-12-30 06:24:04.488,1.48,2023-12-30 06:28:00,2023-12-30 03:28:06.949
1.223013781,5720747,Dominic Thiem,Thiem v Ja Mccabe,90,2023-12-30 06:41:06.640,1.32,2023-12-30 06:43:00,2023-12-30 03:28:06.949
1.223013781,5720747,Dominic Thiem,Thiem v Ja Mccabe,100,2023-12-30 06:58:04.641,1.01,2023-12-30 07:13:00,2023-12-30 03:28:06.949
1.223013781,37862534,James McCabe,Thiem v Ja Mccabe,0,2023-12-29 21:14:15.238,9.0,2023-12-30 03:00:00,
1.223013781,37862534,James McCabe,Thiem v Ja Mccabe,10,2023-12-30 03:58:04.397,2.42,2023-12-30 06:15:00,2023-12-30 03:28:06.949
1.223013781,37862534,James McCabe,Thiem v Ja Mccabe,20,2023-12-30 04:28:53.614,1.7,2023-12-30 04:43:00,2023-12-30 03:28:06.949
1.223013781,37862534,James McCabe,Thiem v Ja Mccabe,30,2023-12-30 04:59:00.445,1.75,2023-12-30 05:13:00,2023-12-30 03:28:06.949
1.223013781,37862534,James McCabe,Thiem v Ja Mccabe,40,2023-12-30 05:19:56.081,1.75,2023-12-30 05:28:00,2023-12-30 03:28:06.949
1.223013781,37862534,James McCabe,Thiem v Ja Mccabe,50,2023-12-30 05:35:06.577,1.01,2023-12-30 05:43:00,2023-12-30 03:28:06.949
1.223013781,37862534,James McCabe,Thiem v Ja Mccabe,60,2023-12-30 05:51:07.127,1.5,2023-12-30 05:58:00,2023-12-30 03:28:06.949
1.223013781,37862534,James McCabe,Thiem v Ja Mccabe,70,2023-12-30 06:08:07.055,2.7,2023-12-30 06:13:00,2023-12-30 03:28:06.949
1.223013781,37862534,James McCabe,Thiem v Ja Mccabe,80,2023-12-30 06:23:06.803,3.2,2023-12-30 06:28:00,2023-12-30 03:28:06.949
1.223013781,37862534,James McCabe,Thiem v Ja Mccabe,90,2023-12-30 06:40:06.726,3.45,2023-12-30 06:43:00,2023-12-30 03:28:06.949
1.223013781,37862534,James McCabe,Thiem v Ja Mccabe,100,2023-12-30 07:01:05.573,400.0,2023-12-30 07:13:00,2023-12-30 03:28:06.949
1.223013785,4257454,Andrey Kuznetsov,Galan v An Kuznetsov,0,2023-12-30 01:07:37.926,5.0,2023-12-30 07:15:00,
1.223013785,4257454,Andrey Kuznetsov,Galan v An Kuznetsov,10,2023-12-30 08:58:40.364,5.6,2023-12-30 11:07:00,2023-12-30 08:44:34.481
1.223013785,4257454,Andrey Kuznetsov,Galan v An Kuznetsov,20,2023-12-30 09:03:40.478,3.55,2023-12-30 11:07:00,2023-12-30 08:44:34.481
1.223013785,4257454,Andrey Kuznetsov,Galan v An Kuznetsov,30,2023-12-30 09:16:34.347,3.6,2023-12-30 11:22:00,2023-12-30 08:44:34.481
1.223013785,4257454,Andrey Kuznetsov,Galan v An Kuznetsov,40,2023-12-30 09:26:39.307,3.15,2023-12-30 09:33:00,2023-12-30 08:44:34.481
1.223013785,4257454,Andrey Kuznetsov,Galan v An Kuznetsov,50,2023-12-30 09:32:35.390,2.8,2023-12-30 09:33:00,2023-12-30 08:44:34.481
1.223013785,4257454,Andrey Kuznetsov,Galan v An Kuznetsov,60,2023-12-30 09:36:42.009,4.2,2023-12-30 09:48:00,2023-12-30 08:44:34.481
1.223013785,4257454,Andrey Kuznetsov,Galan v An Kuznetsov,70,2023-12-30 09:44:37.439,11.0,2023-12-30 09:48:00,2023-12-30 08:44:34.481
1.223013785,4257454,Andrey Kuznetsov,Galan v An Kuznetsov,80,2023-12-30 09:48:41.345,7.2,2023-12-30 10:03:00,2023-12-30 08:44:34.481
1.223013785,4257454,Andrey Kuznetsov,Galan v An Kuznetsov,90,2023-12-30 09:53:38.418,12.0,2023-12-30 10:03:00,2023-12-30 08:44:34.481
1.223013785,4257454,Andrey Kuznetsov,Galan v An Kuznetsov,100,2023-12-30 10:11:39.228,17.5,2023-12-30 10:18:00,2023-12-30 08:44:34.481
1.223013785,8860646,Daniel Elahi Galan,Galan v An Kuznetsov,0,2023-12-30 01:07:37.926,1.25,2023-12-30 07:15:00,
1.223013785,8860646,Daniel Elahi Galan,Galan v An Kuznetsov,10,2023-12-30 08:58:40.364,1.22,2023-12-30 11:07:00,2023-12-30 08:44:34.481
1.223013785,8860646,Daniel Elahi Galan,Galan v An Kuznetsov,20,2023-12-30 09:06:41.979,1.15,2023-12-30 11:07:00,2023-12-30 08:44:34.481
1.223013785,8860646,Daniel Elahi Galan,Galan v An Kuznetsov,30,2023-12-30 09:17:39.205,1.2,2023-12-30 11:22:00,2023-12-30 08:44:34.481
1.223013785,8860646,Daniel Elahi Galan,Galan v An Kuznetsov,40,2023-12-30 09:25:41.023,1.36,2023-12-30 09:33:00,2023-12-30 08:44:34.481
1.223013785,8860646,Daniel Elahi Galan,Galan v An Kuznetsov,50,2023-12-30 09:32:35.390,1.55,2023-12-30 09:33:00,2023-12-30 08:44:34.481
1.223013785,8860646,Daniel Elahi Galan,Galan v An Kuznetsov,60,2023-12-30 09:38:29.507,1.19,2023-12-30 09:48:00,2023-12-30 08:44:34.481
1.223013785,8860646,Daniel Elahi Galan,Galan v An Kuznetsov,70,2023-12-30 09:47:41.145,1.08,2023-12-30 09:48:00,2023-12-30 08:44:34.481
1.223013785,8860646,Daniel Elahi Galan,Galan v An Kuznetsov,80,2023-12-30 09:53:38.418,1.09,2023-12-30 10:03:00,2023-12-30 08:44:34.481
1.223013785,8860646,Daniel Elahi Galan,Galan v An Kuznetsov,90,2023-12-30 10:03:20.039,1.06,2023-12-30 10:18:00,2023-12-30 08:44:34.481
1.223013785,8860646,Daniel Elahi Galan,Galan v An Kuznetsov,100,2023-12-30 10:13:40.476,1.01,2023-12-30 10:18:00,2023-12-30 08:44:34.481
1.223013878,8284479,Federico Gaio,Gaio v Al Kovacevic,0,2023-12-29 22:29:29.941,4.7,2023-12-30 03:00:00,
1.223013878,8284479,Federico Gaio,Gaio v Al Kovacevic,10,2023-12-30 05:24:08.465,4.1,2023-12-30 07:30:00,
1.223013878,8284479,Federico Gaio,Gaio v Al Kovacevic,20,2023-12-30 06:22:10.794,5.2,2023-12-30 08:30:00,
1.223013878,8284479,Federico Gaio,Gaio v Al Kovacevic,30,2023-12-30 06:51:09.182,1.98,2023-12-30 09:00:00,2023-12-30 06:26:10.324
1.223013878,8284479,Federico Gaio,Gaio v Al Kovacevic,40,2023-12-30 07:04:10.381,2.6,2023-12-30 09:15:00,2023-12-30 06:26:10.324
1.223013878,8284479,Federico Gaio,Gaio v Al Kovacevic,50,2023-12-30 07:15:10.112,4.0,2023-12-30 09:30:00,2023-12-30 06:26:10.324
1.223013878,8284479,Federico Gaio,Gaio v Al Kovacevic,60,2023-12-30 07:34:10.647,5.1,2023-12-30 09:45:00,2023-12-30 06:26:10.324
1.223013878,8284479,Federico Gaio,Gaio v Al Kovacevic,70,2023-12-30 07:52:10.170,6.2,2023-12-30 10:00:00,2023-12-30 06:26:10.324
1.223013878,8284479,Federico Gaio,Gaio v Al Kovacevic,80,2023-12-30 08:04:09.700,4.8,2023-12-30 10:15:00,2023-12-30 06:26:10.324
1.223013878,8284479,Federico Gaio,Gaio v Al Kovacevic,90,2023-12-30 08:13:06.879,24.0,2023-12-30 10:30:00,2023-12-30 06:26:10.324
1.223013878,8284479,Federico Gaio,Gaio v Al Kovacevic,100,2023-12-30 08:30:04.577,100.0,2023-12-30 08:37:00,2023-12-30 06:26:10.324
1.223013878,11439844,Aleksandar Kovacevic,Gaio v Al Kovacevic,0,2023-12-29 20:39:12.961,1.28,2023-12-30 03:00:00,
1.223013878,11439844,Aleksandar Kovacevic,Gaio v Al Kovacevic,10,2023-12-30 04:01:51.185,1.24,2023-12-30 06:15:00,
1.223013878,11439844,Aleksandar Kovacevic,Gaio v Al Kovacevic,20,2023-12-30 06:08:32.755,1.4,2023-12-30 08:15:00,
1.223013878,11439844,Aleksandar Kovacevic,Gaio v Al Kovacevic,30,2023-12-30 06:37:09.189,1.26,2023-12-30 08:45:00,2023-12-30 06:26:10.324
1.223013878,11439844,Aleksandar Kovacevic,Gaio v Al Kovacevic,40,2023-12-30 06:55:06.766,1.95,2023-12-30 09:00:00,2023-12-30 06:26:10.324
1.223013878,11439844,Aleksandar Kovacevic,Gaio v Al Kovacevic,50,2023-12-30 07:07:10.760,1.56,2023-12-30 09:15:00,2023-12-30 06:26:10.324
1.223013878,11439844,Aleksandar Kovacevic,Gaio v Al Kovacevic,60,2023-12-30 07:21:09.407,1.28,2023-12-30 09:30:00,2023-12-30 06:26:10.324
1.223013878,11439844,Aleksandar Kovacevic,Gaio v Al Kovacevic,70,2023-12-30 07:39:06.021,1.14,2023-12-30 09:45:00,2023-12-30 06:26:10.324
1.223013878,11439844,Aleksandar Kovacevic,Gaio v Al Kovacevic,80,2023-12-30 07:58:09.967,1.37,2023-12-30 10:15:00,2023-12-30 06:26:10.324
1.223013878,11439844,Aleksandar Kovacevic,Gaio v Al Kovacevic,90,2023-12-30 08:11:04.948,1.04,2023-12-30 10:15:00,2023-12-30 06:26:10.324
1.223013878,11439844,Aleksandar Kovacevic,Gaio v Al Kovacevic,100,2023-12-30 08:28:09.205,1.01,2023-12-30 08:37:00,2023-12-30 06:26:10.324
1.223013898,9629249,Ryan Peniston,Ry Peniston v Cressy,0,2023-12-29 21:26:17.416,2.9,2023-12-30 01:00:00,
1.223013898,9629249,Ryan Peniston,Ry Peniston v Cressy,10,2023-12-30 00:54:21.284,2.5,2023-12-30 01:00:00,
1.223013898,9629249,Ryan Peniston,Ry Peniston v Cressy,20,2023-12-30 03:16:18.566,4.4,2023-12-30 03:30:00,2023-12-30 02:07:15.541
1.223013898,9629249,Ryan Peniston,Ry Peniston v Cressy,30,2023-12-30 04:04:19.202,3.5,2023-12-30 04:15:00,2023-12-30 02:07:15.541
1.223013898,9629249,Ryan Peniston,Ry Peniston v Cressy,40,2023-12-30 04:38:22.665,2.5,2023-12-30 05:00:00,2023-12-30 02:07:15.541
1.223013898,9629249,Ryan Peniston,Ry Peniston v Cressy,50,2023-12-30 05:05:18.469,2.94,2023-12-30 05:15:00,2023-12-30 02:07:15.541
1.223013898,9629249,Ryan Peniston,Ry Peniston v Cressy,60,2023-12-30 05:40:34.517,2.42,2023-12-30 05:45:00,2023-12-30 02:07:15.541
1.223013898,9629249,Ryan Peniston,Ry Peniston v Cressy,70,2023-12-30 06:00:21.122,4.4,2023-12-30 06:15:00,2023-12-30 02:07:15.541
1.223013898,9629249,Ryan Peniston,Ry Peniston v Cressy,80,2023-12-30 06:15:20.927,3.5,2023-12-30 06:30:00,2023-12-30 02:07:15.541
1.223013898,9629249,Ryan Peniston,Ry Peniston v Cressy,90,2023-12-30 06:28:20.757,26.0,2023-12-30 06:45:00,2023-12-30 02:07:15.541
1.223013898,9629249,Ryan Peniston,Ry Peniston v Cressy,100,2023-12-30 06:42:20.658,34.0,2023-12-30 06:45:00,2023-12-30 02:07:15.541
1.223013898,11510005,Maxime Cressy,Ry Peniston v Cressy,0,2023-12-29 21:24:16.011,1.6,2023-12-30 01:00:00,
1.223013898,11510005,Maxime Cressy,Ry Peniston v Cressy,10,2023-12-30 00:54:21.284,1.67,2023-12-30 01:00:00,
1.223013898,11510005,Maxime Cressy,Ry Peniston v Cressy,20,2023-12-30 03:02:11.952,1.22,2023-12-30 03:15:00,2023-12-30 02:07:15.541
1.223013898,11510005,Maxime Cressy,Ry Peniston v Cressy,30,2023-12-30 03:26:22.632,1.6,2023-12-30 03:30:00,2023-12-30 02:07:15.541
1.223013898,11510005,Maxime Cressy,Ry Peniston v Cressy,40,2023-12-30 04:08:16.735,1.3,2023-12-30 04:15:00,2023-12-30 02:07:15.541
1.223013898,11510005,Maxime Cressy,Ry Peniston v Cressy,50,2023-12-30 04:42:19.664,1.58,2023-12-30 05:00:00,2023-12-30 02:07:15.541
1.223013898,11510005,Maxime Cressy,Ry Peniston v Cressy,60,2023-12-30 05:08:20.364,1.42,2023-12-30 05:15:00,2023-12-30 02:07:15.541
1.223013898,11510005,Maxime Cressy,Ry Peniston v Cressy,70,2023-12-30 05:47:18.398,1.37,2023-12-30 06:00:00,2023-12-30 02:07:15.541
1.223013898,11510005,Maxime Cressy,Ry Peniston v Cressy,80,2023-12-30 06:05:22.037,1.23,2023-12-30 06:15:00,2023-12-30 02:07:15.541
1.223013898,11510005,Maxime Cressy,Ry Peniston v Cressy,90,2023-12-30 06:24:22.540,1.19,2023-12-30 06:30:00,2023-12-30 02:07:15.541
1.223013898,11510005,Maxime Cressy,Ry Peniston v Cressy,100,2023-12-30 06:43:06.632,1.01,2023-12-30 07:00:00,2023-12-30 02:07:15.541
1.223013904,8736474,Diego Schwartzman,Ja Bradshaw v D Schwartzman,0,2023-12-29 23:23:53.104,1.14,2023-12-30 05:00:00,
1.223013904,8736474,Diego Schwartzman,Ja Bradshaw v D Schwartzman,10,2023-12-30 04:04:36.185,1.07,2023-12-30 08:15:00,
1.223013904,8736474,Diego Schwartzman,Ja Bradshaw v D Schwartzman,20,2023-12-30 07:13:55.902,1.07,2023-12-30 09:28:00,2023-12-30 07:13:00.767
1.223013904,8736474,Diego Schwartzman,Ja Bradshaw v D Schwartzman,30,2023-12-30 07:18:52.787,1.08,2023-12-30 09:28:00,2023-12-30 07:13:00.767
1.223013904,8736474,Diego Schwartzman,Ja Bradshaw v D Schwartzman,40,2023-12-30 07:26:25.809,1.07,2023-12-30 09:28:00,2023-12-30 07:13:00.767
1.223013904,8736474,Diego Schwartzman,Ja Bradshaw v D Schwartzman,50,2023-12-30 07:29:52.128,1.03,2023-12-30 09:43:00,2023-12-30 07:13:00.767
1.223013904,8736474,Diego Schwartzman,Ja Bradshaw v D Schwartzman,60,2023-12-30 07:36:58.533,1.02,2023-12-30 09:43:00,2023-12-30 07:13:00.767
1.223013904,8736474,Diego Schwartzman,Ja Bradshaw v D Schwartzman,70,2023-12-30 07:40:02.739,1.02,2023-12-30 09:43:00,2023-12-30 07:13:00.767
1.223013904,8736474,Diego Schwartzman,Ja Bradshaw v D Schwartzman,80,2023-12-30 08:23:02.275,1.02,2023-12-30 08:37:00,2023-12-30 07:13:00.767
1.223013904,8736474,Diego Schwartzman,Ja Bradshaw v D Schwartzman,90,2023-12-30 08:27:01.769,1.02,2023-12-30 08:37:00,2023-12-30 07:13:00.767
1.223013904,8736474,Diego Schwartzman,Ja Bradshaw v D Schwartzman,100,2023-12-30 08:33:52.551,1.01,2023-12-30 08:37:00,2023-12-30 07:13:00.767
1.223014016,5829494,Alessandro Giannessi,Al Michelsen v Giannessi,0,2023-12-30 01:03:05.595,5.0,2023-12-30 05:15:00,
1.223014016,5829494,Alessandro Giannessi,Al Michelsen v Giannessi,10,2023-12-30 06:05:39.486,7.2,2023-12-30 10:15:00,
1.223014016,5829494,Alessandro Giannessi,Al Michelsen v Giannessi,20,2023-12-30 07:54:25.855,6.0,2023-12-30 12:00:00,
1.223014016,5829494,Alessandro Giannessi,Al Michelsen v Giannessi,30,2023-12-30 07:58:26.387,9.8,2023-12-30 12:15:00,
1.223014016,5829494,Alessandro Giannessi,Al Michelsen v Giannessi,40,2023-12-30 08:15:22.342,12.5,2023-12-30 12:30:00,
1.223014016,5829494,Alessandro Giannessi,Al Michelsen v Giannessi,50,2023-12-30 08:40:28.433,11.0,2023-12-30 12:45:00,2023-12-30 08:36:29.199
1.223014016,5829494,Alessandro Giannessi,Al Michelsen v Giannessi,60,2023-12-30 08:44:27.035,8.6,2023-12-30 13:00:00,2023-12-30 08:36:29.199
1.223014016,5829494,Alessandro Giannessi,Al Michelsen v Giannessi,70,2023-12-30 08:47:27.585,15.0,2023-12-30 13:00:00,2023-12-30 08:36:29.199
1.223014016,5829494,Alessandro Giannessi,Al Michelsen v Giannessi,80,2023-12-30 08:53:26.206,21.0,2023-12-30 13:00:00,2023-12-30 08:36:29.199
1.223014016,5829494,Alessandro Giannessi,Al Michelsen v Giannessi,90,2023-12-30 09:16:17.937,50.0,2023-12-30 13:30:00,2023-12-30 08:36:29.199
1.223014016,5829494,Alessandro Giannessi,Al Michelsen v Giannessi,100,2023-12-30 09:39:29.142,1000.0,2023-12-30 13:45:00,2023-12-30 08:36:29.199
1.223014016,38374924,Alex Michelsen,Al Michelsen v Giannessi,0,2023-12-30 01:03:05.595,1.25,2023-12-30 05:15:00,
1.223014016,38374924,Alex Michelsen,Al Michelsen v Giannessi,10,2023-12-30 07:54:25.855,1.2,2023-12-30 12:00:00,
1.223014016,38374924,Alex Michelsen,Al Michelsen v Giannessi,20,2023-12-30 08:24:24.391,1.12,2023-12-30 12:30:00,
1.223014016,38374924,Alex Michelsen,Al Michelsen v Giannessi,30,2023-12-30 08:40:28.433,1.1,2023-12-30 12:45:00,2023-12-30 08:36:29.199
1.223014016,38374924,Alex Michelsen,Al Michelsen v Giannessi,40,2023-12-30 08:43:29.819,1.1,2023-12-30 13:00:00,2023-12-30 08:36:29.199
1.223014016,38374924,Alex Michelsen,Al Michelsen v Giannessi,50,2023-12-30 08:48:29.978,1.05,2023-12-30 13:00:00,2023-12-30 08:36:29.199
1.223014016,38374924,Alex Michelsen,Al Michelsen v Giannessi,60,2023-12-30 08:53:26.206,1.05,2023-12-30 13:00:00,2023-12-30 08:36:29.199
1.223014016,38374924,Alex Michelsen,Al Michelsen v Giannessi,70,2023-12-30 09:02:09.699,1.04,2023-12-30 13:15:00,2023-12-30 08:36:29.199
1.223014016,38374924,Alex Michelsen,Al Michelsen v Giannessi,80,2023-12-30 09:09:10.004,1.03,2023-12-30 13:15:00,2023-12-30 08:36:29.199
1.223014016,38374924,Alex Michelsen,Al Michelsen v Giannessi,90,2023-12-30 09:15:17.616,1.02,2023-12-30 13:30:00,2023-12-30 08:36:29.199
1.223014016,38374924,Alex Michelsen,Al Michelsen v Giannessi,100,2023-12-30 09:22:22.603,1.01,2023-12-30 13:30:00,2023-12-30 08:36:29.199
1.223014042,7335917,Omar Jasika,Jasika v Zeppieri,0,2023-12-29 22:10:52.855,4.0,2023-12-30 03:00:00,
1.223014042,7335917,Omar Jasika,Jasika v Zeppieri,10,2023-12-30 02:54:50.631,2.88,2023-12-30 05:00:00,
1.223014042,7335917,Omar Jasika,Jasika v Zeppieri,20,2023-12-30 05:33:57.363,3.6,2023-12-30 07:45:00,
1.223014042,7335917,Omar Jasika,Jasika v Zeppieri,30,2023-12-30 06:35:56.637,3.4,2023-12-30 08:45:00,
1.223014042,7335917,Omar Jasika,Jasika v Zeppieri,40,2023-12-30 07:04:54.413,2.0,2023-12-30 09:15:00,2023-12-30 06:55:55.081
1.223014042,7335917,Omar Jasika,Jasika v Zeppieri,50,2023-12-30 07:17:57.446,1.65,2023-12-30 09:30:00,2023-12-30 06:55:55.081
1.223014042,7335917,Omar Jasika,Jasika v Zeppieri,60,2023-12-30 07:28:59.983,1.84,2023-12-30 09:45:00,2023-12-30 06:55:55.081
1.223014042,7335917,Omar Jasika,Jasika v Zeppieri,70,2023-12-30 07:37:59.383,1.95,2023-12-30 09:45:00,2023-12-30 06:55:55.081
1.223014042,7335917,Omar Jasika,Jasika v Zeppieri,80,2023-12-30 07:46:58.737,4.0,2023-12-30 10:00:00,2023-12-30 06:55:55.081
1.223014042,7335917,Omar Jasika,Jasika v Zeppieri,90,2023-12-30 08:04:59.375,4.4,2023-12-30 10:15:00,2023-12-30 06:55:55.081
1.223014042,7335917,Omar Jasika,Jasika v Zeppieri,100,2023-12-30 08:30:58.772,100.0,2023-12-30 08:37:00,2023-12-30 06:55:55.081
1.223014042,12154088,Giulio Zeppieri,Jasika v Zeppieri,0,2023-12-29 22:10:52.855,1.21,2023-12-30 03:00:00,
1.223014042,12154088,Giulio Zeppieri,Jasika v Zeppieri,10,2023-12-30 04:54:39.265,2.1,2023-12-30 07:00:00,
1.223014042,12154088,Giulio Zeppieri,Jasika v Zeppieri,20,2023-12-30 05:51:59.433,1.5,2023-12-30 08:00:00,
1.223014042,12154088,Giulio Zeppieri,Jasika v Zeppieri,30,2023-12-30 06:55:55.081,1.7,2023-12-30 09:00:00,2023-12-30 06:55:55.081
1.223014042,12154088,Giulio Zeppieri,Jasika v Zeppieri,40,2023-12-30 07:05:59.585,1.67,2023-12-30 09:15:00,2023-12-30 06:55:55.081
1.223014042,12154088,Giulio Zeppieri,Jasika v Zeppieri,50,2023-12-30 07:19:58.574,2.58,2023-12-30 09:30:00,2023-12-30 06:55:55.081
1.223014042,12154088,Giulio Zeppieri,Jasika v Zeppieri,60,2023-12-30 07:35:00.166,3.2,2023-12-30 09:45:00,2023-12-30 06:55:55.081
1.223014042,12154088,Giulio Zeppieri,Jasika v Zeppieri,70,2023-12-30 07:44:57.990,1.25,2023-12-30 10:00:00,2023-12-30 06:55:55.081
1.223014042,12154088,Giulio Zeppieri,Jasika v Zeppieri,80,2023-12-30 07:57:57.787,1.14,2023-12-30 10:00:00,2023-12-30 06:55:55.081
1.223014042,12154088,Giulio Zeppieri,Jasika v Zeppieri,90,2023-12-30 08:12:59.844,1.33,2023-12-30 10:15:00,2023-12-30 06:55:55.081
1.223014042,12154088,Giulio Zeppieri,Jasika v Zeppieri,100,2023-12-30 08:30:58.772,1.01,2023-12-30 08:37:00,2023-12-30 06:55:55.081
1.223014154,8842295,Gregoire Barrere,Barrere v Sweeny,0,2023-12-29 16:36:18.732,1.52,2023-12-30 07:00:00,
1.223014154,8842295,Gregoire Barrere,Barrere v Sweeny,10,2023-12-30 04:28:20.432,1.36,2023-12-30 08:43:00,
1.223014154,8842295,Gregoire Barrere,Barrere v Sweeny,20,2023-12-30 08:50:18.632,1.42,2023-12-30 10:52:00,2023-12-30 08:43:18.891
1.223014154,8842295,Gregoire Barrere,Barrere v Sweeny,30,2023-12-30 08:57:20.945,1.15,2023-12-30 11:07:00,2023-12-30 08:43:18.891
1.223014154,8842295,Gregoire Barrere,Barrere v Sweeny,40,2023-12-30 09:01:17.917,1.26,2023-12-30 11:07:00,2023-12-30 08:43:18.891
1.223014154,8842295,Gregoire Barrere,Barrere v Sweeny,50,2023-12-30 09:05:18.485,1.1,2023-12-30 11:07:00,2023-12-30 08:43:18.891
1.223014154,8842295,Gregoire Barrere,Barrere v Sweeny,60,2023-12-30 09:10:14.162,1.22,2023-12-30 11:22:00,2023-12-30 08:43:18.891
1.223014154,8842295,Gregoire Barrere,Barrere v Sweeny,70,2023-12-30 09:15:19.055,1.19,2023-12-30 11:22:00,2023-12-30 08:43:18.891
1.223014154,8842295,Gregoire Barrere,Barrere v Sweeny,80,2023-12-30 09:23:20.481,1.05,2023-12-30 09:33:00,2023-12-30 08:43:18.891
1.223014154,8842295,Gregoire Barrere,Barrere v Sweeny,90,2023-12-30 09:28:12.109,1.04,2023-12-30 09:33:00,2023-12-30 08:43:18.891
1.223014154,8842295,Gregoire Barrere,Barrere v Sweeny,100,2023-12-30 09:35:16.662,1.01,2023-12-30 09:48:00,2023-12-30 08:43:18.891
1.223014154,17980077,Dane Sweeny,Barrere v Sweeny,0,2023-12-29 16:36:18.732,2.9,2023-12-30 07:00:00,
1.223014154,17980077,Dane Sweeny,Barrere v Sweeny,10,2023-12-30 01:06:40.495,3.55,2023-12-30 07:15:00,
1.223014154,17980077,Dane Sweeny,Barrere v Sweeny,20,2023-12-30 07:26:16.901,3.6,2023-12-30 11:28:00,
1.223014154,17980077,Dane Sweeny,Barrere v Sweeny,30,2023-12-30 08:51:13.924,4.4,2023-12-30 10:52:00,2023-12-30 08:43:18.891
1.223014154,17980077,Dane Sweeny,Barrere v Sweeny,40,2023-12-30 08:56:13.575,4.1,2023-12-30 11:07:00,2023-12-30 08:43:18.891
1.223014154,17980077,Dane Sweeny,Barrere v Sweeny,50,2023-12-30 09:03:19.242,13.5,2023-12-30 11:07:00,2023-12-30 08:43:18.891
1.223014154,17980077,Dane Sweeny,Barrere v Sweeny,60,2023-12-30 09:08:18.493,5.8,2023-12-30 11:22:00,2023-12-30 08:43:18.891
1.223014154,17980077,Dane Sweeny,Barrere v Sweeny,70,2023-12-30 09:13:17.226,10.0,2023-12-30 11:22:00,2023-12-30 08:43:18.891
1.223014154,17980077,Dane Sweeny,Barrere v Sweeny,80,2023-12-30 09:23:20.481,13.5,2023-12-30 09:33:00,2023-12-30 08:43:18.891
1.223014154,17980077,Dane Sweeny,Barrere v Sweeny,90,2023-12-30 09:28:12.109,24.0,2023-12-30 09:33:00,2023-12-30 08:43:18.891
1.223014154,17980077,Dane Sweeny,Barrere v Sweeny,100,2023-12-30 09:33:14.273,50.0,2023-12-30 09:48:00,2023-12-30 08:43:18.891
1.22301417,7287690,Quentin Halys,Halys v L Klein,0,2023-12-29 17:45:29.816,1.56,2023-12-30 01:00:00,
1.22301417,7287690,Quentin Halys,Halys v L Klein,10,2023-12-29 22:04:49.028,1.52,2023-12-30 01:00:00,
1.22301417,7287690,Quentin Halys,Halys v L Klein,20,2023-12-29 22:50:07.933,1.53,2023-12-30 01:00:00,
1.22301417,7287690,Quentin Halys,Halys v L Klein,30,2023-12-30 02:08:50.103,1.26,2023-12-30 02:15:00,2023-12-30 01:58:28.792
1.22301417,7287690,Quentin Halys,Halys v L Klein,40,2023-12-30 02:57:53.273,1.98,2023-12-30 03:00:00,2023-12-30 01:58:28.792
1.22301417,7287690,Quentin Halys,Halys v L Klein,50,2023-12-30 03:35:43.248,2.3,2023-12-30 03:45:00,2023-12-30 01:58:28.792
1.22301417,7287690,Quentin Halys,Halys v L Klein,60,2023-12-30 04:43:49.811,1.95,2023-12-30 05:00:00,2023-12-30 01:58:28.792
1.22301417,7287690,Quentin Halys,Halys v L Klein,70,2023-12-30 05:24:52.508,1.6,2023-12-30 05:30:00,2023-12-30 01:58:28.792
1.22301417,7287690,Quentin Halys,Halys v L Klein,80,2023-12-30 05:37:48.747,2.26,2023-12-30 05:45:00,2023-12-30 01:58:28.792
1.22301417,7287690,Quentin Halys,Halys v L Klein,90,2023-12-30 05:57:56.631,1.91,2023-12-30 06:00:00,2023-12-30 01:58:28.792
1.22301417,7287690,Quentin Halys,Halys v L Klein,100,2023-12-30 06:11:00.010,50.0,2023-12-30 06:15:00,2023-12-30 01:58:28.792
1.22301417,9635456,Lukas Klein,Halys v L Klein,0,2023-12-29 16:45:50.455,2.76,2023-12-30 01:00:00,
1.22301417,9635456,Lukas Klein,Halys v L Klein,10,2023-12-30 00:48:21.004,2.9,2023-12-30 01:00:00,
1.22301417,9635456,Lukas Klein,Halys v L Klein,20,2023-12-30 02:37:00.453,1.52,2023-12-30 02:45:00,2023-12-30 01:58:28.792
1.22301417,9635456,Lukas Klein,Halys v L Klein,30,2023-12-30 03:07:49.987,1.79,2023-12-30 03:15:00,2023-12-30 01:58:28.792
1.22301417,9635456,Lukas Klein,Halys v L Klein,40,2023-12-30 03:54:50.327,1.75,2023-12-30 04:00:00,2023-12-30 01:58:28.792
1.22301417,9635456,Lukas Klein,Halys v L Klein,50,2023-12-30 04:32:47.046,5.0,2023-12-30 05:00:00,2023-12-30 01:58:28.792
1.22301417,9635456,Lukas Klein,Halys v L Klein,60,2023-12-30 05:06:54.955,1.49,2023-12-30 05:15:00,2023-12-30 01:58:28.792
1.22301417,9635456,Lukas Klein,Halys v L Klein,70,2023-12-30 05:22:59.896,1.84,2023-12-30 05:30:00,2023-12-30 01:58:28.792
1.22301417,9635456,Lukas Klein,Halys v L Klein,80,2023-12-30 05:37:48.747,1.79,2023-12-30 05:45:00,2023-12-30 01:58:28.792
1.22301417,9635456,Lukas Klein,Halys v L Klein,90,2023-12-30 05:55:50.701,2.14,2023-12-30 06:00:00,2023-12-30 01:58:28.792
1.22301417,9635456,Lukas Klein,Halys v L Klein,100,2023-12-30 06:11:00.010,1.01,2023-12-30 06:15:00,2023-12-30 01:58:28.792
1.223014179,9632237,Blake Ellis,Machac v Bla Ellis,0,2023-12-29 22:16:53.151,11.0,2023-12-30 01:00:00,
1.223014179,9632237,Blake Ellis,Machac v Bla Ellis,10,2023-12-30 01:44:11.363,4.0,2023-12-30 02:00:00,2023-12-30 01:31:11.885
1.223014179,9632237,Blake Ellis,Machac v Bla Ellis,20,2023-12-30 01:47:07.235,3.3,2023-12-30 02:00:00,2023-12-30 01:31:11.885
1.223014179,9632237,Blake Ellis,Machac v Bla Ellis,30,2023-12-30 01:57:08.815,8.0,2023-12-30 02:00:00,2023-12-30 01:31:11.885
1.223014179,9632237,Blake Ellis,Machac v Bla Ellis,40,2023-12-30 02:06:36.915,11.0,2023-12-30 02:15:00,2023-12-30 01:31:11.885
1.223014179,9632237,Blake Ellis,Machac v Bla Ellis,50,2023-12-30 02:28:05.024,18.0,2023-12-30 02:45:00,2023-12-30 01:31:11.885
1.223014179,9632237,Blake Ellis,Machac v Bla Ellis,60,2023-12-30 02:36:08.592,9.2,2023-12-30 02:45:00,2023-12-30 01:31:11.885
1.223014179,9632237,Blake Ellis,Machac v Bla Ellis,70,2023-12-30 02:51:12.611,3.0,2023-12-30 03:00:00,2023-12-30 01:31:11.885
1.223014179,9632237,Blake Ellis,Machac v Bla Ellis,80,2023-12-30 02:54:04.653,6.0,2023-12-30 03:00:00,2023-12-30 01:31:11.885
1.223014179,9632237,Blake Ellis,Machac v Bla Ellis,90,2023-12-30 02:58:12.998,6.4,2023-12-30 03:15:00,2023-12-30 01:31:11.885
1.223014179,9632237,Blake Ellis,Machac v Bla Ellis,100,2023-12-30 03:06:59.057,100.0,2023-12-30 03:15:00,2023-12-30 01:31:11.885
1.223014179,16149495,Tomas Machac,Machac v Bla Ellis,0,2023-12-29 21:57:36.795,1.1,2023-12-30 01:00:00,
1.223014179,16149495,Tomas Machac,Machac v Bla Ellis,10,2023-12-30 00:00:05.275,1.06,2023-12-30 01:00:00,
1.223014179,16149495,Tomas Machac,Machac v Bla Ellis,20,2023-12-30 01:44:11.363,1.33,2023-12-30 02:00:00,2023-12-30 01:31:11.885
1.223014179,16149495,Tomas Machac,Machac v Bla Ellis,30,2023-12-30 01:50:10.935,1.41,2023-12-30 02:00:00,2023-12-30 01:31:11.885
1.223014179,16149495,Tomas Machac,Machac v Bla Ellis,40,2023-12-30 01:57:08.815,1.14,2023-12-30 02:00:00,2023-12-30 01:31:11.885
1.223014179,16149495,Tomas Machac,Machac v Bla Ellis,50,2023-12-30 02:08:09.319,1.1,2023-12-30 02:15:00,2023-12-30 01:31:11.885
1.223014179,16149495,Tomas Machac,Machac v Bla Ellis,60,2023-12-30 02:26:10.991,1.05,2023-12-30 02:30:00,2023-12-30 01:31:11.885
1.223014179,16149495,Tomas Machac,Machac v Bla Ellis,70,2023-12-30 02:47:11.845,1.11,2023-12-30 03:00:00,2023-12-30 01:31:11.885
1.223014179,16149495,Tomas Machac,Machac v Bla Ellis,80,2023-12-30 02:53:13.149,1.27,2023-12-30 03:00:00,2023-12-30 01:31:11.885
1.223014179,16149495,Tomas Machac,Machac v Bla Ellis,90,2023-12-30 03:00:12.885,1.19,2023-12-30 03:15:00,2023-12-30 01:31:11.885
1.223014179,16149495,Tomas Machac,Machac v Bla Ellis,100,2023-12-30 03:05:05.182,1.01,2023-12-30 03:15:00,2023-12-30 01:31:11.885
1.223015494,7283310,Aliaksandra Sasnovich,A Sasnovich v Zeyn Sonmez,0,2023-12-29 20:18:10.074,1.21,2023-12-30 04:00:00,
1.223015494,7283310,Aliaksandra Sasnovich,A Sasnovich v Zeyn Sonmez,10,2023-12-29 20:22:54.813,1.19,2023-12-30 04:00:00,
1.223015494,7283310,Aliaksandra Sasnovich,A Sasnovich v Zeyn Sonmez,20,2023-12-30 01:19:45.695,1.19,2023-12-30 04:00:00,
1.223015494,7283310,Aliaksandra Sasnovich,A Sasnovich v Zeyn Sonmez,30,2023-12-30 02:50:34.448,1.16,2023-12-30 04:00:00,
1.223015494,7283310,Aliaksandra Sasnovich,A Sasnovich v Zeyn Sonmez,40,2023-12-30 03:36:44.590,1.18,2023-12-30 04:00:00,
1.223015494,7283310,Aliaksandra Sasnovich,A Sasnovich v Zeyn Sonmez,50,2023-12-30 05:37:44.436,1.17,2023-12-30 06:00:00,
1.223015494,7283310,Aliaksandra Sasnovich,A Sasnovich v Zeyn Sonmez,60,2023-12-30 06:11:50.415,1.17,2023-12-30 06:30:00,
1.223015494,7283310,Aliaksandra Sasnovich,A Sasnovich v Zeyn Sonmez,70,2023-12-30 06:30:39.425,1.16,2023-12-30 07:00:00,
1.223015494,7283310,Aliaksandra Sasnovich,A Sasnovich v Zeyn Sonmez,80,2023-12-30 06:36:02.771,1.16,2023-12-30 06:45:00,
1.223015494,7283310,Aliaksandra Sasnovich,A Sasnovich v Zeyn Sonmez,90,2023-12-30 07:11:48.665,1.17,2023-12-30 07:15:00,
1.223015494,7283310,Aliaksandra Sasnovich,A Sasnovich v Zeyn Sonmez,100,2023-12-30 07:34:20.940,1.19,2023-12-30 07:35:00,
1.223015494,12177911,Zeynep Sonmez,A Sasnovich v Zeyn Sonmez,0,2023-12-29 20:45:28.319,6.4,2023-12-30 04:00:00,
1.223015494,12177911,Zeynep Sonmez,A Sasnovich v Zeyn Sonmez,10,2023-12-29 22:25:21.457,7.0,2023-12-30 04:00:00,
1.223015494,12177911,Zeynep Sonmez,A Sasnovich v Zeyn Sonmez,20,2023-12-30 03:36:44.590,7.2,2023-12-30 04:00:00,
1.223015494,12177911,Zeynep Sonmez,A Sasnovich v Zeyn Sonmez,30,2023-12-30 03:37:50.142,6.8,2023-12-30 04:00:00,
1.223015494,12177911,Zeynep Sonmez,A Sasnovich v Zeyn Sonmez,40,2023-12-30 05:39:10.449,6.8,2023-12-30 06:00:00,
1.223015494,12177911,Zeynep Sonmez,A Sasnovich v Zeyn Sonmez,50,2023-12-30 06:09:15.491,6.8,2023-12-30 06:30:00,
1.223015494,12177911,Zeynep Sonmez,A Sasnovich v Zeyn Sonmez,60,2023-12-30 06:36:02.771,7.2,2023-12-30 06:45:00,
1.223015494,12177911,Zeynep Sonmez,A Sasnovich v Zeyn Sonmez,70,2023-12-30 07:11:48.665,6.8,2023-12-30 07:15:00,
1.223015494,12177911,Zeynep Sonmez,A Sasnovich v Zeyn Sonmez,80,2023-12-30 07:13:12.199,7.2,2023-12-30 07:15:00,
1.223015494,12177911,Zeynep Sonmez,A Sasnovich v Zeyn Sonmez,90,2023-12-30 07:22:25.242,6.8,2023-12-30 07:25:00,
1.223015494,12177911,Zeynep Sonmez,A Sasnovich v Zeyn Sonmez,100,2023-12-30 07:34:20.940,6.4,2023-12-30 07:35:00,
1.2230196,9634670,Dayana Yastremska,D Yastremska v Starodubtsewa,0,2023-12-29 22:26:09.155,1.5,2023-12-30 04:00:00,
1.2230196,9634670,Dayana Yastremska,D Yastremska v Starodubtsewa,10,2023-12-30 01:05:54.151,1.48,2023-12-30 04:00:00,
1.2230196,9634670,Dayana Yastremska,D Yastremska v Starodubtsewa,20,2023-12-30 03:15:26.071,1.48,2023-12-30 04:00:00,
1.2230196,9634670,Dayana Yastremska,D Yastremska v Starodubtsewa,30,2023-12-30 04:33:09.888,1.18,2023-12-30 04:45:00,
1.2230196,9634670,Dayana Yastremska,D Yastremska v Starodubtsewa,40,2023-12-30 04:37:09.875,1.46,2023-12-30 04:45:00,
1.2230196,9634670,Dayana Yastremska,D Yastremska v Starodubtsewa,50,2023-12-30 04:41:09.790,1.2,2023-12-30 04:45:00,
1.2230196,9634670,Dayana Yastremska,D Yastremska v Starodubtsewa,60,2023-12-30 04:44:03.741,1.46,2023-12-30 04:45:00,
1.2230196,9634670,Dayana Yastremska,D Yastremska v Starodubtsewa,70,2023-12-30 05:04:05.438,1.47,2023-12-30 05:20:00,
1.2230196,9634670,Dayana Yastremska,D Yastremska v Starodubtsewa,80,2023-12-30 05:54:02.063,1.56,2023-12-30 06:00:00,2023-12-30 05:50:51.887
1.2230196,9634670,Dayana Yastremska,D Yastremska v Starodubtsewa,90,2023-12-30 05:55:51.588,1.85,2023-12-30 06:00:00,2023-12-30 05:50:51.887
1.2230196,9634670,Dayana Yastremska,D Yastremska v Starodubtsewa,100,2023-12-30 05:59:03.114,1.87,2023-12-30 06:00:00,2023-12-30 05:50:51.887
1.223025732,64367046,Haddad Maia / Melo,Swiatek / Hurkacz v Haddad Maia / Melo,0,2023-12-30 08:33:39.002,1.3,2023-12-30 13:00:00,
1.223025732,64367046,Haddad Maia / Melo,Swiatek / Hurkacz v Haddad Maia / Melo,10,2023-12-30 08:40:31.653,1.31,2023-12-30 13:00:00,
1.223025732,64367046,Haddad Maia / Melo,Swiatek / Hurkacz v Haddad Maia / Melo,20,2023-12-30 09:03:55.124,34.0,2023-12-30 12:52:00,
1.223025732,64367046,Haddad Maia / Melo,Swiatek / Hurkacz v Haddad Maia / Melo,30,2023-12-30 12:24:46.460,3.05,2023-12-30 12:31:00,
1.223025732,64367046,Haddad Maia / Melo,Swiatek / Hurkacz v Haddad Maia / Melo,40,2023-12-30 12:55:22.449,3.5,2023-12-30 13:01:00,
1.223025732,64367046,Haddad Maia / Melo,Swiatek / Hurkacz v Haddad Maia / Melo,50,2023-12-30 13:19:08.007,3.15,2023-12-30 13:43:02,
1.223025732,64367046,Haddad Maia / Melo,Swiatek / Hurkacz v Haddad Maia / Melo,60,2023-12-30 13:39:01.901,3.6,2023-12-30 13:43:02,
1.223025732,64367046,Haddad Maia / Melo,Swiatek / Hurkacz v Haddad Maia / Melo,70,2023-12-30 13:42:39.959,4.4,2023-12-30 13:56:17,
1.223025732,64367046,Haddad Maia / Melo,Swiatek / Hurkacz v Haddad Maia / Melo,80,2023-12-30 13:43:28.666,3.75,2023-12-30 13:56:17,
1.223025732,64367046,Haddad Maia / Melo,Swiatek / Hurkacz v Haddad Maia / Melo,90,2023-12-30 13:44:19.123,3.8,2023-12-30 13:52:16,
1.223025732,64367046,Haddad Maia / Melo,Swiatek / Hurkacz v Haddad Maia / Melo,100,2023-12-30 13:47:35.447,3.6,2023-12-30 13:52:16,2023-12-30 13:47:35.447
1.223025732,64401693,Swiatek / Hurkacz,Swiatek / Hurkacz v Haddad Maia / Melo,0,2023-12-30 08:19:55.238,1.05,2023-12-30 13:00:00,
1.223025732,64401693,Swiatek / Hurkacz,Swiatek / Hurkacz v Haddad Maia / Melo,10,2023-12-30 08:35:40.076,1.05,2023-12-30 13:00:00,
1.223025732,64401693,Swiatek / Hurkacz,Swiatek / Hurkacz v Haddad Maia / Melo,20,2023-12-30 09:20:07.667,1.05,2023-12-30 12:52:00,
1.223025732,64401693,Swiatek / Hurkacz,Swiatek / Hurkacz v Haddad Maia / Melo,30,2023-12-30 11:07:19.004,1.38,2023-12-30 12:31:00,
1.223025732,64401693,Swiatek / Hurkacz,Swiatek / Hurkacz v Haddad Maia / Melo,40,2023-12-30 11:14:58.356,1.39,2023-12-30 12:31:00,
1.223025732,64401693,Swiatek / Hurkacz,Swiatek / Hurkacz v Haddad Maia / Melo,50,2023-12-30 12:32:02.707,1.48,2023-12-30 12:46:00,
1.223025732,64401693,Swiatek / Hurkacz,Swiatek / Hurkacz v Haddad Maia / Melo,60,2023-12-30 13:12:32.317,1.39,2023-12-30 13:15:00,
1.223025732,64401693,Swiatek / Hurkacz,Swiatek / Hurkacz v Haddad Maia / Melo,70,2023-12-30 13:18:05.307,1.46,2023-12-30 13:43:02,
1.223025732,64401693,Swiatek / Hurkacz,Swiatek / Hurkacz v Haddad Maia / Melo,80,2023-12-30 13:36:25.927,1.39,2023-12-30 13:43:02,
1.223025732,64401693,Swiatek / Hurkacz,Swiatek / Hurkacz v Haddad Maia / Melo,90,2023-12-30 13:41:28.852,1.3,2023-12-30 13:56:17,
1.223025732,64401693,Swiatek / Hurkacz,Swiatek / Hurkacz v Haddad Maia / Melo,100,2023-12-30 13:47:35.447,1.38,2023-12-30 13:52:16,2023-12-30 13:47:35.447
1.22303339,9629258,Cristina Bucsa,Bucsa v Minnen,0,2023-12-30 15:47:06.457,1.82,2023-12-31 05:30:00,
1.22303339,9629258,Cristina Bucsa,Bucsa v Minnen,10,2023-12-30 16:33:20.475,1.85,2023-12-31 05:30:00,
1.22303339,9629258,Cristina Bucsa,Bucsa v Minnen,20,2023-12-30 16:36:30.537,1.93,2023-12-31 05:30:00,
1.22303339,9629258,Cristina Bucsa,Bucsa v Minnen,30,2023-12-30 18:36:41.168,1.93,2023-12-31 05:30:00,
1.22303339,9629258,Cristina Bucsa,Bucsa v Minnen,40,2023-12-30 19:11:53.038,1.87,2023-12-31 05:30:00,
1.22303339,9629258,Cristina Bucsa,Bucsa v Minnen,50,2023-12-30 21:37:26.741,1.86,2023-12-31 05:30:00,
1.22303339,9629258,Cristina Bucsa,Bucsa v Minnen,60,2023-12-30 21:52:21.143,1.86,2023-12-31 05:30:00,
1.22303339,9629258,Cristina Bucsa,Bucsa v Minnen,70,2023-12-30 23:03:30.496,1.85,2023-12-31 05:30:00,
1.22303339,9629258,Cristina Bucsa,Bucsa v Minnen,80,2023-12-31 01:03:20.927,1.88,2023-12-31 05:30:00,
1.22303339,9629258,Cristina Bucsa,Bucsa v Minnen,90,2023-12-31 03:47:28.991,1.87,2023-12-31 05:30:00,
1.22303339,9629258,Cristina Bucsa,Bucsa v Minnen,100,2023-12-31 05:53:34.601,1.84,2023-12-31 05:55:00,
1.22303339,10108736,Greet Minnen,Bucsa v Minnen,0,2023-12-30 16:33:20.475,2.22,2023-12-31 05:30:00,
1.22303339,10108736,Greet Minnen,Bucsa v Minnen,10,2023-12-30 16:49:01.287,2.08,2023-12-31 05:30:00,
1.22303339,10108736,Greet Minnen,Bucsa v Minnen,20,2023-12-30 17:25:34.813,2.24,2023-12-31 05:30:00,
1.22303339,10108736,Greet Minnen,Bucsa v Minnen,30,2023-12-30 18:36:41.168,2.08,2023-12-31 05:30:00,
1.22303339,10108736,Greet Minnen,Bucsa v Minnen,40,2023-12-30 21:37:26.741,2.16,2023-12-31 05:30:00,
1.22303339,10108736,Greet Minnen,Bucsa v Minnen,50,2023-12-30 23:47:55.480,2.12,2023-12-31 05:30:00,
1.22303339,10108736,Greet Minnen,Bucsa v Minnen,60,2023-12-31 04:06:21.882,2.16,2023-12-31 05:30:00,
1.22303339,10108736,Greet Minnen,Bucsa v Minnen,70,2023-12-31 05:28:33.222,2.14,2023-12-31 05:30:00,
1.22303339,10108736,Greet Minnen,Bucsa v Minnen,80,2023-12-31 05:29:34.174,2.16,2023-12-31 05:30:00,
1.22303339,10108736,Greet Minnen,Bucsa v Minnen,90,2023-12-31 05:39:33.781,2.14,2023-12-31 05:45:00,
1.22303339,10108736,Greet Minnen,Bucsa v Minnen,100,2023-12-31 06:37:25.019,2.18,2023-12-31 06:40:00,
1.223033473,11694656,Marta Kostyuk,A Bogdan v M Kostyuk,0,2023-12-30 18:57:29.088,1.64,2023-12-31 00:00:00,
1.223033473,11694656,Marta Kostyuk,A Bogdan v M Kostyuk,10,2023-12-30 19:29:35.346,1.54,2023-12-31 00:00:00,
1.223033473,11694656,Marta Kostyuk,A Bogdan v M Kostyuk,20,2023-12-30 19:46:44.449,1.53,2023-12-31 00:00:00,
1.223033473,11694656,Marta Kostyuk,A Bogdan v M Kostyuk,30,2023-12-30 20:45:25.231,1.54,2023-12-31 00:00:00,
1.223033473,11694656,Marta Kostyuk,A Bogdan v M Kostyuk,40,2023-12-30 23:22:26.967,1.54,2023-12-31 04:00:00,
1.223033473,11694656,Marta Kostyuk,A Bogdan v M Kostyuk,50,2023-12-30 23:59:07.751,1.53,2023-12-31 04:00:00,
1.223033473,11694656,Marta Kostyuk,A Bogdan v M Kostyuk,60,2023-12-31 03:37:36.599,1.55,2023-12-31 04:00:00,
1.223033473,11694656,Marta Kostyuk,A Bogdan v M Kostyuk,70,2023-12-31 03:41:33.295,1.55,2023-12-31 04:00:00,
1.223033473,11694656,Marta Kostyuk,A Bogdan v M Kostyuk,80,2023-12-31 03:50:33.063,1.53,2023-12-31 04:00:00,
1.223033473,11694656,Marta Kostyuk,A Bogdan v M Kostyuk,90,2023-12-31 03:53:32.708,1.55,2023-12-31 04:00:00,
1.223033473,11694656,Marta Kostyuk,A Bogdan v M Kostyuk,100,2023-12-31 03:59:32.723,1.55,2023-12-31 04:00:00,
1.223033834,8907174,Anna Kalinskaya,A Kalinskaya v Pera,0,2023-12-30 13:20:28.607,1.43,2023-12-31 02:00:00,
1.223033834,8907174,Anna Kalinskaya,A Kalinskaya v Pera,10,2023-12-30 15:25:34.170,1.48,2023-12-31 02:00:00,
1.223033834,8907174,Anna Kalinskaya,A Kalinskaya v Pera,20,2023-12-30 21:40:10.325,1.44,2023-12-31 02:00:00,
1.223033834,8907174,Anna Kalinskaya,A Kalinskaya v Pera,30,2023-12-30 23:18:33.931,1.45,2023-12-31 02:00:00,
1.223033834,8907174,Anna Kalinskaya,A Kalinskaya v Pera,40,2023-12-30 23:33:31.877,1.46,2023-12-31 02:00:00,
1.223033834,8907174,Anna Kalinskaya,A Kalinskaya v Pera,50,2023-12-30 23:39:35.579,1.43,2023-12-31 02:00:00,
1.223033834,8907174,Anna Kalinskaya,A Kalinskaya v Pera,60,2023-12-31 00:01:17.651,1.45,2023-12-31 02:00:00,
1.223033834,8907174,Anna Kalinskaya,A Kalinskaya v Pera,70,2023-12-31 00:56:50.800,1.44,2023-12-31 02:00:00,
1.223033834,8907174,Anna Kalinskaya,A Kalinskaya v Pera,80,2023-12-31 01:05:32.796,1.45,2023-12-31 02:00:00,
1.223033834,8907174,Anna Kalinskaya,A Kalinskaya v Pera,90,2023-12-31 01:10:34.147,1.38,2023-12-31 02:00:00,2023-12-31 01:09:26.902
1.223033834,8907174,Anna Kalinskaya,A Kalinskaya v Pera,100,2023-12-31 01:12:33.457,1.4,2023-12-31 02:00:00,2023-12-31 01:09:26.902
1.223034296,15134244,Alexander Shevchenko,Van Assche v Al Shevchenko,0,2023-12-30 16:39:31.228,1.7,2023-12-31 04:00:00,
1.223034296,15134244,Alexander Shevchenko,Van Assche v Al Shevchenko,10,2023-12-30 21:07:51.468,1.91,2023-12-31 04:00:00,
1.223034296,15134244,Alexander Shevchenko,Van Assche v Al Shevchenko,20,2023-12-30 21:56:52.913,1.78,2023-12-31 04:00:00,
1.223034296,15134244,Alexander Shevchenko,Van Assche v Al Shevchenko,30,2023-12-30 23:31:34.009,1.82,2023-12-31 04:00:00,
1.223034296,15134244,Alexander Shevchenko,Van Assche v Al Shevchenko,40,2023-12-31 02:31:01.489,1.82,2023-12-31 04:00:00,
1.223034296,15134244,Alexander Shevchenko,Van Assche v Al Shevchenko,50,2023-12-31 04:39:58.878,1.82,2023-12-31 04:45:00,
1.223034296,15134244,Alexander Shevchenko,Van Assche v Al Shevchenko,60,2023-12-31 05:46:01.197,1.82,2023-12-31 06:00:00,2023-12-31 05:29:34.068
1.223034296,15134244,Alexander Shevchenko,Van Assche v Al Shevchenko,70,2023-12-31 05:58:00.207,1.45,2023-12-31 06:00:00,2023-12-31 05:29:34.068
1.223034296,15134244,Alexander Shevchenko,Van Assche v Al Shevchenko,80,2023-12-31 06:12:01.279,1.27,2023-12-31 06:15:00,2023-12-31 05:29:34.068
1.223034296,15134244,Alexander Shevchenko,Van Assche v Al Shevchenko,90,2023-12-31 06:25:02.033,1.08,2023-12-31 06:30:00,2023-12-31 05:29:34.068
1.223034296,15134244,Alexander Shevchenko,Van Assche v Al Shevchenko,100,2023-12-31 06:44:01.804,1.01,2023-12-31 07:00:00,2023-12-31 05:29:34.068
1.223034296,27752969,Luca Van Assche,Van Assche v Al Shevchenko,0,2023-12-30 16:39:31.228,2.42,2023-12-31 04:00:00,
1.223034296,27752969,Luca Van Assche,Van Assche v Al Shevchenko,10,2023-12-30 21:46:54.173,2.2,2023-12-31 04:00:00,
1.223034296,27752969,Luca Van Assche,Van Assche v Al Shevchenko,20,2023-12-31 00:02:53.425,2.2,2023-12-31 04:00:00,
1.223034296,27752969,Luca Van Assche,Van Assche v Al Shevchenko,30,2023-12-31 02:53:17.858,2.28,2023-12-31 04:00:00,
1.223034296,27752969,Luca Van Assche,Van Assche v Al Shevchenko,40,2023-12-31 04:58:23.535,2.18,2023-12-31 05:15:00,
1.223034296,27752969,Luca Van Assche,Van Assche v Al Shevchenko,50,2023-12-31 05:44:59.043,5.3,2023-12-31 06:00:00,2023-12-31 05:29:34.068
1.223034296,27752969,Luca Van Assche,Van Assche v Al Shevchenko,60,2023-12-31 05:53:56.342,2.06,2023-12-31 06:00:00,2023-12-31 05:29:34.068
1.223034296,27752969,Luca Van Assche,Van Assche v Al Shevchenko,70,2023-12-31 06:06:01.185,3.75,2023-12-31 06:15:00,2023-12-31 05:29:34.068
1.223034296,27752969,Luca Van Assche,Van Assche v Al Shevchenko,80,2023-12-31 06:20:01.246,10.5,2023-12-31 06:30:00,2023-12-31 05:29:34.068
1.223034296,27752969,Luca Van Assche,Van Assche v Al Shevchenko,90,2023-12-31 06:30:00.747,10.0,2023-12-31 06:45:00,2023-12-31 05:29:34.068
1.223034296,27752969,Luca Van Assche,Van Assche v Al Shevchenko,100,2023-12-31 06:54:55.154,300.0,2023-12-31 07:00:00,2023-12-31 05:29:34.068
1.223035005,8942164,Christopher O'Connell,Popyrin v O'Connell,0,2023-12-30 19:40:04.390,2.34,2023-12-31 04:00:00,
1.223035005,8942164,Christopher O'Connell,Popyrin v O'Connell,10,2023-12-31 00:15:55.719,2.26,2023-12-31 04:00:00,
1.223035005,8942164,Christopher O'Connell,Popyrin v O'Connell,20,2023-12-31 04:39:47.769,2.24,2023-12-31 04:45:00,
1.223035005,8942164,Christopher O'Connell,Popyrin v O'Connell,30,2023-12-31 05:23:57.783,2.8,2023-12-31 05:30:00,2023-12-31 04:55:55.234
1.223035005,8942164,Christopher O'Connell,Popyrin v O'Connell,40,2023-12-31 05:59:57.945,3.3,2023-12-31 06:15:00,2023-12-31 04:55:55.234
1.223035005,8942164,Christopher O'Connell,Popyrin v O'Connell,50,2023-12-31 06:27:56.181,2.28,2023-12-31 06:30:00,2023-12-31 04:55:55.234
1.223035005,8942164,Christopher O'Connell,Popyrin v O'Connell,60,2023-12-31 06:47:57.502,3.0,2023-12-31 07:00:00,2023-12-31 04:55:55.234
1.223035005,8942164,Christopher O'Connell,Popyrin v O'Connell,70,2023-12-31 07:08:57.182,2.22,2023-12-31 07:15:00,2023-12-31 04:55:55.234
1.223035005,8942164,Christopher O'Connell,Popyrin v O'Connell,80,2023-12-31 07:28:57.549,1.95,2023-12-31 07:45:00,2023-12-31 04:55:55.234
1.223035005,8942164,Christopher O'Connell,Popyrin v O'Connell,90,2023-12-31 07:47:57.424,2.2,2023-12-31 08:00:00,2023-12-31 04:55:55.234
1.223035005,8942164,Christopher O'Connell,Popyrin v O'Connell,100,2023-12-31 08:05:37.036,100.0,2023-12-31 08:06:00,2023-12-31 04:55:55.234
1.223035005,10706479,Alexei Popyrin,Popyrin v O'Connell,0,2023-12-30 16:23:56.937,1.7,2023-12-31 04:00:00,
1.223035005,10706479,Alexei Popyrin,Popyrin v O'Connell,10,2023-12-31 00:00:34.064,1.81,2023-12-31 04:00:00,
1.223035005,10706479,Alexei Popyrin,Popyrin v O'Connell,20,2023-12-31 04:22:56.958,1.82,2023-12-31 04:30:00,
1.223035005,10706479,Alexei Popyrin,Popyrin v O'Connell,30,2023-12-31 05:15:56.535,1.44,2023-12-31 05:30:00,2023-12-31 04:55:55.234
1.223035005,10706479,Alexei Popyrin,Popyrin v O'Connell,40,2023-12-31 05:41:57.697,1.36,2023-12-31 05:45:00,2023-12-31 04:55:55.234
1.223035005,10706479,Alexei Popyrin,Popyrin v O'Connell,50,2023-12-31 06:15:52.474,1.66,2023-12-31 06:30:00,2023-12-31 04:55:55.234
1.223035005,10706479,Alexei Popyrin,Popyrin v O'Connell,60,2023-12-31 06:37:55.776,1.22,2023-12-31 06:45:00,2023-12-31 04:55:55.234
1.223035005,10706479,Alexei Popyrin,Popyrin v O'Connell,70,2023-12-31 06:58:57.503,1.95,2023-12-31 07:15:00,2023-12-31 04:55:55.234
1.223035005,10706479,Alexei Popyrin,Popyrin v O'Connell,80,2023-12-31 07:22:57.638,2.04,2023-12-31 07:30:00,2023-12-31 04:55:55.234
1.223035005,10706479,Alexei Popyrin,Popyrin v O'Connell,90,2023-12-31 07:43:57.875,2.04,2023-12-31 08:00:00,2023-12-31 04:55:55.234
1.223035005,10706479,Alexei Popyrin,Popyrin v O'Connell,100,2023-12-31 08:04:57.896,1.01,2023-12-31 08:15:00,2023-12-31 04:55:55.234
1.223035266,9202281,Caroline Dolehide,Karolina Schmiedlova v Dolehide,0,2023-12-30 15:49:07.508,1.55,2023-12-31 02:30:00,
1.223035266,9202281,Caroline Dolehide,Karolina Schmiedlova v Dolehide,10,2023-12-30 17:17:49.386,1.54,2023-12-31 02:30:00,
1.223035266,9202281,Caroline Dolehide,Karolina Schmiedlova v Dolehide,20,2023-12-30 19:46:17.398,1.6,2023-12-31 02:30:00,
1.223035266,9202281,Caroline Dolehide,Karolina Schmiedlova v Dolehide,30,2023-12-30 19:58:16.267,1.64,2023-12-31 02:30:00,
1.223035266,9202281,Caroline Dolehide,Karolina Schmiedlova v Dolehide,40,2023-12-30 23:18:17.796,1.63,2023-12-31 02:30:00,
1.223035266,9202281,Caroline Dolehide,Karolina Schmiedlova v Dolehide,50,2023-12-31 01:16:24.705,1.66,2023-12-31 02:30:00,
1.223035266,9202281,Caroline Dolehide,Karolina Schmiedlova v Dolehide,60,2023-12-31 01:49:15.278,1.64,2023-12-31 02:30:00,
1.223035266,9202281,Caroline Dolehide,Karolina Schmiedlova v Dolehide,70,2023-12-31 02:23:32.971,1.75,2023-12-31 02:30:00,2023-12-31 02:21:32.391
1.223035266,9202281,Caroline Dolehide,Karolina Schmiedlova v Dolehide,80,2023-12-31 02:25:32.977,1.5,2023-12-31 02:30:00,2023-12-31 02:21:32.391
1.223035266,9202281,Caroline Dolehide,Karolina Schmiedlova v Dolehide,90,2023-12-31 02:27:33.013,1.48,2023-12-31 02:30:00,2023-12-31 02:21:32.391
1.223035266,9202281,Caroline Dolehide,Karolina Schmiedlova v Dolehide,100,2023-12-31 02:29:32.312,1.56,2023-12-31 02:30:00,2023-12-31 02:21:32.391
1.223035266,40900202,Anna Karolina Schmiedlova,Karolina Schmiedlova v Dolehide,0,2023-12-30 15:49:07.508,2.8,2023-12-31 02:30:00,
1.223035266,40900202,Anna Karolina Schmiedlova,Karolina Schmiedlova v Dolehide,10,2023-12-30 17:17:49.386,2.86,2023-12-31 02:30:00,
1.223035266,40900202,Anna Karolina Schmiedlova,Karolina Schmiedlova v Dolehide,20,2023-12-30 22:34:04.868,2.58,2023-12-31 02:30:00,
1.223035266,40900202,Anna Karolina Schmiedlova,Karolina Schmiedlova v Dolehide,30,2023-12-30 22:52:18.071,2.56,2023-12-31 02:30:00,
1.223035266,40900202,Anna Karolina Schmiedlova,Karolina Schmiedlova v Dolehide,40,2023-12-31 01:00:16.094,2.6,2023-12-31 02:30:00,
1.223035266,40900202,Anna Karolina Schmiedlova,Karolina Schmiedlova v Dolehide,50,2023-12-31 02:07:32.834,2.52,2023-12-31 02:30:00,
1.223035266,40900202,Anna Karolina Schmiedlova,Karolina Schmiedlova v Dolehide,60,2023-12-31 02:08:17.479,2.5,2023-12-31 02:30:00,
1.223035266,40900202,Anna Karolina Schmiedlova,Karolina Schmiedlova v Dolehide,70,2023-12-31 02:22:32.943,2.4,2023-12-31 02:30:00,2023-12-31 02:21:32.391
1.223035266,40900202,Anna Karolina Schmiedlova,Karolina Schmiedlova v Dolehide,80,2023-12-31 02:25:32.977,2.86,2023-12-31 02:30:00,2023-12-31 02:21:32.391
1.223035266,40900202,Anna Karolina Schmiedlova,Karolina Schmiedlova v Dolehide,90,2023-12-31 02:27:33.013,3.15,2023-12-31 02:30:00,2023-12-31 02:21:32.391
1.223035266,40900202,Anna Karolina Schmiedlova,Karolina Schmiedlova v Dolehide,100,2023-12-31 02:29:32.312,3.15,2023-12-31 02:30:00,2023-12-31 02:21:32.391
1.223035377,49006396,Mirra Andreeva,Di Shnaider v Mir Andreeva,0,2023-12-30 14:13:14.476,1.29,2023-12-31 01:00:00,
1.223035377,49006396,Mirra Andreeva,Di Shnaider v Mir Andreeva,10,2023-12-30 17:57:33.109,1.23,2023-12-31 01:00:00,
1.223035377,49006396,Mirra Andreeva,Di Shnaider v Mir Andreeva,20,2023-12-30 19:45:34.009,1.23,2023-12-31 01:00:00,
1.223035377,49006396,Mirra Andreeva,Di Shnaider v Mir Andreeva,30,2023-12-30 21:29:23.916,1.27,2023-12-31 01:00:00,
1.223035377,49006396,Mirra Andreeva,Di Shnaider v Mir Andreeva,40,2023-12-30 23:15:25.567,1.25,2023-12-31 01:00:00,
1.223035377,49006396,Mirra Andreeva,Di Shnaider v Mir Andreeva,50,2023-12-31 00:00:23.481,1.26,2023-12-31 01:00:00,
1.223035377,49006396,Mirra Andreeva,Di Shnaider v Mir Andreeva,60,2023-12-31 00:03:56.121,1.24,2023-12-31 01:00:00,
1.223035377,49006396,Mirra Andreeva,Di Shnaider v Mir Andreeva,70,2023-12-31 00:44:02.523,1.25,2023-12-31 01:00:00,
1.223035377,49006396,Mirra Andreeva,Di Shnaider v Mir Andreeva,80,2023-12-31 00:54:33.554,1.25,2023-12-31 01:00:00,
1.223035377,49006396,Mirra Andreeva,Di Shnaider v Mir Andreeva,90,2023-12-31 01:04:32.861,1.26,2023-12-31 01:10:00,
1.223035377,49006396,Mirra Andreeva,Di Shnaider v Mir Andreeva,100,2023-12-31 01:08:32.904,1.26,2023-12-31 01:10:00,
1.223035478,2967315,Arina Rodionova,Ar Rodionova v M Trevisan,0,2023-12-30 14:13:26.798,2.6,2023-12-31 01:00:00,
1.223035478,2967315,Arina Rodionova,Ar Rodionova v M Trevisan,10,2023-12-30 19:45:34.169,2.64,2023-12-31 01:00:00,
1.223035478,2967315,Arina Rodionova,Ar Rodionova v M Trevisan,20,2023-12-30 19:46:24.413,2.62,2023-12-31 01:00:00,
1.223035478,2967315,Arina Rodionova,Ar Rodionova v M Trevisan,30,2023-12-30 21:41:31.117,2.76,2023-12-31 01:00:00,
1.223035478,2967315,Arina Rodionova,Ar Rodionova v M Trevisan,40,2023-12-30 22:08:28.502,2.84,2023-12-31 01:00:00,
1.223035478,2967315,Arina Rodionova,Ar Rodionova v M Trevisan,50,2023-12-30 23:53:17.751,2.88,2023-12-31 01:00:00,
1.223035478,2967315,Arina Rodionova,Ar Rodionova v M Trevisan,60,2023-12-31 00:04:33.563,2.86,2023-12-31 01:00:00,
1.223035478,2967315,Arina Rodionova,Ar Rodionova v M Trevisan,70,2023-12-31 00:05:33.543,2.84,2023-12-31 01:00:00,
1.223035478,2967315,Arina Rodionova,Ar Rodionova v M Trevisan,80,2023-12-31 00:57:32.838,2.84,2023-12-31 01:00:00,
1.223035478,2967315,Arina Rodionova,Ar Rodionova v M Trevisan,90,2023-12-31 00:59:28.644,2.86,2023-12-31 01:00:00,
1.223035478,2967315,Arina Rodionova,Ar Rodionova v M Trevisan,100,2023-12-31 01:05:33.467,2.9,2023-12-31 01:10:00,
1.223035478,9345630,Martina Trevisan,Ar Rodionova v M Trevisan,0,2023-12-30 13:42:19.944,1.5,2023-12-31 01:00:00,
1.223035478,9345630,Martina Trevisan,Ar Rodionova v M Trevisan,10,2023-12-30 19:03:10.046,1.56,2023-12-31 01:00:00,
1.223035478,9345630,Martina Trevisan,Ar Rodionova v M Trevisan,20,2023-12-30 19:52:14.812,1.57,2023-12-31 01:00:00,
1.223035478,9345630,Martina Trevisan,Ar Rodionova v M Trevisan,30,2023-12-30 21:43:17.056,1.56,2023-12-31 01:00:00,
1.223035478,9345630,Martina Trevisan,Ar Rodionova v M Trevisan,40,2023-12-30 22:18:18.990,1.54,2023-12-31 01:00:00,
1.223035478,9345630,Martina Trevisan,Ar Rodionova v M Trevisan,50,2023-12-31 00:03:12.919,1.54,2023-12-31 01:00:00,
1.223035478,9345630,Martina Trevisan,Ar Rodionova v M Trevisan,60,2023-12-31 00:07:29.722,1.53,2023-12-31 01:00:00,
1.223035478,9345630,Martina Trevisan,Ar Rodionova v M Trevisan,70,2023-12-31 00:16:21.965,1.53,2023-12-31 01:00:00,
1.223035478,9345630,Martina Trevisan,Ar Rodionova v M Trevisan,80,2023-12-31 00:41:06.067,1.55,2023-12-31 01:00:00,
1.223035478,9345630,Martina Trevisan,Ar Rodionova v M Trevisan,90,2023-12-31 00:58:17.812,1.54,2023-12-31 01:00:00,
1.223035478,9345630,Martina Trevisan,Ar Rodionova v M Trevisan,100,2023-12-31 01:08:32.853,1.53,2023-12-31 01:10:00,
1.223035607,9627255,Camila Giorgi,Pe Stearns v C Giorgi,0,2023-12-30 20:36:17.465,1.82,2023-12-31 03:30:00,
1.223035607,9627255,Camila Giorgi,Pe Stearns v C Giorgi,10,2023-12-30 20:38:04.031,1.88,2023-12-31 03:30:00,
1.223035607,9627255,Camila Giorgi,Pe Stearns v C Giorgi,20,2023-12-31 00:53:29.467,1.82,2023-12-31 03:30:00,
1.223035607,9627255,Camila Giorgi,Pe Stearns v C Giorgi,30,2023-12-31 01:01:21.337,1.84,2023-12-31 03:30:00,
1.223035607,9627255,Camila Giorgi,Pe Stearns v C Giorgi,40,2023-12-31 01:21:32.939,1.89,2023-12-31 03:30:00,
1.223035607,9627255,Camila Giorgi,Pe Stearns v C Giorgi,50,2023-12-31 01:23:30.726,1.88,2023-12-31 03:30:00,
1.223035607,9627255,Camila Giorgi,Pe Stearns v C Giorgi,60,2023-12-31 02:07:11.151,1.89,2023-12-31 03:30:00,
1.223035607,9627255,Camila Giorgi,Pe Stearns v C Giorgi,70,2023-12-31 02:12:32.249,1.9,2023-12-31 03:30:00,
1.223035607,9627255,Camila Giorgi,Pe Stearns v C Giorgi,80,2023-12-31 02:23:02.729,1.88,2023-12-31 03:30:00,
1.223035607,9627255,Camila Giorgi,Pe Stearns v C Giorgi,90,2023-12-31 02:30:27.157,1.89,2023-12-31 03:30:00,
1.223035607,9627255,Camila Giorgi,Pe Stearns v C Giorgi,100,2023-12-31 02:40:31.986,1.93,2023-12-31 03:30:00,
1.223035607,13835088,Peyton Stearns,Pe Stearns v C Giorgi,0,2023-12-30 22:01:19.839,2.22,2023-12-31 03:30:00,
1.223035607,13835088,Peyton Stearns,Pe Stearns v C Giorgi,10,2023-12-30 22:44:13.083,2.12,2023-12-31 03:30:00,
1.223035607,13835088,Peyton Stearns,Pe Stearns v C Giorgi,20,2023-12-30 23:10:33.937,2.2,2023-12-31 03:30:00,
1.223035607,13835088,Peyton Stearns,Pe Stearns v C Giorgi,30,2023-12-31 00:42:41.967,2.12,2023-12-31 03:30:00,
1.223035607,13835088,Peyton Stearns,Pe Stearns v C Giorgi,40,2023-12-31 00:53:29.467,2.22,2023-12-31 03:30:00,
1.223035607,13835088,Peyton Stearns,Pe Stearns v C Giorgi,50,2023-12-31 01:10:36.359,2.18,2023-12-31 03:30:00,
1.223035607,13835088,Peyton Stearns,Pe Stearns v C Giorgi,60,2023-12-31 01:20:31.350,2.16,2023-12-31 03:30:00,
1.223035607,13835088,Peyton Stearns,Pe Stearns v C Giorgi,70,2023-12-31 01:21:32.939,2.12,2023-12-31 03:30:00,
1.223035607,13835088,Peyton Stearns,Pe Stearns v C Giorgi,80,2023-12-31 02:31:32.752,2.1,2023-12-31 03:30:00,
1.223035607,13835088,Peyton Stearns,Pe Stearns v C Giorgi,90,2023-12-31 02:40:31.986,2.08,2023-12-31 03:30:00,
1.223035607,13835088,Peyton Stearns,Pe Stearns v C Giorgi,100,2023-12-31 02:42:31.947,2.14,2023-12-31 03:30:00,2023-12-31 02:41:37.873
1.223035611,2923342,Sloane Stephens,K Siniakova v Stephens,0,2023-12-30 16:32:04.687,2.32,2023-12-31 00:00:00,
1.223035611,2923342,Sloane Stephens,K Siniakova v Stephens,10,2023-12-30 16:41:17.454,2.34,2023-12-31 00:00:00,
1.223035611,2923342,Sloane Stephens,K Siniakova v Stephens,20,2023-12-31 02:00:29.715,2.34,2023-12-31 02:30:00,
1.223035611,2923342,Sloane Stephens,K Siniakova v Stephens,30,2023-12-31 02:26:18.517,2.36,2023-12-31 02:30:00,
1.223035611,2923342,Sloane Stephens,K Siniakova v Stephens,40,2023-12-31 02:29:23.984,2.36,2023-12-31 02:30:00,
1.223035611,2923342,Sloane Stephens,K Siniakova v Stephens,50,2023-12-31 02:34:26.206,2.34,2023-12-31 03:00:00,
1.223035611,2923342,Sloane Stephens,K Siniakova v Stephens,60,2023-12-31 02:40:31.623,2.4,2023-12-31 03:00:00,
1.223035611,2923342,Sloane Stephens,K Siniakova v Stephens,70,2023-12-31 02:41:31.843,2.48,2023-12-31 03:00:00,
1.223035611,2923342,Sloane Stephens,K Siniakova v Stephens,80,2023-12-31 02:55:31.634,2.48,2023-12-31 03:00:00,
1.223035611,2923342,Sloane Stephens,K Siniakova v Stephens,90,2023-12-31 02:57:31.520,2.24,2023-12-31 03:00:00,2023-12-31 02:56:31.723
1.223035611,2923342,Sloane Stephens,K Siniakova v Stephens,100,2023-12-31 02:59:31.893,2.06,2023-12-31 03:00:00,2023-12-31 02:56:31.723
1.223035611,9627794,Katerina Siniakova,K Siniakova v Stephens,0,2023-12-30 16:34:05.311,1.72,2023-12-31 00:00:00,
1.223035611,9627794,Katerina Siniakova,K Siniakova v Stephens,10,2023-12-30 20:51:31.941,1.74,2023-12-31 00:00:00,
1.223035611,9627794,Katerina Siniakova,K Siniakova v Stephens,20,2023-12-30 22:08:31.937,1.76,2023-12-31 02:30:00,
1.223035611,9627794,Katerina Siniakova,K Siniakova v Stephens,30,2023-12-30 23:59:27.714,1.71,2023-12-31 02:30:00,
1.223035611,9627794,Katerina Siniakova,K Siniakova v Stephens,40,2023-12-31 01:32:08.508,1.71,2023-12-31 02:30:00,
1.223035611,9627794,Katerina Siniakova,K Siniakova v Stephens,50,2023-12-31 01:49:21.797,1.73,2023-12-31 02:30:00,
1.223035611,9627794,Katerina Siniakova,K Siniakova v Stephens,60,2023-12-31 02:40:31.623,1.71,2023-12-31 03:00:00,
1.223035611,9627794,Katerina Siniakova,K Siniakova v Stephens,70,2023-12-31 02:42:29.314,1.67,2023-12-31 03:00:00,
1.223035611,9627794,Katerina Siniakova,K Siniakova v Stephens,80,2023-12-31 02:48:28.546,1.66,2023-12-31 03:00:00,
1.223035611,9627794,Katerina Siniakova,K Siniakova v Stephens,90,2023-12-31 02:55:31.634,1.68,2023-12-31 03:00:00,
1.223035611,9627794,Katerina Siniakova,K Siniakova v Stephens,100,2023-12-31 02:59:31.893,1.91,2023-12-31 03:00:00,2023-12-31 02:56:31.723
1.223036783,11772856,Himeno Sakatsume,Bre Fruhvirtova v Sakatsume,0,2023-12-30 08:58:39.595,4.0,2023-12-30 22:00:00,
1.223036783,11772856,Himeno Sakatsume,Bre Fruhvirtova v Sakatsume,10,2023-12-30 09:31:11.713,3.9,2023-12-30 22:00:00,
1.223036783,11772856,Himeno Sakatsume,Bre Fruhvirtova v Sakatsume,20,2023-12-30 10:28:04.988,4.0,2023-12-30 22:00:00,
1.223036783,11772856,Himeno Sakatsume,Bre Fruhvirtova v Sakatsume,30,2023-12-30 15:41:02.466,4.0,2023-12-30 22:00:00,
1.223036783,11772856,Himeno Sakatsume,Bre Fruhvirtova v Sakatsume,40,2023-12-30 20:48:13.201,4.8,2023-12-30 22:00:00,
1.223036783,11772856,Himeno Sakatsume,Bre Fruhvirtova v Sakatsume,50,2023-12-30 20:58:11.964,4.7,2023-12-30 22:00:00,
1.223036783,11772856,Himeno Sakatsume,Bre Fruhvirtova v Sakatsume,60,2023-12-30 21:11:11.692,4.9,2023-12-30 22:00:00,
1.223036783,11772856,Himeno Sakatsume,Bre Fruhvirtova v Sakatsume,70,2023-12-30 21:17:10.216,5.0,2023-12-30 22:00:00,
1.223036783,11772856,Himeno Sakatsume,Bre Fruhvirtova v Sakatsume,80,2023-12-30 21:47:12.589,5.1,2023-12-30 22:00:00,
1.223036783,11772856,Himeno Sakatsume,Bre Fruhvirtova v Sakatsume,90,2023-12-30 21:54:51.616,5.1,2023-12-30 22:00:00,
1.223036783,11772856,Himeno Sakatsume,Bre Fruhvirtova v Sakatsume,100,2023-12-30 22:04:13.850,5.1,2023-12-30 22:05:00,
1.223036783,42133537,Brenda Fruhvirtova,Bre Fruhvirtova v Sakatsume,0,2023-12-30 08:58:39.595,1.33,2023-12-30 22:00:00,
1.223036783,42133537,Brenda Fruhvirtova,Bre Fruhvirtova v Sakatsume,10,2023-12-30 09:32:10.974,1.35,2023-12-30 22:00:00,
1.223036783,42133537,Brenda Fruhvirtova,Bre Fruhvirtova v Sakatsume,20,2023-12-30 13:05:45.738,1.31,2023-12-30 22:00:00,
1.223036783,42133537,Brenda Fruhvirtova,Bre Fruhvirtova v Sakatsume,30,2023-12-30 15:27:26.981,1.28,2023-12-30 22:00:00,
1.223036783,42133537,Brenda Fruhvirtova,Bre Fruhvirtova v Sakatsume,40,2023-12-30 18:40:47.472,1.27,2023-12-30 22:00:00,
1.223036783,42133537,Brenda Fruhvirtova,Bre Fruhvirtova v Sakatsume,50,2023-12-30 20:45:11.040,1.3,2023-12-30 22:00:00,
1.223036783,42133537,Brenda Fruhvirtova,Bre Fruhvirtova v Sakatsume,60,2023-12-30 20:57:14.034,1.27,2023-12-30 22:00:00,
1.223036783,42133537,Brenda Fruhvirtova,Bre Fruhvirtova v Sakatsume,70,2023-12-30 21:38:13.515,1.25,2023-12-30 22:00:00,
1.223036783,42133537,Brenda Fruhvirtova,Bre Fruhvirtova v Sakatsume,80,2023-12-30 21:47:12.589,1.24,2023-12-30 22:00:00,
1.223036783,42133537,Brenda Fruhvirtova,Bre Fruhvirtova v Sakatsume,90,2023-12-30 21:53:12.915,1.23,2023-12-30 22:00:00,
1.223036783,42133537,Brenda Fruhvirtova,Bre Fruhvirtova v Sakatsume,100,2023-12-30 22:04:13.850,1.25,2023-12-30 22:05:00,
1.223036831,64408102,Karatsev/Safiullin,Karatsev/Safiullin v Murray/Rune,0,2023-12-31 07:16:20.568,5.4,2023-12-31 09:30:00,2023-12-31 07:05:38.806
1.223036831,64408102,Karatsev/Safiullin,Karatsev/Safiullin v Murray/Rune,10,2023-12-31 07:31:34.943,7.2,2023-12-31 09:45:00,2023-12-31 07:05:38.806
1.223036831,64408102,Karatsev/Safiullin,Karatsev/Safiullin v Murray/Rune,20,2023-12-31 07:49:27.517,6.6,2023-12-31 10:00:00,2023-12-31 07:05:38.806
1.223036831,64408102,Karatsev/Safiullin,Karatsev/Safiullin v Murray/Rune,30,2023-12-31 07:58:35.226,3.55,2023-12-31 10:15:00,2023-12-31 07:05:38.806
1.223036831,64408102,Karatsev/Safiullin,Karatsev/Safiullin v Murray/Rune,40,2023-12-31 08:04:34.122,6.0,2023-12-31 10:15:00,2023-12-31 07:05:38.806
1.223036831,64408102,Karatsev/Safiullin,Karatsev/Safiullin v Murray/Rune,50,2023-12-31 08:09:26.380,2.14,2023-12-31 10:15:00,2023-12-31 07:05:38.806
1.223036831,64408102,Karatsev/Safiullin,Karatsev/Safiullin v Murray/Rune,60,2023-12-31 08:13:35.535,3.5,2023-12-31 10:30:00,2023-12-31 07:05:38.806
1.223036831,64408102,Karatsev/Safiullin,Karatsev/Safiullin v Murray/Rune,70,2023-12-31 08:17:24.773,2.06,2023-12-31 10:30:00,2023-12-31 07:05:38.806
1.223036831,64408102,Karatsev/Safiullin,Karatsev/Safiullin v Murray/Rune,80,2023-12-31 08:20:23.893,2.12,2023-12-31 10:30:00,2023-12-31 07:05:38.806
1.223036831,64408102,Karatsev/Safiullin,Karatsev/Safiullin v Murray/Rune,90,2023-12-31 08:21:35.182,2.32,2023-12-31 10:30:00,2023-12-31 07:05:38.806
1.223036831,64408102,Karatsev/Safiullin,Karatsev/Safiullin v Murray/Rune,100,2023-12-31 08:31:33.088,1.75,2023-12-31 10:45:00,2023-12-31 07:05:38.806
1.223038446,17311444,Lulu Sun,Hruncakova v Lulu Sun,0,2023-12-30 13:27:43.357,2.26,2023-12-30 22:00:00,
1.223038446,17311444,Lulu Sun,Hruncakova v Lulu Sun,10,2023-12-30 18:07:54.648,2.3,2023-12-30 22:00:00,
1.223038446,17311444,Lulu Sun,Hruncakova v Lulu Sun,20,2023-12-30 19:38:08.730,2.34,2023-12-30 22:00:00,
1.223038446,17311444,Lulu Sun,Hruncakova v Lulu Sun,30,2023-12-30 21:16:35.057,2.38,2023-12-30 22:00:00,
1.223038446,17311444,Lulu Sun,Hruncakova v Lulu Sun,40,2023-12-30 21:24:54.340,2.36,2023-12-30 22:00:00,
1.223038446,17311444,Lulu Sun,Hruncakova v Lulu Sun,50,2023-12-30 21:38:16.906,2.44,2023-12-30 22:00:00,
1.223038446,17311444,Lulu Sun,Hruncakova v Lulu Sun,60,2023-12-30 21:39:52.512,2.54,2023-12-30 22:00:00,
1.223038446,17311444,Lulu Sun,Hruncakova v Lulu Sun,70,2023-12-30 21:41:53.534,2.44,2023-12-30 22:00:00,
1.223038446,17311444,Lulu Sun,Hruncakova v Lulu Sun,80,2023-12-30 21:42:50.415,2.5,2023-12-30 22:00:00,
1.223038446,17311444,Lulu Sun,Hruncakova v Lulu Sun,90,2023-12-30 21:59:50.494,2.54,2023-12-30 22:05:00,
1.223038446,17311444,Lulu Sun,Hruncakova v Lulu Sun,100,2023-12-30 22:01:55.363,2.4,2023-12-30 22:05:00,
1.223038446,54739703,Viktoria Hruncakova,Hruncakova v Lulu Sun,0,2023-12-30 08:58:54.683,1.39,2023-12-30 22:00:00,
1.223038446,54739703,Viktoria Hruncakova,Hruncakova v Lulu Sun,10,2023-12-30 16:11:06.352,1.81,2023-12-30 22:00:00,
1.223038446,54739703,Viktoria Hruncakova,Hruncakova v Lulu Sun,20,2023-12-30 18:07:54.648,1.73,2023-12-30 22:00:00,
1.223038446,54739703,Viktoria Hruncakova,Hruncakova v Lulu Sun,30,2023-12-30 20:57:50.063,1.69,2023-12-30 22:00:00,
1.223038446,54739703,Viktoria Hruncakova,Hruncakova v Lulu Sun,40,2023-12-30 21:07:53.641,1.7,2023-12-30 22:00:00,
1.223038446,54739703,Viktoria Hruncakova,Hruncakova v Lulu Sun,50,2023-12-30 21:24:54.340,1.71,2023-12-30 22:00:00,
1.223038446,54739703,Viktoria Hruncakova,Hruncakova v Lulu Sun,60,2023-12-30 21:39:52.512,1.64,2023-12-30 22:00:00,
1.223038446,54739703,Viktoria Hruncakova,Hruncakova v Lulu Sun,70,2023-12-30 21:45:55.613,1.65,2023-12-30 22:00:00,
1.223038446,54739703,Viktoria Hruncakova,Hruncakova v Lulu Sun,80,2023-12-30 21:53:28.504,1.66,2023-12-30 22:00:00,
1.223038446,54739703,Viktoria Hruncakova,Hruncakova v Lulu Sun,90,2023-12-30 21:59:50.494,1.65,2023-12-30 22:05:00,
1.223038446,54739703,Viktoria Hruncakova,Hruncakova v Lulu Sun,100,2023-12-30 22:04:55.543,1.64,2023-12-30 22:05:00,
1.223040663,4581066,Lopez/Nadal,Purcell/Thompson v Lopez/Nadal,0,2023-12-31 03:39:37.612,3.7,2023-12-31 06:00:00,
1.223040663,4581066,Lopez/Nadal,Purcell/Thompson v Lopez/Nadal,10,2023-12-31 04:59:27.498,3.75,2023-12-31 07:15:00,
1.223040663,4581066,Lopez/Nadal,Purcell/Thompson v Lopez/Nadal,20,2023-12-31 07:24:01.544,3.7,2023-12-31 09:30:00,
1.223040663,4581066,Lopez/Nadal,Purcell/Thompson v Lopez/Nadal,30,2023-12-31 07:36:35.044,3.25,2023-12-31 09:45:00,
1.223040663,4581066,Lopez/Nadal,Purcell/Thompson v Lopez/Nadal,40,2023-12-31 07:50:48.730,4.6,2023-12-31 10:00:00,
1.223040663,4581066,Lopez/Nadal,Purcell/Thompson v Lopez/Nadal,50,2023-12-31 08:25:33.668,3.25,2023-12-31 08:30:00,2023-12-31 08:22:25.047
1.223040663,4581066,Lopez/Nadal,Purcell/Thompson v Lopez/Nadal,60,2023-12-31 08:48:35.951,11.0,2023-12-31 11:00:00,2023-12-31 08:22:25.047
1.223040663,4581066,Lopez/Nadal,Purcell/Thompson v Lopez/Nadal,70,2023-12-31 08:49:16.580,13.5,2023-12-31 11:00:00,2023-12-31 08:22:25.047
1.223040663,4581066,Lopez/Nadal,Purcell/Thompson v Lopez/Nadal,80,2023-12-31 09:21:26.772,7.6,2023-12-31 11:30:00,2023-12-31 08:22:25.047
1.223040663,4581066,Lopez/Nadal,Purcell/Thompson v Lopez/Nadal,90,2023-12-31 09:26:27.093,4.5,2023-12-31 11:30:00,2023-12-31 08:22:25.047
1.223040663,4581066,Lopez/Nadal,Purcell/Thompson v Lopez/Nadal,100,2023-12-31 09:41:03.109,1000.0,2023-12-31 11:45:00,2023-12-31 08:22:25.047
1.223040663,38366904,Purcell/Thompson,Purcell/Thompson v Lopez/Nadal,0,2023-12-31 00:54:53.547,1.09,2023-12-31 06:00:00,
1.223040663,38366904,Purcell/Thompson,Purcell/Thompson v Lopez/Nadal,10,2023-12-31 04:59:27.498,1.36,2023-12-31 07:15:00,
1.223040663,38366904,Purcell/Thompson,Purcell/Thompson v Lopez/Nadal,20,2023-12-31 07:24:01.544,1.37,2023-12-31 09:30:00,
1.223040663,38366904,Purcell/Thompson,Purcell/Thompson v Lopez/Nadal,30,2023-12-31 07:58:04.337,1.43,2023-12-31 10:15:00,
1.223040663,38366904,Purcell/Thompson,Purcell/Thompson v Lopez/Nadal,40,2023-12-31 08:25:33.668,1.44,2023-12-31 08:30:00,2023-12-31 08:22:25.047
1.223040663,38366904,Purcell/Thompson,Purcell/Thompson v Lopez/Nadal,50,2023-12-31 08:47:36.672,1.09,2023-12-31 11:00:00,2023-12-31 08:22:25.047
1.223040663,38366904,Purcell/Thompson,Purcell/Thompson v Lopez/Nadal,60,2023-12-31 08:53:30.982,1.04,2023-12-31 11:00:00,2023-12-31 08:22:25.047
1.223040663,38366904,Purcell/Thompson,Purcell/Thompson v Lopez/Nadal,70,2023-12-31 09:02:30.388,1.06,2023-12-31 11:15:00,2023-12-31 08:22:25.047
1.223040663,38366904,Purcell/Thompson,Purcell/Thompson v Lopez/Nadal,80,2023-12-31 09:26:27.093,1.28,2023-12-31 11:30:00,2023-12-31 08:22:25.047
1.223040663,38366904,Purcell/Thompson,Purcell/Thompson v Lopez/Nadal,90,2023-12-31 09:33:13.724,1.1,2023-12-31 11:45:00,2023-12-31 08:22:25.047
1.223040663,38366904,Purcell/Thompson,Purcell/Thompson v Lopez/Nadal,100,2023-12-31 09:39:34.947,1.01,2023-12-31 11:45:00,2023-12-31 08:22:25.047
1.223043153,7283330,Alex Bolt,Llamas Ruiz v Bolt,0,2023-12-30 13:49:32.764,2.84,2023-12-30 23:00:00,
1.223043153,7283330,Alex Bolt,Llamas Ruiz v Bolt,10,2023-12-30 21:59:30.945,2.2,2023-12-30 23:00:00,
1.223043153,7283330,Alex Bolt,Llamas Ruiz v Bolt,20,2023-12-30 23:05:32.333,1.9,2023-12-30 23:15:00,2023-12-30 23:04:06.475
1.223043153,7283330,Alex Bolt,Llamas Ruiz v Bolt,30,2023-12-31 00:01:27.996,1.63,2023-12-31 00:15:00,2023-12-30 23:04:06.475
1.223043153,7283330,Alex Bolt,Llamas Ruiz v Bolt,40,2023-12-31 00:13:17.252,1.35,2023-12-31 00:30:00,2023-12-30 23:04:06.475
1.223043153,7283330,Alex Bolt,Llamas Ruiz v Bolt,50,2023-12-31 00:22:29.068,2.0,2023-12-31 00:30:00,2023-12-30 23:04:06.475
1.223043153,7283330,Alex Bolt,Llamas Ruiz v Bolt,60,2023-12-31 00:44:32.512,2.1,2023-12-31 01:00:00,2023-12-30 23:04:06.475
1.223043153,7283330,Alex Bolt,Llamas Ruiz v Bolt,70,2023-12-31 01:13:25.974,2.0,2023-12-31 01:30:00,2023-12-30 23:04:06.475
1.223043153,7283330,Alex Bolt,Llamas Ruiz v Bolt,80,2023-12-31 01:26:28.542,1.29,2023-12-31 01:30:00,2023-12-30 23:04:06.475
1.223043153,7283330,Alex Bolt,Llamas Ruiz v Bolt,90,2023-12-31 01:34:26.517,1.33,2023-12-31 01:45:00,2023-12-30 23:04:06.475
1.223043153,7283330,Alex Bolt,Llamas Ruiz v Bolt,100,2023-12-31 01:40:08.002,1.2,2023-12-31 01:45:00,2023-12-30 23:04:06.475
1.223043153,17980033,Pablo Llamas Ruiz,Llamas Ruiz v Bolt,0,2023-12-30 13:49:32.764,1.54,2023-12-30 23:00:00,
1.223043153,17980033,Pablo Llamas Ruiz,Llamas Ruiz v Bolt,10,2023-12-30 22:58:18.917,1.85,2023-12-30 23:00:00,
1.223043153,17980033,Pablo Llamas Ruiz,Llamas Ruiz v Bolt,20,2023-12-30 23:36:21.979,1.41,2023-12-30 23:45:00,2023-12-30 23:04:06.475
1.223043153,17980033,Pablo Llamas Ruiz,Llamas Ruiz v Bolt,30,2023-12-30 23:44:31.823,1.38,2023-12-31 00:00:00,2023-12-30 23:04:06.475
1.223043153,17980033,Pablo Llamas Ruiz,Llamas Ruiz v Bolt,40,2023-12-30 23:55:31.119,1.36,2023-12-31 00:00:00,2023-12-30 23:04:06.475
1.223043153,17980033,Pablo Llamas Ruiz,Llamas Ruiz v Bolt,50,2023-12-31 00:10:32.488,2.56,2023-12-31 00:15:00,2023-12-30 23:04:06.475
1.223043153,17980033,Pablo Llamas Ruiz,Llamas Ruiz v Bolt,60,2023-12-31 00:35:31.586,1.97,2023-12-31 00:45:00,2023-12-30 23:04:06.475
1.223043153,17980033,Pablo Llamas Ruiz,Llamas Ruiz v Bolt,70,2023-12-31 00:44:32.512,1.9,2023-12-31 01:00:00,2023-12-30 23:04:06.475
1.223043153,17980033,Pablo Llamas Ruiz,Llamas Ruiz v Bolt,80,2023-12-31 01:18:29.855,2.12,2023-12-31 01:30:00,2023-12-30 23:04:06.475
1.223043153,17980033,Pablo Llamas Ruiz,Llamas Ruiz v Bolt,90,2023-12-31 01:31:19.514,2.0,2023-12-31 01:45:00,2023-12-30 23:04:06.475
1.223043153,17980033,Pablo Llamas Ruiz,Llamas Ruiz v Bolt,100,2023-12-31 01:40:08.002,6.0,2023-12-31 01:45:00,2023-12-30 23:04:06.475
1.223043368,6965426,Luke Saville,Yevseyev v Saville,0,2023-12-31 01:31:47.643,2.0,2023-12-31 03:45:00,
1.223043368,6965426,Luke Saville,Yevseyev v Saville,10,2023-12-31 02:03:06.128,1.5,2023-12-31 04:15:00,2023-12-31 01:46:39.062
1.223043368,6965426,Luke Saville,Yevseyev v Saville,20,2023-12-31 02:19:51.303,1.3,2023-12-31 04:30:00,2023-12-31 01:46:39.062
1.223043368,6965426,Luke Saville,Yevseyev v Saville,30,2023-12-31 02:36:13.853,1.28,2023-12-31 04:45:00,2023-12-31 01:46:39.062
1.223043368,6965426,Luke Saville,Yevseyev v Saville,40,2023-12-31 03:02:06.442,34.0,2023-12-31 05:15:00,2023-12-31 01:46:39.062
1.223043368,6965426,Luke Saville,Yevseyev v Saville,50,2023-12-31 03:08:49.109,1.03,2023-12-31 05:15:00,2023-12-31 01:46:39.062
1.223043368,6965426,Luke Saville,Yevseyev v Saville,60,2023-12-31 03:12:05.894,21.0,2023-12-31 05:15:00,2023-12-31 01:46:39.062
1.223043368,6965426,Luke Saville,Yevseyev v Saville,70,2023-12-31 03:15:08.278,2.0,2023-12-31 05:15:00,2023-12-31 01:46:39.062
1.223043368,6965426,Luke Saville,Yevseyev v Saville,80,2023-12-31 03:19:52.590,1.2,2023-12-31 05:30:00,2023-12-31 01:46:39.062
1.223043368,6965426,Luke Saville,Yevseyev v Saville,90,2023-12-31 03:25:58.969,1.03,2023-12-31 05:30:00,2023-12-31 01:46:39.062
1.223043368,6965426,Luke Saville,Yevseyev v Saville,100,2023-12-31 03:46:55.483,4.0,2023-12-31 06:00:00,2023-12-31 01:46:39.062
1.223043368,8304957,Denis Yevseyev,Yevseyev v Saville,0,2023-12-31 00:24:02.558,1.89,2023-12-31 02:30:00,
1.223043368,8304957,Denis Yevseyev,Yevseyev v Saville,10,2023-12-31 01:55:50.374,1.98,2023-12-31 04:00:00,2023-12-31 01:46:39.062
1.223043368,8304957,Denis Yevseyev,Yevseyev v Saville,20,2023-12-31 02:03:06.128,2.32,2023-12-31 04:15:00,2023-12-31 01:46:39.062
1.223043368,8304957,Denis Yevseyev,Yevseyev v Saville,30,2023-12-31 02:17:05.936,1.5,2023-12-31 04:30:00,2023-12-31 01:46:39.062
1.223043368,8304957,Denis Yevseyev,Yevseyev v Saville,40,2023-12-31 02:59:56.291,1.76,2023-12-31 05:15:00,2023-12-31 01:46:39.062
1.223043368,8304957,Denis Yevseyev,Yevseyev v Saville,50,2023-12-31 03:06:58.585,1.23,2023-12-31 05:15:00,2023-12-31 01:46:39.062
1.223043368,8304957,Denis Yevseyev,Yevseyev v Saville,60,2023-12-31 03:14:08.788,2.0,2023-12-31 05:15:00,2023-12-31 01:46:39.062
1.223043368,8304957,Denis Yevseyev,Yevseyev v Saville,70,2023-12-31 03:18:06.679,1.4,2023-12-31 05:30:00,2023-12-31 01:46:39.062
1.223043368,8304957,Denis Yevseyev,Yevseyev v Saville,80,2023-12-31 03:27:01.619,1.04,2023-12-31 05:30:00,2023-12-31 01:46:39.062
1.223043368,8304957,Denis Yevseyev,Yevseyev v Saville,90,2023-12-31 03:44:05.024,2.0,2023-12-31 06:00:00,2023-12-31 01:46:39.062
1.223043368,8304957,Denis Yevseyev,Yevseyev v Saville,100,2023-12-31 03:48:57.293,1.3,2023-12-31 06:00:00,2023-12-31 01:46:39.062
1.223043457,9634993,Matthew Christopher Romios,Ma Romios v Molleker,0,2023-12-30 22:10:47.366,5.3,2023-12-30 23:00:00,
1.223043457,9634993,Matthew Christopher Romios,Ma Romios v Molleker,10,2023-12-30 22:58:25.233,5.0,2023-12-30 23:00:00,
1.223043457,9634993,Matthew Christopher Romios,Ma Romios v Molleker,20,2023-12-30 23:06:00.451,12.5,2023-12-30 23:15:00,2023-12-30 23:04:36.984
1.223043457,9634993,Matthew Christopher Romios,Ma Romios v Molleker,30,2023-12-30 23:10:52.804,25.0,2023-12-30 23:15:00,2023-12-30 23:04:36.984
1.223043457,9634993,Matthew Christopher Romios,Ma Romios v Molleker,40,2023-12-30 23:12:00.673,3.6,2023-12-30 23:15:00,2023-12-30 23:04:36.984
1.223043457,9634993,Matthew Christopher Romios,Ma Romios v Molleker,50,2023-12-30 23:14:03.627,15.5,2023-12-30 23:30:00,2023-12-30 23:04:36.984
1.223043457,9634993,Matthew Christopher Romios,Ma Romios v Molleker,60,2023-12-30 23:15:58.550,3.5,2023-12-30 23:30:00,2023-12-30 23:04:36.984
1.223043457,9634993,Matthew Christopher Romios,Ma Romios v Molleker,70,2023-12-30 23:16:58.304,3.0,2023-12-30 23:30:00,2023-12-30 23:04:36.984
1.223043457,9634993,Matthew Christopher Romios,Ma Romios v Molleker,80,2023-12-30 23:22:00.484,4.0,2023-12-30 23:30:00,2023-12-30 23:04:36.984
1.223043457,9634993,Matthew Christopher Romios,Ma Romios v Molleker,90,2023-12-30 23:23:01.958,17.0,2023-12-30 23:30:00,2023-12-30 23:04:36.984
1.223043457,9634993,Matthew Christopher Romios,Ma Romios v Molleker,100,2023-12-30 23:43:03.596,36.0,2023-12-31 00:00:00,2023-12-30 23:04:36.984
1.223043457,10508984,Rudolf Molleker,Ma Romios v Molleker,0,2023-12-30 22:23:26.563,1.24,2023-12-30 23:00:00,
1.223043457,10508984,Rudolf Molleker,Ma Romios v Molleker,10,2023-12-30 23:06:00.451,1.09,2023-12-30 23:15:00,2023-12-30 23:04:36.984
1.223043457,10508984,Rudolf Molleker,Ma Romios v Molleker,20,2023-12-30 23:10:52.804,1.05,2023-12-30 23:15:00,2023-12-30 23:04:36.984
1.223043457,10508984,Rudolf Molleker,Ma Romios v Molleker,30,2023-12-30 23:14:03.627,1.07,2023-12-30 23:30:00,2023-12-30 23:04:36.984
1.223043457,10508984,Rudolf Molleker,Ma Romios v Molleker,40,2023-12-30 23:15:58.550,1.4,2023-12-30 23:30:00,2023-12-30 23:04:36.984
1.223043457,10508984,Rudolf Molleker,Ma Romios v Molleker,50,2023-12-30 23:22:00.484,1.33,2023-12-30 23:30:00,2023-12-30 23:04:36.984
1.223043457,10508984,Rudolf Molleker,Ma Romios v Molleker,60,2023-12-30 23:23:40.434,1.3,2023-12-30 23:30:00,2023-12-30 23:04:36.984
1.223043457,10508984,Rudolf Molleker,Ma Romios v Molleker,70,2023-12-30 23:35:05.711,1.05,2023-12-30 23:45:00,2023-12-30 23:04:36.984
1.223043457,10508984,Rudolf Molleker,Ma Romios v Molleker,80,2023-12-30 23:47:50.359,1.06,2023-12-31 00:00:00,2023-12-30 23:04:36.984
1.223043457,10508984,Rudolf Molleker,Ma Romios v Molleker,90,2023-12-30 23:54:05.677,1.14,2023-12-31 00:00:00,2023-12-30 23:04:36.984
1.223043457,10508984,Rudolf Molleker,Ma Romios v Molleker,100,2023-12-31 00:21:45.909,1.01,2023-12-31 00:30:00,2023-12-30 23:04:36.984
1.223043544,10555069,Matthew Dellavedova,Dellavedova v Maestrelli,0,2023-12-30 21:34:49.363,2.6,2023-12-31 01:00:00,
1.223043544,10555069,Matthew Dellavedova,Dellavedova v Maestrelli,10,2023-12-30 22:53:05.132,2.64,2023-12-31 01:00:00,
1.223043544,10555069,Matthew Dellavedova,Dellavedova v Maestrelli,20,2023-12-31 00:25:13.620,2.52,2023-12-31 02:30:00,
1.223043544,10555069,Matthew Dellavedova,Dellavedova v Maestrelli,30,2023-12-31 00:43:55.150,2.42,2023-12-31 03:00:00,2023-12-31 00:34:44.646
1.223043544,10555069,Matthew Dellavedova,Dellavedova v Maestrelli,40,2023-12-31 01:59:14.773,1.37,2023-12-31 04:00:00,2023-12-31 00:34:44.646
1.223043544,10555069,Matthew Dellavedova,Dellavedova v Maestrelli,50,2023-12-31 02:02:07.944,2.84,2023-12-31 04:00:00,2023-12-31 00:34:44.646
1.223043544,10555069,Matthew Dellavedova,Dellavedova v Maestrelli,60,2023-12-31 02:12:07.882,2.4,2023-12-31 04:15:00,2023-12-31 00:34:44.646
1.223043544,10555069,Matthew Dellavedova,Dellavedova v Maestrelli,70,2023-12-31 02:43:04.962,2.5,2023-12-31 05:00:00,2023-12-31 00:34:44.646
1.223043544,10555069,Matthew Dellavedova,Dellavedova v Maestrelli,80,2023-12-31 03:03:15.072,4.0,2023-12-31 05:15:00,2023-12-31 00:34:44.646
1.223043544,10555069,Matthew Dellavedova,Dellavedova v Maestrelli,90,2023-12-31 03:19:13.960,2.66,2023-12-31 05:30:00,2023-12-31 00:34:44.646
1.223043544,10555069,Matthew Dellavedova,Dellavedova v Maestrelli,100,2023-12-31 03:25:12.967,1.02,2023-12-31 05:30:00,2023-12-31 00:34:44.646
1.223043544,21652017,Francesco Maestrelli,Dellavedova v Maestrelli,0,2023-12-30 14:58:11.467,1.52,2023-12-31 01:00:00,
1.223043544,21652017,Francesco Maestrelli,Dellavedova v Maestrelli,10,2023-12-30 22:53:05.132,1.6,2023-12-31 01:00:00,
1.223043544,21652017,Francesco Maestrelli,Dellavedova v Maestrelli,20,2023-12-31 00:40:47.477,1.69,2023-12-31 02:45:00,2023-12-31 00:34:44.646
1.223043544,21652017,Francesco Maestrelli,Dellavedova v Maestrelli,30,2023-12-31 00:52:13.552,1.45,2023-12-31 03:00:00,2023-12-31 00:34:44.646
1.223043544,21652017,Francesco Maestrelli,Dellavedova v Maestrelli,40,2023-12-31 01:52:59.661,2.92,2023-12-31 04:00:00,2023-12-31 00:34:44.646
1.223043544,21652017,Francesco Maestrelli,Dellavedova v Maestrelli,50,2023-12-31 02:10:03.944,1.57,2023-12-31 04:15:00,2023-12-31 00:34:44.646
1.223043544,21652017,Francesco Maestrelli,Dellavedova v Maestrelli,60,2023-12-31 02:32:02.138,1.57,2023-12-31 04:45:00,2023-12-31 00:34:44.646
1.223043544,21652017,Francesco Maestrelli,Dellavedova v Maestrelli,70,2023-12-31 02:49:11.023,1.97,2023-12-31 05:00:00,2023-12-31 00:34:44.646
1.223043544,21652017,Francesco Maestrelli,Dellavedova v Maestrelli,80,2023-12-31 02:53:15.469,1.59,2023-12-31 05:00:00,2023-12-31 00:34:44.646
1.223043544,21652017,Francesco Maestrelli,Dellavedova v Maestrelli,90,2023-12-31 03:16:09.560,1.54,2023-12-31 05:15:00,2023-12-31 00:34:44.646
1.223043544,21652017,Francesco Maestrelli,Dellavedova v Maestrelli,100,2023-12-31 03:20:00.546,3.9,2023-12-31 05:30:00,2023-12-31 00:34:44.646
1.223043633,53128067,Abdullah Shelbayh,Ha Jones v Ab Shelbayh,0,2023-12-31 04:10:32.290,1.2,2023-12-31 10:15:00,2023-12-31 03:58:55.339
1.223043633,53128067,Abdullah Shelbayh,Ha Jones v Ab Shelbayh,10,2023-12-31 04:23:58.597,1.06,2023-12-31 10:30:00,2023-12-31 03:58:55.339
1.223043633,53128067,Abdullah Shelbayh,Ha Jones v Ab Shelbayh,20,2023-12-31 04:35:51.065,1.62,2023-12-31 04:45:00,2023-12-31 03:58:55.339
1.223043633,53128067,Abdullah Shelbayh,Ha Jones v Ab Shelbayh,30,2023-12-31 04:39:55.572,1.04,2023-12-31 04:45:00,2023-12-31 03:58:55.339
1.223043633,53128067,Abdullah Shelbayh,Ha Jones v Ab Shelbayh,40,2023-12-31 04:54:53.615,1.02,2023-12-31 05:00:00,2023-12-31 03:58:55.339
1.223043633,53128067,Abdullah Shelbayh,Ha Jones v Ab Shelbayh,50,2023-12-31 04:58:51.835,1.39,2023-12-31 05:00:00,2023-12-31 03:58:55.339
1.223043633,53128067,Abdullah Shelbayh,Ha Jones v Ab Shelbayh,60,2023-12-31 05:03:39.253,1.33,2023-12-31 05:15:00,2023-12-31 03:58:55.339
1.223043633,53128067,Abdullah Shelbayh,Ha Jones v Ab Shelbayh,70,2023-12-31 05:12:16.559,1.13,2023-12-31 05:15:00,2023-12-31 03:58:55.339
1.223043633,53128067,Abdullah Shelbayh,Ha Jones v Ab Shelbayh,80,2023-12-31 05:19:00.475,1.23,2023-12-31 05:30:00,2023-12-31 03:58:55.339
1.223043633,53128067,Abdullah Shelbayh,Ha Jones v Ab Shelbayh,90,2023-12-31 05:23:50.336,1.03,2023-12-31 05:30:00,2023-12-31 03:58:55.339
1.223043633,53128067,Abdullah Shelbayh,Ha Jones v Ab Shelbayh,100,2023-12-31 05:42:57.416,1.01,2023-12-31 05:43:00,2023-12-31 03:58:55.339
1.223043893,10166477,Jake Delaney,Brosset v Delaney,0,2023-12-31 00:00:03.765,2.04,2023-12-31 00:15:00,
1.223043893,10166477,Jake Delaney,Brosset v Delaney,10,2023-12-31 00:24:41.889,1.74,2023-12-31 00:30:00,
1.223043893,10166477,Jake Delaney,Brosset v Delaney,20,2023-12-31 00:27:50.820,1.64,2023-12-31 00:30:00,
1.223043893,10166477,Jake Delaney,Brosset v Delaney,30,2023-12-31 00:34:25.068,1.59,2023-12-31 00:45:00,
1.223043893,10166477,Jake Delaney,Brosset v Delaney,40,2023-12-31 00:51:52.754,1.53,2023-12-31 01:00:00,
1.223043893,10166477,Jake Delaney,Brosset v Delaney,50,2023-12-31 00:56:54.040,1.52,2023-12-31 01:00:00,2023-12-31 00:55:07.503
1.223043893,10166477,Jake Delaney,Brosset v Delaney,60,2023-12-31 01:37:59.272,2.58,2023-12-31 01:45:00,2023-12-31 00:55:07.503
1.223043893,10166477,Jake Delaney,Brosset v Delaney,70,2023-12-31 02:18:02.278,2.4,2023-12-31 02:30:00,2023-12-31 00:55:07.503
1.223043893,10166477,Jake Delaney,Brosset v Delaney,80,2023-12-31 02:38:06.309,1.3,2023-12-31 02:45:00,2023-12-31 00:55:07.503
1.223043893,10166477,Jake Delaney,Brosset v Delaney,90,2023-12-31 02:53:02.040,1.07,2023-12-31 03:00:00,2023-12-31 00:55:07.503
1.223043893,10166477,Jake Delaney,Brosset v Delaney,100,2023-12-31 02:53:50.078,1.01,2023-12-31 03:00:00,2023-12-31 00:55:07.503
1.223043983,11905615,Jesse Delaney,Je Delaney v Setodji,0,2023-12-30 23:29:10.473,2.72,2023-12-30 23:30:00,
1.223043983,11905615,Jesse Delaney,Je Delaney v Setodji,10,2023-12-30 23:50:12.946,1.96,2023-12-31 00:00:00,2023-12-30 23:43:52.972
1.223043983,11905615,Jesse Delaney,Je Delaney v Setodji,20,2023-12-30 23:57:17.639,1.74,2023-12-31 00:00:00,2023-12-30 23:43:52.972
1.223043983,11905615,Jesse Delaney,Je Delaney v Setodji,30,2023-12-30 23:58:04.459,2.76,2023-12-31 00:00:00,2023-12-30 23:43:52.972
1.223043983,11905615,Jesse Delaney,Je Delaney v Setodji,40,2023-12-31 00:05:00.889,2.22,2023-12-31 00:15:00,2023-12-30 23:43:52.972
1.223043983,11905615,Jesse Delaney,Je Delaney v Setodji,50,2023-12-31 00:10:13.393,1.4,2023-12-31 00:15:00,2023-12-30 23:43:52.972
1.223043983,11905615,Jesse Delaney,Je Delaney v Setodji,60,2023-12-31 00:13:12.736,1.96,2023-12-31 00:15:00,2023-12-30 23:43:52.972
1.223043983,11905615,Jesse Delaney,Je Delaney v Setodji,70,2023-12-31 00:23:09.601,1.79,2023-12-31 00:30:00,2023-12-30 23:43:52.972
1.223043983,11905615,Jesse Delaney,Je Delaney v Setodji,80,2023-12-31 00:26:15.194,1.33,2023-12-31 00:30:00,2023-12-30 23:43:52.972
1.223043983,11905615,Jesse Delaney,Je Delaney v Setodji,90,2023-12-31 00:27:15.797,1.69,2023-12-31 00:30:00,2023-12-30 23:43:52.972
1.223043983,11905615,Jesse Delaney,Je Delaney v Setodji,100,2023-12-31 00:34:48.008,1.17,2023-12-31 00:45:00,2023-12-30 23:43:52.972
1.223044277,9545170,Masamichi Imamura,Mas Imamura v Aj Rai,0,2023-12-30 13:55:34.280,3.25,2023-12-31 03:30:00,
1.223044277,9545170,Masamichi Imamura,Mas Imamura v Aj Rai,10,2023-12-30 14:00:38.227,3.3,2023-12-31 03:30:00,
1.223044277,9545170,Masamichi Imamura,Mas Imamura v Aj Rai,20,2023-12-30 14:01:41.262,3.2,2023-12-31 03:30:00,
1.223044277,9545170,Masamichi Imamura,Mas Imamura v Aj Rai,30,2023-12-30 14:14:08.419,3.4,2023-12-31 03:30:00,
1.223044277,9545170,Masamichi Imamura,Mas Imamura v Aj Rai,40,2023-12-30 14:40:30.643,3.8,2023-12-31 03:30:00,
1.223044277,9545170,Masamichi Imamura,Mas Imamura v Aj Rai,50,2023-12-30 14:45:36.062,1.95,2023-12-31 03:30:00,
1.223044277,9545170,Masamichi Imamura,Mas Imamura v Aj Rai,60,2023-12-30 14:48:31.615,1.98,2023-12-31 03:30:00,
1.223044277,9545170,Masamichi Imamura,Mas Imamura v Aj Rai,70,2023-12-31 03:48:52.808,2.78,2023-12-31 06:01:00,
1.223044277,9545170,Masamichi Imamura,Mas Imamura v Aj Rai,80,2023-12-31 04:09:34.411,1.52,2023-12-31 06:16:00,2023-12-31 03:54:37.852
1.223044277,9545170,Masamichi Imamura,Mas Imamura v Aj Rai,90,2023-12-31 04:12:36.207,1.2,2023-12-31 06:16:00,2023-12-31 03:54:37.852
1.223044277,9545170,Masamichi Imamura,Mas Imamura v Aj Rai,100,2023-12-31 04:54:19.087,1.01,2023-12-31 07:01:00,2023-12-31 03:54:37.852
1.223050028,9635456,Lukas Klein,L Klein v Cressy,0,2023-12-30 15:02:04.850,2.32,2023-12-31 01:00:00,
1.223050028,9635456,Lukas Klein,L Klein v Cressy,10,2023-12-31 01:07:53.844,2.5,2023-12-31 01:15:00,2023-12-31 01:04:42.195
1.223050028,9635456,Lukas Klein,L Klein v Cressy,20,2023-12-31 01:38:56.884,1.55,2023-12-31 01:45:00,2023-12-31 01:04:42.195
1.223050028,9635456,Lukas Klein,L Klein v Cressy,30,2023-12-31 02:00:59.874,2.44,2023-12-31 02:15:00,2023-12-31 01:04:42.195
1.223050028,9635456,Lukas Klein,L Klein v Cressy,40,2023-12-31 02:18:58.746,2.66,2023-12-31 02:30:00,2023-12-31 01:04:42.195
1.223050028,9635456,Lukas Klein,L Klein v Cressy,50,2023-12-31 02:37:59.296,4.5,2023-12-31 02:45:00,2023-12-31 01:04:42.195
1.223050028,9635456,Lukas Klein,L Klein v Cressy,60,2023-12-31 02:49:00.094,2.04,2023-12-31 03:00:00,2023-12-31 01:04:42.195
1.223050028,9635456,Lukas Klein,L Klein v Cressy,70,2023-12-31 03:01:00.348,7.2,2023-12-31 03:15:00,2023-12-31 01:04:42.195
1.223050028,9635456,Lukas Klein,L Klein v Cressy,80,2023-12-31 03:18:50.336,2.1,2023-12-31 03:30:00,2023-12-31 01:04:42.195
1.223050028,9635456,Lukas Klein,L Klein v Cressy,90,2023-12-31 03:40:59.591,2.02,2023-12-31 03:45:00,2023-12-31 01:04:42.195
1.223050028,9635456,Lukas Klein,L Klein v Cressy,100,2023-12-31 03:52:39.432,1.01,2023-12-31 03:53:00,2023-12-31 01:04:42.195
1.223050028,11510005,Maxime Cressy,L Klein v Cressy,0,2023-12-30 15:02:04.850,1.75,2023-12-31 01:00:00,
1.223050028,11510005,Maxime Cressy,L Klein v Cressy,10,2023-12-30 22:56:35.909,1.76,2023-12-31 01:00:00,
1.223050028,11510005,Maxime Cressy,L Klein v Cressy,20,2023-12-31 01:29:49.965,2.1,2023-12-31 01:45:00,2023-12-31 01:04:42.195
1.223050028,11510005,Maxime Cressy,L Klein v Cressy,30,2023-12-31 01:51:00.087,1.5,2023-12-31 02:00:00,2023-12-31 01:04:42.195
1.223050028,11510005,Maxime Cressy,L Klein v Cressy,40,2023-12-31 02:08:01.079,1.6,2023-12-31 02:15:00,2023-12-31 01:04:42.195
1.223050028,11510005,Maxime Cressy,L Klein v Cressy,50,2023-12-31 02:28:00.252,1.46,2023-12-31 02:30:00,2023-12-31 01:04:42.195
1.223050028,11510005,Maxime Cressy,L Klein v Cressy,60,2023-12-31 02:41:58.617,1.67,2023-12-31 02:45:00,2023-12-31 01:04:42.195
1.223050028,11510005,Maxime Cressy,L Klein v Cressy,70,2023-12-31 02:54:58.039,1.38,2023-12-31 03:00:00,2023-12-31 01:04:42.195
1.223050028,11510005,Maxime Cressy,L Klein v Cressy,80,2023-12-31 03:10:49.896,1.83,2023-12-31 03:15:00,2023-12-31 01:04:42.195
1.223050028,11510005,Maxime Cressy,L Klein v Cressy,90,2023-12-31 03:40:01.063,1.7,2023-12-31 03:45:00,2023-12-31 01:04:42.195
1.223050028,11510005,Maxime Cressy,L Klein v Cressy,100,2023-12-31 03:52:39.432,100.0,2023-12-31 03:53:00,2023-12-31 01:04:42.195
1.223050031,11439844,Aleksandar Kovacevic,Machac v Al Kovacevic,0,2023-12-30 19:04:31.599,2.68,2023-12-31 01:30:00,
1.223050031,11439844,Aleksandar Kovacevic,Machac v Al Kovacevic,10,2023-12-30 21:27:17.646,2.92,2023-12-31 01:30:00,
1.223050031,11439844,Aleksandar Kovacevic,Machac v Al Kovacevic,20,2023-12-30 22:21:13.192,2.8,2023-12-31 01:30:00,
1.223050031,11439844,Aleksandar Kovacevic,Machac v Al Kovacevic,30,2023-12-30 23:34:17.760,2.8,2023-12-31 01:30:00,
1.223050031,11439844,Aleksandar Kovacevic,Machac v Al Kovacevic,40,2023-12-31 00:38:00.990,2.8,2023-12-31 01:30:00,
1.223050031,11439844,Aleksandar Kovacevic,Machac v Al Kovacevic,50,2023-12-31 01:20:57.425,2.8,2023-12-31 01:30:00,
1.223050031,11439844,Aleksandar Kovacevic,Machac v Al Kovacevic,60,2023-12-31 01:27:02.246,2.94,2023-12-31 01:30:00,
1.223050031,11439844,Aleksandar Kovacevic,Machac v Al Kovacevic,70,2023-12-31 02:18:11.260,6.0,2023-12-31 02:30:00,2023-12-31 01:38:41.415
1.223050031,11439844,Aleksandar Kovacevic,Machac v Al Kovacevic,80,2023-12-31 02:32:00.536,50.0,2023-12-31 02:45:00,2023-12-31 01:38:41.415
1.223050031,11439844,Aleksandar Kovacevic,Machac v Al Kovacevic,90,2023-12-31 02:38:07.238,50.0,2023-12-31 02:45:00,2023-12-31 01:38:41.415
1.223050031,11439844,Aleksandar Kovacevic,Machac v Al Kovacevic,100,2023-12-31 02:50:18.662,34.0,2023-12-31 03:00:00,2023-12-31 01:38:41.415
1.223050031,16149495,Tomas Machac,Machac v Al Kovacevic,0,2023-12-30 19:11:11.060,1.52,2023-12-31 01:30:00,
1.223050031,16149495,Tomas Machac,Machac v Al Kovacevic,10,2023-12-30 22:21:13.192,1.52,2023-12-31 01:30:00,
1.223050031,16149495,Tomas Machac,Machac v Al Kovacevic,20,2023-12-31 00:39:09.405,1.51,2023-12-31 01:30:00,
1.223050031,16149495,Tomas Machac,Machac v Al Kovacevic,30,2023-12-31 01:19:17.852,1.55,2023-12-31 01:30:00,
1.223050031,16149495,Tomas Machac,Machac v Al Kovacevic,40,2023-12-31 01:43:13.647,1.54,2023-12-31 02:00:00,2023-12-31 01:38:41.415
1.223050031,16149495,Tomas Machac,Machac v Al Kovacevic,50,2023-12-31 02:09:11.045,1.27,2023-12-31 02:15:00,2023-12-31 01:38:41.415
1.223050031,16149495,Tomas Machac,Machac v Al Kovacevic,60,2023-12-31 02:24:01.641,1.06,2023-12-31 02:30:00,2023-12-31 01:38:41.415
1.223050031,16149495,Tomas Machac,Machac v Al Kovacevic,70,2023-12-31 02:26:53.852,1.07,2023-12-31 02:30:00,2023-12-31 01:38:41.415
1.223050031,16149495,Tomas Machac,Machac v Al Kovacevic,80,2023-12-31 02:35:05.555,1.01,2023-12-31 02:45:00,2023-12-31 01:38:41.415
1.223050031,16149495,Tomas Machac,Machac v Al Kovacevic,90,2023-12-31 02:46:16.011,1.04,2023-12-31 03:00:00,2023-12-31 01:38:41.415
1.223050031,16149495,Tomas Machac,Machac v Al Kovacevic,100,2023-12-31 02:54:00.324,1.02,2023-12-31 03:00:00,2023-12-31 01:38:41.415
1.223050112,5720747,Dominic Thiem,Thiem v Zeppieri,0,2023-12-30 13:19:04.128,1.3,2023-12-31 01:30:00,
1.223050112,5720747,Dominic Thiem,Thiem v Zeppieri,10,2023-12-30 22:53:06.974,1.55,2023-12-31 01:30:00,
1.223050112,5720747,Dominic Thiem,Thiem v Zeppieri,20,2023-12-31 01:32:23.447,1.5,2023-12-31 01:45:00,
1.223050112,5720747,Dominic Thiem,Thiem v Zeppieri,30,2023-12-31 02:04:41.208,2.4,2023-12-31 02:15:00,2023-12-31 01:39:05.551
1.223050112,5720747,Dominic Thiem,Thiem v Zeppieri,40,2023-12-31 02:36:07.058,2.34,2023-12-31 02:45:00,2023-12-31 01:39:05.551
1.223050112,5720747,Dominic Thiem,Thiem v Zeppieri,50,2023-12-31 02:55:08.936,2.94,2023-12-31 03:00:00,2023-12-31 01:39:05.551
1.223050112,5720747,Dominic Thiem,Thiem v Zeppieri,60,2023-12-31 03:11:07.577,2.84,2023-12-31 03:15:00,2023-12-31 01:39:05.551
1.223050112,5720747,Dominic Thiem,Thiem v Zeppieri,70,2023-12-31 03:28:08.736,2.68,2023-12-31 03:30:00,2023-12-31 01:39:05.551
1.223050112,5720747,Dominic Thiem,Thiem v Zeppieri,80,2023-12-31 03:45:07.165,1.49,2023-12-31 04:00:00,2023-12-31 01:39:05.551
1.223050112,5720747,Dominic Thiem,Thiem v Zeppieri,90,2023-12-31 03:58:08.705,2.2,2023-12-31 04:15:00,2023-12-31 01:39:05.551
1.223050112,5720747,Dominic Thiem,Thiem v Zeppieri,100,2023-12-31 04:15:07.815,1.05,2023-12-31 04:30:00,2023-12-31 01:39:05.551
1.223050112,12154088,Giulio Zeppieri,Thiem v Zeppieri,0,2023-12-30 16:26:04.524,2.92,2023-12-31 01:30:00,
1.223050112,12154088,Giulio Zeppieri,Thiem v Zeppieri,10,2023-12-30 22:36:01.558,2.76,2023-12-31 01:30:00,
1.223050112,12154088,Giulio Zeppieri,Thiem v Zeppieri,20,2023-12-31 01:32:05.523,3.0,2023-12-31 01:45:00,
1.223050112,12154088,Giulio Zeppieri,Thiem v Zeppieri,30,2023-12-31 02:10:57.121,1.74,2023-12-31 02:15:00,2023-12-31 01:39:05.551
1.223050112,12154088,Giulio Zeppieri,Thiem v Zeppieri,40,2023-12-31 02:28:53.278,1.44,2023-12-31 02:45:00,2023-12-31 01:39:05.551
1.223050112,12154088,Giulio Zeppieri,Thiem v Zeppieri,50,2023-12-31 02:51:05.864,1.27,2023-12-31 03:00:00,2023-12-31 01:39:05.551
1.223050112,12154088,Giulio Zeppieri,Thiem v Zeppieri,60,2023-12-31 03:04:02.293,1.59,2023-12-31 03:15:00,2023-12-31 01:39:05.551
1.223050112,12154088,Giulio Zeppieri,Thiem v Zeppieri,70,2023-12-31 03:17:05.534,2.48,2023-12-31 03:30:00,2023-12-31 01:39:05.551
1.223050112,12154088,Giulio Zeppieri,Thiem v Zeppieri,80,2023-12-31 03:45:07.165,3.0,2023-12-31 04:00:00,2023-12-31 01:39:05.551
1.223050112,12154088,Giulio Zeppieri,Thiem v Zeppieri,90,2023-12-31 03:58:08.705,1.83,2023-12-31 04:15:00,2023-12-31 01:39:05.551
1.223050112,12154088,Giulio Zeppieri,Thiem v Zeppieri,100,2023-12-31 04:14:08.505,4.0,2023-12-31 04:30:00,2023-12-31 01:39:05.551
1.223051172,26402939,Terence Atmane,Hong Wong v Atmane,0,2023-12-30 17:39:19.736,1.04,2023-12-31 06:00:00,
1.223051172,26402939,Terence Atmane,Hong Wong v Atmane,10,2023-12-31 05:03:05.218,1.04,2023-12-31 07:15:00,
1.223051172,26402939,Terence Atmane,Hong Wong v Atmane,20,2023-12-31 05:20:33.027,1.04,2023-12-31 07:30:00,
1.223051172,26402939,Terence Atmane,Hong Wong v Atmane,30,2023-12-31 05:56:01.993,1.08,2023-12-31 08:00:00,2023-12-31 05:33:40.965
1.223051172,26402939,Terence Atmane,Hong Wong v Atmane,40,2023-12-31 06:04:47.714,1.26,2023-12-31 08:15:00,2023-12-31 05:33:40.965
1.223051172,26402939,Terence Atmane,Hong Wong v Atmane,50,2023-12-31 06:09:02.742,1.25,2023-12-31 08:15:00,2023-12-31 05:33:40.965
1.223051172,26402939,Terence Atmane,Hong Wong v Atmane,60,2023-12-31 06:14:08.989,1.25,2023-12-31 08:30:00,2023-12-31 05:33:40.965
1.223051172,26402939,Terence Atmane,Hong Wong v Atmane,70,2023-12-31 06:17:49.803,1.04,2023-12-31 08:30:00,2023-12-31 05:33:40.965
1.223051172,26402939,Terence Atmane,Hong Wong v Atmane,80,2023-12-31 06:20:09.205,1.04,2023-12-31 08:30:00,2023-12-31 05:33:40.965
1.223051172,26402939,Terence Atmane,Hong Wong v Atmane,90,2023-12-31 06:29:59.044,1.03,2023-12-31 08:30:00,2023-12-31 05:33:40.965
1.223051172,26402939,Terence Atmane,Hong Wong v Atmane,100,2023-12-31 06:37:25.072,1.01,2023-12-31 08:45:00,2023-12-31 05:33:40.965
1.223051173,9433864,Vitaliy Sachko,Piros v Vi Sachko,0,2023-12-30 13:58:25.072,2.12,2023-12-31 08:00:00,
1.223051173,9433864,Vitaliy Sachko,Piros v Vi Sachko,10,2023-12-31 04:40:01.268,1.95,2023-12-31 08:45:00,
1.223051173,9433864,Vitaliy Sachko,Piros v Vi Sachko,20,2023-12-31 08:11:13.136,2.14,2023-12-31 08:15:00,2023-12-31 08:05:05.833
1.223051173,9433864,Vitaliy Sachko,Piros v Vi Sachko,30,2023-12-31 08:24:12.935,2.2,2023-12-31 08:30:00,2023-12-31 08:05:05.833
1.223051173,9433864,Vitaliy Sachko,Piros v Vi Sachko,40,2023-12-31 08:36:12.438,1.52,2023-12-31 08:45:00,2023-12-31 08:05:05.833
1.223051173,9433864,Vitaliy Sachko,Piros v Vi Sachko,50,2023-12-31 08:45:13.209,1.74,2023-12-31 09:00:00,2023-12-31 08:05:05.833
1.223051173,9433864,Vitaliy Sachko,Piros v Vi Sachko,60,2023-12-31 08:56:12.115,1.57,2023-12-31 09:00:00,2023-12-31 08:05:05.833
1.223051173,9433864,Vitaliy Sachko,Piros v Vi Sachko,70,2023-12-31 09:07:11.674,1.32,2023-12-31 09:15:00,2023-12-31 08:05:05.833
1.223051173,9433864,Vitaliy Sachko,Piros v Vi Sachko,80,2023-12-31 09:19:11.703,1.7,2023-12-31 09:30:00,2023-12-31 08:05:05.833
1.223051173,9433864,Vitaliy Sachko,Piros v Vi Sachko,90,2023-12-31 09:27:11.312,1.58,2023-12-31 09:30:00,2023-12-31 08:05:05.833
1.223051173,9433864,Vitaliy Sachko,Piros v Vi Sachko,100,2023-12-31 09:42:08.741,1.01,2023-12-31 09:45:00,2023-12-31 08:05:05.833
1.223051173,10410254,Zsombor Piros,Piros v Vi Sachko,0,2023-12-30 13:58:25.072,1.88,2023-12-31 08:00:00,
1.223051173,10410254,Zsombor Piros,Piros v Vi Sachko,10,2023-12-31 03:40:24.801,1.97,2023-12-31 08:00:00,
1.223051173,10410254,Zsombor Piros,Piros v Vi Sachko,20,2023-12-31 08:19:10.896,1.83,2023-12-31 08:30:00,2023-12-31 08:05:05.833
1.223051173,10410254,Zsombor Piros,Piros v Vi Sachko,30,2023-12-31 08:29:12.787,1.75,2023-12-31 08:45:00,2023-12-31 08:05:05.833
1.223051173,10410254,Zsombor Piros,Piros v Vi Sachko,40,2023-12-31 08:37:10.183,3.6,2023-12-31 08:45:00,2023-12-31 08:05:05.833
1.223051173,10410254,Zsombor Piros,Piros v Vi Sachko,50,2023-12-31 08:46:10.813,1.9,2023-12-31 09:00:00,2023-12-31 08:05:05.833
1.223051173,10410254,Zsombor Piros,Piros v Vi Sachko,60,2023-12-31 08:55:11.990,2.52,2023-12-31 09:00:00,2023-12-31 08:05:05.833
1.223051173,10410254,Zsombor Piros,Piros v Vi Sachko,70,2023-12-31 09:05:12.250,3.95,2023-12-31 09:15:00,2023-12-31 08:05:05.833
1.223051173,10410254,Zsombor Piros,Piros v Vi Sachko,80,2023-12-31 09:14:11.047,2.36,2023-12-31 09:15:00,2023-12-31 08:05:05.833
1.223051173,10410254,Zsombor Piros,Piros v Vi Sachko,90,2023-12-31 09:24:12.253,3.0,2023-12-31 09:30:00,2023-12-31 08:05:05.833
1.223051173,10410254,Zsombor Piros,Piros v Vi Sachko,100,2023-12-31 09:39:09.429,50.0,2023-12-31 09:45:00,2023-12-31 08:05:05.833
1.223051174,5626816,Liam Broady,L Broady v Dougaz,0,2023-12-31 00:20:01.340,1.48,2023-12-31 08:00:00,
1.223051174,5626816,Liam Broady,L Broady v Dougaz,10,2023-12-31 07:03:49.028,1.48,2023-12-31 11:15:00,2023-12-31 06:56:11.427
1.223051174,5626816,Liam Broady,L Broady v Dougaz,20,2023-12-31 07:13:06.970,1.2,2023-12-31 11:15:00,2023-12-31 06:56:11.427
1.223051174,5626816,Liam Broady,L Broady v Dougaz,30,2023-12-31 07:20:13.196,1.32,2023-12-31 11:30:00,2023-12-31 06:56:11.427
1.223051174,5626816,Liam Broady,L Broady v Dougaz,40,2023-12-31 07:24:07.469,1.31,2023-12-31 11:30:00,2023-12-31 06:56:11.427
1.223051174,5626816,Liam Broady,L Broady v Dougaz,50,2023-12-31 07:31:11.986,1.28,2023-12-31 11:30:00,2023-12-31 06:56:11.427
1.223051174,5626816,Liam Broady,L Broady v Dougaz,60,2023-12-31 07:43:01.798,1.15,2023-12-31 07:56:00,2023-12-31 06:56:11.427
1.223051174,5626816,Liam Broady,L Broady v Dougaz,70,2023-12-31 07:51:06.553,1.07,2023-12-31 07:56:00,2023-12-31 06:56:11.427
1.223051174,5626816,Liam Broady,L Broady v Dougaz,80,2023-12-31 07:54:46.050,1.07,2023-12-31 07:56:00,2023-12-31 06:56:11.427
1.223051174,5626816,Liam Broady,L Broady v Dougaz,90,2023-12-31 08:06:04.998,1.06,2023-12-31 08:11:00,2023-12-31 06:56:11.427
1.223051174,5626816,Liam Broady,L Broady v Dougaz,100,2023-12-31 08:20:57.057,1.01,2023-12-31 08:26:00,2023-12-31 06:56:11.427
1.223051174,9632269,Aziz Dougaz,L Broady v Dougaz,0,2023-12-31 00:20:01.340,3.05,2023-12-31 08:00:00,
1.223051174,9632269,Aziz Dougaz,L Broady v Dougaz,10,2023-12-31 07:14:08.431,3.35,2023-12-31 11:15:00,2023-12-31 06:56:11.427
1.223051174,9632269,Aziz Dougaz,L Broady v Dougaz,20,2023-12-31 07:18:05.754,4.2,2023-12-31 11:30:00,2023-12-31 06:56:11.427
1.223051174,9632269,Aziz Dougaz,L Broady v Dougaz,30,2023-12-31 07:27:12.539,3.2,2023-12-31 11:30:00,2023-12-31 06:56:11.427
1.223051174,9632269,Aziz Dougaz,L Broady v Dougaz,40,2023-12-31 07:31:11.986,4.5,2023-12-31 11:30:00,2023-12-31 06:56:11.427
1.223051174,9632269,Aziz Dougaz,L Broady v Dougaz,50,2023-12-31 07:46:59.163,6.0,2023-12-31 07:56:00,2023-12-31 06:56:11.427
1.223051174,9632269,Aziz Dougaz,L Broady v Dougaz,60,2023-12-31 07:50:09.876,11.0,2023-12-31 07:56:00,2023-12-31 06:56:11.427
1.223051174,9632269,Aziz Dougaz,L Broady v Dougaz,70,2023-12-31 07:51:06.553,15.0,2023-12-31 07:56:00,2023-12-31 06:56:11.427
1.223051174,9632269,Aziz Dougaz,L Broady v Dougaz,80,2023-12-31 07:54:46.050,15.0,2023-12-31 07:56:00,2023-12-31 06:56:11.427
1.223051174,9632269,Aziz Dougaz,L Broady v Dougaz,90,2023-12-31 08:15:13.010,12.5,2023-12-31 08:26:00,2023-12-31 06:56:11.427
1.223051174,9632269,Aziz Dougaz,L Broady v Dougaz,100,2023-12-31 08:18:09.718,11.0,2023-12-31 08:26:00,2023-12-31 06:56:11.427
1.22305135,8679715,Jan Choinski,Choinski v Ziz Bergs,0,2023-12-31 00:08:48.369,2.2,2023-12-31 04:00:00,
1.22305135,8679715,Jan Choinski,Choinski v Ziz Bergs,10,2023-12-31 04:20:16.235,8.4,2023-12-31 04:30:00,2023-12-31 04:10:18.990
1.22305135,8679715,Jan Choinski,Choinski v Ziz Bergs,20,2023-12-31 04:34:14.710,5.0,2023-12-31 04:45:00,2023-12-31 04:10:18.990
1.22305135,8679715,Jan Choinski,Choinski v Ziz Bergs,30,2023-12-31 04:36:12.615,1.68,2023-12-31 04:45:00,2023-12-31 04:10:18.990
1.22305135,8679715,Jan Choinski,Choinski v Ziz Bergs,40,2023-12-31 04:38:13.538,2.0,2023-12-31 04:45:00,2023-12-31 04:10:18.990
1.22305135,8679715,Jan Choinski,Choinski v Ziz Bergs,50,2023-12-31 04:40:13.890,1.52,2023-12-31 04:45:00,2023-12-31 04:10:18.990
1.22305135,8679715,Jan Choinski,Choinski v Ziz Bergs,60,2023-12-31 04:41:17.440,1.5,2023-12-31 04:45:00,2023-12-31 04:10:18.990
1.22305135,8679715,Jan Choinski,Choinski v Ziz Bergs,70,2023-12-31 04:58:17.231,1.4,2023-12-31 05:00:00,2023-12-31 04:10:18.990
1.22305135,8679715,Jan Choinski,Choinski v Ziz Bergs,80,2023-12-31 05:08:57.300,1.9,2023-12-31 05:15:00,2023-12-31 04:10:18.990
1.22305135,8679715,Jan Choinski,Choinski v Ziz Bergs,90,2023-12-31 05:11:18.152,1.5,2023-12-31 05:15:00,2023-12-31 04:10:18.990
1.22305135,8679715,Jan Choinski,Choinski v Ziz Bergs,100,2023-12-31 05:14:11.500,1.31,2023-12-31 05:15:00,2023-12-31 04:10:18.990
1.22305135,9634024,Zizou Bergs,Choinski v Ziz Bergs,0,2023-12-30 14:20:03.964,1.53,2023-12-31 04:00:00,
1.22305135,9634024,Zizou Bergs,Choinski v Ziz Bergs,10,2023-12-30 16:05:43.842,1.37,2023-12-31 04:00:00,
1.22305135,9634024,Zizou Bergs,Choinski v Ziz Bergs,20,2023-12-31 03:59:01.126,1.5,2023-12-31 04:00:00,
1.22305135,9634024,Zizou Bergs,Choinski v Ziz Bergs,30,2023-12-31 04:21:17.528,1.03,2023-12-31 04:30:00,2023-12-31 04:10:18.990
1.22305135,9634024,Zizou Bergs,Choinski v Ziz Bergs,40,2023-12-31 04:24:17.258,1.49,2023-12-31 04:30:00,2023-12-31 04:10:18.990
1.22305135,9634024,Zizou Bergs,Choinski v Ziz Bergs,50,2023-12-31 04:33:14.137,2.4,2023-12-31 04:45:00,2023-12-31 04:10:18.990
1.22305135,9634024,Zizou Bergs,Choinski v Ziz Bergs,60,2023-12-31 04:35:16.450,1.85,2023-12-31 04:45:00,2023-12-31 04:10:18.990
1.22305135,9634024,Zizou Bergs,Choinski v Ziz Bergs,70,2023-12-31 04:39:17.619,1.55,2023-12-31 04:45:00,2023-12-31 04:10:18.990
1.22305135,9634024,Zizou Bergs,Choinski v Ziz Bergs,80,2023-12-31 04:41:17.440,3.0,2023-12-31 04:45:00,2023-12-31 04:10:18.990
1.22305135,9634024,Zizou Bergs,Choinski v Ziz Bergs,90,2023-12-31 05:03:18.126,6.0,2023-12-31 05:15:00,2023-12-31 04:10:18.990
1.22305135,9634024,Zizou Bergs,Choinski v Ziz Bergs,100,2023-12-31 05:11:18.152,3.0,2023-12-31 05:15:00,2023-12-31 04:10:18.990
1.223051366,8622401,Joris De Loore,Burruchaga v Joris De Loore,0,2023-12-30 16:55:02.990,1.67,2023-12-31 06:00:00,
1.223051366,8622401,Joris De Loore,Burruchaga v Joris De Loore,10,2023-12-31 06:04:09.402,1.67,2023-12-31 08:15:00,2023-12-31 05:33:28.338
1.223051366,8622401,Joris De Loore,Burruchaga v Joris De Loore,20,2023-12-31 06:19:20.423,1.59,2023-12-31 08:30:00,2023-12-31 05:33:28.338
1.223051366,8622401,Joris De Loore,Burruchaga v Joris De Loore,30,2023-12-31 06:34:13.600,1.32,2023-12-31 08:45:00,2023-12-31 05:33:28.338
1.223051366,8622401,Joris De Loore,Burruchaga v Joris De Loore,40,2023-12-31 06:52:20.889,1.04,2023-12-31 09:00:00,2023-12-31 05:33:28.338
1.223051366,8622401,Joris De Loore,Burruchaga v Joris De Loore,50,2023-12-31 07:07:19.662,1.04,2023-12-31 09:15:00,2023-12-31 05:33:28.338
1.223051366,8622401,Joris De Loore,Burruchaga v Joris De Loore,60,2023-12-31 07:20:09.075,1.3,2023-12-31 09:30:00,2023-12-31 05:33:28.338
1.223051366,8622401,Joris De Loore,Burruchaga v Joris De Loore,70,2023-12-31 07:32:18.897,1.52,2023-12-31 09:30:00,2023-12-31 05:33:28.338
1.223051366,8622401,Joris De Loore,Burruchaga v Joris De Loore,80,2023-12-31 07:46:10.538,1.92,2023-12-31 07:56:00,2023-12-31 05:33:28.338
1.223051366,8622401,Joris De Loore,Burruchaga v Joris De Loore,90,2023-12-31 08:03:20.934,4.4,2023-12-31 08:11:00,2023-12-31 05:33:28.338
1.223051366,8622401,Joris De Loore,Burruchaga v Joris De Loore,100,2023-12-31 08:19:20.991,13.5,2023-12-31 08:26:00,2023-12-31 05:33:28.338
1.223051366,19249207,Roman Andres Burruchaga,Burruchaga v Joris De Loore,0,2023-12-31 00:16:15.175,2.48,2023-12-31 06:00:00,
1.223051366,19249207,Roman Andres Burruchaga,Burruchaga v Joris De Loore,10,2023-12-31 06:11:11.721,2.58,2023-12-31 08:15:00,2023-12-31 05:33:28.338
1.223051366,19249207,Roman Andres Burruchaga,Burruchaga v Joris De Loore,20,2023-12-31 06:23:21.212,4.5,2023-12-31 08:30:00,2023-12-31 05:33:28.338
1.223051366,19249207,Roman Andres Burruchaga,Burruchaga v Joris De Loore,30,2023-12-31 06:40:19.681,2.66,2023-12-31 08:45:00,2023-12-31 05:33:28.338
1.223051366,19249207,Roman Andres Burruchaga,Burruchaga v Joris De Loore,40,2023-12-31 06:55:06.722,5.0,2023-12-31 09:00:00,2023-12-31 05:33:28.338
1.223051366,19249207,Roman Andres Burruchaga,Burruchaga v Joris De Loore,50,2023-12-31 07:21:08.787,2.56,2023-12-31 09:30:00,2023-12-31 05:33:28.338
1.223051366,19249207,Roman Andres Burruchaga,Burruchaga v Joris De Loore,60,2023-12-31 07:33:21.175,8.6,2023-12-31 09:45:00,2023-12-31 05:33:28.338
1.223051366,19249207,Roman Andres Burruchaga,Burruchaga v Joris De Loore,70,2023-12-31 07:49:17.958,2.42,2023-12-31 07:56:00,2023-12-31 05:33:28.338
1.223051366,19249207,Roman Andres Burruchaga,Burruchaga v Joris De Loore,80,2023-12-31 08:02:19.864,1.81,2023-12-31 08:11:00,2023-12-31 05:33:28.338
1.223051366,19249207,Roman Andres Burruchaga,Burruchaga v Joris De Loore,90,2023-12-31 08:10:18.286,1.04,2023-12-31 08:11:00,2023-12-31 05:33:28.338
1.223051366,19249207,Roman Andres Burruchaga,Burruchaga v Joris De Loore,100,2023-12-31 08:22:18.771,1.01,2023-12-31 08:26:00,2023-12-31 05:33:28.338
1.223051383,9258744,Sho Shimabukuro,Huesler v Shimabukuro,0,2023-12-30 15:30:40.042,1.9,2023-12-31 04:00:00,
1.223051383,9258744,Sho Shimabukuro,Huesler v Shimabukuro,10,2023-12-30 22:41:33.438,1.74,2023-12-31 04:00:00,
1.223051383,9258744,Sho Shimabukuro,Huesler v Shimabukuro,20,2023-12-30 23:31:49.597,1.98,2023-12-31 04:00:00,
1.223051383,9258744,Sho Shimabukuro,Huesler v Shimabukuro,30,2023-12-31 04:59:12.113,1.35,2023-12-31 05:00:00,2023-12-31 04:10:18.973
1.223051383,9258744,Sho Shimabukuro,Huesler v Shimabukuro,40,2023-12-31 05:06:17.128,2.3,2023-12-31 05:15:00,2023-12-31 04:10:18.973
1.223051383,9258744,Sho Shimabukuro,Huesler v Shimabukuro,50,2023-12-31 05:08:02.234,1.36,2023-12-31 05:15:00,2023-12-31 04:10:18.973
1.223051383,9258744,Sho Shimabukuro,Huesler v Shimabukuro,60,2023-12-31 05:20:20.852,1.27,2023-12-31 05:30:00,2023-12-31 04:10:18.973
1.223051383,9258744,Sho Shimabukuro,Huesler v Shimabukuro,70,2023-12-31 05:22:20.839,3.5,2023-12-31 05:30:00,2023-12-31 04:10:18.973
1.223051383,9258744,Sho Shimabukuro,Huesler v Shimabukuro,80,2023-12-31 05:24:19.593,1.52,2023-12-31 05:30:00,2023-12-31 04:10:18.973
1.223051383,9258744,Sho Shimabukuro,Huesler v Shimabukuro,90,2023-12-31 05:28:18.803,4.3,2023-12-31 05:30:00,2023-12-31 04:10:18.973
1.223051383,9258744,Sho Shimabukuro,Huesler v Shimabukuro,100,2023-12-31 05:34:20.278,100.0,2023-12-31 05:45:00,2023-12-31 04:10:18.973
1.223051383,9631939,Marc-Andrea Huesler,Huesler v Shimabukuro,0,2023-12-30 16:02:35.663,1.73,2023-12-31 04:00:00,
1.223051383,9631939,Marc-Andrea Huesler,Huesler v Shimabukuro,10,2023-12-31 03:01:11.336,1.89,2023-12-31 04:00:00,
1.223051383,9631939,Marc-Andrea Huesler,Huesler v Shimabukuro,20,2023-12-31 04:43:19.997,1.04,2023-12-31 05:00:00,2023-12-31 04:10:18.973
1.223051383,9631939,Marc-Andrea Huesler,Huesler v Shimabukuro,30,2023-12-31 04:55:19.698,1.15,2023-12-31 05:00:00,2023-12-31 04:10:18.973
1.223051383,9631939,Marc-Andrea Huesler,Huesler v Shimabukuro,40,2023-12-31 04:59:12.113,1.08,2023-12-31 05:00:00,2023-12-31 04:10:18.973
1.223051383,9631939,Marc-Andrea Huesler,Huesler v Shimabukuro,50,2023-12-31 05:08:02.234,3.75,2023-12-31 05:15:00,2023-12-31 04:10:18.973
1.223051383,9631939,Marc-Andrea Huesler,Huesler v Shimabukuro,60,2023-12-31 05:11:20.414,1.18,2023-12-31 05:15:00,2023-12-31 04:10:18.973
1.223051383,9631939,Marc-Andrea Huesler,Huesler v Shimabukuro,70,2023-12-31 05:19:21.242,1.88,2023-12-31 05:30:00,2023-12-31 04:10:18.973
1.223051383,9631939,Marc-Andrea Huesler,Huesler v Shimabukuro,80,2023-12-31 05:22:20.839,1.2,2023-12-31 05:30:00,2023-12-31 04:10:18.973
1.223051383,9631939,Marc-Andrea Huesler,Huesler v Shimabukuro,90,2023-12-31 05:27:17.846,1.36,2023-12-31 05:30:00,2023-12-31 04:10:18.973
1.223051383,9631939,Marc-Andrea Huesler,Huesler v Shimabukuro,100,2023-12-31 05:34:20.278,1.01,2023-12-31 05:45:00,2023-12-31 04:10:18.973
1.22305151,9350385,Jaume Munar,Munar v Ot Virtanen,0,2023-12-30 22:40:30.931,2.34,2023-12-31 06:00:00,
1.22305151,9350385,Jaume Munar,Munar v Ot Virtanen,10,2023-12-31 05:50:18.526,2.56,2023-12-31 08:00:00,2023-12-31 05:34:17.813
1.22305151,9350385,Jaume Munar,Munar v Ot Virtanen,20,2023-12-31 06:13:31.773,1.01,2023-12-31 08:30:00,2023-12-31 05:34:17.813
1.22305151,9350385,Jaume Munar,Munar v Ot Virtanen,30,2023-12-31 06:27:03.741,1.84,2023-12-31 08:30:00,2023-12-31 05:34:17.813
1.22305151,9350385,Jaume Munar,Munar v Ot Virtanen,40,2023-12-31 06:37:18.598,1.18,2023-12-31 08:45:00,2023-12-31 05:34:17.813
1.22305151,9350385,Jaume Munar,Munar v Ot Virtanen,50,2023-12-31 06:50:22.136,1.73,2023-12-31 09:00:00,2023-12-31 05:34:17.813
1.22305151,9350385,Jaume Munar,Munar v Ot Virtanen,60,2023-12-31 06:59:25.170,1.44,2023-12-31 09:00:00,2023-12-31 05:34:17.813
1.22305151,9350385,Jaume Munar,Munar v Ot Virtanen,70,2023-12-31 07:08:25.753,1.63,2023-12-31 09:15:00,2023-12-31 05:34:17.813
1.22305151,9350385,Jaume Munar,Munar v Ot Virtanen,80,2023-12-31 07:16:22.669,2.1,2023-12-31 09:15:00,2023-12-31 05:34:17.813
1.22305151,9350385,Jaume Munar,Munar v Ot Virtanen,90,2023-12-31 07:27:16.246,2.46,2023-12-31 09:30:00,2023-12-31 05:34:17.813
1.22305151,9350385,Jaume Munar,Munar v Ot Virtanen,100,2023-12-31 07:39:18.428,34.0,2023-12-31 07:40:00,2023-12-31 05:34:17.813
1.22305151,11694730,Otto Virtanen,Munar v Ot Virtanen,0,2023-12-30 15:26:29.516,1.9,2023-12-31 06:00:00,
1.22305151,11694730,Otto Virtanen,Munar v Ot Virtanen,10,2023-12-30 23:39:30.466,1.73,2023-12-31 06:00:00,
1.22305151,11694730,Otto Virtanen,Munar v Ot Virtanen,20,2023-12-31 05:49:13.495,1.79,2023-12-31 08:00:00,2023-12-31 05:34:17.813
1.22305151,11694730,Otto Virtanen,Munar v Ot Virtanen,30,2023-12-31 05:58:04.219,1.8,2023-12-31 08:00:00,2023-12-31 05:34:17.813
1.22305151,11694730,Otto Virtanen,Munar v Ot Virtanen,40,2023-12-31 06:35:23.877,2.66,2023-12-31 08:45:00,2023-12-31 05:34:17.813
1.22305151,11694730,Otto Virtanen,Munar v Ot Virtanen,50,2023-12-31 06:53:12.539,1.52,2023-12-31 09:00:00,2023-12-31 05:34:17.813
1.22305151,11694730,Otto Virtanen,Munar v Ot Virtanen,60,2023-12-31 07:02:23.642,1.25,2023-12-31 09:00:00,2023-12-31 05:34:17.813
1.22305151,11694730,Otto Virtanen,Munar v Ot Virtanen,70,2023-12-31 07:13:25.193,2.08,2023-12-31 09:15:00,2023-12-31 05:34:17.813
1.22305151,11694730,Otto Virtanen,Munar v Ot Virtanen,80,2023-12-31 07:25:25.827,1.7,2023-12-31 09:30:00,2023-12-31 05:34:17.813
1.22305151,11694730,Otto Virtanen,Munar v Ot Virtanen,90,2023-12-31 07:33:25.773,1.12,2023-12-31 09:45:00,2023-12-31 05:34:17.813
1.22305151,11694730,Otto Virtanen,Munar v Ot Virtanen,100,2023-12-31 07:39:18.428,1.01,2023-12-31 07:40:00,2023-12-31 05:34:17.813
1.223054833,8460175,Naoki Nakagawa,Tseng v Nakagawa,0,2023-12-30 23:10:28.695,2.5,2023-12-31 03:00:00,
1.223054833,8460175,Naoki Nakagawa,Tseng v Nakagawa,10,2023-12-31 05:18:16.037,3.75,2023-12-31 07:30:00,2023-12-31 04:44:18.006
1.223054833,8460175,Naoki Nakagawa,Tseng v Nakagawa,20,2023-12-31 05:31:12.012,1.02,2023-12-31 07:45:00,2023-12-31 04:44:18.006
1.223054833,8460175,Naoki Nakagawa,Tseng v Nakagawa,30,2023-12-31 05:55:11.322,3.45,2023-12-31 08:00:00,2023-12-31 04:44:18.006
1.223054833,8460175,Naoki Nakagawa,Tseng v Nakagawa,40,2023-12-31 06:00:16.639,1.3,2023-12-31 08:15:00,2023-12-31 04:44:18.006
1.223054833,8460175,Naoki Nakagawa,Tseng v Nakagawa,50,2023-12-31 06:01:10.652,1.91,2023-12-31 08:15:00,2023-12-31 04:44:18.006
1.223054833,8460175,Naoki Nakagawa,Tseng v Nakagawa,60,2023-12-31 06:04:09.817,1.14,2023-12-31 06:18:00,2023-12-31 04:44:18.006
1.223054833,8460175,Naoki Nakagawa,Tseng v Nakagawa,70,2023-12-31 06:07:17.741,3.3,2023-12-31 06:18:00,2023-12-31 04:44:18.006
1.223054833,8460175,Naoki Nakagawa,Tseng v Nakagawa,80,2023-12-31 06:08:13.051,4.3,2023-12-31 06:18:00,2023-12-31 04:44:18.006
1.223054833,8460175,Naoki Nakagawa,Tseng v Nakagawa,90,2023-12-31 06:15:08.919,7.2,2023-12-31 06:18:00,2023-12-31 04:44:18.006
1.223054833,8460175,Naoki Nakagawa,Tseng v Nakagawa,100,2023-12-31 06:20:16.573,100.0,2023-12-31 06:21:00,2023-12-31 04:44:18.006
1.223054833,24432271,Chun-Hsin Tseng,Tseng v Nakagawa,0,2023-12-30 16:47:52.017,1.45,2023-12-31 03:00:00,
1.223054833,24432271,Chun-Hsin Tseng,Tseng v Nakagawa,10,2023-12-31 02:13:14.328,1.52,2023-12-31 03:00:00,
1.223054833,24432271,Chun-Hsin Tseng,Tseng v Nakagawa,20,2023-12-31 05:16:13.743,4.0,2023-12-31 07:30:00,2023-12-31 04:44:18.006
1.223054833,24432271,Chun-Hsin Tseng,Tseng v Nakagawa,30,2023-12-31 05:35:07.301,1.4,2023-12-31 07:45:00,2023-12-31 04:44:18.006
1.223054833,24432271,Chun-Hsin Tseng,Tseng v Nakagawa,40,2023-12-31 05:51:12.288,1.36,2023-12-31 08:00:00,2023-12-31 04:44:18.006
1.223054833,24432271,Chun-Hsin Tseng,Tseng v Nakagawa,50,2023-12-31 05:55:11.322,1.4,2023-12-31 08:00:00,2023-12-31 04:44:18.006
1.223054833,24432271,Chun-Hsin Tseng,Tseng v Nakagawa,60,2023-12-31 05:58:17.716,1.12,2023-12-31 08:15:00,2023-12-31 04:44:18.006
1.223054833,24432271,Chun-Hsin Tseng,Tseng v Nakagawa,70,2023-12-31 06:01:10.652,2.08,2023-12-31 08:15:00,2023-12-31 04:44:18.006
1.223054833,24432271,Chun-Hsin Tseng,Tseng v Nakagawa,80,2023-12-31 06:07:17.741,1.43,2023-12-31 06:18:00,2023-12-31 04:44:18.006
1.223054833,24432271,Chun-Hsin Tseng,Tseng v Nakagawa,90,2023-12-31 06:15:08.919,1.54,2023-12-31 06:18:00,2023-12-31 04:44:18.006
1.223054833,24432271,Chun-Hsin Tseng,Tseng v Nakagawa,100,2023-12-31 06:20:16.573,1.01,2023-12-31 06:21:00,2023-12-31 04:44:18.006
1.223055089,12579935,Arthur Weber,O Ayeni v Ar Weber,0,2023-12-30 19:44:38.363,2.14,2023-12-31 03:00:00,
1.223055089,12579935,Arthur Weber,O Ayeni v Ar Weber,10,2023-12-30 21:37:45.786,2.12,2023-12-31 03:00:00,
1.223055089,12579935,Arthur Weber,O Ayeni v Ar Weber,20,2023-12-31 03:21:30.560,1.03,2023-12-31 03:30:00,2023-12-31 03:14:04.169
1.223055089,12579935,Arthur Weber,O Ayeni v Ar Weber,30,2023-12-31 03:47:32.785,1.03,2023-12-31 04:00:00,2023-12-31 03:14:04.169
1.223055089,12579935,Arthur Weber,O Ayeni v Ar Weber,40,2023-12-31 03:49:08.088,1.17,2023-12-31 04:00:00,2023-12-31 03:14:04.169
1.223055089,12579935,Arthur Weber,O Ayeni v Ar Weber,50,2023-12-31 03:51:53.990,1.01,2023-12-31 04:00:00,2023-12-31 03:14:04.169
1.223055089,12579935,Arthur Weber,O Ayeni v Ar Weber,60,2023-12-31 03:59:21.261,1.03,2023-12-31 04:15:00,2023-12-31 03:14:04.169
1.223055089,12579935,Arthur Weber,O Ayeni v Ar Weber,70,2023-12-31 04:04:31.202,1.97,2023-12-31 04:15:00,2023-12-31 03:14:04.169
1.223055089,12579935,Arthur Weber,O Ayeni v Ar Weber,80,2023-12-31 04:14:29.721,4.3,2023-12-31 04:30:00,2023-12-31 03:14:04.169
1.223055089,12579935,Arthur Weber,O Ayeni v Ar Weber,90,2023-12-31 04:20:30.306,1.57,2023-12-31 04:30:00,2023-12-31 03:14:04.169
1.223055089,12579935,Arthur Weber,O Ayeni v Ar Weber,100,2023-12-31 04:40:33.045,1.01,2023-12-31 04:45:00,2023-12-31 03:14:04.169
1.223055089,13181138,Alafia Ayeni,O Ayeni v Ar Weber,0,2023-12-30 21:37:45.786,1.88,2023-12-31 03:00:00,
1.223055089,13181138,Alafia Ayeni,O Ayeni v Ar Weber,10,2023-12-31 02:59:25.072,1.63,2023-12-31 03:00:00,
1.223055089,13181138,Alafia Ayeni,O Ayeni v Ar Weber,20,2023-12-31 03:21:30.560,34.0,2023-12-31 03:30:00,2023-12-31 03:14:04.169
1.223055089,13181138,Alafia Ayeni,O Ayeni v Ar Weber,30,2023-12-31 03:30:28.522,1.07,2023-12-31 03:45:00,2023-12-31 03:14:04.169
1.223055089,13181138,Alafia Ayeni,O Ayeni v Ar Weber,40,2023-12-31 03:47:32.785,34.0,2023-12-31 04:00:00,2023-12-31 03:14:04.169
1.223055089,13181138,Alafia Ayeni,O Ayeni v Ar Weber,50,2023-12-31 03:50:31.435,1.03,2023-12-31 04:00:00,2023-12-31 03:14:04.169
1.223055089,13181138,Alafia Ayeni,O Ayeni v Ar Weber,60,2023-12-31 03:59:21.261,34.0,2023-12-31 04:15:00,2023-12-31 03:14:04.169
1.223055089,13181138,Alafia Ayeni,O Ayeni v Ar Weber,70,2023-12-31 04:01:30.434,1.1,2023-12-31 04:15:00,2023-12-31 03:14:04.169
1.223055089,13181138,Alafia Ayeni,O Ayeni v Ar Weber,80,2023-12-31 04:12:32.809,2.98,2023-12-31 04:15:00,2023-12-31 03:14:04.169
1.223055089,13181138,Alafia Ayeni,O Ayeni v Ar Weber,90,2023-12-31 04:17:29.486,2.68,2023-12-31 04:30:00,2023-12-31 03:14:04.169
1.223055089,13181138,Alafia Ayeni,O Ayeni v Ar Weber,100,2023-12-31 04:20:30.306,2.76,2023-12-31 04:30:00,2023-12-31 03:14:04.169
1.223055226,8194193,Akira Santillan,Santillan v Ha Habib,0,2023-12-31 04:22:19.586,2.24,2023-12-31 08:30:00,
1.223055226,8194193,Akira Santillan,Santillan v Ha Habib,10,2023-12-31 06:57:39.820,2.22,2023-12-31 07:00:00,2023-12-31 06:57:39.820
1.223055226,8194193,Akira Santillan,Santillan v Ha Habib,20,2023-12-31 07:30:32.066,1.1,2023-12-31 09:33:00,2023-12-31 06:57:39.820
1.223055226,8194193,Akira Santillan,Santillan v Ha Habib,30,2023-12-31 07:36:42.943,2.24,2023-12-31 09:48:00,2023-12-31 06:57:39.820
1.223055226,8194193,Akira Santillan,Santillan v Ha Habib,40,2023-12-31 07:41:34.051,2.32,2023-12-31 09:48:00,2023-12-31 06:57:39.820
1.223055226,8194193,Akira Santillan,Santillan v Ha Habib,50,2023-12-31 07:48:38.875,3.1,2023-12-31 10:03:00,2023-12-31 06:57:39.820
1.223055226,8194193,Akira Santillan,Santillan v Ha Habib,60,2023-12-31 07:52:42.523,8.6,2023-12-31 10:03:00,2023-12-31 06:57:39.820
1.223055226,8194193,Akira Santillan,Santillan v Ha Habib,70,2023-12-31 07:55:31.913,3.15,2023-12-31 10:03:00,2023-12-31 06:57:39.820
1.223055226,8194193,Akira Santillan,Santillan v Ha Habib,80,2023-12-31 08:20:39.695,4.2,2023-12-31 10:33:00,2023-12-31 06:57:39.820
1.223055226,8194193,Akira Santillan,Santillan v Ha Habib,90,2023-12-31 08:22:42.554,6.4,2023-12-31 10:33:00,2023-12-31 06:57:39.820
1.223055226,8194193,Akira Santillan,Santillan v Ha Habib,100,2023-12-31 08:34:41.650,8.6,2023-12-31 10:48:00,2023-12-31 06:57:39.820
1.223055226,10033630,Hady Habib,Santillan v Ha Habib,0,2023-12-31 04:01:27.188,1.8,2023-12-31 08:15:00,
1.223055226,10033630,Hady Habib,Santillan v Ha Habib,10,2023-12-31 06:57:39.820,1.94,2023-12-31 07:00:00,2023-12-31 06:57:39.820
1.223055226,10033630,Hady Habib,Santillan v Ha Habib,20,2023-12-31 07:48:38.875,1.13,2023-12-31 10:03:00,2023-12-31 06:57:39.820
1.223055226,10033630,Hady Habib,Santillan v Ha Habib,30,2023-12-31 07:53:43.385,1.4,2023-12-31 10:03:00,2023-12-31 06:57:39.820
1.223055226,10033630,Hady Habib,Santillan v Ha Habib,40,2023-12-31 07:56:41.480,1.44,2023-12-31 10:03:00,2023-12-31 06:57:39.820
1.223055226,10033630,Hady Habib,Santillan v Ha Habib,50,2023-12-31 08:01:40.993,1.16,2023-12-31 10:03:00,2023-12-31 06:57:39.820
1.223055226,10033630,Hady Habib,Santillan v Ha Habib,60,2023-12-31 08:04:43.996,1.22,2023-12-31 10:18:00,2023-12-31 06:57:39.820
1.223055226,10033630,Hady Habib,Santillan v Ha Habib,70,2023-12-31 08:15:35.316,1.11,2023-12-31 10:18:00,2023-12-31 06:57:39.820
1.223055226,10033630,Hady Habib,Santillan v Ha Habib,80,2023-12-31 08:21:42.736,1.14,2023-12-31 10:33:00,2023-12-31 06:57:39.820
1.223055226,10033630,Hady Habib,Santillan v Ha Habib,90,2023-12-31 08:28:43.951,1.2,2023-12-31 10:33:00,2023-12-31 06:57:39.820
1.223055226,10033630,Hady Habib,Santillan v Ha Habib,100,2023-12-31 08:34:41.650,1.01,2023-12-31 10:48:00,2023-12-31 06:57:39.820
1.223055233,8257868,Salvatore Caruso,Caruso v Ri Noguchi,0,2023-12-31 01:22:50.481,2.0,2023-12-31 03:00:00,
1.223055233,8257868,Salvatore Caruso,Caruso v Ri Noguchi,10,2023-12-31 08:54:45.075,1.89,2023-12-31 13:03:00,2023-12-31 08:45:21.357
1.223055233,8257868,Salvatore Caruso,Caruso v Ri Noguchi,20,2023-12-31 09:25:38.674,1.45,2023-12-31 13:33:00,2023-12-31 08:45:21.357
1.223055233,8257868,Salvatore Caruso,Caruso v Ri Noguchi,30,2023-12-31 09:41:46.107,2.2,2023-12-31 13:48:00,2023-12-31 08:45:21.357
1.223055233,8257868,Salvatore Caruso,Caruso v Ri Noguchi,40,2023-12-31 09:52:44.541,2.16,2023-12-31 14:03:00,2023-12-31 08:45:21.357
1.223055233,8257868,Salvatore Caruso,Caruso v Ri Noguchi,50,2023-12-31 10:08:45.426,2.1,2023-12-31 14:18:00,2023-12-31 08:45:21.357
1.223055233,8257868,Salvatore Caruso,Caruso v Ri Noguchi,60,2023-12-31 10:24:45.003,1.67,2023-12-31 14:33:00,2023-12-31 08:45:21.357
1.223055233,8257868,Salvatore Caruso,Caruso v Ri Noguchi,70,2023-12-31 10:37:45.159,1.95,2023-12-31 14:48:00,2023-12-31 08:45:21.357
1.223055233,8257868,Salvatore Caruso,Caruso v Ri Noguchi,80,2023-12-31 10:50:45.064,2.5,2023-12-31 15:03:00,2023-12-31 08:45:21.357
1.223055233,8257868,Salvatore Caruso,Caruso v Ri Noguchi,90,2023-12-31 11:01:45.358,7.6,2023-12-31 15:03:00,2023-12-31 08:45:21.357
1.223055233,8257868,Salvatore Caruso,Caruso v Ri Noguchi,100,2023-12-31 11:19:44.064,50.0,2023-12-31 15:33:00,2023-12-31 08:45:21.357
1.223055233,11102176,Rio Noguchi,Caruso v Ri Noguchi,0,2023-12-31 01:47:38.438,1.81,2023-12-31 03:00:00,
1.223055233,11102176,Rio Noguchi,Caruso v Ri Noguchi,10,2023-12-31 08:51:44.447,1.55,2023-12-31 13:03:00,2023-12-31 08:45:21.357
1.223055233,11102176,Rio Noguchi,Caruso v Ri Noguchi,20,2023-12-31 09:40:45.199,1.76,2023-12-31 13:48:00,2023-12-31 08:45:21.357
1.223055233,11102176,Rio Noguchi,Caruso v Ri Noguchi,30,2023-12-31 09:50:44.882,1.89,2023-12-31 14:03:00,2023-12-31 08:45:21.357
1.223055233,11102176,Rio Noguchi,Caruso v Ri Noguchi,40,2023-12-31 10:02:43.000,3.7,2023-12-31 14:03:00,2023-12-31 08:45:21.357
1.223055233,11102176,Rio Noguchi,Caruso v Ri Noguchi,50,2023-12-31 10:14:45.254,2.02,2023-12-31 14:18:00,2023-12-31 08:45:21.357
1.223055233,11102176,Rio Noguchi,Caruso v Ri Noguchi,60,2023-12-31 10:35:45.854,1.83,2023-12-31 14:48:00,2023-12-31 08:45:21.357
1.223055233,11102176,Rio Noguchi,Caruso v Ri Noguchi,70,2023-12-31 10:45:45.924,1.79,2023-12-31 14:48:00,2023-12-31 08:45:21.357
1.223055233,11102176,Rio Noguchi,Caruso v Ri Noguchi,80,2023-12-31 10:55:36.163,1.71,2023-12-31 15:03:00,2023-12-31 08:45:21.357
1.223055233,11102176,Rio Noguchi,Caruso v Ri Noguchi,90,2023-12-31 11:04:45.870,1.06,2023-12-31 15:18:00,2023-12-31 08:45:21.357
1.223055233,11102176,Rio Noguchi,Caruso v Ri Noguchi,100,2023-12-31 11:22:45.922,1.01,2023-12-31 15:33:00,2023-12-31 08:45:21.357
1.223055372,9633532,Ergi Kirkin,Ma Sharipov v Er Kirkin,0,2023-12-31 07:57:46.170,2.56,2023-12-31 08:00:00,
1.223055372,9633532,Ergi Kirkin,Ma Sharipov v Er Kirkin,10,2023-12-31 08:33:54.814,1.42,2023-12-31 12:48:00,2023-12-31 08:04:56.138
1.223055372,9633532,Ergi Kirkin,Ma Sharipov v Er Kirkin,20,2023-12-31 08:44:56.011,1.55,2023-12-31 12:48:00,2023-12-31 08:04:56.138
1.223055372,9633532,Ergi Kirkin,Ma Sharipov v Er Kirkin,30,2023-12-31 08:54:53.666,1.32,2023-12-31 13:03:00,2023-12-31 08:04:56.138
1.223055372,9633532,Ergi Kirkin,Ma Sharipov v Er Kirkin,40,2023-12-31 09:14:47.848,1.28,2023-12-31 13:18:00,2023-12-31 08:04:56.138
1.223055372,9633532,Ergi Kirkin,Ma Sharipov v Er Kirkin,50,2023-12-31 09:25:54.205,1.52,2023-12-31 13:33:00,2023-12-31 08:04:56.138
1.223055372,9633532,Ergi Kirkin,Ma Sharipov v Er Kirkin,60,2023-12-31 09:38:50.269,1.5,2023-12-31 13:48:00,2023-12-31 08:04:56.138
1.223055372,9633532,Ergi Kirkin,Ma Sharipov v Er Kirkin,70,2023-12-31 09:47:56.073,1.55,2023-12-31 13:48:00,2023-12-31 08:04:56.138
1.223055372,9633532,Ergi Kirkin,Ma Sharipov v Er Kirkin,80,2023-12-31 09:55:52.973,1.18,2023-12-31 14:03:00,2023-12-31 08:04:56.138
1.223055372,9633532,Ergi Kirkin,Ma Sharipov v Er Kirkin,90,2023-12-31 10:05:53.845,1.57,2023-12-31 14:18:00,2023-12-31 08:04:56.138
1.223055372,9633532,Ergi Kirkin,Ma Sharipov v Er Kirkin,100,2023-12-31 10:36:54.544,6.6,2023-12-31 14:48:00,2023-12-31 08:04:56.138
1.223055372,25787513,Marat Sharipov,Ma Sharipov v Er Kirkin,0,2023-12-31 02:59:20.490,1.46,2023-12-31 03:00:00,
1.223055372,25787513,Marat Sharipov,Ma Sharipov v Er Kirkin,10,2023-12-31 08:25:51.903,6.8,2023-12-31 12:33:00,2023-12-31 08:04:56.138
1.223055372,25787513,Marat Sharipov,Ma Sharipov v Er Kirkin,20,2023-12-31 08:37:55.207,3.0,2023-12-31 12:48:00,2023-12-31 08:04:56.138
1.223055372,25787513,Marat Sharipov,Ma Sharipov v Er Kirkin,30,2023-12-31 08:59:54.032,2.66,2023-12-31 13:03:00,2023-12-31 08:04:56.138
1.223055372,25787513,Marat Sharipov,Ma Sharipov v Er Kirkin,40,2023-12-31 09:26:55.949,4.2,2023-12-31 13:33:00,2023-12-31 08:04:56.138
1.223055372,25787513,Marat Sharipov,Ma Sharipov v Er Kirkin,50,2023-12-31 09:48:55.620,10.0,2023-12-31 14:03:00,2023-12-31 08:04:56.138
1.223055372,25787513,Marat Sharipov,Ma Sharipov v Er Kirkin,60,2023-12-31 09:57:55.262,3.55,2023-12-31 14:03:00,2023-12-31 08:04:56.138
1.223055372,25787513,Marat Sharipov,Ma Sharipov v Er Kirkin,70,2023-12-31 10:09:54.637,1.46,2023-12-31 14:18:00,2023-12-31 08:04:56.138
1.223055372,25787513,Marat Sharipov,Ma Sharipov v Er Kirkin,80,2023-12-31 10:17:55.422,1.38,2023-12-31 14:18:00,2023-12-31 08:04:56.138
1.223055372,25787513,Marat Sharipov,Ma Sharipov v Er Kirkin,90,2023-12-31 10:26:52.441,1.03,2023-12-31 14:33:00,2023-12-31 08:04:56.138
1.223055372,25787513,Marat Sharipov,Ma Sharipov v Er Kirkin,100,2023-12-31 10:39:31.516,1.01,2023-12-31 14:48:00,2023-12-31 08:04:56.138
1.22305548,8957119,Kaichi Uchida,Yun  Chung v Uchida,0,2023-12-30 16:09:32.035,3.0,2023-12-31 03:00:00,
1.22305548,8957119,Kaichi Uchida,Yun  Chung v Uchida,10,2023-12-31 06:37:44.794,1.04,2023-12-31 08:48:00,2023-12-31 06:30:51.199
1.22305548,8957119,Kaichi Uchida,Yun  Chung v Uchida,20,2023-12-31 07:04:46.436,3.6,2023-12-31 09:18:00,2023-12-31 06:30:51.199
1.22305548,8957119,Kaichi Uchida,Yun  Chung v Uchida,30,2023-12-31 07:10:50.083,1.65,2023-12-31 09:18:00,2023-12-31 06:30:51.199
1.22305548,8957119,Kaichi Uchida,Yun  Chung v Uchida,40,2023-12-31 07:11:51.854,2.38,2023-12-31 09:18:00,2023-12-31 06:30:51.199
1.22305548,8957119,Kaichi Uchida,Yun  Chung v Uchida,50,2023-12-31 07:15:58.767,1.31,2023-12-31 09:18:00,2023-12-31 06:30:51.199
1.22305548,8957119,Kaichi Uchida,Yun  Chung v Uchida,60,2023-12-31 07:35:52.082,1.02,2023-12-31 09:48:00,2023-12-31 06:30:51.199
1.22305548,8957119,Kaichi Uchida,Yun  Chung v Uchida,70,2023-12-31 07:41:04.416,1.01,2023-12-31 09:48:00,2023-12-31 06:30:51.199
1.22305548,8957119,Kaichi Uchida,Yun  Chung v Uchida,80,2023-12-31 07:42:57.449,1.22,2023-12-31 09:48:00,2023-12-31 06:30:51.199
1.22305548,8957119,Kaichi Uchida,Yun  Chung v Uchida,90,2023-12-31 07:43:14.159,1.21,2023-12-31 09:48:00,2023-12-31 06:30:51.199
1.22305548,8957119,Kaichi Uchida,Yun  Chung v Uchida,100,2023-12-31 07:45:53.309,1.2,2023-12-31 09:48:00,2023-12-31 06:30:51.199
1.22305548,58856551,Yun Seong Chung,Yun  Chung v Uchida,0,2023-12-30 16:09:32.035,1.49,2023-12-31 03:00:00,
1.22305548,58856551,Yun Seong Chung,Yun  Chung v Uchida,10,2023-12-31 06:44:51.104,2.24,2023-12-31 08:48:00,2023-12-31 06:30:51.199
1.22305548,58856551,Yun Seong Chung,Yun  Chung v Uchida,20,2023-12-31 06:46:58.192,2.2,2023-12-31 08:48:00,2023-12-31 06:30:51.199
1.22305548,58856551,Yun Seong Chung,Yun  Chung v Uchida,30,2023-12-31 06:50:49.547,1.7,2023-12-31 09:03:00,2023-12-31 06:30:51.199
1.22305548,58856551,Yun Seong Chung,Yun  Chung v Uchida,40,2023-12-31 06:51:38.072,1.6,2023-12-31 09:03:00,2023-12-31 06:30:51.199
1.22305548,58856551,Yun Seong Chung,Yun  Chung v Uchida,50,2023-12-31 06:53:46.931,1.25,2023-12-31 09:03:00,2023-12-31 06:30:51.199
1.22305548,58856551,Yun Seong Chung,Yun  Chung v Uchida,60,2023-12-31 07:04:46.436,1.39,2023-12-31 09:18:00,2023-12-31 06:30:51.199
1.22305548,58856551,Yun Seong Chung,Yun  Chung v Uchida,70,2023-12-31 07:10:50.083,2.52,2023-12-31 09:18:00,2023-12-31 06:30:51.199
1.22305548,58856551,Yun Seong Chung,Yun  Chung v Uchida,80,2023-12-31 07:14:44.188,2.42,2023-12-31 09:18:00,2023-12-31 06:30:51.199
1.22305548,58856551,Yun Seong Chung,Yun  Chung v Uchida,90,2023-12-31 07:35:52.082,42.0,2023-12-31 09:48:00,2023-12-31 06:30:51.199
1.22305548,58856551,Yun Seong Chung,Yun  Chung v Uchida,100,2023-12-31 07:45:53.309,5.6,2023-12-31 09:48:00,2023-12-31 06:30:51.199
1.22305549,7031400,Lucas Pouille,Pruc Isaro v Pouille,0,2023-12-31 05:30:26.606,1.04,2023-12-31 07:45:00,2023-12-31 04:43:29.444
1.22305549,7031400,Lucas Pouille,Pruc Isaro v Pouille,10,2023-12-31 05:41:57.902,3.5,2023-12-31 07:45:00,2023-12-31 04:43:29.444
1.22305549,7031400,Lucas Pouille,Pruc Isaro v Pouille,20,2023-12-31 05:43:18.396,3.8,2023-12-31 08:00:00,2023-12-31 04:43:29.444
1.22305549,7031400,Lucas Pouille,Pruc Isaro v Pouille,30,2023-12-31 05:49:01.007,1.06,2023-12-31 08:00:00,2023-12-31 04:43:29.444
1.22305549,7031400,Lucas Pouille,Pruc Isaro v Pouille,40,2023-12-31 05:55:58.292,34.0,2023-12-31 08:00:00,2023-12-31 04:43:29.444
1.22305549,7031400,Lucas Pouille,Pruc Isaro v Pouille,50,2023-12-31 06:13:47.296,1.05,2023-12-31 06:18:00,2023-12-31 04:43:29.444
1.22305549,7031400,Lucas Pouille,Pruc Isaro v Pouille,60,2023-12-31 06:23:03.191,1.17,2023-12-31 06:33:00,2023-12-31 04:43:29.444
1.22305549,7031400,Lucas Pouille,Pruc Isaro v Pouille,70,2023-12-31 06:25:02.596,1.15,2023-12-31 06:33:00,2023-12-31 04:43:29.444
1.22305549,7031400,Lucas Pouille,Pruc Isaro v Pouille,80,2023-12-31 06:29:04.074,1.15,2023-12-31 06:33:00,2023-12-31 04:43:29.444
1.22305549,7031400,Lucas Pouille,Pruc Isaro v Pouille,90,2023-12-31 06:34:00.886,1.15,2023-12-31 06:48:00,2023-12-31 04:43:29.444
1.22305549,7031400,Lucas Pouille,Pruc Isaro v Pouille,100,2023-12-31 06:38:03.494,1.01,2023-12-31 06:48:00,2023-12-31 04:43:29.444
1.22305549,16149474,Pruchya Isaro,Pruc Isaro v Pouille,0,2023-12-31 05:30:26.606,26.0,2023-12-31 07:45:00,2023-12-31 04:43:29.444
1.22305549,16149474,Pruchya Isaro,Pruc Isaro v Pouille,10,2023-12-31 05:44:59.092,1.04,2023-12-31 08:00:00,2023-12-31 04:43:29.444
1.22305549,16149474,Pruchya Isaro,Pruc Isaro v Pouille,20,2023-12-31 05:50:28.197,1.11,2023-12-31 08:00:00,2023-12-31 04:43:29.444
1.22305549,16149474,Pruchya Isaro,Pruc Isaro v Pouille,30,2023-12-31 05:55:58.292,1.03,2023-12-31 08:00:00,2023-12-31 04:43:29.444
1.22305549,16149474,Pruchya Isaro,Pruc Isaro v Pouille,40,2023-12-31 05:57:59.177,1.05,2023-12-31 08:00:00,2023-12-31 04:43:29.444
1.22305549,16149474,Pruchya Isaro,Pruc Isaro v Pouille,50,2023-12-31 06:09:02.277,1.12,2023-12-31 06:18:00,2023-12-31 04:43:29.444
1.22305549,16149474,Pruchya Isaro,Pruc Isaro v Pouille,60,2023-12-31 06:14:21.025,1.1,2023-12-31 06:18:00,2023-12-31 04:43:29.444
1.22305549,16149474,Pruchya Isaro,Pruc Isaro v Pouille,70,2023-12-31 06:24:03.500,1.28,2023-12-31 06:33:00,2023-12-31 04:43:29.444
1.22305549,16149474,Pruchya Isaro,Pruc Isaro v Pouille,80,2023-12-31 06:26:00.991,1.04,2023-12-31 06:33:00,2023-12-31 04:43:29.444
1.22305549,16149474,Pruchya Isaro,Pruc Isaro v Pouille,90,2023-12-31 06:29:04.074,1.31,2023-12-31 06:33:00,2023-12-31 04:43:29.444
1.22305549,16149474,Pruchya Isaro,Pruc Isaro v Pouille,100,2023-12-31 06:37:03.394,1.12,2023-12-31 06:48:00,2023-12-31 04:43:29.444
1.223055582,10583361,Nick Hardt,Seongc Hong v N Hardt,0,2023-12-31 06:30:18.948,1.79,2023-12-31 06:33:00,2023-12-31 06:07:34.663
1.223055582,10583361,Nick Hardt,Seongc Hong v N Hardt,10,2023-12-31 06:44:02.788,1.27,2023-12-31 06:48:00,2023-12-31 06:07:34.663
1.223055582,10583361,Nick Hardt,Seongc Hong v N Hardt,20,2023-12-31 06:50:02.627,1.8,2023-12-31 07:03:00,2023-12-31 06:07:34.663
1.223055582,10583361,Nick Hardt,Seongc Hong v N Hardt,30,2023-12-31 06:53:00.907,1.87,2023-12-31 07:03:00,2023-12-31 06:07:34.663
1.223055582,10583361,Nick Hardt,Seongc Hong v N Hardt,40,2023-12-31 06:56:05.414,2.36,2023-12-31 07:03:00,2023-12-31 06:07:34.663
1.223055582,10583361,Nick Hardt,Seongc Hong v N Hardt,50,2023-12-31 07:01:06.972,2.32,2023-12-31 07:03:00,2023-12-31 06:07:34.663
1.223055582,10583361,Nick Hardt,Seongc Hong v N Hardt,60,2023-12-31 07:05:08.406,1.54,2023-12-31 07:18:00,2023-12-31 06:07:34.663
1.223055582,10583361,Nick Hardt,Seongc Hong v N Hardt,70,2023-12-31 07:25:03.623,2.74,2023-12-31 07:33:00,2023-12-31 06:07:34.663
1.223055582,10583361,Nick Hardt,Seongc Hong v N Hardt,80,2023-12-31 07:28:04.576,2.74,2023-12-31 07:33:00,2023-12-31 06:07:34.663
1.223055582,10583361,Nick Hardt,Seongc Hong v N Hardt,90,2023-12-31 07:29:57.340,1.61,2023-12-31 07:33:00,2023-12-31 06:07:34.663
1.223055582,10583361,Nick Hardt,Seongc Hong v N Hardt,100,2023-12-31 07:57:08.933,8.6,2023-12-31 08:03:00,2023-12-31 06:07:34.663
1.223055582,57046549,Seongchan Hong,Seongc Hong v N Hardt,0,2023-12-31 02:59:29.391,1.47,2023-12-31 03:00:00,
1.223055582,57046549,Seongchan Hong,Seongc Hong v N Hardt,10,2023-12-31 06:47:06.074,1.04,2023-12-31 06:48:00,2023-12-31 06:07:34.663
1.223055582,57046549,Seongchan Hong,Seongc Hong v N Hardt,20,2023-12-31 06:55:08.574,2.62,2023-12-31 07:03:00,2023-12-31 06:07:34.663
1.223055582,57046549,Seongchan Hong,Seongc Hong v N Hardt,30,2023-12-31 07:01:06.972,1.75,2023-12-31 07:03:00,2023-12-31 06:07:34.663
1.223055582,57046549,Seongchan Hong,Seongc Hong v N Hardt,40,2023-12-31 07:08:57.230,1.69,2023-12-31 07:18:00,2023-12-31 06:07:34.663
1.223055582,57046549,Seongchan Hong,Seongc Hong v N Hardt,50,2023-12-31 07:25:03.623,1.57,2023-12-31 07:33:00,2023-12-31 06:07:34.663
1.223055582,57046549,Seongchan Hong,Seongc Hong v N Hardt,60,2023-12-31 07:29:57.340,2.66,2023-12-31 07:33:00,2023-12-31 06:07:34.663
1.223055582,57046549,Seongchan Hong,Seongc Hong v N Hardt,70,2023-12-31 07:39:59.771,1.36,2023-12-31 07:48:00,2023-12-31 06:07:34.663
1.223055582,57046549,Seongchan Hong,Seongc Hong v N Hardt,80,2023-12-31 07:45:08.387,1.3,2023-12-31 07:48:00,2023-12-31 06:07:34.663
1.223055582,57046549,Seongchan Hong,Seongc Hong v N Hardt,90,2023-12-31 07:54:03.396,1.38,2023-12-31 08:03:00,2023-12-31 06:07:34.663
1.223055582,57046549,Seongchan Hong,Seongc Hong v N Hardt,100,2023-12-31 07:59:01.445,1.06,2023-12-31 08:03:00,2023-12-31 06:07:34.663
1.223057255,8736474,Diego Schwartzman,Al Michelsen v D Schwartzman,0,2023-12-30 20:15:41.306,2.28,2023-12-31 03:00:00,
1.223057255,8736474,Diego Schwartzman,Al Michelsen v D Schwartzman,10,2023-12-30 23:40:55.968,2.24,2023-12-31 03:00:00,
1.223057255,8736474,Diego Schwartzman,Al Michelsen v D Schwartzman,20,2023-12-31 02:58:33.890,2.26,2023-12-31 03:00:00,
1.223057255,8736474,Diego Schwartzman,Al Michelsen v D Schwartzman,30,2023-12-31 03:36:41.009,2.16,2023-12-31 03:45:00,
1.223057255,8736474,Diego Schwartzman,Al Michelsen v D Schwartzman,40,2023-12-31 04:41:38.670,2.18,2023-12-31 04:45:00,2023-12-31 04:37:25.609
1.223057255,8736474,Diego Schwartzman,Al Michelsen v D Schwartzman,50,2023-12-31 04:55:39.436,4.0,2023-12-31 05:00:00,2023-12-31 04:37:25.609
1.223057255,8736474,Diego Schwartzman,Al Michelsen v D Schwartzman,60,2023-12-31 05:04:25.057,3.15,2023-12-31 05:15:00,2023-12-31 04:37:25.609
1.223057255,8736474,Diego Schwartzman,Al Michelsen v D Schwartzman,70,2023-12-31 05:23:40.721,11.0,2023-12-31 05:30:00,2023-12-31 04:37:25.609
1.223057255,8736474,Diego Schwartzman,Al Michelsen v D Schwartzman,80,2023-12-31 05:34:37.297,3.4,2023-12-31 05:45:00,2023-12-31 04:37:25.609
1.223057255,8736474,Diego Schwartzman,Al Michelsen v D Schwartzman,90,2023-12-31 05:41:42.072,6.6,2023-12-31 05:45:00,2023-12-31 04:37:25.609
1.223057255,8736474,Diego Schwartzman,Al Michelsen v D Schwartzman,100,2023-12-31 05:50:38.163,50.0,2023-12-31 06:00:00,2023-12-31 04:37:25.609
1.223057255,38374924,Alex Michelsen,Al Michelsen v D Schwartzman,0,2023-12-30 20:15:41.306,1.78,2023-12-31 03:00:00,
1.223057255,38374924,Alex Michelsen,Al Michelsen v D Schwartzman,10,2023-12-30 23:40:55.968,1.8,2023-12-31 03:00:00,
1.223057255,38374924,Alex Michelsen,Al Michelsen v D Schwartzman,20,2023-12-31 03:25:06.599,1.63,2023-12-31 03:30:00,
1.223057255,38374924,Alex Michelsen,Al Michelsen v D Schwartzman,30,2023-12-31 04:28:30.403,1.86,2023-12-31 04:45:00,
1.223057255,38374924,Alex Michelsen,Al Michelsen v D Schwartzman,40,2023-12-31 04:42:16.918,1.52,2023-12-31 04:45:00,2023-12-31 04:37:25.609
1.223057255,38374924,Alex Michelsen,Al Michelsen v D Schwartzman,50,2023-12-31 04:55:39.436,1.33,2023-12-31 05:00:00,2023-12-31 04:37:25.609
1.223057255,38374924,Alex Michelsen,Al Michelsen v D Schwartzman,60,2023-12-31 05:11:39.100,1.13,2023-12-31 05:15:00,2023-12-31 04:37:25.609
1.223057255,38374924,Alex Michelsen,Al Michelsen v D Schwartzman,70,2023-12-31 05:28:39.314,1.32,2023-12-31 05:45:00,2023-12-31 04:37:25.609
1.223057255,38374924,Alex Michelsen,Al Michelsen v D Schwartzman,80,2023-12-31 05:34:37.297,1.3,2023-12-31 05:45:00,2023-12-31 04:37:25.609
1.223057255,38374924,Alex Michelsen,Al Michelsen v D Schwartzman,90,2023-12-31 05:41:42.072,1.18,2023-12-31 05:45:00,2023-12-31 04:37:25.609
1.223057255,38374924,Alex Michelsen,Al Michelsen v D Schwartzman,100,2023-12-31 05:52:30.837,1.01,2023-12-31 06:00:00,2023-12-31 04:37:25.609
1.223057256,8860646,Daniel Elahi Galan,Galan v Li Tu,0,2023-12-30 22:57:20.904,1.53,2023-12-31 03:30:00,
1.223057256,8860646,Daniel Elahi Galan,Galan v Li Tu,10,2023-12-31 03:37:56.970,1.64,2023-12-31 03:45:00,2023-12-31 03:35:03.243
1.223057256,8860646,Daniel Elahi Galan,Galan v Li Tu,20,2023-12-31 03:53:18.753,1.32,2023-12-31 04:00:00,2023-12-31 03:35:03.243
1.223057256,8860646,Daniel Elahi Galan,Galan v Li Tu,30,2023-12-31 04:01:23.446,1.17,2023-12-31 04:15:00,2023-12-31 03:35:03.243
1.223057256,8860646,Daniel Elahi Galan,Galan v Li Tu,40,2023-12-31 04:07:18.821,2.0,2023-12-31 04:15:00,2023-12-31 03:35:03.243
1.223057256,8860646,Daniel Elahi Galan,Galan v Li Tu,50,2023-12-31 04:20:17.218,2.86,2023-12-31 04:30:00,2023-12-31 03:35:03.243
1.223057256,8860646,Daniel Elahi Galan,Galan v Li Tu,60,2023-12-31 04:26:19.261,3.55,2023-12-31 04:30:00,2023-12-31 03:35:03.243
1.223057256,8860646,Daniel Elahi Galan,Galan v Li Tu,70,2023-12-31 04:35:22.941,5.2,2023-12-31 04:45:00,2023-12-31 03:35:03.243
1.223057256,8860646,Daniel Elahi Galan,Galan v Li Tu,80,2023-12-31 04:53:12.554,2.06,2023-12-31 05:00:00,2023-12-31 03:35:03.243
1.223057256,8860646,Daniel Elahi Galan,Galan v Li Tu,90,2023-12-31 05:05:15.337,2.36,2023-12-31 05:15:00,2023-12-31 03:35:03.243
1.223057256,8860646,Daniel Elahi Galan,Galan v Li Tu,100,2023-12-31 05:12:23.305,3.0,2023-12-31 05:15:00,2023-12-31 03:35:03.243
1.223057256,9626104,Li Tu,Galan v Li Tu,0,2023-12-30 23:46:22.960,2.66,2023-12-31 03:30:00,
1.223057256,9626104,Li Tu,Galan v Li Tu,10,2023-12-31 03:43:08.326,2.7,2023-12-31 04:00:00,2023-12-31 03:35:03.243
1.223057256,9626104,Li Tu,Galan v Li Tu,20,2023-12-31 04:02:20.544,2.66,2023-12-31 04:15:00,2023-12-31 03:35:03.243
1.223057256,9626104,Li Tu,Galan v Li Tu,30,2023-12-31 04:09:20.758,2.06,2023-12-31 04:15:00,2023-12-31 03:35:03.243
1.223057256,9626104,Li Tu,Galan v Li Tu,40,2023-12-31 04:19:22.241,1.36,2023-12-31 04:30:00,2023-12-31 03:35:03.243
1.223057256,9626104,Li Tu,Galan v Li Tu,50,2023-12-31 04:24:21.796,1.22,2023-12-31 04:30:00,2023-12-31 03:35:03.243
1.223057256,9626104,Li Tu,Galan v Li Tu,60,2023-12-31 04:30:22.327,1.36,2023-12-31 04:45:00,2023-12-31 03:35:03.243
1.223057256,9626104,Li Tu,Galan v Li Tu,70,2023-12-31 04:37:20.558,1.16,2023-12-31 04:45:00,2023-12-31 03:35:03.243
1.223057256,9626104,Li Tu,Galan v Li Tu,80,2023-12-31 04:56:16.152,1.51,2023-12-31 05:00:00,2023-12-31 03:35:03.243
1.223057256,9626104,Li Tu,Galan v Li Tu,90,2023-12-31 05:06:21.859,2.2,2023-12-31 05:15:00,2023-12-31 03:35:03.243
1.223057256,9626104,Li Tu,Galan v Li Tu,100,2023-12-31 05:17:23.182,1.01,2023-12-31 05:30:00,2023-12-31 03:35:03.243
1.223057334,6064287,James Duckworth,Barrere v Duckworth,0,2023-12-30 20:58:34.483,2.24,2023-12-31 03:00:00,
1.223057334,6064287,James Duckworth,Barrere v Duckworth,10,2023-12-31 01:52:11.865,2.48,2023-12-31 03:00:00,
1.223057334,6064287,James Duckworth,Barrere v Duckworth,20,2023-12-31 02:58:57.622,2.5,2023-12-31 03:00:00,
1.223057334,6064287,James Duckworth,Barrere v Duckworth,30,2023-12-31 04:16:50.481,1.62,2023-12-31 04:30:00,2023-12-31 04:03:51.857
1.223057334,6064287,James Duckworth,Barrere v Duckworth,40,2023-12-31 04:34:50.647,1.3,2023-12-31 04:45:00,2023-12-31 04:03:51.857
1.223057334,6064287,James Duckworth,Barrere v Duckworth,50,2023-12-31 04:46:48.807,1.11,2023-12-31 05:00:00,2023-12-31 04:03:51.857
1.223057334,6064287,James Duckworth,Barrere v Duckworth,60,2023-12-31 04:54:57.901,1.68,2023-12-31 05:00:00,2023-12-31 04:03:51.857
1.223057334,6064287,James Duckworth,Barrere v Duckworth,70,2023-12-31 05:07:57.925,1.29,2023-12-31 05:15:00,2023-12-31 04:03:51.857
1.223057334,6064287,James Duckworth,Barrere v Duckworth,80,2023-12-31 05:23:56.242,1.41,2023-12-31 05:30:00,2023-12-31 04:03:51.857
1.223057334,6064287,James Duckworth,Barrere v Duckworth,90,2023-12-31 05:29:56.183,1.3,2023-12-31 05:45:00,2023-12-31 04:03:51.857
1.223057334,6064287,James Duckworth,Barrere v Duckworth,100,2023-12-31 05:42:42.127,1.01,2023-12-31 05:45:00,2023-12-31 04:03:51.857
1.223057334,8842295,Gregoire Barrere,Barrere v Duckworth,0,2023-12-30 22:03:41.762,1.77,2023-12-31 03:00:00,
1.223057334,8842295,Gregoire Barrere,Barrere v Duckworth,10,2023-12-31 00:16:38.147,1.7,2023-12-31 03:00:00,
1.223057334,8842295,Gregoire Barrere,Barrere v Duckworth,20,2023-12-31 02:52:57.807,1.73,2023-12-31 03:00:00,
1.223057334,8842295,Gregoire Barrere,Barrere v Duckworth,30,2023-12-31 03:55:56.291,1.64,2023-12-31 04:00:00,
1.223057334,8842295,Gregoire Barrere,Barrere v Duckworth,40,2023-12-31 04:34:50.647,1.52,2023-12-31 04:45:00,2023-12-31 04:03:51.857
1.223057334,8842295,Gregoire Barrere,Barrere v Duckworth,50,2023-12-31 05:00:47.283,2.44,2023-12-31 05:15:00,2023-12-31 04:03:51.857
1.223057334,8842295,Gregoire Barrere,Barrere v Duckworth,60,2023-12-31 05:09:57.971,3.7,2023-12-31 05:15:00,2023-12-31 04:03:51.857
1.223057334,8842295,Gregoire Barrere,Barrere v Duckworth,70,2023-12-31 05:19:54.342,1.83,2023-12-31 05:30:00,2023-12-31 04:03:51.857
1.223057334,8842295,Gregoire Barrere,Barrere v Duckworth,80,2023-12-31 05:24:49.706,3.75,2023-12-31 05:30:00,2023-12-31 04:03:51.857
1.223057334,8842295,Gregoire Barrere,Barrere v Duckworth,90,2023-12-31 05:27:58.359,4.6,2023-12-31 05:30:00,2023-12-31 04:03:51.857
1.223057334,8842295,Gregoire Barrere,Barrere v Duckworth,100,2023-12-31 05:38:57.787,15.0,2023-12-31 05:45:00,2023-12-31 04:03:51.857
1.223067669,19544764,Garrett Johns,Fra Rocha v Ga Johns,0,2023-12-31 11:09:11.940,1.25,2023-12-31 15:15:00,
1.223067669,19544764,Garrett Johns,Fra Rocha v Ga Johns,10,2023-12-31 14:03:14.277,1.88,2023-12-31 18:15:00,2023-12-31 13:59:12.530
1.223067669,19544764,Garrett Johns,Fra Rocha v Ga Johns,20,2023-12-31 14:11:06.976,1.2,2023-12-31 18:15:00,2023-12-31 13:59:12.530
1.223067669,19544764,Garrett Johns,Fra Rocha v Ga Johns,30,2023-12-31 14:18:03.170,1.39,2023-12-31 18:30:00,2023-12-31 13:59:12.530
1.223067669,19544764,Garrett Johns,Fra Rocha v Ga Johns,40,2023-12-31 14:30:13.475,1.5,2023-12-31 18:30:00,2023-12-31 13:59:12.530
1.223067669,19544764,Garrett Johns,Fra Rocha v Ga Johns,50,2023-12-31 14:37:55.261,1.25,2023-12-31 18:45:00,2023-12-31 13:59:12.530
1.223067669,19544764,Garrett Johns,Fra Rocha v Ga Johns,60,2023-12-31 14:51:13.066,1.35,2023-12-31 19:00:00,2023-12-31 13:59:12.530
1.223067669,19544764,Garrett Johns,Fra Rocha v Ga Johns,70,2023-12-31 14:58:08.857,1.12,2023-12-31 19:00:00,2023-12-31 13:59:12.530
1.223067669,19544764,Garrett Johns,Fra Rocha v Ga Johns,80,2023-12-31 15:09:07.823,1.02,2023-12-31 19:15:00,2023-12-31 13:59:12.530
1.223067669,19544764,Garrett Johns,Fra Rocha v Ga Johns,90,2023-12-31 15:21:06.305,1.04,2023-12-31 19:30:00,2023-12-31 13:59:12.530
1.223067669,19544764,Garrett Johns,Fra Rocha v Ga Johns,100,2023-12-31 15:30:14.013,1.01,2023-12-31 19:30:00,2023-12-31 13:59:12.530
1.223067669,25084135,Francisco Rocha,Fra Rocha v Ga Johns,0,2023-12-31 11:09:11.940,4.8,2023-12-31 15:15:00,
1.223067669,25084135,Francisco Rocha,Fra Rocha v Ga Johns,10,2023-12-31 13:57:57.644,4.1,2023-12-31 18:00:00,
1.223067669,25084135,Francisco Rocha,Fra Rocha v Ga Johns,20,2023-12-31 14:10:12.605,3.2,2023-12-31 18:15:00,2023-12-31 13:59:12.530
1.223067669,25084135,Francisco Rocha,Fra Rocha v Ga Johns,30,2023-12-31 14:18:03.170,3.6,2023-12-31 18:30:00,2023-12-31 13:59:12.530
1.223067669,25084135,Francisco Rocha,Fra Rocha v Ga Johns,40,2023-12-31 14:30:13.475,3.0,2023-12-31 18:30:00,2023-12-31 13:59:12.530
1.223067669,25084135,Francisco Rocha,Fra Rocha v Ga Johns,50,2023-12-31 14:41:03.387,9.8,2023-12-31 18:45:00,2023-12-31 13:59:12.530
1.223067669,25084135,Francisco Rocha,Fra Rocha v Ga Johns,60,2023-12-31 14:51:13.066,3.85,2023-12-31 19:00:00,2023-12-31 13:59:12.530
1.223067669,25084135,Francisco Rocha,Fra Rocha v Ga Johns,70,2023-12-31 14:55:13.814,8.0,2023-12-31 19:00:00,2023-12-31 13:59:12.530
1.223067669,25084135,Francisco Rocha,Fra Rocha v Ga Johns,80,2023-12-31 15:03:14.386,26.0,2023-12-31 19:15:00,2023-12-31 13:59:12.530
1.223067669,25084135,Francisco Rocha,Fra Rocha v Ga Johns,90,2023-12-31 15:21:06.305,26.0,2023-12-31 19:30:00,2023-12-31 13:59:12.530
1.223067669,25084135,Francisco Rocha,Fra Rocha v Ga Johns,100,2023-12-31 15:30:14.013,50.0,2023-12-31 19:30:00,2023-12-31 13:59:12.530
1.223067771,7797772,Egor Gerasimov,Gerasimov v Pawelski,0,2023-12-31 12:26:39.188,1.33,2023-12-31 18:30:00,
1.223067771,7797772,Egor Gerasimov,Gerasimov v Pawelski,10,2023-12-31 15:46:19.442,1.4,2023-12-31 21:45:00,2023-12-31 15:43:19.867
1.223067771,7797772,Egor Gerasimov,Gerasimov v Pawelski,20,2023-12-31 16:01:20.346,1.5,2023-12-31 16:06:00,2023-12-31 15:43:19.867
1.223067771,7797772,Egor Gerasimov,Gerasimov v Pawelski,30,2023-12-31 16:15:20.315,1.38,2023-12-31 16:21:00,2023-12-31 15:43:19.867
1.223067771,7797772,Egor Gerasimov,Gerasimov v Pawelski,40,2023-12-31 16:29:19.949,1.48,2023-12-31 16:36:00,2023-12-31 15:43:19.867
1.223067771,7797772,Egor Gerasimov,Gerasimov v Pawelski,50,2023-12-31 16:38:23.442,1.35,2023-12-31 16:51:00,2023-12-31 15:43:19.867
1.223067771,7797772,Egor Gerasimov,Gerasimov v Pawelski,60,2023-12-31 16:44:23.127,1.61,2023-12-31 16:51:00,2023-12-31 15:43:19.867
1.223067771,7797772,Egor Gerasimov,Gerasimov v Pawelski,70,2023-12-31 16:56:22.572,1.56,2023-12-31 17:06:00,2023-12-31 15:43:19.867
1.223067771,7797772,Egor Gerasimov,Gerasimov v Pawelski,80,2023-12-31 17:03:23.273,1.7,2023-12-31 17:06:00,2023-12-31 15:43:19.867
1.223067771,7797772,Egor Gerasimov,Gerasimov v Pawelski,90,2023-12-31 17:14:23.351,1.45,2023-12-31 17:21:00,2023-12-31 15:43:19.867
1.223067771,7797772,Egor Gerasimov,Gerasimov v Pawelski,100,2023-12-31 17:23:20.572,1.01,2023-12-31 17:36:00,2023-12-31 15:43:19.867
1.223067771,40249889,Martyn Pawelski,Gerasimov v Pawelski,0,2023-12-31 15:39:23.487,3.9,2023-12-31 21:45:00,
1.223067771,40249889,Martyn Pawelski,Gerasimov v Pawelski,10,2023-12-31 16:01:20.346,3.0,2023-12-31 16:06:00,2023-12-31 15:43:19.867
1.223067771,40249889,Martyn Pawelski,Gerasimov v Pawelski,20,2023-12-31 16:16:22.807,3.6,2023-12-31 16:21:00,2023-12-31 15:43:19.867
1.223067771,40249889,Martyn Pawelski,Gerasimov v Pawelski,30,2023-12-31 16:26:14.550,5.0,2023-12-31 16:36:00,2023-12-31 15:43:19.867
1.223067771,40249889,Martyn Pawelski,Gerasimov v Pawelski,40,2023-12-31 16:34:21.488,6.4,2023-12-31 16:36:00,2023-12-31 15:43:19.867
1.223067771,40249889,Martyn Pawelski,Gerasimov v Pawelski,50,2023-12-31 16:44:23.127,2.62,2023-12-31 16:51:00,2023-12-31 15:43:19.867
1.223067771,40249889,Martyn Pawelski,Gerasimov v Pawelski,60,2023-12-31 16:54:23.398,2.78,2023-12-31 17:06:00,2023-12-31 15:43:19.867
1.223067771,40249889,Martyn Pawelski,Gerasimov v Pawelski,70,2023-12-31 17:03:23.273,2.42,2023-12-31 17:06:00,2023-12-31 15:43:19.867
1.223067771,40249889,Martyn Pawelski,Gerasimov v Pawelski,80,2023-12-31 17:10:23.410,2.28,2023-12-31 17:21:00,2023-12-31 15:43:19.867
1.223067771,40249889,Martyn Pawelski,Gerasimov v Pawelski,90,2023-12-31 17:16:22.569,3.55,2023-12-31 17:21:00,2023-12-31 15:43:19.867
1.223067771,40249889,Martyn Pawelski,Gerasimov v Pawelski,100,2023-12-31 17:25:16.620,100.0,2023-12-31 17:36:00,2023-12-31 15:43:19.867
1.223067901,8596391,Jay Clarke,Clarke v Ma Simoes,0,2023-12-31 05:47:13.285,1.05,2023-12-31 13:00:00,
1.223067901,8596391,Jay Clarke,Clarke v Ma Simoes,10,2023-12-31 09:46:29.878,1.04,2023-12-31 13:00:00,
1.223067901,8596391,Jay Clarke,Clarke v Ma Simoes,20,2023-12-31 12:32:29.523,1.02,2023-12-31 14:30:00,2023-12-31 12:28:40.672
1.223067901,8596391,Jay Clarke,Clarke v Ma Simoes,30,2023-12-31 12:36:36.631,1.06,2023-12-31 14:45:00,2023-12-31 12:28:40.672
1.223067901,8596391,Jay Clarke,Clarke v Ma Simoes,40,2023-12-31 12:39:36.451,1.14,2023-12-31 14:45:00,2023-12-31 12:28:40.672
1.223067901,8596391,Jay Clarke,Clarke v Ma Simoes,50,2023-12-31 12:44:28.609,1.05,2023-12-31 14:45:00,2023-12-31 12:28:40.672
1.223067901,8596391,Jay Clarke,Clarke v Ma Simoes,60,2023-12-31 12:47:28.850,1.13,2023-12-31 14:45:00,2023-12-31 12:28:40.672
1.223067901,8596391,Jay Clarke,Clarke v Ma Simoes,70,2023-12-31 12:51:32.701,1.13,2023-12-31 15:00:00,2023-12-31 12:28:40.672
1.223067901,8596391,Jay Clarke,Clarke v Ma Simoes,80,2023-12-31 12:55:37.339,1.07,2023-12-31 15:00:00,2023-12-31 12:28:40.672
1.223067901,8596391,Jay Clarke,Clarke v Ma Simoes,90,2023-12-31 13:08:22.985,1.02,2023-12-31 15:15:00,2023-12-31 12:28:40.672
1.223067901,8596391,Jay Clarke,Clarke v Ma Simoes,100,2023-12-31 13:16:35.113,1.01,2023-12-31 15:15:00,2023-12-31 12:28:40.672
1.223067901,35635731,Martim Simoes,Clarke v Ma Simoes,0,2023-12-31 12:34:37.440,15.0,2023-12-31 14:45:00,2023-12-31 12:28:40.672
1.223067901,35635731,Martim Simoes,Clarke v Ma Simoes,10,2023-12-31 12:35:34.969,11.0,2023-12-31 14:45:00,2023-12-31 12:28:40.672
1.223067901,35635731,Martim Simoes,Clarke v Ma Simoes,20,2023-12-31 12:36:36.631,6.4,2023-12-31 14:45:00,2023-12-31 12:28:40.672
1.223067901,35635731,Martim Simoes,Clarke v Ma Simoes,30,2023-12-31 12:37:34.754,5.3,2023-12-31 14:45:00,2023-12-31 12:28:40.672
1.223067901,35635731,Martim Simoes,Clarke v Ma Simoes,40,2023-12-31 12:43:29.816,8.6,2023-12-31 14:45:00,2023-12-31 12:28:40.672
1.223067901,35635731,Martim Simoes,Clarke v Ma Simoes,50,2023-12-31 12:44:28.609,17.5,2023-12-31 14:45:00,2023-12-31 12:28:40.672
1.223067901,35635731,Martim Simoes,Clarke v Ma Simoes,60,2023-12-31 12:47:28.850,8.6,2023-12-31 14:45:00,2023-12-31 12:28:40.672
1.223067901,35635731,Martim Simoes,Clarke v Ma Simoes,70,2023-12-31 12:52:33.195,8.0,2023-12-31 15:00:00,2023-12-31 12:28:40.672
1.223067901,35635731,Martim Simoes,Clarke v Ma Simoes,80,2023-12-31 12:55:37.339,15.0,2023-12-31 15:00:00,2023-12-31 12:28:40.672
1.223067901,35635731,Martim Simoes,Clarke v Ma Simoes,90,2023-12-31 13:07:27.121,50.0,2023-12-31 15:15:00,2023-12-31 12:28:40.672
1.223067901,35635731,Martim Simoes,Clarke v Ma Simoes,100,2023-12-31 13:47:33.295,1000.0,2023-12-31 15:45:00,2023-12-31 12:28:40.672
1.223067909,11260413,Alastair Gray,A Gray v Matusevich,0,2023-12-31 07:56:31.100,1.98,2023-12-31 11:00:00,
1.223067909,11260413,Alastair Gray,A Gray v Matusevich,10,2023-12-31 08:50:23.638,1.7,2023-12-31 11:00:00,
1.223067909,11260413,Alastair Gray,A Gray v Matusevich,20,2023-12-31 09:30:27.224,1.78,2023-12-31 11:00:00,
1.223067909,11260413,Alastair Gray,A Gray v Matusevich,30,2023-12-31 10:59:52.801,1.78,2023-12-31 11:00:00,
1.223067909,11260413,Alastair Gray,A Gray v Matusevich,40,2023-12-31 11:24:28.736,1.72,2023-12-31 11:30:00,2023-12-31 11:05:19.342
1.223067909,11260413,Alastair Gray,A Gray v Matusevich,50,2023-12-31 11:38:25.214,1.89,2023-12-31 11:45:00,2023-12-31 11:05:19.342
1.223067909,11260413,Alastair Gray,A Gray v Matusevich,60,2023-12-31 11:56:25.412,1.27,2023-12-31 12:00:00,2023-12-31 11:05:19.342
1.223067909,11260413,Alastair Gray,A Gray v Matusevich,70,2023-12-31 12:19:31.393,1.21,2023-12-31 12:30:00,2023-12-31 11:05:19.342
1.223067909,11260413,Alastair Gray,A Gray v Matusevich,80,2023-12-31 12:29:31.948,2.3,2023-12-31 12:30:00,2023-12-31 11:05:19.342
1.223067909,11260413,Alastair Gray,A Gray v Matusevich,90,2023-12-31 12:42:21.535,2.34,2023-12-31 12:45:00,2023-12-31 11:05:19.342
1.223067909,11260413,Alastair Gray,A Gray v Matusevich,100,2023-12-31 12:57:23.676,1.01,2023-12-31 13:00:00,2023-12-31 11:05:19.342
1.223067909,15388388,Anton Matusevich,A Gray v Matusevich,0,2023-12-31 07:56:31.100,2.26,2023-12-31 11:00:00,
1.223067909,15388388,Anton Matusevich,A Gray v Matusevich,10,2023-12-31 08:48:29.411,2.26,2023-12-31 11:00:00,
1.223067909,15388388,Anton Matusevich,A Gray v Matusevich,20,2023-12-31 09:28:24.582,2.54,2023-12-31 11:00:00,
1.223067909,15388388,Anton Matusevich,A Gray v Matusevich,30,2023-12-31 10:59:31.603,2.36,2023-12-31 11:00:00,
1.223067909,15388388,Anton Matusevich,A Gray v Matusevich,40,2023-12-31 11:27:29.912,2.24,2023-12-31 11:30:00,2023-12-31 11:05:19.342
1.223067909,15388388,Anton Matusevich,A Gray v Matusevich,50,2023-12-31 11:42:32.245,2.16,2023-12-31 11:45:00,2023-12-31 11:05:19.342
1.223067909,15388388,Anton Matusevich,A Gray v Matusevich,60,2023-12-31 11:56:25.412,4.5,2023-12-31 12:00:00,2023-12-31 11:05:19.342
1.223067909,15388388,Anton Matusevich,A Gray v Matusevich,70,2023-12-31 12:20:23.057,3.85,2023-12-31 12:30:00,2023-12-31 11:05:19.342
1.223067909,15388388,Anton Matusevich,A Gray v Matusevich,80,2023-12-31 12:33:31.589,1.65,2023-12-31 12:45:00,2023-12-31 11:05:19.342
1.223067909,15388388,Anton Matusevich,A Gray v Matusevich,90,2023-12-31 12:41:31.906,1.76,2023-12-31 12:45:00,2023-12-31 11:05:19.342
1.223067909,15388388,Anton Matusevich,A Gray v Matusevich,100,2023-12-31 12:56:31.123,34.0,2023-12-31 13:00:00,2023-12-31 11:05:19.342
1.223067916,5617034,Kenny De Schepper,Pe Araujo v De Schepper,0,2023-12-31 13:34:09.615,1.57,2023-12-31 19:45:00,
1.223067916,5617034,Kenny De Schepper,Pe Araujo v De Schepper,10,2023-12-31 17:30:00.477,1.4,2023-12-31 19:36:00,
1.223067916,5617034,Kenny De Schepper,Pe Araujo v De Schepper,20,2023-12-31 17:41:28.144,1.59,2023-12-31 19:51:00,
1.223067916,5617034,Kenny De Schepper,Pe Araujo v De Schepper,30,2023-12-31 17:52:32.473,1.4,2023-12-31 19:51:00,2023-12-31 17:45:23.005
1.223067916,5617034,Kenny De Schepper,Pe Araujo v De Schepper,40,2023-12-31 18:00:34.564,1.31,2023-12-31 20:06:00,2023-12-31 17:45:23.005
1.223067916,5617034,Kenny De Schepper,Pe Araujo v De Schepper,50,2023-12-31 18:12:36.036,1.54,2023-12-31 20:21:00,2023-12-31 17:45:23.005
1.223067916,5617034,Kenny De Schepper,Pe Araujo v De Schepper,60,2023-12-31 18:24:33.603,1.33,2023-12-31 20:36:00,2023-12-31 17:45:23.005
1.223067916,5617034,Kenny De Schepper,Pe Araujo v De Schepper,70,2023-12-31 18:38:30.112,1.25,2023-12-31 20:51:00,2023-12-31 17:45:23.005
1.223067916,5617034,Kenny De Schepper,Pe Araujo v De Schepper,80,2023-12-31 18:51:31.222,1.16,2023-12-31 20:51:00,2023-12-31 17:45:23.005
1.223067916,5617034,Kenny De Schepper,Pe Araujo v De Schepper,90,2023-12-31 19:03:34.931,1.01,2023-12-31 21:06:00,2023-12-31 17:45:23.005
1.223067916,5617034,Kenny De Schepper,Pe Araujo v De Schepper,100,2023-12-31 19:20:36.363,1.03,2023-12-31 21:21:00,2023-12-31 17:45:23.005
1.223067916,19728204,Pedro Araujo,Pe Araujo v De Schepper,0,2023-12-31 12:32:20.820,2.8,2023-12-31 18:30:00,
1.223067916,19728204,Pedro Araujo,Pe Araujo v De Schepper,10,2023-12-31 17:20:28.324,2.8,2023-12-31 19:21:00,
1.223067916,19728204,Pedro Araujo,Pe Araujo v De Schepper,20,2023-12-31 17:39:29.927,2.42,2023-12-31 19:51:00,
1.223067916,19728204,Pedro Araujo,Pe Araujo v De Schepper,30,2023-12-31 17:57:34.149,4.5,2023-12-31 20:06:00,2023-12-31 17:45:23.005
1.223067916,19728204,Pedro Araujo,Pe Araujo v De Schepper,40,2023-12-31 18:02:35.520,3.0,2023-12-31 18:06:00,2023-12-31 17:45:23.005
1.223067916,19728204,Pedro Araujo,Pe Araujo v De Schepper,50,2023-12-31 18:13:33.110,2.82,2023-12-31 20:21:00,2023-12-31 17:45:23.005
1.223067916,19728204,Pedro Araujo,Pe Araujo v De Schepper,60,2023-12-31 18:21:35.014,3.9,2023-12-31 20:21:00,2023-12-31 17:45:23.005
1.223067916,19728204,Pedro Araujo,Pe Araujo v De Schepper,70,2023-12-31 18:42:35.967,3.65,2023-12-31 20:51:00,2023-12-31 17:45:23.005
1.223067916,19728204,Pedro Araujo,Pe Araujo v De Schepper,80,2023-12-31 18:53:34.229,5.0,2023-12-31 21:06:00,2023-12-31 17:45:23.005
1.223067916,19728204,Pedro Araujo,Pe Araujo v De Schepper,90,2023-12-31 19:01:35.318,26.0,2023-12-31 21:06:00,2023-12-31 17:45:23.005
1.223067916,19728204,Pedro Araujo,Pe Araujo v De Schepper,100,2023-12-31 19:23:11.793,1000.0,2023-12-31 21:36:00,2023-12-31 17:45:23.005
1.223068048,25337482,Samuel Vincent Ruggeri,Vincent Ruggeri v Ro Fernandes,0,2023-12-31 11:38:09.482,1.33,2023-12-31 15:45:00,
1.223068048,25337482,Samuel Vincent Ruggeri,Vincent Ruggeri v Ro Fernandes,10,2023-12-31 11:45:03.150,1.1,2023-12-31 15:45:00,
1.223068048,25337482,Samuel Vincent Ruggeri,Vincent Ruggeri v Ro Fernandes,20,2023-12-31 12:39:39.391,1.14,2023-12-31 16:45:00,
1.223068048,25337482,Samuel Vincent Ruggeri,Vincent Ruggeri v Ro Fernandes,30,2023-12-31 14:20:21.475,1.14,2023-12-31 18:30:00,
1.223068048,25337482,Samuel Vincent Ruggeri,Vincent Ruggeri v Ro Fernandes,40,2023-12-31 16:26:45.133,1.09,2023-12-31 16:36:00,2023-12-31 16:22:45.000
1.223068048,25337482,Samuel Vincent Ruggeri,Vincent Ruggeri v Ro Fernandes,50,2023-12-31 16:34:23.028,1.07,2023-12-31 16:36:00,2023-12-31 16:22:45.000
1.223068048,25337482,Samuel Vincent Ruggeri,Vincent Ruggeri v Ro Fernandes,60,2023-12-31 16:44:40.777,1.11,2023-12-31 16:51:00,2023-12-31 16:22:45.000
1.223068048,25337482,Samuel Vincent Ruggeri,Vincent Ruggeri v Ro Fernandes,70,2023-12-31 16:53:42.312,1.1,2023-12-31 17:06:00,2023-12-31 16:22:45.000
1.223068048,25337482,Samuel Vincent Ruggeri,Vincent Ruggeri v Ro Fernandes,80,2023-12-31 16:58:44.756,1.06,2023-12-31 17:06:00,2023-12-31 16:22:45.000
1.223068048,25337482,Samuel Vincent Ruggeri,Vincent Ruggeri v Ro Fernandes,90,2023-12-31 17:05:37.872,1.04,2023-12-31 17:06:00,2023-12-31 16:22:45.000
1.223068048,25337482,Samuel Vincent Ruggeri,Vincent Ruggeri v Ro Fernandes,100,2023-12-31 17:14:44.510,1.01,2023-12-31 17:21:00,2023-12-31 16:22:45.000
1.223068048,53128062,Rodrigo Fernandes,Vincent Ruggeri v Ro Fernandes,0,2023-12-31 11:38:09.482,4.0,2023-12-31 15:45:00,
1.223068048,53128062,Rodrigo Fernandes,Vincent Ruggeri v Ro Fernandes,10,2023-12-31 11:42:43.697,7.0,2023-12-31 15:45:00,
1.223068048,53128062,Rodrigo Fernandes,Vincent Ruggeri v Ro Fernandes,20,2023-12-31 12:01:41.074,4.1,2023-12-31 16:00:00,
1.223068048,53128062,Rodrigo Fernandes,Vincent Ruggeri v Ro Fernandes,30,2023-12-31 16:04:15.010,9.2,2023-12-31 18:06:00,
1.223068048,53128062,Rodrigo Fernandes,Vincent Ruggeri v Ro Fernandes,40,2023-12-31 16:26:45.133,12.0,2023-12-31 16:36:00,2023-12-31 16:22:45.000
1.223068048,53128062,Rodrigo Fernandes,Vincent Ruggeri v Ro Fernandes,50,2023-12-31 16:31:46.117,8.0,2023-12-31 16:36:00,2023-12-31 16:22:45.000
1.223068048,53128062,Rodrigo Fernandes,Vincent Ruggeri v Ro Fernandes,60,2023-12-31 16:38:39.817,7.6,2023-12-31 16:51:00,2023-12-31 16:22:45.000
1.223068048,53128062,Rodrigo Fernandes,Vincent Ruggeri v Ro Fernandes,70,2023-12-31 16:45:32.773,10.0,2023-12-31 16:51:00,2023-12-31 16:22:45.000
1.223068048,53128062,Rodrigo Fernandes,Vincent Ruggeri v Ro Fernandes,80,2023-12-31 16:48:34.216,8.0,2023-12-31 16:51:00,2023-12-31 16:22:45.000
1.223068048,53128062,Rodrigo Fernandes,Vincent Ruggeri v Ro Fernandes,90,2023-12-31 16:58:44.756,17.5,2023-12-31 17:06:00,2023-12-31 16:22:45.000
1.223068048,53128062,Rodrigo Fernandes,Vincent Ruggeri v Ro Fernandes,100,2023-12-31 17:14:44.510,100.0,2023-12-31 17:21:00,2023-12-31 16:22:45.000
1.223068171,12154100,Daniil Glinka,Glinka v Ca Kingsley,0,2023-12-31 08:19:50.941,2.52,2023-12-31 11:00:00,
1.223068171,12154100,Daniil Glinka,Glinka v Ca Kingsley,10,2023-12-31 09:04:47.198,2.7,2023-12-31 11:00:00,
1.223068171,12154100,Daniil Glinka,Glinka v Ca Kingsley,20,2023-12-31 11:26:51.658,1.58,2023-12-31 11:30:00,2023-12-31 11:05:22.346
1.223068171,12154100,Daniil Glinka,Glinka v Ca Kingsley,30,2023-12-31 11:51:52.634,1.33,2023-12-31 12:00:00,2023-12-31 11:05:22.346
1.223068171,12154100,Daniil Glinka,Glinka v Ca Kingsley,40,2023-12-31 12:06:54.204,1.53,2023-12-31 12:15:00,2023-12-31 11:05:22.346
1.223068171,12154100,Daniil Glinka,Glinka v Ca Kingsley,50,2023-12-31 12:21:51.370,1.26,2023-12-31 12:30:00,2023-12-31 11:05:22.346
1.223068171,12154100,Daniil Glinka,Glinka v Ca Kingsley,60,2023-12-31 12:37:54.584,2.62,2023-12-31 12:45:00,2023-12-31 11:05:22.346
1.223068171,12154100,Daniil Glinka,Glinka v Ca Kingsley,70,2023-12-31 12:54:54.436,2.6,2023-12-31 13:00:00,2023-12-31 11:05:22.346
1.223068171,12154100,Daniil Glinka,Glinka v Ca Kingsley,80,2023-12-31 13:10:52.436,4.3,2023-12-31 13:15:00,2023-12-31 11:05:22.346
1.223068171,12154100,Daniil Glinka,Glinka v Ca Kingsley,90,2023-12-31 13:26:52.297,7.6,2023-12-31 13:30:00,2023-12-31 11:05:22.346
1.223068171,12154100,Daniil Glinka,Glinka v Ca Kingsley,100,2023-12-31 13:43:54.588,1.01,2023-12-31 13:45:00,2023-12-31 11:05:22.346
1.223068171,17806082,Cannon Kingsley,Glinka v Ca Kingsley,0,2023-12-31 08:19:50.941,1.66,2023-12-31 11:00:00,
1.223068171,17806082,Cannon Kingsley,Glinka v Ca Kingsley,10,2023-12-31 08:43:53.558,1.51,2023-12-31 11:00:00,
1.223068171,17806082,Cannon Kingsley,Glinka v Ca Kingsley,20,2023-12-31 11:09:50.958,1.35,2023-12-31 11:15:00,2023-12-31 11:05:22.346
1.223068171,17806082,Cannon Kingsley,Glinka v Ca Kingsley,30,2023-12-31 11:38:53.960,2.78,2023-12-31 11:45:00,2023-12-31 11:05:22.346
1.223068171,17806082,Cannon Kingsley,Glinka v Ca Kingsley,40,2023-12-31 12:04:48.807,2.58,2023-12-31 12:15:00,2023-12-31 11:05:22.346
1.223068171,17806082,Cannon Kingsley,Glinka v Ca Kingsley,50,2023-12-31 12:29:54.493,1.58,2023-12-31 12:30:00,2023-12-31 11:05:22.346
1.223068171,17806082,Cannon Kingsley,Glinka v Ca Kingsley,60,2023-12-31 12:44:53.573,1.69,2023-12-31 12:45:00,2023-12-31 11:05:22.346
1.223068171,17806082,Cannon Kingsley,Glinka v Ca Kingsley,70,2023-12-31 12:58:54.056,1.5,2023-12-31 13:00:00,2023-12-31 11:05:22.346
1.223068171,17806082,Cannon Kingsley,Glinka v Ca Kingsley,80,2023-12-31 13:13:52.952,1.28,2023-12-31 13:15:00,2023-12-31 11:05:22.346
1.223068171,17806082,Cannon Kingsley,Glinka v Ca Kingsley,90,2023-12-31 13:27:54.471,1.1,2023-12-31 13:30:00,2023-12-31 11:05:22.346
1.223068171,17806082,Cannon Kingsley,Glinka v Ca Kingsley,100,2023-12-31 13:44:36.602,1000.0,2023-12-31 13:45:00,2023-12-31 11:05:22.346
1.223068179,7412767,Elmar Ejupovic,Ejupovic v P Vives Marcos,0,2023-12-31 09:09:38.878,1.96,2023-12-31 17:00:00,
1.223068179,7412767,Elmar Ejupovic,Ejupovic v P Vives Marcos,10,2023-12-31 14:12:51.168,2.18,2023-12-31 20:15:00,
1.223068179,7412767,Elmar Ejupovic,Ejupovic v P Vives Marcos,20,2023-12-31 17:20:44.913,1.8,2023-12-31 19:21:00,2023-12-31 17:07:46.438
1.223068179,7412767,Elmar Ejupovic,Ejupovic v P Vives Marcos,30,2023-12-31 17:31:53.444,1.38,2023-12-31 19:36:00,2023-12-31 17:07:46.438
1.223068179,7412767,Elmar Ejupovic,Ejupovic v P Vives Marcos,40,2023-12-31 17:42:54.435,2.4,2023-12-31 19:51:00,2023-12-31 17:07:46.438
1.223068179,7412767,Elmar Ejupovic,Ejupovic v P Vives Marcos,50,2023-12-31 17:58:53.468,4.5,2023-12-31 20:06:00,2023-12-31 17:07:46.438
1.223068179,7412767,Elmar Ejupovic,Ejupovic v P Vives Marcos,60,2023-12-31 18:17:53.991,5.1,2023-12-31 20:21:00,2023-12-31 17:07:46.438
1.223068179,7412767,Elmar Ejupovic,Ejupovic v P Vives Marcos,70,2023-12-31 18:32:51.877,5.0,2023-12-31 20:36:00,2023-12-31 17:07:46.438
1.223068179,7412767,Elmar Ejupovic,Ejupovic v P Vives Marcos,80,2023-12-31 18:47:44.684,2.3,2023-12-31 20:51:00,2023-12-31 17:07:46.438
1.223068179,7412767,Elmar Ejupovic,Ejupovic v P Vives Marcos,90,2023-12-31 18:59:54.381,2.08,2023-12-31 21:06:00,2023-12-31 17:07:46.438
1.223068179,7412767,Elmar Ejupovic,Ejupovic v P Vives Marcos,100,2023-12-31 19:15:54.042,50.0,2023-12-31 21:21:00,2023-12-31 17:07:46.438
1.223068179,10853210,Pedro Vives Marcos,Ejupovic v P Vives Marcos,0,2023-12-31 09:09:38.878,2.04,2023-12-31 17:00:00,
1.223068179,10853210,Pedro Vives Marcos,Ejupovic v P Vives Marcos,10,2023-12-31 17:14:51.118,2.0,2023-12-31 19:21:00,2023-12-31 17:07:46.438
1.223068179,10853210,Pedro Vives Marcos,Ejupovic v P Vives Marcos,20,2023-12-31 17:32:52.911,3.2,2023-12-31 19:36:00,2023-12-31 17:07:46.438
1.223068179,10853210,Pedro Vives Marcos,Ejupovic v P Vives Marcos,30,2023-12-31 17:43:50.704,1.71,2023-12-31 19:51:00,2023-12-31 17:07:46.438
1.223068179,10853210,Pedro Vives Marcos,Ejupovic v P Vives Marcos,40,2023-12-31 17:58:53.468,1.28,2023-12-31 20:06:00,2023-12-31 17:07:46.438
1.223068179,10853210,Pedro Vives Marcos,Ejupovic v P Vives Marcos,50,2023-12-31 18:16:54.129,1.23,2023-12-31 20:21:00,2023-12-31 17:07:46.438
1.223068179,10853210,Pedro Vives Marcos,Ejupovic v P Vives Marcos,60,2023-12-31 18:29:52.889,1.36,2023-12-31 20:36:00,2023-12-31 17:07:46.438
1.223068179,10853210,Pedro Vives Marcos,Ejupovic v P Vives Marcos,70,2023-12-31 18:43:53.910,1.5,2023-12-31 20:51:00,2023-12-31 17:07:46.438
1.223068179,10853210,Pedro Vives Marcos,Ejupovic v P Vives Marcos,80,2023-12-31 18:55:54.128,1.54,2023-12-31 21:06:00,2023-12-31 17:07:46.438
1.223068179,10853210,Pedro Vives Marcos,Ejupovic v P Vives Marcos,90,2023-12-31 19:06:53.423,1.75,2023-12-31 21:06:00,2023-12-31 17:07:46.438
1.223068179,10853210,Pedro Vives Marcos,Ejupovic v P Vives Marcos,100,2023-12-31 19:19:54.560,1.02,2023-12-31 19:20:00,2023-12-31 17:07:46.438
1.223068293,11144234,Federico Iannaccone,Iannaccone v Nijboer,0,2023-12-31 11:21:56.994,2.18,2023-12-31 15:30:00,
1.223068293,11144234,Federico Iannaccone,Iannaccone v Nijboer,10,2023-12-31 14:43:43.917,3.25,2023-12-31 18:45:00,2023-12-31 14:32:49.683
1.223068293,11144234,Federico Iannaccone,Iannaccone v Nijboer,20,2023-12-31 15:38:50.972,3.0,2023-12-31 19:45:00,2023-12-31 14:32:49.683
1.223068293,11144234,Federico Iannaccone,Iannaccone v Nijboer,30,2023-12-31 15:49:28.590,3.0,2023-12-31 15:51:00,2023-12-31 14:32:49.683
1.223068293,11144234,Federico Iannaccone,Iannaccone v Nijboer,40,2023-12-31 16:01:46.377,3.0,2023-12-31 16:06:00,2023-12-31 14:32:49.683
1.223068293,11144234,Federico Iannaccone,Iannaccone v Nijboer,50,2023-12-31 16:12:59.091,1.9,2023-12-31 16:21:00,2023-12-31 14:32:49.683
1.223068293,11144234,Federico Iannaccone,Iannaccone v Nijboer,60,2023-12-31 16:24:58.975,2.52,2023-12-31 16:36:00,2023-12-31 14:32:49.683
1.223068293,11144234,Federico Iannaccone,Iannaccone v Nijboer,70,2023-12-31 16:31:59.419,1.67,2023-12-31 16:36:00,2023-12-31 14:32:49.683
1.223068293,11144234,Federico Iannaccone,Iannaccone v Nijboer,80,2023-12-31 16:41:59.207,2.42,2023-12-31 16:51:00,2023-12-31 14:32:49.683
1.223068293,11144234,Federico Iannaccone,Iannaccone v Nijboer,90,2023-12-31 16:50:54.710,1.99,2023-12-31 16:51:00,2023-12-31 14:32:49.683
1.223068293,11144234,Federico Iannaccone,Iannaccone v Nijboer,100,2023-12-31 17:00:59.084,1.01,2023-12-31 17:06:00,2023-12-31 14:32:49.683
1.223068293,15842638,Ryan Nijboer,Iannaccone v Nijboer,0,2023-12-31 11:20:57.659,2.1,2023-12-31 15:30:00,
1.223068293,15842638,Ryan Nijboer,Iannaccone v Nijboer,10,2023-12-31 13:59:55.536,2.0,2023-12-31 18:00:00,
1.223068293,15842638,Ryan Nijboer,Iannaccone v Nijboer,20,2023-12-31 15:01:59.475,1.22,2023-12-31 19:00:00,2023-12-31 14:32:49.683
1.223068293,15842638,Ryan Nijboer,Iannaccone v Nijboer,30,2023-12-31 15:21:59.293,1.4,2023-12-31 19:30:00,2023-12-31 14:32:49.683
1.223068293,15842638,Ryan Nijboer,Iannaccone v Nijboer,40,2023-12-31 15:40:44.149,1.22,2023-12-31 19:45:00,2023-12-31 14:32:49.683
1.223068293,15842638,Ryan Nijboer,Iannaccone v Nijboer,50,2023-12-31 15:56:50.956,1.49,2023-12-31 16:06:00,2023-12-31 14:32:49.683
1.223068293,15842638,Ryan Nijboer,Iannaccone v Nijboer,60,2023-12-31 16:11:57.763,2.1,2023-12-31 16:21:00,2023-12-31 14:32:49.683
1.223068293,15842638,Ryan Nijboer,Iannaccone v Nijboer,70,2023-12-31 16:25:59.403,1.52,2023-12-31 16:36:00,2023-12-31 14:32:49.683
1.223068293,15842638,Ryan Nijboer,Iannaccone v Nijboer,80,2023-12-31 16:35:58.728,2.74,2023-12-31 16:36:00,2023-12-31 14:32:49.683
1.223068293,15842638,Ryan Nijboer,Iannaccone v Nijboer,90,2023-12-31 16:48:57.998,2.3,2023-12-31 16:51:00,2023-12-31 14:32:49.683
1.223068293,15842638,Ryan Nijboer,Iannaccone v Nijboer,100,2023-12-31 17:00:59.084,100.0,2023-12-31 17:06:00,2023-12-31 14:32:49.683
1.223068424,7593248,Noah Rubin,Lu Gerch v Rubin,0,2023-12-31 05:33:15.859,2.8,2023-12-31 13:00:00,
1.223068424,7593248,Noah Rubin,Lu Gerch v Rubin,10,2023-12-31 10:29:59.484,3.4,2023-12-31 13:00:00,
1.223068424,7593248,Noah Rubin,Lu Gerch v Rubin,20,2023-12-31 10:58:02.896,2.9,2023-12-31 13:00:00,
1.223068424,7593248,Noah Rubin,Lu Gerch v Rubin,30,2023-12-31 11:52:07.068,2.56,2023-12-31 14:00:00,
1.223068424,7593248,Noah Rubin,Lu Gerch v Rubin,40,2023-12-31 13:17:01.806,2.0,2023-12-31 15:15:00,2023-12-31 13:09:25.154
1.223068424,7593248,Noah Rubin,Lu Gerch v Rubin,50,2023-12-31 13:32:03.382,1.86,2023-12-31 15:30:00,2023-12-31 13:09:25.154
1.223068424,7593248,Noah Rubin,Lu Gerch v Rubin,60,2023-12-31 13:39:06.192,1.97,2023-12-31 15:45:00,2023-12-31 13:09:25.154
1.223068424,7593248,Noah Rubin,Lu Gerch v Rubin,70,2023-12-31 13:48:07.491,1.46,2023-12-31 16:00:00,2023-12-31 13:09:25.154
1.223068424,7593248,Noah Rubin,Lu Gerch v Rubin,80,2023-12-31 13:57:07.478,1.26,2023-12-31 16:00:00,2023-12-31 13:09:25.154
1.223068424,7593248,Noah Rubin,Lu Gerch v Rubin,90,2023-12-31 14:07:07.332,1.06,2023-12-31 16:15:00,2023-12-31 13:09:25.154
1.223068424,7593248,Noah Rubin,Lu Gerch v Rubin,100,2023-12-31 14:15:55.656,1.01,2023-12-31 16:15:00,2023-12-31 13:09:25.154
1.223068424,9628967,Lucas Gerch,Lu Gerch v Rubin,0,2023-12-31 09:04:06.193,1.66,2023-12-31 13:00:00,
1.223068424,9628967,Lucas Gerch,Lu Gerch v Rubin,10,2023-12-31 10:16:00.065,1.51,2023-12-31 13:00:00,
1.223068424,9628967,Lucas Gerch,Lu Gerch v Rubin,20,2023-12-31 10:45:57.418,1.42,2023-12-31 13:00:00,
1.223068424,9628967,Lucas Gerch,Lu Gerch v Rubin,30,2023-12-31 11:26:54.484,1.58,2023-12-31 13:30:00,
1.223068424,9628967,Lucas Gerch,Lu Gerch v Rubin,40,2023-12-31 13:00:34.412,1.42,2023-12-31 15:00:00,
1.223068424,9628967,Lucas Gerch,Lu Gerch v Rubin,50,2023-12-31 13:17:01.806,2.0,2023-12-31 15:15:00,2023-12-31 13:09:25.154
1.223068424,9628967,Lucas Gerch,Lu Gerch v Rubin,60,2023-12-31 13:30:07.519,1.78,2023-12-31 15:30:00,2023-12-31 13:09:25.154
1.223068424,9628967,Lucas Gerch,Lu Gerch v Rubin,70,2023-12-31 13:43:07.604,2.0,2023-12-31 15:45:00,2023-12-31 13:09:25.154
1.223068424,9628967,Lucas Gerch,Lu Gerch v Rubin,80,2023-12-31 13:54:07.236,2.8,2023-12-31 16:00:00,2023-12-31 13:09:25.154
1.223068424,9628967,Lucas Gerch,Lu Gerch v Rubin,90,2023-12-31 14:03:06.969,9.2,2023-12-31 16:15:00,2023-12-31 13:09:25.154
1.223068424,9628967,Lucas Gerch,Lu Gerch v Rubin,100,2023-12-31 14:15:55.656,1000.0,2023-12-31 16:15:00,2023-12-31 13:09:25.154
1.223068439,8490625,Vadym Ursu,D Marques v Ursu,0,2023-12-31 08:46:59.007,1.28,2023-12-31 13:00:00,
1.223068439,8490625,Vadym Ursu,D Marques v Ursu,10,2023-12-31 14:02:12.221,1.27,2023-12-31 16:00:00,2023-12-31 13:54:52.902
1.223068439,8490625,Vadym Ursu,D Marques v Ursu,20,2023-12-31 14:24:11.683,1.15,2023-12-31 16:30:00,2023-12-31 13:54:52.902
1.223068439,8490625,Vadym Ursu,D Marques v Ursu,30,2023-12-31 14:38:12.147,1.35,2023-12-31 16:45:00,2023-12-31 13:54:52.902
1.223068439,8490625,Vadym Ursu,D Marques v Ursu,40,2023-12-31 14:52:50.274,1.5,2023-12-31 17:00:00,2023-12-31 13:54:52.902
1.223068439,8490625,Vadym Ursu,D Marques v Ursu,50,2023-12-31 15:06:10.125,1.6,2023-12-31 17:15:00,2023-12-31 13:54:52.902
1.223068439,8490625,Vadym Ursu,D Marques v Ursu,60,2023-12-31 15:16:01.599,1.36,2023-12-31 17:15:00,2023-12-31 13:54:52.902
1.223068439,8490625,Vadym Ursu,D Marques v Ursu,70,2023-12-31 15:30:12.266,1.38,2023-12-31 17:30:00,2023-12-31 13:54:52.902
1.223068439,8490625,Vadym Ursu,D Marques v Ursu,80,2023-12-31 15:43:11.824,1.18,2023-12-31 17:45:00,2023-12-31 13:54:52.902
1.223068439,8490625,Vadym Ursu,D Marques v Ursu,90,2023-12-31 15:55:12.157,1.71,2023-12-31 16:06:00,2023-12-31 13:54:52.902
1.223068439,8490625,Vadym Ursu,D Marques v Ursu,100,2023-12-31 16:05:10.588,1.01,2023-12-31 16:06:00,2023-12-31 13:54:52.902
1.223068439,11285533,Diogo Marques,D Marques v Ursu,0,2023-12-31 08:46:59.007,4.6,2023-12-31 13:00:00,
1.223068439,11285533,Diogo Marques,D Marques v Ursu,10,2023-12-31 14:02:12.221,4.7,2023-12-31 16:00:00,2023-12-31 13:54:52.902
1.223068439,11285533,Diogo Marques,D Marques v Ursu,20,2023-12-31 14:23:07.716,3.2,2023-12-31 16:30:00,2023-12-31 13:54:52.902
1.223068439,11285533,Diogo Marques,D Marques v Ursu,30,2023-12-31 14:37:11.418,5.0,2023-12-31 16:45:00,2023-12-31 13:54:52.902
1.223068439,11285533,Diogo Marques,D Marques v Ursu,40,2023-12-31 14:50:10.984,2.28,2023-12-31 17:00:00,2023-12-31 13:54:52.902
1.223068439,11285533,Diogo Marques,D Marques v Ursu,50,2023-12-31 15:01:04.218,2.04,2023-12-31 17:00:00,2023-12-31 13:54:52.902
1.223068439,11285533,Diogo Marques,D Marques v Ursu,60,2023-12-31 15:14:12.379,3.8,2023-12-31 17:15:00,2023-12-31 13:54:52.902
1.223068439,11285533,Diogo Marques,D Marques v Ursu,70,2023-12-31 15:34:09.683,2.42,2023-12-31 17:45:00,2023-12-31 13:54:52.902
1.223068439,11285533,Diogo Marques,D Marques v Ursu,80,2023-12-31 15:46:10.103,3.85,2023-12-31 17:45:00,2023-12-31 13:54:52.902
1.223068439,11285533,Diogo Marques,D Marques v Ursu,90,2023-12-31 15:57:11.971,5.0,2023-12-31 16:06:00,2023-12-31 13:54:52.902
1.223068439,11285533,Diogo Marques,D Marques v Ursu,100,2023-12-31 16:05:10.588,50.0,2023-12-31 16:06:00,2023-12-31 13:54:52.902
1.223068552,27405701,Tibo Colson,Colson v Rodenas,0,2023-12-31 07:48:15.341,1.9,2023-12-31 11:00:00,
1.223068552,27405701,Tibo Colson,Colson v Rodenas,10,2023-12-31 08:25:43.048,1.86,2023-12-31 11:00:00,
1.223068552,27405701,Tibo Colson,Colson v Rodenas,20,2023-12-31 08:43:10.029,1.83,2023-12-31 11:00:00,
1.223068552,27405701,Tibo Colson,Colson v Rodenas,30,2023-12-31 10:45:01.268,1.6,2023-12-31 11:00:00,
1.223068552,27405701,Tibo Colson,Colson v Rodenas,40,2023-12-31 11:19:15.459,1.6,2023-12-31 11:30:00,2023-12-31 11:05:41.396
1.223068552,27405701,Tibo Colson,Colson v Rodenas,50,2023-12-31 11:29:15.671,1.52,2023-12-31 11:30:00,2023-12-31 11:05:41.396
1.223068552,27405701,Tibo Colson,Colson v Rodenas,60,2023-12-31 11:38:15.436,3.55,2023-12-31 11:45:00,2023-12-31 11:05:41.396
1.223068552,27405701,Tibo Colson,Colson v Rodenas,70,2023-12-31 11:48:13.372,2.56,2023-12-31 12:00:00,2023-12-31 11:05:41.396
1.223068552,27405701,Tibo Colson,Colson v Rodenas,80,2023-12-31 11:55:16.028,2.54,2023-12-31 12:00:00,2023-12-31 11:05:41.396
1.223068552,27405701,Tibo Colson,Colson v Rodenas,90,2023-12-31 12:05:14.072,10.0,2023-12-31 12:15:00,2023-12-31 11:05:41.396
1.223068552,27405701,Tibo Colson,Colson v Rodenas,100,2023-12-31 12:14:15.202,17.5,2023-12-31 12:15:00,2023-12-31 11:05:41.396
1.223068552,41123514,Pedro Rodenas,Colson v Rodenas,0,2023-12-31 07:49:13.046,2.54,2023-12-31 11:00:00,
1.223068552,41123514,Pedro Rodenas,Colson v Rodenas,10,2023-12-31 08:31:12.144,2.46,2023-12-31 11:00:00,
1.223068552,41123514,Pedro Rodenas,Colson v Rodenas,20,2023-12-31 10:59:01.224,2.88,2023-12-31 11:00:00,
1.223068552,41123514,Pedro Rodenas,Colson v Rodenas,30,2023-12-31 11:28:16.534,2.12,2023-12-31 11:30:00,2023-12-31 11:05:41.396
1.223068552,41123514,Pedro Rodenas,Colson v Rodenas,40,2023-12-31 11:37:13.098,1.6,2023-12-31 11:45:00,2023-12-31 11:05:41.396
1.223068552,41123514,Pedro Rodenas,Colson v Rodenas,50,2023-12-31 11:42:10.855,1.63,2023-12-31 11:45:00,2023-12-31 11:05:41.396
1.223068552,41123514,Pedro Rodenas,Colson v Rodenas,60,2023-12-31 11:50:16.158,2.0,2023-12-31 12:00:00,2023-12-31 11:05:41.396
1.223068552,41123514,Pedro Rodenas,Colson v Rodenas,70,2023-12-31 11:54:14.467,1.96,2023-12-31 12:00:00,2023-12-31 11:05:41.396
1.223068552,41123514,Pedro Rodenas,Colson v Rodenas,80,2023-12-31 12:04:16.591,1.1,2023-12-31 12:15:00,2023-12-31 11:05:41.396
1.223068552,41123514,Pedro Rodenas,Colson v Rodenas,90,2023-12-31 12:08:14.667,1.02,2023-12-31 12:15:00,2023-12-31 11:05:41.396
1.223068552,41123514,Pedro Rodenas,Colson v Rodenas,100,2023-12-31 12:14:15.202,1.06,2023-12-31 12:15:00,2023-12-31 11:05:41.396
